{
  "type": "FeatureCollection",
  "features": [
    {
      "type": "Feature",
      "properties": {
        "name": "Carretera Aigues",
        "source": "carretera-aigues.gpx",
        "pointsCount": 2065
      },
      "geometry": {
        "type": "LineString",
        "coordinates": [
          [
            2.127451,
            41.419139,
            293.876
          ],
          [
            2.127546,
            41.419128,
            296.69
          ],
          [
            2.12761,
            41.419097,
            298.319
          ],
          [
            2.127651,
            41.419044,
            299.008
          ],
          [
            2.12773,
            41.418975,
            299.264
          ],
          [
            2.127773,
            41.41894,
            299.276
          ],
          [
            2.127869,
            41.418888,
            299.05
          ],
          [
            2.127941,
            41.418831,
            298.364
          ],
          [
            2.127966,
            41.418769,
            297.84
          ],
          [
            2.127965,
            41.41871,
            297.452
          ],
          [
            2.127938,
            41.418643,
            296.542
          ],
          [
            2.127896,
            41.418569,
            295.227
          ],
          [
            2.127862,
            41.418498,
            294.443
          ],
          [
            2.127817,
            41.418425,
            293.764
          ],
          [
            2.127801,
            41.418381,
            295.51
          ],
          [
            2.127792,
            41.418287,
            296.208
          ],
          [
            2.127827,
            41.4182,
            296.551
          ],
          [
            2.127868,
            41.418163,
            296.433
          ],
          [
            2.127942,
            41.418112,
            296.427
          ],
          [
            2.128005,
            41.418062,
            295.871
          ],
          [
            2.128071,
            41.418022,
            295.357
          ],
          [
            2.12815,
            41.417987,
            294.529
          ],
          [
            2.128222,
            41.417948,
            294.029
          ],
          [
            2.128304,
            41.417892,
            294.084
          ],
          [
            2.128322,
            41.417802,
            293.842
          ],
          [
            2.128385,
            41.41777,
            294.222
          ],
          [
            2.128456,
            41.417744,
            294.914
          ],
          [
            2.12848,
            41.417701,
            295.308
          ],
          [
            2.12859,
            41.417678,
            295.431
          ],
          [
            2.12865,
            41.417653,
            295.233
          ],
          [
            2.128684,
            41.417613,
            295.297
          ],
          [
            2.128772,
            41.417579,
            294.321
          ],
          [
            2.12885,
            41.417534,
            294.157
          ],
          [
            2.128905,
            41.417481,
            293.589
          ],
          [
            2.128905,
            41.417419,
            294.089
          ],
          [
            2.128879,
            41.417375,
            293.384
          ],
          [
            2.128832,
            41.41729,
            292.296
          ],
          [
            2.128795,
            41.417233,
            291.131
          ],
          [
            2.12873,
            41.417185,
            290.124
          ],
          [
            2.128657,
            41.417181,
            289.508
          ],
          [
            2.128602,
            41.417156,
            289.256
          ],
          [
            2.12858,
            41.417114,
            289.088
          ],
          [
            2.128551,
            41.417072,
            288.992
          ],
          [
            2.128488,
            41.417074,
            285.126
          ],
          [
            2.128428,
            41.417065,
            283.712
          ],
          [
            2.128361,
            41.417035,
            283.124
          ],
          [
            2.128286,
            41.417009,
            282.794
          ],
          [
            2.128198,
            41.416978,
            282.899
          ],
          [
            2.128182,
            41.417034,
            284.575
          ],
          [
            2.128227,
            41.417067,
            285.528
          ],
          [
            2.128191,
            41.417024,
            286.22
          ],
          [
            2.128168,
            41.41698,
            286.208
          ],
          [
            2.128157,
            41.416918,
            282.894
          ],
          [
            2.128133,
            41.416856,
            281.416
          ],
          [
            2.128113,
            41.416784,
            280.91
          ],
          [
            2.128091,
            41.416718,
            281.334
          ],
          [
            2.12801,
            41.416659,
            281.75
          ],
          [
            2.127923,
            41.416627,
            282.312
          ],
          [
            2.127818,
            41.416612,
            282.392
          ],
          [
            2.127708,
            41.416606,
            282.437
          ],
          [
            2.127604,
            41.416606,
            282.921
          ],
          [
            2.127507,
            41.416639,
            283.341
          ],
          [
            2.127385,
            41.416648,
            284.705
          ],
          [
            2.127325,
            41.416642,
            286.308
          ],
          [
            2.127225,
            41.416635,
            287.029
          ],
          [
            2.127126,
            41.416643,
            287.511
          ],
          [
            2.127092,
            41.416694,
            288.275
          ],
          [
            2.127064,
            41.416746,
            289.259
          ],
          [
            2.127019,
            41.416799,
            291.235
          ],
          [
            2.126951,
            41.416828,
            291.287
          ],
          [
            2.126848,
            41.416835,
            291.287
          ],
          [
            2.126782,
            41.416828,
            287.272
          ],
          [
            2.12666,
            41.416813,
            284.356
          ],
          [
            2.126535,
            41.416802,
            283.759
          ],
          [
            2.126471,
            41.416799,
            283.814
          ],
          [
            2.126305,
            41.416771,
            284.808
          ],
          [
            2.126251,
            41.416799,
            286.682
          ],
          [
            2.126173,
            41.416799,
            288.234
          ],
          [
            2.126056,
            41.416661,
            289.378
          ],
          [
            2.126125,
            41.416619,
            289.972
          ],
          [
            2.126312,
            41.416646,
            291.738
          ],
          [
            2.126261,
            41.416519,
            292.96
          ],
          [
            2.126207,
            41.416439,
            294.11
          ],
          [
            2.126172,
            41.416356,
            295.845
          ],
          [
            2.126146,
            41.416264,
            297.673
          ],
          [
            2.126135,
            41.416219,
            298.885
          ],
          [
            2.126133,
            41.416159,
            300.113
          ],
          [
            2.126112,
            41.416076,
            300.908
          ],
          [
            2.12606,
            41.415969,
            301.484
          ],
          [
            2.126021,
            41.415864,
            302.366
          ],
          [
            2.125981,
            41.415823,
            304.49
          ],
          [
            2.125844,
            41.415741,
            306.354
          ],
          [
            2.125725,
            41.415725,
            307.59
          ],
          [
            2.125665,
            41.415725,
            308.262
          ],
          [
            2.125588,
            41.415666,
            308.792
          ],
          [
            2.125484,
            41.415642,
            309.067
          ],
          [
            2.125506,
            41.415597,
            309.127
          ],
          [
            2.1254,
            41.415581,
            309.368
          ],
          [
            2.125327,
            41.415498,
            309.514
          ],
          [
            2.125266,
            41.415421,
            309.808
          ],
          [
            2.125228,
            41.415345,
            310.129
          ],
          [
            2.1252,
            41.415251,
            311.151
          ],
          [
            2.125191,
            41.415203,
            311.715
          ],
          [
            2.125167,
            41.415108,
            312.189
          ],
          [
            2.125132,
            41.415052,
            311.715
          ],
          [
            2.125096,
            41.415,
            312.137
          ],
          [
            2.125071,
            41.414946,
            312.267
          ],
          [
            2.125021,
            41.414867,
            312.542
          ],
          [
            2.124996,
            41.414794,
            312.233
          ],
          [
            2.124976,
            41.414731,
            311.623
          ],
          [
            2.124955,
            41.414661,
            311.215
          ],
          [
            2.124978,
            41.41459,
            311.008
          ],
          [
            2.12501,
            41.414548,
            310.65
          ],
          [
            2.125079,
            41.414451,
            310.882
          ],
          [
            2.125139,
            41.414415,
            311.576
          ],
          [
            2.125196,
            41.414358,
            312.34
          ],
          [
            2.125229,
            41.414307,
            313.226
          ],
          [
            2.12527,
            41.414265,
            313.678
          ],
          [
            2.125349,
            41.414226,
            313.538
          ],
          [
            2.12545,
            41.414186,
            312.763
          ],
          [
            2.125521,
            41.414149,
            311.938
          ],
          [
            2.125509,
            41.414089,
            310.57
          ],
          [
            2.125459,
            41.414033,
            308.917
          ],
          [
            2.125384,
            41.414021,
            307.908
          ],
          [
            2.125296,
            41.414046,
            307.78
          ],
          [
            2.125219,
            41.414076,
            308.062
          ],
          [
            2.125132,
            41.414107,
            308.666
          ],
          [
            2.125046,
            41.414131,
            309.13
          ],
          [
            2.124952,
            41.414137,
            309.176
          ],
          [
            2.124839,
            41.414112,
            308.858
          ],
          [
            2.124771,
            41.414096,
            309.168
          ],
          [
            2.124682,
            41.414078,
            309.123
          ],
          [
            2.124464,
            41.413944,
            309.131
          ],
          [
            2.124274,
            41.413805,
            308.661
          ],
          [
            2.124326,
            41.413866,
            308.207
          ],
          [
            2.124276,
            41.413796,
            307.508
          ],
          [
            2.124184,
            41.413759,
            307.13
          ],
          [
            2.124146,
            41.413724,
            307.032
          ],
          [
            2.124079,
            41.413703,
            306.616
          ],
          [
            2.123986,
            41.413685,
            306.68
          ],
          [
            2.123922,
            41.413693,
            306.696
          ],
          [
            2.123847,
            41.41367,
            306.698
          ],
          [
            2.123785,
            41.413666,
            307.398
          ],
          [
            2.123713,
            41.413677,
            307.433
          ],
          [
            2.123635,
            41.413697,
            307.946
          ],
          [
            2.123543,
            41.413721,
            307.888
          ],
          [
            2.123435,
            41.413749,
            308.216
          ],
          [
            2.123333,
            41.413767,
            307.708
          ],
          [
            2.123261,
            41.413794,
            307.681
          ],
          [
            2.123172,
            41.41381,
            307.693
          ],
          [
            2.123086,
            41.413826,
            308.197
          ],
          [
            2.123015,
            41.413861,
            308.171
          ],
          [
            2.122972,
            41.413903,
            308.347
          ],
          [
            2.122953,
            41.413973,
            308.769
          ],
          [
            2.122958,
            41.414058,
            309.049
          ],
          [
            2.122986,
            41.414143,
            309.464
          ],
          [
            2.123042,
            41.414215,
            310.381
          ],
          [
            2.123076,
            41.414253,
            310.661
          ],
          [
            2.123129,
            41.414323,
            311.217
          ],
          [
            2.123179,
            41.414385,
            311.608
          ],
          [
            2.123225,
            41.414434,
            311.445
          ],
          [
            2.123271,
            41.414506,
            311.767
          ],
          [
            2.123299,
            41.414585,
            311.711
          ],
          [
            2.123335,
            41.414663,
            311.445
          ],
          [
            2.123376,
            41.414761,
            308.331
          ],
          [
            2.123385,
            41.414808,
            306.333
          ],
          [
            2.123386,
            41.414887,
            304.793
          ],
          [
            2.123383,
            41.414965,
            304.328
          ],
          [
            2.123357,
            41.415037,
            305.685
          ],
          [
            2.123314,
            41.415107,
            306.589
          ],
          [
            2.123275,
            41.415172,
            306.917
          ],
          [
            2.123243,
            41.415234,
            307.108
          ],
          [
            2.12323,
            41.415293,
            307.385
          ],
          [
            2.123199,
            41.415351,
            307.347
          ],
          [
            2.123136,
            41.415395,
            307.471
          ],
          [
            2.123067,
            41.415408,
            307.065
          ],
          [
            2.12299,
            41.415397,
            306.571
          ],
          [
            2.12293,
            41.415373,
            306.963
          ],
          [
            2.122863,
            41.415349,
            307.253
          ],
          [
            2.122778,
            41.415314,
            307.798
          ],
          [
            2.12273,
            41.415285,
            308.379
          ],
          [
            2.122646,
            41.415233,
            309.205
          ],
          [
            2.122549,
            41.415176,
            310.225
          ],
          [
            2.122463,
            41.415155,
            310.308
          ],
          [
            2.122394,
            41.415203,
            309.344
          ],
          [
            2.12236,
            41.415279,
            308.976
          ],
          [
            2.122352,
            41.415356,
            308.46
          ],
          [
            2.122357,
            41.415436,
            308.394
          ],
          [
            2.122371,
            41.415521,
            307.75
          ],
          [
            2.122375,
            41.415586,
            307.272
          ],
          [
            2.122366,
            41.415649,
            306.522
          ],
          [
            2.122356,
            41.415712,
            305.927
          ],
          [
            2.122338,
            41.415782,
            305.683
          ],
          [
            2.122288,
            41.415852,
            306.025
          ],
          [
            2.122255,
            41.415891,
            306.617
          ],
          [
            2.122218,
            41.415964,
            306.908
          ],
          [
            2.122208,
            41.416038,
            307.235
          ],
          [
            2.122223,
            41.416107,
            307.437
          ],
          [
            2.122232,
            41.416167,
            308.371
          ],
          [
            2.122229,
            41.416232,
            309.015
          ],
          [
            2.122188,
            41.416294,
            309.631
          ],
          [
            2.12212,
            41.416328,
            309.833
          ],
          [
            2.122033,
            41.416354,
            309.523
          ],
          [
            2.121924,
            41.416377,
            309.748
          ],
          [
            2.121853,
            41.416416,
            309.813
          ],
          [
            2.121806,
            41.416467,
            310.143
          ],
          [
            2.121788,
            41.416526,
            309.307
          ],
          [
            2.121775,
            41.416575,
            308.808
          ],
          [
            2.12177,
            41.416641,
            308.578
          ],
          [
            2.121778,
            41.416711,
            308.97
          ],
          [
            2.121792,
            41.416785,
            309.524
          ],
          [
            2.12179,
            41.416859,
            309.658
          ],
          [
            2.121771,
            41.416925,
            309.884
          ],
          [
            2.121706,
            41.416977,
            310.436
          ],
          [
            2.121623,
            41.416999,
            311.176
          ],
          [
            2.121517,
            41.416994,
            311.251
          ],
          [
            2.121429,
            41.416972,
            311.651
          ],
          [
            2.121391,
            41.416911,
            311.701
          ],
          [
            2.121362,
            41.416811,
            312.311
          ],
          [
            2.121298,
            41.416706,
            312.708
          ],
          [
            2.121229,
            41.416609,
            313.682
          ],
          [
            2.121153,
            41.416516,
            313.934
          ],
          [
            2.121121,
            41.416472,
            313.428
          ],
          [
            2.121095,
            41.416428,
            313.382
          ],
          [
            2.121059,
            41.416339,
            313.558
          ],
          [
            2.121047,
            41.416253,
            313.76
          ],
          [
            2.121037,
            41.416175,
            314.45
          ],
          [
            2.121007,
            41.416105,
            313.955
          ],
          [
            2.120978,
            41.416049,
            313.237
          ],
          [
            2.120937,
            41.415977,
            313.549
          ],
          [
            2.120878,
            41.415922,
            312.913
          ],
          [
            2.120807,
            41.415886,
            312.408
          ],
          [
            2.120703,
            41.415886,
            311.86
          ],
          [
            2.120639,
            41.4159,
            311.092
          ],
          [
            2.120519,
            41.415945,
            309.056
          ],
          [
            2.12042,
            41.415993,
            307.88
          ],
          [
            2.120323,
            41.416035,
            307.266
          ],
          [
            2.120231,
            41.416066,
            306.848
          ],
          [
            2.120146,
            41.416091,
            306.698
          ],
          [
            2.120069,
            41.416096,
            306.393
          ],
          [
            2.119981,
            41.416055,
            306.086
          ],
          [
            2.1199,
            41.416002,
            305.06
          ],
          [
            2.119846,
            41.415934,
            304.426
          ],
          [
            2.119833,
            41.415842,
            304.308
          ],
          [
            2.119832,
            41.415751,
            304.275
          ],
          [
            2.119828,
            41.415661,
            304.137
          ],
          [
            2.119811,
            41.415583,
            304.231
          ],
          [
            2.119816,
            41.415536,
            304.525
          ],
          [
            2.120013,
            41.415374,
            304.931
          ],
          [
            2.120032,
            41.415321,
            305.423
          ],
          [
            2.120021,
            41.415274,
            306.443
          ],
          [
            2.120099,
            41.415229,
            307.418
          ],
          [
            2.120146,
            41.415157,
            307.871
          ],
          [
            2.120208,
            41.415082,
            307.741
          ],
          [
            2.120218,
            41.415013,
            307.015
          ],
          [
            2.12019,
            41.414945,
            306.708
          ],
          [
            2.12015,
            41.414876,
            306.234
          ],
          [
            2.120074,
            41.414844,
            305.836
          ],
          [
            2.119972,
            41.414844,
            305.68
          ],
          [
            2.119871,
            41.414875,
            305.144
          ],
          [
            2.119792,
            41.414917,
            305.13
          ],
          [
            2.119703,
            41.414953,
            305.732
          ],
          [
            2.119614,
            41.414976,
            305.972
          ],
          [
            2.119516,
            41.414978,
            306.327
          ],
          [
            2.119389,
            41.414959,
            305.873
          ],
          [
            2.119257,
            41.414974,
            304.485
          ],
          [
            2.119153,
            41.414965,
            303.113
          ],
          [
            2.119048,
            41.414966,
            302.608
          ],
          [
            2.118951,
            41.414923,
            302.374
          ],
          [
            2.118861,
            41.414891,
            302.196
          ],
          [
            2.118792,
            41.414851,
            302.57
          ],
          [
            2.118727,
            41.414799,
            302.894
          ],
          [
            2.118675,
            41.414706,
            303.26
          ],
          [
            2.118637,
            41.414613,
            302.942
          ],
          [
            2.118661,
            41.414468,
            303.042
          ],
          [
            2.118711,
            41.414357,
            302.927
          ],
          [
            2.118852,
            41.414311,
            303.357
          ],
          [
            2.118872,
            41.414261,
            303.6
          ],
          [
            2.11892,
            41.414191,
            304.12
          ],
          [
            2.118945,
            41.414138,
            304.108
          ],
          [
            2.11901,
            41.414108,
            303.852
          ],
          [
            2.119048,
            41.414043,
            303.054
          ],
          [
            2.119061,
            41.413983,
            301.758
          ],
          [
            2.119083,
            41.413913,
            300.952
          ],
          [
            2.119109,
            41.413848,
            300.918
          ],
          [
            2.119129,
            41.413781,
            301.15
          ],
          [
            2.119202,
            41.413662,
            301.85
          ],
          [
            2.119258,
            41.413542,
            302.655
          ],
          [
            2.119325,
            41.413458,
            303.855
          ],
          [
            2.119363,
            41.41339,
            304.207
          ],
          [
            2.119432,
            41.413341,
            305.117
          ],
          [
            2.119535,
            41.413302,
            304.108
          ],
          [
            2.119571,
            41.413226,
            303.412
          ],
          [
            2.119608,
            41.413147,
            303.314
          ],
          [
            2.119617,
            41.413071,
            303.498
          ],
          [
            2.119579,
            41.412994,
            302.652
          ],
          [
            2.119538,
            41.412918,
            301.618
          ],
          [
            2.119506,
            41.41285,
            301.86
          ],
          [
            2.11949,
            41.412785,
            302.08
          ],
          [
            2.119482,
            41.412719,
            302.545
          ],
          [
            2.119468,
            41.412655,
            303.911
          ],
          [
            2.119458,
            41.412591,
            304.821
          ],
          [
            2.119438,
            41.412533,
            305.803
          ],
          [
            2.119376,
            41.41248,
            306.408
          ],
          [
            2.119274,
            41.412462,
            306.228
          ],
          [
            2.119161,
            41.412474,
            305.86
          ],
          [
            2.119106,
            41.412496,
            305.794
          ],
          [
            2.11901,
            41.412544,
            305.018
          ],
          [
            2.118921,
            41.412597,
            305.054
          ],
          [
            2.118844,
            41.412658,
            305.656
          ],
          [
            2.118797,
            41.412728,
            305.066
          ],
          [
            2.118798,
            41.41281,
            305.181
          ],
          [
            2.11879,
            41.41288,
            305.092
          ],
          [
            2.118781,
            41.412958,
            305.273
          ],
          [
            2.118778,
            41.413029,
            305.32
          ],
          [
            2.118772,
            41.413084,
            304.408
          ],
          [
            2.118785,
            41.413173,
            302.986
          ],
          [
            2.118782,
            41.413232,
            302.928
          ],
          [
            2.118786,
            41.413295,
            303.132
          ],
          [
            2.118797,
            41.413359,
            303.336
          ],
          [
            2.11879,
            41.413427,
            304.762
          ],
          [
            2.11876,
            41.413485,
            305.414
          ],
          [
            2.118704,
            41.413529,
            305.864
          ],
          [
            2.118622,
            41.413574,
            305.989
          ],
          [
            2.118536,
            41.413614,
            306.136
          ],
          [
            2.118437,
            41.413655,
            306.317
          ],
          [
            2.118332,
            41.413688,
            306.518
          ],
          [
            2.11822,
            41.413714,
            306.908
          ],
          [
            2.118099,
            41.413715,
            307.48
          ],
          [
            2.117968,
            41.413706,
            307.232
          ],
          [
            2.1179,
            41.413697,
            307.736
          ],
          [
            2.117741,
            41.413645,
            307.64
          ],
          [
            2.117635,
            41.413622,
            308.486
          ],
          [
            2.117552,
            41.413605,
            308.768
          ],
          [
            2.117458,
            41.413578,
            308.758
          ],
          [
            2.117399,
            41.413564,
            309.123
          ],
          [
            2.117325,
            41.413549,
            308.666
          ],
          [
            2.117223,
            41.413514,
            308.829
          ],
          [
            2.117128,
            41.413508,
            307.421
          ],
          [
            2.11702,
            41.413495,
            306.808
          ],
          [
            2.116911,
            41.413507,
            307.323
          ],
          [
            2.116805,
            41.413542,
            307.355
          ],
          [
            2.116748,
            41.413562,
            307.599
          ],
          [
            2.116694,
            41.413585,
            307.813
          ],
          [
            2.11661,
            41.413635,
            307.739
          ],
          [
            2.116545,
            41.413695,
            307.551
          ],
          [
            2.116487,
            41.413763,
            307.481
          ],
          [
            2.116436,
            41.413828,
            308.046
          ],
          [
            2.1164,
            41.413894,
            308.549
          ],
          [
            2.116368,
            41.413952,
            308.702
          ],
          [
            2.11633,
            41.414013,
            309.322
          ],
          [
            2.116294,
            41.414083,
            309.308
          ],
          [
            2.116251,
            41.414137,
            309.711
          ],
          [
            2.11617,
            41.414179,
            309.943
          ],
          [
            2.116055,
            41.414197,
            309.997
          ],
          [
            2.115939,
            41.414195,
            309.731
          ],
          [
            2.11585,
            41.414162,
            309.747
          ],
          [
            2.115767,
            41.414106,
            309.259
          ],
          [
            2.11571,
            41.414047,
            309.379
          ],
          [
            2.115669,
            41.413976,
            309.574
          ],
          [
            2.115636,
            41.41391,
            310.263
          ],
          [
            2.115606,
            41.41385,
            310.644
          ],
          [
            2.115592,
            41.413792,
            311.318
          ],
          [
            2.115555,
            41.413715,
            311.408
          ],
          [
            2.115489,
            41.413656,
            312.093
          ],
          [
            2.115422,
            41.413614,
            312.435
          ],
          [
            2.115373,
            41.413563,
            311.759
          ],
          [
            2.115335,
            41.413506,
            310.723
          ],
          [
            2.115292,
            41.413439,
            308.519
          ],
          [
            2.115255,
            41.413362,
            306.941
          ],
          [
            2.115237,
            41.413316,
            305.531
          ],
          [
            2.115194,
            41.413238,
            304.946
          ],
          [
            2.115121,
            41.413181,
            305.057
          ],
          [
            2.115024,
            41.413144,
            304.9
          ],
          [
            2.114905,
            41.413117,
            303.92
          ],
          [
            2.114806,
            41.413115,
            303.508
          ],
          [
            2.114716,
            41.413127,
            303.242
          ],
          [
            2.114616,
            41.41313,
            302.774
          ],
          [
            2.114539,
            41.413114,
            302.738
          ],
          [
            2.114468,
            41.413073,
            303.372
          ],
          [
            2.114405,
            41.413012,
            303.798
          ],
          [
            2.114355,
            41.412932,
            303.97
          ],
          [
            2.114322,
            41.412836,
            303.88
          ],
          [
            2.114309,
            41.412792,
            303.165
          ],
          [
            2.114292,
            41.412745,
            302.856
          ],
          [
            2.11425,
            41.412654,
            301.459
          ],
          [
            2.114224,
            41.412573,
            301.314
          ],
          [
            2.114231,
            41.412492,
            302.308
          ],
          [
            2.114242,
            41.412418,
            302.382
          ],
          [
            2.114234,
            41.412346,
            302.794
          ],
          [
            2.114215,
            41.412288,
            302.848
          ],
          [
            2.114178,
            41.412248,
            303.022
          ],
          [
            2.114121,
            41.412217,
            303.728
          ],
          [
            2.114057,
            41.412191,
            304.45
          ],
          [
            2.11396,
            41.412174,
            304.73
          ],
          [
            2.113846,
            41.412173,
            304.895
          ],
          [
            2.113732,
            41.412195,
            305.022
          ],
          [
            2.113675,
            41.412214,
            305.162
          ],
          [
            2.113576,
            41.412248,
            305.508
          ],
          [
            2.113503,
            41.412275,
            305.308
          ],
          [
            2.113429,
            41.412311,
            305.689
          ],
          [
            2.113363,
            41.412357,
            306.311
          ],
          [
            2.113302,
            41.412406,
            306.795
          ],
          [
            2.113243,
            41.412459,
            306.859
          ],
          [
            2.113192,
            41.412532,
            307.345
          ],
          [
            2.113133,
            41.412603,
            307.037
          ],
          [
            2.113065,
            41.412657,
            307.137
          ],
          [
            2.112996,
            41.412704,
            307.152
          ],
          [
            2.112917,
            41.412754,
            308.079
          ],
          [
            2.112807,
            41.412782,
            309.005
          ],
          [
            2.112704,
            41.412791,
            309.325
          ],
          [
            2.112595,
            41.412771,
            309.808
          ],
          [
            2.112501,
            41.412723,
            309.934
          ],
          [
            2.112436,
            41.412661,
            310.266
          ],
          [
            2.112408,
            41.412617,
            309.85
          ],
          [
            2.112374,
            41.412526,
            309.754
          ],
          [
            2.112334,
            41.412458,
            309.96
          ],
          [
            2.112271,
            41.412399,
            309.612
          ],
          [
            2.112209,
            41.412367,
            309.892
          ],
          [
            2.112145,
            41.412337,
            310.047
          ],
          [
            2.112071,
            41.412322,
            310.374
          ],
          [
            2.111994,
            41.412341,
            309.656
          ],
          [
            2.111915,
            41.412374,
            309.121
          ],
          [
            2.111819,
            41.412419,
            309.208
          ],
          [
            2.111725,
            41.412471,
            308.954
          ],
          [
            2.111641,
            41.412529,
            308.136
          ],
          [
            2.111561,
            41.41258,
            308.15
          ],
          [
            2.111485,
            41.412615,
            308.274
          ],
          [
            2.111416,
            41.412654,
            307.93
          ],
          [
            2.111365,
            41.412699,
            308.122
          ],
          [
            2.111306,
            41.41275,
            309.182
          ],
          [
            2.111244,
            41.412812,
            309.837
          ],
          [
            2.111194,
            41.412881,
            310.385
          ],
          [
            2.111165,
            41.41296,
            310.689
          ],
          [
            2.111144,
            41.41303,
            311.417
          ],
          [
            2.111115,
            41.413089,
            311.708
          ],
          [
            2.111101,
            41.41315,
            311.265
          ],
          [
            2.111104,
            41.41321,
            311.037
          ],
          [
            2.111116,
            41.413276,
            310.861
          ],
          [
            2.111115,
            41.413336,
            310.575
          ],
          [
            2.111104,
            41.413383,
            310.421
          ],
          [
            2.111102,
            41.413428,
            310.373
          ],
          [
            2.111092,
            41.413484,
            311.023
          ],
          [
            2.111029,
            41.413525,
            311.628
          ],
          [
            2.110961,
            41.413543,
            312.644
          ],
          [
            2.110873,
            41.413546,
            313.805
          ],
          [
            2.110807,
            41.41355,
            314.715
          ],
          [
            2.110725,
            41.413568,
            314.008
          ],
          [
            2.110639,
            41.413536,
            313.051
          ],
          [
            2.110596,
            41.413487,
            312.343
          ],
          [
            2.110546,
            41.413443,
            312.187
          ],
          [
            2.110461,
            41.413359,
            311.161
          ],
          [
            2.110408,
            41.413265,
            310.037
          ],
          [
            2.110366,
            41.41323,
            309.569
          ],
          [
            2.11029,
            41.413145,
            308.619
          ],
          [
            2.110251,
            41.413089,
            307.274
          ],
          [
            2.110224,
            41.413038,
            306.358
          ],
          [
            2.110203,
            41.412986,
            304.852
          ],
          [
            2.110186,
            41.412937,
            303.117
          ],
          [
            2.110145,
            41.412868,
            302.108
          ],
          [
            2.110113,
            41.412778,
            301.132
          ],
          [
            2.110111,
            41.41267,
            300.384
          ],
          [
            2.110112,
            41.412598,
            299.938
          ],
          [
            2.110098,
            41.412508,
            299.712
          ],
          [
            2.110082,
            41.412442,
            299.828
          ],
          [
            2.110058,
            41.412371,
            299.87
          ],
          [
            2.110041,
            41.412307,
            300.81
          ],
          [
            2.109989,
            41.412268,
            301.695
          ],
          [
            2.109902,
            41.412246,
            302.443
          ],
          [
            2.109804,
            41.412253,
            303.064
          ],
          [
            2.109703,
            41.412267,
            301.91
          ],
          [
            2.109596,
            41.412286,
            301.008
          ],
          [
            2.109497,
            41.412327,
            300.171
          ],
          [
            2.109455,
            41.41236,
            299.583
          ],
          [
            2.109385,
            41.412432,
            299.887
          ],
          [
            2.109324,
            41.412505,
            300.331
          ],
          [
            2.109267,
            41.412588,
            300.597
          ],
          [
            2.109221,
            41.412657,
            300.079
          ],
          [
            2.109165,
            41.412722,
            299.969
          ],
          [
            2.109119,
            41.41281,
            300.064
          ],
          [
            2.109027,
            41.412872,
            300.588
          ],
          [
            2.108918,
            41.412907,
            301.324
          ],
          [
            2.108846,
            41.412917,
            302.126
          ],
          [
            2.108734,
            41.412871,
            302.608
          ],
          [
            2.108667,
            41.412855,
            302.685
          ],
          [
            2.108559,
            41.412803,
            302.857
          ],
          [
            2.108445,
            41.412744,
            302.381
          ],
          [
            2.108325,
            41.412713,
            301.385
          ],
          [
            2.108203,
            41.412651,
            300.311
          ],
          [
            2.108141,
            41.412584,
            300.113
          ],
          [
            2.108104,
            41.412479,
            299.633
          ],
          [
            2.108089,
            41.412434,
            299.358
          ],
          [
            2.108063,
            41.412338,
            299.156
          ],
          [
            2.108112,
            41.412246,
            299.159
          ],
          [
            2.108114,
            41.412148,
            298.814
          ],
          [
            2.108096,
            41.412058,
            298.708
          ],
          [
            2.108087,
            41.412,
            298.132
          ],
          [
            2.10808,
            41.411896,
            297.584
          ],
          [
            2.108089,
            41.411848,
            297.168
          ],
          [
            2.108097,
            41.41177,
            297.052
          ],
          [
            2.108099,
            41.411711,
            297.078
          ],
          [
            2.108156,
            41.411627,
            298.07
          ],
          [
            2.108145,
            41.411568,
            298.48
          ],
          [
            2.108119,
            41.411474,
            298.345
          ],
          [
            2.108019,
            41.411429,
            298.661
          ],
          [
            2.107904,
            41.411429,
            299.021
          ],
          [
            2.107804,
            41.411438,
            299.513
          ],
          [
            2.10769,
            41.411443,
            300.108
          ],
          [
            2.107629,
            41.411447,
            300.423
          ],
          [
            2.107512,
            41.411441,
            300.255
          ],
          [
            2.107415,
            41.411456,
            299.669
          ],
          [
            2.107303,
            41.41147,
            299.173
          ],
          [
            2.107125,
            41.411472,
            298.399
          ],
          [
            2.107072,
            41.411499,
            297.921
          ],
          [
            2.106952,
            41.411537,
            297.971
          ],
          [
            2.10682,
            41.411544,
            298.086
          ],
          [
            2.106705,
            41.411595,
            297.883
          ],
          [
            2.106642,
            41.411631,
            297.725
          ],
          [
            2.106553,
            41.411706,
            297.717
          ],
          [
            2.106573,
            41.411805,
            298.108
          ],
          [
            2.106489,
            41.411865,
            298.975
          ],
          [
            2.106308,
            41.411867,
            299.467
          ],
          [
            2.106223,
            41.411839,
            299.971
          ],
          [
            2.106154,
            41.411758,
            300.335
          ],
          [
            2.106152,
            41.411669,
            300.261
          ],
          [
            2.106115,
            41.41157,
            300.573
          ],
          [
            2.106073,
            41.41153,
            300.413
          ],
          [
            2.106034,
            41.411454,
            300.298
          ],
          [
            2.10599,
            41.411407,
            300.118
          ],
          [
            2.105896,
            41.411375,
            300.198
          ],
          [
            2.105799,
            41.411342,
            300.117
          ],
          [
            2.105715,
            41.411299,
            299.608
          ],
          [
            2.105725,
            41.411244,
            299.418
          ],
          [
            2.105736,
            41.411159,
            298.79
          ],
          [
            2.105771,
            41.411083,
            297.954
          ],
          [
            2.10582,
            41.411006,
            297.628
          ],
          [
            2.105868,
            41.41097,
            297.694
          ],
          [
            2.105927,
            41.410918,
            296.576
          ],
          [
            2.105995,
            41.410864,
            296.046
          ],
          [
            2.10605,
            41.410834,
            296.121
          ],
          [
            2.106121,
            41.410791,
            296.212
          ],
          [
            2.106192,
            41.410725,
            296.132
          ],
          [
            2.106242,
            41.410678,
            296.105
          ],
          [
            2.106334,
            41.410612,
            296.008
          ],
          [
            2.106384,
            41.410582,
            296.318
          ],
          [
            2.106432,
            41.410546,
            296.71
          ],
          [
            2.106502,
            41.410486,
            296.954
          ],
          [
            2.106594,
            41.410438,
            296.718
          ],
          [
            2.106626,
            41.410399,
            296.824
          ],
          [
            2.106692,
            41.410312,
            297.676
          ],
          [
            2.106737,
            41.410272,
            298.996
          ],
          [
            2.106788,
            41.410185,
            299.861
          ],
          [
            2.106825,
            41.410093,
            300.491
          ],
          [
            2.106818,
            41.410019,
            300.381
          ],
          [
            2.106761,
            41.409963,
            300.019
          ],
          [
            2.106683,
            41.409912,
            299.508
          ],
          [
            2.106573,
            41.409863,
            298.616
          ],
          [
            2.106506,
            41.409792,
            297.668
          ],
          [
            2.10645,
            41.409721,
            297.152
          ],
          [
            2.106408,
            41.409644,
            296.436
          ],
          [
            2.106392,
            41.409567,
            295.392
          ],
          [
            2.106464,
            41.409461,
            293.264
          ],
          [
            2.106482,
            41.4094,
            292.274
          ],
          [
            2.10649,
            41.40931,
            291.119
          ],
          [
            2.106487,
            41.409264,
            289.637
          ],
          [
            2.106469,
            41.409187,
            287.749
          ],
          [
            2.10637,
            41.409097,
            285.713
          ],
          [
            2.106271,
            41.409057,
            285.508
          ],
          [
            2.106199,
            41.409015,
            286.65
          ],
          [
            2.106092,
            41.408961,
            287.062
          ],
          [
            2.106004,
            41.408926,
            287.986
          ],
          [
            2.105921,
            41.408888,
            288.43
          ],
          [
            2.105819,
            41.408858,
            288.746
          ],
          [
            2.10571,
            41.408829,
            289.638
          ],
          [
            2.1056,
            41.408779,
            289.538
          ],
          [
            2.105507,
            41.408765,
            289.023
          ],
          [
            2.105378,
            41.408768,
            288.211
          ],
          [
            2.105307,
            41.408798,
            289.221
          ],
          [
            2.105196,
            41.408815,
            290.703
          ],
          [
            2.105025,
            41.408835,
            292.608
          ],
          [
            2.104936,
            41.408878,
            293.198
          ],
          [
            2.104843,
            41.408939,
            293.13
          ],
          [
            2.104771,
            41.408953,
            293.364
          ],
          [
            2.104691,
            41.408991,
            293.678
          ],
          [
            2.104611,
            41.408968,
            293.024
          ],
          [
            2.104511,
            41.408945,
            293.556
          ],
          [
            2.104424,
            41.408906,
            294.026
          ],
          [
            2.104306,
            41.408889,
            294.471
          ],
          [
            2.104219,
            41.408878,
            295.029
          ],
          [
            2.104151,
            41.408859,
            294.4
          ],
          [
            2.104066,
            41.408812,
            294.42
          ],
          [
            2.104026,
            41.408734,
            295.508
          ],
          [
            2.104029,
            41.408637,
            295.119
          ],
          [
            2.104059,
            41.40855,
            294.681
          ],
          [
            2.10408,
            41.408467,
            294.165
          ],
          [
            2.104098,
            41.408378,
            294.289
          ],
          [
            2.104054,
            41.408283,
            294.345
          ],
          [
            2.104029,
            41.408241,
            294.187
          ],
          [
            2.103963,
            41.408193,
            293.037
          ],
          [
            2.103861,
            41.40815,
            293.622
          ],
          [
            2.103778,
            41.408096,
            294.496
          ],
          [
            2.103691,
            41.408031,
            295.531
          ],
          [
            2.103614,
            41.407944,
            296.424
          ],
          [
            2.103577,
            41.407907,
            296.808
          ],
          [
            2.103571,
            41.407859,
            297.276
          ],
          [
            2.103581,
            41.407776,
            297.888
          ],
          [
            2.103612,
            41.407694,
            297.282
          ],
          [
            2.103705,
            41.407626,
            297.126
          ],
          [
            2.103798,
            41.407608,
            296.442
          ],
          [
            2.103903,
            41.40761,
            295.324
          ],
          [
            2.104008,
            41.407592,
            295.294
          ],
          [
            2.104117,
            41.407556,
            296.169
          ],
          [
            2.104219,
            41.40751,
            297.052
          ],
          [
            2.104315,
            41.407457,
            297.353
          ],
          [
            2.104417,
            41.407412,
            298.008
          ],
          [
            2.104511,
            41.407351,
            297.908
          ],
          [
            2.104555,
            41.407318,
            298.312
          ],
          [
            2.104619,
            41.407221,
            298.434
          ],
          [
            2.104573,
            41.40714,
            299.518
          ],
          [
            2.104541,
            41.407102,
            298.862
          ],
          [
            2.104487,
            41.40702,
            298.528
          ],
          [
            2.104465,
            41.406972,
            298.68
          ],
          [
            2.104432,
            41.406884,
            299.11
          ],
          [
            2.104409,
            41.406794,
            298.695
          ],
          [
            2.104405,
            41.406683,
            297.688
          ],
          [
            2.104379,
            41.406571,
            296.624
          ],
          [
            2.104351,
            41.406527,
            296.226
          ],
          [
            2.104326,
            41.406442,
            296.508
          ],
          [
            2.104324,
            41.406392,
            296.345
          ],
          [
            2.104333,
            41.406307,
            295.257
          ],
          [
            2.104357,
            41.406221,
            294.811
          ],
          [
            2.104418,
            41.406171,
            294.345
          ],
          [
            2.104497,
            41.406134,
            294.111
          ],
          [
            2.104581,
            41.406115,
            294.233
          ],
          [
            2.104652,
            41.406107,
            294.643
          ],
          [
            2.104722,
            41.406114,
            295.158
          ],
          [
            2.104792,
            41.406128,
            295.721
          ],
          [
            2.10486,
            41.406153,
            296.141
          ],
          [
            2.104932,
            41.406194,
            296.805
          ],
          [
            2.105002,
            41.406242,
            296.908
          ],
          [
            2.105075,
            41.406298,
            297.549
          ],
          [
            2.105144,
            41.40635,
            297.751
          ],
          [
            2.105203,
            41.40641,
            298.445
          ],
          [
            2.105262,
            41.406469,
            299.759
          ],
          [
            2.105332,
            41.406513,
            300.875
          ],
          [
            2.105401,
            41.40654,
            301.937
          ],
          [
            2.10546,
            41.406556,
            303.427
          ],
          [
            2.105524,
            41.40656,
            303.932
          ],
          [
            2.105591,
            41.40655,
            304.355
          ],
          [
            2.105677,
            41.406546,
            304.107
          ],
          [
            2.105773,
            41.406535,
            304.117
          ],
          [
            2.105867,
            41.406511,
            305.108
          ],
          [
            2.105959,
            41.406496,
            305.462
          ],
          [
            2.106052,
            41.406498,
            306.284
          ],
          [
            2.106148,
            41.406506,
            306.188
          ],
          [
            2.106248,
            41.40653,
            306.412
          ],
          [
            2.10635,
            41.406573,
            306.878
          ],
          [
            2.106441,
            41.406638,
            307.27
          ],
          [
            2.106469,
            41.406708,
            307.74
          ],
          [
            2.106508,
            41.406767,
            308.265
          ],
          [
            2.106564,
            41.406831,
            308.338
          ],
          [
            2.106644,
            41.406887,
            308.27
          ],
          [
            2.106737,
            41.406937,
            308.317
          ],
          [
            2.106847,
            41.406956,
            307.808
          ],
          [
            2.106939,
            41.40695,
            307.33
          ],
          [
            2.107041,
            41.406893,
            307.242
          ],
          [
            2.107114,
            41.406818,
            307.316
          ],
          [
            2.107179,
            41.406745,
            308.13
          ],
          [
            2.107262,
            41.406683,
            308.636
          ],
          [
            2.10736,
            41.406614,
            308.828
          ],
          [
            2.107472,
            41.406571,
            308.968
          ],
          [
            2.107595,
            41.406557,
            309.253
          ],
          [
            2.107696,
            41.406572,
            309.385
          ],
          [
            2.10777,
            41.406593,
            309.589
          ],
          [
            2.107832,
            41.406611,
            310.017
          ],
          [
            2.107959,
            41.406656,
            310.208
          ],
          [
            2.108049,
            41.406683,
            311.055
          ],
          [
            2.108148,
            41.406762,
            311.317
          ],
          [
            2.108227,
            41.406821,
            311.031
          ],
          [
            2.108276,
            41.406898,
            309.575
          ],
          [
            2.108336,
            41.406967,
            308.471
          ],
          [
            2.10843,
            41.407011,
            307.223
          ],
          [
            2.108511,
            41.407056,
            306.713
          ],
          [
            2.1086,
            41.407069,
            306.668
          ],
          [
            2.108663,
            41.407078,
            306.977
          ],
          [
            2.108723,
            41.407065,
            307.161
          ],
          [
            2.108783,
            41.407051,
            306.127
          ],
          [
            2.108892,
            41.407009,
            305.208
          ],
          [
            2.108963,
            41.406909,
            304.374
          ],
          [
            2.108977,
            41.406864,
            303.496
          ],
          [
            2.109006,
            41.406766,
            302.22
          ],
          [
            2.109011,
            41.406693,
            301.324
          ],
          [
            2.109013,
            41.406601,
            300.14
          ],
          [
            2.108976,
            41.406524,
            300.212
          ],
          [
            2.108939,
            41.406447,
            300.352
          ],
          [
            2.108905,
            41.406377,
            300.387
          ],
          [
            2.108883,
            41.406309,
            300.389
          ],
          [
            2.108859,
            41.406243,
            296.306
          ],
          [
            2.108832,
            41.406175,
            294.326
          ],
          [
            2.108815,
            41.406099,
            293.908
          ],
          [
            2.108795,
            41.406023,
            296.045
          ],
          [
            2.108764,
            41.405949,
            297.697
          ],
          [
            2.108719,
            41.40588,
            298.531
          ],
          [
            2.108652,
            41.405816,
            298.835
          ],
          [
            2.108579,
            41.40576,
            298.911
          ],
          [
            2.108513,
            41.405726,
            299.013
          ],
          [
            2.108267,
            41.405636,
            299.133
          ],
          [
            2.108179,
            41.4056,
            298.928
          ],
          [
            2.108094,
            41.405558,
            298.721
          ],
          [
            2.10801,
            41.40552,
            299.041
          ],
          [
            2.10792,
            41.405468,
            299.005
          ],
          [
            2.107836,
            41.405408,
            299.808
          ],
          [
            2.107765,
            41.405341,
            299.999
          ],
          [
            2.107709,
            41.405263,
            299.971
          ],
          [
            2.107686,
            41.405219,
            299.935
          ],
          [
            2.107658,
            41.405129,
            299.689
          ],
          [
            2.107634,
            41.405039,
            299.525
          ],
          [
            2.107594,
            41.404951,
            299.197
          ],
          [
            2.10757,
            41.404909,
            298.997
          ],
          [
            2.107526,
            41.404825,
            299.142
          ],
          [
            2.107476,
            41.404751,
            298.896
          ],
          [
            2.107411,
            41.404698,
            298.631
          ],
          [
            2.10733,
            41.404655,
            298.824
          ],
          [
            2.107258,
            41.404649,
            298.608
          ],
          [
            2.107203,
            41.404616,
            298.326
          ],
          [
            2.107146,
            41.40454,
            298.478
          ],
          [
            2.107151,
            41.404457,
            298.452
          ],
          [
            2.107195,
            41.404375,
            298.496
          ],
          [
            2.107241,
            41.404298,
            298.012
          ],
          [
            2.107281,
            41.404216,
            297.554
          ],
          [
            2.107308,
            41.404132,
            297.274
          ],
          [
            2.107307,
            41.40405,
            297.039
          ],
          [
            2.107303,
            41.404005,
            296.577
          ],
          [
            2.107311,
            41.403957,
            296.361
          ],
          [
            2.107303,
            41.40391,
            296.827
          ],
          [
            2.107295,
            41.403826,
            296.808
          ],
          [
            2.107271,
            41.403745,
            296.984
          ],
          [
            2.107256,
            41.403666,
            297.166
          ],
          [
            2.107249,
            41.403621,
            296.89
          ],
          [
            2.107187,
            41.403544,
            295.974
          ],
          [
            2.107139,
            41.403471,
            295.49
          ],
          [
            2.107088,
            41.403418,
            295.542
          ],
          [
            2.107033,
            41.403372,
            296.352
          ],
          [
            2.106966,
            41.403336,
            297.017
          ],
          [
            2.106888,
            41.403308,
            297.787
          ],
          [
            2.106789,
            41.403284,
            297.742
          ],
          [
            2.106691,
            41.403266,
            297.126
          ],
          [
            2.106586,
            41.403252,
            296.508
          ],
          [
            2.106475,
            41.403249,
            295.885
          ],
          [
            2.106367,
            41.403265,
            295.437
          ],
          [
            2.106261,
            41.403287,
            294.691
          ],
          [
            2.106153,
            41.403311,
            294.525
          ],
          [
            2.106024,
            41.403334,
            294.291
          ],
          [
            2.105901,
            41.403337,
            294.183
          ],
          [
            2.105805,
            41.403285,
            295.043
          ],
          [
            2.105778,
            41.403185,
            295.638
          ],
          [
            2.105768,
            41.40314,
            295.682
          ],
          [
            2.10578,
            41.403086,
            295.843
          ],
          [
            2.105767,
            41.402986,
            295.017
          ],
          [
            2.10577,
            41.4029,
            295.008
          ],
          [
            2.105754,
            41.40281,
            294.675
          ],
          [
            2.105711,
            41.402712,
            294.277
          ],
          [
            2.105671,
            41.402625,
            293.871
          ],
          [
            2.10563,
            41.402562,
            293.415
          ],
          [
            2.105563,
            41.402484,
            293.631
          ],
          [
            2.105517,
            41.402454,
            293.363
          ],
          [
            2.105439,
            41.402388,
            293.473
          ],
          [
            2.10534,
            41.402348,
            293.798
          ],
          [
            2.105286,
            41.402327,
            294.338
          ],
          [
            2.105228,
            41.402314,
            294.77
          ],
          [
            2.105131,
            41.402258,
            295.217
          ],
          [
            2.105075,
            41.402222,
            295.508
          ],
          [
            2.10505,
            41.402135,
            295.45
          ],
          [
            2.105049,
            41.40209,
            295.652
          ],
          [
            2.105069,
            41.402016,
            295.546
          ],
          [
            2.105107,
            41.401945,
            294.71
          ],
          [
            2.105117,
            41.401871,
            294.616
          ],
          [
            2.105148,
            41.401821,
            294.748
          ],
          [
            2.105124,
            41.401775,
            294.528
          ],
          [
            2.105124,
            41.401689,
            294.013
          ],
          [
            2.105074,
            41.401617,
            294.392
          ],
          [
            2.105025,
            41.401553,
            294.173
          ],
          [
            2.104989,
            41.401488,
            293.52
          ],
          [
            2.104985,
            41.401432,
            292.908
          ],
          [
            2.105043,
            41.401416,
            292.736
          ],
          [
            2.104972,
            41.401381,
            295.388
          ],
          [
            2.104918,
            41.40129,
            297.782
          ],
          [
            2.104894,
            41.401245,
            299.226
          ],
          [
            2.104851,
            41.401161,
            300.722
          ],
          [
            2.10479,
            41.401097,
            301.884
          ],
          [
            2.104725,
            41.401044,
            302.454
          ],
          [
            2.104656,
            41.400993,
            302.829
          ],
          [
            2.104582,
            41.40094,
            303.651
          ],
          [
            2.10449,
            41.400909,
            304.501
          ],
          [
            2.104396,
            41.400893,
            304.811
          ],
          [
            2.104351,
            41.400822,
            305.008
          ],
          [
            2.104385,
            41.400732,
            304.622
          ],
          [
            2.104423,
            41.400691,
            304.934
          ],
          [
            2.104483,
            41.400617,
            303.528
          ],
          [
            2.1045,
            41.400531,
            303.312
          ],
          [
            2.10449,
            41.400446,
            303.428
          ],
          [
            2.104473,
            41.400357,
            304.16
          ],
          [
            2.10446,
            41.400274,
            305.75
          ],
          [
            2.104452,
            41.400207,
            304.025
          ],
          [
            2.104448,
            41.400149,
            303.849
          ],
          [
            2.104449,
            41.400094,
            303.802
          ],
          [
            2.104448,
            41.400035,
            304.122
          ],
          [
            2.104441,
            41.399971,
            304.408
          ],
          [
            2.104435,
            41.399893,
            304.791
          ],
          [
            2.104438,
            41.399826,
            304.783
          ],
          [
            2.104448,
            41.399768,
            305.357
          ],
          [
            2.10445,
            41.399708,
            306.631
          ],
          [
            2.104422,
            41.399645,
            307.777
          ],
          [
            2.104386,
            41.399578,
            308.889
          ],
          [
            2.104355,
            41.399506,
            309.929
          ],
          [
            2.10431,
            41.399445,
            310.654
          ],
          [
            2.104234,
            41.399394,
            307.478
          ],
          [
            2.104137,
            41.399349,
            306.333
          ],
          [
            2.104049,
            41.399325,
            306.826
          ],
          [
            2.103948,
            41.39929,
            307.708
          ],
          [
            2.103876,
            41.399224,
            307.264
          ],
          [
            2.103871,
            41.399103,
            306.866
          ],
          [
            2.103858,
            41.39905,
            306.26
          ],
          [
            2.103807,
            41.398949,
            306.054
          ],
          [
            2.103731,
            41.398872,
            305.97
          ],
          [
            2.103641,
            41.398808,
            305.632
          ],
          [
            2.103558,
            41.39873,
            305.662
          ],
          [
            2.103512,
            41.398701,
            305.967
          ],
          [
            2.103428,
            41.398637,
            306.277
          ],
          [
            2.103345,
            41.398577,
            303.661
          ],
          [
            2.103241,
            41.398528,
            302.127
          ],
          [
            2.10315,
            41.39848,
            302.008
          ],
          [
            2.103058,
            41.398422,
            302.594
          ],
          [
            2.102977,
            41.398386,
            303.036
          ],
          [
            2.102897,
            41.398321,
            303.48
          ],
          [
            2.102829,
            41.398268,
            303.564
          ],
          [
            2.102787,
            41.39822,
            304.14
          ],
          [
            2.102686,
            41.398161,
            305.412
          ],
          [
            2.10263,
            41.398124,
            304.722
          ],
          [
            2.102562,
            41.398097,
            304.757
          ],
          [
            2.10247,
            41.398058,
            305.656
          ],
          [
            2.102356,
            41.398036,
            306.459
          ],
          [
            2.102172,
            41.398042,
            306.714
          ],
          [
            2.102092,
            41.398086,
            306.808
          ],
          [
            2.101984,
            41.398083,
            306.972
          ],
          [
            2.101944,
            41.398046,
            307.334
          ],
          [
            2.101844,
            41.398041,
            306.278
          ],
          [
            2.101753,
            41.398008,
            305.532
          ],
          [
            2.101742,
            41.397942,
            305.548
          ],
          [
            2.101703,
            41.397887,
            304.41
          ],
          [
            2.101686,
            41.397811,
            301.67
          ],
          [
            2.10165,
            41.39777,
            300.045
          ],
          [
            2.101624,
            41.3977,
            299.921
          ],
          [
            2.101581,
            41.397632,
            300.541
          ],
          [
            2.101559,
            41.397574,
            303.105
          ],
          [
            2.101522,
            41.397504,
            305.008
          ],
          [
            2.101471,
            41.397428,
            306.529
          ],
          [
            2.101409,
            41.39734,
            307.871
          ],
          [
            2.101352,
            41.39729,
            307.985
          ],
          [
            2.101265,
            41.397186,
            306.969
          ],
          [
            2.101215,
            41.397109,
            304.695
          ],
          [
            2.101193,
            41.397003,
            304.047
          ],
          [
            2.101152,
            41.396896,
            304.127
          ],
          [
            2.101148,
            41.396844,
            304.352
          ],
          [
            2.101126,
            41.396757,
            304.888
          ],
          [
            2.101103,
            41.396705,
            305.024
          ],
          [
            2.101089,
            41.396656,
            305.726
          ],
          [
            2.101037,
            41.396568,
            305.308
          ],
          [
            2.100986,
            41.396493,
            305.645
          ],
          [
            2.100952,
            41.396455,
            306.127
          ],
          [
            2.100891,
            41.396378,
            307.071
          ],
          [
            2.10086,
            41.396337,
            307.855
          ],
          [
            2.100808,
            41.396261,
            308.621
          ],
          [
            2.100766,
            41.396181,
            309.183
          ],
          [
            2.100722,
            41.396103,
            309.793
          ],
          [
            2.100658,
            41.396039,
            309.918
          ],
          [
            2.100593,
            41.395972,
            310.295
          ],
          [
            2.100565,
            41.395896,
            309.849
          ],
          [
            2.100522,
            41.39582,
            309.923
          ],
          [
            2.100526,
            41.395769,
            309.708
          ],
          [
            2.100567,
            41.395677,
            309.736
          ],
          [
            2.100597,
            41.395628,
            309.838
          ],
          [
            2.100619,
            41.395586,
            310.112
          ],
          [
            2.100654,
            41.395511,
            309.716
          ],
          [
            2.100651,
            41.395459,
            309.012
          ],
          [
            2.100674,
            41.395365,
            307.654
          ],
          [
            2.100696,
            41.395279,
            306.744
          ],
          [
            2.100696,
            41.395187,
            305.579
          ],
          [
            2.10067,
            41.395102,
            304.221
          ],
          [
            2.100652,
            41.395012,
            302.241
          ],
          [
            2.100609,
            41.394941,
            300.605
          ],
          [
            2.100543,
            41.394869,
            299.108
          ],
          [
            2.100452,
            41.394823,
            297.549
          ],
          [
            2.100377,
            41.39475,
            295.481
          ],
          [
            2.100309,
            41.394684,
            294.965
          ],
          [
            2.100262,
            41.394626,
            295.739
          ],
          [
            2.100231,
            41.394572,
            296.015
          ],
          [
            2.100209,
            41.394522,
            296.287
          ],
          [
            2.100177,
            41.394466,
            298.797
          ],
          [
            2.10015,
            41.394415,
            301.652
          ],
          [
            2.100131,
            41.394362,
            301.645
          ],
          [
            2.100121,
            41.394309,
            301.247
          ],
          [
            2.100107,
            41.394257,
            300.711
          ],
          [
            2.10008,
            41.394202,
            300.308
          ],
          [
            2.100041,
            41.394133,
            300.781
          ],
          [
            2.10003,
            41.394051,
            301.473
          ],
          [
            2.100068,
            41.393968,
            301.147
          ],
          [
            2.100103,
            41.39393,
            301.081
          ],
          [
            2.100202,
            41.393858,
            300.767
          ],
          [
            2.100271,
            41.393777,
            299.779
          ],
          [
            2.100319,
            41.39371,
            299.589
          ],
          [
            2.100363,
            41.393649,
            299.394
          ],
          [
            2.100398,
            41.393592,
            299.589
          ],
          [
            2.100441,
            41.393513,
            299.606
          ],
          [
            2.10048,
            41.393445,
            299.226
          ],
          [
            2.10052,
            41.393362,
            299.408
          ],
          [
            2.100535,
            41.393295,
            297.595
          ],
          [
            2.100548,
            41.39323,
            296.677
          ],
          [
            2.100557,
            41.39317,
            296.241
          ],
          [
            2.100564,
            41.393115,
            296.555
          ],
          [
            2.100558,
            41.39306,
            296.821
          ],
          [
            2.100552,
            41.393004,
            297.693
          ],
          [
            2.100548,
            41.392938,
            297.933
          ],
          [
            2.100548,
            41.39287,
            298.348
          ],
          [
            2.100547,
            41.3928,
            298.794
          ],
          [
            2.100554,
            41.392729,
            299.357
          ],
          [
            2.100571,
            41.392667,
            299.922
          ],
          [
            2.100602,
            41.392615,
            300.608
          ],
          [
            2.100648,
            41.392568,
            300.926
          ],
          [
            2.100709,
            41.392528,
            301.168
          ],
          [
            2.100775,
            41.392492,
            301.772
          ],
          [
            2.100825,
            41.392447,
            302.666
          ],
          [
            2.100824,
            41.3924,
            303.632
          ],
          [
            2.100811,
            41.392356,
            304.294
          ],
          [
            2.100809,
            41.392302,
            305.574
          ],
          [
            2.100831,
            41.392245,
            307.129
          ],
          [
            2.100879,
            41.392179,
            308.582
          ],
          [
            2.100934,
            41.392111,
            309.143
          ],
          [
            2.100978,
            41.392047,
            310.017
          ],
          [
            2.100995,
            41.391983,
            310.808
          ],
          [
            2.100991,
            41.391916,
            311.765
          ],
          [
            2.100964,
            41.391851,
            312.397
          ],
          [
            2.10092,
            41.39179,
            312.071
          ],
          [
            2.100871,
            41.391736,
            312.175
          ],
          [
            2.100826,
            41.391687,
            312.421
          ],
          [
            2.10078,
            41.391636,
            312.623
          ],
          [
            2.100733,
            41.39158,
            312.763
          ],
          [
            2.100692,
            41.391524,
            312.738
          ],
          [
            2.100654,
            41.39147,
            313.164
          ],
          [
            2.10062,
            41.391409,
            313.606
          ],
          [
            2.100588,
            41.391344,
            314.016
          ],
          [
            2.100565,
            41.391278,
            314.708
          ],
          [
            2.100553,
            41.391208,
            314.883
          ],
          [
            2.100545,
            41.391137,
            314.845
          ],
          [
            2.100543,
            41.391067,
            315.059
          ],
          [
            2.100538,
            41.390998,
            315.353
          ],
          [
            2.100535,
            41.390937,
            315.369
          ],
          [
            2.100532,
            41.390878,
            315.711
          ],
          [
            2.100527,
            41.390819,
            315.181
          ],
          [
            2.100523,
            41.39076,
            315.016
          ],
          [
            2.100508,
            41.390697,
            315.015
          ],
          [
            2.100473,
            41.390634,
            314.765
          ],
          [
            2.10043,
            41.390578,
            312.311
          ],
          [
            2.100381,
            41.390526,
            312.408
          ],
          [
            2.100336,
            41.390471,
            312.428
          ],
          [
            2.100296,
            41.390417,
            313.26
          ],
          [
            2.100256,
            41.39036,
            314.254
          ],
          [
            2.100224,
            41.390301,
            315.588
          ],
          [
            2.100197,
            41.390241,
            316.694
          ],
          [
            2.100174,
            41.390177,
            317.526
          ],
          [
            2.100159,
            41.390121,
            317.836
          ],
          [
            2.100143,
            41.390075,
            317.171
          ],
          [
            2.10012,
            41.390016,
            317.044
          ],
          [
            2.100064,
            41.389982,
            317.605
          ],
          [
            2.099977,
            41.389996,
            317.915
          ],
          [
            2.099916,
            41.390028,
            317.008
          ],
          [
            2.099849,
            41.390063,
            317.361
          ],
          [
            2.099779,
            41.390096,
            318.233
          ],
          [
            2.099725,
            41.390129,
            318.627
          ],
          [
            2.09968,
            41.390159,
            318.931
          ],
          [
            2.099608,
            41.390192,
            318.887
          ],
          [
            2.099539,
            41.390225,
            318.659
          ],
          [
            2.099481,
            41.390254,
            318.319
          ],
          [
            2.099424,
            41.390282,
            317.714
          ],
          [
            2.099363,
            41.390304,
            316.957
          ],
          [
            2.099313,
            41.390332,
            316.5
          ],
          [
            2.099275,
            41.390367,
            315.72
          ],
          [
            2.099245,
            41.390421,
            316.508
          ],
          [
            2.099234,
            41.390481,
            315.952
          ],
          [
            2.099236,
            41.390526,
            315.484
          ],
          [
            2.099242,
            41.390581,
            315.228
          ],
          [
            2.099244,
            41.390635,
            315.162
          ],
          [
            2.099241,
            41.390686,
            315.418
          ],
          [
            2.099241,
            41.390737,
            315.81
          ],
          [
            2.09924,
            41.390787,
            316.72
          ],
          [
            2.099239,
            41.390838,
            316.765
          ],
          [
            2.099235,
            41.390891,
            316.786
          ],
          [
            2.099228,
            41.390948,
            317.36
          ],
          [
            2.09921,
            41.39101,
            318.026
          ],
          [
            2.099194,
            41.391075,
            318.808
          ],
          [
            2.099177,
            41.391137,
            319.565
          ],
          [
            2.099154,
            41.391195,
            320.267
          ],
          [
            2.099121,
            41.391242,
            321.351
          ],
          [
            2.099088,
            41.391285,
            322.425
          ],
          [
            2.099061,
            41.391345,
            323.161
          ],
          [
            2.099029,
            41.391385,
            323.583
          ],
          [
            2.099001,
            41.391429,
            323.733
          ],
          [
            2.098969,
            41.391471,
            323.718
          ],
          [
            2.098923,
            41.391505,
            322.844
          ],
          [
            2.09887,
            41.391533,
            321.605
          ],
          [
            2.098817,
            41.391567,
            321.015
          ],
          [
            2.098753,
            41.391589,
            321.008
          ],
          [
            2.098692,
            41.391602,
            321.171
          ],
          [
            2.098617,
            41.391612,
            321.453
          ],
          [
            2.098527,
            41.391601,
            321.787
          ],
          [
            2.098451,
            41.391577,
            321.851
          ],
          [
            2.098391,
            41.391555,
            322.097
          ],
          [
            2.098321,
            41.39153,
            321.299
          ],
          [
            2.098245,
            41.391504,
            321.179
          ],
          [
            2.098161,
            41.391475,
            320.354
          ],
          [
            2.098087,
            41.391453,
            319.664
          ],
          [
            2.098016,
            41.391438,
            319.506
          ],
          [
            2.097932,
            41.391428,
            319.916
          ],
          [
            2.097863,
            41.391426,
            320.008
          ],
          [
            2.097795,
            41.391424,
            320.053
          ],
          [
            2.097735,
            41.391417,
            320.065
          ],
          [
            2.097646,
            41.391405,
            320.049
          ],
          [
            2.097584,
            41.391392,
            320.623
          ],
          [
            2.097522,
            41.391378,
            320.519
          ],
          [
            2.097451,
            41.391354,
            320.351
          ],
          [
            2.097373,
            41.391323,
            320.981
          ],
          [
            2.097264,
            41.391303,
            321.456
          ],
          [
            2.0972,
            41.391292,
            321.192
          ],
          [
            2.097054,
            41.391276,
            320.773
          ],
          [
            2.096994,
            41.391273,
            320.42
          ],
          [
            2.096864,
            41.391247,
            320.308
          ],
          [
            2.096788,
            41.39122,
            319.666
          ],
          [
            2.096727,
            41.391209,
            319.258
          ],
          [
            2.096622,
            41.391161,
            319.112
          ],
          [
            2.096556,
            41.391131,
            318.926
          ],
          [
            2.09645,
            41.391055,
            318.482
          ],
          [
            2.096321,
            41.390965,
            317.494
          ],
          [
            2.096257,
            41.390923,
            316.354
          ],
          [
            2.0962,
            41.390886,
            315.659
          ],
          [
            2.096146,
            41.390851,
            314.866
          ],
          [
            2.0961,
            41.390821,
            314.629
          ],
          [
            2.095999,
            41.390752,
            313.421
          ],
          [
            2.095946,
            41.390713,
            312.708
          ],
          [
            2.095862,
            41.390648,
            311.683
          ],
          [
            2.09579,
            41.39058,
            310.445
          ],
          [
            2.095742,
            41.390481,
            310.739
          ],
          [
            2.095707,
            41.390383,
            309.893
          ],
          [
            2.095663,
            41.390325,
            308.799
          ],
          [
            2.095639,
            41.39027,
            309.081
          ],
          [
            2.095577,
            41.390239,
            308.161
          ],
          [
            2.095544,
            41.390188,
            306.786
          ],
          [
            2.095509,
            41.390123,
            306.625
          ],
          [
            2.095465,
            41.390042,
            306.126
          ],
          [
            2.095407,
            41.389963,
            305.808
          ],
          [
            2.095338,
            41.389893,
            304.908
          ],
          [
            2.095314,
            41.389842,
            304.389
          ],
          [
            2.095269,
            41.389756,
            303.981
          ],
          [
            2.095216,
            41.389689,
            304.035
          ],
          [
            2.095159,
            41.389641,
            304.419
          ],
          [
            2.09513,
            41.38959,
            304.615
          ],
          [
            2.095123,
            41.389538,
            307.137
          ],
          [
            2.095127,
            41.38948,
            309.167
          ],
          [
            2.095125,
            41.389432,
            309.312
          ],
          [
            2.095111,
            41.389386,
            308.743
          ],
          [
            2.095074,
            41.389344,
            307.564
          ],
          [
            2.095028,
            41.389304,
            306.91
          ],
          [
            2.095005,
            41.38925,
            306.608
          ],
          [
            2.095007,
            41.389228,
            314.041
          ],
          [
            2.095016,
            41.389294,
            307.123
          ],
          [
            2.095058,
            41.389357,
            307.457
          ],
          [
            2.095109,
            41.389408,
            308.061
          ],
          [
            2.095138,
            41.389474,
            308.087
          ],
          [
            2.095135,
            41.389544,
            308.039
          ],
          [
            2.095141,
            41.389629,
            308.399
          ],
          [
            2.095241,
            41.389737,
            308.514
          ],
          [
            2.095292,
            41.389829,
            307.987
          ],
          [
            2.095364,
            41.389929,
            307.642
          ],
          [
            2.095442,
            41.390042,
            307.826
          ],
          [
            2.095511,
            41.390153,
            307.908
          ],
          [
            2.095543,
            41.390202,
            307.565
          ],
          [
            2.095575,
            41.390254,
            306.927
          ],
          [
            2.095651,
            41.390275,
            306.411
          ],
          [
            2.095677,
            41.390329,
            306.385
          ],
          [
            2.095718,
            41.390382,
            306.791
          ],
          [
            2.095747,
            41.390441,
            307.523
          ],
          [
            2.095777,
            41.390488,
            308.193
          ],
          [
            2.095801,
            41.390536,
            308.738
          ],
          [
            2.095834,
            41.390587,
            309.427
          ],
          [
            2.095866,
            41.390636,
            309.968
          ],
          [
            2.095901,
            41.390674,
            310.414
          ],
          [
            2.095961,
            41.390723,
            311.008
          ],
          [
            2.096002,
            41.390759,
            311.139
          ],
          [
            2.096044,
            41.390791,
            311.431
          ],
          [
            2.096103,
            41.390835,
            311.775
          ],
          [
            2.096163,
            41.390878,
            311.669
          ],
          [
            2.096228,
            41.390914,
            311.775
          ],
          [
            2.096279,
            41.390944,
            311.327
          ],
          [
            2.096324,
            41.390977,
            311.757
          ],
          [
            2.096382,
            41.39101,
            312.042
          ],
          [
            2.096439,
            41.391042,
            312.061
          ],
          [
            2.096494,
            41.391078,
            312.421
          ],
          [
            2.096551,
            41.391106,
            312.313
          ],
          [
            2.096609,
            41.391141,
            313.508
          ],
          [
            2.096679,
            41.391175,
            313.743
          ],
          [
            2.096743,
            41.391199,
            315.165
          ],
          [
            2.096805,
            41.391225,
            315.859
          ],
          [
            2.096876,
            41.391245,
            316.543
          ],
          [
            2.096956,
            41.391264,
            317.559
          ],
          [
            2.097033,
            41.391277,
            318.431
          ],
          [
            2.097103,
            41.391289,
            318.191
          ],
          [
            2.097172,
            41.39129,
            318.036
          ],
          [
            2.097235,
            41.391303,
            317.857
          ],
          [
            2.097293,
            41.391317,
            318.4
          ],
          [
            2.097367,
            41.391335,
            318.82
          ],
          [
            2.097436,
            41.391359,
            318.808
          ],
          [
            2.097489,
            41.391381,
            319.272
          ],
          [
            2.097547,
            41.391409,
            320.094
          ],
          [
            2.097608,
            41.391427,
            320.588
          ],
          [
            2.097692,
            41.391447,
            321.892
          ],
          [
            2.097781,
            41.391465,
            322.138
          ],
          [
            2.097844,
            41.391474,
            321.93
          ],
          [
            2.097914,
            41.391481,
            320.82
          ],
          [
            2.098002,
            41.391495,
            320.435
          ],
          [
            2.09809,
            41.391516,
            319.928
          ],
          [
            2.098182,
            41.391538,
            318.889
          ],
          [
            2.098276,
            41.391563,
            318.517
          ],
          [
            2.098362,
            41.391594,
            318.408
          ],
          [
            2.098443,
            41.391627,
            318.759
          ],
          [
            2.098517,
            41.391657,
            319.051
          ],
          [
            2.098586,
            41.39168,
            319.135
          ],
          [
            2.098652,
            41.391685,
            318.549
          ],
          [
            2.098741,
            41.39168,
            318.615
          ],
          [
            2.098826,
            41.391659,
            319.057
          ],
          [
            2.098898,
            41.391626,
            319.117
          ],
          [
            2.09895,
            41.39158,
            319.492
          ],
          [
            2.098994,
            41.391527,
            319.899
          ],
          [
            2.099027,
            41.39148,
            320.307
          ],
          [
            2.099061,
            41.391435,
            320.927
          ],
          [
            2.099109,
            41.391387,
            321.708
          ],
          [
            2.099135,
            41.391327,
            322.056
          ],
          [
            2.099142,
            41.391249,
            321.168
          ],
          [
            2.099147,
            41.391167,
            320.922
          ],
          [
            2.099161,
            41.391078,
            320.536
          ],
          [
            2.099191,
            41.390971,
            320.032
          ],
          [
            2.099204,
            41.390874,
            319.614
          ],
          [
            2.099217,
            41.39082,
            319.064
          ],
          [
            2.099217,
            41.390763,
            318.019
          ],
          [
            2.099222,
            41.390655,
            318.232
          ],
          [
            2.099225,
            41.390599,
            318.492
          ],
          [
            2.099248,
            41.3905,
            318.511
          ],
          [
            2.09926,
            41.390453,
            319.108
          ],
          [
            2.09932,
            41.390363,
            319.75
          ],
          [
            2.099429,
            41.390268,
            319.942
          ],
          [
            2.099492,
            41.390248,
            320.126
          ],
          [
            2.099564,
            41.390223,
            320.01
          ],
          [
            2.099698,
            41.390168,
            319.216
          ],
          [
            2.099826,
            41.390103,
            318.248
          ],
          [
            2.099892,
            41.390075,
            318.128
          ],
          [
            2.100014,
            41.390025,
            317.813
          ],
          [
            2.100104,
            41.390038,
            317.654
          ],
          [
            2.100169,
            41.390106,
            317.556
          ],
          [
            2.100194,
            41.390155,
            317.611
          ],
          [
            2.100204,
            41.390202,
            317.908
          ],
          [
            2.100246,
            41.390288,
            317.652
          ],
          [
            2.100286,
            41.390373,
            317.564
          ],
          [
            2.100349,
            41.390459,
            316.868
          ],
          [
            2.100406,
            41.390545,
            316.182
          ],
          [
            2.100434,
            41.390592,
            316.298
          ],
          [
            2.100474,
            41.390639,
            316.11
          ],
          [
            2.1005,
            41.39069,
            315.82
          ],
          [
            2.100527,
            41.390737,
            315.065
          ],
          [
            2.100564,
            41.390852,
            314.369
          ],
          [
            2.100582,
            41.390973,
            313.804
          ],
          [
            2.100585,
            41.391028,
            313.724
          ],
          [
            2.10059,
            41.391083,
            313.408
          ],
          [
            2.100599,
            41.391217,
            312.873
          ],
          [
            2.100613,
            41.391282,
            311.345
          ],
          [
            2.100622,
            41.391331,
            310.359
          ],
          [
            2.100654,
            41.391446,
            310.293
          ],
          [
            2.100683,
            41.391497,
            310.149
          ],
          [
            2.100713,
            41.391547,
            309.981
          ],
          [
            2.100785,
            41.391647,
            310.251
          ],
          [
            2.10082,
            41.391692,
            310.366
          ],
          [
            2.100899,
            41.391773,
            310.416
          ],
          [
            2.100934,
            41.391816,
            310.476
          ],
          [
            2.100966,
            41.391855,
            310.513
          ],
          [
            2.101,
            41.391933,
            310.708
          ],
          [
            2.101011,
            41.39202,
            311.328
          ],
          [
            2.100976,
            41.392114,
            311.97
          ],
          [
            2.100947,
            41.39216,
            311.984
          ],
          [
            2.10088,
            41.392252,
            311.388
          ],
          [
            2.100823,
            41.392351,
            311.254
          ],
          [
            2.100761,
            41.392447,
            311.296
          ],
          [
            2.100695,
            41.392542,
            310.926
          ],
          [
            2.10065,
            41.392639,
            310.771
          ],
          [
            2.100635,
            41.392697,
            310.957
          ],
          [
            2.100629,
            41.39275,
            311.1
          ],
          [
            2.100642,
            41.392866,
            310.92
          ],
          [
            2.100657,
            41.39297,
            310.608
          ],
          [
            2.100668,
            41.393072,
            310.762
          ],
          [
            2.10067,
            41.393161,
            311.214
          ],
          [
            2.10064,
            41.393241,
            311.388
          ],
          [
            2.100621,
            41.393332,
            311.732
          ],
          [
            2.100605,
            41.393377,
            311.938
          ],
          [
            2.100586,
            41.393421,
            311.77
          ],
          [
            2.100569,
            41.39351,
            311.22
          ],
          [
            2.100542,
            41.393551,
            310.925
          ],
          [
            2.100487,
            41.393615,
            310.167
          ],
          [
            2.100439,
            41.393703,
            308.981
          ],
          [
            2.100402,
            41.393744,
            308.719
          ],
          [
            2.100329,
            41.393817,
            308.808
          ],
          [
            2.100256,
            41.393891,
            309.363
          ],
          [
            2.100179,
            41.393953,
            310.025
          ],
          [
            2.100119,
            41.394025,
            310.729
          ],
          [
            2.100111,
            41.394105,
            311.353
          ],
          [
            2.100163,
            41.394182,
            311.739
          ],
          [
            2.100198,
            41.394225,
            312.231
          ],
          [
            2.100236,
            41.394319,
            312.141
          ],
          [
            2.100255,
            41.394417,
            311.616
          ],
          [
            2.100286,
            41.394513,
            311.793
          ],
          [
            2.100336,
            41.394593,
            311.565
          ],
          [
            2.10039,
            41.394664,
            311.521
          ],
          [
            2.100414,
            41.394706,
            311.908
          ],
          [
            2.100538,
            41.394761,
            312.236
          ],
          [
            2.100583,
            41.394798,
            312.428
          ],
          [
            2.100644,
            41.394874,
            312.822
          ],
          [
            2.1007,
            41.394952,
            313.496
          ],
          [
            2.10077,
            41.395026,
            314.282
          ],
          [
            2.100835,
            41.39512,
            314.034
          ],
          [
            2.100843,
            41.395176,
            314.064
          ],
          [
            2.100812,
            41.395222,
            314.129
          ],
          [
            2.100762,
            41.3953,
            310.754
          ],
          [
            2.100751,
            41.395401,
            308.456
          ],
          [
            2.100727,
            41.395485,
            307.411
          ],
          [
            2.100707,
            41.395533,
            307.408
          ],
          [
            2.100684,
            41.395593,
            308.082
          ],
          [
            2.100652,
            41.395635,
            308.564
          ],
          [
            2.100615,
            41.395685,
            309.068
          ],
          [
            2.100579,
            41.395723,
            309.382
          ],
          [
            2.100569,
            41.395779,
            309.368
          ],
          [
            2.100579,
            41.395829,
            309.18
          ],
          [
            2.100615,
            41.395869,
            309.33
          ],
          [
            2.100662,
            41.395961,
            309.945
          ],
          [
            2.100728,
            41.396036,
            310.242
          ],
          [
            2.100772,
            41.396118,
            309.922
          ],
          [
            2.100797,
            41.396171,
            310.014
          ],
          [
            2.100866,
            41.396264,
            310.308
          ],
          [
            2.100879,
            41.396375,
            311.111
          ],
          [
            2.100974,
            41.396455,
            311.483
          ],
          [
            2.10102,
            41.3965,
            311.987
          ],
          [
            2.101069,
            41.396612,
            312.691
          ],
          [
            2.101113,
            41.396724,
            313.527
          ],
          [
            2.101133,
            41.396776,
            314.249
          ],
          [
            2.101157,
            41.396886,
            314.029
          ],
          [
            2.101174,
            41.396942,
            313.784
          ],
          [
            2.101206,
            41.397051,
            313.835
          ],
          [
            2.101239,
            41.397148,
            313.686
          ],
          [
            2.101279,
            41.397194,
            313.514
          ],
          [
            2.101338,
            41.397262,
            312.808
          ],
          [
            2.101384,
            41.397335,
            312.73
          ],
          [
            2.101433,
            41.397411,
            312.272
          ],
          [
            2.101482,
            41.397489,
            312.676
          ],
          [
            2.101522,
            41.397533,
            313.74
          ],
          [
            2.101544,
            41.397604,
            314.396
          ],
          [
            2.101594,
            41.39767,
            314.828
          ],
          [
            2.101656,
            41.397742,
            313.778
          ],
          [
            2.101709,
            41.39786,
            312.733
          ],
          [
            2.101779,
            41.397986,
            311.729
          ],
          [
            2.101846,
            41.398038,
            311.0
          ],
          [
            2.102006,
            41.398033,
            310.02
          ],
          [
            2.10217,
            41.398018,
            309.408
          ],
          [
            2.102239,
            41.398011,
            309.229
          ],
          [
            2.102304,
            41.398,
            308.851
          ],
          [
            2.102448,
            41.398027,
            309.035
          ],
          [
            2.102588,
            41.398082,
            309.169
          ],
          [
            2.102645,
            41.39812,
            309.725
          ],
          [
            2.102752,
            41.398187,
            309.797
          ],
          [
            2.10285,
            41.39826,
            309.747
          ],
          [
            2.102932,
            41.398344,
            310.322
          ],
          [
            2.102976,
            41.398388,
            310.838
          ],
          [
            2.103083,
            41.398459,
            310.47
          ],
          [
            2.103139,
            41.398489,
            310.017
          ],
          [
            2.103267,
            41.398545,
            309.808
          ],
          [
            2.103327,
            41.398571,
            309.72
          ],
          [
            2.103389,
            41.398612,
            309.772
          ],
          [
            2.103486,
            41.39868,
            309.536
          ],
          [
            2.103573,
            41.398758,
            309.69
          ],
          [
            2.103645,
            41.398839,
            309.946
          ],
          [
            2.103724,
            41.398914,
            309.668
          ],
          [
            2.103743,
            41.39896,
            309.848
          ],
          [
            2.103811,
            41.399041,
            309.473
          ],
          [
            2.103821,
            41.39909,
            309.574
          ],
          [
            2.103842,
            41.399179,
            309.956
          ],
          [
            2.103851,
            41.399225,
            310.321
          ],
          [
            2.103913,
            41.399307,
            311.308
          ],
          [
            2.104016,
            41.399352,
            311.364
          ],
          [
            2.104071,
            41.399374,
            311.586
          ],
          [
            2.104184,
            41.399413,
            311.38
          ],
          [
            2.104293,
            41.399468,
            310.924
          ],
          [
            2.104365,
            41.399539,
            310.64
          ],
          [
            2.104395,
            41.399581,
            310.942
          ],
          [
            2.104459,
            41.399665,
            310.942
          ],
          [
            2.104488,
            41.399708,
            311.067
          ],
          [
            2.104495,
            41.399753,
            311.164
          ],
          [
            2.104504,
            41.399848,
            311.006
          ],
          [
            2.1045,
            41.399946,
            310.516
          ],
          [
            2.104495,
            41.400033,
            308.808
          ],
          [
            2.104488,
            41.400122,
            308.243
          ],
          [
            2.104507,
            41.400244,
            307.465
          ],
          [
            2.104496,
            41.40031,
            307.539
          ],
          [
            2.104517,
            41.400415,
            307.693
          ],
          [
            2.104519,
            41.400471,
            307.329
          ],
          [
            2.104497,
            41.40055,
            306.361
          ],
          [
            2.10449,
            41.400598,
            305.881
          ],
          [
            2.104478,
            41.400683,
            305.946
          ],
          [
            2.104454,
            41.400776,
            305.422
          ],
          [
            2.104412,
            41.400856,
            304.762
          ],
          [
            2.104463,
            41.400912,
            303.608
          ],
          [
            2.104566,
            41.400968,
            303.108
          ],
          [
            2.10467,
            41.400986,
            302.289
          ],
          [
            2.104701,
            41.401026,
            301.621
          ],
          [
            2.104756,
            41.40111,
            300.685
          ],
          [
            2.104777,
            41.401188,
            300.499
          ],
          [
            2.104798,
            41.401232,
            300.475
          ],
          [
            2.10489,
            41.40134,
            301.697
          ],
          [
            2.104923,
            41.401396,
            300.457
          ],
          [
            2.104962,
            41.401464,
            299.092
          ],
          [
            2.105008,
            41.40154,
            298.831
          ],
          [
            2.105053,
            41.401614,
            299.461
          ],
          [
            2.105088,
            41.401687,
            300.107
          ],
          [
            2.105136,
            41.401748,
            299.808
          ],
          [
            2.10519,
            41.401835,
            300.39
          ],
          [
            2.105203,
            41.401884,
            300.862
          ],
          [
            2.105186,
            41.401976,
            301.686
          ],
          [
            2.105167,
            41.40202,
            302.58
          ],
          [
            2.105111,
            41.402111,
            303.116
          ],
          [
            2.105117,
            41.402167,
            303.518
          ],
          [
            2.105175,
            41.402253,
            303.228
          ],
          [
            2.105305,
            41.402304,
            303.863
          ],
          [
            2.105415,
            41.402334,
            305.028
          ],
          [
            2.105514,
            41.402368,
            305.689
          ],
          [
            2.105591,
            41.40243,
            305.817
          ],
          [
            2.105663,
            41.402506,
            306.308
          ],
          [
            2.105721,
            41.402591,
            306.819
          ],
          [
            2.105749,
            41.402633,
            307.771
          ],
          [
            2.105795,
            41.402728,
            308.015
          ],
          [
            2.105816,
            41.402813,
            307.849
          ],
          [
            2.105848,
            41.402907,
            306.925
          ],
          [
            2.105843,
            41.402998,
            306.087
          ],
          [
            2.105827,
            41.40308,
            304.467
          ],
          [
            2.105831,
            41.403166,
            302.762
          ],
          [
            2.105857,
            41.403215,
            302.042
          ],
          [
            2.105885,
            41.40326,
            301.722
          ],
          [
            2.106027,
            41.403305,
            303.314
          ],
          [
            2.10613,
            41.403295,
            303.108
          ],
          [
            2.106251,
            41.403278,
            302.811
          ],
          [
            2.106314,
            41.403262,
            302.583
          ],
          [
            2.106411,
            41.403253,
            301.797
          ],
          [
            2.106469,
            41.40324,
            301.371
          ],
          [
            2.106557,
            41.403234,
            300.417
          ],
          [
            2.106692,
            41.403268,
            299.959
          ],
          [
            2.1068,
            41.403297,
            300.459
          ],
          [
            2.106861,
            41.40332,
            302.964
          ],
          [
            2.106984,
            41.403376,
            303.945
          ],
          [
            2.107099,
            41.403409,
            304.247
          ],
          [
            2.10718,
            41.403472,
            307.211
          ],
          [
            2.107217,
            41.403516,
            308.108
          ],
          [
            2.107291,
            41.403584,
            307.291
          ],
          [
            2.107329,
            41.403645,
            305.723
          ],
          [
            2.107349,
            41.403712,
            303.977
          ],
          [
            2.107372,
            41.403793,
            302.531
          ],
          [
            2.107381,
            41.403872,
            300.837
          ],
          [
            2.107394,
            41.403956,
            300.169
          ],
          [
            2.107402,
            41.404042,
            300.249
          ],
          [
            2.107402,
            41.404132,
            300.564
          ],
          [
            2.107395,
            41.404183,
            300.872
          ],
          [
            2.107357,
            41.404271,
            300.713
          ],
          [
            2.107326,
            41.404368,
            300.614
          ],
          [
            2.107284,
            41.404445,
            300.208
          ],
          [
            2.107261,
            41.404534,
            300.224
          ],
          [
            2.107315,
            41.40462,
            300.356
          ],
          [
            2.107353,
            41.404657,
            300.38
          ],
          [
            2.107438,
            41.404717,
            300.524
          ],
          [
            2.107519,
            41.404769,
            300.69
          ],
          [
            2.107584,
            41.404826,
            301.062
          ],
          [
            2.107614,
            41.404867,
            301.612
          ],
          [
            2.107672,
            41.404952,
            302.387
          ],
          [
            2.107712,
            41.405037,
            302.629
          ],
          [
            2.107746,
            41.40512,
            303.1
          ],
          [
            2.107789,
            41.405199,
            303.62
          ],
          [
            2.107843,
            41.405283,
            304.208
          ],
          [
            2.107903,
            41.405357,
            304.369
          ],
          [
            2.107978,
            41.40543,
            304.571
          ],
          [
            2.108075,
            41.40549,
            305.025
          ],
          [
            2.108135,
            41.405526,
            305.289
          ],
          [
            2.108223,
            41.405567,
            304.235
          ],
          [
            2.108342,
            41.405626,
            303.357
          ],
          [
            2.108467,
            41.405683,
            301.677
          ],
          [
            2.108523,
            41.4057,
            300.822
          ],
          [
            2.10863,
            41.405769,
            300.686
          ],
          [
            2.108715,
            41.405836,
            299.76
          ],
          [
            2.108745,
            41.405883,
            299.026
          ],
          [
            2.108811,
            41.405953,
            297.808
          ],
          [
            2.108829,
            41.405999,
            296.675
          ],
          [
            2.108859,
            41.406052,
            296.057
          ],
          [
            2.108885,
            41.406135,
            295.691
          ],
          [
            2.108911,
            41.406193,
            295.155
          ],
          [
            2.108943,
            41.40629,
            295.141
          ],
          [
            2.108966,
            41.406382,
            295.833
          ],
          [
            2.108994,
            41.406454,
            296.263
          ],
          [
            2.109044,
            41.406545,
            296.218
          ],
          [
            2.109038,
            41.406625,
            294.931
          ],
          [
            2.10902,
            41.406678,
            291.961
          ],
          [
            2.109005,
            41.406758,
            288.507
          ],
          [
            2.109001,
            41.406807,
            286.808
          ],
          [
            2.108964,
            41.406877,
            285.91
          ],
          [
            2.108887,
            41.406937,
            285.512
          ],
          [
            2.108791,
            41.406955,
            286.226
          ],
          [
            2.10872,
            41.406962,
            287.06
          ],
          [
            2.108651,
            41.406943,
            288.676
          ],
          [
            2.108593,
            41.406909,
            289.968
          ],
          [
            2.108544,
            41.406875,
            291.218
          ],
          [
            2.108506,
            41.406837,
            292.593
          ],
          [
            2.108459,
            41.406799,
            293.517
          ],
          [
            2.108408,
            41.406754,
            295.587
          ],
          [
            2.108326,
            41.406739,
            297.215
          ],
          [
            2.108224,
            41.406755,
            297.408
          ],
          [
            2.108137,
            41.406784,
            297.528
          ],
          [
            2.108032,
            41.406735,
            297.87
          ],
          [
            2.107908,
            41.406693,
            298.254
          ],
          [
            2.10777,
            41.406642,
            298.378
          ],
          [
            2.107642,
            41.406599,
            298.334
          ],
          [
            2.107512,
            41.406601,
            298.846
          ],
          [
            2.107452,
            41.406602,
            298.826
          ],
          [
            2.10734,
            41.40666,
            299.411
          ],
          [
            2.107271,
            41.406719,
            300.586
          ],
          [
            2.107202,
            41.406774,
            301.76
          ],
          [
            2.10715,
            41.406831,
            302.526
          ],
          [
            2.107085,
            41.406881,
            303.208
          ],
          [
            2.107026,
            41.406929,
            303.925
          ],
          [
            2.106959,
            41.406966,
            304.697
          ],
          [
            2.106882,
            41.406983,
            305.451
          ],
          [
            2.1068,
            41.406982,
            306.455
          ],
          [
            2.106721,
            41.406963,
            306.921
          ],
          [
            2.106654,
            41.406925,
            307.453
          ],
          [
            2.106598,
            41.406879,
            307.813
          ],
          [
            2.106554,
            41.406836,
            307.938
          ],
          [
            2.106524,
            41.406783,
            308.284
          ],
          [
            2.106503,
            41.406726,
            308.807
          ],
          [
            2.106472,
            41.406677,
            309.617
          ],
          [
            2.106429,
            41.406635,
            310.508
          ],
          [
            2.106376,
            41.406595,
            311.065
          ],
          [
            2.106318,
            41.406565,
            311.517
          ],
          [
            2.106255,
            41.406548,
            311.191
          ],
          [
            2.106188,
            41.406538,
            310.995
          ],
          [
            2.106106,
            41.406535,
            310.871
          ],
          [
            2.106021,
            41.406542,
            310.913
          ],
          [
            2.105943,
            41.406556,
            311.013
          ],
          [
            2.105868,
            41.406574,
            310.728
          ],
          [
            2.10579,
            41.40659,
            309.491
          ],
          [
            2.105711,
            41.406598,
            308.681
          ],
          [
            2.105622,
            41.4066,
            308.919
          ],
          [
            2.105522,
            41.406584,
            308.608
          ],
          [
            2.105437,
            41.406558,
            307.666
          ],
          [
            2.105366,
            41.406519,
            306.828
          ],
          [
            2.105299,
            41.406466,
            306.392
          ],
          [
            2.105235,
            41.406407,
            305.576
          ],
          [
            2.105171,
            41.406344,
            305.152
          ],
          [
            2.105099,
            41.406287,
            305.034
          ],
          [
            2.105032,
            41.406237,
            305.374
          ],
          [
            2.104964,
            41.40619,
            305.839
          ],
          [
            2.104876,
            41.406156,
            305.185
          ],
          [
            2.104789,
            41.406156,
            305.089
          ],
          [
            2.1047,
            41.406171,
            305.117
          ],
          [
            2.104582,
            41.406242,
            305.608
          ],
          [
            2.104521,
            41.406277,
            305.555
          ],
          [
            2.104462,
            41.406319,
            305.857
          ],
          [
            2.104401,
            41.406424,
            306.331
          ],
          [
            2.104427,
            41.40655,
            307.545
          ],
          [
            2.104455,
            41.406596,
            307.311
          ],
          [
            2.104516,
            41.40671,
            307.633
          ],
          [
            2.104562,
            41.406817,
            309.113
          ],
          [
            2.104559,
            41.40688,
            308.128
          ],
          [
            2.104583,
            41.406962,
            306.963
          ],
          [
            2.104633,
            41.407059,
            307.444
          ],
          [
            2.104693,
            41.407149,
            307.818
          ],
          [
            2.104737,
            41.407257,
            304.208
          ],
          [
            2.10474,
            41.407307,
            302.643
          ],
          [
            2.104649,
            41.407354,
            302.425
          ],
          [
            2.104576,
            41.407428,
            303.589
          ],
          [
            2.104472,
            41.407478,
            304.073
          ],
          [
            2.104362,
            41.407524,
            304.779
          ],
          [
            2.104299,
            41.407551,
            304.451
          ],
          [
            2.104243,
            41.407583,
            304.451
          ],
          [
            2.10418,
            41.407609,
            305.296
          ],
          [
            2.104108,
            41.407623,
            305.972
          ],
          [
            2.103974,
            41.407633,
            306.313
          ],
          [
            2.103858,
            41.407651,
            306.614
          ],
          [
            2.103767,
            41.40772,
            306.708
          ],
          [
            2.10373,
            41.407759,
            306.444
          ],
          [
            2.103701,
            41.407831,
            306.316
          ],
          [
            2.103693,
            41.407915,
            305.52
          ],
          [
            2.103744,
            41.407983,
            305.744
          ],
          [
            2.103824,
            41.408049,
            305.74
          ],
          [
            2.103915,
            41.408116,
            306.262
          ],
          [
            2.103974,
            41.408154,
            307.062
          ],
          [
            2.104071,
            41.408211,
            308.347
          ],
          [
            2.104154,
            41.408282,
            308.825
          ],
          [
            2.104219,
            41.408371,
            309.126
          ],
          [
            2.104239,
            41.408434,
            309.508
          ],
          [
            2.104239,
            41.408518,
            309.308
          ],
          [
            2.104206,
            41.408609,
            309.799
          ],
          [
            2.104168,
            41.408702,
            310.261
          ],
          [
            2.104161,
            41.408751,
            310.065
          ],
          [
            2.104165,
            41.408866,
            309.319
          ],
          [
            2.104291,
            41.408912,
            308.845
          ],
          [
            2.104358,
            41.408923,
            309.167
          ],
          [
            2.104491,
            41.408943,
            309.167
          ],
          [
            2.104581,
            41.408989,
            308.032
          ],
          [
            2.104707,
            41.409032,
            307.117
          ],
          [
            2.104821,
            41.409053,
            306.287
          ],
          [
            2.10484,
            41.408977,
            305.815
          ],
          [
            2.104925,
            41.408911,
            305.508
          ],
          [
            2.104967,
            41.408866,
            305.118
          ],
          [
            2.105058,
            41.408817,
            305.18
          ],
          [
            2.105186,
            41.408787,
            304.034
          ],
          [
            2.1053,
            41.40877,
            303.538
          ],
          [
            2.105429,
            41.408757,
            303.744
          ],
          [
            2.105545,
            41.408754,
            303.636
          ],
          [
            2.105661,
            41.408775,
            302.976
          ],
          [
            2.10577,
            41.408819,
            302.721
          ],
          [
            2.10588,
            41.408852,
            303.538
          ],
          [
            2.105996,
            41.408897,
            304.37
          ],
          [
            2.106104,
            41.408945,
            304.117
          ],
          [
            2.10616,
            41.408972,
            304.408
          ],
          [
            2.106275,
            41.409008,
            304.22
          ],
          [
            2.106336,
            41.409044,
            304.022
          ],
          [
            2.106451,
            41.409091,
            304.356
          ],
          [
            2.1065,
            41.409119,
            304.19
          ],
          [
            2.106553,
            41.409149,
            304.236
          ],
          [
            2.106635,
            41.409226,
            303.528
          ],
          [
            2.106679,
            41.409323,
            303.038
          ],
          [
            2.106643,
            41.409361,
            302.543
          ],
          [
            2.106614,
            41.409479,
            302.011
          ],
          [
            2.106582,
            41.409585,
            301.921
          ],
          [
            2.106584,
            41.409679,
            302.003
          ],
          [
            2.10664,
            41.409758,
            302.208
          ],
          [
            2.106744,
            41.409826,
            303.168
          ],
          [
            2.106797,
            41.409853,
            303.94
          ],
          [
            2.106884,
            41.409922,
            303.124
          ],
          [
            2.106923,
            41.40996,
            301.818
          ],
          [
            2.106985,
            41.410031,
            300.534
          ],
          [
            2.106985,
            41.410079,
            299.556
          ],
          [
            2.106959,
            41.410152,
            299.256
          ],
          [
            2.106941,
            41.410196,
            299.521
          ],
          [
            2.106875,
            41.41027,
            298.425
          ],
          [
            2.10685,
            41.410316,
            297.626
          ],
          [
            2.106769,
            41.410398,
            297.708
          ],
          [
            2.106686,
            41.410464,
            298.408
          ],
          [
            2.106624,
            41.41049,
            298.599
          ],
          [
            2.106512,
            41.410541,
            298.551
          ],
          [
            2.106456,
            41.410566,
            298.315
          ],
          [
            2.106367,
            41.410626,
            298.069
          ],
          [
            2.106283,
            41.410685,
            297.885
          ],
          [
            2.106204,
            41.410742,
            297.857
          ],
          [
            2.106173,
            41.410781,
            298.267
          ],
          [
            2.106075,
            41.410838,
            298.992
          ],
          [
            2.106024,
            41.410863,
            299.539
          ],
          [
            2.105988,
            41.410902,
            300.201
          ],
          [
            2.10594,
            41.410965,
            302.121
          ],
          [
            2.105885,
            41.411043,
            304.108
          ],
          [
            2.10583,
            41.411116,
            305.42
          ],
          [
            2.105789,
            41.411204,
            306.662
          ],
          [
            2.105911,
            41.411288,
            307.476
          ],
          [
            2.106019,
            41.411344,
            307.85
          ],
          [
            2.106083,
            41.411372,
            308.016
          ],
          [
            2.106173,
            41.411432,
            308.758
          ],
          [
            2.10621,
            41.41147,
            309.768
          ],
          [
            2.10625,
            41.411561,
            308.343
          ],
          [
            2.10628,
            41.411665,
            308.026
          ],
          [
            2.106298,
            41.411713,
            307.947
          ],
          [
            2.106363,
            41.41178,
            308.411
          ],
          [
            2.106483,
            41.411819,
            309.108
          ],
          [
            2.10659,
            41.411808,
            310.319
          ],
          [
            2.106669,
            41.411744,
            310.511
          ],
          [
            2.106769,
            41.411705,
            310.875
          ],
          [
            2.106861,
            41.411649,
            310.239
          ],
          [
            2.106942,
            41.41159,
            309.065
          ],
          [
            2.107031,
            41.411527,
            308.097
          ],
          [
            2.107131,
            41.411492,
            307.347
          ],
          [
            2.107239,
            41.411473,
            305.052
          ],
          [
            2.107358,
            41.411453,
            302.016
          ],
          [
            2.107476,
            41.411439,
            300.676
          ],
          [
            2.107609,
            41.41144,
            299.813
          ],
          [
            2.107737,
            41.411442,
            299.908
          ],
          [
            2.107861,
            41.411438,
            300.758
          ],
          [
            2.107987,
            41.411435,
            302.19
          ],
          [
            2.108099,
            41.411458,
            302.944
          ],
          [
            2.108194,
            41.411498,
            302.868
          ],
          [
            2.108262,
            41.411563,
            303.034
          ],
          [
            2.108287,
            41.411639,
            303.896
          ],
          [
            2.108276,
            41.411717,
            303.626
          ],
          [
            2.108253,
            41.411795,
            302.921
          ],
          [
            2.108208,
            41.411876,
            301.791
          ],
          [
            2.108217,
            41.411972,
            300.981
          ],
          [
            2.108226,
            41.412019,
            300.019
          ],
          [
            2.108242,
            41.412118,
            299.508
          ],
          [
            2.10823,
            41.412163,
            299.236
          ],
          [
            2.108241,
            41.412214,
            299.498
          ],
          [
            2.108186,
            41.412239,
            301.892
          ],
          [
            2.108163,
            41.41233,
            303.386
          ],
          [
            2.108169,
            41.412411,
            302.232
          ],
          [
            2.108183,
            41.412456,
            301.564
          ],
          [
            2.108235,
            41.412531,
            301.274
          ],
          [
            2.108316,
            41.412594,
            300.739
          ],
          [
            2.108441,
            41.412639,
            300.929
          ],
          [
            2.108498,
            41.412663,
            300.0
          ],
          [
            2.108624,
            41.41271,
            299.12
          ],
          [
            2.108705,
            41.412747,
            298.108
          ],
          [
            2.108815,
            41.412818,
            298.359
          ],
          [
            2.108923,
            41.41287,
            297.411
          ],
          [
            2.109029,
            41.412863,
            297.035
          ],
          [
            2.109095,
            41.412841,
            296.959
          ],
          [
            2.109152,
            41.41281,
            296.615
          ],
          [
            2.109227,
            41.412745,
            296.417
          ],
          [
            2.109254,
            41.412695,
            296.557
          ],
          [
            2.109303,
            41.412627,
            296.122
          ],
          [
            2.109344,
            41.412561,
            296.339
          ],
          [
            2.109421,
            41.412494,
            296.201
          ],
          [
            2.1095,
            41.41243,
            296.321
          ],
          [
            2.109597,
            41.412367,
            296.608
          ],
          [
            2.109697,
            41.41231,
            297.34
          ],
          [
            2.109799,
            41.412266,
            298.932
          ],
          [
            2.109864,
            41.412259,
            300.856
          ],
          [
            2.109928,
            41.412264,
            302.01
          ],
          [
            2.110029,
            41.412283,
            303.296
          ],
          [
            2.110117,
            41.412325,
            303.468
          ],
          [
            2.110149,
            41.412425,
            303.888
          ],
          [
            2.110197,
            41.412513,
            304.053
          ],
          [
            2.110227,
            41.412617,
            304.075
          ],
          [
            2.110232,
            41.412695,
            304.528
          ],
          [
            2.110265,
            41.412783,
            305.22
          ],
          [
            2.11027,
            41.412861,
            306.208
          ],
          [
            2.110289,
            41.412907,
            307.594
          ],
          [
            2.110301,
            41.412956,
            308.796
          ],
          [
            2.110308,
            41.413002,
            309.21
          ],
          [
            2.110323,
            41.413076,
            309.184
          ],
          [
            2.110347,
            41.413141,
            306.09
          ],
          [
            2.110383,
            41.413204,
            304.432
          ],
          [
            2.11043,
            41.413264,
            303.972
          ],
          [
            2.110493,
            41.413331,
            303.877
          ],
          [
            2.110569,
            41.413371,
            303.336
          ],
          [
            2.110619,
            41.413402,
            302.917
          ],
          [
            2.11068,
            41.413465,
            303.318
          ],
          [
            2.110745,
            41.413512,
            304.208
          ],
          [
            2.11081,
            41.413568,
            306.41
          ],
          [
            2.110887,
            41.413611,
            307.762
          ],
          [
            2.110971,
            41.413614,
            307.576
          ],
          [
            2.111059,
            41.413628,
            307.42
          ],
          [
            2.111133,
            41.413611,
            307.076
          ],
          [
            2.111192,
            41.413573,
            306.518
          ],
          [
            2.111233,
            41.413507,
            305.658
          ],
          [
            2.111192,
            41.413334,
            305.023
          ],
          [
            2.111236,
            41.413225,
            304.784
          ],
          [
            2.111241,
            41.413163,
            304.607
          ],
          [
            2.111291,
            41.413038,
            304.417
          ],
          [
            2.111297,
            41.412982,
            304.008
          ],
          [
            2.111338,
            41.412868,
            302.495
          ],
          [
            2.111414,
            41.412787,
            302.567
          ],
          [
            2.111464,
            41.412759,
            302.131
          ],
          [
            2.111534,
            41.412685,
            301.455
          ],
          [
            2.111615,
            41.412616,
            301.011
          ],
          [
            2.111714,
            41.41253,
            300.473
          ],
          [
            2.111845,
            41.412488,
            299.783
          ],
          [
            2.111952,
            41.412445,
            300.278
          ],
          [
            2.112012,
            41.412421,
            300.947
          ],
          [
            2.112093,
            41.412382,
            301.629
          ],
          [
            2.112155,
            41.412394,
            302.521
          ],
          [
            2.112259,
            41.412411,
            303.308
          ],
          [
            2.112365,
            41.41244,
            303.491
          ],
          [
            2.112448,
            41.412493,
            303.723
          ],
          [
            2.112519,
            41.412557,
            303.457
          ],
          [
            2.112534,
            41.412605,
            303.341
          ],
          [
            2.112589,
            41.412671,
            303.577
          ],
          [
            2.112661,
            41.412728,
            303.419
          ],
          [
            2.112726,
            41.412778,
            303.339
          ],
          [
            2.112877,
            41.412797,
            303.124
          ],
          [
            2.113029,
            41.412758,
            303.381
          ],
          [
            2.113121,
            41.412688,
            303.861
          ],
          [
            2.113224,
            41.412619,
            302.817
          ],
          [
            2.113317,
            41.412527,
            302.908
          ],
          [
            2.113417,
            41.412448,
            303.225
          ],
          [
            2.113481,
            41.412409,
            303.537
          ],
          [
            2.113594,
            41.41236,
            302.921
          ],
          [
            2.113642,
            41.412313,
            302.425
          ],
          [
            2.113712,
            41.41227,
            301.921
          ],
          [
            2.113827,
            41.412224,
            301.133
          ],
          [
            2.113919,
            41.412241,
            300.963
          ],
          [
            2.114036,
            41.41223,
            300.678
          ],
          [
            2.114103,
            41.412233,
            300.473
          ],
          [
            2.114186,
            41.412263,
            299.085
          ],
          [
            2.114232,
            41.412302,
            298.313
          ],
          [
            2.114304,
            41.412352,
            297.508
          ],
          [
            2.114372,
            41.412424,
            296.174
          ],
          [
            2.114384,
            41.412499,
            295.246
          ],
          [
            2.114382,
            41.412575,
            295.56
          ],
          [
            2.114388,
            41.412622,
            296.094
          ],
          [
            2.114409,
            41.412696,
            295.16
          ],
          [
            2.114417,
            41.412786,
            293.892
          ],
          [
            2.114451,
            41.41288,
            293.232
          ],
          [
            2.114472,
            41.412924,
            293.417
          ],
          [
            2.114534,
            41.413,
            293.645
          ],
          [
            2.114625,
            41.413068,
            293.947
          ],
          [
            2.11468,
            41.413099,
            294.011
          ],
          [
            2.114807,
            41.41313,
            293.808
          ],
          [
            2.114873,
            41.413132,
            293.771
          ],
          [
            2.114946,
            41.413135,
            294.043
          ],
          [
            2.115012,
            41.413136,
            294.127
          ],
          [
            2.115143,
            41.413163,
            294.271
          ],
          [
            2.115259,
            41.413217,
            295.177
          ],
          [
            2.115303,
            41.413267,
            295.079
          ],
          [
            2.115375,
            41.41337,
            295.259
          ],
          [
            2.115419,
            41.413459,
            295.184
          ],
          [
            2.115455,
            41.413537,
            295.243
          ],
          [
            2.115478,
            41.413601,
            294.764
          ],
          [
            2.115522,
            41.413643,
            294.31
          ],
          [
            2.115587,
            41.413719,
            293.908
          ],
          [
            2.115667,
            41.413808,
            293.421
          ],
          [
            2.115735,
            41.4139,
            293.523
          ],
          [
            2.115778,
            41.413946,
            293.937
          ],
          [
            2.115875,
            41.414056,
            294.121
          ],
          [
            2.115956,
            41.414141,
            294.487
          ],
          [
            2.116005,
            41.414178,
            294.749
          ],
          [
            2.116134,
            41.414174,
            294.549
          ],
          [
            2.11621,
            41.414165,
            294.764
          ],
          [
            2.116323,
            41.414129,
            295.917
          ],
          [
            2.116355,
            41.414081,
            295.787
          ],
          [
            2.116437,
            41.414,
            296.615
          ],
          [
            2.116477,
            41.413904,
            296.908
          ],
          [
            2.116535,
            41.413828,
            297.078
          ],
          [
            2.116558,
            41.413773,
            297.23
          ],
          [
            2.116647,
            41.413695,
            297.794
          ],
          [
            2.11669,
            41.413652,
            298.298
          ],
          [
            2.116771,
            41.413588,
            298.884
          ],
          [
            2.116827,
            41.413555,
            299.576
          ],
          [
            2.116933,
            41.413521,
            300.286
          ],
          [
            2.117043,
            41.413496,
            300.891
          ],
          [
            2.117114,
            41.413496,
            301.362
          ],
          [
            2.117237,
            41.413492,
            301.683
          ],
          [
            2.117363,
            41.413508,
            301.011
          ],
          [
            2.117482,
            41.413559,
            300.708
          ],
          [
            2.117593,
            41.413604,
            300.813
          ],
          [
            2.117706,
            41.413642,
            300.945
          ],
          [
            2.117832,
            41.413668,
            300.619
          ],
          [
            2.117944,
            41.413699,
            299.763
          ],
          [
            2.118074,
            41.413685,
            299.189
          ],
          [
            2.118201,
            41.413679,
            299.111
          ],
          [
            2.118271,
            41.413678,
            299.251
          ],
          [
            2.118347,
            41.413671,
            299.636
          ],
          [
            2.118486,
            41.41364,
            300.337
          ],
          [
            2.118585,
            41.413575,
            301.149
          ],
          [
            2.118648,
            41.413558,
            302.013
          ],
          [
            2.118731,
            41.413522,
            302.108
          ],
          [
            2.118782,
            41.413428,
            302.64
          ],
          [
            2.118808,
            41.413321,
            303.882
          ],
          [
            2.118798,
            41.413205,
            303.836
          ],
          [
            2.118782,
            41.413112,
            304.17
          ],
          [
            2.118779,
            41.413013,
            304.276
          ],
          [
            2.118773,
            41.412962,
            304.028
          ],
          [
            2.118799,
            41.412876,
            303.688
          ],
          [
            2.118808,
            41.412829,
            303.713
          ],
          [
            2.118836,
            41.41273,
            303.351
          ],
          [
            2.118865,
            41.412683,
            303.001
          ],
          [
            2.118904,
            41.412645,
            302.511
          ],
          [
            2.11901,
            41.412604,
            302.108
          ],
          [
            2.119064,
            41.412574,
            301.492
          ],
          [
            2.119129,
            41.412561,
            301.144
          ],
          [
            2.119234,
            41.412523,
            301.188
          ],
          [
            2.119323,
            41.412487,
            301.652
          ],
          [
            2.119427,
            41.412488,
            301.718
          ],
          [
            2.119515,
            41.412504,
            302.33
          ],
          [
            2.119589,
            41.412561,
            302.55
          ],
          [
            2.119615,
            41.412644,
            302.725
          ],
          [
            2.119628,
            41.412727,
            303.072
          ],
          [
            2.119627,
            41.412803,
            303.413
          ],
          [
            2.119634,
            41.412881,
            303.414
          ],
          [
            2.119623,
            41.412946,
            303.808
          ],
          [
            2.119628,
            41.413034,
            304.564
          ],
          [
            2.119624,
            41.413102,
            304.446
          ],
          [
            2.119614,
            41.41317,
            304.58
          ],
          [
            2.119589,
            41.413233,
            304.594
          ],
          [
            2.119549,
            41.413294,
            304.93
          ],
          [
            2.119497,
            41.41335,
            305.082
          ],
          [
            2.119434,
            41.413412,
            305.092
          ],
          [
            2.119373,
            41.413477,
            305.327
          ],
          [
            2.11933,
            41.413542,
            306.188
          ],
          [
            2.119298,
            41.413611,
            306.424
          ],
          [
            2.119272,
            41.413684,
            307.126
          ],
          [
            2.119251,
            41.413757,
            307.208
          ],
          [
            2.11923,
            41.413829,
            306.835
          ],
          [
            2.119209,
            41.413912,
            306.657
          ],
          [
            2.119194,
            41.413966,
            306.561
          ],
          [
            2.119151,
            41.414052,
            306.645
          ],
          [
            2.119127,
            41.414101,
            306.791
          ],
          [
            2.119076,
            41.414197,
            306.883
          ],
          [
            2.119027,
            41.414306,
            307.253
          ],
          [
            2.118989,
            41.41435,
            307.388
          ],
          [
            2.118959,
            41.414396,
            307.374
          ],
          [
            2.118876,
            41.414473,
            306.956
          ],
          [
            2.118878,
            41.414564,
            307.721
          ],
          [
            2.118846,
            41.414635,
            308.408
          ],
          [
            2.118844,
            41.414716,
            309.084
          ],
          [
            2.11888,
            41.414797,
            309.636
          ],
          [
            2.118949,
            41.414872,
            309.87
          ],
          [
            2.119002,
            41.414903,
            309.924
          ],
          [
            2.119135,
            41.414917,
            308.32
          ],
          [
            2.119261,
            41.414951,
            308.112
          ],
          [
            2.119341,
            41.414957,
            308.452
          ],
          [
            2.119472,
            41.414972,
            308.067
          ],
          [
            2.119608,
            41.41497,
            308.515
          ],
          [
            2.119673,
            41.414964,
            308.965
          ],
          [
            2.119788,
            41.414948,
            308.911
          ],
          [
            2.119928,
            41.41493,
            308.608
          ],
          [
            2.119996,
            41.414936,
            308.548
          ],
          [
            2.120077,
            41.414906,
            307.18
          ],
          [
            2.120153,
            41.414912,
            306.684
          ],
          [
            2.120258,
            41.414969,
            306.218
          ],
          [
            2.120297,
            41.415013,
            306.014
          ],
          [
            2.12032,
            41.415056,
            305.856
          ],
          [
            2.120313,
            41.415116,
            305.596
          ],
          [
            2.120267,
            41.415211,
            305.021
          ],
          [
            2.120235,
            41.415253,
            304.553
          ],
          [
            2.120196,
            41.415327,
            304.204
          ],
          [
            2.120166,
            41.415369,
            303.514
          ],
          [
            2.120121,
            41.415439,
            303.208
          ],
          [
            2.120052,
            41.415504,
            302.772
          ],
          [
            2.12002,
            41.415586,
            302.444
          ],
          [
            2.120004,
            41.41567,
            302.768
          ],
          [
            2.119998,
            41.415715,
            302.552
          ],
          [
            2.11999,
            41.415806,
            302.348
          ],
          [
            2.11999,
            41.415852,
            302.85
          ],
          [
            2.119995,
            41.41594,
            303.17
          ],
          [
            2.120019,
            41.416028,
            303.255
          ],
          [
            2.120076,
            41.416102,
            302.721
          ],
          [
            2.120149,
            41.416152,
            302.441
          ],
          [
            2.120265,
            41.416177,
            302.405
          ],
          [
            2.120394,
            41.41613,
            302.708
          ],
          [
            2.120472,
            41.41606,
            302.529
          ],
          [
            2.120571,
            41.416004,
            302.071
          ],
          [
            2.120667,
            41.415941,
            302.385
          ],
          [
            2.120735,
            41.415939,
            302.969
          ],
          [
            2.120836,
            41.415971,
            303.335
          ],
          [
            2.120888,
            41.416005,
            303.977
          ],
          [
            2.120955,
            41.416096,
            302.947
          ],
          [
            2.120992,
            41.416139,
            302.462
          ],
          [
            2.121037,
            41.416231,
            302.974
          ],
          [
            2.121054,
            41.416281,
            302.756
          ],
          [
            2.121095,
            41.416398,
            302.021
          ],
          [
            2.121116,
            41.416449,
            301.308
          ],
          [
            2.121178,
            41.416552,
            301.154
          ],
          [
            2.121213,
            41.416601,
            300.566
          ],
          [
            2.121255,
            41.41669,
            299.43
          ],
          [
            2.121288,
            41.416729,
            301.534
          ],
          [
            2.121321,
            41.416771,
            301.23
          ],
          [
            2.121396,
            41.416843,
            300.062
          ],
          [
            2.121485,
            41.416895,
            299.322
          ],
          [
            2.121582,
            41.416935,
            301.987
          ],
          [
            2.12163,
            41.416872,
            302.285
          ],
          [
            2.121678,
            41.416804,
            301.389
          ],
          [
            2.121693,
            41.416724,
            300.917
          ],
          [
            2.121682,
            41.416672,
            300.708
          ],
          [
            2.121679,
            41.416592,
            299.915
          ],
          [
            2.121679,
            41.416543,
            299.587
          ],
          [
            2.121703,
            41.416457,
            298.991
          ],
          [
            2.121748,
            41.416372,
            298.195
          ],
          [
            2.121783,
            41.416331,
            297.511
          ],
          [
            2.121822,
            41.416282,
            297.263
          ],
          [
            2.121866,
            41.416246,
            299.953
          ],
          [
            2.121971,
            41.416195,
            300.188
          ],
          [
            2.122086,
            41.416167,
            299.576
          ],
          [
            2.122143,
            41.416147,
            301.79
          ],
          [
            2.122171,
            41.416105,
            302.219
          ],
          [
            2.122207,
            41.416017,
            302.108
          ],
          [
            2.122198,
            41.415921,
            302.344
          ],
          [
            2.122215,
            41.41584,
            301.696
          ],
          [
            2.122212,
            41.415742,
            300.81
          ],
          [
            2.122247,
            41.415703,
            300.324
          ],
          [
            2.122307,
            41.415613,
            302.45
          ],
          [
            2.122369,
            41.415519,
            302.812
          ],
          [
            2.122402,
            41.41543,
            303.012
          ],
          [
            2.122378,
            41.415336,
            304.827
          ],
          [
            2.122371,
            41.415289,
            305.368
          ],
          [
            2.122419,
            41.415201,
            305.042
          ],
          [
            2.122461,
            41.41514,
            304.126
          ],
          [
            2.122532,
            41.415095,
            305.108
          ],
          [
            2.122628,
            41.415076,
            306.323
          ],
          [
            2.122735,
            41.415087,
            305.775
          ],
          [
            2.122824,
            41.415138,
            305.439
          ],
          [
            2.122894,
            41.415208,
            304.313
          ],
          [
            2.12296,
            41.415273,
            303.189
          ],
          [
            2.123038,
            41.415329,
            302.861
          ],
          [
            2.123142,
            41.415359,
            302.931
          ],
          [
            2.123252,
            41.415339,
            302.776
          ],
          [
            2.123293,
            41.415304,
            302.259
          ],
          [
            2.123334,
            41.415218,
            301.803
          ],
          [
            2.123347,
            41.41517,
            301.823
          ],
          [
            2.123371,
            41.415074,
            304.008
          ],
          [
            2.123384,
            41.414986,
            303.972
          ],
          [
            2.123409,
            41.414887,
            303.644
          ],
          [
            2.123395,
            41.414803,
            302.598
          ],
          [
            2.123388,
            41.414755,
            302.212
          ],
          [
            2.123369,
            41.414671,
            302.558
          ],
          [
            2.123357,
            41.414624,
            303.13
          ],
          [
            2.123322,
            41.414546,
            303.65
          ],
          [
            2.123309,
            41.414462,
            303.865
          ],
          [
            2.123279,
            41.414379,
            304.392
          ],
          [
            2.123257,
            41.414302,
            305.173
          ],
          [
            2.123223,
            41.414216,
            305.72
          ],
          [
            2.123218,
            41.414136,
            305.408
          ],
          [
            2.123225,
            41.414049,
            305.236
          ],
          [
            2.123254,
            41.413952,
            305.378
          ],
          [
            2.123308,
            41.413878,
            305.442
          ],
          [
            2.123385,
            41.413822,
            305.816
          ],
          [
            2.123464,
            41.413773,
            305.922
          ],
          [
            2.123554,
            41.41373,
            305.954
          ],
          [
            2.123657,
            41.413702,
            305.444
          ],
          [
            2.123762,
            41.413669,
            304.879
          ],
          [
            2.123873,
            41.413649,
            304.474
          ],
          [
            2.123999,
            41.413635,
            304.456
          ],
          [
            2.124123,
            41.413634,
            304.721
          ],
          [
            2.124183,
            41.413641,
            304.908
          ],
          [
            2.12428,
            41.413675,
            304.994
          ],
          [
            2.12438,
            41.413711,
            304.796
          ],
          [
            2.12443,
            41.413743,
            304.41
          ],
          [
            2.124521,
            41.413788,
            304.354
          ],
          [
            2.124611,
            41.413829,
            304.26
          ],
          [
            2.124712,
            41.413871,
            304.142
          ],
          [
            2.124817,
            41.41391,
            304.092
          ],
          [
            2.124917,
            41.413937,
            303.927
          ],
          [
            2.125007,
            41.413955,
            304.056
          ],
          [
            2.125089,
            41.413974,
            304.559
          ],
          [
            2.125179,
            41.413988,
            304.714
          ],
          [
            2.125278,
            41.413993,
            305.008
          ],
          [
            2.125377,
            41.413991,
            304.882
          ],
          [
            2.125459,
            41.414002,
            304.314
          ],
          [
            2.125536,
            41.414043,
            303.238
          ],
          [
            2.125584,
            41.414107,
            302.822
          ],
          [
            2.125568,
            41.414181,
            302.768
          ],
          [
            2.125494,
            41.414259,
            302.78
          ],
          [
            2.125451,
            41.414294,
            302.79
          ],
          [
            2.125409,
            41.414328,
            302.735
          ],
          [
            2.12534,
            41.414394,
            302.656
          ],
          [
            2.125293,
            41.414459,
            302.659
          ],
          [
            2.125252,
            41.414526,
            302.614
          ],
          [
            2.125224,
            41.414586,
            302.508
          ],
          [
            2.125201,
            41.414646,
            302.782
          ],
          [
            2.125164,
            41.414705,
            302.624
          ],
          [
            2.125133,
            41.414766,
            302.918
          ],
          [
            2.125119,
            41.414835,
            303.022
          ],
          [
            2.125108,
            41.414903,
            303.548
          ],
          [
            2.125108,
            41.414984,
            304.41
          ],
          [
            2.125135,
            41.415056,
            304.49
          ],
          [
            2.125224,
            41.415145,
            304.765
          ],
          [
            2.125257,
            41.415228,
            305.049
          ],
          [
            2.125286,
            41.415281,
            305.002
          ],
          [
            2.125348,
            41.415376,
            305.222
          ],
          [
            2.125391,
            41.415432,
            303.608
          ],
          [
            2.125472,
            41.415536,
            301.831
          ],
          [
            2.125509,
            41.4156,
            300.293
          ],
          [
            2.125564,
            41.415669,
            300.557
          ],
          [
            2.125649,
            41.41573,
            300.881
          ],
          [
            2.125756,
            41.415773,
            301.837
          ],
          [
            2.125889,
            41.415818,
            302.789
          ],
          [
            2.12597,
            41.415848,
            302.219
          ],
          [
            2.126026,
            41.415872,
            302.464
          ],
          [
            2.126127,
            41.415909,
            303.141
          ],
          [
            2.126233,
            41.41595,
            303.981
          ],
          [
            2.126272,
            41.415993,
            304.109
          ],
          [
            2.126335,
            41.416094,
            304.708
          ],
          [
            2.126361,
            41.416139,
            305.251
          ],
          [
            2.126401,
            41.416208,
            305.823
          ],
          [
            2.12643,
            41.416269,
            306.157
          ],
          [
            2.126452,
            41.41634,
            306.611
          ],
          [
            2.126505,
            41.416432,
            307.497
          ],
          [
            2.126535,
            41.41651,
            308.229
          ],
          [
            2.126566,
            41.416567,
            308.969
          ],
          [
            2.126615,
            41.416612,
            309.154
          ],
          [
            2.126676,
            41.416676,
            308.972
          ],
          [
            2.126702,
            41.416756,
            308.813
          ],
          [
            2.12668,
            41.416809,
            308.414
          ],
          [
            2.126779,
            41.416896,
            307.508
          ],
          [
            2.126933,
            41.416854,
            306.324
          ],
          [
            2.126965,
            41.41681,
            305.796
          ],
          [
            2.127101,
            41.416838,
            305.79
          ],
          [
            2.127242,
            41.416813,
            305.074
          ],
          [
            2.12735,
            41.416753,
            303.56
          ],
          [
            2.127474,
            41.416732,
            301.712
          ],
          [
            2.127546,
            41.416697,
            299.722
          ],
          [
            2.1276,
            41.41667,
            298.617
          ],
          [
            2.12771,
            41.41665,
            298.542
          ],
          [
            2.127777,
            41.41665,
            298.522
          ],
          [
            2.127869,
            41.416636,
            298.514
          ],
          [
            2.127975,
            41.416619,
            299.608
          ],
          [
            2.12804,
            41.416638,
            299.671
          ],
          [
            2.128105,
            41.416637,
            299.733
          ],
          [
            2.12822,
            41.416666,
            300.087
          ],
          [
            2.128313,
            41.416667,
            300.221
          ],
          [
            2.128387,
            41.416679,
            301.337
          ],
          [
            2.12846,
            41.416691,
            301.449
          ],
          [
            2.128531,
            41.41673,
            301.619
          ],
          [
            2.128592,
            41.416787,
            302.684
          ],
          [
            2.12864,
            41.416848,
            303.358
          ],
          [
            2.128677,
            41.416904,
            304.552
          ],
          [
            2.12871,
            41.416951,
            305.617
          ],
          [
            2.128744,
            41.417006,
            306.108
          ],
          [
            2.128771,
            41.417075,
            306.492
          ],
          [
            2.128802,
            41.417142,
            306.844
          ],
          [
            2.128823,
            41.417188,
            307.238
          ],
          [
            2.128866,
            41.417241,
            307.792
          ],
          [
            2.128891,
            41.417286,
            308.568
          ],
          [
            2.128886,
            41.417336,
            308.67
          ],
          [
            2.128901,
            41.417382,
            309.02
          ],
          [
            2.128938,
            41.417428,
            308.175
          ],
          [
            2.128958,
            41.417478,
            307.355
          ],
          [
            2.128897,
            41.417465,
            306.207
          ],
          [
            2.128823,
            41.417525,
            305.017
          ],
          [
            2.12879,
            41.417566,
            304.708
          ],
          [
            2.128758,
            41.417611,
            304.932
          ],
          [
            2.128681,
            41.417702,
            305.064
          ],
          [
            2.128609,
            41.417782,
            305.948
          ],
          [
            2.128535,
            41.417857,
            306.412
          ],
          [
            2.128451,
            41.417921,
            306.678
          ],
          [
            2.128405,
            41.417953,
            306.89
          ],
          [
            2.128315,
            41.417991,
            306.41
          ],
          [
            2.128233,
            41.418024,
            306.575
          ],
          [
            2.12816,
            41.418079,
            306.162
          ],
          [
            2.12808,
            41.418146,
            306.583
          ],
          [
            2.128039,
            41.41818,
            307.011
          ],
          [
            2.127959,
            41.418247,
            307.908
          ],
          [
            2.127911,
            41.418326,
            308.453
          ],
          [
            2.127891,
            41.418412,
            309.055
          ],
          [
            2.127905,
            41.418505,
            309.119
          ],
          [
            2.127965,
            41.418584,
            310.083
          ],
          [
            2.128012,
            41.418615,
            310.779
          ],
          [
            2.12806,
            41.418642,
            310.821
          ],
          [
            2.128157,
            41.418705,
            310.661
          ],
          [
            2.128202,
            41.418741,
            310.446
          ],
          [
            2.12828,
            41.418814,
            309.538
          ],
          [
            2.128314,
            41.41889,
            308.77
          ],
          [
            2.128284,
            41.418969,
            308.217
          ],
          [
            2.128239,
            41.419039,
            307.908
          ],
          [
            2.128174,
            41.4191,
            307.45
          ],
          [
            2.128085,
            41.419147,
            307.122
          ],
          [
            2.127978,
            41.419171,
            307.566
          ],
          [
            2.12787,
            41.419186,
            307.22
          ],
          [
            2.127781,
            41.419197,
            307.596
          ],
          [
            2.127709,
            41.41921,
            307.928
          ],
          [
            2.127654,
            41.419228,
            308.788
          ],
          [
            2.127597,
            41.419254,
            309.463
          ],
          [
            2.127538,
            41.419276,
            309.873
          ]
        ]
      }
    }
  ]
}