<?xml version="1.0" encoding="UTF-8"?><gpx creator="Wikiloc - https://www.wikiloc.com" version="1.1" xmlns="http://www.topografix.com/GPX/1/1" xmlns:xsi="http://www.w3.org/2001/XMLSchema-instance" xsi:schemaLocation="http://www.topografix.com/GPX/1/1 http://www.topografix.com/GPX/1/1/gpx.xsd"><metadata><name>Wikiloc - Camí de les Aigües (Barcelona)</name><author><name>Youngstars</name><link href="https://www.wikiloc.com/wikiloc/user.do?id=7292788"><text>Youngstars on Wikiloc</text></link></author><link href="https://www.wikiloc.com/mountain-biking-trails/cami-de-les-aigues-barcelona-79373550"><text>Camí de les Aigües (Barcelona) on Wikiloc</text></link><time>2021-07-28T09:37:19Z</time></metadata><trk><name>Camí de les Aigües (Barcelona) - Wikiloc</name><cmt></cmt><desc></desc><trkseg><trkpt lat="41.419139" lon="2.127451"><ele>293.876</ele><time>2021-07-28T10:22:28Z</time></trkpt><trkpt lat="41.419128" lon="2.127546"><ele>296.690</ele><time>2021-07-28T10:22:30Z</time></trkpt><trkpt lat="41.419097" lon="2.127610"><ele>298.319</ele><time>2021-07-28T10:22:32Z</time></trkpt><trkpt lat="41.419044" lon="2.127651"><ele>299.008</ele><time>2021-07-28T10:22:34Z</time></trkpt><trkpt lat="41.418975" lon="2.127730"><ele>299.264</ele><time>2021-07-28T10:22:36Z</time></trkpt><trkpt lat="41.418940" lon="2.127773"><ele>299.276</ele><time>2021-07-28T10:22:37Z</time></trkpt><trkpt lat="41.418888" lon="2.127869"><ele>299.050</ele><time>2021-07-28T10:22:39Z</time></trkpt><trkpt lat="41.418831" lon="2.127941"><ele>298.364</ele><time>2021-07-28T10:22:41Z</time></trkpt><trkpt lat="41.418769" lon="2.127966"><ele>297.840</ele><time>2021-07-28T10:22:43Z</time></trkpt><trkpt lat="41.418710" lon="2.127965"><ele>297.452</ele><time>2021-07-28T10:22:45Z</time></trkpt><trkpt lat="41.418643" lon="2.127938"><ele>296.542</ele><time>2021-07-28T10:22:47Z</time></trkpt><trkpt lat="41.418569" lon="2.127896"><ele>295.227</ele><time>2021-07-28T10:22:49Z</time></trkpt><trkpt lat="41.418498" lon="2.127862"><ele>294.443</ele><time>2021-07-28T10:22:51Z</time></trkpt><trkpt lat="41.418425" lon="2.127817"><ele>293.764</ele><time>2021-07-28T10:22:53Z</time></trkpt><trkpt lat="41.418381" lon="2.127801"><ele>295.510</ele><time>2021-07-28T10:22:54Z</time></trkpt><trkpt lat="41.418287" lon="2.127792"><ele>296.208</ele><time>2021-07-28T10:22:56Z</time></trkpt><trkpt lat="41.418200" lon="2.127827"><ele>296.551</ele><time>2021-07-28T10:22:58Z</time></trkpt><trkpt lat="41.418163" lon="2.127868"><ele>296.433</ele><time>2021-07-28T10:22:59Z</time></trkpt><trkpt lat="41.418112" lon="2.127942"><ele>296.427</ele><time>2021-07-28T10:23:01Z</time></trkpt><trkpt lat="41.418062" lon="2.128005"><ele>295.871</ele><time>2021-07-28T10:23:03Z</time></trkpt><trkpt lat="41.418022" lon="2.128071"><ele>295.357</ele><time>2021-07-28T10:23:05Z</time></trkpt><trkpt lat="41.417987" lon="2.128150"><ele>294.529</ele><time>2021-07-28T10:23:07Z</time></trkpt><trkpt lat="41.417948" lon="2.128222"><ele>294.029</ele><time>2021-07-28T10:23:09Z</time></trkpt><trkpt lat="41.417892" lon="2.128304"><ele>294.084</ele><time>2021-07-28T10:23:11Z</time></trkpt><trkpt lat="41.417802" lon="2.128322"><ele>293.842</ele><time>2021-07-28T10:23:12Z</time></trkpt><trkpt lat="41.417770" lon="2.128385"><ele>294.222</ele><time>2021-07-28T10:23:14Z</time></trkpt><trkpt lat="41.417744" lon="2.128456"><ele>294.914</ele><time>2021-07-28T10:23:15Z</time></trkpt><trkpt lat="41.417701" lon="2.128480"><ele>295.308</ele><time>2021-07-28T10:23:16Z</time></trkpt><trkpt lat="41.417678" lon="2.128590"><ele>295.431</ele><time>2021-07-28T10:23:18Z</time></trkpt><trkpt lat="41.417653" lon="2.128650"><ele>295.233</ele><time>2021-07-28T10:23:20Z</time></trkpt><trkpt lat="41.417613" lon="2.128684"><ele>295.297</ele><time>2021-07-28T10:23:21Z</time></trkpt><trkpt lat="41.417579" lon="2.128772"><ele>294.321</ele><time>2021-07-28T10:23:23Z</time></trkpt><trkpt lat="41.417534" lon="2.128850"><ele>294.157</ele><time>2021-07-28T10:23:25Z</time></trkpt><trkpt lat="41.417481" lon="2.128905"><ele>293.589</ele><time>2021-07-28T10:23:27Z</time></trkpt><trkpt lat="41.417419" lon="2.128905"><ele>294.089</ele><time>2021-07-28T10:23:29Z</time></trkpt><trkpt lat="41.417375" lon="2.128879"><ele>293.384</ele><time>2021-07-28T10:23:30Z</time></trkpt><trkpt lat="41.417290" lon="2.128832"><ele>292.296</ele><time>2021-07-28T10:23:32Z</time></trkpt><trkpt lat="41.417233" lon="2.128795"><ele>291.131</ele><time>2021-07-28T10:23:34Z</time></trkpt><trkpt lat="41.417185" lon="2.128730"><ele>290.124</ele><time>2021-07-28T10:23:36Z</time></trkpt><trkpt lat="41.417181" lon="2.128657"><ele>289.508</ele><time>2021-07-28T10:23:38Z</time></trkpt><trkpt lat="41.417156" lon="2.128602"><ele>289.256</ele><time>2021-07-28T10:23:40Z</time></trkpt><trkpt lat="41.417114" lon="2.128580"><ele>289.088</ele><time>2021-07-28T10:23:44Z</time></trkpt><trkpt lat="41.417072" lon="2.128551"><ele>288.992</ele><time>2021-07-28T10:23:50Z</time></trkpt><trkpt lat="41.417074" lon="2.128488"><ele>285.126</ele><time>2021-07-28T10:23:57Z</time></trkpt><trkpt lat="41.417065" lon="2.128428"><ele>283.712</ele><time>2021-07-28T10:24:00Z</time></trkpt><trkpt lat="41.417035" lon="2.128361"><ele>283.124</ele><time>2021-07-28T10:24:02Z</time></trkpt><trkpt lat="41.417009" lon="2.128286"><ele>282.794</ele><time>2021-07-28T10:24:05Z</time></trkpt><trkpt lat="41.416978" lon="2.128198"><ele>282.899</ele><time>2021-07-28T10:24:07Z</time></trkpt><trkpt lat="41.417034" lon="2.128182"><ele>284.575</ele><time>2021-07-28T10:24:16Z</time></trkpt><trkpt lat="41.417067" lon="2.128227"><ele>285.528</ele><time>2021-07-28T10:24:20Z</time></trkpt><trkpt lat="41.417024" lon="2.128191"><ele>286.220</ele><time>2021-07-28T10:24:23Z</time></trkpt><trkpt lat="41.416980" lon="2.128168"><ele>286.208</ele><time>2021-07-28T10:24:26Z</time></trkpt><trkpt lat="41.416918" lon="2.128157"><ele>282.894</ele><time>2021-07-28T10:24:29Z</time></trkpt><trkpt lat="41.416856" lon="2.128133"><ele>281.416</ele><time>2021-07-28T10:24:31Z</time></trkpt><trkpt lat="41.416784" lon="2.128113"><ele>280.910</ele><time>2021-07-28T10:24:33Z</time></trkpt><trkpt lat="41.416718" lon="2.128091"><ele>281.334</ele><time>2021-07-28T10:24:35Z</time></trkpt><trkpt lat="41.416659" lon="2.128010"><ele>281.750</ele><time>2021-07-28T10:24:37Z</time></trkpt><trkpt lat="41.416627" lon="2.127923"><ele>282.312</ele><time>2021-07-28T10:24:39Z</time></trkpt><trkpt lat="41.416612" lon="2.127818"><ele>282.392</ele><time>2021-07-28T10:24:41Z</time></trkpt><trkpt lat="41.416606" lon="2.127708"><ele>282.437</ele><time>2021-07-28T10:24:43Z</time></trkpt><trkpt lat="41.416606" lon="2.127604"><ele>282.921</ele><time>2021-07-28T10:24:45Z</time></trkpt><trkpt lat="41.416639" lon="2.127507"><ele>283.341</ele><time>2021-07-28T10:24:47Z</time></trkpt><trkpt lat="41.416648" lon="2.127385"><ele>284.705</ele><time>2021-07-28T10:24:49Z</time></trkpt><trkpt lat="41.416642" lon="2.127325"><ele>286.308</ele><time>2021-07-28T10:24:50Z</time></trkpt><trkpt lat="41.416635" lon="2.127225"><ele>287.029</ele><time>2021-07-28T10:24:52Z</time></trkpt><trkpt lat="41.416643" lon="2.127126"><ele>287.511</ele><time>2021-07-28T10:24:54Z</time></trkpt><trkpt lat="41.416694" lon="2.127092"><ele>288.275</ele><time>2021-07-28T10:24:56Z</time></trkpt><trkpt lat="41.416746" lon="2.127064"><ele>289.259</ele><time>2021-07-28T10:24:58Z</time></trkpt><trkpt lat="41.416799" lon="2.127019"><ele>291.235</ele><time>2021-07-28T10:25:01Z</time></trkpt><trkpt lat="41.416828" lon="2.126951"><ele>291.287</ele><time>2021-07-28T10:25:03Z</time></trkpt><trkpt lat="41.416835" lon="2.126848"><ele>291.287</ele><time>2021-07-28T10:25:05Z</time></trkpt><trkpt lat="41.416828" lon="2.126782"><ele>287.272</ele><time>2021-07-28T10:25:06Z</time></trkpt><trkpt lat="41.416813" lon="2.126660"><ele>284.356</ele><time>2021-07-28T10:25:08Z</time></trkpt><trkpt lat="41.416802" lon="2.126535"><ele>283.759</ele><time>2021-07-28T10:25:10Z</time></trkpt><trkpt lat="41.416799" lon="2.126471"><ele>283.814</ele><time>2021-07-28T10:25:11Z</time></trkpt><trkpt lat="41.416771" lon="2.126305"><ele>284.808</ele><time>2021-07-28T10:25:13Z</time></trkpt><trkpt lat="41.416799" lon="2.126251"><ele>286.682</ele><time>2021-07-28T10:25:16Z</time></trkpt><trkpt lat="41.416799" lon="2.126173"><ele>288.234</ele><time>2021-07-28T10:25:18Z</time></trkpt><trkpt lat="41.416661" lon="2.126056"><ele>289.378</ele><time>2021-07-28T10:25:19Z</time></trkpt><trkpt lat="41.416619" lon="2.126125"><ele>289.972</ele><time>2021-07-28T10:25:20Z</time></trkpt><trkpt lat="41.416646" lon="2.126312"><ele>291.738</ele><time>2021-07-28T10:25:22Z</time></trkpt><trkpt lat="41.416519" lon="2.126261"><ele>292.960</ele><time>2021-07-28T10:25:24Z</time></trkpt><trkpt lat="41.416439" lon="2.126207"><ele>294.110</ele><time>2021-07-28T10:25:26Z</time></trkpt><trkpt lat="41.416356" lon="2.126172"><ele>295.845</ele><time>2021-07-28T10:25:28Z</time></trkpt><trkpt lat="41.416264" lon="2.126146"><ele>297.673</ele><time>2021-07-28T10:25:30Z</time></trkpt><trkpt lat="41.416219" lon="2.126135"><ele>298.885</ele><time>2021-07-28T10:25:31Z</time></trkpt><trkpt lat="41.416159" lon="2.126133"><ele>300.113</ele><time>2021-07-28T10:25:32Z</time></trkpt><trkpt lat="41.416076" lon="2.126112"><ele>300.908</ele><time>2021-07-28T10:25:34Z</time></trkpt><trkpt lat="41.415969" lon="2.126060"><ele>301.484</ele><time>2021-07-28T10:25:36Z</time></trkpt><trkpt lat="41.415864" lon="2.126021"><ele>302.366</ele><time>2021-07-28T10:25:38Z</time></trkpt><trkpt lat="41.415823" lon="2.125981"><ele>304.490</ele><time>2021-07-28T10:25:41Z</time></trkpt><trkpt lat="41.415741" lon="2.125844"><ele>306.354</ele><time>2021-07-28T10:25:43Z</time></trkpt><trkpt lat="41.415725" lon="2.125725"><ele>307.590</ele><time>2021-07-28T10:25:45Z</time></trkpt><trkpt lat="41.415725" lon="2.125665"><ele>308.262</ele><time>2021-07-28T10:25:46Z</time></trkpt><trkpt lat="41.415666" lon="2.125588"><ele>308.792</ele><time>2021-07-28T10:25:48Z</time></trkpt><trkpt lat="41.415642" lon="2.125484"><ele>309.067</ele><time>2021-07-28T10:25:50Z</time></trkpt><trkpt lat="41.415597" lon="2.125506"><ele>309.127</ele><time>2021-07-28T10:25:51Z</time></trkpt><trkpt lat="41.415581" lon="2.125400"><ele>309.368</ele><time>2021-07-28T10:25:53Z</time></trkpt><trkpt lat="41.415498" lon="2.125327"><ele>309.514</ele><time>2021-07-28T10:25:56Z</time></trkpt><trkpt lat="41.415421" lon="2.125266"><ele>309.808</ele><time>2021-07-28T10:25:58Z</time></trkpt><trkpt lat="41.415345" lon="2.125228"><ele>310.129</ele><time>2021-07-28T10:26:00Z</time></trkpt><trkpt lat="41.415251" lon="2.125200"><ele>311.151</ele><time>2021-07-28T10:26:02Z</time></trkpt><trkpt lat="41.415203" lon="2.125191"><ele>311.715</ele><time>2021-07-28T10:26:03Z</time></trkpt><trkpt lat="41.415108" lon="2.125167"><ele>312.189</ele><time>2021-07-28T10:26:05Z</time></trkpt><trkpt lat="41.415052" lon="2.125132"><ele>311.715</ele><time>2021-07-28T10:26:06Z</time></trkpt><trkpt lat="41.415000" lon="2.125096"><ele>312.137</ele><time>2021-07-28T10:26:08Z</time></trkpt><trkpt lat="41.414946" lon="2.125071"><ele>312.267</ele><time>2021-07-28T10:26:09Z</time></trkpt><trkpt lat="41.414867" lon="2.125021"><ele>312.542</ele><time>2021-07-28T10:26:11Z</time></trkpt><trkpt lat="41.414794" lon="2.124996"><ele>312.233</ele><time>2021-07-28T10:26:13Z</time></trkpt><trkpt lat="41.414731" lon="2.124976"><ele>311.623</ele><time>2021-07-28T10:26:15Z</time></trkpt><trkpt lat="41.414661" lon="2.124955"><ele>311.215</ele><time>2021-07-28T10:26:17Z</time></trkpt><trkpt lat="41.414590" lon="2.124978"><ele>311.008</ele><time>2021-07-28T10:26:18Z</time></trkpt><trkpt lat="41.414548" lon="2.125010"><ele>310.650</ele><time>2021-07-28T10:26:20Z</time></trkpt><trkpt lat="41.414451" lon="2.125079"><ele>310.882</ele><time>2021-07-28T10:26:22Z</time></trkpt><trkpt lat="41.414415" lon="2.125139"><ele>311.576</ele><time>2021-07-28T10:26:23Z</time></trkpt><trkpt lat="41.414358" lon="2.125196"><ele>312.340</ele><time>2021-07-28T10:26:26Z</time></trkpt><trkpt lat="41.414307" lon="2.125229"><ele>313.226</ele><time>2021-07-28T10:26:27Z</time></trkpt><trkpt lat="41.414265" lon="2.125270"><ele>313.678</ele><time>2021-07-28T10:26:29Z</time></trkpt><trkpt lat="41.414226" lon="2.125349"><ele>313.538</ele><time>2021-07-28T10:26:31Z</time></trkpt><trkpt lat="41.414186" lon="2.125450"><ele>312.763</ele><time>2021-07-28T10:26:33Z</time></trkpt><trkpt lat="41.414149" lon="2.125521"><ele>311.938</ele><time>2021-07-28T10:26:35Z</time></trkpt><trkpt lat="41.414089" lon="2.125509"><ele>310.570</ele><time>2021-07-28T10:26:39Z</time></trkpt><trkpt lat="41.414033" lon="2.125459"><ele>308.917</ele><time>2021-07-28T10:26:41Z</time></trkpt><trkpt lat="41.414021" lon="2.125384"><ele>307.908</ele><time>2021-07-28T10:26:43Z</time></trkpt><trkpt lat="41.414046" lon="2.125296"><ele>307.780</ele><time>2021-07-28T10:26:45Z</time></trkpt><trkpt lat="41.414076" lon="2.125219"><ele>308.062</ele><time>2021-07-28T10:26:47Z</time></trkpt><trkpt lat="41.414107" lon="2.125132"><ele>308.666</ele><time>2021-07-28T10:26:49Z</time></trkpt><trkpt lat="41.414131" lon="2.125046"><ele>309.130</ele><time>2021-07-28T10:26:51Z</time></trkpt><trkpt lat="41.414137" lon="2.124952"><ele>309.176</ele><time>2021-07-28T10:26:53Z</time></trkpt><trkpt lat="41.414112" lon="2.124839"><ele>308.858</ele><time>2021-07-28T10:26:55Z</time></trkpt><trkpt lat="41.414096" lon="2.124771"><ele>309.168</ele><time>2021-07-28T10:26:57Z</time></trkpt><trkpt lat="41.414078" lon="2.124682"><ele>309.123</ele><time>2021-07-28T10:26:59Z</time></trkpt><trkpt lat="41.413944" lon="2.124464"><ele>309.131</ele><time>2021-07-28T10:27:01Z</time></trkpt><trkpt lat="41.413805" lon="2.124274"><ele>308.661</ele><time>2021-07-28T10:27:03Z</time></trkpt><trkpt lat="41.413866" lon="2.124326"><ele>308.207</ele><time>2021-07-28T10:27:04Z</time></trkpt><trkpt lat="41.413796" lon="2.124276"><ele>307.508</ele><time>2021-07-28T10:27:05Z</time></trkpt><trkpt lat="41.413759" lon="2.124184"><ele>307.130</ele><time>2021-07-28T10:27:07Z</time></trkpt><trkpt lat="41.413724" lon="2.124146"><ele>307.032</ele><time>2021-07-28T10:27:08Z</time></trkpt><trkpt lat="41.413703" lon="2.124079"><ele>306.616</ele><time>2021-07-28T10:27:09Z</time></trkpt><trkpt lat="41.413685" lon="2.123986"><ele>306.680</ele><time>2021-07-28T10:27:11Z</time></trkpt><trkpt lat="41.413693" lon="2.123922"><ele>306.696</ele><time>2021-07-28T10:27:13Z</time></trkpt><trkpt lat="41.413670" lon="2.123847"><ele>306.698</ele><time>2021-07-28T10:27:15Z</time></trkpt><trkpt lat="41.413666" lon="2.123785"><ele>307.398</ele><time>2021-07-28T10:27:17Z</time></trkpt><trkpt lat="41.413677" lon="2.123713"><ele>307.433</ele><time>2021-07-28T10:27:19Z</time></trkpt><trkpt lat="41.413697" lon="2.123635"><ele>307.946</ele><time>2021-07-28T10:27:21Z</time></trkpt><trkpt lat="41.413721" lon="2.123543"><ele>307.888</ele><time>2021-07-28T10:27:23Z</time></trkpt><trkpt lat="41.413749" lon="2.123435"><ele>308.216</ele><time>2021-07-28T10:27:25Z</time></trkpt><trkpt lat="41.413767" lon="2.123333"><ele>307.708</ele><time>2021-07-28T10:27:27Z</time></trkpt><trkpt lat="41.413794" lon="2.123261"><ele>307.681</ele><time>2021-07-28T10:27:29Z</time></trkpt><trkpt lat="41.413810" lon="2.123172"><ele>307.693</ele><time>2021-07-28T10:27:31Z</time></trkpt><trkpt lat="41.413826" lon="2.123086"><ele>308.197</ele><time>2021-07-28T10:27:33Z</time></trkpt><trkpt lat="41.413861" lon="2.123015"><ele>308.171</ele><time>2021-07-28T10:27:35Z</time></trkpt><trkpt lat="41.413903" lon="2.122972"><ele>308.347</ele><time>2021-07-28T10:27:37Z</time></trkpt><trkpt lat="41.413973" lon="2.122953"><ele>308.769</ele><time>2021-07-28T10:27:39Z</time></trkpt><trkpt lat="41.414058" lon="2.122958"><ele>309.049</ele><time>2021-07-28T10:27:41Z</time></trkpt><trkpt lat="41.414143" lon="2.122986"><ele>309.464</ele><time>2021-07-28T10:27:43Z</time></trkpt><trkpt lat="41.414215" lon="2.123042"><ele>310.381</ele><time>2021-07-28T10:27:45Z</time></trkpt><trkpt lat="41.414253" lon="2.123076"><ele>310.661</ele><time>2021-07-28T10:27:46Z</time></trkpt><trkpt lat="41.414323" lon="2.123129"><ele>311.217</ele><time>2021-07-28T10:27:48Z</time></trkpt><trkpt lat="41.414385" lon="2.123179"><ele>311.608</ele><time>2021-07-28T10:27:50Z</time></trkpt><trkpt lat="41.414434" lon="2.123225"><ele>311.445</ele><time>2021-07-28T10:27:52Z</time></trkpt><trkpt lat="41.414506" lon="2.123271"><ele>311.767</ele><time>2021-07-28T10:27:54Z</time></trkpt><trkpt lat="41.414585" lon="2.123299"><ele>311.711</ele><time>2021-07-28T10:27:56Z</time></trkpt><trkpt lat="41.414663" lon="2.123335"><ele>311.445</ele><time>2021-07-28T10:27:58Z</time></trkpt><trkpt lat="41.414761" lon="2.123376"><ele>308.331</ele><time>2021-07-28T10:28:00Z</time></trkpt><trkpt lat="41.414808" lon="2.123385"><ele>306.333</ele><time>2021-07-28T10:28:01Z</time></trkpt><trkpt lat="41.414887" lon="2.123386"><ele>304.793</ele><time>2021-07-28T10:28:03Z</time></trkpt><trkpt lat="41.414965" lon="2.123383"><ele>304.328</ele><time>2021-07-28T10:28:05Z</time></trkpt><trkpt lat="41.415037" lon="2.123357"><ele>305.685</ele><time>2021-07-28T10:28:07Z</time></trkpt><trkpt lat="41.415107" lon="2.123314"><ele>306.589</ele><time>2021-07-28T10:28:09Z</time></trkpt><trkpt lat="41.415172" lon="2.123275"><ele>306.917</ele><time>2021-07-28T10:28:11Z</time></trkpt><trkpt lat="41.415234" lon="2.123243"><ele>307.108</ele><time>2021-07-28T10:28:13Z</time></trkpt><trkpt lat="41.415293" lon="2.123230"><ele>307.385</ele><time>2021-07-28T10:28:15Z</time></trkpt><trkpt lat="41.415351" lon="2.123199"><ele>307.347</ele><time>2021-07-28T10:28:17Z</time></trkpt><trkpt lat="41.415395" lon="2.123136"><ele>307.471</ele><time>2021-07-28T10:28:19Z</time></trkpt><trkpt lat="41.415408" lon="2.123067"><ele>307.065</ele><time>2021-07-28T10:28:22Z</time></trkpt><trkpt lat="41.415397" lon="2.122990"><ele>306.571</ele><time>2021-07-28T10:28:24Z</time></trkpt><trkpt lat="41.415373" lon="2.122930"><ele>306.963</ele><time>2021-07-28T10:28:26Z</time></trkpt><trkpt lat="41.415349" lon="2.122863"><ele>307.253</ele><time>2021-07-28T10:28:28Z</time></trkpt><trkpt lat="41.415314" lon="2.122778"><ele>307.798</ele><time>2021-07-28T10:28:30Z</time></trkpt><trkpt lat="41.415285" lon="2.122730"><ele>308.379</ele><time>2021-07-28T10:28:31Z</time></trkpt><trkpt lat="41.415233" lon="2.122646"><ele>309.205</ele><time>2021-07-28T10:28:33Z</time></trkpt><trkpt lat="41.415176" lon="2.122549"><ele>310.225</ele><time>2021-07-28T10:28:35Z</time></trkpt><trkpt lat="41.415155" lon="2.122463"><ele>310.308</ele><time>2021-07-28T10:28:37Z</time></trkpt><trkpt lat="41.415203" lon="2.122394"><ele>309.344</ele><time>2021-07-28T10:28:39Z</time></trkpt><trkpt lat="41.415279" lon="2.122360"><ele>308.976</ele><time>2021-07-28T10:28:41Z</time></trkpt><trkpt lat="41.415356" lon="2.122352"><ele>308.460</ele><time>2021-07-28T10:28:43Z</time></trkpt><trkpt lat="41.415436" lon="2.122357"><ele>308.394</ele><time>2021-07-28T10:28:45Z</time></trkpt><trkpt lat="41.415521" lon="2.122371"><ele>307.750</ele><time>2021-07-28T10:28:47Z</time></trkpt><trkpt lat="41.415586" lon="2.122375"><ele>307.272</ele><time>2021-07-28T10:28:49Z</time></trkpt><trkpt lat="41.415649" lon="2.122366"><ele>306.522</ele><time>2021-07-28T10:28:51Z</time></trkpt><trkpt lat="41.415712" lon="2.122356"><ele>305.927</ele><time>2021-07-28T10:28:53Z</time></trkpt><trkpt lat="41.415782" lon="2.122338"><ele>305.683</ele><time>2021-07-28T10:28:55Z</time></trkpt><trkpt lat="41.415852" lon="2.122288"><ele>306.025</ele><time>2021-07-28T10:28:57Z</time></trkpt><trkpt lat="41.415891" lon="2.122255"><ele>306.617</ele><time>2021-07-28T10:28:58Z</time></trkpt><trkpt lat="41.415964" lon="2.122218"><ele>306.908</ele><time>2021-07-28T10:29:00Z</time></trkpt><trkpt lat="41.416038" lon="2.122208"><ele>307.235</ele><time>2021-07-28T10:29:02Z</time></trkpt><trkpt lat="41.416107" lon="2.122223"><ele>307.437</ele><time>2021-07-28T10:29:04Z</time></trkpt><trkpt lat="41.416167" lon="2.122232"><ele>308.371</ele><time>2021-07-28T10:29:06Z</time></trkpt><trkpt lat="41.416232" lon="2.122229"><ele>309.015</ele><time>2021-07-28T10:29:08Z</time></trkpt><trkpt lat="41.416294" lon="2.122188"><ele>309.631</ele><time>2021-07-28T10:29:10Z</time></trkpt><trkpt lat="41.416328" lon="2.122120"><ele>309.833</ele><time>2021-07-28T10:29:12Z</time></trkpt><trkpt lat="41.416354" lon="2.122033"><ele>309.523</ele><time>2021-07-28T10:29:14Z</time></trkpt><trkpt lat="41.416377" lon="2.121924"><ele>309.748</ele><time>2021-07-28T10:29:16Z</time></trkpt><trkpt lat="41.416416" lon="2.121853"><ele>309.813</ele><time>2021-07-28T10:29:18Z</time></trkpt><trkpt lat="41.416467" lon="2.121806"><ele>310.143</ele><time>2021-07-28T10:29:20Z</time></trkpt><trkpt lat="41.416526" lon="2.121788"><ele>309.307</ele><time>2021-07-28T10:29:22Z</time></trkpt><trkpt lat="41.416575" lon="2.121775"><ele>308.808</ele><time>2021-07-28T10:29:24Z</time></trkpt><trkpt lat="41.416641" lon="2.121770"><ele>308.578</ele><time>2021-07-28T10:29:26Z</time></trkpt><trkpt lat="41.416711" lon="2.121778"><ele>308.970</ele><time>2021-07-28T10:29:28Z</time></trkpt><trkpt lat="41.416785" lon="2.121792"><ele>309.524</ele><time>2021-07-28T10:29:30Z</time></trkpt><trkpt lat="41.416859" lon="2.121790"><ele>309.658</ele><time>2021-07-28T10:29:32Z</time></trkpt><trkpt lat="41.416925" lon="2.121771"><ele>309.884</ele><time>2021-07-28T10:29:34Z</time></trkpt><trkpt lat="41.416977" lon="2.121706"><ele>310.436</ele><time>2021-07-28T10:29:36Z</time></trkpt><trkpt lat="41.416999" lon="2.121623"><ele>311.176</ele><time>2021-07-28T10:29:38Z</time></trkpt><trkpt lat="41.416994" lon="2.121517"><ele>311.251</ele><time>2021-07-28T10:29:40Z</time></trkpt><trkpt lat="41.416972" lon="2.121429"><ele>311.651</ele><time>2021-07-28T10:29:42Z</time></trkpt><trkpt lat="41.416911" lon="2.121391"><ele>311.701</ele><time>2021-07-28T10:29:44Z</time></trkpt><trkpt lat="41.416811" lon="2.121362"><ele>312.311</ele><time>2021-07-28T10:29:46Z</time></trkpt><trkpt lat="41.416706" lon="2.121298"><ele>312.708</ele><time>2021-07-28T10:29:48Z</time></trkpt><trkpt lat="41.416609" lon="2.121229"><ele>313.682</ele><time>2021-07-28T10:29:50Z</time></trkpt><trkpt lat="41.416516" lon="2.121153"><ele>313.934</ele><time>2021-07-28T10:29:52Z</time></trkpt><trkpt lat="41.416472" lon="2.121121"><ele>313.428</ele><time>2021-07-28T10:29:53Z</time></trkpt><trkpt lat="41.416428" lon="2.121095"><ele>313.382</ele><time>2021-07-28T10:29:54Z</time></trkpt><trkpt lat="41.416339" lon="2.121059"><ele>313.558</ele><time>2021-07-28T10:29:56Z</time></trkpt><trkpt lat="41.416253" lon="2.121047"><ele>313.760</ele><time>2021-07-28T10:29:58Z</time></trkpt><trkpt lat="41.416175" lon="2.121037"><ele>314.450</ele><time>2021-07-28T10:30:00Z</time></trkpt><trkpt lat="41.416105" lon="2.121007"><ele>313.955</ele><time>2021-07-28T10:30:02Z</time></trkpt><trkpt lat="41.416049" lon="2.120978"><ele>313.237</ele><time>2021-07-28T10:30:04Z</time></trkpt><trkpt lat="41.415977" lon="2.120937"><ele>313.549</ele><time>2021-07-28T10:30:06Z</time></trkpt><trkpt lat="41.415922" lon="2.120878"><ele>312.913</ele><time>2021-07-28T10:30:08Z</time></trkpt><trkpt lat="41.415886" lon="2.120807"><ele>312.408</ele><time>2021-07-28T10:30:10Z</time></trkpt><trkpt lat="41.415886" lon="2.120703"><ele>311.860</ele><time>2021-07-28T10:30:12Z</time></trkpt><trkpt lat="41.415900" lon="2.120639"><ele>311.092</ele><time>2021-07-28T10:30:13Z</time></trkpt><trkpt lat="41.415945" lon="2.120519"><ele>309.056</ele><time>2021-07-28T10:30:15Z</time></trkpt><trkpt lat="41.415993" lon="2.120420"><ele>307.880</ele><time>2021-07-28T10:30:17Z</time></trkpt><trkpt lat="41.416035" lon="2.120323"><ele>307.266</ele><time>2021-07-28T10:30:19Z</time></trkpt><trkpt lat="41.416066" lon="2.120231"><ele>306.848</ele><time>2021-07-28T10:30:21Z</time></trkpt><trkpt lat="41.416091" lon="2.120146"><ele>306.698</ele><time>2021-07-28T10:30:23Z</time></trkpt><trkpt lat="41.416096" lon="2.120069"><ele>306.393</ele><time>2021-07-28T10:30:26Z</time></trkpt><trkpt lat="41.416055" lon="2.119981"><ele>306.086</ele><time>2021-07-28T10:30:28Z</time></trkpt><trkpt lat="41.416002" lon="2.119900"><ele>305.060</ele><time>2021-07-28T10:30:30Z</time></trkpt><trkpt lat="41.415934" lon="2.119846"><ele>304.426</ele><time>2021-07-28T10:30:32Z</time></trkpt><trkpt lat="41.415842" lon="2.119833"><ele>304.308</ele><time>2021-07-28T10:30:34Z</time></trkpt><trkpt lat="41.415751" lon="2.119832"><ele>304.275</ele><time>2021-07-28T10:30:36Z</time></trkpt><trkpt lat="41.415661" lon="2.119828"><ele>304.137</ele><time>2021-07-28T10:30:38Z</time></trkpt><trkpt lat="41.415583" lon="2.119811"><ele>304.231</ele><time>2021-07-28T10:30:40Z</time></trkpt><trkpt lat="41.415536" lon="2.119816"><ele>304.525</ele><time>2021-07-28T10:30:41Z</time></trkpt><trkpt lat="41.415374" lon="2.120013"><ele>304.931</ele><time>2021-07-28T10:30:43Z</time></trkpt><trkpt lat="41.415321" lon="2.120032"><ele>305.423</ele><time>2021-07-28T10:30:45Z</time></trkpt><trkpt lat="41.415274" lon="2.120021"><ele>306.443</ele><time>2021-07-28T10:30:46Z</time></trkpt><trkpt lat="41.415229" lon="2.120099"><ele>307.418</ele><time>2021-07-28T10:30:48Z</time></trkpt><trkpt lat="41.415157" lon="2.120146"><ele>307.871</ele><time>2021-07-28T10:30:50Z</time></trkpt><trkpt lat="41.415082" lon="2.120208"><ele>307.741</ele><time>2021-07-28T10:30:52Z</time></trkpt><trkpt lat="41.415013" lon="2.120218"><ele>307.015</ele><time>2021-07-28T10:30:54Z</time></trkpt><trkpt lat="41.414945" lon="2.120190"><ele>306.708</ele><time>2021-07-28T10:30:56Z</time></trkpt><trkpt lat="41.414876" lon="2.120150"><ele>306.234</ele><time>2021-07-28T10:30:58Z</time></trkpt><trkpt lat="41.414844" lon="2.120074"><ele>305.836</ele><time>2021-07-28T10:31:00Z</time></trkpt><trkpt lat="41.414844" lon="2.119972"><ele>305.680</ele><time>2021-07-28T10:31:02Z</time></trkpt><trkpt lat="41.414875" lon="2.119871"><ele>305.144</ele><time>2021-07-28T10:31:04Z</time></trkpt><trkpt lat="41.414917" lon="2.119792"><ele>305.130</ele><time>2021-07-28T10:31:06Z</time></trkpt><trkpt lat="41.414953" lon="2.119703"><ele>305.732</ele><time>2021-07-28T10:31:08Z</time></trkpt><trkpt lat="41.414976" lon="2.119614"><ele>305.972</ele><time>2021-07-28T10:31:10Z</time></trkpt><trkpt lat="41.414978" lon="2.119516"><ele>306.327</ele><time>2021-07-28T10:31:12Z</time></trkpt><trkpt lat="41.414959" lon="2.119389"><ele>305.873</ele><time>2021-07-28T10:31:14Z</time></trkpt><trkpt lat="41.414974" lon="2.119257"><ele>304.485</ele><time>2021-07-28T10:31:16Z</time></trkpt><trkpt lat="41.414965" lon="2.119153"><ele>303.113</ele><time>2021-07-28T10:31:18Z</time></trkpt><trkpt lat="41.414966" lon="2.119048"><ele>302.608</ele><time>2021-07-28T10:31:20Z</time></trkpt><trkpt lat="41.414923" lon="2.118951"><ele>302.374</ele><time>2021-07-28T10:31:22Z</time></trkpt><trkpt lat="41.414891" lon="2.118861"><ele>302.196</ele><time>2021-07-28T10:31:25Z</time></trkpt><trkpt lat="41.414851" lon="2.118792"><ele>302.570</ele><time>2021-07-28T10:31:27Z</time></trkpt><trkpt lat="41.414799" lon="2.118727"><ele>302.894</ele><time>2021-07-28T10:31:29Z</time></trkpt><trkpt lat="41.414706" lon="2.118675"><ele>303.260</ele><time>2021-07-28T10:31:31Z</time></trkpt><trkpt lat="41.414613" lon="2.118637"><ele>302.942</ele><time>2021-07-28T10:31:33Z</time></trkpt><trkpt lat="41.414468" lon="2.118661"><ele>303.042</ele><time>2021-07-28T10:31:34Z</time></trkpt><trkpt lat="41.414357" lon="2.118711"><ele>302.927</ele><time>2021-07-28T10:31:35Z</time></trkpt><trkpt lat="41.414311" lon="2.118852"><ele>303.357</ele><time>2021-07-28T10:31:37Z</time></trkpt><trkpt lat="41.414261" lon="2.118872"><ele>303.600</ele><time>2021-07-28T10:31:39Z</time></trkpt><trkpt lat="41.414191" lon="2.118920"><ele>304.120</ele><time>2021-07-28T10:31:41Z</time></trkpt><trkpt lat="41.414138" lon="2.118945"><ele>304.108</ele><time>2021-07-28T10:31:42Z</time></trkpt><trkpt lat="41.414108" lon="2.119010"><ele>303.852</ele><time>2021-07-28T10:31:44Z</time></trkpt><trkpt lat="41.414043" lon="2.119048"><ele>303.054</ele><time>2021-07-28T10:31:47Z</time></trkpt><trkpt lat="41.413983" lon="2.119061"><ele>301.758</ele><time>2021-07-28T10:31:49Z</time></trkpt><trkpt lat="41.413913" lon="2.119083"><ele>300.952</ele><time>2021-07-28T10:31:51Z</time></trkpt><trkpt lat="41.413848" lon="2.119109"><ele>300.918</ele><time>2021-07-28T10:31:53Z</time></trkpt><trkpt lat="41.413781" lon="2.119129"><ele>301.150</ele><time>2021-07-28T10:31:55Z</time></trkpt><trkpt lat="41.413662" lon="2.119202"><ele>301.850</ele><time>2021-07-28T10:31:57Z</time></trkpt><trkpt lat="41.413542" lon="2.119258"><ele>302.655</ele><time>2021-07-28T10:31:59Z</time></trkpt><trkpt lat="41.413458" lon="2.119325"><ele>303.855</ele><time>2021-07-28T10:32:01Z</time></trkpt><trkpt lat="41.413390" lon="2.119363"><ele>304.207</ele><time>2021-07-28T10:32:03Z</time></trkpt><trkpt lat="41.413341" lon="2.119432"><ele>305.117</ele><time>2021-07-28T10:32:05Z</time></trkpt><trkpt lat="41.413302" lon="2.119535"><ele>304.108</ele><time>2021-07-28T10:32:07Z</time></trkpt><trkpt lat="41.413226" lon="2.119571"><ele>303.412</ele><time>2021-07-28T10:32:09Z</time></trkpt><trkpt lat="41.413147" lon="2.119608"><ele>303.314</ele><time>2021-07-28T10:32:11Z</time></trkpt><trkpt lat="41.413071" lon="2.119617"><ele>303.498</ele><time>2021-07-28T10:32:13Z</time></trkpt><trkpt lat="41.412994" lon="2.119579"><ele>302.652</ele><time>2021-07-28T10:32:15Z</time></trkpt><trkpt lat="41.412918" lon="2.119538"><ele>301.618</ele><time>2021-07-28T10:32:17Z</time></trkpt><trkpt lat="41.412850" lon="2.119506"><ele>301.860</ele><time>2021-07-28T10:32:19Z</time></trkpt><trkpt lat="41.412785" lon="2.119490"><ele>302.080</ele><time>2021-07-28T10:32:21Z</time></trkpt><trkpt lat="41.412719" lon="2.119482"><ele>302.545</ele><time>2021-07-28T10:32:23Z</time></trkpt><trkpt lat="41.412655" lon="2.119468"><ele>303.911</ele><time>2021-07-28T10:32:25Z</time></trkpt><trkpt lat="41.412591" lon="2.119458"><ele>304.821</ele><time>2021-07-28T10:32:27Z</time></trkpt><trkpt lat="41.412533" lon="2.119438"><ele>305.803</ele><time>2021-07-28T10:32:29Z</time></trkpt><trkpt lat="41.412480" lon="2.119376"><ele>306.408</ele><time>2021-07-28T10:32:31Z</time></trkpt><trkpt lat="41.412462" lon="2.119274"><ele>306.228</ele><time>2021-07-28T10:32:33Z</time></trkpt><trkpt lat="41.412474" lon="2.119161"><ele>305.860</ele><time>2021-07-28T10:32:35Z</time></trkpt><trkpt lat="41.412496" lon="2.119106"><ele>305.794</ele><time>2021-07-28T10:32:36Z</time></trkpt><trkpt lat="41.412544" lon="2.119010"><ele>305.018</ele><time>2021-07-28T10:32:38Z</time></trkpt><trkpt lat="41.412597" lon="2.118921"><ele>305.054</ele><time>2021-07-28T10:32:40Z</time></trkpt><trkpt lat="41.412658" lon="2.118844"><ele>305.656</ele><time>2021-07-28T10:32:42Z</time></trkpt><trkpt lat="41.412728" lon="2.118797"><ele>305.066</ele><time>2021-07-28T10:32:44Z</time></trkpt><trkpt lat="41.412810" lon="2.118798"><ele>305.181</ele><time>2021-07-28T10:32:46Z</time></trkpt><trkpt lat="41.412880" lon="2.118790"><ele>305.092</ele><time>2021-07-28T10:32:48Z</time></trkpt><trkpt lat="41.412958" lon="2.118781"><ele>305.273</ele><time>2021-07-28T10:32:50Z</time></trkpt><trkpt lat="41.413029" lon="2.118778"><ele>305.320</ele><time>2021-07-28T10:32:52Z</time></trkpt><trkpt lat="41.413084" lon="2.118772"><ele>304.408</ele><time>2021-07-28T10:32:53Z</time></trkpt><trkpt lat="41.413173" lon="2.118785"><ele>302.986</ele><time>2021-07-28T10:32:55Z</time></trkpt><trkpt lat="41.413232" lon="2.118782"><ele>302.928</ele><time>2021-07-28T10:32:57Z</time></trkpt><trkpt lat="41.413295" lon="2.118786"><ele>303.132</ele><time>2021-07-28T10:32:59Z</time></trkpt><trkpt lat="41.413359" lon="2.118797"><ele>303.336</ele><time>2021-07-28T10:33:01Z</time></trkpt><trkpt lat="41.413427" lon="2.118790"><ele>304.762</ele><time>2021-07-28T10:33:03Z</time></trkpt><trkpt lat="41.413485" lon="2.118760"><ele>305.414</ele><time>2021-07-28T10:33:05Z</time></trkpt><trkpt lat="41.413529" lon="2.118704"><ele>305.864</ele><time>2021-07-28T10:33:07Z</time></trkpt><trkpt lat="41.413574" lon="2.118622"><ele>305.989</ele><time>2021-07-28T10:33:09Z</time></trkpt><trkpt lat="41.413614" lon="2.118536"><ele>306.136</ele><time>2021-07-28T10:33:11Z</time></trkpt><trkpt lat="41.413655" lon="2.118437"><ele>306.317</ele><time>2021-07-28T10:33:13Z</time></trkpt><trkpt lat="41.413688" lon="2.118332"><ele>306.518</ele><time>2021-07-28T10:33:15Z</time></trkpt><trkpt lat="41.413714" lon="2.118220"><ele>306.908</ele><time>2021-07-28T10:33:17Z</time></trkpt><trkpt lat="41.413715" lon="2.118099"><ele>307.480</ele><time>2021-07-28T10:33:19Z</time></trkpt><trkpt lat="41.413706" lon="2.117968"><ele>307.232</ele><time>2021-07-28T10:33:21Z</time></trkpt><trkpt lat="41.413697" lon="2.117900"><ele>307.736</ele><time>2021-07-28T10:33:22Z</time></trkpt><trkpt lat="41.413645" lon="2.117741"><ele>307.640</ele><time>2021-07-28T10:33:24Z</time></trkpt><trkpt lat="41.413622" lon="2.117635"><ele>308.486</ele><time>2021-07-28T10:33:26Z</time></trkpt><trkpt lat="41.413605" lon="2.117552"><ele>308.768</ele><time>2021-07-28T10:33:28Z</time></trkpt><trkpt lat="41.413578" lon="2.117458"><ele>308.758</ele><time>2021-07-28T10:33:30Z</time></trkpt><trkpt lat="41.413564" lon="2.117399"><ele>309.123</ele><time>2021-07-28T10:33:31Z</time></trkpt><trkpt lat="41.413549" lon="2.117325"><ele>308.666</ele><time>2021-07-28T10:33:33Z</time></trkpt><trkpt lat="41.413514" lon="2.117223"><ele>308.829</ele><time>2021-07-28T10:33:35Z</time></trkpt><trkpt lat="41.413508" lon="2.117128"><ele>307.421</ele><time>2021-07-28T10:33:37Z</time></trkpt><trkpt lat="41.413495" lon="2.117020"><ele>306.808</ele><time>2021-07-28T10:33:39Z</time></trkpt><trkpt lat="41.413507" lon="2.116911"><ele>307.323</ele><time>2021-07-28T10:33:41Z</time></trkpt><trkpt lat="41.413542" lon="2.116805"><ele>307.355</ele><time>2021-07-28T10:33:43Z</time></trkpt><trkpt lat="41.413562" lon="2.116748"><ele>307.599</ele><time>2021-07-28T10:33:44Z</time></trkpt><trkpt lat="41.413585" lon="2.116694"><ele>307.813</ele><time>2021-07-28T10:33:45Z</time></trkpt><trkpt lat="41.413635" lon="2.116610"><ele>307.739</ele><time>2021-07-28T10:33:47Z</time></trkpt><trkpt lat="41.413695" lon="2.116545"><ele>307.551</ele><time>2021-07-28T10:33:49Z</time></trkpt><trkpt lat="41.413763" lon="2.116487"><ele>307.481</ele><time>2021-07-28T10:33:51Z</time></trkpt><trkpt lat="41.413828" lon="2.116436"><ele>308.046</ele><time>2021-07-28T10:33:53Z</time></trkpt><trkpt lat="41.413894" lon="2.116400"><ele>308.549</ele><time>2021-07-28T10:33:55Z</time></trkpt><trkpt lat="41.413952" lon="2.116368"><ele>308.702</ele><time>2021-07-28T10:33:57Z</time></trkpt><trkpt lat="41.414013" lon="2.116330"><ele>309.322</ele><time>2021-07-28T10:33:59Z</time></trkpt><trkpt lat="41.414083" lon="2.116294"><ele>309.308</ele><time>2021-07-28T10:34:01Z</time></trkpt><trkpt lat="41.414137" lon="2.116251"><ele>309.711</ele><time>2021-07-28T10:34:03Z</time></trkpt><trkpt lat="41.414179" lon="2.116170"><ele>309.943</ele><time>2021-07-28T10:34:05Z</time></trkpt><trkpt lat="41.414197" lon="2.116055"><ele>309.997</ele><time>2021-07-28T10:34:07Z</time></trkpt><trkpt lat="41.414195" lon="2.115939"><ele>309.731</ele><time>2021-07-28T10:34:09Z</time></trkpt><trkpt lat="41.414162" lon="2.115850"><ele>309.747</ele><time>2021-07-28T10:34:11Z</time></trkpt><trkpt lat="41.414106" lon="2.115767"><ele>309.259</ele><time>2021-07-28T10:34:13Z</time></trkpt><trkpt lat="41.414047" lon="2.115710"><ele>309.379</ele><time>2021-07-28T10:34:15Z</time></trkpt><trkpt lat="41.413976" lon="2.115669"><ele>309.574</ele><time>2021-07-28T10:34:17Z</time></trkpt><trkpt lat="41.413910" lon="2.115636"><ele>310.263</ele><time>2021-07-28T10:34:19Z</time></trkpt><trkpt lat="41.413850" lon="2.115606"><ele>310.644</ele><time>2021-07-28T10:34:21Z</time></trkpt><trkpt lat="41.413792" lon="2.115592"><ele>311.318</ele><time>2021-07-28T10:34:23Z</time></trkpt><trkpt lat="41.413715" lon="2.115555"><ele>311.408</ele><time>2021-07-28T10:34:25Z</time></trkpt><trkpt lat="41.413656" lon="2.115489"><ele>312.093</ele><time>2021-07-28T10:34:27Z</time></trkpt><trkpt lat="41.413614" lon="2.115422"><ele>312.435</ele><time>2021-07-28T10:34:29Z</time></trkpt><trkpt lat="41.413563" lon="2.115373"><ele>311.759</ele><time>2021-07-28T10:34:31Z</time></trkpt><trkpt lat="41.413506" lon="2.115335"><ele>310.723</ele><time>2021-07-28T10:34:33Z</time></trkpt><trkpt lat="41.413439" lon="2.115292"><ele>308.519</ele><time>2021-07-28T10:34:35Z</time></trkpt><trkpt lat="41.413362" lon="2.115255"><ele>306.941</ele><time>2021-07-28T10:34:37Z</time></trkpt><trkpt lat="41.413316" lon="2.115237"><ele>305.531</ele><time>2021-07-28T10:34:38Z</time></trkpt><trkpt lat="41.413238" lon="2.115194"><ele>304.946</ele><time>2021-07-28T10:34:40Z</time></trkpt><trkpt lat="41.413181" lon="2.115121"><ele>305.057</ele><time>2021-07-28T10:34:42Z</time></trkpt><trkpt lat="41.413144" lon="2.115024"><ele>304.900</ele><time>2021-07-28T10:34:44Z</time></trkpt><trkpt lat="41.413117" lon="2.114905"><ele>303.920</ele><time>2021-07-28T10:34:46Z</time></trkpt><trkpt lat="41.413115" lon="2.114806"><ele>303.508</ele><time>2021-07-28T10:34:48Z</time></trkpt><trkpt lat="41.413127" lon="2.114716"><ele>303.242</ele><time>2021-07-28T10:34:50Z</time></trkpt><trkpt lat="41.413130" lon="2.114616"><ele>302.774</ele><time>2021-07-28T10:34:52Z</time></trkpt><trkpt lat="41.413114" lon="2.114539"><ele>302.738</ele><time>2021-07-28T10:34:54Z</time></trkpt><trkpt lat="41.413073" lon="2.114468"><ele>303.372</ele><time>2021-07-28T10:34:56Z</time></trkpt><trkpt lat="41.413012" lon="2.114405"><ele>303.798</ele><time>2021-07-28T10:34:58Z</time></trkpt><trkpt lat="41.412932" lon="2.114355"><ele>303.970</ele><time>2021-07-28T10:35:00Z</time></trkpt><trkpt lat="41.412836" lon="2.114322"><ele>303.880</ele><time>2021-07-28T10:35:02Z</time></trkpt><trkpt lat="41.412792" lon="2.114309"><ele>303.165</ele><time>2021-07-28T10:35:03Z</time></trkpt><trkpt lat="41.412745" lon="2.114292"><ele>302.856</ele><time>2021-07-28T10:35:04Z</time></trkpt><trkpt lat="41.412654" lon="2.114250"><ele>301.459</ele><time>2021-07-28T10:35:06Z</time></trkpt><trkpt lat="41.412573" lon="2.114224"><ele>301.314</ele><time>2021-07-28T10:35:08Z</time></trkpt><trkpt lat="41.412492" lon="2.114231"><ele>302.308</ele><time>2021-07-28T10:35:10Z</time></trkpt><trkpt lat="41.412418" lon="2.114242"><ele>302.382</ele><time>2021-07-28T10:35:12Z</time></trkpt><trkpt lat="41.412346" lon="2.114234"><ele>302.794</ele><time>2021-07-28T10:35:14Z</time></trkpt><trkpt lat="41.412288" lon="2.114215"><ele>302.848</ele><time>2021-07-28T10:35:16Z</time></trkpt><trkpt lat="41.412248" lon="2.114178"><ele>303.022</ele><time>2021-07-28T10:35:18Z</time></trkpt><trkpt lat="41.412217" lon="2.114121"><ele>303.728</ele><time>2021-07-28T10:35:20Z</time></trkpt><trkpt lat="41.412191" lon="2.114057"><ele>304.450</ele><time>2021-07-28T10:35:22Z</time></trkpt><trkpt lat="41.412174" lon="2.113960"><ele>304.730</ele><time>2021-07-28T10:35:24Z</time></trkpt><trkpt lat="41.412173" lon="2.113846"><ele>304.895</ele><time>2021-07-28T10:35:26Z</time></trkpt><trkpt lat="41.412195" lon="2.113732"><ele>305.022</ele><time>2021-07-28T10:35:28Z</time></trkpt><trkpt lat="41.412214" lon="2.113675"><ele>305.162</ele><time>2021-07-28T10:35:29Z</time></trkpt><trkpt lat="41.412248" lon="2.113576"><ele>305.508</ele><time>2021-07-28T10:35:31Z</time></trkpt><trkpt lat="41.412275" lon="2.113503"><ele>305.308</ele><time>2021-07-28T10:35:33Z</time></trkpt><trkpt lat="41.412311" lon="2.113429"><ele>305.689</ele><time>2021-07-28T10:35:35Z</time></trkpt><trkpt lat="41.412357" lon="2.113363"><ele>306.311</ele><time>2021-07-28T10:35:37Z</time></trkpt><trkpt lat="41.412406" lon="2.113302"><ele>306.795</ele><time>2021-07-28T10:35:39Z</time></trkpt><trkpt lat="41.412459" lon="2.113243"><ele>306.859</ele><time>2021-07-28T10:35:41Z</time></trkpt><trkpt lat="41.412532" lon="2.113192"><ele>307.345</ele><time>2021-07-28T10:35:43Z</time></trkpt><trkpt lat="41.412603" lon="2.113133"><ele>307.037</ele><time>2021-07-28T10:35:45Z</time></trkpt><trkpt lat="41.412657" lon="2.113065"><ele>307.137</ele><time>2021-07-28T10:35:47Z</time></trkpt><trkpt lat="41.412704" lon="2.112996"><ele>307.152</ele><time>2021-07-28T10:35:49Z</time></trkpt><trkpt lat="41.412754" lon="2.112917"><ele>308.079</ele><time>2021-07-28T10:35:51Z</time></trkpt><trkpt lat="41.412782" lon="2.112807"><ele>309.005</ele><time>2021-07-28T10:35:53Z</time></trkpt><trkpt lat="41.412791" lon="2.112704"><ele>309.325</ele><time>2021-07-28T10:35:55Z</time></trkpt><trkpt lat="41.412771" lon="2.112595"><ele>309.808</ele><time>2021-07-28T10:35:57Z</time></trkpt><trkpt lat="41.412723" lon="2.112501"><ele>309.934</ele><time>2021-07-28T10:35:59Z</time></trkpt><trkpt lat="41.412661" lon="2.112436"><ele>310.266</ele><time>2021-07-28T10:36:01Z</time></trkpt><trkpt lat="41.412617" lon="2.112408"><ele>309.850</ele><time>2021-07-28T10:36:02Z</time></trkpt><trkpt lat="41.412526" lon="2.112374"><ele>309.754</ele><time>2021-07-28T10:36:04Z</time></trkpt><trkpt lat="41.412458" lon="2.112334"><ele>309.960</ele><time>2021-07-28T10:36:06Z</time></trkpt><trkpt lat="41.412399" lon="2.112271"><ele>309.612</ele><time>2021-07-28T10:36:08Z</time></trkpt><trkpt lat="41.412367" lon="2.112209"><ele>309.892</ele><time>2021-07-28T10:36:10Z</time></trkpt><trkpt lat="41.412337" lon="2.112145"><ele>310.047</ele><time>2021-07-28T10:36:12Z</time></trkpt><trkpt lat="41.412322" lon="2.112071"><ele>310.374</ele><time>2021-07-28T10:36:14Z</time></trkpt><trkpt lat="41.412341" lon="2.111994"><ele>309.656</ele><time>2021-07-28T10:36:16Z</time></trkpt><trkpt lat="41.412374" lon="2.111915"><ele>309.121</ele><time>2021-07-28T10:36:18Z</time></trkpt><trkpt lat="41.412419" lon="2.111819"><ele>309.208</ele><time>2021-07-28T10:36:20Z</time></trkpt><trkpt lat="41.412471" lon="2.111725"><ele>308.954</ele><time>2021-07-28T10:36:22Z</time></trkpt><trkpt lat="41.412529" lon="2.111641"><ele>308.136</ele><time>2021-07-28T10:36:24Z</time></trkpt><trkpt lat="41.412580" lon="2.111561"><ele>308.150</ele><time>2021-07-28T10:36:26Z</time></trkpt><trkpt lat="41.412615" lon="2.111485"><ele>308.274</ele><time>2021-07-28T10:36:28Z</time></trkpt><trkpt lat="41.412654" lon="2.111416"><ele>307.930</ele><time>2021-07-28T10:36:30Z</time></trkpt><trkpt lat="41.412699" lon="2.111365"><ele>308.122</ele><time>2021-07-28T10:36:32Z</time></trkpt><trkpt lat="41.412750" lon="2.111306"><ele>309.182</ele><time>2021-07-28T10:36:34Z</time></trkpt><trkpt lat="41.412812" lon="2.111244"><ele>309.837</ele><time>2021-07-28T10:36:36Z</time></trkpt><trkpt lat="41.412881" lon="2.111194"><ele>310.385</ele><time>2021-07-28T10:36:38Z</time></trkpt><trkpt lat="41.412960" lon="2.111165"><ele>310.689</ele><time>2021-07-28T10:36:40Z</time></trkpt><trkpt lat="41.413030" lon="2.111144"><ele>311.417</ele><time>2021-07-28T10:36:42Z</time></trkpt><trkpt lat="41.413089" lon="2.111115"><ele>311.708</ele><time>2021-07-28T10:36:44Z</time></trkpt><trkpt lat="41.413150" lon="2.111101"><ele>311.265</ele><time>2021-07-28T10:36:46Z</time></trkpt><trkpt lat="41.413210" lon="2.111104"><ele>311.037</ele><time>2021-07-28T10:36:48Z</time></trkpt><trkpt lat="41.413276" lon="2.111116"><ele>310.861</ele><time>2021-07-28T10:36:50Z</time></trkpt><trkpt lat="41.413336" lon="2.111115"><ele>310.575</ele><time>2021-07-28T10:36:52Z</time></trkpt><trkpt lat="41.413383" lon="2.111104"><ele>310.421</ele><time>2021-07-28T10:36:54Z</time></trkpt><trkpt lat="41.413428" lon="2.111102"><ele>310.373</ele><time>2021-07-28T10:36:56Z</time></trkpt><trkpt lat="41.413484" lon="2.111092"><ele>311.023</ele><time>2021-07-28T10:36:59Z</time></trkpt><trkpt lat="41.413525" lon="2.111029"><ele>311.628</ele><time>2021-07-28T10:37:02Z</time></trkpt><trkpt lat="41.413543" lon="2.110961"><ele>312.644</ele><time>2021-07-28T10:37:04Z</time></trkpt><trkpt lat="41.413546" lon="2.110873"><ele>313.805</ele><time>2021-07-28T10:37:07Z</time></trkpt><trkpt lat="41.413550" lon="2.110807"><ele>314.715</ele><time>2021-07-28T10:37:10Z</time></trkpt><trkpt lat="41.413568" lon="2.110725"><ele>314.008</ele><time>2021-07-28T10:37:36Z</time></trkpt><trkpt lat="41.413536" lon="2.110639"><ele>313.051</ele><time>2021-07-28T10:37:38Z</time></trkpt><trkpt lat="41.413487" lon="2.110596"><ele>312.343</ele><time>2021-07-28T10:37:39Z</time></trkpt><trkpt lat="41.413443" lon="2.110546"><ele>312.187</ele><time>2021-07-28T10:37:40Z</time></trkpt><trkpt lat="41.413359" lon="2.110461"><ele>311.161</ele><time>2021-07-28T10:37:42Z</time></trkpt><trkpt lat="41.413265" lon="2.110408"><ele>310.037</ele><time>2021-07-28T10:37:44Z</time></trkpt><trkpt lat="41.413230" lon="2.110366"><ele>309.569</ele><time>2021-07-28T10:37:45Z</time></trkpt><trkpt lat="41.413145" lon="2.110290"><ele>308.619</ele><time>2021-07-28T10:37:47Z</time></trkpt><trkpt lat="41.413089" lon="2.110251"><ele>307.274</ele><time>2021-07-28T10:37:49Z</time></trkpt><trkpt lat="41.413038" lon="2.110224"><ele>306.358</ele><time>2021-07-28T10:37:50Z</time></trkpt><trkpt lat="41.412986" lon="2.110203"><ele>304.852</ele><time>2021-07-28T10:37:51Z</time></trkpt><trkpt lat="41.412937" lon="2.110186"><ele>303.117</ele><time>2021-07-28T10:37:53Z</time></trkpt><trkpt lat="41.412868" lon="2.110145"><ele>302.108</ele><time>2021-07-28T10:37:55Z</time></trkpt><trkpt lat="41.412778" lon="2.110113"><ele>301.132</ele><time>2021-07-28T10:37:57Z</time></trkpt><trkpt lat="41.412670" lon="2.110111"><ele>300.384</ele><time>2021-07-28T10:37:59Z</time></trkpt><trkpt lat="41.412598" lon="2.110112"><ele>299.938</ele><time>2021-07-28T10:38:00Z</time></trkpt><trkpt lat="41.412508" lon="2.110098"><ele>299.712</ele><time>2021-07-28T10:38:02Z</time></trkpt><trkpt lat="41.412442" lon="2.110082"><ele>299.828</ele><time>2021-07-28T10:38:04Z</time></trkpt><trkpt lat="41.412371" lon="2.110058"><ele>299.870</ele><time>2021-07-28T10:38:06Z</time></trkpt><trkpt lat="41.412307" lon="2.110041"><ele>300.810</ele><time>2021-07-28T10:38:08Z</time></trkpt><trkpt lat="41.412268" lon="2.109989"><ele>301.695</ele><time>2021-07-28T10:38:11Z</time></trkpt><trkpt lat="41.412246" lon="2.109902"><ele>302.443</ele><time>2021-07-28T10:38:13Z</time></trkpt><trkpt lat="41.412253" lon="2.109804"><ele>303.064</ele><time>2021-07-28T10:38:15Z</time></trkpt><trkpt lat="41.412267" lon="2.109703"><ele>301.910</ele><time>2021-07-28T10:38:17Z</time></trkpt><trkpt lat="41.412286" lon="2.109596"><ele>301.008</ele><time>2021-07-28T10:38:19Z</time></trkpt><trkpt lat="41.412327" lon="2.109497"><ele>300.171</ele><time>2021-07-28T10:38:21Z</time></trkpt><trkpt lat="41.412360" lon="2.109455"><ele>299.583</ele><time>2021-07-28T10:38:22Z</time></trkpt><trkpt lat="41.412432" lon="2.109385"><ele>299.887</ele><time>2021-07-28T10:38:24Z</time></trkpt><trkpt lat="41.412505" lon="2.109324"><ele>300.331</ele><time>2021-07-28T10:38:26Z</time></trkpt><trkpt lat="41.412588" lon="2.109267"><ele>300.597</ele><time>2021-07-28T10:38:28Z</time></trkpt><trkpt lat="41.412657" lon="2.109221"><ele>300.079</ele><time>2021-07-28T10:38:30Z</time></trkpt><trkpt lat="41.412722" lon="2.109165"><ele>299.969</ele><time>2021-07-28T10:38:32Z</time></trkpt><trkpt lat="41.412810" lon="2.109119"><ele>300.064</ele><time>2021-07-28T10:38:33Z</time></trkpt><trkpt lat="41.412872" lon="2.109027"><ele>300.588</ele><time>2021-07-28T10:38:35Z</time></trkpt><trkpt lat="41.412907" lon="2.108918"><ele>301.324</ele><time>2021-07-28T10:38:37Z</time></trkpt><trkpt lat="41.412917" lon="2.108846"><ele>302.126</ele><time>2021-07-28T10:38:38Z</time></trkpt><trkpt lat="41.412871" lon="2.108734"><ele>302.608</ele><time>2021-07-28T10:38:40Z</time></trkpt><trkpt lat="41.412855" lon="2.108667"><ele>302.685</ele><time>2021-07-28T10:38:41Z</time></trkpt><trkpt lat="41.412803" lon="2.108559"><ele>302.857</ele><time>2021-07-28T10:38:43Z</time></trkpt><trkpt lat="41.412744" lon="2.108445"><ele>302.381</ele><time>2021-07-28T10:38:45Z</time></trkpt><trkpt lat="41.412713" lon="2.108325"><ele>301.385</ele><time>2021-07-28T10:38:47Z</time></trkpt><trkpt lat="41.412651" lon="2.108203"><ele>300.311</ele><time>2021-07-28T10:38:49Z</time></trkpt><trkpt lat="41.412584" lon="2.108141"><ele>300.113</ele><time>2021-07-28T10:38:51Z</time></trkpt><trkpt lat="41.412479" lon="2.108104"><ele>299.633</ele><time>2021-07-28T10:38:53Z</time></trkpt><trkpt lat="41.412434" lon="2.108089"><ele>299.358</ele><time>2021-07-28T10:38:54Z</time></trkpt><trkpt lat="41.412338" lon="2.108063"><ele>299.156</ele><time>2021-07-28T10:38:56Z</time></trkpt><trkpt lat="41.412246" lon="2.108112"><ele>299.159</ele><time>2021-07-28T10:38:58Z</time></trkpt><trkpt lat="41.412148" lon="2.108114"><ele>298.814</ele><time>2021-07-28T10:39:00Z</time></trkpt><trkpt lat="41.412058" lon="2.108096"><ele>298.708</ele><time>2021-07-28T10:39:02Z</time></trkpt><trkpt lat="41.412000" lon="2.108087"><ele>298.132</ele><time>2021-07-28T10:39:03Z</time></trkpt><trkpt lat="41.411896" lon="2.108080"><ele>297.584</ele><time>2021-07-28T10:39:05Z</time></trkpt><trkpt lat="41.411848" lon="2.108089"><ele>297.168</ele><time>2021-07-28T10:39:06Z</time></trkpt><trkpt lat="41.411770" lon="2.108097"><ele>297.052</ele><time>2021-07-28T10:39:08Z</time></trkpt><trkpt lat="41.411711" lon="2.108099"><ele>297.078</ele><time>2021-07-28T10:39:10Z</time></trkpt><trkpt lat="41.411627" lon="2.108156"><ele>298.070</ele><time>2021-07-28T10:39:12Z</time></trkpt><trkpt lat="41.411568" lon="2.108145"><ele>298.480</ele><time>2021-07-28T10:39:13Z</time></trkpt><trkpt lat="41.411474" lon="2.108119"><ele>298.345</ele><time>2021-07-28T10:39:15Z</time></trkpt><trkpt lat="41.411429" lon="2.108019"><ele>298.661</ele><time>2021-07-28T10:39:17Z</time></trkpt><trkpt lat="41.411429" lon="2.107904"><ele>299.021</ele><time>2021-07-28T10:39:19Z</time></trkpt><trkpt lat="41.411438" lon="2.107804"><ele>299.513</ele><time>2021-07-28T10:39:21Z</time></trkpt><trkpt lat="41.411443" lon="2.107690"><ele>300.108</ele><time>2021-07-28T10:39:23Z</time></trkpt><trkpt lat="41.411447" lon="2.107629"><ele>300.423</ele><time>2021-07-28T10:39:24Z</time></trkpt><trkpt lat="41.411441" lon="2.107512"><ele>300.255</ele><time>2021-07-28T10:39:26Z</time></trkpt><trkpt lat="41.411456" lon="2.107415"><ele>299.669</ele><time>2021-07-28T10:39:28Z</time></trkpt><trkpt lat="41.411470" lon="2.107303"><ele>299.173</ele><time>2021-07-28T10:39:30Z</time></trkpt><trkpt lat="41.411472" lon="2.107125"><ele>298.399</ele><time>2021-07-28T10:39:32Z</time></trkpt><trkpt lat="41.411499" lon="2.107072"><ele>297.921</ele><time>2021-07-28T10:39:33Z</time></trkpt><trkpt lat="41.411537" lon="2.106952"><ele>297.971</ele><time>2021-07-28T10:39:35Z</time></trkpt><trkpt lat="41.411544" lon="2.106820"><ele>298.086</ele><time>2021-07-28T10:39:37Z</time></trkpt><trkpt lat="41.411595" lon="2.106705"><ele>297.883</ele><time>2021-07-28T10:39:39Z</time></trkpt><trkpt lat="41.411631" lon="2.106642"><ele>297.725</ele><time>2021-07-28T10:39:40Z</time></trkpt><trkpt lat="41.411706" lon="2.106553"><ele>297.717</ele><time>2021-07-28T10:39:42Z</time></trkpt><trkpt lat="41.411805" lon="2.106573"><ele>298.108</ele><time>2021-07-28T10:39:43Z</time></trkpt><trkpt lat="41.411865" lon="2.106489"><ele>298.975</ele><time>2021-07-28T10:39:45Z</time></trkpt><trkpt lat="41.411867" lon="2.106308"><ele>299.467</ele><time>2021-07-28T10:39:47Z</time></trkpt><trkpt lat="41.411839" lon="2.106223"><ele>299.971</ele><time>2021-07-28T10:39:49Z</time></trkpt><trkpt lat="41.411758" lon="2.106154"><ele>300.335</ele><time>2021-07-28T10:39:51Z</time></trkpt><trkpt lat="41.411669" lon="2.106152"><ele>300.261</ele><time>2021-07-28T10:39:53Z</time></trkpt><trkpt lat="41.411570" lon="2.106115"><ele>300.573</ele><time>2021-07-28T10:39:55Z</time></trkpt><trkpt lat="41.411530" lon="2.106073"><ele>300.413</ele><time>2021-07-28T10:39:56Z</time></trkpt><trkpt lat="41.411454" lon="2.106034"><ele>300.298</ele><time>2021-07-28T10:39:58Z</time></trkpt><trkpt lat="41.411407" lon="2.105990"><ele>300.118</ele><time>2021-07-28T10:39:59Z</time></trkpt><trkpt lat="41.411375" lon="2.105896"><ele>300.198</ele><time>2021-07-28T10:40:01Z</time></trkpt><trkpt lat="41.411342" lon="2.105799"><ele>300.117</ele><time>2021-07-28T10:40:03Z</time></trkpt><trkpt lat="41.411299" lon="2.105715"><ele>299.608</ele><time>2021-07-28T10:40:05Z</time></trkpt><trkpt lat="41.411244" lon="2.105725"><ele>299.418</ele><time>2021-07-28T10:40:06Z</time></trkpt><trkpt lat="41.411159" lon="2.105736"><ele>298.790</ele><time>2021-07-28T10:40:08Z</time></trkpt><trkpt lat="41.411083" lon="2.105771"><ele>297.954</ele><time>2021-07-28T10:40:10Z</time></trkpt><trkpt lat="41.411006" lon="2.105820"><ele>297.628</ele><time>2021-07-28T10:40:12Z</time></trkpt><trkpt lat="41.410970" lon="2.105868"><ele>297.694</ele><time>2021-07-28T10:40:13Z</time></trkpt><trkpt lat="41.410918" lon="2.105927"><ele>296.576</ele><time>2021-07-28T10:40:15Z</time></trkpt><trkpt lat="41.410864" lon="2.105995"><ele>296.046</ele><time>2021-07-28T10:40:17Z</time></trkpt><trkpt lat="41.410834" lon="2.106050"><ele>296.121</ele><time>2021-07-28T10:40:18Z</time></trkpt><trkpt lat="41.410791" lon="2.106121"><ele>296.212</ele><time>2021-07-28T10:40:19Z</time></trkpt><trkpt lat="41.410725" lon="2.106192"><ele>296.132</ele><time>2021-07-28T10:40:21Z</time></trkpt><trkpt lat="41.410678" lon="2.106242"><ele>296.105</ele><time>2021-07-28T10:40:22Z</time></trkpt><trkpt lat="41.410612" lon="2.106334"><ele>296.008</ele><time>2021-07-28T10:40:24Z</time></trkpt><trkpt lat="41.410582" lon="2.106384"><ele>296.318</ele><time>2021-07-28T10:40:25Z</time></trkpt><trkpt lat="41.410546" lon="2.106432"><ele>296.710</ele><time>2021-07-28T10:40:26Z</time></trkpt><trkpt lat="41.410486" lon="2.106502"><ele>296.954</ele><time>2021-07-28T10:40:28Z</time></trkpt><trkpt lat="41.410438" lon="2.106594"><ele>296.718</ele><time>2021-07-28T10:40:30Z</time></trkpt><trkpt lat="41.410399" lon="2.106626"><ele>296.824</ele><time>2021-07-28T10:40:31Z</time></trkpt><trkpt lat="41.410312" lon="2.106692"><ele>297.676</ele><time>2021-07-28T10:40:33Z</time></trkpt><trkpt lat="41.410272" lon="2.106737"><ele>298.996</ele><time>2021-07-28T10:40:34Z</time></trkpt><trkpt lat="41.410185" lon="2.106788"><ele>299.861</ele><time>2021-07-28T10:40:36Z</time></trkpt><trkpt lat="41.410093" lon="2.106825"><ele>300.491</ele><time>2021-07-28T10:40:38Z</time></trkpt><trkpt lat="41.410019" lon="2.106818"><ele>300.381</ele><time>2021-07-28T10:40:40Z</time></trkpt><trkpt lat="41.409963" lon="2.106761"><ele>300.019</ele><time>2021-07-28T10:40:42Z</time></trkpt><trkpt lat="41.409912" lon="2.106683"><ele>299.508</ele><time>2021-07-28T10:40:44Z</time></trkpt><trkpt lat="41.409863" lon="2.106573"><ele>298.616</ele><time>2021-07-28T10:40:46Z</time></trkpt><trkpt lat="41.409792" lon="2.106506"><ele>297.668</ele><time>2021-07-28T10:40:48Z</time></trkpt><trkpt lat="41.409721" lon="2.106450"><ele>297.152</ele><time>2021-07-28T10:40:50Z</time></trkpt><trkpt lat="41.409644" lon="2.106408"><ele>296.436</ele><time>2021-07-28T10:40:52Z</time></trkpt><trkpt lat="41.409567" lon="2.106392"><ele>295.392</ele><time>2021-07-28T10:40:54Z</time></trkpt><trkpt lat="41.409461" lon="2.106464"><ele>293.264</ele><time>2021-07-28T10:40:56Z</time></trkpt><trkpt lat="41.409400" lon="2.106482"><ele>292.274</ele><time>2021-07-28T10:40:57Z</time></trkpt><trkpt lat="41.409310" lon="2.106490"><ele>291.119</ele><time>2021-07-28T10:40:59Z</time></trkpt><trkpt lat="41.409264" lon="2.106487"><ele>289.637</ele><time>2021-07-28T10:41:00Z</time></trkpt><trkpt lat="41.409187" lon="2.106469"><ele>287.749</ele><time>2021-07-28T10:41:02Z</time></trkpt><trkpt lat="41.409097" lon="2.106370"><ele>285.713</ele><time>2021-07-28T10:41:04Z</time></trkpt><trkpt lat="41.409057" lon="2.106271"><ele>285.508</ele><time>2021-07-28T10:41:06Z</time></trkpt><trkpt lat="41.409015" lon="2.106199"><ele>286.650</ele><time>2021-07-28T10:41:08Z</time></trkpt><trkpt lat="41.408961" lon="2.106092"><ele>287.062</ele><time>2021-07-28T10:41:10Z</time></trkpt><trkpt lat="41.408926" lon="2.106004"><ele>287.986</ele><time>2021-07-28T10:41:12Z</time></trkpt><trkpt lat="41.408888" lon="2.105921"><ele>288.430</ele><time>2021-07-28T10:41:14Z</time></trkpt><trkpt lat="41.408858" lon="2.105819"><ele>288.746</ele><time>2021-07-28T10:41:16Z</time></trkpt><trkpt lat="41.408829" lon="2.105710"><ele>289.638</ele><time>2021-07-28T10:41:18Z</time></trkpt><trkpt lat="41.408779" lon="2.105600"><ele>289.538</ele><time>2021-07-28T10:41:20Z</time></trkpt><trkpt lat="41.408765" lon="2.105507"><ele>289.023</ele><time>2021-07-28T10:41:22Z</time></trkpt><trkpt lat="41.408768" lon="2.105378"><ele>288.211</ele><time>2021-07-28T10:41:24Z</time></trkpt><trkpt lat="41.408798" lon="2.105307"><ele>289.221</ele><time>2021-07-28T10:41:26Z</time></trkpt><trkpt lat="41.408815" lon="2.105196"><ele>290.703</ele><time>2021-07-28T10:41:28Z</time></trkpt><trkpt lat="41.408835" lon="2.105025"><ele>292.608</ele><time>2021-07-28T10:41:30Z</time></trkpt><trkpt lat="41.408878" lon="2.104936"><ele>293.198</ele><time>2021-07-28T10:41:32Z</time></trkpt><trkpt lat="41.408939" lon="2.104843"><ele>293.130</ele><time>2021-07-28T10:41:34Z</time></trkpt><trkpt lat="41.408953" lon="2.104771"><ele>293.364</ele><time>2021-07-28T10:41:35Z</time></trkpt><trkpt lat="41.408991" lon="2.104691"><ele>293.678</ele><time>2021-07-28T10:41:37Z</time></trkpt><trkpt lat="41.408968" lon="2.104611"><ele>293.024</ele><time>2021-07-28T10:41:38Z</time></trkpt><trkpt lat="41.408945" lon="2.104511"><ele>293.556</ele><time>2021-07-28T10:41:40Z</time></trkpt><trkpt lat="41.408906" lon="2.104424"><ele>294.026</ele><time>2021-07-28T10:41:42Z</time></trkpt><trkpt lat="41.408889" lon="2.104306"><ele>294.471</ele><time>2021-07-28T10:41:44Z</time></trkpt><trkpt lat="41.408878" lon="2.104219"><ele>295.029</ele><time>2021-07-28T10:41:46Z</time></trkpt><trkpt lat="41.408859" lon="2.104151"><ele>294.400</ele><time>2021-07-28T10:41:47Z</time></trkpt><trkpt lat="41.408812" lon="2.104066"><ele>294.420</ele><time>2021-07-28T10:41:49Z</time></trkpt><trkpt lat="41.408734" lon="2.104026"><ele>295.508</ele><time>2021-07-28T10:41:51Z</time></trkpt><trkpt lat="41.408637" lon="2.104029"><ele>295.119</ele><time>2021-07-28T10:41:53Z</time></trkpt><trkpt lat="41.408550" lon="2.104059"><ele>294.681</ele><time>2021-07-28T10:41:55Z</time></trkpt><trkpt lat="41.408467" lon="2.104080"><ele>294.165</ele><time>2021-07-28T10:41:57Z</time></trkpt><trkpt lat="41.408378" lon="2.104098"><ele>294.289</ele><time>2021-07-28T10:41:59Z</time></trkpt><trkpt lat="41.408283" lon="2.104054"><ele>294.345</ele><time>2021-07-28T10:42:01Z</time></trkpt><trkpt lat="41.408241" lon="2.104029"><ele>294.187</ele><time>2021-07-28T10:42:02Z</time></trkpt><trkpt lat="41.408193" lon="2.103963"><ele>293.037</ele><time>2021-07-28T10:42:04Z</time></trkpt><trkpt lat="41.408150" lon="2.103861"><ele>293.622</ele><time>2021-07-28T10:42:06Z</time></trkpt><trkpt lat="41.408096" lon="2.103778"><ele>294.496</ele><time>2021-07-28T10:42:08Z</time></trkpt><trkpt lat="41.408031" lon="2.103691"><ele>295.531</ele><time>2021-07-28T10:42:10Z</time></trkpt><trkpt lat="41.407944" lon="2.103614"><ele>296.424</ele><time>2021-07-28T10:42:12Z</time></trkpt><trkpt lat="41.407907" lon="2.103577"><ele>296.808</ele><time>2021-07-28T10:42:13Z</time></trkpt><trkpt lat="41.407859" lon="2.103571"><ele>297.276</ele><time>2021-07-28T10:42:14Z</time></trkpt><trkpt lat="41.407776" lon="2.103581"><ele>297.888</ele><time>2021-07-28T10:42:16Z</time></trkpt><trkpt lat="41.407694" lon="2.103612"><ele>297.282</ele><time>2021-07-28T10:42:18Z</time></trkpt><trkpt lat="41.407626" lon="2.103705"><ele>297.126</ele><time>2021-07-28T10:42:20Z</time></trkpt><trkpt lat="41.407608" lon="2.103798"><ele>296.442</ele><time>2021-07-28T10:42:22Z</time></trkpt><trkpt lat="41.407610" lon="2.103903"><ele>295.324</ele><time>2021-07-28T10:42:24Z</time></trkpt><trkpt lat="41.407592" lon="2.104008"><ele>295.294</ele><time>2021-07-28T10:42:26Z</time></trkpt><trkpt lat="41.407556" lon="2.104117"><ele>296.169</ele><time>2021-07-28T10:42:28Z</time></trkpt><trkpt lat="41.407510" lon="2.104219"><ele>297.052</ele><time>2021-07-28T10:42:30Z</time></trkpt><trkpt lat="41.407457" lon="2.104315"><ele>297.353</ele><time>2021-07-28T10:42:32Z</time></trkpt><trkpt lat="41.407412" lon="2.104417"><ele>298.008</ele><time>2021-07-28T10:42:34Z</time></trkpt><trkpt lat="41.407351" lon="2.104511"><ele>297.908</ele><time>2021-07-28T10:42:36Z</time></trkpt><trkpt lat="41.407318" lon="2.104555"><ele>298.312</ele><time>2021-07-28T10:42:37Z</time></trkpt><trkpt lat="41.407221" lon="2.104619"><ele>298.434</ele><time>2021-07-28T10:42:39Z</time></trkpt><trkpt lat="41.407140" lon="2.104573"><ele>299.518</ele><time>2021-07-28T10:42:41Z</time></trkpt><trkpt lat="41.407102" lon="2.104541"><ele>298.862</ele><time>2021-07-28T10:42:42Z</time></trkpt><trkpt lat="41.407020" lon="2.104487"><ele>298.528</ele><time>2021-07-28T10:42:44Z</time></trkpt><trkpt lat="41.406972" lon="2.104465"><ele>298.680</ele><time>2021-07-28T10:42:45Z</time></trkpt><trkpt lat="41.406884" lon="2.104432"><ele>299.110</ele><time>2021-07-28T10:42:47Z</time></trkpt><trkpt lat="41.406794" lon="2.104409"><ele>298.695</ele><time>2021-07-28T10:42:49Z</time></trkpt><trkpt lat="41.406683" lon="2.104405"><ele>297.688</ele><time>2021-07-28T10:42:51Z</time></trkpt><trkpt lat="41.406571" lon="2.104379"><ele>296.624</ele><time>2021-07-28T10:42:53Z</time></trkpt><trkpt lat="41.406527" lon="2.104351"><ele>296.226</ele><time>2021-07-28T10:42:54Z</time></trkpt><trkpt lat="41.406442" lon="2.104326"><ele>296.508</ele><time>2021-07-28T10:42:56Z</time></trkpt><trkpt lat="41.406392" lon="2.104324"><ele>296.345</ele><time>2021-07-28T10:42:57Z</time></trkpt><trkpt lat="41.406307" lon="2.104333"><ele>295.257</ele><time>2021-07-28T10:42:59Z</time></trkpt><trkpt lat="41.406221" lon="2.104357"><ele>294.811</ele><time>2021-07-28T10:43:01Z</time></trkpt><trkpt lat="41.406171" lon="2.104418"><ele>294.345</ele><time>2021-07-28T10:43:04Z</time></trkpt><trkpt lat="41.406134" lon="2.104497"><ele>294.111</ele><time>2021-07-28T10:43:07Z</time></trkpt><trkpt lat="41.406115" lon="2.104581"><ele>294.233</ele><time>2021-07-28T10:43:09Z</time></trkpt><trkpt lat="41.406107" lon="2.104652"><ele>294.643</ele><time>2021-07-28T10:43:11Z</time></trkpt><trkpt lat="41.406114" lon="2.104722"><ele>295.158</ele><time>2021-07-28T10:43:13Z</time></trkpt><trkpt lat="41.406128" lon="2.104792"><ele>295.721</ele><time>2021-07-28T10:43:15Z</time></trkpt><trkpt lat="41.406153" lon="2.104860"><ele>296.141</ele><time>2021-07-28T10:43:17Z</time></trkpt><trkpt lat="41.406194" lon="2.104932"><ele>296.805</ele><time>2021-07-28T10:43:19Z</time></trkpt><trkpt lat="41.406242" lon="2.105002"><ele>296.908</ele><time>2021-07-28T10:43:21Z</time></trkpt><trkpt lat="41.406298" lon="2.105075"><ele>297.549</ele><time>2021-07-28T10:43:23Z</time></trkpt><trkpt lat="41.406350" lon="2.105144"><ele>297.751</ele><time>2021-07-28T10:43:25Z</time></trkpt><trkpt lat="41.406410" lon="2.105203"><ele>298.445</ele><time>2021-07-28T10:43:27Z</time></trkpt><trkpt lat="41.406469" lon="2.105262"><ele>299.759</ele><time>2021-07-28T10:43:29Z</time></trkpt><trkpt lat="41.406513" lon="2.105332"><ele>300.875</ele><time>2021-07-28T10:43:31Z</time></trkpt><trkpt lat="41.406540" lon="2.105401"><ele>301.937</ele><time>2021-07-28T10:43:33Z</time></trkpt><trkpt lat="41.406556" lon="2.105460"><ele>303.427</ele><time>2021-07-28T10:43:35Z</time></trkpt><trkpt lat="41.406560" lon="2.105524"><ele>303.932</ele><time>2021-07-28T10:43:37Z</time></trkpt><trkpt lat="41.406550" lon="2.105591"><ele>304.355</ele><time>2021-07-28T10:43:39Z</time></trkpt><trkpt lat="41.406546" lon="2.105677"><ele>304.107</ele><time>2021-07-28T10:43:41Z</time></trkpt><trkpt lat="41.406535" lon="2.105773"><ele>304.117</ele><time>2021-07-28T10:43:43Z</time></trkpt><trkpt lat="41.406511" lon="2.105867"><ele>305.108</ele><time>2021-07-28T10:43:45Z</time></trkpt><trkpt lat="41.406496" lon="2.105959"><ele>305.462</ele><time>2021-07-28T10:43:47Z</time></trkpt><trkpt lat="41.406498" lon="2.106052"><ele>306.284</ele><time>2021-07-28T10:43:49Z</time></trkpt><trkpt lat="41.406506" lon="2.106148"><ele>306.188</ele><time>2021-07-28T10:43:51Z</time></trkpt><trkpt lat="41.406530" lon="2.106248"><ele>306.412</ele><time>2021-07-28T10:43:53Z</time></trkpt><trkpt lat="41.406573" lon="2.106350"><ele>306.878</ele><time>2021-07-28T10:43:55Z</time></trkpt><trkpt lat="41.406638" lon="2.106441"><ele>307.270</ele><time>2021-07-28T10:43:57Z</time></trkpt><trkpt lat="41.406708" lon="2.106469"><ele>307.740</ele><time>2021-07-28T10:43:58Z</time></trkpt><trkpt lat="41.406767" lon="2.106508"><ele>308.265</ele><time>2021-07-28T10:44:00Z</time></trkpt><trkpt lat="41.406831" lon="2.106564"><ele>308.338</ele><time>2021-07-28T10:44:02Z</time></trkpt><trkpt lat="41.406887" lon="2.106644"><ele>308.270</ele><time>2021-07-28T10:44:04Z</time></trkpt><trkpt lat="41.406937" lon="2.106737"><ele>308.317</ele><time>2021-07-28T10:44:06Z</time></trkpt><trkpt lat="41.406956" lon="2.106847"><ele>307.808</ele><time>2021-07-28T10:44:08Z</time></trkpt><trkpt lat="41.406950" lon="2.106939"><ele>307.330</ele><time>2021-07-28T10:44:10Z</time></trkpt><trkpt lat="41.406893" lon="2.107041"><ele>307.242</ele><time>2021-07-28T10:44:12Z</time></trkpt><trkpt lat="41.406818" lon="2.107114"><ele>307.316</ele><time>2021-07-28T10:44:14Z</time></trkpt><trkpt lat="41.406745" lon="2.107179"><ele>308.130</ele><time>2021-07-28T10:44:16Z</time></trkpt><trkpt lat="41.406683" lon="2.107262"><ele>308.636</ele><time>2021-07-28T10:44:18Z</time></trkpt><trkpt lat="41.406614" lon="2.107360"><ele>308.828</ele><time>2021-07-28T10:44:20Z</time></trkpt><trkpt lat="41.406571" lon="2.107472"><ele>308.968</ele><time>2021-07-28T10:44:22Z</time></trkpt><trkpt lat="41.406557" lon="2.107595"><ele>309.253</ele><time>2021-07-28T10:44:24Z</time></trkpt><trkpt lat="41.406572" lon="2.107696"><ele>309.385</ele><time>2021-07-28T10:44:26Z</time></trkpt><trkpt lat="41.406593" lon="2.107770"><ele>309.589</ele><time>2021-07-28T10:44:27Z</time></trkpt><trkpt lat="41.406611" lon="2.107832"><ele>310.017</ele><time>2021-07-28T10:44:28Z</time></trkpt><trkpt lat="41.406656" lon="2.107959"><ele>310.208</ele><time>2021-07-28T10:44:30Z</time></trkpt><trkpt lat="41.406683" lon="2.108049"><ele>311.055</ele><time>2021-07-28T10:44:32Z</time></trkpt><trkpt lat="41.406762" lon="2.108148"><ele>311.317</ele><time>2021-07-28T10:44:34Z</time></trkpt><trkpt lat="41.406821" lon="2.108227"><ele>311.031</ele><time>2021-07-28T10:44:36Z</time></trkpt><trkpt lat="41.406898" lon="2.108276"><ele>309.575</ele><time>2021-07-28T10:44:38Z</time></trkpt><trkpt lat="41.406967" lon="2.108336"><ele>308.471</ele><time>2021-07-28T10:44:40Z</time></trkpt><trkpt lat="41.407011" lon="2.108430"><ele>307.223</ele><time>2021-07-28T10:44:42Z</time></trkpt><trkpt lat="41.407056" lon="2.108511"><ele>306.713</ele><time>2021-07-28T10:44:44Z</time></trkpt><trkpt lat="41.407069" lon="2.108600"><ele>306.668</ele><time>2021-07-28T10:44:46Z</time></trkpt><trkpt lat="41.407078" lon="2.108663"><ele>306.977</ele><time>2021-07-28T10:44:47Z</time></trkpt><trkpt lat="41.407065" lon="2.108723"><ele>307.161</ele><time>2021-07-28T10:44:48Z</time></trkpt><trkpt lat="41.407051" lon="2.108783"><ele>306.127</ele><time>2021-07-28T10:44:49Z</time></trkpt><trkpt lat="41.407009" lon="2.108892"><ele>305.208</ele><time>2021-07-28T10:44:51Z</time></trkpt><trkpt lat="41.406909" lon="2.108963"><ele>304.374</ele><time>2021-07-28T10:44:53Z</time></trkpt><trkpt lat="41.406864" lon="2.108977"><ele>303.496</ele><time>2021-07-28T10:44:54Z</time></trkpt><trkpt lat="41.406766" lon="2.109006"><ele>302.220</ele><time>2021-07-28T10:44:56Z</time></trkpt><trkpt lat="41.406693" lon="2.109011"><ele>301.324</ele><time>2021-07-28T10:44:58Z</time></trkpt><trkpt lat="41.406601" lon="2.109013"><ele>300.140</ele><time>2021-07-28T10:45:00Z</time></trkpt><trkpt lat="41.406524" lon="2.108976"><ele>300.212</ele><time>2021-07-28T10:45:02Z</time></trkpt><trkpt lat="41.406447" lon="2.108939"><ele>300.352</ele><time>2021-07-28T10:45:04Z</time></trkpt><trkpt lat="41.406377" lon="2.108905"><ele>300.387</ele><time>2021-07-28T10:45:06Z</time></trkpt><trkpt lat="41.406309" lon="2.108883"><ele>300.389</ele><time>2021-07-28T10:45:08Z</time></trkpt><trkpt lat="41.406243" lon="2.108859"><ele>296.306</ele><time>2021-07-28T10:45:10Z</time></trkpt><trkpt lat="41.406175" lon="2.108832"><ele>294.326</ele><time>2021-07-28T10:45:12Z</time></trkpt><trkpt lat="41.406099" lon="2.108815"><ele>293.908</ele><time>2021-07-28T10:45:14Z</time></trkpt><trkpt lat="41.406023" lon="2.108795"><ele>296.045</ele><time>2021-07-28T10:45:16Z</time></trkpt><trkpt lat="41.405949" lon="2.108764"><ele>297.697</ele><time>2021-07-28T10:45:18Z</time></trkpt><trkpt lat="41.405880" lon="2.108719"><ele>298.531</ele><time>2021-07-28T10:45:20Z</time></trkpt><trkpt lat="41.405816" lon="2.108652"><ele>298.835</ele><time>2021-07-28T10:45:22Z</time></trkpt><trkpt lat="41.405760" lon="2.108579"><ele>298.911</ele><time>2021-07-28T10:45:24Z</time></trkpt><trkpt lat="41.405726" lon="2.108513"><ele>299.013</ele><time>2021-07-28T10:45:29Z</time></trkpt><trkpt lat="41.405636" lon="2.108267"><ele>299.133</ele><time>2021-07-28T10:45:31Z</time></trkpt><trkpt lat="41.405600" lon="2.108179"><ele>298.928</ele><time>2021-07-28T10:45:33Z</time></trkpt><trkpt lat="41.405558" lon="2.108094"><ele>298.721</ele><time>2021-07-28T10:45:35Z</time></trkpt><trkpt lat="41.405520" lon="2.108010"><ele>299.041</ele><time>2021-07-28T10:45:37Z</time></trkpt><trkpt lat="41.405468" lon="2.107920"><ele>299.005</ele><time>2021-07-28T10:45:39Z</time></trkpt><trkpt lat="41.405408" lon="2.107836"><ele>299.808</ele><time>2021-07-28T10:45:41Z</time></trkpt><trkpt lat="41.405341" lon="2.107765"><ele>299.999</ele><time>2021-07-28T10:45:43Z</time></trkpt><trkpt lat="41.405263" lon="2.107709"><ele>299.971</ele><time>2021-07-28T10:45:45Z</time></trkpt><trkpt lat="41.405219" lon="2.107686"><ele>299.935</ele><time>2021-07-28T10:45:46Z</time></trkpt><trkpt lat="41.405129" lon="2.107658"><ele>299.689</ele><time>2021-07-28T10:45:48Z</time></trkpt><trkpt lat="41.405039" lon="2.107634"><ele>299.525</ele><time>2021-07-28T10:45:50Z</time></trkpt><trkpt lat="41.404951" lon="2.107594"><ele>299.197</ele><time>2021-07-28T10:45:52Z</time></trkpt><trkpt lat="41.404909" lon="2.107570"><ele>298.997</ele><time>2021-07-28T10:45:53Z</time></trkpt><trkpt lat="41.404825" lon="2.107526"><ele>299.142</ele><time>2021-07-28T10:45:55Z</time></trkpt><trkpt lat="41.404751" lon="2.107476"><ele>298.896</ele><time>2021-07-28T10:45:57Z</time></trkpt><trkpt lat="41.404698" lon="2.107411"><ele>298.631</ele><time>2021-07-28T10:45:59Z</time></trkpt><trkpt lat="41.404655" lon="2.107330"><ele>298.824</ele><time>2021-07-28T10:46:01Z</time></trkpt><trkpt lat="41.404649" lon="2.107258"><ele>298.608</ele><time>2021-07-28T10:46:02Z</time></trkpt><trkpt lat="41.404616" lon="2.107203"><ele>298.326</ele><time>2021-07-28T10:46:03Z</time></trkpt><trkpt lat="41.404540" lon="2.107146"><ele>298.478</ele><time>2021-07-28T10:46:05Z</time></trkpt><trkpt lat="41.404457" lon="2.107151"><ele>298.452</ele><time>2021-07-28T10:46:07Z</time></trkpt><trkpt lat="41.404375" lon="2.107195"><ele>298.496</ele><time>2021-07-28T10:46:09Z</time></trkpt><trkpt lat="41.404298" lon="2.107241"><ele>298.012</ele><time>2021-07-28T10:46:11Z</time></trkpt><trkpt lat="41.404216" lon="2.107281"><ele>297.554</ele><time>2021-07-28T10:46:13Z</time></trkpt><trkpt lat="41.404132" lon="2.107308"><ele>297.274</ele><time>2021-07-28T10:46:15Z</time></trkpt><trkpt lat="41.404050" lon="2.107307"><ele>297.039</ele><time>2021-07-28T10:46:17Z</time></trkpt><trkpt lat="41.404005" lon="2.107303"><ele>296.577</ele><time>2021-07-28T10:46:18Z</time></trkpt><trkpt lat="41.403957" lon="2.107311"><ele>296.361</ele><time>2021-07-28T10:46:19Z</time></trkpt><trkpt lat="41.403910" lon="2.107303"><ele>296.827</ele><time>2021-07-28T10:46:20Z</time></trkpt><trkpt lat="41.403826" lon="2.107295"><ele>296.808</ele><time>2021-07-28T10:46:22Z</time></trkpt><trkpt lat="41.403745" lon="2.107271"><ele>296.984</ele><time>2021-07-28T10:46:24Z</time></trkpt><trkpt lat="41.403666" lon="2.107256"><ele>297.166</ele><time>2021-07-28T10:46:26Z</time></trkpt><trkpt lat="41.403621" lon="2.107249"><ele>296.890</ele><time>2021-07-28T10:46:27Z</time></trkpt><trkpt lat="41.403544" lon="2.107187"><ele>295.974</ele><time>2021-07-28T10:46:29Z</time></trkpt><trkpt lat="41.403471" lon="2.107139"><ele>295.490</ele><time>2021-07-28T10:46:31Z</time></trkpt><trkpt lat="41.403418" lon="2.107088"><ele>295.542</ele><time>2021-07-28T10:46:33Z</time></trkpt><trkpt lat="41.403372" lon="2.107033"><ele>296.352</ele><time>2021-07-28T10:46:35Z</time></trkpt><trkpt lat="41.403336" lon="2.106966"><ele>297.017</ele><time>2021-07-28T10:46:37Z</time></trkpt><trkpt lat="41.403308" lon="2.106888"><ele>297.787</ele><time>2021-07-28T10:46:39Z</time></trkpt><trkpt lat="41.403284" lon="2.106789"><ele>297.742</ele><time>2021-07-28T10:46:41Z</time></trkpt><trkpt lat="41.403266" lon="2.106691"><ele>297.126</ele><time>2021-07-28T10:46:43Z</time></trkpt><trkpt lat="41.403252" lon="2.106586"><ele>296.508</ele><time>2021-07-28T10:46:45Z</time></trkpt><trkpt lat="41.403249" lon="2.106475"><ele>295.885</ele><time>2021-07-28T10:46:47Z</time></trkpt><trkpt lat="41.403265" lon="2.106367"><ele>295.437</ele><time>2021-07-28T10:46:49Z</time></trkpt><trkpt lat="41.403287" lon="2.106261"><ele>294.691</ele><time>2021-07-28T10:46:51Z</time></trkpt><trkpt lat="41.403311" lon="2.106153"><ele>294.525</ele><time>2021-07-28T10:46:53Z</time></trkpt><trkpt lat="41.403334" lon="2.106024"><ele>294.291</ele><time>2021-07-28T10:46:55Z</time></trkpt><trkpt lat="41.403337" lon="2.105901"><ele>294.183</ele><time>2021-07-28T10:46:57Z</time></trkpt><trkpt lat="41.403285" lon="2.105805"><ele>295.043</ele><time>2021-07-28T10:46:59Z</time></trkpt><trkpt lat="41.403185" lon="2.105778"><ele>295.638</ele><time>2021-07-28T10:47:01Z</time></trkpt><trkpt lat="41.403140" lon="2.105768"><ele>295.682</ele><time>2021-07-28T10:47:02Z</time></trkpt><trkpt lat="41.403086" lon="2.105780"><ele>295.843</ele><time>2021-07-28T10:47:03Z</time></trkpt><trkpt lat="41.402986" lon="2.105767"><ele>295.017</ele><time>2021-07-28T10:47:05Z</time></trkpt><trkpt lat="41.402900" lon="2.105770"><ele>295.008</ele><time>2021-07-28T10:47:07Z</time></trkpt><trkpt lat="41.402810" lon="2.105754"><ele>294.675</ele><time>2021-07-28T10:47:09Z</time></trkpt><trkpt lat="41.402712" lon="2.105711"><ele>294.277</ele><time>2021-07-28T10:47:11Z</time></trkpt><trkpt lat="41.402625" lon="2.105671"><ele>293.871</ele><time>2021-07-28T10:47:13Z</time></trkpt><trkpt lat="41.402562" lon="2.105630"><ele>293.415</ele><time>2021-07-28T10:47:15Z</time></trkpt><trkpt lat="41.402484" lon="2.105563"><ele>293.631</ele><time>2021-07-28T10:47:17Z</time></trkpt><trkpt lat="41.402454" lon="2.105517"><ele>293.363</ele><time>2021-07-28T10:47:18Z</time></trkpt><trkpt lat="41.402388" lon="2.105439"><ele>293.473</ele><time>2021-07-28T10:47:20Z</time></trkpt><trkpt lat="41.402348" lon="2.105340"><ele>293.798</ele><time>2021-07-28T10:47:22Z</time></trkpt><trkpt lat="41.402327" lon="2.105286"><ele>294.338</ele><time>2021-07-28T10:47:23Z</time></trkpt><trkpt lat="41.402314" lon="2.105228"><ele>294.770</ele><time>2021-07-28T10:47:24Z</time></trkpt><trkpt lat="41.402258" lon="2.105131"><ele>295.217</ele><time>2021-07-28T10:47:26Z</time></trkpt><trkpt lat="41.402222" lon="2.105075"><ele>295.508</ele><time>2021-07-28T10:47:27Z</time></trkpt><trkpt lat="41.402135" lon="2.105050"><ele>295.450</ele><time>2021-07-28T10:47:29Z</time></trkpt><trkpt lat="41.402090" lon="2.105049"><ele>295.652</ele><time>2021-07-28T10:47:30Z</time></trkpt><trkpt lat="41.402016" lon="2.105069"><ele>295.546</ele><time>2021-07-28T10:47:32Z</time></trkpt><trkpt lat="41.401945" lon="2.105107"><ele>294.710</ele><time>2021-07-28T10:47:34Z</time></trkpt><trkpt lat="41.401871" lon="2.105117"><ele>294.616</ele><time>2021-07-28T10:47:36Z</time></trkpt><trkpt lat="41.401821" lon="2.105148"><ele>294.748</ele><time>2021-07-28T10:47:38Z</time></trkpt><trkpt lat="41.401775" lon="2.105124"><ele>294.528</ele><time>2021-07-28T10:47:39Z</time></trkpt><trkpt lat="41.401689" lon="2.105124"><ele>294.013</ele><time>2021-07-28T10:47:41Z</time></trkpt><trkpt lat="41.401617" lon="2.105074"><ele>294.392</ele><time>2021-07-28T10:47:43Z</time></trkpt><trkpt lat="41.401553" lon="2.105025"><ele>294.173</ele><time>2021-07-28T10:47:45Z</time></trkpt><trkpt lat="41.401488" lon="2.104989"><ele>293.520</ele><time>2021-07-28T10:47:47Z</time></trkpt><trkpt lat="41.401432" lon="2.104985"><ele>292.908</ele><time>2021-07-28T10:47:49Z</time></trkpt><trkpt lat="41.401416" lon="2.105043"><ele>292.736</ele><time>2021-07-28T10:47:52Z</time></trkpt><trkpt lat="41.401381" lon="2.104972"><ele>295.388</ele><time>2021-07-28T10:52:18Z</time></trkpt><trkpt lat="41.401290" lon="2.104918"><ele>297.782</ele><time>2021-07-28T10:52:20Z</time></trkpt><trkpt lat="41.401245" lon="2.104894"><ele>299.226</ele><time>2021-07-28T10:52:21Z</time></trkpt><trkpt lat="41.401161" lon="2.104851"><ele>300.722</ele><time>2021-07-28T10:52:23Z</time></trkpt><trkpt lat="41.401097" lon="2.104790"><ele>301.884</ele><time>2021-07-28T10:52:25Z</time></trkpt><trkpt lat="41.401044" lon="2.104725"><ele>302.454</ele><time>2021-07-28T10:52:27Z</time></trkpt><trkpt lat="41.400993" lon="2.104656"><ele>302.829</ele><time>2021-07-28T10:52:29Z</time></trkpt><trkpt lat="41.400940" lon="2.104582"><ele>303.651</ele><time>2021-07-28T10:52:31Z</time></trkpt><trkpt lat="41.400909" lon="2.104490"><ele>304.501</ele><time>2021-07-28T10:52:33Z</time></trkpt><trkpt lat="41.400893" lon="2.104396"><ele>304.811</ele><time>2021-07-28T10:52:35Z</time></trkpt><trkpt lat="41.400822" lon="2.104351"><ele>305.008</ele><time>2021-07-28T10:52:37Z</time></trkpt><trkpt lat="41.400732" lon="2.104385"><ele>304.622</ele><time>2021-07-28T10:52:39Z</time></trkpt><trkpt lat="41.400691" lon="2.104423"><ele>304.934</ele><time>2021-07-28T10:52:40Z</time></trkpt><trkpt lat="41.400617" lon="2.104483"><ele>303.528</ele><time>2021-07-28T10:52:42Z</time></trkpt><trkpt lat="41.400531" lon="2.104500"><ele>303.312</ele><time>2021-07-28T10:52:44Z</time></trkpt><trkpt lat="41.400446" lon="2.104490"><ele>303.428</ele><time>2021-07-28T10:52:46Z</time></trkpt><trkpt lat="41.400357" lon="2.104473"><ele>304.160</ele><time>2021-07-28T10:52:48Z</time></trkpt><trkpt lat="41.400274" lon="2.104460"><ele>305.750</ele><time>2021-07-28T10:52:50Z</time></trkpt><trkpt lat="41.400207" lon="2.104452"><ele>304.025</ele><time>2021-07-28T10:52:52Z</time></trkpt><trkpt lat="41.400149" lon="2.104448"><ele>303.849</ele><time>2021-07-28T10:52:54Z</time></trkpt><trkpt lat="41.400094" lon="2.104449"><ele>303.802</ele><time>2021-07-28T10:52:56Z</time></trkpt><trkpt lat="41.400035" lon="2.104448"><ele>304.122</ele><time>2021-07-28T10:52:58Z</time></trkpt><trkpt lat="41.399971" lon="2.104441"><ele>304.408</ele><time>2021-07-28T10:53:00Z</time></trkpt><trkpt lat="41.399893" lon="2.104435"><ele>304.791</ele><time>2021-07-28T10:53:02Z</time></trkpt><trkpt lat="41.399826" lon="2.104438"><ele>304.783</ele><time>2021-07-28T10:53:04Z</time></trkpt><trkpt lat="41.399768" lon="2.104448"><ele>305.357</ele><time>2021-07-28T10:53:06Z</time></trkpt><trkpt lat="41.399708" lon="2.104450"><ele>306.631</ele><time>2021-07-28T10:53:08Z</time></trkpt><trkpt lat="41.399645" lon="2.104422"><ele>307.777</ele><time>2021-07-28T10:53:10Z</time></trkpt><trkpt lat="41.399578" lon="2.104386"><ele>308.889</ele><time>2021-07-28T10:53:12Z</time></trkpt><trkpt lat="41.399506" lon="2.104355"><ele>309.929</ele><time>2021-07-28T10:53:14Z</time></trkpt><trkpt lat="41.399445" lon="2.104310"><ele>310.654</ele><time>2021-07-28T10:53:16Z</time></trkpt><trkpt lat="41.399394" lon="2.104234"><ele>307.478</ele><time>2021-07-28T10:53:18Z</time></trkpt><trkpt lat="41.399349" lon="2.104137"><ele>306.333</ele><time>2021-07-28T10:53:20Z</time></trkpt><trkpt lat="41.399325" lon="2.104049"><ele>306.826</ele><time>2021-07-28T10:53:22Z</time></trkpt><trkpt lat="41.399290" lon="2.103948"><ele>307.708</ele><time>2021-07-28T10:53:24Z</time></trkpt><trkpt lat="41.399224" lon="2.103876"><ele>307.264</ele><time>2021-07-28T10:53:26Z</time></trkpt><trkpt lat="41.399103" lon="2.103871"><ele>306.866</ele><time>2021-07-28T10:53:28Z</time></trkpt><trkpt lat="41.399050" lon="2.103858"><ele>306.260</ele><time>2021-07-28T10:53:29Z</time></trkpt><trkpt lat="41.398949" lon="2.103807"><ele>306.054</ele><time>2021-07-28T10:53:31Z</time></trkpt><trkpt lat="41.398872" lon="2.103731"><ele>305.970</ele><time>2021-07-28T10:53:33Z</time></trkpt><trkpt lat="41.398808" lon="2.103641"><ele>305.632</ele><time>2021-07-28T10:53:35Z</time></trkpt><trkpt lat="41.398730" lon="2.103558"><ele>305.662</ele><time>2021-07-28T10:53:37Z</time></trkpt><trkpt lat="41.398701" lon="2.103512"><ele>305.967</ele><time>2021-07-28T10:53:38Z</time></trkpt><trkpt lat="41.398637" lon="2.103428"><ele>306.277</ele><time>2021-07-28T10:53:40Z</time></trkpt><trkpt lat="41.398577" lon="2.103345"><ele>303.661</ele><time>2021-07-28T10:53:42Z</time></trkpt><trkpt lat="41.398528" lon="2.103241"><ele>302.127</ele><time>2021-07-28T10:53:44Z</time></trkpt><trkpt lat="41.398480" lon="2.103150"><ele>302.008</ele><time>2021-07-28T10:53:46Z</time></trkpt><trkpt lat="41.398422" lon="2.103058"><ele>302.594</ele><time>2021-07-28T10:53:48Z</time></trkpt><trkpt lat="41.398386" lon="2.102977"><ele>303.036</ele><time>2021-07-28T10:53:50Z</time></trkpt><trkpt lat="41.398321" lon="2.102897"><ele>303.480</ele><time>2021-07-28T10:53:52Z</time></trkpt><trkpt lat="41.398268" lon="2.102829"><ele>303.564</ele><time>2021-07-28T10:53:54Z</time></trkpt><trkpt lat="41.398220" lon="2.102787"><ele>304.140</ele><time>2021-07-28T10:53:55Z</time></trkpt><trkpt lat="41.398161" lon="2.102686"><ele>305.412</ele><time>2021-07-28T10:53:57Z</time></trkpt><trkpt lat="41.398124" lon="2.102630"><ele>304.722</ele><time>2021-07-28T10:53:58Z</time></trkpt><trkpt lat="41.398097" lon="2.102562"><ele>304.757</ele><time>2021-07-28T10:53:59Z</time></trkpt><trkpt lat="41.398058" lon="2.102470"><ele>305.656</ele><time>2021-07-28T10:54:01Z</time></trkpt><trkpt lat="41.398036" lon="2.102356"><ele>306.459</ele><time>2021-07-28T10:54:03Z</time></trkpt><trkpt lat="41.398042" lon="2.102172"><ele>306.714</ele><time>2021-07-28T10:54:05Z</time></trkpt><trkpt lat="41.398086" lon="2.102092"><ele>306.808</ele><time>2021-07-28T10:54:07Z</time></trkpt><trkpt lat="41.398083" lon="2.101984"><ele>306.972</ele><time>2021-07-28T10:54:09Z</time></trkpt><trkpt lat="41.398046" lon="2.101944"><ele>307.334</ele><time>2021-07-28T10:54:10Z</time></trkpt><trkpt lat="41.398041" lon="2.101844"><ele>306.278</ele><time>2021-07-28T10:54:12Z</time></trkpt><trkpt lat="41.398008" lon="2.101753"><ele>305.532</ele><time>2021-07-28T10:54:13Z</time></trkpt><trkpt lat="41.397942" lon="2.101742"><ele>305.548</ele><time>2021-07-28T10:54:14Z</time></trkpt><trkpt lat="41.397887" lon="2.101703"><ele>304.410</ele><time>2021-07-28T10:54:15Z</time></trkpt><trkpt lat="41.397811" lon="2.101686"><ele>301.670</ele><time>2021-07-28T10:54:17Z</time></trkpt><trkpt lat="41.397770" lon="2.101650"><ele>300.045</ele><time>2021-07-28T10:54:18Z</time></trkpt><trkpt lat="41.397700" lon="2.101624"><ele>299.921</ele><time>2021-07-28T10:54:20Z</time></trkpt><trkpt lat="41.397632" lon="2.101581"><ele>300.541</ele><time>2021-07-28T10:54:22Z</time></trkpt><trkpt lat="41.397574" lon="2.101559"><ele>303.105</ele><time>2021-07-28T10:54:24Z</time></trkpt><trkpt lat="41.397504" lon="2.101522"><ele>305.008</ele><time>2021-07-28T10:54:26Z</time></trkpt><trkpt lat="41.397428" lon="2.101471"><ele>306.529</ele><time>2021-07-28T10:54:28Z</time></trkpt><trkpt lat="41.397340" lon="2.101409"><ele>307.871</ele><time>2021-07-28T10:54:30Z</time></trkpt><trkpt lat="41.397290" lon="2.101352"><ele>307.985</ele><time>2021-07-28T10:54:31Z</time></trkpt><trkpt lat="41.397186" lon="2.101265"><ele>306.969</ele><time>2021-07-28T10:54:33Z</time></trkpt><trkpt lat="41.397109" lon="2.101215"><ele>304.695</ele><time>2021-07-28T10:54:34Z</time></trkpt><trkpt lat="41.397003" lon="2.101193"><ele>304.047</ele><time>2021-07-28T10:54:36Z</time></trkpt><trkpt lat="41.396896" lon="2.101152"><ele>304.127</ele><time>2021-07-28T10:54:38Z</time></trkpt><trkpt lat="41.396844" lon="2.101148"><ele>304.352</ele><time>2021-07-28T10:54:39Z</time></trkpt><trkpt lat="41.396757" lon="2.101126"><ele>304.888</ele><time>2021-07-28T10:54:41Z</time></trkpt><trkpt lat="41.396705" lon="2.101103"><ele>305.024</ele><time>2021-07-28T10:54:42Z</time></trkpt><trkpt lat="41.396656" lon="2.101089"><ele>305.726</ele><time>2021-07-28T10:54:43Z</time></trkpt><trkpt lat="41.396568" lon="2.101037"><ele>305.308</ele><time>2021-07-28T10:54:45Z</time></trkpt><trkpt lat="41.396493" lon="2.100986"><ele>305.645</ele><time>2021-07-28T10:54:47Z</time></trkpt><trkpt lat="41.396455" lon="2.100952"><ele>306.127</ele><time>2021-07-28T10:54:48Z</time></trkpt><trkpt lat="41.396378" lon="2.100891"><ele>307.071</ele><time>2021-07-28T10:54:50Z</time></trkpt><trkpt lat="41.396337" lon="2.100860"><ele>307.855</ele><time>2021-07-28T10:54:51Z</time></trkpt><trkpt lat="41.396261" lon="2.100808"><ele>308.621</ele><time>2021-07-28T10:54:53Z</time></trkpt><trkpt lat="41.396181" lon="2.100766"><ele>309.183</ele><time>2021-07-28T10:54:55Z</time></trkpt><trkpt lat="41.396103" lon="2.100722"><ele>309.793</ele><time>2021-07-28T10:54:57Z</time></trkpt><trkpt lat="41.396039" lon="2.100658"><ele>309.918</ele><time>2021-07-28T10:54:59Z</time></trkpt><trkpt lat="41.395972" lon="2.100593"><ele>310.295</ele><time>2021-07-28T10:55:01Z</time></trkpt><trkpt lat="41.395896" lon="2.100565"><ele>309.849</ele><time>2021-07-28T10:55:03Z</time></trkpt><trkpt lat="41.395820" lon="2.100522"><ele>309.923</ele><time>2021-07-28T10:55:05Z</time></trkpt><trkpt lat="41.395769" lon="2.100526"><ele>309.708</ele><time>2021-07-28T10:55:06Z</time></trkpt><trkpt lat="41.395677" lon="2.100567"><ele>309.736</ele><time>2021-07-28T10:55:08Z</time></trkpt><trkpt lat="41.395628" lon="2.100597"><ele>309.838</ele><time>2021-07-28T10:55:09Z</time></trkpt><trkpt lat="41.395586" lon="2.100619"><ele>310.112</ele><time>2021-07-28T10:55:10Z</time></trkpt><trkpt lat="41.395511" lon="2.100654"><ele>309.716</ele><time>2021-07-28T10:55:12Z</time></trkpt><trkpt lat="41.395459" lon="2.100651"><ele>309.012</ele><time>2021-07-28T10:55:13Z</time></trkpt><trkpt lat="41.395365" lon="2.100674"><ele>307.654</ele><time>2021-07-28T10:55:15Z</time></trkpt><trkpt lat="41.395279" lon="2.100696"><ele>306.744</ele><time>2021-07-28T10:55:17Z</time></trkpt><trkpt lat="41.395187" lon="2.100696"><ele>305.579</ele><time>2021-07-28T10:55:19Z</time></trkpt><trkpt lat="41.395102" lon="2.100670"><ele>304.221</ele><time>2021-07-28T10:55:21Z</time></trkpt><trkpt lat="41.395012" lon="2.100652"><ele>302.241</ele><time>2021-07-28T10:55:23Z</time></trkpt><trkpt lat="41.394941" lon="2.100609"><ele>300.605</ele><time>2021-07-28T10:55:25Z</time></trkpt><trkpt lat="41.394869" lon="2.100543"><ele>299.108</ele><time>2021-07-28T10:55:27Z</time></trkpt><trkpt lat="41.394823" lon="2.100452"><ele>297.549</ele><time>2021-07-28T10:55:29Z</time></trkpt><trkpt lat="41.394750" lon="2.100377"><ele>295.481</ele><time>2021-07-28T10:55:31Z</time></trkpt><trkpt lat="41.394684" lon="2.100309"><ele>294.965</ele><time>2021-07-28T10:55:33Z</time></trkpt><trkpt lat="41.394626" lon="2.100262"><ele>295.739</ele><time>2021-07-28T10:55:35Z</time></trkpt><trkpt lat="41.394572" lon="2.100231"><ele>296.015</ele><time>2021-07-28T10:55:37Z</time></trkpt><trkpt lat="41.394522" lon="2.100209"><ele>296.287</ele><time>2021-07-28T10:55:39Z</time></trkpt><trkpt lat="41.394466" lon="2.100177"><ele>298.797</ele><time>2021-07-28T10:55:41Z</time></trkpt><trkpt lat="41.394415" lon="2.100150"><ele>301.652</ele><time>2021-07-28T10:55:43Z</time></trkpt><trkpt lat="41.394362" lon="2.100131"><ele>301.645</ele><time>2021-07-28T10:55:45Z</time></trkpt><trkpt lat="41.394309" lon="2.100121"><ele>301.247</ele><time>2021-07-28T10:55:47Z</time></trkpt><trkpt lat="41.394257" lon="2.100107"><ele>300.711</ele><time>2021-07-28T10:55:49Z</time></trkpt><trkpt lat="41.394202" lon="2.100080"><ele>300.308</ele><time>2021-07-28T10:55:51Z</time></trkpt><trkpt lat="41.394133" lon="2.100041"><ele>300.781</ele><time>2021-07-28T10:55:53Z</time></trkpt><trkpt lat="41.394051" lon="2.100030"><ele>301.473</ele><time>2021-07-28T10:55:55Z</time></trkpt><trkpt lat="41.393968" lon="2.100068"><ele>301.147</ele><time>2021-07-28T10:55:57Z</time></trkpt><trkpt lat="41.393930" lon="2.100103"><ele>301.081</ele><time>2021-07-28T10:55:58Z</time></trkpt><trkpt lat="41.393858" lon="2.100202"><ele>300.767</ele><time>2021-07-28T10:56:00Z</time></trkpt><trkpt lat="41.393777" lon="2.100271"><ele>299.779</ele><time>2021-07-28T10:56:02Z</time></trkpt><trkpt lat="41.393710" lon="2.100319"><ele>299.589</ele><time>2021-07-28T10:56:04Z</time></trkpt><trkpt lat="41.393649" lon="2.100363"><ele>299.394</ele><time>2021-07-28T10:56:06Z</time></trkpt><trkpt lat="41.393592" lon="2.100398"><ele>299.589</ele><time>2021-07-28T10:56:08Z</time></trkpt><trkpt lat="41.393513" lon="2.100441"><ele>299.606</ele><time>2021-07-28T10:56:10Z</time></trkpt><trkpt lat="41.393445" lon="2.100480"><ele>299.226</ele><time>2021-07-28T10:56:12Z</time></trkpt><trkpt lat="41.393362" lon="2.100520"><ele>299.408</ele><time>2021-07-28T10:56:14Z</time></trkpt><trkpt lat="41.393295" lon="2.100535"><ele>297.595</ele><time>2021-07-28T10:56:16Z</time></trkpt><trkpt lat="41.393230" lon="2.100548"><ele>296.677</ele><time>2021-07-28T10:56:18Z</time></trkpt><trkpt lat="41.393170" lon="2.100557"><ele>296.241</ele><time>2021-07-28T10:56:20Z</time></trkpt><trkpt lat="41.393115" lon="2.100564"><ele>296.555</ele><time>2021-07-28T10:56:22Z</time></trkpt><trkpt lat="41.393060" lon="2.100558"><ele>296.821</ele><time>2021-07-28T10:56:24Z</time></trkpt><trkpt lat="41.393004" lon="2.100552"><ele>297.693</ele><time>2021-07-28T10:56:26Z</time></trkpt><trkpt lat="41.392938" lon="2.100548"><ele>297.933</ele><time>2021-07-28T10:56:28Z</time></trkpt><trkpt lat="41.392870" lon="2.100548"><ele>298.348</ele><time>2021-07-28T10:56:30Z</time></trkpt><trkpt lat="41.392800" lon="2.100547"><ele>298.794</ele><time>2021-07-28T10:56:32Z</time></trkpt><trkpt lat="41.392729" lon="2.100554"><ele>299.357</ele><time>2021-07-28T10:56:34Z</time></trkpt><trkpt lat="41.392667" lon="2.100571"><ele>299.922</ele><time>2021-07-28T10:56:36Z</time></trkpt><trkpt lat="41.392615" lon="2.100602"><ele>300.608</ele><time>2021-07-28T10:56:38Z</time></trkpt><trkpt lat="41.392568" lon="2.100648"><ele>300.926</ele><time>2021-07-28T10:56:40Z</time></trkpt><trkpt lat="41.392528" lon="2.100709"><ele>301.168</ele><time>2021-07-28T10:56:42Z</time></trkpt><trkpt lat="41.392492" lon="2.100775"><ele>301.772</ele><time>2021-07-28T10:56:44Z</time></trkpt><trkpt lat="41.392447" lon="2.100825"><ele>302.666</ele><time>2021-07-28T10:56:47Z</time></trkpt><trkpt lat="41.392400" lon="2.100824"><ele>303.632</ele><time>2021-07-28T10:58:10Z</time></trkpt><trkpt lat="41.392356" lon="2.100811"><ele>304.294</ele><time>2021-07-28T10:58:12Z</time></trkpt><trkpt lat="41.392302" lon="2.100809"><ele>305.574</ele><time>2021-07-28T10:58:14Z</time></trkpt><trkpt lat="41.392245" lon="2.100831"><ele>307.129</ele><time>2021-07-28T10:58:16Z</time></trkpt><trkpt lat="41.392179" lon="2.100879"><ele>308.582</ele><time>2021-07-28T10:58:18Z</time></trkpt><trkpt lat="41.392111" lon="2.100934"><ele>309.143</ele><time>2021-07-28T10:58:20Z</time></trkpt><trkpt lat="41.392047" lon="2.100978"><ele>310.017</ele><time>2021-07-28T10:58:22Z</time></trkpt><trkpt lat="41.391983" lon="2.100995"><ele>310.808</ele><time>2021-07-28T10:58:24Z</time></trkpt><trkpt lat="41.391916" lon="2.100991"><ele>311.765</ele><time>2021-07-28T10:58:26Z</time></trkpt><trkpt lat="41.391851" lon="2.100964"><ele>312.397</ele><time>2021-07-28T10:58:28Z</time></trkpt><trkpt lat="41.391790" lon="2.100920"><ele>312.071</ele><time>2021-07-28T10:58:30Z</time></trkpt><trkpt lat="41.391736" lon="2.100871"><ele>312.175</ele><time>2021-07-28T10:58:32Z</time></trkpt><trkpt lat="41.391687" lon="2.100826"><ele>312.421</ele><time>2021-07-28T10:58:34Z</time></trkpt><trkpt lat="41.391636" lon="2.100780"><ele>312.623</ele><time>2021-07-28T10:58:36Z</time></trkpt><trkpt lat="41.391580" lon="2.100733"><ele>312.763</ele><time>2021-07-28T10:58:38Z</time></trkpt><trkpt lat="41.391524" lon="2.100692"><ele>312.738</ele><time>2021-07-28T10:58:40Z</time></trkpt><trkpt lat="41.391470" lon="2.100654"><ele>313.164</ele><time>2021-07-28T10:58:42Z</time></trkpt><trkpt lat="41.391409" lon="2.100620"><ele>313.606</ele><time>2021-07-28T10:58:44Z</time></trkpt><trkpt lat="41.391344" lon="2.100588"><ele>314.016</ele><time>2021-07-28T10:58:46Z</time></trkpt><trkpt lat="41.391278" lon="2.100565"><ele>314.708</ele><time>2021-07-28T10:58:48Z</time></trkpt><trkpt lat="41.391208" lon="2.100553"><ele>314.883</ele><time>2021-07-28T10:58:50Z</time></trkpt><trkpt lat="41.391137" lon="2.100545"><ele>314.845</ele><time>2021-07-28T10:58:52Z</time></trkpt><trkpt lat="41.391067" lon="2.100543"><ele>315.059</ele><time>2021-07-28T10:58:54Z</time></trkpt><trkpt lat="41.390998" lon="2.100538"><ele>315.353</ele><time>2021-07-28T10:58:56Z</time></trkpt><trkpt lat="41.390937" lon="2.100535"><ele>315.369</ele><time>2021-07-28T10:58:58Z</time></trkpt><trkpt lat="41.390878" lon="2.100532"><ele>315.711</ele><time>2021-07-28T10:59:00Z</time></trkpt><trkpt lat="41.390819" lon="2.100527"><ele>315.181</ele><time>2021-07-28T10:59:02Z</time></trkpt><trkpt lat="41.390760" lon="2.100523"><ele>315.016</ele><time>2021-07-28T10:59:04Z</time></trkpt><trkpt lat="41.390697" lon="2.100508"><ele>315.015</ele><time>2021-07-28T10:59:06Z</time></trkpt><trkpt lat="41.390634" lon="2.100473"><ele>314.765</ele><time>2021-07-28T10:59:08Z</time></trkpt><trkpt lat="41.390578" lon="2.100430"><ele>312.311</ele><time>2021-07-28T10:59:10Z</time></trkpt><trkpt lat="41.390526" lon="2.100381"><ele>312.408</ele><time>2021-07-28T10:59:12Z</time></trkpt><trkpt lat="41.390471" lon="2.100336"><ele>312.428</ele><time>2021-07-28T10:59:14Z</time></trkpt><trkpt lat="41.390417" lon="2.100296"><ele>313.260</ele><time>2021-07-28T10:59:16Z</time></trkpt><trkpt lat="41.390360" lon="2.100256"><ele>314.254</ele><time>2021-07-28T10:59:18Z</time></trkpt><trkpt lat="41.390301" lon="2.100224"><ele>315.588</ele><time>2021-07-28T10:59:20Z</time></trkpt><trkpt lat="41.390241" lon="2.100197"><ele>316.694</ele><time>2021-07-28T10:59:22Z</time></trkpt><trkpt lat="41.390177" lon="2.100174"><ele>317.526</ele><time>2021-07-28T10:59:24Z</time></trkpt><trkpt lat="41.390121" lon="2.100159"><ele>317.836</ele><time>2021-07-28T10:59:26Z</time></trkpt><trkpt lat="41.390075" lon="2.100143"><ele>317.171</ele><time>2021-07-28T10:59:28Z</time></trkpt><trkpt lat="41.390016" lon="2.100120"><ele>317.044</ele><time>2021-07-28T10:59:31Z</time></trkpt><trkpt lat="41.389982" lon="2.100064"><ele>317.605</ele><time>2021-07-28T10:59:34Z</time></trkpt><trkpt lat="41.389996" lon="2.099977"><ele>317.915</ele><time>2021-07-28T10:59:37Z</time></trkpt><trkpt lat="41.390028" lon="2.099916"><ele>317.008</ele><time>2021-07-28T10:59:39Z</time></trkpt><trkpt lat="41.390063" lon="2.099849"><ele>317.361</ele><time>2021-07-28T10:59:41Z</time></trkpt><trkpt lat="41.390096" lon="2.099779"><ele>318.233</ele><time>2021-07-28T10:59:43Z</time></trkpt><trkpt lat="41.390129" lon="2.099725"><ele>318.627</ele><time>2021-07-28T10:59:45Z</time></trkpt><trkpt lat="41.390159" lon="2.099680"><ele>318.931</ele><time>2021-07-28T10:59:47Z</time></trkpt><trkpt lat="41.390192" lon="2.099608"><ele>318.887</ele><time>2021-07-28T10:59:50Z</time></trkpt><trkpt lat="41.390225" lon="2.099539"><ele>318.659</ele><time>2021-07-28T11:00:13Z</time></trkpt><trkpt lat="41.390254" lon="2.099481"><ele>318.319</ele><time>2021-07-28T11:00:15Z</time></trkpt><trkpt lat="41.390282" lon="2.099424"><ele>317.714</ele><time>2021-07-28T11:00:17Z</time></trkpt><trkpt lat="41.390304" lon="2.099363"><ele>316.957</ele><time>2021-07-28T11:00:19Z</time></trkpt><trkpt lat="41.390332" lon="2.099313"><ele>316.500</ele><time>2021-07-28T11:00:21Z</time></trkpt><trkpt lat="41.390367" lon="2.099275"><ele>315.720</ele><time>2021-07-28T11:00:23Z</time></trkpt><trkpt lat="41.390421" lon="2.099245"><ele>316.508</ele><time>2021-07-28T11:00:26Z</time></trkpt><trkpt lat="41.390481" lon="2.099234"><ele>315.952</ele><time>2021-07-28T11:00:29Z</time></trkpt><trkpt lat="41.390526" lon="2.099236"><ele>315.484</ele><time>2021-07-28T11:00:31Z</time></trkpt><trkpt lat="41.390581" lon="2.099242"><ele>315.228</ele><time>2021-07-28T11:00:33Z</time></trkpt><trkpt lat="41.390635" lon="2.099244"><ele>315.162</ele><time>2021-07-28T11:00:35Z</time></trkpt><trkpt lat="41.390686" lon="2.099241"><ele>315.418</ele><time>2021-07-28T11:00:37Z</time></trkpt><trkpt lat="41.390737" lon="2.099241"><ele>315.810</ele><time>2021-07-28T11:00:39Z</time></trkpt><trkpt lat="41.390787" lon="2.099240"><ele>316.720</ele><time>2021-07-28T11:00:41Z</time></trkpt><trkpt lat="41.390838" lon="2.099239"><ele>316.765</ele><time>2021-07-28T11:00:43Z</time></trkpt><trkpt lat="41.390891" lon="2.099235"><ele>316.786</ele><time>2021-07-28T11:00:45Z</time></trkpt><trkpt lat="41.390948" lon="2.099228"><ele>317.360</ele><time>2021-07-28T11:00:47Z</time></trkpt><trkpt lat="41.391010" lon="2.099210"><ele>318.026</ele><time>2021-07-28T11:00:49Z</time></trkpt><trkpt lat="41.391075" lon="2.099194"><ele>318.808</ele><time>2021-07-28T11:00:51Z</time></trkpt><trkpt lat="41.391137" lon="2.099177"><ele>319.565</ele><time>2021-07-28T11:00:53Z</time></trkpt><trkpt lat="41.391195" lon="2.099154"><ele>320.267</ele><time>2021-07-28T11:00:55Z</time></trkpt><trkpt lat="41.391242" lon="2.099121"><ele>321.351</ele><time>2021-07-28T11:00:57Z</time></trkpt><trkpt lat="41.391285" lon="2.099088"><ele>322.425</ele><time>2021-07-28T11:00:59Z</time></trkpt><trkpt lat="41.391345" lon="2.099061"><ele>323.161</ele><time>2021-07-28T11:01:02Z</time></trkpt><trkpt lat="41.391385" lon="2.099029"><ele>323.583</ele><time>2021-07-28T11:01:04Z</time></trkpt><trkpt lat="41.391429" lon="2.099001"><ele>323.733</ele><time>2021-07-28T11:01:06Z</time></trkpt><trkpt lat="41.391471" lon="2.098969"><ele>323.718</ele><time>2021-07-28T11:01:08Z</time></trkpt><trkpt lat="41.391505" lon="2.098923"><ele>322.844</ele><time>2021-07-28T11:01:10Z</time></trkpt><trkpt lat="41.391533" lon="2.098870"><ele>321.605</ele><time>2021-07-28T11:01:12Z</time></trkpt><trkpt lat="41.391567" lon="2.098817"><ele>321.015</ele><time>2021-07-28T11:01:14Z</time></trkpt><trkpt lat="41.391589" lon="2.098753"><ele>321.008</ele><time>2021-07-28T11:01:16Z</time></trkpt><trkpt lat="41.391602" lon="2.098692"><ele>321.171</ele><time>2021-07-28T11:01:18Z</time></trkpt><trkpt lat="41.391612" lon="2.098617"><ele>321.453</ele><time>2021-07-28T11:01:20Z</time></trkpt><trkpt lat="41.391601" lon="2.098527"><ele>321.787</ele><time>2021-07-28T11:01:22Z</time></trkpt><trkpt lat="41.391577" lon="2.098451"><ele>321.851</ele><time>2021-07-28T11:01:24Z</time></trkpt><trkpt lat="41.391555" lon="2.098391"><ele>322.097</ele><time>2021-07-28T11:01:26Z</time></trkpt><trkpt lat="41.391530" lon="2.098321"><ele>321.299</ele><time>2021-07-28T11:01:28Z</time></trkpt><trkpt lat="41.391504" lon="2.098245"><ele>321.179</ele><time>2021-07-28T11:01:30Z</time></trkpt><trkpt lat="41.391475" lon="2.098161"><ele>320.354</ele><time>2021-07-28T11:01:32Z</time></trkpt><trkpt lat="41.391453" lon="2.098087"><ele>319.664</ele><time>2021-07-28T11:01:34Z</time></trkpt><trkpt lat="41.391438" lon="2.098016"><ele>319.506</ele><time>2021-07-28T11:01:36Z</time></trkpt><trkpt lat="41.391428" lon="2.097932"><ele>319.916</ele><time>2021-07-28T11:01:38Z</time></trkpt><trkpt lat="41.391426" lon="2.097863"><ele>320.008</ele><time>2021-07-28T11:01:40Z</time></trkpt><trkpt lat="41.391424" lon="2.097795"><ele>320.053</ele><time>2021-07-28T11:01:42Z</time></trkpt><trkpt lat="41.391417" lon="2.097735"><ele>320.065</ele><time>2021-07-28T11:01:44Z</time></trkpt><trkpt lat="41.391405" lon="2.097646"><ele>320.049</ele><time>2021-07-28T11:01:47Z</time></trkpt><trkpt lat="41.391392" lon="2.097584"><ele>320.623</ele><time>2021-07-28T11:01:49Z</time></trkpt><trkpt lat="41.391378" lon="2.097522"><ele>320.519</ele><time>2021-07-28T11:01:51Z</time></trkpt><trkpt lat="41.391354" lon="2.097451"><ele>320.351</ele><time>2021-07-28T11:01:53Z</time></trkpt><trkpt lat="41.391323" lon="2.097373"><ele>320.981</ele><time>2021-07-28T11:01:55Z</time></trkpt><trkpt lat="41.391303" lon="2.097264"><ele>321.456</ele><time>2021-07-28T11:01:57Z</time></trkpt><trkpt lat="41.391292" lon="2.097200"><ele>321.192</ele><time>2021-07-28T11:01:58Z</time></trkpt><trkpt lat="41.391276" lon="2.097054"><ele>320.773</ele><time>2021-07-28T11:02:00Z</time></trkpt><trkpt lat="41.391273" lon="2.096994"><ele>320.420</ele><time>2021-07-28T11:02:01Z</time></trkpt><trkpt lat="41.391247" lon="2.096864"><ele>320.308</ele><time>2021-07-28T11:02:03Z</time></trkpt><trkpt lat="41.391220" lon="2.096788"><ele>319.666</ele><time>2021-07-28T11:02:04Z</time></trkpt><trkpt lat="41.391209" lon="2.096727"><ele>319.258</ele><time>2021-07-28T11:02:05Z</time></trkpt><trkpt lat="41.391161" lon="2.096622"><ele>319.112</ele><time>2021-07-28T11:02:07Z</time></trkpt><trkpt lat="41.391131" lon="2.096556"><ele>318.926</ele><time>2021-07-28T11:02:08Z</time></trkpt><trkpt lat="41.391055" lon="2.096450"><ele>318.482</ele><time>2021-07-28T11:02:10Z</time></trkpt><trkpt lat="41.390965" lon="2.096321"><ele>317.494</ele><time>2021-07-28T11:02:12Z</time></trkpt><trkpt lat="41.390923" lon="2.096257"><ele>316.354</ele><time>2021-07-28T11:02:13Z</time></trkpt><trkpt lat="41.390886" lon="2.096200"><ele>315.659</ele><time>2021-07-28T11:02:14Z</time></trkpt><trkpt lat="41.390851" lon="2.096146"><ele>314.866</ele><time>2021-07-28T11:02:15Z</time></trkpt><trkpt lat="41.390821" lon="2.096100"><ele>314.629</ele><time>2021-07-28T11:02:16Z</time></trkpt><trkpt lat="41.390752" lon="2.095999"><ele>313.421</ele><time>2021-07-28T11:02:18Z</time></trkpt><trkpt lat="41.390713" lon="2.095946"><ele>312.708</ele><time>2021-07-28T11:02:19Z</time></trkpt><trkpt lat="41.390648" lon="2.095862"><ele>311.683</ele><time>2021-07-28T11:02:21Z</time></trkpt><trkpt lat="41.390580" lon="2.095790"><ele>310.445</ele><time>2021-07-28T11:02:23Z</time></trkpt><trkpt lat="41.390481" lon="2.095742"><ele>310.739</ele><time>2021-07-28T11:02:25Z</time></trkpt><trkpt lat="41.390383" lon="2.095707"><ele>309.893</ele><time>2021-07-28T11:02:27Z</time></trkpt><trkpt lat="41.390325" lon="2.095663"><ele>308.799</ele><time>2021-07-28T11:02:29Z</time></trkpt><trkpt lat="41.390270" lon="2.095639"><ele>309.081</ele><time>2021-07-28T11:02:32Z</time></trkpt><trkpt lat="41.390239" lon="2.095577"><ele>308.161</ele><time>2021-07-28T11:02:35Z</time></trkpt><trkpt lat="41.390188" lon="2.095544"><ele>306.786</ele><time>2021-07-28T11:02:37Z</time></trkpt><trkpt lat="41.390123" lon="2.095509"><ele>306.625</ele><time>2021-07-28T11:02:39Z</time></trkpt><trkpt lat="41.390042" lon="2.095465"><ele>306.126</ele><time>2021-07-28T11:02:41Z</time></trkpt><trkpt lat="41.389963" lon="2.095407"><ele>305.808</ele><time>2021-07-28T11:02:43Z</time></trkpt><trkpt lat="41.389893" lon="2.095338"><ele>304.908</ele><time>2021-07-28T11:02:45Z</time></trkpt><trkpt lat="41.389842" lon="2.095314"><ele>304.389</ele><time>2021-07-28T11:02:46Z</time></trkpt><trkpt lat="41.389756" lon="2.095269"><ele>303.981</ele><time>2021-07-28T11:02:48Z</time></trkpt><trkpt lat="41.389689" lon="2.095216"><ele>304.035</ele><time>2021-07-28T11:02:50Z</time></trkpt><trkpt lat="41.389641" lon="2.095159"><ele>304.419</ele><time>2021-07-28T11:02:52Z</time></trkpt><trkpt lat="41.389590" lon="2.095130"><ele>304.615</ele><time>2021-07-28T11:02:54Z</time></trkpt><trkpt lat="41.389538" lon="2.095123"><ele>307.137</ele><time>2021-07-28T11:02:56Z</time></trkpt><trkpt lat="41.389480" lon="2.095127"><ele>309.167</ele><time>2021-07-28T11:02:58Z</time></trkpt><trkpt lat="41.389432" lon="2.095125"><ele>309.312</ele><time>2021-07-28T11:03:00Z</time></trkpt><trkpt lat="41.389386" lon="2.095111"><ele>308.743</ele><time>2021-07-28T11:03:02Z</time></trkpt><trkpt lat="41.389344" lon="2.095074"><ele>307.564</ele><time>2021-07-28T11:03:04Z</time></trkpt><trkpt lat="41.389304" lon="2.095028"><ele>306.910</ele><time>2021-07-28T11:03:06Z</time></trkpt><trkpt lat="41.389250" lon="2.095005"><ele>306.608</ele><time>2021-07-28T11:03:09Z</time></trkpt><trkpt lat="41.389228" lon="2.095007"><ele>314.041</ele><time>2021-07-28T11:04:50Z</time></trkpt><trkpt lat="41.389294" lon="2.095016"><ele>307.123</ele><time>2021-07-28T11:05:02Z</time></trkpt><trkpt lat="41.389357" lon="2.095058"><ele>307.457</ele><time>2021-07-28T11:05:04Z</time></trkpt><trkpt lat="41.389408" lon="2.095109"><ele>308.061</ele><time>2021-07-28T11:05:06Z</time></trkpt><trkpt lat="41.389474" lon="2.095138"><ele>308.087</ele><time>2021-07-28T11:05:08Z</time></trkpt><trkpt lat="41.389544" lon="2.095135"><ele>308.039</ele><time>2021-07-28T11:05:10Z</time></trkpt><trkpt lat="41.389629" lon="2.095141"><ele>308.399</ele><time>2021-07-28T11:05:12Z</time></trkpt><trkpt lat="41.389737" lon="2.095241"><ele>308.514</ele><time>2021-07-28T11:05:14Z</time></trkpt><trkpt lat="41.389829" lon="2.095292"><ele>307.987</ele><time>2021-07-28T11:05:16Z</time></trkpt><trkpt lat="41.389929" lon="2.095364"><ele>307.642</ele><time>2021-07-28T11:05:18Z</time></trkpt><trkpt lat="41.390042" lon="2.095442"><ele>307.826</ele><time>2021-07-28T11:05:20Z</time></trkpt><trkpt lat="41.390153" lon="2.095511"><ele>307.908</ele><time>2021-07-28T11:05:22Z</time></trkpt><trkpt lat="41.390202" lon="2.095543"><ele>307.565</ele><time>2021-07-28T11:05:23Z</time></trkpt><trkpt lat="41.390254" lon="2.095575"><ele>306.927</ele><time>2021-07-28T11:05:25Z</time></trkpt><trkpt lat="41.390275" lon="2.095651"><ele>306.411</ele><time>2021-07-28T11:05:27Z</time></trkpt><trkpt lat="41.390329" lon="2.095677"><ele>306.385</ele><time>2021-07-28T11:05:29Z</time></trkpt><trkpt lat="41.390382" lon="2.095718"><ele>306.791</ele><time>2021-07-28T11:05:31Z</time></trkpt><trkpt lat="41.390441" lon="2.095747"><ele>307.523</ele><time>2021-07-28T11:05:33Z</time></trkpt><trkpt lat="41.390488" lon="2.095777"><ele>308.193</ele><time>2021-07-28T11:05:35Z</time></trkpt><trkpt lat="41.390536" lon="2.095801"><ele>308.738</ele><time>2021-07-28T11:05:37Z</time></trkpt><trkpt lat="41.390587" lon="2.095834"><ele>309.427</ele><time>2021-07-28T11:05:39Z</time></trkpt><trkpt lat="41.390636" lon="2.095866"><ele>309.968</ele><time>2021-07-28T11:05:41Z</time></trkpt><trkpt lat="41.390674" lon="2.095901"><ele>310.414</ele><time>2021-07-28T11:05:43Z</time></trkpt><trkpt lat="41.390723" lon="2.095961"><ele>311.008</ele><time>2021-07-28T11:05:46Z</time></trkpt><trkpt lat="41.390759" lon="2.096002"><ele>311.139</ele><time>2021-07-28T11:05:48Z</time></trkpt><trkpt lat="41.390791" lon="2.096044"><ele>311.431</ele><time>2021-07-28T11:05:50Z</time></trkpt><trkpt lat="41.390835" lon="2.096103"><ele>311.775</ele><time>2021-07-28T11:05:53Z</time></trkpt><trkpt lat="41.390878" lon="2.096163"><ele>311.669</ele><time>2021-07-28T11:05:56Z</time></trkpt><trkpt lat="41.390914" lon="2.096228"><ele>311.775</ele><time>2021-07-28T11:05:59Z</time></trkpt><trkpt lat="41.390944" lon="2.096279"><ele>311.327</ele><time>2021-07-28T11:06:02Z</time></trkpt><trkpt lat="41.390977" lon="2.096324"><ele>311.757</ele><time>2021-07-28T11:06:05Z</time></trkpt><trkpt lat="41.391010" lon="2.096382"><ele>312.042</ele><time>2021-07-28T11:06:08Z</time></trkpt><trkpt lat="41.391042" lon="2.096439"><ele>312.061</ele><time>2021-07-28T11:06:11Z</time></trkpt><trkpt lat="41.391078" lon="2.096494"><ele>312.421</ele><time>2021-07-28T11:06:14Z</time></trkpt><trkpt lat="41.391106" lon="2.096551"><ele>312.313</ele><time>2021-07-28T11:06:17Z</time></trkpt><trkpt lat="41.391141" lon="2.096609"><ele>313.508</ele><time>2021-07-28T11:06:20Z</time></trkpt><trkpt lat="41.391175" lon="2.096679"><ele>313.743</ele><time>2021-07-28T11:06:23Z</time></trkpt><trkpt lat="41.391199" lon="2.096743"><ele>315.165</ele><time>2021-07-28T11:06:26Z</time></trkpt><trkpt lat="41.391225" lon="2.096805"><ele>315.859</ele><time>2021-07-28T11:06:29Z</time></trkpt><trkpt lat="41.391245" lon="2.096876"><ele>316.543</ele><time>2021-07-28T11:06:32Z</time></trkpt><trkpt lat="41.391264" lon="2.096956"><ele>317.559</ele><time>2021-07-28T11:06:35Z</time></trkpt><trkpt lat="41.391277" lon="2.097033"><ele>318.431</ele><time>2021-07-28T11:06:39Z</time></trkpt><trkpt lat="41.391289" lon="2.097103"><ele>318.191</ele><time>2021-07-28T11:06:42Z</time></trkpt><trkpt lat="41.391290" lon="2.097172"><ele>318.036</ele><time>2021-07-28T11:06:45Z</time></trkpt><trkpt lat="41.391303" lon="2.097235"><ele>317.857</ele><time>2021-07-28T11:06:48Z</time></trkpt><trkpt lat="41.391317" lon="2.097293"><ele>318.400</ele><time>2021-07-28T11:06:51Z</time></trkpt><trkpt lat="41.391335" lon="2.097367"><ele>318.820</ele><time>2021-07-28T11:06:54Z</time></trkpt><trkpt lat="41.391359" lon="2.097436"><ele>318.808</ele><time>2021-07-28T11:06:57Z</time></trkpt><trkpt lat="41.391381" lon="2.097489"><ele>319.272</ele><time>2021-07-28T11:06:59Z</time></trkpt><trkpt lat="41.391409" lon="2.097547"><ele>320.094</ele><time>2021-07-28T11:07:01Z</time></trkpt><trkpt lat="41.391427" lon="2.097608"><ele>320.588</ele><time>2021-07-28T11:07:03Z</time></trkpt><trkpt lat="41.391447" lon="2.097692"><ele>321.892</ele><time>2021-07-28T11:07:06Z</time></trkpt><trkpt lat="41.391465" lon="2.097781"><ele>322.138</ele><time>2021-07-28T11:07:09Z</time></trkpt><trkpt lat="41.391474" lon="2.097844"><ele>321.930</ele><time>2021-07-28T11:07:11Z</time></trkpt><trkpt lat="41.391481" lon="2.097914"><ele>320.820</ele><time>2021-07-28T11:07:13Z</time></trkpt><trkpt lat="41.391495" lon="2.098002"><ele>320.435</ele><time>2021-07-28T11:07:15Z</time></trkpt><trkpt lat="41.391516" lon="2.098090"><ele>319.928</ele><time>2021-07-28T11:07:17Z</time></trkpt><trkpt lat="41.391538" lon="2.098182"><ele>318.889</ele><time>2021-07-28T11:07:19Z</time></trkpt><trkpt lat="41.391563" lon="2.098276"><ele>318.517</ele><time>2021-07-28T11:07:21Z</time></trkpt><trkpt lat="41.391594" lon="2.098362"><ele>318.408</ele><time>2021-07-28T11:07:23Z</time></trkpt><trkpt lat="41.391627" lon="2.098443"><ele>318.759</ele><time>2021-07-28T11:07:25Z</time></trkpt><trkpt lat="41.391657" lon="2.098517"><ele>319.051</ele><time>2021-07-28T11:07:27Z</time></trkpt><trkpt lat="41.391680" lon="2.098586"><ele>319.135</ele><time>2021-07-28T11:07:29Z</time></trkpt><trkpt lat="41.391685" lon="2.098652"><ele>318.549</ele><time>2021-07-28T11:07:31Z</time></trkpt><trkpt lat="41.391680" lon="2.098741"><ele>318.615</ele><time>2021-07-28T11:07:33Z</time></trkpt><trkpt lat="41.391659" lon="2.098826"><ele>319.057</ele><time>2021-07-28T11:07:35Z</time></trkpt><trkpt lat="41.391626" lon="2.098898"><ele>319.117</ele><time>2021-07-28T11:07:37Z</time></trkpt><trkpt lat="41.391580" lon="2.098950"><ele>319.492</ele><time>2021-07-28T11:07:39Z</time></trkpt><trkpt lat="41.391527" lon="2.098994"><ele>319.899</ele><time>2021-07-28T11:07:41Z</time></trkpt><trkpt lat="41.391480" lon="2.099027"><ele>320.307</ele><time>2021-07-28T11:07:43Z</time></trkpt><trkpt lat="41.391435" lon="2.099061"><ele>320.927</ele><time>2021-07-28T11:07:45Z</time></trkpt><trkpt lat="41.391387" lon="2.099109"><ele>321.708</ele><time>2021-07-28T11:07:47Z</time></trkpt><trkpt lat="41.391327" lon="2.099135"><ele>322.056</ele><time>2021-07-28T11:07:49Z</time></trkpt><trkpt lat="41.391249" lon="2.099142"><ele>321.168</ele><time>2021-07-28T11:07:51Z</time></trkpt><trkpt lat="41.391167" lon="2.099147"><ele>320.922</ele><time>2021-07-28T11:07:53Z</time></trkpt><trkpt lat="41.391078" lon="2.099161"><ele>320.536</ele><time>2021-07-28T11:07:55Z</time></trkpt><trkpt lat="41.390971" lon="2.099191"><ele>320.032</ele><time>2021-07-28T11:07:57Z</time></trkpt><trkpt lat="41.390874" lon="2.099204"><ele>319.614</ele><time>2021-07-28T11:07:59Z</time></trkpt><trkpt lat="41.390820" lon="2.099217"><ele>319.064</ele><time>2021-07-28T11:08:00Z</time></trkpt><trkpt lat="41.390763" lon="2.099217"><ele>318.019</ele><time>2021-07-28T11:08:01Z</time></trkpt><trkpt lat="41.390655" lon="2.099222"><ele>318.232</ele><time>2021-07-28T11:08:03Z</time></trkpt><trkpt lat="41.390599" lon="2.099225"><ele>318.492</ele><time>2021-07-28T11:08:04Z</time></trkpt><trkpt lat="41.390500" lon="2.099248"><ele>318.511</ele><time>2021-07-28T11:08:06Z</time></trkpt><trkpt lat="41.390453" lon="2.099260"><ele>319.108</ele><time>2021-07-28T11:08:07Z</time></trkpt><trkpt lat="41.390363" lon="2.099320"><ele>319.750</ele><time>2021-07-28T11:08:09Z</time></trkpt><trkpt lat="41.390268" lon="2.099429"><ele>319.942</ele><time>2021-07-28T11:08:11Z</time></trkpt><trkpt lat="41.390248" lon="2.099492"><ele>320.126</ele><time>2021-07-28T11:08:12Z</time></trkpt><trkpt lat="41.390223" lon="2.099564"><ele>320.010</ele><time>2021-07-28T11:08:13Z</time></trkpt><trkpt lat="41.390168" lon="2.099698"><ele>319.216</ele><time>2021-07-28T11:08:15Z</time></trkpt><trkpt lat="41.390103" lon="2.099826"><ele>318.248</ele><time>2021-07-28T11:08:17Z</time></trkpt><trkpt lat="41.390075" lon="2.099892"><ele>318.128</ele><time>2021-07-28T11:08:18Z</time></trkpt><trkpt lat="41.390025" lon="2.100014"><ele>317.813</ele><time>2021-07-28T11:08:20Z</time></trkpt><trkpt lat="41.390038" lon="2.100104"><ele>317.654</ele><time>2021-07-28T11:08:22Z</time></trkpt><trkpt lat="41.390106" lon="2.100169"><ele>317.556</ele><time>2021-07-28T11:08:24Z</time></trkpt><trkpt lat="41.390155" lon="2.100194"><ele>317.611</ele><time>2021-07-28T11:08:25Z</time></trkpt><trkpt lat="41.390202" lon="2.100204"><ele>317.908</ele><time>2021-07-28T11:08:26Z</time></trkpt><trkpt lat="41.390288" lon="2.100246"><ele>317.652</ele><time>2021-07-28T11:08:28Z</time></trkpt><trkpt lat="41.390373" lon="2.100286"><ele>317.564</ele><time>2021-07-28T11:08:30Z</time></trkpt><trkpt lat="41.390459" lon="2.100349"><ele>316.868</ele><time>2021-07-28T11:08:32Z</time></trkpt><trkpt lat="41.390545" lon="2.100406"><ele>316.182</ele><time>2021-07-28T11:08:34Z</time></trkpt><trkpt lat="41.390592" lon="2.100434"><ele>316.298</ele><time>2021-07-28T11:08:35Z</time></trkpt><trkpt lat="41.390639" lon="2.100474"><ele>316.110</ele><time>2021-07-28T11:08:36Z</time></trkpt><trkpt lat="41.390690" lon="2.100500"><ele>315.820</ele><time>2021-07-28T11:08:37Z</time></trkpt><trkpt lat="41.390737" lon="2.100527"><ele>315.065</ele><time>2021-07-28T11:08:38Z</time></trkpt><trkpt lat="41.390852" lon="2.100564"><ele>314.369</ele><time>2021-07-28T11:08:40Z</time></trkpt><trkpt lat="41.390973" lon="2.100582"><ele>313.804</ele><time>2021-07-28T11:08:42Z</time></trkpt><trkpt lat="41.391028" lon="2.100585"><ele>313.724</ele><time>2021-07-28T11:08:43Z</time></trkpt><trkpt lat="41.391083" lon="2.100590"><ele>313.408</ele><time>2021-07-28T11:08:44Z</time></trkpt><trkpt lat="41.391217" lon="2.100599"><ele>312.873</ele><time>2021-07-28T11:08:46Z</time></trkpt><trkpt lat="41.391282" lon="2.100613"><ele>311.345</ele><time>2021-07-28T11:08:47Z</time></trkpt><trkpt lat="41.391331" lon="2.100622"><ele>310.359</ele><time>2021-07-28T11:08:48Z</time></trkpt><trkpt lat="41.391446" lon="2.100654"><ele>310.293</ele><time>2021-07-28T11:08:50Z</time></trkpt><trkpt lat="41.391497" lon="2.100683"><ele>310.149</ele><time>2021-07-28T11:08:51Z</time></trkpt><trkpt lat="41.391547" lon="2.100713"><ele>309.981</ele><time>2021-07-28T11:08:52Z</time></trkpt><trkpt lat="41.391647" lon="2.100785"><ele>310.251</ele><time>2021-07-28T11:08:54Z</time></trkpt><trkpt lat="41.391692" lon="2.100820"><ele>310.366</ele><time>2021-07-28T11:08:55Z</time></trkpt><trkpt lat="41.391773" lon="2.100899"><ele>310.416</ele><time>2021-07-28T11:08:57Z</time></trkpt><trkpt lat="41.391816" lon="2.100934"><ele>310.476</ele><time>2021-07-28T11:08:58Z</time></trkpt><trkpt lat="41.391855" lon="2.100966"><ele>310.513</ele><time>2021-07-28T11:08:59Z</time></trkpt><trkpt lat="41.391933" lon="2.101000"><ele>310.708</ele><time>2021-07-28T11:09:01Z</time></trkpt><trkpt lat="41.392020" lon="2.101011"><ele>311.328</ele><time>2021-07-28T11:09:03Z</time></trkpt><trkpt lat="41.392114" lon="2.100976"><ele>311.970</ele><time>2021-07-28T11:09:05Z</time></trkpt><trkpt lat="41.392160" lon="2.100947"><ele>311.984</ele><time>2021-07-28T11:09:06Z</time></trkpt><trkpt lat="41.392252" lon="2.100880"><ele>311.388</ele><time>2021-07-28T11:09:08Z</time></trkpt><trkpt lat="41.392351" lon="2.100823"><ele>311.254</ele><time>2021-07-28T11:09:10Z</time></trkpt><trkpt lat="41.392447" lon="2.100761"><ele>311.296</ele><time>2021-07-28T11:09:12Z</time></trkpt><trkpt lat="41.392542" lon="2.100695"><ele>310.926</ele><time>2021-07-28T11:09:14Z</time></trkpt><trkpt lat="41.392639" lon="2.100650"><ele>310.771</ele><time>2021-07-28T11:09:16Z</time></trkpt><trkpt lat="41.392697" lon="2.100635"><ele>310.957</ele><time>2021-07-28T11:09:17Z</time></trkpt><trkpt lat="41.392750" lon="2.100629"><ele>311.100</ele><time>2021-07-28T11:09:18Z</time></trkpt><trkpt lat="41.392866" lon="2.100642"><ele>310.920</ele><time>2021-07-28T11:09:20Z</time></trkpt><trkpt lat="41.392970" lon="2.100657"><ele>310.608</ele><time>2021-07-28T11:09:22Z</time></trkpt><trkpt lat="41.393072" lon="2.100668"><ele>310.762</ele><time>2021-07-28T11:09:24Z</time></trkpt><trkpt lat="41.393161" lon="2.100670"><ele>311.214</ele><time>2021-07-28T11:09:26Z</time></trkpt><trkpt lat="41.393241" lon="2.100640"><ele>311.388</ele><time>2021-07-28T11:09:28Z</time></trkpt><trkpt lat="41.393332" lon="2.100621"><ele>311.732</ele><time>2021-07-28T11:09:30Z</time></trkpt><trkpt lat="41.393377" lon="2.100605"><ele>311.938</ele><time>2021-07-28T11:09:31Z</time></trkpt><trkpt lat="41.393421" lon="2.100586"><ele>311.770</ele><time>2021-07-28T11:09:32Z</time></trkpt><trkpt lat="41.393510" lon="2.100569"><ele>311.220</ele><time>2021-07-28T11:09:34Z</time></trkpt><trkpt lat="41.393551" lon="2.100542"><ele>310.925</ele><time>2021-07-28T11:09:35Z</time></trkpt><trkpt lat="41.393615" lon="2.100487"><ele>310.167</ele><time>2021-07-28T11:09:37Z</time></trkpt><trkpt lat="41.393703" lon="2.100439"><ele>308.981</ele><time>2021-07-28T11:09:39Z</time></trkpt><trkpt lat="41.393744" lon="2.100402"><ele>308.719</ele><time>2021-07-28T11:09:40Z</time></trkpt><trkpt lat="41.393817" lon="2.100329"><ele>308.808</ele><time>2021-07-28T11:09:42Z</time></trkpt><trkpt lat="41.393891" lon="2.100256"><ele>309.363</ele><time>2021-07-28T11:09:44Z</time></trkpt><trkpt lat="41.393953" lon="2.100179"><ele>310.025</ele><time>2021-07-28T11:09:46Z</time></trkpt><trkpt lat="41.394025" lon="2.100119"><ele>310.729</ele><time>2021-07-28T11:09:48Z</time></trkpt><trkpt lat="41.394105" lon="2.100111"><ele>311.353</ele><time>2021-07-28T11:09:50Z</time></trkpt><trkpt lat="41.394182" lon="2.100163"><ele>311.739</ele><time>2021-07-28T11:09:52Z</time></trkpt><trkpt lat="41.394225" lon="2.100198"><ele>312.231</ele><time>2021-07-28T11:09:53Z</time></trkpt><trkpt lat="41.394319" lon="2.100236"><ele>312.141</ele><time>2021-07-28T11:09:55Z</time></trkpt><trkpt lat="41.394417" lon="2.100255"><ele>311.616</ele><time>2021-07-28T11:09:57Z</time></trkpt><trkpt lat="41.394513" lon="2.100286"><ele>311.793</ele><time>2021-07-28T11:09:59Z</time></trkpt><trkpt lat="41.394593" lon="2.100336"><ele>311.565</ele><time>2021-07-28T11:10:01Z</time></trkpt><trkpt lat="41.394664" lon="2.100390"><ele>311.521</ele><time>2021-07-28T11:10:03Z</time></trkpt><trkpt lat="41.394706" lon="2.100414"><ele>311.908</ele><time>2021-07-28T11:10:04Z</time></trkpt><trkpt lat="41.394761" lon="2.100538"><ele>312.236</ele><time>2021-07-28T11:10:06Z</time></trkpt><trkpt lat="41.394798" lon="2.100583"><ele>312.428</ele><time>2021-07-28T11:10:07Z</time></trkpt><trkpt lat="41.394874" lon="2.100644"><ele>312.822</ele><time>2021-07-28T11:10:09Z</time></trkpt><trkpt lat="41.394952" lon="2.100700"><ele>313.496</ele><time>2021-07-28T11:10:11Z</time></trkpt><trkpt lat="41.395026" lon="2.100770"><ele>314.282</ele><time>2021-07-28T11:10:13Z</time></trkpt><trkpt lat="41.395120" lon="2.100835"><ele>314.034</ele><time>2021-07-28T11:10:15Z</time></trkpt><trkpt lat="41.395176" lon="2.100843"><ele>314.064</ele><time>2021-07-28T11:10:16Z</time></trkpt><trkpt lat="41.395222" lon="2.100812"><ele>314.129</ele><time>2021-07-28T11:10:17Z</time></trkpt><trkpt lat="41.395300" lon="2.100762"><ele>310.754</ele><time>2021-07-28T11:10:19Z</time></trkpt><trkpt lat="41.395401" lon="2.100751"><ele>308.456</ele><time>2021-07-28T11:10:21Z</time></trkpt><trkpt lat="41.395485" lon="2.100727"><ele>307.411</ele><time>2021-07-28T11:10:23Z</time></trkpt><trkpt lat="41.395533" lon="2.100707"><ele>307.408</ele><time>2021-07-28T11:10:24Z</time></trkpt><trkpt lat="41.395593" lon="2.100684"><ele>308.082</ele><time>2021-07-28T11:10:25Z</time></trkpt><trkpt lat="41.395635" lon="2.100652"><ele>308.564</ele><time>2021-07-28T11:10:26Z</time></trkpt><trkpt lat="41.395685" lon="2.100615"><ele>309.068</ele><time>2021-07-28T11:10:27Z</time></trkpt><trkpt lat="41.395723" lon="2.100579"><ele>309.382</ele><time>2021-07-28T11:10:28Z</time></trkpt><trkpt lat="41.395779" lon="2.100569"><ele>309.368</ele><time>2021-07-28T11:10:29Z</time></trkpt><trkpt lat="41.395829" lon="2.100579"><ele>309.180</ele><time>2021-07-28T11:10:30Z</time></trkpt><trkpt lat="41.395869" lon="2.100615"><ele>309.330</ele><time>2021-07-28T11:10:31Z</time></trkpt><trkpt lat="41.395961" lon="2.100662"><ele>309.945</ele><time>2021-07-28T11:10:33Z</time></trkpt><trkpt lat="41.396036" lon="2.100728"><ele>310.242</ele><time>2021-07-28T11:10:35Z</time></trkpt><trkpt lat="41.396118" lon="2.100772"><ele>309.922</ele><time>2021-07-28T11:10:37Z</time></trkpt><trkpt lat="41.396171" lon="2.100797"><ele>310.014</ele><time>2021-07-28T11:10:38Z</time></trkpt><trkpt lat="41.396264" lon="2.100866"><ele>310.308</ele><time>2021-07-28T11:10:40Z</time></trkpt><trkpt lat="41.396375" lon="2.100879"><ele>311.111</ele><time>2021-07-28T11:10:42Z</time></trkpt><trkpt lat="41.396455" lon="2.100974"><ele>311.483</ele><time>2021-07-28T11:10:44Z</time></trkpt><trkpt lat="41.396500" lon="2.101020"><ele>311.987</ele><time>2021-07-28T11:10:45Z</time></trkpt><trkpt lat="41.396612" lon="2.101069"><ele>312.691</ele><time>2021-07-28T11:10:47Z</time></trkpt><trkpt lat="41.396724" lon="2.101113"><ele>313.527</ele><time>2021-07-28T11:10:49Z</time></trkpt><trkpt lat="41.396776" lon="2.101133"><ele>314.249</ele><time>2021-07-28T11:10:50Z</time></trkpt><trkpt lat="41.396886" lon="2.101157"><ele>314.029</ele><time>2021-07-28T11:10:52Z</time></trkpt><trkpt lat="41.396942" lon="2.101174"><ele>313.784</ele><time>2021-07-28T11:10:53Z</time></trkpt><trkpt lat="41.397051" lon="2.101206"><ele>313.835</ele><time>2021-07-28T11:10:55Z</time></trkpt><trkpt lat="41.397148" lon="2.101239"><ele>313.686</ele><time>2021-07-28T11:10:57Z</time></trkpt><trkpt lat="41.397194" lon="2.101279"><ele>313.514</ele><time>2021-07-28T11:10:58Z</time></trkpt><trkpt lat="41.397262" lon="2.101338"><ele>312.808</ele><time>2021-07-28T11:11:00Z</time></trkpt><trkpt lat="41.397335" lon="2.101384"><ele>312.730</ele><time>2021-07-28T11:11:02Z</time></trkpt><trkpt lat="41.397411" lon="2.101433"><ele>312.272</ele><time>2021-07-28T11:11:04Z</time></trkpt><trkpt lat="41.397489" lon="2.101482"><ele>312.676</ele><time>2021-07-28T11:11:06Z</time></trkpt><trkpt lat="41.397533" lon="2.101522"><ele>313.740</ele><time>2021-07-28T11:11:07Z</time></trkpt><trkpt lat="41.397604" lon="2.101544"><ele>314.396</ele><time>2021-07-28T11:11:09Z</time></trkpt><trkpt lat="41.397670" lon="2.101594"><ele>314.828</ele><time>2021-07-28T11:11:11Z</time></trkpt><trkpt lat="41.397742" lon="2.101656"><ele>313.778</ele><time>2021-07-28T11:11:13Z</time></trkpt><trkpt lat="41.397860" lon="2.101709"><ele>312.733</ele><time>2021-07-28T11:11:15Z</time></trkpt><trkpt lat="41.397986" lon="2.101779"><ele>311.729</ele><time>2021-07-28T11:11:17Z</time></trkpt><trkpt lat="41.398038" lon="2.101846"><ele>311.000</ele><time>2021-07-28T11:11:18Z</time></trkpt><trkpt lat="41.398033" lon="2.102006"><ele>310.020</ele><time>2021-07-28T11:11:20Z</time></trkpt><trkpt lat="41.398018" lon="2.102170"><ele>309.408</ele><time>2021-07-28T11:11:22Z</time></trkpt><trkpt lat="41.398011" lon="2.102239"><ele>309.229</ele><time>2021-07-28T11:11:23Z</time></trkpt><trkpt lat="41.398000" lon="2.102304"><ele>308.851</ele><time>2021-07-28T11:11:24Z</time></trkpt><trkpt lat="41.398027" lon="2.102448"><ele>309.035</ele><time>2021-07-28T11:11:26Z</time></trkpt><trkpt lat="41.398082" lon="2.102588"><ele>309.169</ele><time>2021-07-28T11:11:28Z</time></trkpt><trkpt lat="41.398120" lon="2.102645"><ele>309.725</ele><time>2021-07-28T11:11:29Z</time></trkpt><trkpt lat="41.398187" lon="2.102752"><ele>309.797</ele><time>2021-07-28T11:11:31Z</time></trkpt><trkpt lat="41.398260" lon="2.102850"><ele>309.747</ele><time>2021-07-28T11:11:33Z</time></trkpt><trkpt lat="41.398344" lon="2.102932"><ele>310.322</ele><time>2021-07-28T11:11:35Z</time></trkpt><trkpt lat="41.398388" lon="2.102976"><ele>310.838</ele><time>2021-07-28T11:11:36Z</time></trkpt><trkpt lat="41.398459" lon="2.103083"><ele>310.470</ele><time>2021-07-28T11:11:38Z</time></trkpt><trkpt lat="41.398489" lon="2.103139"><ele>310.017</ele><time>2021-07-28T11:11:39Z</time></trkpt><trkpt lat="41.398545" lon="2.103267"><ele>309.808</ele><time>2021-07-28T11:11:41Z</time></trkpt><trkpt lat="41.398571" lon="2.103327"><ele>309.720</ele><time>2021-07-28T11:11:42Z</time></trkpt><trkpt lat="41.398612" lon="2.103389"><ele>309.772</ele><time>2021-07-28T11:11:43Z</time></trkpt><trkpt lat="41.398680" lon="2.103486"><ele>309.536</ele><time>2021-07-28T11:11:45Z</time></trkpt><trkpt lat="41.398758" lon="2.103573"><ele>309.690</ele><time>2021-07-28T11:11:47Z</time></trkpt><trkpt lat="41.398839" lon="2.103645"><ele>309.946</ele><time>2021-07-28T11:11:49Z</time></trkpt><trkpt lat="41.398914" lon="2.103724"><ele>309.668</ele><time>2021-07-28T11:11:51Z</time></trkpt><trkpt lat="41.398960" lon="2.103743"><ele>309.848</ele><time>2021-07-28T11:11:52Z</time></trkpt><trkpt lat="41.399041" lon="2.103811"><ele>309.473</ele><time>2021-07-28T11:11:54Z</time></trkpt><trkpt lat="41.399090" lon="2.103821"><ele>309.574</ele><time>2021-07-28T11:11:55Z</time></trkpt><trkpt lat="41.399179" lon="2.103842"><ele>309.956</ele><time>2021-07-28T11:11:57Z</time></trkpt><trkpt lat="41.399225" lon="2.103851"><ele>310.321</ele><time>2021-07-28T11:11:58Z</time></trkpt><trkpt lat="41.399307" lon="2.103913"><ele>311.308</ele><time>2021-07-28T11:12:00Z</time></trkpt><trkpt lat="41.399352" lon="2.104016"><ele>311.364</ele><time>2021-07-28T11:12:02Z</time></trkpt><trkpt lat="41.399374" lon="2.104071"><ele>311.586</ele><time>2021-07-28T11:12:03Z</time></trkpt><trkpt lat="41.399413" lon="2.104184"><ele>311.380</ele><time>2021-07-28T11:12:05Z</time></trkpt><trkpt lat="41.399468" lon="2.104293"><ele>310.924</ele><time>2021-07-28T11:12:07Z</time></trkpt><trkpt lat="41.399539" lon="2.104365"><ele>310.640</ele><time>2021-07-28T11:12:09Z</time></trkpt><trkpt lat="41.399581" lon="2.104395"><ele>310.942</ele><time>2021-07-28T11:12:10Z</time></trkpt><trkpt lat="41.399665" lon="2.104459"><ele>310.942</ele><time>2021-07-28T11:12:12Z</time></trkpt><trkpt lat="41.399708" lon="2.104488"><ele>311.067</ele><time>2021-07-28T11:12:13Z</time></trkpt><trkpt lat="41.399753" lon="2.104495"><ele>311.164</ele><time>2021-07-28T11:12:14Z</time></trkpt><trkpt lat="41.399848" lon="2.104504"><ele>311.006</ele><time>2021-07-28T11:12:16Z</time></trkpt><trkpt lat="41.399946" lon="2.104500"><ele>310.516</ele><time>2021-07-28T11:12:18Z</time></trkpt><trkpt lat="41.400033" lon="2.104495"><ele>308.808</ele><time>2021-07-28T11:12:20Z</time></trkpt><trkpt lat="41.400122" lon="2.104488"><ele>308.243</ele><time>2021-07-28T11:12:22Z</time></trkpt><trkpt lat="41.400244" lon="2.104507"><ele>307.465</ele><time>2021-07-28T11:12:24Z</time></trkpt><trkpt lat="41.400310" lon="2.104496"><ele>307.539</ele><time>2021-07-28T11:12:25Z</time></trkpt><trkpt lat="41.400415" lon="2.104517"><ele>307.693</ele><time>2021-07-28T11:12:27Z</time></trkpt><trkpt lat="41.400471" lon="2.104519"><ele>307.329</ele><time>2021-07-28T11:12:28Z</time></trkpt><trkpt lat="41.400550" lon="2.104497"><ele>306.361</ele><time>2021-07-28T11:12:30Z</time></trkpt><trkpt lat="41.400598" lon="2.104490"><ele>305.881</ele><time>2021-07-28T11:12:31Z</time></trkpt><trkpt lat="41.400683" lon="2.104478"><ele>305.946</ele><time>2021-07-28T11:12:33Z</time></trkpt><trkpt lat="41.400776" lon="2.104454"><ele>305.422</ele><time>2021-07-28T11:12:35Z</time></trkpt><trkpt lat="41.400856" lon="2.104412"><ele>304.762</ele><time>2021-07-28T11:12:37Z</time></trkpt><trkpt lat="41.400912" lon="2.104463"><ele>303.608</ele><time>2021-07-28T11:12:38Z</time></trkpt><trkpt lat="41.400968" lon="2.104566"><ele>303.108</ele><time>2021-07-28T11:12:40Z</time></trkpt><trkpt lat="41.400986" lon="2.104670"><ele>302.289</ele><time>2021-07-28T11:12:42Z</time></trkpt><trkpt lat="41.401026" lon="2.104701"><ele>301.621</ele><time>2021-07-28T11:12:43Z</time></trkpt><trkpt lat="41.401110" lon="2.104756"><ele>300.685</ele><time>2021-07-28T11:12:45Z</time></trkpt><trkpt lat="41.401188" lon="2.104777"><ele>300.499</ele><time>2021-07-28T11:12:47Z</time></trkpt><trkpt lat="41.401232" lon="2.104798"><ele>300.475</ele><time>2021-07-28T11:12:48Z</time></trkpt><trkpt lat="41.401340" lon="2.104890"><ele>301.697</ele><time>2021-07-28T11:12:52Z</time></trkpt><trkpt lat="41.401396" lon="2.104923"><ele>300.457</ele><time>2021-07-28T11:12:53Z</time></trkpt><trkpt lat="41.401464" lon="2.104962"><ele>299.092</ele><time>2021-07-28T11:12:55Z</time></trkpt><trkpt lat="41.401540" lon="2.105008"><ele>298.831</ele><time>2021-07-28T11:12:57Z</time></trkpt><trkpt lat="41.401614" lon="2.105053"><ele>299.461</ele><time>2021-07-28T11:12:59Z</time></trkpt><trkpt lat="41.401687" lon="2.105088"><ele>300.107</ele><time>2021-07-28T11:13:01Z</time></trkpt><trkpt lat="41.401748" lon="2.105136"><ele>299.808</ele><time>2021-07-28T11:13:03Z</time></trkpt><trkpt lat="41.401835" lon="2.105190"><ele>300.390</ele><time>2021-07-28T11:13:05Z</time></trkpt><trkpt lat="41.401884" lon="2.105203"><ele>300.862</ele><time>2021-07-28T11:13:06Z</time></trkpt><trkpt lat="41.401976" lon="2.105186"><ele>301.686</ele><time>2021-07-28T11:13:08Z</time></trkpt><trkpt lat="41.402020" lon="2.105167"><ele>302.580</ele><time>2021-07-28T11:13:09Z</time></trkpt><trkpt lat="41.402111" lon="2.105111"><ele>303.116</ele><time>2021-07-28T11:13:11Z</time></trkpt><trkpt lat="41.402167" lon="2.105117"><ele>303.518</ele><time>2021-07-28T11:13:12Z</time></trkpt><trkpt lat="41.402253" lon="2.105175"><ele>303.228</ele><time>2021-07-28T11:13:14Z</time></trkpt><trkpt lat="41.402304" lon="2.105305"><ele>303.863</ele><time>2021-07-28T11:13:16Z</time></trkpt><trkpt lat="41.402334" lon="2.105415"><ele>305.028</ele><time>2021-07-28T11:13:18Z</time></trkpt><trkpt lat="41.402368" lon="2.105514"><ele>305.689</ele><time>2021-07-28T11:13:20Z</time></trkpt><trkpt lat="41.402430" lon="2.105591"><ele>305.817</ele><time>2021-07-28T11:13:22Z</time></trkpt><trkpt lat="41.402506" lon="2.105663"><ele>306.308</ele><time>2021-07-28T11:13:24Z</time></trkpt><trkpt lat="41.402591" lon="2.105721"><ele>306.819</ele><time>2021-07-28T11:13:26Z</time></trkpt><trkpt lat="41.402633" lon="2.105749"><ele>307.771</ele><time>2021-07-28T11:13:27Z</time></trkpt><trkpt lat="41.402728" lon="2.105795"><ele>308.015</ele><time>2021-07-28T11:13:29Z</time></trkpt><trkpt lat="41.402813" lon="2.105816"><ele>307.849</ele><time>2021-07-28T11:13:31Z</time></trkpt><trkpt lat="41.402907" lon="2.105848"><ele>306.925</ele><time>2021-07-28T11:13:33Z</time></trkpt><trkpt lat="41.402998" lon="2.105843"><ele>306.087</ele><time>2021-07-28T11:13:35Z</time></trkpt><trkpt lat="41.403080" lon="2.105827"><ele>304.467</ele><time>2021-07-28T11:13:37Z</time></trkpt><trkpt lat="41.403166" lon="2.105831"><ele>302.762</ele><time>2021-07-28T11:13:39Z</time></trkpt><trkpt lat="41.403215" lon="2.105857"><ele>302.042</ele><time>2021-07-28T11:13:40Z</time></trkpt><trkpt lat="41.403260" lon="2.105885"><ele>301.722</ele><time>2021-07-28T11:13:41Z</time></trkpt><trkpt lat="41.403305" lon="2.106027"><ele>303.314</ele><time>2021-07-28T11:13:43Z</time></trkpt><trkpt lat="41.403295" lon="2.106130"><ele>303.108</ele><time>2021-07-28T11:13:45Z</time></trkpt><trkpt lat="41.403278" lon="2.106251"><ele>302.811</ele><time>2021-07-28T11:13:47Z</time></trkpt><trkpt lat="41.403262" lon="2.106314"><ele>302.583</ele><time>2021-07-28T11:13:48Z</time></trkpt><trkpt lat="41.403253" lon="2.106411"><ele>301.797</ele><time>2021-07-28T11:13:50Z</time></trkpt><trkpt lat="41.403240" lon="2.106469"><ele>301.371</ele><time>2021-07-28T11:13:51Z</time></trkpt><trkpt lat="41.403234" lon="2.106557"><ele>300.417</ele><time>2021-07-28T11:13:53Z</time></trkpt><trkpt lat="41.403268" lon="2.106692"><ele>299.959</ele><time>2021-07-28T11:13:55Z</time></trkpt><trkpt lat="41.403297" lon="2.106800"><ele>300.459</ele><time>2021-07-28T11:13:57Z</time></trkpt><trkpt lat="41.403320" lon="2.106861"><ele>302.964</ele><time>2021-07-28T11:13:58Z</time></trkpt><trkpt lat="41.403376" lon="2.106984"><ele>303.945</ele><time>2021-07-28T11:14:00Z</time></trkpt><trkpt lat="41.403409" lon="2.107099"><ele>304.247</ele><time>2021-07-28T11:14:02Z</time></trkpt><trkpt lat="41.403472" lon="2.107180"><ele>307.211</ele><time>2021-07-28T11:14:04Z</time></trkpt><trkpt lat="41.403516" lon="2.107217"><ele>308.108</ele><time>2021-07-28T11:14:05Z</time></trkpt><trkpt lat="41.403584" lon="2.107291"><ele>307.291</ele><time>2021-07-28T11:14:07Z</time></trkpt><trkpt lat="41.403645" lon="2.107329"><ele>305.723</ele><time>2021-07-28T11:14:09Z</time></trkpt><trkpt lat="41.403712" lon="2.107349"><ele>303.977</ele><time>2021-07-28T11:14:11Z</time></trkpt><trkpt lat="41.403793" lon="2.107372"><ele>302.531</ele><time>2021-07-28T11:14:13Z</time></trkpt><trkpt lat="41.403872" lon="2.107381"><ele>300.837</ele><time>2021-07-28T11:14:15Z</time></trkpt><trkpt lat="41.403956" lon="2.107394"><ele>300.169</ele><time>2021-07-28T11:14:17Z</time></trkpt><trkpt lat="41.404042" lon="2.107402"><ele>300.249</ele><time>2021-07-28T11:14:19Z</time></trkpt><trkpt lat="41.404132" lon="2.107402"><ele>300.564</ele><time>2021-07-28T11:14:21Z</time></trkpt><trkpt lat="41.404183" lon="2.107395"><ele>300.872</ele><time>2021-07-28T11:14:22Z</time></trkpt><trkpt lat="41.404271" lon="2.107357"><ele>300.713</ele><time>2021-07-28T11:14:24Z</time></trkpt><trkpt lat="41.404368" lon="2.107326"><ele>300.614</ele><time>2021-07-28T11:14:26Z</time></trkpt><trkpt lat="41.404445" lon="2.107284"><ele>300.208</ele><time>2021-07-28T11:14:28Z</time></trkpt><trkpt lat="41.404534" lon="2.107261"><ele>300.224</ele><time>2021-07-28T11:14:30Z</time></trkpt><trkpt lat="41.404620" lon="2.107315"><ele>300.356</ele><time>2021-07-28T11:14:32Z</time></trkpt><trkpt lat="41.404657" lon="2.107353"><ele>300.380</ele><time>2021-07-28T11:14:33Z</time></trkpt><trkpt lat="41.404717" lon="2.107438"><ele>300.524</ele><time>2021-07-28T11:14:35Z</time></trkpt><trkpt lat="41.404769" lon="2.107519"><ele>300.690</ele><time>2021-07-28T11:14:37Z</time></trkpt><trkpt lat="41.404826" lon="2.107584"><ele>301.062</ele><time>2021-07-28T11:14:39Z</time></trkpt><trkpt lat="41.404867" lon="2.107614"><ele>301.612</ele><time>2021-07-28T11:14:40Z</time></trkpt><trkpt lat="41.404952" lon="2.107672"><ele>302.387</ele><time>2021-07-28T11:14:42Z</time></trkpt><trkpt lat="41.405037" lon="2.107712"><ele>302.629</ele><time>2021-07-28T11:14:44Z</time></trkpt><trkpt lat="41.405120" lon="2.107746"><ele>303.100</ele><time>2021-07-28T11:14:46Z</time></trkpt><trkpt lat="41.405199" lon="2.107789"><ele>303.620</ele><time>2021-07-28T11:14:48Z</time></trkpt><trkpt lat="41.405283" lon="2.107843"><ele>304.208</ele><time>2021-07-28T11:14:50Z</time></trkpt><trkpt lat="41.405357" lon="2.107903"><ele>304.369</ele><time>2021-07-28T11:14:52Z</time></trkpt><trkpt lat="41.405430" lon="2.107978"><ele>304.571</ele><time>2021-07-28T11:14:54Z</time></trkpt><trkpt lat="41.405490" lon="2.108075"><ele>305.025</ele><time>2021-07-28T11:14:56Z</time></trkpt><trkpt lat="41.405526" lon="2.108135"><ele>305.289</ele><time>2021-07-28T11:14:57Z</time></trkpt><trkpt lat="41.405567" lon="2.108223"><ele>304.235</ele><time>2021-07-28T11:14:59Z</time></trkpt><trkpt lat="41.405626" lon="2.108342"><ele>303.357</ele><time>2021-07-28T11:15:01Z</time></trkpt><trkpt lat="41.405683" lon="2.108467"><ele>301.677</ele><time>2021-07-28T11:15:03Z</time></trkpt><trkpt lat="41.405700" lon="2.108523"><ele>300.822</ele><time>2021-07-28T11:15:04Z</time></trkpt><trkpt lat="41.405769" lon="2.108630"><ele>300.686</ele><time>2021-07-28T11:15:06Z</time></trkpt><trkpt lat="41.405836" lon="2.108715"><ele>299.760</ele><time>2021-07-28T11:15:08Z</time></trkpt><trkpt lat="41.405883" lon="2.108745"><ele>299.026</ele><time>2021-07-28T11:15:09Z</time></trkpt><trkpt lat="41.405953" lon="2.108811"><ele>297.808</ele><time>2021-07-28T11:15:11Z</time></trkpt><trkpt lat="41.405999" lon="2.108829"><ele>296.675</ele><time>2021-07-28T11:15:12Z</time></trkpt><trkpt lat="41.406052" lon="2.108859"><ele>296.057</ele><time>2021-07-28T11:15:13Z</time></trkpt><trkpt lat="41.406135" lon="2.108885"><ele>295.691</ele><time>2021-07-28T11:15:15Z</time></trkpt><trkpt lat="41.406193" lon="2.108911"><ele>295.155</ele><time>2021-07-28T11:15:16Z</time></trkpt><trkpt lat="41.406290" lon="2.108943"><ele>295.141</ele><time>2021-07-28T11:15:18Z</time></trkpt><trkpt lat="41.406382" lon="2.108966"><ele>295.833</ele><time>2021-07-28T11:15:20Z</time></trkpt><trkpt lat="41.406454" lon="2.108994"><ele>296.263</ele><time>2021-07-28T11:15:22Z</time></trkpt><trkpt lat="41.406545" lon="2.109044"><ele>296.218</ele><time>2021-07-28T11:15:24Z</time></trkpt><trkpt lat="41.406625" lon="2.109038"><ele>294.931</ele><time>2021-07-28T11:15:26Z</time></trkpt><trkpt lat="41.406678" lon="2.109020"><ele>291.961</ele><time>2021-07-28T11:15:28Z</time></trkpt><trkpt lat="41.406758" lon="2.109005"><ele>288.507</ele><time>2021-07-28T11:15:30Z</time></trkpt><trkpt lat="41.406807" lon="2.109001"><ele>286.808</ele><time>2021-07-28T11:15:31Z</time></trkpt><trkpt lat="41.406877" lon="2.108964"><ele>285.910</ele><time>2021-07-28T11:15:33Z</time></trkpt><trkpt lat="41.406937" lon="2.108887"><ele>285.512</ele><time>2021-07-28T11:15:35Z</time></trkpt><trkpt lat="41.406955" lon="2.108791"><ele>286.226</ele><time>2021-07-28T11:15:37Z</time></trkpt><trkpt lat="41.406962" lon="2.108720"><ele>287.060</ele><time>2021-07-28T11:15:39Z</time></trkpt><trkpt lat="41.406943" lon="2.108651"><ele>288.676</ele><time>2021-07-28T11:15:41Z</time></trkpt><trkpt lat="41.406909" lon="2.108593"><ele>289.968</ele><time>2021-07-28T11:15:43Z</time></trkpt><trkpt lat="41.406875" lon="2.108544"><ele>291.218</ele><time>2021-07-28T11:15:45Z</time></trkpt><trkpt lat="41.406837" lon="2.108506"><ele>292.593</ele><time>2021-07-28T11:15:47Z</time></trkpt><trkpt lat="41.406799" lon="2.108459"><ele>293.517</ele><time>2021-07-28T11:15:49Z</time></trkpt><trkpt lat="41.406754" lon="2.108408"><ele>295.587</ele><time>2021-07-28T11:15:52Z</time></trkpt><trkpt lat="41.406739" lon="2.108326"><ele>297.215</ele><time>2021-07-28T11:15:55Z</time></trkpt><trkpt lat="41.406755" lon="2.108224"><ele>297.408</ele><time>2021-07-28T11:15:57Z</time></trkpt><trkpt lat="41.406784" lon="2.108137"><ele>297.528</ele><time>2021-07-28T11:15:58Z</time></trkpt><trkpt lat="41.406735" lon="2.108032"><ele>297.870</ele><time>2021-07-28T11:16:00Z</time></trkpt><trkpt lat="41.406693" lon="2.107908"><ele>298.254</ele><time>2021-07-28T11:16:02Z</time></trkpt><trkpt lat="41.406642" lon="2.107770"><ele>298.378</ele><time>2021-07-28T11:16:04Z</time></trkpt><trkpt lat="41.406599" lon="2.107642"><ele>298.334</ele><time>2021-07-28T11:16:06Z</time></trkpt><trkpt lat="41.406601" lon="2.107512"><ele>298.846</ele><time>2021-07-28T11:16:08Z</time></trkpt><trkpt lat="41.406602" lon="2.107452"><ele>298.826</ele><time>2021-07-28T11:16:09Z</time></trkpt><trkpt lat="41.406660" lon="2.107340"><ele>299.411</ele><time>2021-07-28T11:16:11Z</time></trkpt><trkpt lat="41.406719" lon="2.107271"><ele>300.586</ele><time>2021-07-28T11:16:13Z</time></trkpt><trkpt lat="41.406774" lon="2.107202"><ele>301.760</ele><time>2021-07-28T11:16:15Z</time></trkpt><trkpt lat="41.406831" lon="2.107150"><ele>302.526</ele><time>2021-07-28T11:16:17Z</time></trkpt><trkpt lat="41.406881" lon="2.107085"><ele>303.208</ele><time>2021-07-28T11:16:19Z</time></trkpt><trkpt lat="41.406929" lon="2.107026"><ele>303.925</ele><time>2021-07-28T11:16:21Z</time></trkpt><trkpt lat="41.406966" lon="2.106959"><ele>304.697</ele><time>2021-07-28T11:16:23Z</time></trkpt><trkpt lat="41.406983" lon="2.106882"><ele>305.451</ele><time>2021-07-28T11:16:25Z</time></trkpt><trkpt lat="41.406982" lon="2.106800"><ele>306.455</ele><time>2021-07-28T11:16:27Z</time></trkpt><trkpt lat="41.406963" lon="2.106721"><ele>306.921</ele><time>2021-07-28T11:16:29Z</time></trkpt><trkpt lat="41.406925" lon="2.106654"><ele>307.453</ele><time>2021-07-28T11:16:31Z</time></trkpt><trkpt lat="41.406879" lon="2.106598"><ele>307.813</ele><time>2021-07-28T11:16:33Z</time></trkpt><trkpt lat="41.406836" lon="2.106554"><ele>307.938</ele><time>2021-07-28T11:16:35Z</time></trkpt><trkpt lat="41.406783" lon="2.106524"><ele>308.284</ele><time>2021-07-28T11:16:37Z</time></trkpt><trkpt lat="41.406726" lon="2.106503"><ele>308.807</ele><time>2021-07-28T11:16:39Z</time></trkpt><trkpt lat="41.406677" lon="2.106472"><ele>309.617</ele><time>2021-07-28T11:16:41Z</time></trkpt><trkpt lat="41.406635" lon="2.106429"><ele>310.508</ele><time>2021-07-28T11:16:43Z</time></trkpt><trkpt lat="41.406595" lon="2.106376"><ele>311.065</ele><time>2021-07-28T11:16:45Z</time></trkpt><trkpt lat="41.406565" lon="2.106318"><ele>311.517</ele><time>2021-07-28T11:16:47Z</time></trkpt><trkpt lat="41.406548" lon="2.106255"><ele>311.191</ele><time>2021-07-28T11:16:49Z</time></trkpt><trkpt lat="41.406538" lon="2.106188"><ele>310.995</ele><time>2021-07-28T11:16:51Z</time></trkpt><trkpt lat="41.406535" lon="2.106106"><ele>310.871</ele><time>2021-07-28T11:16:53Z</time></trkpt><trkpt lat="41.406542" lon="2.106021"><ele>310.913</ele><time>2021-07-28T11:16:55Z</time></trkpt><trkpt lat="41.406556" lon="2.105943"><ele>311.013</ele><time>2021-07-28T11:16:57Z</time></trkpt><trkpt lat="41.406574" lon="2.105868"><ele>310.728</ele><time>2021-07-28T11:16:59Z</time></trkpt><trkpt lat="41.406590" lon="2.105790"><ele>309.491</ele><time>2021-07-28T11:17:01Z</time></trkpt><trkpt lat="41.406598" lon="2.105711"><ele>308.681</ele><time>2021-07-28T11:17:03Z</time></trkpt><trkpt lat="41.406600" lon="2.105622"><ele>308.919</ele><time>2021-07-28T11:17:05Z</time></trkpt><trkpt lat="41.406584" lon="2.105522"><ele>308.608</ele><time>2021-07-28T11:17:07Z</time></trkpt><trkpt lat="41.406558" lon="2.105437"><ele>307.666</ele><time>2021-07-28T11:17:09Z</time></trkpt><trkpt lat="41.406519" lon="2.105366"><ele>306.828</ele><time>2021-07-28T11:17:11Z</time></trkpt><trkpt lat="41.406466" lon="2.105299"><ele>306.392</ele><time>2021-07-28T11:17:13Z</time></trkpt><trkpt lat="41.406407" lon="2.105235"><ele>305.576</ele><time>2021-07-28T11:17:15Z</time></trkpt><trkpt lat="41.406344" lon="2.105171"><ele>305.152</ele><time>2021-07-28T11:17:17Z</time></trkpt><trkpt lat="41.406287" lon="2.105099"><ele>305.034</ele><time>2021-07-28T11:17:19Z</time></trkpt><trkpt lat="41.406237" lon="2.105032"><ele>305.374</ele><time>2021-07-28T11:17:21Z</time></trkpt><trkpt lat="41.406190" lon="2.104964"><ele>305.839</ele><time>2021-07-28T11:17:23Z</time></trkpt><trkpt lat="41.406156" lon="2.104876"><ele>305.185</ele><time>2021-07-28T11:17:25Z</time></trkpt><trkpt lat="41.406156" lon="2.104789"><ele>305.089</ele><time>2021-07-28T11:17:27Z</time></trkpt><trkpt lat="41.406171" lon="2.104700"><ele>305.117</ele><time>2021-07-28T11:17:29Z</time></trkpt><trkpt lat="41.406242" lon="2.104582"><ele>305.608</ele><time>2021-07-28T11:17:31Z</time></trkpt><trkpt lat="41.406277" lon="2.104521"><ele>305.555</ele><time>2021-07-28T11:17:32Z</time></trkpt><trkpt lat="41.406319" lon="2.104462"><ele>305.857</ele><time>2021-07-28T11:17:33Z</time></trkpt><trkpt lat="41.406424" lon="2.104401"><ele>306.331</ele><time>2021-07-28T11:17:35Z</time></trkpt><trkpt lat="41.406550" lon="2.104427"><ele>307.545</ele><time>2021-07-28T11:17:37Z</time></trkpt><trkpt lat="41.406596" lon="2.104455"><ele>307.311</ele><time>2021-07-28T11:17:38Z</time></trkpt><trkpt lat="41.406710" lon="2.104516"><ele>307.633</ele><time>2021-07-28T11:17:40Z</time></trkpt><trkpt lat="41.406817" lon="2.104562"><ele>309.113</ele><time>2021-07-28T11:17:42Z</time></trkpt><trkpt lat="41.406880" lon="2.104559"><ele>308.128</ele><time>2021-07-28T11:17:44Z</time></trkpt><trkpt lat="41.406962" lon="2.104583"><ele>306.963</ele><time>2021-07-28T11:17:46Z</time></trkpt><trkpt lat="41.407059" lon="2.104633"><ele>307.444</ele><time>2021-07-28T11:17:48Z</time></trkpt><trkpt lat="41.407149" lon="2.104693"><ele>307.818</ele><time>2021-07-28T11:17:50Z</time></trkpt><trkpt lat="41.407257" lon="2.104737"><ele>304.208</ele><time>2021-07-28T11:17:52Z</time></trkpt><trkpt lat="41.407307" lon="2.104740"><ele>302.643</ele><time>2021-07-28T11:17:53Z</time></trkpt><trkpt lat="41.407354" lon="2.104649"><ele>302.425</ele><time>2021-07-28T11:17:55Z</time></trkpt><trkpt lat="41.407428" lon="2.104576"><ele>303.589</ele><time>2021-07-28T11:17:57Z</time></trkpt><trkpt lat="41.407478" lon="2.104472"><ele>304.073</ele><time>2021-07-28T11:17:59Z</time></trkpt><trkpt lat="41.407524" lon="2.104362"><ele>304.779</ele><time>2021-07-28T11:18:01Z</time></trkpt><trkpt lat="41.407551" lon="2.104299"><ele>304.451</ele><time>2021-07-28T11:18:02Z</time></trkpt><trkpt lat="41.407583" lon="2.104243"><ele>304.451</ele><time>2021-07-28T11:18:03Z</time></trkpt><trkpt lat="41.407609" lon="2.104180"><ele>305.296</ele><time>2021-07-28T11:18:04Z</time></trkpt><trkpt lat="41.407623" lon="2.104108"><ele>305.972</ele><time>2021-07-28T11:18:05Z</time></trkpt><trkpt lat="41.407633" lon="2.103974"><ele>306.313</ele><time>2021-07-28T11:18:07Z</time></trkpt><trkpt lat="41.407651" lon="2.103858"><ele>306.614</ele><time>2021-07-28T11:18:09Z</time></trkpt><trkpt lat="41.407720" lon="2.103767"><ele>306.708</ele><time>2021-07-28T11:18:11Z</time></trkpt><trkpt lat="41.407759" lon="2.103730"><ele>306.444</ele><time>2021-07-28T11:18:12Z</time></trkpt><trkpt lat="41.407831" lon="2.103701"><ele>306.316</ele><time>2021-07-28T11:18:14Z</time></trkpt><trkpt lat="41.407915" lon="2.103693"><ele>305.520</ele><time>2021-07-28T11:18:16Z</time></trkpt><trkpt lat="41.407983" lon="2.103744"><ele>305.744</ele><time>2021-07-28T11:18:18Z</time></trkpt><trkpt lat="41.408049" lon="2.103824"><ele>305.740</ele><time>2021-07-28T11:18:20Z</time></trkpt><trkpt lat="41.408116" lon="2.103915"><ele>306.262</ele><time>2021-07-28T11:18:22Z</time></trkpt><trkpt lat="41.408154" lon="2.103974"><ele>307.062</ele><time>2021-07-28T11:18:23Z</time></trkpt><trkpt lat="41.408211" lon="2.104071"><ele>308.347</ele><time>2021-07-28T11:18:25Z</time></trkpt><trkpt lat="41.408282" lon="2.104154"><ele>308.825</ele><time>2021-07-28T11:18:27Z</time></trkpt><trkpt lat="41.408371" lon="2.104219"><ele>309.126</ele><time>2021-07-28T11:18:29Z</time></trkpt><trkpt lat="41.408434" lon="2.104239"><ele>309.508</ele><time>2021-07-28T11:18:30Z</time></trkpt><trkpt lat="41.408518" lon="2.104239"><ele>309.308</ele><time>2021-07-28T11:18:32Z</time></trkpt><trkpt lat="41.408609" lon="2.104206"><ele>309.799</ele><time>2021-07-28T11:18:34Z</time></trkpt><trkpt lat="41.408702" lon="2.104168"><ele>310.261</ele><time>2021-07-28T11:18:36Z</time></trkpt><trkpt lat="41.408751" lon="2.104161"><ele>310.065</ele><time>2021-07-28T11:18:37Z</time></trkpt><trkpt lat="41.408866" lon="2.104165"><ele>309.319</ele><time>2021-07-28T11:18:39Z</time></trkpt><trkpt lat="41.408912" lon="2.104291"><ele>308.845</ele><time>2021-07-28T11:18:41Z</time></trkpt><trkpt lat="41.408923" lon="2.104358"><ele>309.167</ele><time>2021-07-28T11:18:42Z</time></trkpt><trkpt lat="41.408943" lon="2.104491"><ele>309.167</ele><time>2021-07-28T11:18:44Z</time></trkpt><trkpt lat="41.408989" lon="2.104581"><ele>308.032</ele><time>2021-07-28T11:18:46Z</time></trkpt><trkpt lat="41.409032" lon="2.104707"><ele>307.117</ele><time>2021-07-28T11:18:48Z</time></trkpt><trkpt lat="41.409053" lon="2.104821"><ele>306.287</ele><time>2021-07-28T11:18:50Z</time></trkpt><trkpt lat="41.408977" lon="2.104840"><ele>305.815</ele><time>2021-07-28T11:18:51Z</time></trkpt><trkpt lat="41.408911" lon="2.104925"><ele>305.508</ele><time>2021-07-28T11:18:53Z</time></trkpt><trkpt lat="41.408866" lon="2.104967"><ele>305.118</ele><time>2021-07-28T11:18:54Z</time></trkpt><trkpt lat="41.408817" lon="2.105058"><ele>305.180</ele><time>2021-07-28T11:18:56Z</time></trkpt><trkpt lat="41.408787" lon="2.105186"><ele>304.034</ele><time>2021-07-28T11:18:58Z</time></trkpt><trkpt lat="41.408770" lon="2.105300"><ele>303.538</ele><time>2021-07-28T11:19:00Z</time></trkpt><trkpt lat="41.408757" lon="2.105429"><ele>303.744</ele><time>2021-07-28T11:19:02Z</time></trkpt><trkpt lat="41.408754" lon="2.105545"><ele>303.636</ele><time>2021-07-28T11:19:04Z</time></trkpt><trkpt lat="41.408775" lon="2.105661"><ele>302.976</ele><time>2021-07-28T11:19:06Z</time></trkpt><trkpt lat="41.408819" lon="2.105770"><ele>302.721</ele><time>2021-07-28T11:19:08Z</time></trkpt><trkpt lat="41.408852" lon="2.105880"><ele>303.538</ele><time>2021-07-28T11:19:10Z</time></trkpt><trkpt lat="41.408897" lon="2.105996"><ele>304.370</ele><time>2021-07-28T11:19:12Z</time></trkpt><trkpt lat="41.408945" lon="2.106104"><ele>304.117</ele><time>2021-07-28T11:19:14Z</time></trkpt><trkpt lat="41.408972" lon="2.106160"><ele>304.408</ele><time>2021-07-28T11:19:15Z</time></trkpt><trkpt lat="41.409008" lon="2.106275"><ele>304.220</ele><time>2021-07-28T11:19:17Z</time></trkpt><trkpt lat="41.409044" lon="2.106336"><ele>304.022</ele><time>2021-07-28T11:19:18Z</time></trkpt><trkpt lat="41.409091" lon="2.106451"><ele>304.356</ele><time>2021-07-28T11:19:20Z</time></trkpt><trkpt lat="41.409119" lon="2.106500"><ele>304.190</ele><time>2021-07-28T11:19:21Z</time></trkpt><trkpt lat="41.409149" lon="2.106553"><ele>304.236</ele><time>2021-07-28T11:19:22Z</time></trkpt><trkpt lat="41.409226" lon="2.106635"><ele>303.528</ele><time>2021-07-28T11:19:24Z</time></trkpt><trkpt lat="41.409323" lon="2.106679"><ele>303.038</ele><time>2021-07-28T11:19:26Z</time></trkpt><trkpt lat="41.409361" lon="2.106643"><ele>302.543</ele><time>2021-07-28T11:19:27Z</time></trkpt><trkpt lat="41.409479" lon="2.106614"><ele>302.011</ele><time>2021-07-28T11:19:29Z</time></trkpt><trkpt lat="41.409585" lon="2.106582"><ele>301.921</ele><time>2021-07-28T11:19:31Z</time></trkpt><trkpt lat="41.409679" lon="2.106584"><ele>302.003</ele><time>2021-07-28T11:19:33Z</time></trkpt><trkpt lat="41.409758" lon="2.106640"><ele>302.208</ele><time>2021-07-28T11:19:35Z</time></trkpt><trkpt lat="41.409826" lon="2.106744"><ele>303.168</ele><time>2021-07-28T11:19:37Z</time></trkpt><trkpt lat="41.409853" lon="2.106797"><ele>303.940</ele><time>2021-07-28T11:19:38Z</time></trkpt><trkpt lat="41.409922" lon="2.106884"><ele>303.124</ele><time>2021-07-28T11:19:40Z</time></trkpt><trkpt lat="41.409960" lon="2.106923"><ele>301.818</ele><time>2021-07-28T11:19:41Z</time></trkpt><trkpt lat="41.410031" lon="2.106985"><ele>300.534</ele><time>2021-07-28T11:19:43Z</time></trkpt><trkpt lat="41.410079" lon="2.106985"><ele>299.556</ele><time>2021-07-28T11:19:44Z</time></trkpt><trkpt lat="41.410152" lon="2.106959"><ele>299.256</ele><time>2021-07-28T11:19:46Z</time></trkpt><trkpt lat="41.410196" lon="2.106941"><ele>299.521</ele><time>2021-07-28T11:19:47Z</time></trkpt><trkpt lat="41.410270" lon="2.106875"><ele>298.425</ele><time>2021-07-28T11:19:49Z</time></trkpt><trkpt lat="41.410316" lon="2.106850"><ele>297.626</ele><time>2021-07-28T11:19:50Z</time></trkpt><trkpt lat="41.410398" lon="2.106769"><ele>297.708</ele><time>2021-07-28T11:19:52Z</time></trkpt><trkpt lat="41.410464" lon="2.106686"><ele>298.408</ele><time>2021-07-28T11:19:54Z</time></trkpt><trkpt lat="41.410490" lon="2.106624"><ele>298.599</ele><time>2021-07-28T11:19:55Z</time></trkpt><trkpt lat="41.410541" lon="2.106512"><ele>298.551</ele><time>2021-07-28T11:19:57Z</time></trkpt><trkpt lat="41.410566" lon="2.106456"><ele>298.315</ele><time>2021-07-28T11:19:58Z</time></trkpt><trkpt lat="41.410626" lon="2.106367"><ele>298.069</ele><time>2021-07-28T11:20:00Z</time></trkpt><trkpt lat="41.410685" lon="2.106283"><ele>297.885</ele><time>2021-07-28T11:20:02Z</time></trkpt><trkpt lat="41.410742" lon="2.106204"><ele>297.857</ele><time>2021-07-28T11:20:04Z</time></trkpt><trkpt lat="41.410781" lon="2.106173"><ele>298.267</ele><time>2021-07-28T11:20:05Z</time></trkpt><trkpt lat="41.410838" lon="2.106075"><ele>298.992</ele><time>2021-07-28T11:20:07Z</time></trkpt><trkpt lat="41.410863" lon="2.106024"><ele>299.539</ele><time>2021-07-28T11:20:08Z</time></trkpt><trkpt lat="41.410902" lon="2.105988"><ele>300.201</ele><time>2021-07-28T11:20:09Z</time></trkpt><trkpt lat="41.410965" lon="2.105940"><ele>302.121</ele><time>2021-07-28T11:20:11Z</time></trkpt><trkpt lat="41.411043" lon="2.105885"><ele>304.108</ele><time>2021-07-28T11:20:13Z</time></trkpt><trkpt lat="41.411116" lon="2.105830"><ele>305.420</ele><time>2021-07-28T11:20:15Z</time></trkpt><trkpt lat="41.411204" lon="2.105789"><ele>306.662</ele><time>2021-07-28T11:20:17Z</time></trkpt><trkpt lat="41.411288" lon="2.105911"><ele>307.476</ele><time>2021-07-28T11:20:19Z</time></trkpt><trkpt lat="41.411344" lon="2.106019"><ele>307.850</ele><time>2021-07-28T11:20:21Z</time></trkpt><trkpt lat="41.411372" lon="2.106083"><ele>308.016</ele><time>2021-07-28T11:20:22Z</time></trkpt><trkpt lat="41.411432" lon="2.106173"><ele>308.758</ele><time>2021-07-28T11:20:24Z</time></trkpt><trkpt lat="41.411470" lon="2.106210"><ele>309.768</ele><time>2021-07-28T11:20:25Z</time></trkpt><trkpt lat="41.411561" lon="2.106250"><ele>308.343</ele><time>2021-07-28T11:20:27Z</time></trkpt><trkpt lat="41.411665" lon="2.106280"><ele>308.026</ele><time>2021-07-28T11:20:29Z</time></trkpt><trkpt lat="41.411713" lon="2.106298"><ele>307.947</ele><time>2021-07-28T11:20:30Z</time></trkpt><trkpt lat="41.411780" lon="2.106363"><ele>308.411</ele><time>2021-07-28T11:20:32Z</time></trkpt><trkpt lat="41.411819" lon="2.106483"><ele>309.108</ele><time>2021-07-28T11:20:34Z</time></trkpt><trkpt lat="41.411808" lon="2.106590"><ele>310.319</ele><time>2021-07-28T11:20:36Z</time></trkpt><trkpt lat="41.411744" lon="2.106669"><ele>310.511</ele><time>2021-07-28T11:20:38Z</time></trkpt><trkpt lat="41.411705" lon="2.106769"><ele>310.875</ele><time>2021-07-28T11:20:40Z</time></trkpt><trkpt lat="41.411649" lon="2.106861"><ele>310.239</ele><time>2021-07-28T11:20:42Z</time></trkpt><trkpt lat="41.411590" lon="2.106942"><ele>309.065</ele><time>2021-07-28T11:20:44Z</time></trkpt><trkpt lat="41.411527" lon="2.107031"><ele>308.097</ele><time>2021-07-28T11:20:46Z</time></trkpt><trkpt lat="41.411492" lon="2.107131"><ele>307.347</ele><time>2021-07-28T11:20:48Z</time></trkpt><trkpt lat="41.411473" lon="2.107239"><ele>305.052</ele><time>2021-07-28T11:20:50Z</time></trkpt><trkpt lat="41.411453" lon="2.107358"><ele>302.016</ele><time>2021-07-28T11:20:52Z</time></trkpt><trkpt lat="41.411439" lon="2.107476"><ele>300.676</ele><time>2021-07-28T11:20:54Z</time></trkpt><trkpt lat="41.411440" lon="2.107609"><ele>299.813</ele><time>2021-07-28T11:20:56Z</time></trkpt><trkpt lat="41.411442" lon="2.107737"><ele>299.908</ele><time>2021-07-28T11:20:58Z</time></trkpt><trkpt lat="41.411438" lon="2.107861"><ele>300.758</ele><time>2021-07-28T11:21:00Z</time></trkpt><trkpt lat="41.411435" lon="2.107987"><ele>302.190</ele><time>2021-07-28T11:21:02Z</time></trkpt><trkpt lat="41.411458" lon="2.108099"><ele>302.944</ele><time>2021-07-28T11:21:04Z</time></trkpt><trkpt lat="41.411498" lon="2.108194"><ele>302.868</ele><time>2021-07-28T11:21:06Z</time></trkpt><trkpt lat="41.411563" lon="2.108262"><ele>303.034</ele><time>2021-07-28T11:21:08Z</time></trkpt><trkpt lat="41.411639" lon="2.108287"><ele>303.896</ele><time>2021-07-28T11:21:10Z</time></trkpt><trkpt lat="41.411717" lon="2.108276"><ele>303.626</ele><time>2021-07-28T11:21:12Z</time></trkpt><trkpt lat="41.411795" lon="2.108253"><ele>302.921</ele><time>2021-07-28T11:21:14Z</time></trkpt><trkpt lat="41.411876" lon="2.108208"><ele>301.791</ele><time>2021-07-28T11:21:16Z</time></trkpt><trkpt lat="41.411972" lon="2.108217"><ele>300.981</ele><time>2021-07-28T11:21:18Z</time></trkpt><trkpt lat="41.412019" lon="2.108226"><ele>300.019</ele><time>2021-07-28T11:21:19Z</time></trkpt><trkpt lat="41.412118" lon="2.108242"><ele>299.508</ele><time>2021-07-28T11:21:21Z</time></trkpt><trkpt lat="41.412163" lon="2.108230"><ele>299.236</ele><time>2021-07-28T11:21:23Z</time></trkpt><trkpt lat="41.412214" lon="2.108241"><ele>299.498</ele><time>2021-07-28T11:22:17Z</time></trkpt><trkpt lat="41.412239" lon="2.108186"><ele>301.892</ele><time>2021-07-28T11:23:23Z</time></trkpt><trkpt lat="41.412330" lon="2.108163"><ele>303.386</ele><time>2021-07-28T11:23:25Z</time></trkpt><trkpt lat="41.412411" lon="2.108169"><ele>302.232</ele><time>2021-07-28T11:23:27Z</time></trkpt><trkpt lat="41.412456" lon="2.108183"><ele>301.564</ele><time>2021-07-28T11:23:28Z</time></trkpt><trkpt lat="41.412531" lon="2.108235"><ele>301.274</ele><time>2021-07-28T11:23:30Z</time></trkpt><trkpt lat="41.412594" lon="2.108316"><ele>300.739</ele><time>2021-07-28T11:23:32Z</time></trkpt><trkpt lat="41.412639" lon="2.108441"><ele>300.929</ele><time>2021-07-28T11:23:33Z</time></trkpt><trkpt lat="41.412663" lon="2.108498"><ele>300.000</ele><time>2021-07-28T11:23:34Z</time></trkpt><trkpt lat="41.412710" lon="2.108624"><ele>299.120</ele><time>2021-07-28T11:23:36Z</time></trkpt><trkpt lat="41.412747" lon="2.108705"><ele>298.108</ele><time>2021-07-28T11:23:37Z</time></trkpt><trkpt lat="41.412818" lon="2.108815"><ele>298.359</ele><time>2021-07-28T11:23:39Z</time></trkpt><trkpt lat="41.412870" lon="2.108923"><ele>297.411</ele><time>2021-07-28T11:23:41Z</time></trkpt><trkpt lat="41.412863" lon="2.109029"><ele>297.035</ele><time>2021-07-28T11:23:43Z</time></trkpt><trkpt lat="41.412841" lon="2.109095"><ele>296.959</ele><time>2021-07-28T11:23:44Z</time></trkpt><trkpt lat="41.412810" lon="2.109152"><ele>296.615</ele><time>2021-07-28T11:23:45Z</time></trkpt><trkpt lat="41.412745" lon="2.109227"><ele>296.417</ele><time>2021-07-28T11:23:47Z</time></trkpt><trkpt lat="41.412695" lon="2.109254"><ele>296.557</ele><time>2021-07-28T11:23:48Z</time></trkpt><trkpt lat="41.412627" lon="2.109303"><ele>296.122</ele><time>2021-07-28T11:23:50Z</time></trkpt><trkpt lat="41.412561" lon="2.109344"><ele>296.339</ele><time>2021-07-28T11:23:52Z</time></trkpt><trkpt lat="41.412494" lon="2.109421"><ele>296.201</ele><time>2021-07-28T11:23:54Z</time></trkpt><trkpt lat="41.412430" lon="2.109500"><ele>296.321</ele><time>2021-07-28T11:23:56Z</time></trkpt><trkpt lat="41.412367" lon="2.109597"><ele>296.608</ele><time>2021-07-28T11:23:58Z</time></trkpt><trkpt lat="41.412310" lon="2.109697"><ele>297.340</ele><time>2021-07-28T11:24:00Z</time></trkpt><trkpt lat="41.412266" lon="2.109799"><ele>298.932</ele><time>2021-07-28T11:24:02Z</time></trkpt><trkpt lat="41.412259" lon="2.109864"><ele>300.856</ele><time>2021-07-28T11:24:03Z</time></trkpt><trkpt lat="41.412264" lon="2.109928"><ele>302.010</ele><time>2021-07-28T11:24:04Z</time></trkpt><trkpt lat="41.412283" lon="2.110029"><ele>303.296</ele><time>2021-07-28T11:24:06Z</time></trkpt><trkpt lat="41.412325" lon="2.110117"><ele>303.468</ele><time>2021-07-28T11:24:08Z</time></trkpt><trkpt lat="41.412425" lon="2.110149"><ele>303.888</ele><time>2021-07-28T11:24:10Z</time></trkpt><trkpt lat="41.412513" lon="2.110197"><ele>304.053</ele><time>2021-07-28T11:24:12Z</time></trkpt><trkpt lat="41.412617" lon="2.110227"><ele>304.075</ele><time>2021-07-28T11:24:14Z</time></trkpt><trkpt lat="41.412695" lon="2.110232"><ele>304.528</ele><time>2021-07-28T11:24:16Z</time></trkpt><trkpt lat="41.412783" lon="2.110265"><ele>305.220</ele><time>2021-07-28T11:24:18Z</time></trkpt><trkpt lat="41.412861" lon="2.110270"><ele>306.208</ele><time>2021-07-28T11:24:20Z</time></trkpt><trkpt lat="41.412907" lon="2.110289"><ele>307.594</ele><time>2021-07-28T11:24:21Z</time></trkpt><trkpt lat="41.412956" lon="2.110301"><ele>308.796</ele><time>2021-07-28T11:24:22Z</time></trkpt><trkpt lat="41.413002" lon="2.110308"><ele>309.210</ele><time>2021-07-28T11:24:23Z</time></trkpt><trkpt lat="41.413076" lon="2.110323"><ele>309.184</ele><time>2021-07-28T11:24:25Z</time></trkpt><trkpt lat="41.413141" lon="2.110347"><ele>306.090</ele><time>2021-07-28T11:24:27Z</time></trkpt><trkpt lat="41.413204" lon="2.110383"><ele>304.432</ele><time>2021-07-28T11:24:29Z</time></trkpt><trkpt lat="41.413264" lon="2.110430"><ele>303.972</ele><time>2021-07-28T11:24:31Z</time></trkpt><trkpt lat="41.413331" lon="2.110493"><ele>303.877</ele><time>2021-07-28T11:24:33Z</time></trkpt><trkpt lat="41.413371" lon="2.110569"><ele>303.336</ele><time>2021-07-28T11:24:34Z</time></trkpt><trkpt lat="41.413402" lon="2.110619"><ele>302.917</ele><time>2021-07-28T11:24:35Z</time></trkpt><trkpt lat="41.413465" lon="2.110680"><ele>303.318</ele><time>2021-07-28T11:24:37Z</time></trkpt><trkpt lat="41.413512" lon="2.110745"><ele>304.208</ele><time>2021-07-28T11:24:39Z</time></trkpt><trkpt lat="41.413568" lon="2.110810"><ele>306.410</ele><time>2021-07-28T11:24:41Z</time></trkpt><trkpt lat="41.413611" lon="2.110887"><ele>307.762</ele><time>2021-07-28T11:24:43Z</time></trkpt><trkpt lat="41.413614" lon="2.110971"><ele>307.576</ele><time>2021-07-28T11:24:45Z</time></trkpt><trkpt lat="41.413628" lon="2.111059"><ele>307.420</ele><time>2021-07-28T11:24:47Z</time></trkpt><trkpt lat="41.413611" lon="2.111133"><ele>307.076</ele><time>2021-07-28T11:24:49Z</time></trkpt><trkpt lat="41.413573" lon="2.111192"><ele>306.518</ele><time>2021-07-28T11:24:51Z</time></trkpt><trkpt lat="41.413507" lon="2.111233"><ele>305.658</ele><time>2021-07-28T11:24:53Z</time></trkpt><trkpt lat="41.413334" lon="2.111192"><ele>305.023</ele><time>2021-07-28T11:24:55Z</time></trkpt><trkpt lat="41.413225" lon="2.111236"><ele>304.784</ele><time>2021-07-28T11:24:57Z</time></trkpt><trkpt lat="41.413163" lon="2.111241"><ele>304.607</ele><time>2021-07-28T11:24:58Z</time></trkpt><trkpt lat="41.413038" lon="2.111291"><ele>304.417</ele><time>2021-07-28T11:25:00Z</time></trkpt><trkpt lat="41.412982" lon="2.111297"><ele>304.008</ele><time>2021-07-28T11:25:01Z</time></trkpt><trkpt lat="41.412868" lon="2.111338"><ele>302.495</ele><time>2021-07-28T11:25:03Z</time></trkpt><trkpt lat="41.412787" lon="2.111414"><ele>302.567</ele><time>2021-07-28T11:25:05Z</time></trkpt><trkpt lat="41.412759" lon="2.111464"><ele>302.131</ele><time>2021-07-28T11:25:06Z</time></trkpt><trkpt lat="41.412685" lon="2.111534"><ele>301.455</ele><time>2021-07-28T11:25:08Z</time></trkpt><trkpt lat="41.412616" lon="2.111615"><ele>301.011</ele><time>2021-07-28T11:25:10Z</time></trkpt><trkpt lat="41.412530" lon="2.111714"><ele>300.473</ele><time>2021-07-28T11:25:12Z</time></trkpt><trkpt lat="41.412488" lon="2.111845"><ele>299.783</ele><time>2021-07-28T11:25:14Z</time></trkpt><trkpt lat="41.412445" lon="2.111952"><ele>300.278</ele><time>2021-07-28T11:25:16Z</time></trkpt><trkpt lat="41.412421" lon="2.112012"><ele>300.947</ele><time>2021-07-28T11:25:17Z</time></trkpt><trkpt lat="41.412382" lon="2.112093"><ele>301.629</ele><time>2021-07-28T11:25:19Z</time></trkpt><trkpt lat="41.412394" lon="2.112155"><ele>302.521</ele><time>2021-07-28T11:25:20Z</time></trkpt><trkpt lat="41.412411" lon="2.112259"><ele>303.308</ele><time>2021-07-28T11:25:22Z</time></trkpt><trkpt lat="41.412440" lon="2.112365"><ele>303.491</ele><time>2021-07-28T11:25:24Z</time></trkpt><trkpt lat="41.412493" lon="2.112448"><ele>303.723</ele><time>2021-07-28T11:25:26Z</time></trkpt><trkpt lat="41.412557" lon="2.112519"><ele>303.457</ele><time>2021-07-28T11:25:28Z</time></trkpt><trkpt lat="41.412605" lon="2.112534"><ele>303.341</ele><time>2021-07-28T11:25:29Z</time></trkpt><trkpt lat="41.412671" lon="2.112589"><ele>303.577</ele><time>2021-07-28T11:25:30Z</time></trkpt><trkpt lat="41.412728" lon="2.112661"><ele>303.419</ele><time>2021-07-28T11:25:32Z</time></trkpt><trkpt lat="41.412778" lon="2.112726"><ele>303.339</ele><time>2021-07-28T11:25:33Z</time></trkpt><trkpt lat="41.412797" lon="2.112877"><ele>303.124</ele><time>2021-07-28T11:25:35Z</time></trkpt><trkpt lat="41.412758" lon="2.113029"><ele>303.381</ele><time>2021-07-28T11:25:37Z</time></trkpt><trkpt lat="41.412688" lon="2.113121"><ele>303.861</ele><time>2021-07-28T11:25:39Z</time></trkpt><trkpt lat="41.412619" lon="2.113224"><ele>302.817</ele><time>2021-07-28T11:25:41Z</time></trkpt><trkpt lat="41.412527" lon="2.113317"><ele>302.908</ele><time>2021-07-28T11:25:43Z</time></trkpt><trkpt lat="41.412448" lon="2.113417"><ele>303.225</ele><time>2021-07-28T11:25:45Z</time></trkpt><trkpt lat="41.412409" lon="2.113481"><ele>303.537</ele><time>2021-07-28T11:25:46Z</time></trkpt><trkpt lat="41.412360" lon="2.113594"><ele>302.921</ele><time>2021-07-28T11:25:48Z</time></trkpt><trkpt lat="41.412313" lon="2.113642"><ele>302.425</ele><time>2021-07-28T11:25:49Z</time></trkpt><trkpt lat="41.412270" lon="2.113712"><ele>301.921</ele><time>2021-07-28T11:25:50Z</time></trkpt><trkpt lat="41.412224" lon="2.113827"><ele>301.133</ele><time>2021-07-28T11:25:52Z</time></trkpt><trkpt lat="41.412241" lon="2.113919"><ele>300.963</ele><time>2021-07-28T11:25:54Z</time></trkpt><trkpt lat="41.412230" lon="2.114036"><ele>300.678</ele><time>2021-07-28T11:25:56Z</time></trkpt><trkpt lat="41.412233" lon="2.114103"><ele>300.473</ele><time>2021-07-28T11:25:57Z</time></trkpt><trkpt lat="41.412263" lon="2.114186"><ele>299.085</ele><time>2021-07-28T11:25:59Z</time></trkpt><trkpt lat="41.412302" lon="2.114232"><ele>298.313</ele><time>2021-07-28T11:26:00Z</time></trkpt><trkpt lat="41.412352" lon="2.114304"><ele>297.508</ele><time>2021-07-28T11:26:02Z</time></trkpt><trkpt lat="41.412424" lon="2.114372"><ele>296.174</ele><time>2021-07-28T11:26:04Z</time></trkpt><trkpt lat="41.412499" lon="2.114384"><ele>295.246</ele><time>2021-07-28T11:26:06Z</time></trkpt><trkpt lat="41.412575" lon="2.114382"><ele>295.560</ele><time>2021-07-28T11:26:08Z</time></trkpt><trkpt lat="41.412622" lon="2.114388"><ele>296.094</ele><time>2021-07-28T11:26:09Z</time></trkpt><trkpt lat="41.412696" lon="2.114409"><ele>295.160</ele><time>2021-07-28T11:26:11Z</time></trkpt><trkpt lat="41.412786" lon="2.114417"><ele>293.892</ele><time>2021-07-28T11:26:13Z</time></trkpt><trkpt lat="41.412880" lon="2.114451"><ele>293.232</ele><time>2021-07-28T11:26:15Z</time></trkpt><trkpt lat="41.412924" lon="2.114472"><ele>293.417</ele><time>2021-07-28T11:26:16Z</time></trkpt><trkpt lat="41.413000" lon="2.114534"><ele>293.645</ele><time>2021-07-28T11:26:18Z</time></trkpt><trkpt lat="41.413068" lon="2.114625"><ele>293.947</ele><time>2021-07-28T11:26:20Z</time></trkpt><trkpt lat="41.413099" lon="2.114680"><ele>294.011</ele><time>2021-07-28T11:26:21Z</time></trkpt><trkpt lat="41.413130" lon="2.114807"><ele>293.808</ele><time>2021-07-28T11:26:23Z</time></trkpt><trkpt lat="41.413132" lon="2.114873"><ele>293.771</ele><time>2021-07-28T11:26:24Z</time></trkpt><trkpt lat="41.413135" lon="2.114946"><ele>294.043</ele><time>2021-07-28T11:26:25Z</time></trkpt><trkpt lat="41.413136" lon="2.115012"><ele>294.127</ele><time>2021-07-28T11:26:26Z</time></trkpt><trkpt lat="41.413163" lon="2.115143"><ele>294.271</ele><time>2021-07-28T11:26:28Z</time></trkpt><trkpt lat="41.413217" lon="2.115259"><ele>295.177</ele><time>2021-07-28T11:26:30Z</time></trkpt><trkpt lat="41.413267" lon="2.115303"><ele>295.079</ele><time>2021-07-28T11:26:31Z</time></trkpt><trkpt lat="41.413370" lon="2.115375"><ele>295.259</ele><time>2021-07-28T11:26:33Z</time></trkpt><trkpt lat="41.413459" lon="2.115419"><ele>295.184</ele><time>2021-07-28T11:26:35Z</time></trkpt><trkpt lat="41.413537" lon="2.115455"><ele>295.243</ele><time>2021-07-28T11:26:37Z</time></trkpt><trkpt lat="41.413601" lon="2.115478"><ele>294.764</ele><time>2021-07-28T11:26:39Z</time></trkpt><trkpt lat="41.413643" lon="2.115522"><ele>294.310</ele><time>2021-07-28T11:26:40Z</time></trkpt><trkpt lat="41.413719" lon="2.115587"><ele>293.908</ele><time>2021-07-28T11:26:42Z</time></trkpt><trkpt lat="41.413808" lon="2.115667"><ele>293.421</ele><time>2021-07-28T11:26:44Z</time></trkpt><trkpt lat="41.413900" lon="2.115735"><ele>293.523</ele><time>2021-07-28T11:26:46Z</time></trkpt><trkpt lat="41.413946" lon="2.115778"><ele>293.937</ele><time>2021-07-28T11:26:47Z</time></trkpt><trkpt lat="41.414056" lon="2.115875"><ele>294.121</ele><time>2021-07-28T11:26:49Z</time></trkpt><trkpt lat="41.414141" lon="2.115956"><ele>294.487</ele><time>2021-07-28T11:26:51Z</time></trkpt><trkpt lat="41.414178" lon="2.116005"><ele>294.749</ele><time>2021-07-28T11:26:52Z</time></trkpt><trkpt lat="41.414174" lon="2.116134"><ele>294.549</ele><time>2021-07-28T11:26:54Z</time></trkpt><trkpt lat="41.414165" lon="2.116210"><ele>294.764</ele><time>2021-07-28T11:26:55Z</time></trkpt><trkpt lat="41.414129" lon="2.116323"><ele>295.917</ele><time>2021-07-28T11:26:57Z</time></trkpt><trkpt lat="41.414081" lon="2.116355"><ele>295.787</ele><time>2021-07-28T11:26:58Z</time></trkpt><trkpt lat="41.414000" lon="2.116437"><ele>296.615</ele><time>2021-07-28T11:27:00Z</time></trkpt><trkpt lat="41.413904" lon="2.116477"><ele>296.908</ele><time>2021-07-28T11:27:02Z</time></trkpt><trkpt lat="41.413828" lon="2.116535"><ele>297.078</ele><time>2021-07-28T11:27:04Z</time></trkpt><trkpt lat="41.413773" lon="2.116558"><ele>297.230</ele><time>2021-07-28T11:27:05Z</time></trkpt><trkpt lat="41.413695" lon="2.116647"><ele>297.794</ele><time>2021-07-28T11:27:07Z</time></trkpt><trkpt lat="41.413652" lon="2.116690"><ele>298.298</ele><time>2021-07-28T11:27:08Z</time></trkpt><trkpt lat="41.413588" lon="2.116771"><ele>298.884</ele><time>2021-07-28T11:27:10Z</time></trkpt><trkpt lat="41.413555" lon="2.116827"><ele>299.576</ele><time>2021-07-28T11:27:11Z</time></trkpt><trkpt lat="41.413521" lon="2.116933"><ele>300.286</ele><time>2021-07-28T11:27:13Z</time></trkpt><trkpt lat="41.413496" lon="2.117043"><ele>300.891</ele><time>2021-07-28T11:27:15Z</time></trkpt><trkpt lat="41.413496" lon="2.117114"><ele>301.362</ele><time>2021-07-28T11:27:16Z</time></trkpt><trkpt lat="41.413492" lon="2.117237"><ele>301.683</ele><time>2021-07-28T11:27:18Z</time></trkpt><trkpt lat="41.413508" lon="2.117363"><ele>301.011</ele><time>2021-07-28T11:27:20Z</time></trkpt><trkpt lat="41.413559" lon="2.117482"><ele>300.708</ele><time>2021-07-28T11:27:22Z</time></trkpt><trkpt lat="41.413604" lon="2.117593"><ele>300.813</ele><time>2021-07-28T11:27:24Z</time></trkpt><trkpt lat="41.413642" lon="2.117706"><ele>300.945</ele><time>2021-07-28T11:27:26Z</time></trkpt><trkpt lat="41.413668" lon="2.117832"><ele>300.619</ele><time>2021-07-28T11:27:28Z</time></trkpt><trkpt lat="41.413699" lon="2.117944"><ele>299.763</ele><time>2021-07-28T11:27:30Z</time></trkpt><trkpt lat="41.413685" lon="2.118074"><ele>299.189</ele><time>2021-07-28T11:27:32Z</time></trkpt><trkpt lat="41.413679" lon="2.118201"><ele>299.111</ele><time>2021-07-28T11:27:34Z</time></trkpt><trkpt lat="41.413678" lon="2.118271"><ele>299.251</ele><time>2021-07-28T11:27:35Z</time></trkpt><trkpt lat="41.413671" lon="2.118347"><ele>299.636</ele><time>2021-07-28T11:27:36Z</time></trkpt><trkpt lat="41.413640" lon="2.118486"><ele>300.337</ele><time>2021-07-28T11:27:38Z</time></trkpt><trkpt lat="41.413575" lon="2.118585"><ele>301.149</ele><time>2021-07-28T11:27:40Z</time></trkpt><trkpt lat="41.413558" lon="2.118648"><ele>302.013</ele><time>2021-07-28T11:27:41Z</time></trkpt><trkpt lat="41.413522" lon="2.118731"><ele>302.108</ele><time>2021-07-28T11:27:43Z</time></trkpt><trkpt lat="41.413428" lon="2.118782"><ele>302.640</ele><time>2021-07-28T11:27:45Z</time></trkpt><trkpt lat="41.413321" lon="2.118808"><ele>303.882</ele><time>2021-07-28T11:27:47Z</time></trkpt><trkpt lat="41.413205" lon="2.118798"><ele>303.836</ele><time>2021-07-28T11:27:49Z</time></trkpt><trkpt lat="41.413112" lon="2.118782"><ele>304.170</ele><time>2021-07-28T11:27:51Z</time></trkpt><trkpt lat="41.413013" lon="2.118779"><ele>304.276</ele><time>2021-07-28T11:27:53Z</time></trkpt><trkpt lat="41.412962" lon="2.118773"><ele>304.028</ele><time>2021-07-28T11:27:54Z</time></trkpt><trkpt lat="41.412876" lon="2.118799"><ele>303.688</ele><time>2021-07-28T11:27:56Z</time></trkpt><trkpt lat="41.412829" lon="2.118808"><ele>303.713</ele><time>2021-07-28T11:27:57Z</time></trkpt><trkpt lat="41.412730" lon="2.118836"><ele>303.351</ele><time>2021-07-28T11:27:59Z</time></trkpt><trkpt lat="41.412683" lon="2.118865"><ele>303.001</ele><time>2021-07-28T11:28:00Z</time></trkpt><trkpt lat="41.412645" lon="2.118904"><ele>302.511</ele><time>2021-07-28T11:28:01Z</time></trkpt><trkpt lat="41.412604" lon="2.119010"><ele>302.108</ele><time>2021-07-28T11:28:03Z</time></trkpt><trkpt lat="41.412574" lon="2.119064"><ele>301.492</ele><time>2021-07-28T11:28:04Z</time></trkpt><trkpt lat="41.412561" lon="2.119129"><ele>301.144</ele><time>2021-07-28T11:28:05Z</time></trkpt><trkpt lat="41.412523" lon="2.119234"><ele>301.188</ele><time>2021-07-28T11:28:07Z</time></trkpt><trkpt lat="41.412487" lon="2.119323"><ele>301.652</ele><time>2021-07-28T11:28:09Z</time></trkpt><trkpt lat="41.412488" lon="2.119427"><ele>301.718</ele><time>2021-07-28T11:28:11Z</time></trkpt><trkpt lat="41.412504" lon="2.119515"><ele>302.330</ele><time>2021-07-28T11:28:13Z</time></trkpt><trkpt lat="41.412561" lon="2.119589"><ele>302.550</ele><time>2021-07-28T11:28:15Z</time></trkpt><trkpt lat="41.412644" lon="2.119615"><ele>302.725</ele><time>2021-07-28T11:28:17Z</time></trkpt><trkpt lat="41.412727" lon="2.119628"><ele>303.072</ele><time>2021-07-28T11:28:19Z</time></trkpt><trkpt lat="41.412803" lon="2.119627"><ele>303.413</ele><time>2021-07-28T11:28:21Z</time></trkpt><trkpt lat="41.412881" lon="2.119634"><ele>303.414</ele><time>2021-07-28T11:28:23Z</time></trkpt><trkpt lat="41.412946" lon="2.119623"><ele>303.808</ele><time>2021-07-28T11:28:25Z</time></trkpt><trkpt lat="41.413034" lon="2.119628"><ele>304.564</ele><time>2021-07-28T11:28:27Z</time></trkpt><trkpt lat="41.413102" lon="2.119624"><ele>304.446</ele><time>2021-07-28T11:28:29Z</time></trkpt><trkpt lat="41.413170" lon="2.119614"><ele>304.580</ele><time>2021-07-28T11:28:31Z</time></trkpt><trkpt lat="41.413233" lon="2.119589"><ele>304.594</ele><time>2021-07-28T11:28:33Z</time></trkpt><trkpt lat="41.413294" lon="2.119549"><ele>304.930</ele><time>2021-07-28T11:28:35Z</time></trkpt><trkpt lat="41.413350" lon="2.119497"><ele>305.082</ele><time>2021-07-28T11:28:37Z</time></trkpt><trkpt lat="41.413412" lon="2.119434"><ele>305.092</ele><time>2021-07-28T11:28:39Z</time></trkpt><trkpt lat="41.413477" lon="2.119373"><ele>305.327</ele><time>2021-07-28T11:28:41Z</time></trkpt><trkpt lat="41.413542" lon="2.119330"><ele>306.188</ele><time>2021-07-28T11:28:43Z</time></trkpt><trkpt lat="41.413611" lon="2.119298"><ele>306.424</ele><time>2021-07-28T11:28:45Z</time></trkpt><trkpt lat="41.413684" lon="2.119272"><ele>307.126</ele><time>2021-07-28T11:28:47Z</time></trkpt><trkpt lat="41.413757" lon="2.119251"><ele>307.208</ele><time>2021-07-28T11:28:49Z</time></trkpt><trkpt lat="41.413829" lon="2.119230"><ele>306.835</ele><time>2021-07-28T11:28:51Z</time></trkpt><trkpt lat="41.413912" lon="2.119209"><ele>306.657</ele><time>2021-07-28T11:28:53Z</time></trkpt><trkpt lat="41.413966" lon="2.119194"><ele>306.561</ele><time>2021-07-28T11:28:54Z</time></trkpt><trkpt lat="41.414052" lon="2.119151"><ele>306.645</ele><time>2021-07-28T11:28:56Z</time></trkpt><trkpt lat="41.414101" lon="2.119127"><ele>306.791</ele><time>2021-07-28T11:28:57Z</time></trkpt><trkpt lat="41.414197" lon="2.119076"><ele>306.883</ele><time>2021-07-28T11:28:59Z</time></trkpt><trkpt lat="41.414306" lon="2.119027"><ele>307.253</ele><time>2021-07-28T11:29:01Z</time></trkpt><trkpt lat="41.414350" lon="2.118989"><ele>307.388</ele><time>2021-07-28T11:29:02Z</time></trkpt><trkpt lat="41.414396" lon="2.118959"><ele>307.374</ele><time>2021-07-28T11:29:03Z</time></trkpt><trkpt lat="41.414473" lon="2.118876"><ele>306.956</ele><time>2021-07-28T11:29:05Z</time></trkpt><trkpt lat="41.414564" lon="2.118878"><ele>307.721</ele><time>2021-07-28T11:29:07Z</time></trkpt><trkpt lat="41.414635" lon="2.118846"><ele>308.408</ele><time>2021-07-28T11:29:09Z</time></trkpt><trkpt lat="41.414716" lon="2.118844"><ele>309.084</ele><time>2021-07-28T11:29:11Z</time></trkpt><trkpt lat="41.414797" lon="2.118880"><ele>309.636</ele><time>2021-07-28T11:29:13Z</time></trkpt><trkpt lat="41.414872" lon="2.118949"><ele>309.870</ele><time>2021-07-28T11:29:15Z</time></trkpt><trkpt lat="41.414903" lon="2.119002"><ele>309.924</ele><time>2021-07-28T11:29:16Z</time></trkpt><trkpt lat="41.414917" lon="2.119135"><ele>308.320</ele><time>2021-07-28T11:29:18Z</time></trkpt><trkpt lat="41.414951" lon="2.119261"><ele>308.112</ele><time>2021-07-28T11:29:20Z</time></trkpt><trkpt lat="41.414957" lon="2.119341"><ele>308.452</ele><time>2021-07-28T11:29:21Z</time></trkpt><trkpt lat="41.414972" lon="2.119472"><ele>308.067</ele><time>2021-07-28T11:29:23Z</time></trkpt><trkpt lat="41.414970" lon="2.119608"><ele>308.515</ele><time>2021-07-28T11:29:25Z</time></trkpt><trkpt lat="41.414964" lon="2.119673"><ele>308.965</ele><time>2021-07-28T11:29:26Z</time></trkpt><trkpt lat="41.414948" lon="2.119788"><ele>308.911</ele><time>2021-07-28T11:29:28Z</time></trkpt><trkpt lat="41.414930" lon="2.119928"><ele>308.608</ele><time>2021-07-28T11:29:30Z</time></trkpt><trkpt lat="41.414936" lon="2.119996"><ele>308.548</ele><time>2021-07-28T11:29:31Z</time></trkpt><trkpt lat="41.414906" lon="2.120077"><ele>307.180</ele><time>2021-07-28T11:29:33Z</time></trkpt><trkpt lat="41.414912" lon="2.120153"><ele>306.684</ele><time>2021-07-28T11:29:34Z</time></trkpt><trkpt lat="41.414969" lon="2.120258"><ele>306.218</ele><time>2021-07-28T11:29:36Z</time></trkpt><trkpt lat="41.415013" lon="2.120297"><ele>306.014</ele><time>2021-07-28T11:29:37Z</time></trkpt><trkpt lat="41.415056" lon="2.120320"><ele>305.856</ele><time>2021-07-28T11:29:38Z</time></trkpt><trkpt lat="41.415116" lon="2.120313"><ele>305.596</ele><time>2021-07-28T11:29:39Z</time></trkpt><trkpt lat="41.415211" lon="2.120267"><ele>305.021</ele><time>2021-07-28T11:29:41Z</time></trkpt><trkpt lat="41.415253" lon="2.120235"><ele>304.553</ele><time>2021-07-28T11:29:42Z</time></trkpt><trkpt lat="41.415327" lon="2.120196"><ele>304.204</ele><time>2021-07-28T11:29:44Z</time></trkpt><trkpt lat="41.415369" lon="2.120166"><ele>303.514</ele><time>2021-07-28T11:29:45Z</time></trkpt><trkpt lat="41.415439" lon="2.120121"><ele>303.208</ele><time>2021-07-28T11:29:47Z</time></trkpt><trkpt lat="41.415504" lon="2.120052"><ele>302.772</ele><time>2021-07-28T11:29:49Z</time></trkpt><trkpt lat="41.415586" lon="2.120020"><ele>302.444</ele><time>2021-07-28T11:29:51Z</time></trkpt><trkpt lat="41.415670" lon="2.120004"><ele>302.768</ele><time>2021-07-28T11:29:53Z</time></trkpt><trkpt lat="41.415715" lon="2.119998"><ele>302.552</ele><time>2021-07-28T11:29:54Z</time></trkpt><trkpt lat="41.415806" lon="2.119990"><ele>302.348</ele><time>2021-07-28T11:29:56Z</time></trkpt><trkpt lat="41.415852" lon="2.119990"><ele>302.850</ele><time>2021-07-28T11:29:57Z</time></trkpt><trkpt lat="41.415940" lon="2.119995"><ele>303.170</ele><time>2021-07-28T11:29:59Z</time></trkpt><trkpt lat="41.416028" lon="2.120019"><ele>303.255</ele><time>2021-07-28T11:30:01Z</time></trkpt><trkpt lat="41.416102" lon="2.120076"><ele>302.721</ele><time>2021-07-28T11:30:03Z</time></trkpt><trkpt lat="41.416152" lon="2.120149"><ele>302.441</ele><time>2021-07-28T11:30:05Z</time></trkpt><trkpt lat="41.416177" lon="2.120265"><ele>302.405</ele><time>2021-07-28T11:30:07Z</time></trkpt><trkpt lat="41.416130" lon="2.120394"><ele>302.708</ele><time>2021-07-28T11:30:08Z</time></trkpt><trkpt lat="41.416060" lon="2.120472"><ele>302.529</ele><time>2021-07-28T11:30:10Z</time></trkpt><trkpt lat="41.416004" lon="2.120571"><ele>302.071</ele><time>2021-07-28T11:30:12Z</time></trkpt><trkpt lat="41.415941" lon="2.120667"><ele>302.385</ele><time>2021-07-28T11:30:14Z</time></trkpt><trkpt lat="41.415939" lon="2.120735"><ele>302.969</ele><time>2021-07-28T11:30:15Z</time></trkpt><trkpt lat="41.415971" lon="2.120836"><ele>303.335</ele><time>2021-07-28T11:30:17Z</time></trkpt><trkpt lat="41.416005" lon="2.120888"><ele>303.977</ele><time>2021-07-28T11:30:18Z</time></trkpt><trkpt lat="41.416096" lon="2.120955"><ele>302.947</ele><time>2021-07-28T11:30:20Z</time></trkpt><trkpt lat="41.416139" lon="2.120992"><ele>302.462</ele><time>2021-07-28T11:30:21Z</time></trkpt><trkpt lat="41.416231" lon="2.121037"><ele>302.974</ele><time>2021-07-28T11:30:23Z</time></trkpt><trkpt lat="41.416281" lon="2.121054"><ele>302.756</ele><time>2021-07-28T11:30:24Z</time></trkpt><trkpt lat="41.416398" lon="2.121095"><ele>302.021</ele><time>2021-07-28T11:30:26Z</time></trkpt><trkpt lat="41.416449" lon="2.121116"><ele>301.308</ele><time>2021-07-28T11:30:27Z</time></trkpt><trkpt lat="41.416552" lon="2.121178"><ele>301.154</ele><time>2021-07-28T11:30:29Z</time></trkpt><trkpt lat="41.416601" lon="2.121213"><ele>300.566</ele><time>2021-07-28T11:30:30Z</time></trkpt><trkpt lat="41.416690" lon="2.121255"><ele>299.430</ele><time>2021-07-28T11:30:32Z</time></trkpt><trkpt lat="41.416729" lon="2.121288"><ele>301.534</ele><time>2021-07-28T11:30:33Z</time></trkpt><trkpt lat="41.416771" lon="2.121321"><ele>301.230</ele><time>2021-07-28T11:30:34Z</time></trkpt><trkpt lat="41.416843" lon="2.121396"><ele>300.062</ele><time>2021-07-28T11:30:36Z</time></trkpt><trkpt lat="41.416895" lon="2.121485"><ele>299.322</ele><time>2021-07-28T11:30:38Z</time></trkpt><trkpt lat="41.416935" lon="2.121582"><ele>301.987</ele><time>2021-07-28T11:30:40Z</time></trkpt><trkpt lat="41.416872" lon="2.121630"><ele>302.285</ele><time>2021-07-28T11:30:42Z</time></trkpt><trkpt lat="41.416804" lon="2.121678"><ele>301.389</ele><time>2021-07-28T11:30:44Z</time></trkpt><trkpt lat="41.416724" lon="2.121693"><ele>300.917</ele><time>2021-07-28T11:30:46Z</time></trkpt><trkpt lat="41.416672" lon="2.121682"><ele>300.708</ele><time>2021-07-28T11:30:47Z</time></trkpt><trkpt lat="41.416592" lon="2.121679"><ele>299.915</ele><time>2021-07-28T11:30:49Z</time></trkpt><trkpt lat="41.416543" lon="2.121679"><ele>299.587</ele><time>2021-07-28T11:30:50Z</time></trkpt><trkpt lat="41.416457" lon="2.121703"><ele>298.991</ele><time>2021-07-28T11:30:52Z</time></trkpt><trkpt lat="41.416372" lon="2.121748"><ele>298.195</ele><time>2021-07-28T11:30:54Z</time></trkpt><trkpt lat="41.416331" lon="2.121783"><ele>297.511</ele><time>2021-07-28T11:30:55Z</time></trkpt><trkpt lat="41.416282" lon="2.121822"><ele>297.263</ele><time>2021-07-28T11:30:56Z</time></trkpt><trkpt lat="41.416246" lon="2.121866"><ele>299.953</ele><time>2021-07-28T11:30:57Z</time></trkpt><trkpt lat="41.416195" lon="2.121971"><ele>300.188</ele><time>2021-07-28T11:30:59Z</time></trkpt><trkpt lat="41.416167" lon="2.122086"><ele>299.576</ele><time>2021-07-28T11:31:01Z</time></trkpt><trkpt lat="41.416147" lon="2.122143"><ele>301.790</ele><time>2021-07-28T11:31:02Z</time></trkpt><trkpt lat="41.416105" lon="2.122171"><ele>302.219</ele><time>2021-07-28T11:31:03Z</time></trkpt><trkpt lat="41.416017" lon="2.122207"><ele>302.108</ele><time>2021-07-28T11:31:05Z</time></trkpt><trkpt lat="41.415921" lon="2.122198"><ele>302.344</ele><time>2021-07-28T11:31:07Z</time></trkpt><trkpt lat="41.415840" lon="2.122215"><ele>301.696</ele><time>2021-07-28T11:31:09Z</time></trkpt><trkpt lat="41.415742" lon="2.122212"><ele>300.810</ele><time>2021-07-28T11:31:11Z</time></trkpt><trkpt lat="41.415703" lon="2.122247"><ele>300.324</ele><time>2021-07-28T11:31:12Z</time></trkpt><trkpt lat="41.415613" lon="2.122307"><ele>302.450</ele><time>2021-07-28T11:31:14Z</time></trkpt><trkpt lat="41.415519" lon="2.122369"><ele>302.812</ele><time>2021-07-28T11:31:16Z</time></trkpt><trkpt lat="41.415430" lon="2.122402"><ele>303.012</ele><time>2021-07-28T11:31:18Z</time></trkpt><trkpt lat="41.415336" lon="2.122378"><ele>304.827</ele><time>2021-07-28T11:31:20Z</time></trkpt><trkpt lat="41.415289" lon="2.122371"><ele>305.368</ele><time>2021-07-28T11:31:21Z</time></trkpt><trkpt lat="41.415201" lon="2.122419"><ele>305.042</ele><time>2021-07-28T11:31:23Z</time></trkpt><trkpt lat="41.415140" lon="2.122461"><ele>304.126</ele><time>2021-07-28T11:31:25Z</time></trkpt><trkpt lat="41.415095" lon="2.122532"><ele>305.108</ele><time>2021-07-28T11:31:27Z</time></trkpt><trkpt lat="41.415076" lon="2.122628"><ele>306.323</ele><time>2021-07-28T11:31:29Z</time></trkpt><trkpt lat="41.415087" lon="2.122735"><ele>305.775</ele><time>2021-07-28T11:31:31Z</time></trkpt><trkpt lat="41.415138" lon="2.122824"><ele>305.439</ele><time>2021-07-28T11:31:33Z</time></trkpt><trkpt lat="41.415208" lon="2.122894"><ele>304.313</ele><time>2021-07-28T11:31:35Z</time></trkpt><trkpt lat="41.415273" lon="2.122960"><ele>303.189</ele><time>2021-07-28T11:31:37Z</time></trkpt><trkpt lat="41.415329" lon="2.123038"><ele>302.861</ele><time>2021-07-28T11:31:39Z</time></trkpt><trkpt lat="41.415359" lon="2.123142"><ele>302.931</ele><time>2021-07-28T11:31:41Z</time></trkpt><trkpt lat="41.415339" lon="2.123252"><ele>302.776</ele><time>2021-07-28T11:31:43Z</time></trkpt><trkpt lat="41.415304" lon="2.123293"><ele>302.259</ele><time>2021-07-28T11:31:44Z</time></trkpt><trkpt lat="41.415218" lon="2.123334"><ele>301.803</ele><time>2021-07-28T11:31:46Z</time></trkpt><trkpt lat="41.415170" lon="2.123347"><ele>301.823</ele><time>2021-07-28T11:31:47Z</time></trkpt><trkpt lat="41.415074" lon="2.123371"><ele>304.008</ele><time>2021-07-28T11:31:49Z</time></trkpt><trkpt lat="41.414986" lon="2.123384"><ele>303.972</ele><time>2021-07-28T11:31:50Z</time></trkpt><trkpt lat="41.414887" lon="2.123409"><ele>303.644</ele><time>2021-07-28T11:31:52Z</time></trkpt><trkpt lat="41.414803" lon="2.123395"><ele>302.598</ele><time>2021-07-28T11:31:54Z</time></trkpt><trkpt lat="41.414755" lon="2.123388"><ele>302.212</ele><time>2021-07-28T11:31:55Z</time></trkpt><trkpt lat="41.414671" lon="2.123369"><ele>302.558</ele><time>2021-07-28T11:31:57Z</time></trkpt><trkpt lat="41.414624" lon="2.123357"><ele>303.130</ele><time>2021-07-28T11:31:58Z</time></trkpt><trkpt lat="41.414546" lon="2.123322"><ele>303.650</ele><time>2021-07-28T11:32:00Z</time></trkpt><trkpt lat="41.414462" lon="2.123309"><ele>303.865</ele><time>2021-07-28T11:32:02Z</time></trkpt><trkpt lat="41.414379" lon="2.123279"><ele>304.392</ele><time>2021-07-28T11:32:04Z</time></trkpt><trkpt lat="41.414302" lon="2.123257"><ele>305.173</ele><time>2021-07-28T11:32:06Z</time></trkpt><trkpt lat="41.414216" lon="2.123223"><ele>305.720</ele><time>2021-07-28T11:32:08Z</time></trkpt><trkpt lat="41.414136" lon="2.123218"><ele>305.408</ele><time>2021-07-28T11:32:10Z</time></trkpt><trkpt lat="41.414049" lon="2.123225"><ele>305.236</ele><time>2021-07-28T11:32:12Z</time></trkpt><trkpt lat="41.413952" lon="2.123254"><ele>305.378</ele><time>2021-07-28T11:32:14Z</time></trkpt><trkpt lat="41.413878" lon="2.123308"><ele>305.442</ele><time>2021-07-28T11:32:16Z</time></trkpt><trkpt lat="41.413822" lon="2.123385"><ele>305.816</ele><time>2021-07-28T11:32:18Z</time></trkpt><trkpt lat="41.413773" lon="2.123464"><ele>305.922</ele><time>2021-07-28T11:32:20Z</time></trkpt><trkpt lat="41.413730" lon="2.123554"><ele>305.954</ele><time>2021-07-28T11:32:22Z</time></trkpt><trkpt lat="41.413702" lon="2.123657"><ele>305.444</ele><time>2021-07-28T11:32:24Z</time></trkpt><trkpt lat="41.413669" lon="2.123762"><ele>304.879</ele><time>2021-07-28T11:32:26Z</time></trkpt><trkpt lat="41.413649" lon="2.123873"><ele>304.474</ele><time>2021-07-28T11:32:28Z</time></trkpt><trkpt lat="41.413635" lon="2.123999"><ele>304.456</ele><time>2021-07-28T11:32:30Z</time></trkpt><trkpt lat="41.413634" lon="2.124123"><ele>304.721</ele><time>2021-07-28T11:32:32Z</time></trkpt><trkpt lat="41.413641" lon="2.124183"><ele>304.908</ele><time>2021-07-28T11:32:33Z</time></trkpt><trkpt lat="41.413675" lon="2.124280"><ele>304.994</ele><time>2021-07-28T11:32:35Z</time></trkpt><trkpt lat="41.413711" lon="2.124380"><ele>304.796</ele><time>2021-07-28T11:32:37Z</time></trkpt><trkpt lat="41.413743" lon="2.124430"><ele>304.410</ele><time>2021-07-28T11:32:38Z</time></trkpt><trkpt lat="41.413788" lon="2.124521"><ele>304.354</ele><time>2021-07-28T11:32:40Z</time></trkpt><trkpt lat="41.413829" lon="2.124611"><ele>304.260</ele><time>2021-07-28T11:32:42Z</time></trkpt><trkpt lat="41.413871" lon="2.124712"><ele>304.142</ele><time>2021-07-28T11:32:44Z</time></trkpt><trkpt lat="41.413910" lon="2.124817"><ele>304.092</ele><time>2021-07-28T11:32:46Z</time></trkpt><trkpt lat="41.413937" lon="2.124917"><ele>303.927</ele><time>2021-07-28T11:32:48Z</time></trkpt><trkpt lat="41.413955" lon="2.125007"><ele>304.056</ele><time>2021-07-28T11:32:50Z</time></trkpt><trkpt lat="41.413974" lon="2.125089"><ele>304.559</ele><time>2021-07-28T11:32:52Z</time></trkpt><trkpt lat="41.413988" lon="2.125179"><ele>304.714</ele><time>2021-07-28T11:32:54Z</time></trkpt><trkpt lat="41.413993" lon="2.125278"><ele>305.008</ele><time>2021-07-28T11:32:56Z</time></trkpt><trkpt lat="41.413991" lon="2.125377"><ele>304.882</ele><time>2021-07-28T11:32:58Z</time></trkpt><trkpt lat="41.414002" lon="2.125459"><ele>304.314</ele><time>2021-07-28T11:33:00Z</time></trkpt><trkpt lat="41.414043" lon="2.125536"><ele>303.238</ele><time>2021-07-28T11:33:02Z</time></trkpt><trkpt lat="41.414107" lon="2.125584"><ele>302.822</ele><time>2021-07-28T11:33:04Z</time></trkpt><trkpt lat="41.414181" lon="2.125568"><ele>302.768</ele><time>2021-07-28T11:33:06Z</time></trkpt><trkpt lat="41.414259" lon="2.125494"><ele>302.780</ele><time>2021-07-28T11:33:08Z</time></trkpt><trkpt lat="41.414294" lon="2.125451"><ele>302.790</ele><time>2021-07-28T11:33:09Z</time></trkpt><trkpt lat="41.414328" lon="2.125409"><ele>302.735</ele><time>2021-07-28T11:33:10Z</time></trkpt><trkpt lat="41.414394" lon="2.125340"><ele>302.656</ele><time>2021-07-28T11:33:12Z</time></trkpt><trkpt lat="41.414459" lon="2.125293"><ele>302.659</ele><time>2021-07-28T11:33:14Z</time></trkpt><trkpt lat="41.414526" lon="2.125252"><ele>302.614</ele><time>2021-07-28T11:33:16Z</time></trkpt><trkpt lat="41.414586" lon="2.125224"><ele>302.508</ele><time>2021-07-28T11:33:18Z</time></trkpt><trkpt lat="41.414646" lon="2.125201"><ele>302.782</ele><time>2021-07-28T11:33:20Z</time></trkpt><trkpt lat="41.414705" lon="2.125164"><ele>302.624</ele><time>2021-07-28T11:33:22Z</time></trkpt><trkpt lat="41.414766" lon="2.125133"><ele>302.918</ele><time>2021-07-28T11:33:24Z</time></trkpt><trkpt lat="41.414835" lon="2.125119"><ele>303.022</ele><time>2021-07-28T11:33:26Z</time></trkpt><trkpt lat="41.414903" lon="2.125108"><ele>303.548</ele><time>2021-07-28T11:33:28Z</time></trkpt><trkpt lat="41.414984" lon="2.125108"><ele>304.410</ele><time>2021-07-28T11:33:30Z</time></trkpt><trkpt lat="41.415056" lon="2.125135"><ele>304.490</ele><time>2021-07-28T11:33:32Z</time></trkpt><trkpt lat="41.415145" lon="2.125224"><ele>304.765</ele><time>2021-07-28T11:33:34Z</time></trkpt><trkpt lat="41.415228" lon="2.125257"><ele>305.049</ele><time>2021-07-28T11:33:36Z</time></trkpt><trkpt lat="41.415281" lon="2.125286"><ele>305.002</ele><time>2021-07-28T11:33:39Z</time></trkpt><trkpt lat="41.415376" lon="2.125348"><ele>305.222</ele><time>2021-07-28T11:33:41Z</time></trkpt><trkpt lat="41.415432" lon="2.125391"><ele>303.608</ele><time>2021-07-28T11:33:43Z</time></trkpt><trkpt lat="41.415536" lon="2.125472"><ele>301.831</ele><time>2021-07-28T11:33:45Z</time></trkpt><trkpt lat="41.415600" lon="2.125509"><ele>300.293</ele><time>2021-07-28T11:33:47Z</time></trkpt><trkpt lat="41.415669" lon="2.125564"><ele>300.557</ele><time>2021-07-28T11:33:49Z</time></trkpt><trkpt lat="41.415730" lon="2.125649"><ele>300.881</ele><time>2021-07-28T11:33:51Z</time></trkpt><trkpt lat="41.415773" lon="2.125756"><ele>301.837</ele><time>2021-07-28T11:33:53Z</time></trkpt><trkpt lat="41.415818" lon="2.125889"><ele>302.789</ele><time>2021-07-28T11:33:55Z</time></trkpt><trkpt lat="41.415848" lon="2.125970"><ele>302.219</ele><time>2021-07-28T11:33:57Z</time></trkpt><trkpt lat="41.415872" lon="2.126026"><ele>302.464</ele><time>2021-07-28T11:33:58Z</time></trkpt><trkpt lat="41.415909" lon="2.126127"><ele>303.141</ele><time>2021-07-28T11:34:00Z</time></trkpt><trkpt lat="41.415950" lon="2.126233"><ele>303.981</ele><time>2021-07-28T11:34:02Z</time></trkpt><trkpt lat="41.415993" lon="2.126272"><ele>304.109</ele><time>2021-07-28T11:34:03Z</time></trkpt><trkpt lat="41.416094" lon="2.126335"><ele>304.708</ele><time>2021-07-28T11:34:05Z</time></trkpt><trkpt lat="41.416139" lon="2.126361"><ele>305.251</ele><time>2021-07-28T11:34:06Z</time></trkpt><trkpt lat="41.416208" lon="2.126401"><ele>305.823</ele><time>2021-07-28T11:34:08Z</time></trkpt><trkpt lat="41.416269" lon="2.126430"><ele>306.157</ele><time>2021-07-28T11:34:09Z</time></trkpt><trkpt lat="41.416340" lon="2.126452"><ele>306.611</ele><time>2021-07-28T11:34:11Z</time></trkpt><trkpt lat="41.416432" lon="2.126505"><ele>307.497</ele><time>2021-07-28T11:34:13Z</time></trkpt><trkpt lat="41.416510" lon="2.126535"><ele>308.229</ele><time>2021-07-28T11:34:15Z</time></trkpt><trkpt lat="41.416567" lon="2.126566"><ele>308.969</ele><time>2021-07-28T11:34:16Z</time></trkpt><trkpt lat="41.416612" lon="2.126615"><ele>309.154</ele><time>2021-07-28T11:34:18Z</time></trkpt><trkpt lat="41.416676" lon="2.126676"><ele>308.972</ele><time>2021-07-28T11:34:19Z</time></trkpt><trkpt lat="41.416756" lon="2.126702"><ele>308.813</ele><time>2021-07-28T11:34:20Z</time></trkpt><trkpt lat="41.416809" lon="2.126680"><ele>308.414</ele><time>2021-07-28T11:34:22Z</time></trkpt><trkpt lat="41.416896" lon="2.126779"><ele>307.508</ele><time>2021-07-28T11:34:24Z</time></trkpt><trkpt lat="41.416854" lon="2.126933"><ele>306.324</ele><time>2021-07-28T11:34:26Z</time></trkpt><trkpt lat="41.416810" lon="2.126965"><ele>305.796</ele><time>2021-07-28T11:34:27Z</time></trkpt><trkpt lat="41.416838" lon="2.127101"><ele>305.790</ele><time>2021-07-28T11:34:29Z</time></trkpt><trkpt lat="41.416813" lon="2.127242"><ele>305.074</ele><time>2021-07-28T11:34:31Z</time></trkpt><trkpt lat="41.416753" lon="2.127350"><ele>303.560</ele><time>2021-07-28T11:34:33Z</time></trkpt><trkpt lat="41.416732" lon="2.127474"><ele>301.712</ele><time>2021-07-28T11:34:35Z</time></trkpt><trkpt lat="41.416697" lon="2.127546"><ele>299.722</ele><time>2021-07-28T11:34:37Z</time></trkpt><trkpt lat="41.416670" lon="2.127600"><ele>298.617</ele><time>2021-07-28T11:34:38Z</time></trkpt><trkpt lat="41.416650" lon="2.127710"><ele>298.542</ele><time>2021-07-28T11:34:40Z</time></trkpt><trkpt lat="41.416650" lon="2.127777"><ele>298.522</ele><time>2021-07-28T11:34:41Z</time></trkpt><trkpt lat="41.416636" lon="2.127869"><ele>298.514</ele><time>2021-07-28T11:34:43Z</time></trkpt><trkpt lat="41.416619" lon="2.127975"><ele>299.608</ele><time>2021-07-28T11:34:45Z</time></trkpt><trkpt lat="41.416638" lon="2.128040"><ele>299.671</ele><time>2021-07-28T11:34:46Z</time></trkpt><trkpt lat="41.416637" lon="2.128105"><ele>299.733</ele><time>2021-07-28T11:34:47Z</time></trkpt><trkpt lat="41.416666" lon="2.128220"><ele>300.087</ele><time>2021-07-28T11:34:49Z</time></trkpt><trkpt lat="41.416667" lon="2.128313"><ele>300.221</ele><time>2021-07-28T11:34:51Z</time></trkpt><trkpt lat="41.416679" lon="2.128387"><ele>301.337</ele><time>2021-07-28T11:34:53Z</time></trkpt><trkpt lat="41.416691" lon="2.128460"><ele>301.449</ele><time>2021-07-28T11:34:55Z</time></trkpt><trkpt lat="41.416730" lon="2.128531"><ele>301.619</ele><time>2021-07-28T11:34:57Z</time></trkpt><trkpt lat="41.416787" lon="2.128592"><ele>302.684</ele><time>2021-07-28T11:34:59Z</time></trkpt><trkpt lat="41.416848" lon="2.128640"><ele>303.358</ele><time>2021-07-28T11:35:01Z</time></trkpt><trkpt lat="41.416904" lon="2.128677"><ele>304.552</ele><time>2021-07-28T11:35:03Z</time></trkpt><trkpt lat="41.416951" lon="2.128710"><ele>305.617</ele><time>2021-07-28T11:35:05Z</time></trkpt><trkpt lat="41.417006" lon="2.128744"><ele>306.108</ele><time>2021-07-28T11:35:07Z</time></trkpt><trkpt lat="41.417075" lon="2.128771"><ele>306.492</ele><time>2021-07-28T11:35:09Z</time></trkpt><trkpt lat="41.417142" lon="2.128802"><ele>306.844</ele><time>2021-07-28T11:35:11Z</time></trkpt><trkpt lat="41.417188" lon="2.128823"><ele>307.238</ele><time>2021-07-28T11:35:13Z</time></trkpt><trkpt lat="41.417241" lon="2.128866"><ele>307.792</ele><time>2021-07-28T11:35:16Z</time></trkpt><trkpt lat="41.417286" lon="2.128891"><ele>308.568</ele><time>2021-07-28T11:35:18Z</time></trkpt><trkpt lat="41.417336" lon="2.128886"><ele>308.670</ele><time>2021-07-28T11:35:20Z</time></trkpt><trkpt lat="41.417382" lon="2.128901"><ele>309.020</ele><time>2021-07-28T11:35:22Z</time></trkpt><trkpt lat="41.417428" lon="2.128938"><ele>308.175</ele><time>2021-07-28T11:35:24Z</time></trkpt><trkpt lat="41.417478" lon="2.128958"><ele>307.355</ele><time>2021-07-28T11:35:27Z</time></trkpt><trkpt lat="41.417465" lon="2.128897"><ele>306.207</ele><time>2021-07-28T11:35:32Z</time></trkpt><trkpt lat="41.417525" lon="2.128823"><ele>305.017</ele><time>2021-07-28T11:36:16Z</time></trkpt><trkpt lat="41.417566" lon="2.128790"><ele>304.708</ele><time>2021-07-28T11:36:17Z</time></trkpt><trkpt lat="41.417611" lon="2.128758"><ele>304.932</ele><time>2021-07-28T11:36:18Z</time></trkpt><trkpt lat="41.417702" lon="2.128681"><ele>305.064</ele><time>2021-07-28T11:36:20Z</time></trkpt><trkpt lat="41.417782" lon="2.128609"><ele>305.948</ele><time>2021-07-28T11:36:22Z</time></trkpt><trkpt lat="41.417857" lon="2.128535"><ele>306.412</ele><time>2021-07-28T11:36:24Z</time></trkpt><trkpt lat="41.417921" lon="2.128451"><ele>306.678</ele><time>2021-07-28T11:36:26Z</time></trkpt><trkpt lat="41.417953" lon="2.128405"><ele>306.890</ele><time>2021-07-28T11:36:27Z</time></trkpt><trkpt lat="41.417991" lon="2.128315"><ele>306.410</ele><time>2021-07-28T11:36:29Z</time></trkpt><trkpt lat="41.418024" lon="2.128233"><ele>306.575</ele><time>2021-07-28T11:36:31Z</time></trkpt><trkpt lat="41.418079" lon="2.128160"><ele>306.162</ele><time>2021-07-28T11:36:33Z</time></trkpt><trkpt lat="41.418146" lon="2.128080"><ele>306.583</ele><time>2021-07-28T11:36:35Z</time></trkpt><trkpt lat="41.418180" lon="2.128039"><ele>307.011</ele><time>2021-07-28T11:36:36Z</time></trkpt><trkpt lat="41.418247" lon="2.127959"><ele>307.908</ele><time>2021-07-28T11:36:38Z</time></trkpt><trkpt lat="41.418326" lon="2.127911"><ele>308.453</ele><time>2021-07-28T11:36:40Z</time></trkpt><trkpt lat="41.418412" lon="2.127891"><ele>309.055</ele><time>2021-07-28T11:36:42Z</time></trkpt><trkpt lat="41.418505" lon="2.127905"><ele>309.119</ele><time>2021-07-28T11:36:44Z</time></trkpt><trkpt lat="41.418584" lon="2.127965"><ele>310.083</ele><time>2021-07-28T11:36:46Z</time></trkpt><trkpt lat="41.418615" lon="2.128012"><ele>310.779</ele><time>2021-07-28T11:36:47Z</time></trkpt><trkpt lat="41.418642" lon="2.128060"><ele>310.821</ele><time>2021-07-28T11:36:48Z</time></trkpt><trkpt lat="41.418705" lon="2.128157"><ele>310.661</ele><time>2021-07-28T11:36:50Z</time></trkpt><trkpt lat="41.418741" lon="2.128202"><ele>310.446</ele><time>2021-07-28T11:36:51Z</time></trkpt><trkpt lat="41.418814" lon="2.128280"><ele>309.538</ele><time>2021-07-28T11:36:53Z</time></trkpt><trkpt lat="41.418890" lon="2.128314"><ele>308.770</ele><time>2021-07-28T11:36:55Z</time></trkpt><trkpt lat="41.418969" lon="2.128284"><ele>308.217</ele><time>2021-07-28T11:36:57Z</time></trkpt><trkpt lat="41.419039" lon="2.128239"><ele>307.908</ele><time>2021-07-28T11:36:59Z</time></trkpt><trkpt lat="41.419100" lon="2.128174"><ele>307.450</ele><time>2021-07-28T11:37:01Z</time></trkpt><trkpt lat="41.419147" lon="2.128085"><ele>307.122</ele><time>2021-07-28T11:37:03Z</time></trkpt><trkpt lat="41.419171" lon="2.127978"><ele>307.566</ele><time>2021-07-28T11:37:05Z</time></trkpt><trkpt lat="41.419186" lon="2.127870"><ele>307.220</ele><time>2021-07-28T11:37:07Z</time></trkpt><trkpt lat="41.419197" lon="2.127781"><ele>307.596</ele><time>2021-07-28T11:37:09Z</time></trkpt><trkpt lat="41.419210" lon="2.127709"><ele>307.928</ele><time>2021-07-28T11:37:11Z</time></trkpt><trkpt lat="41.419228" lon="2.127654"><ele>308.788</ele><time>2021-07-28T11:37:15Z</time></trkpt><trkpt lat="41.419254" lon="2.127597"><ele>309.463</ele><time>2021-07-28T11:37:17Z</time></trkpt><trkpt lat="41.419276" lon="2.127538"><ele>309.873</ele><time>2021-07-28T11:37:19Z</time></trkpt></trkseg></trk></gpx>