<gpx xmlns="http://www.topografix.com/GPX/1/1" xmlns:xsi="http://www.w3.org/2001/XMLSchema-instance" xsi:schemaLocation="http://www.topografix.com/GPX/1/1 http://www.topografix.com/GPX/1/1/gpx.xsd" version="1.1" creator="OpenLayers"><trk><name>Camping Izarpe_Carretera_Ruta 3_Irurtzun y Lekunberri</name><trkseg><trkpt lat="42.93744564056397" lon="-1.6929030418396018"><ele>552.53997803</ele></trkpt><trkpt lat="42.93744404148897" lon="-1.692932821891422"><ele>552.63000488</ele></trkpt><trkpt lat="42.937430915760075" lon="-1.6931772607453153"><ele>552.84002686</ele></trkpt><trkpt lat="42.937417789507684" lon="-1.6934216995080706"><ele>553.03997803</ele></trkpt><trkpt lat="42.9374046627318" lon="-1.693666138179693"><ele>553.05999756</ele></trkpt><trkpt lat="42.937391535432425" lon="-1.6939105767601506"><ele>552.88000488</ele></trkpt><trkpt lat="42.93737840760954" lon="-1.694155015249462"><ele>552.70001221</ele></trkpt><trkpt lat="42.93736527926317" lon="-1.694399453647596"><ele>552.63000488</ele></trkpt><trkpt lat="42.93735215039328" lon="-1.6946438919545566"><ele>552.5300293</ele></trkpt><trkpt lat="42.93733902099993" lon="-1.6948883301703268"><ele>552.40002441</ele></trkpt><trkpt lat="42.93732589108306" lon="-1.6951327682949278"><ele>552.23999023</ele></trkpt><trkpt lat="42.937312760642705" lon="-1.6953772063283465"><ele>552.19000244</ele></trkpt><trkpt lat="42.93729962967886" lon="-1.6956216442705478"><ele>552.21002197</ele></trkpt><trkpt lat="42.93728649819152" lon="-1.695866082121554"><ele>552.45001221</ele></trkpt><trkpt lat="42.93727336618071" lon="-1.6961105198813513"><ele>552.7800293</ele></trkpt><trkpt lat="42.93726023364638" lon="-1.6963549575499177"><ele>553.27001953</ele></trkpt><trkpt lat="42.93724710058859" lon="-1.6965993951272662"><ele>553.85998535</ele></trkpt><trkpt lat="42.93723396700727" lon="-1.6968438326133977"><ele>554.70001221</ele></trkpt><trkpt lat="42.93722083290251" lon="-1.697088270008271"><ele>555.53997803</ele></trkpt><trkpt lat="42.93720769827423" lon="-1.6973327073119135"><ele>556.57000732</ele></trkpt><trkpt lat="42.93719456312247" lon="-1.6975771445242995"><ele>557.52001953</ele></trkpt><trkpt lat="42.937181427447214" lon="-1.6978215816454358"><ele>558.34002686</ele></trkpt><trkpt lat="42.93716829124849" lon="-1.6980660186753143"><ele>558.79998779</ele></trkpt><trkpt lat="42.93716669082642" lon="-1.6980957984924305"><ele>558.89001465</ele></trkpt><trkpt lat="42.93716471090822" lon="-1.698178967574566"><ele>558.84002686</ele></trkpt><trkpt lat="42.93715887901965" lon="-1.6984239289755967"><ele>558.92999268</ele></trkpt><trkpt lat="42.93715304660613" lon="-1.69866889034316"><ele>558.86999512</ele></trkpt><trkpt lat="42.93714721366768" lon="-1.6989138516772553"><ele>558.7199707</ele></trkpt><trkpt lat="42.937145233154276" lon="-1.6989970207214418"><ele>558.83001709</ele></trkpt><trkpt lat="42.93715142807338" lon="-1.6990961353033347"><ele>558.59997559</ele></trkpt><trkpt lat="42.93716669133984" lon="-1.6993403433436405"><ele>558.40997314</ele></trkpt><trkpt lat="42.937181954086746" lon="-1.6995845515172212"><ele>558.17999268</ele></trkpt><trkpt lat="42.93718814849853" lon="-1.6996836662292483"><ele>558.04998779</ele></trkpt><trkpt lat="42.93719611131707" lon="-1.6997884793876"><ele>557.91998291</ele></trkpt><trkpt lat="42.937214632083354" lon="-1.700032269909559"><ele>557.59997559</ele></trkpt><trkpt lat="42.93723315233215" lon="-1.7002760605901959"><ele>557.38000488</ele></trkpt><trkpt lat="42.9372516720635" lon="-1.7005198514295192"><ele>557.15002441</ele></trkpt><trkpt lat="42.93727019127739" lon="-1.7007636424275117"><ele>557.21002197</ele></trkpt><trkpt lat="42.93728870997381" lon="-1.7010074335841605"><ele>557.19000244</ele></trkpt><trkpt lat="42.93730722815275" lon="-1.701251224899483"><ele>557.34997559</ele></trkpt><trkpt lat="42.93732574581423" lon="-1.7014950163734535"><ele>557.5</ele></trkpt><trkpt lat="42.93734426295823" lon="-1.701738808006084"><ele>557.7199707</ele></trkpt><trkpt lat="42.937362779584774" lon="-1.7019825997973492"><ele>557.84997559</ele></trkpt><trkpt lat="42.93738129569384" lon="-1.7022263917472538"><ele>558.03997803</ele></trkpt><trkpt lat="42.93739981128543" lon="-1.7024701838557716"><ele>558.20001221</ele></trkpt><trkpt lat="42.93741832635956" lon="-1.7027139761229326"><ele>558.23999023</ele></trkpt><trkpt lat="42.93743684091622" lon="-1.7029577685486894"><ele>558.2800293</ele></trkpt><trkpt lat="42.93745535495538" lon="-1.7032015611330726"><ele>558.29998779</ele></trkpt><trkpt lat="42.93747386847708" lon="-1.7034453538760517"><ele>558.29998779</ele></trkpt><trkpt lat="42.9374923814813" lon="-1.7036891467776396"><ele>558.34997559</ele></trkpt><trkpt lat="42.93751089396804" lon="-1.7039329398378065"><ele>558.40997314</ele></trkpt><trkpt lat="42.93752940593729" lon="-1.7041767330565778"><ele>558.58001709</ele></trkpt><trkpt lat="42.937547917389075" lon="-1.7044205264339147"><ele>558.96002197</ele></trkpt><trkpt lat="42.937566428323365" lon="-1.7046643199698215"><ele>559.34002686</ele></trkpt><trkpt lat="42.937574386596665" lon="-1.704769134521488"><ele>559.48999023</ele></trkpt><trkpt lat="42.93758042998204" lon="-1.7048464841318691"><ele>559.58001709</ele></trkpt><trkpt lat="42.937599471508776" lon="-1.705090202110571"><ele>560.0300293</ele></trkpt><trkpt lat="42.9376185125184" lon="-1.7053339202519642"><ele>560.77001953</ele></trkpt><trkpt lat="42.93763755301091" lon="-1.705577638556032"><ele>561.65997314</ele></trkpt><trkpt lat="42.93765659298631" lon="-1.7058213570227825"><ele>562.44000244</ele></trkpt><trkpt lat="42.93767563244459" lon="-1.7060650756521984"><ele>563.46002197</ele></trkpt><trkpt lat="42.937681674957275" lon="-1.7061424255371138"><ele>563.72998047</ele></trkpt><trkpt lat="42.937724590301514" lon="-1.7063784599304292"><ele>564.71002197</ele></trkpt><trkpt lat="42.937733128071024" lon="-1.7064211484802039"><ele>564.95001221</ele></trkpt><trkpt lat="42.937780425651574" lon="-1.7066576363829415"><ele>566</ele></trkpt><trkpt lat="42.93778896331788" lon="-1.7067003250122088"><ele>566.32000732</ele></trkpt><trkpt lat="42.937800849605175" lon="-1.70673122922518"><ele>566.32000732</ele></trkpt><trkpt lat="42.93788436545709" lon="-1.7069483704401796"><ele>566.94000244</ele></trkpt><trkpt lat="42.93789625167846" lon="-1.7069792747497625"><ele>566.96002197</ele></trkpt><trkpt lat="42.93798208236693" lon="-1.7071294784545947"><ele>567.05999756</ele></trkpt><trkpt lat="42.93801901010303" lon="-1.7071957787183416"><ele>567.08001709</ele></trkpt><trkpt lat="42.93812779662345" lon="-1.7073910955004554"><ele>567.15997314</ele></trkpt><trkpt lat="42.93823658281751" lon="-1.707586412973858"><ele>567.27001953</ele></trkpt><trkpt lat="42.9383453686852" lon="-1.7077817311385428"><ele>567.30999756</ele></trkpt><trkpt lat="42.938454154226534" lon="-1.7079770499945017"><ele>567.40002441</ele></trkpt><trkpt lat="42.93856293944147" lon="-1.7081723695417792"><ele>567.5</ele></trkpt><trkpt lat="42.93867172433006" lon="-1.7083676897803202"><ele>567.65997314</ele></trkpt><trkpt lat="42.938780508892236" lon="-1.7085630107101786"><ele>567.85998535</ele></trkpt><trkpt lat="42.93888929312805" lon="-1.70875833233132"><ele>568.69000244</ele></trkpt><trkpt lat="42.93892621994019" lon="-1.7088246345519953"><ele>568.95001221</ele></trkpt><trkpt lat="42.93897593866157" lon="-1.7089108129865143"><ele>569.40997314</ele></trkpt><trkpt lat="42.939087152813755" lon="-1.709103583559733"><ele>570.40997314</ele></trkpt><trkpt lat="42.93919836664819" lon="-1.709296354830013"><ele>571.46002197</ele></trkpt><trkpt lat="42.93924808502197" lon="-1.7093825340270925"><ele>571.86999512</ele></trkpt><trkpt lat="42.93926180085745" lon="-1.709409965592543"><ele>571.97998047</ele></trkpt><trkpt lat="42.93936311527329" lon="-1.7096125944242055"><ele>572.57000732</ele></trkpt><trkpt lat="42.9393768310547" lon="-1.7096400260925282"><ele>572.63000488</ele></trkpt><trkpt lat="42.93937925043577" lon="-1.7096446228855806"><ele>572.63000488</ele></trkpt><trkpt lat="42.939484119593175" lon="-1.7098438736215091"><ele>572.48999023</ele></trkpt><trkpt lat="42.93958898841068" lon="-1.71004312503797"><ele>571.98999023</ele></trkpt><trkpt lat="42.939591407775865" lon="-1.7100477218627883"><ele>571.98999023</ele></trkpt><trkpt lat="42.93960788536516" lon="-1.7100834231600934"><ele>571.86999512</ele></trkpt><trkpt lat="42.93970367629382" lon="-1.7102909701721678"><ele>571.39001465</ele></trkpt><trkpt lat="42.939720153808594" lon="-1.7103266716003473"><ele>571.34997559</ele></trkpt><trkpt lat="42.93974805390776" lon="-1.7103848164517848"><ele>571.15997314</ele></trkpt><trkpt lat="42.93984652243683" lon="-1.7105900294597087"><ele>570.75</ele></trkpt><trkpt lat="42.939944990604836" lon="-1.7107952431269267"><ele>570.41998291</ele></trkpt><trkpt lat="42.94004345841173" lon="-1.7110004574534388"><ele>570.16998291</ele></trkpt><trkpt lat="42.94014192585752" lon="-1.7112056724392535"><ele>570.01000977</ele></trkpt><trkpt lat="42.940240392942194" lon="-1.7114108880843484"><ele>569.76000977</ele></trkpt><trkpt lat="42.94033885966578" lon="-1.7116161043887457"><ele>569.47998047</ele></trkpt><trkpt lat="42.94043732602824" lon="-1.7118213213524565"><ele>569.19000244</ele></trkpt><trkpt lat="42.94053579202957" lon="-1.7120265389754519"><ele>568.69000244</ele></trkpt><trkpt lat="42.94063425766979" lon="-1.7122317572577566"><ele>568.22998047</ele></trkpt><trkpt lat="42.94073272294887" lon="-1.712436976199353"><ele>567.84002686</ele></trkpt><trkpt lat="42.94083118786685" lon="-1.7126421958002536"><ele>567.28997803</ele></trkpt><trkpt lat="42.94085908681154" lon="-1.7127003427594836"><ele>567.21002197</ele></trkpt><trkpt lat="42.940896030025336" lon="-1.712777333322197"><ele>567.08001709</ele></trkpt><trkpt lat="42.94099450028802" lon="-1.7129825487331947"><ele>566.79998779</ele></trkpt><trkpt lat="42.9410929701896" lon="-1.7131877648035256"><ele>566.84997559</ele></trkpt><trkpt lat="42.941191439730055" lon="-1.7133929815331725"><ele>566.92999268</ele></trkpt><trkpt lat="42.941289908909376" lon="-1.7135981989221745"><ele>567.22998047</ele></trkpt><trkpt lat="42.94138837772756" lon="-1.7138034169704868"><ele>567.44000244</ele></trkpt><trkpt lat="42.94148684618462" lon="-1.714008635678136"><ele>567.7199707</ele></trkpt><trkpt lat="42.94158531428054" lon="-1.7142138550451307"><ele>568.21002197</ele></trkpt><trkpt lat="42.941683782015325" lon="-1.7144190750714436"><ele>568.7199707</ele></trkpt><trkpt lat="42.941782249388936" lon="-1.7146242957571052"><ele>569.29998779</ele></trkpt><trkpt lat="42.94188071640141" lon="-1.7148295171020984"><ele>570.05999756</ele></trkpt><trkpt lat="42.94197918305274" lon="-1.715034739106422"><ele>570.86999512</ele></trkpt><trkpt lat="42.94201612472534" lon="-1.7151117324829181"><ele>571.09997559</ele></trkpt><trkpt lat="42.94201765605851" lon="-1.715115050324865"><ele>571.14001465</ele></trkpt><trkpt lat="42.94211345047682" lon="-1.7153226027228072"><ele>571.88000488</ele></trkpt><trkpt lat="42.94220924452552" lon="-1.715530155769954"><ele>572.75</ele></trkpt><trkpt lat="42.94230503820461" lon="-1.7157377094663315"><ele>573.51000977</ele></trkpt><trkpt lat="42.942400831514064" lon="-1.715945263811921"><ele>574.41998291</ele></trkpt><trkpt lat="42.942402362823486" lon="-1.7159485816955524"><ele>574.41998291</ele></trkpt><trkpt lat="42.942441968652375" lon="-1.7160145911254394"><ele>574.70001221</ele></trkpt><trkpt lat="42.942555876188" lon="-1.7162044370181915"><ele>575.34002686</ele></trkpt><trkpt lat="42.94259548187253" lon="-1.7162704467773466"><ele>575.65002441</ele></trkpt><trkpt lat="42.942595533675544" lon="-1.7162705158478107"><ele>575.65002441</ele></trkpt><trkpt lat="42.94272417610239" lon="-1.71644203908355"><ele>576.0300293</ele></trkpt><trkpt lat="42.94272422790527" lon="-1.7164421081543035"><ele>576.0300293</ele></trkpt><trkpt lat="42.942743741049995" lon="-1.7164664995005592"><ele>576.09002686</ele></trkpt><trkpt lat="42.942876376176955" lon="-1.7166322934092606"><ele>576.44000244</ele></trkpt><trkpt lat="42.94289588928221" lon="-1.7166566848754836"><ele>576.47998047</ele></trkpt><trkpt lat="42.94290830399541" lon="-1.716668271870221"><ele>576.46002197</ele></trkpt><trkpt lat="42.94305682191883" lon="-1.7168068881916565"><ele>576.64001465</ele></trkpt><trkpt lat="42.943205339679224" lon="-1.716945505175114"><ele>576.83001709</ele></trkpt><trkpt lat="42.943217754364014" lon="-1.7169570922851523"><ele>576.83001709</ele></trkpt><trkpt lat="42.943325042724624" lon="-1.7170429229736406"><ele>576.7800293</ele></trkpt><trkpt lat="42.94337058377328" lon="-1.7170656933501283"><ele>576.70001221</ele></trkpt><trkpt lat="42.9435396194952" lon="-1.717150210969289"><ele>576.44000244</ele></trkpt><trkpt lat="42.94370865515582" lon="-1.71723472904141"><ele>575.90002441</ele></trkpt><trkpt lat="42.943754196167" lon="-1.7172574996948304"><ele>575.66998291</ele></trkpt><trkpt lat="42.94378863459983" lon="-1.717276284229559"><ele>575.52001953</ele></trkpt><trkpt lat="42.943955792145125" lon="-1.7173674610724494"><ele>575.10998535</ele></trkpt><trkpt lat="42.9439902305603" lon="-1.7173862457275395"><ele>575.09997559</ele></trkpt><trkpt lat="42.94400861295554" lon="-1.717400543099624"><ele>575.13000488</ele></trkpt><trkpt lat="42.944164967230606" lon="-1.71752215198024"><ele>575.08001709</ele></trkpt><trkpt lat="42.94418334960937" lon="-1.7175364494323804"><ele>575.27001953</ele></trkpt><trkpt lat="42.94421242523723" lon="-1.7175655247855017"><ele>575.21002197</ele></trkpt><trkpt lat="42.94435755052191" lon="-1.717710649213198"><ele>575.72998047</ele></trkpt><trkpt lat="42.944502675627795" lon="-1.7178557743190899"><ele>576.88000488</ele></trkpt><trkpt lat="42.94464780055491" lon="-1.718000900103149"><ele>578.0300293</ele></trkpt><trkpt lat="42.944676876068115" lon="-1.7180299758911115"><ele>578.27001953</ele></trkpt><trkpt lat="42.94468302071158" lon="-1.7180369983188537"><ele>578.27001953</ele></trkpt><trkpt lat="42.9448209351393" lon="-1.7181946148076646"><ele>579.15002441</ele></trkpt><trkpt lat="42.94482707977294" lon="-1.7182016372680655"><ele>579.15002441</ele></trkpt><trkpt lat="42.94487710751" lon="-1.7182607607143885"><ele>579.47998047</ele></trkpt><trkpt lat="42.945013086539745" lon="-1.7184214632040742"><ele>580.08001709</ele></trkpt><trkpt lat="42.94506311416626" lon="-1.7184805870056148"><ele>580.2800293</ele></trkpt><trkpt lat="42.94506738685446" lon="-1.7184863855288592"><ele>580.29998779</ele></trkpt><trkpt lat="42.94519491289344" lon="-1.7186594533986717"><ele>580.26000977</ele></trkpt><trkpt lat="42.945322438677195" lon="-1.7188325219831069"><ele>579.89001465</ele></trkpt><trkpt lat="42.945449964205714" lon="-1.7190055912821636"><ele>579.5300293</ele></trkpt><trkpt lat="42.94557748947898" lon="-1.7191786612958464"><ele>579.26000977</ele></trkpt><trkpt lat="42.94570501449698" lon="-1.7193517320241847"><ele>578.90002441</ele></trkpt><trkpt lat="42.94583253925973" lon="-1.7195248034671393"><ele>578.48999023</ele></trkpt><trkpt lat="42.945960063767224" lon="-1.7196978756247527"><ele>578.19000244</ele></trkpt><trkpt lat="42.94596433639527" lon="-1.7197036743163998"><ele>578.19000244</ele></trkpt><trkpt lat="42.946009305678764" lon="-1.7197655066338438"><ele>577.95001221</ele></trkpt><trkpt lat="42.94613599800965" lon="-1.7199397080535845"><ele>577.4699707</ele></trkpt><trkpt lat="42.94626269008186" lon="-1.7201139101881127"><ele>576.86999512</ele></trkpt><trkpt lat="42.94630765914916" lon="-1.7201757431030347"><ele>576.69000244</ele></trkpt><trkpt lat="42.946372032165534" lon="-1.7202401161193905"><ele>576.41998291</ele></trkpt><trkpt lat="42.946399247981056" lon="-1.7202591671257663"><ele>576.20001221</ele></trkpt><trkpt lat="42.946559393092414" lon="-1.7203712687037096"><ele>575.2800293</ele></trkpt><trkpt lat="42.946586608886726" lon="-1.7203903198242199"><ele>575.16998291</ele></trkpt><trkpt lat="42.94671535491941" lon="-1.72054052352906"><ele>574.40997314</ele></trkpt><trkpt lat="42.9468011856079" lon="-1.7206692695617622"><ele>574.20001221</ele></trkpt><trkpt lat="42.94682264328003" lon="-1.720798015594483"><ele>574.0300293</ele></trkpt><trkpt lat="42.94682620431079" lon="-1.7208710114099668"><ele>574.03997803</ele></trkpt><trkpt lat="42.94683813609771" lon="-1.7211156022432028"><ele>574.33001709</ele></trkpt><trkpt lat="42.94685006736311" lon="-1.7213601931833993"><ele>574.84002686</ele></trkpt><trkpt lat="42.94686199810694" lon="-1.7216047842305695"><ele>575.78997803</ele></trkpt><trkpt lat="42.946865558624275" lon="-1.7216777801513723"><ele>575.89001465</ele></trkpt><trkpt lat="42.94684410095215" lon="-1.7218708992004332"><ele>576.20001221</ele></trkpt><trkpt lat="42.94684669228676" lon="-1.7219097684880857"><ele>576.34997559</ele></trkpt><trkpt lat="42.946862967385464" lon="-1.7221538949685506"><ele>576.70001221</ele></trkpt><trkpt lat="42.946865558624275" lon="-1.7221927642822321"><ele>576.7800293</ele></trkpt><trkpt lat="42.94689178645359" lon="-1.722272559431979"><ele>576.91998291</ele></trkpt><trkpt lat="42.94696533188788" lon="-1.722496314202527"><ele>577.09997559</ele></trkpt><trkpt lat="42.947038876890666" lon="-1.7227200695143463"><ele>577.25</ele></trkpt><trkpt lat="42.94711242146194" lon="-1.722943825367415"><ele>577.2199707</ele></trkpt><trkpt lat="42.94718596560167" lon="-1.7231675817617655"><ele>577.27001953</ele></trkpt><trkpt lat="42.94725950930987" lon="-1.7233913386973765"><ele>577.22998047</ele></trkpt><trkpt lat="42.94733305258655" lon="-1.7236150961742394"><ele>577.17999268</ele></trkpt><trkpt lat="42.94740659543169" lon="-1.723838854192354"><ele>577.16998291</ele></trkpt><trkpt lat="42.947480137845275" lon="-1.7240626127517351"><ele>577.15002441</ele></trkpt><trkpt lat="42.947553679827344" lon="-1.7242863718523782"><ele>577.25</ele></trkpt><trkpt lat="42.94762722137784" lon="-1.7245101314942621"><ele>577.25</ele></trkpt><trkpt lat="42.94770076249681" lon="-1.7247338916773833"><ele>577.29998779</ele></trkpt><trkpt lat="42.94777430318421" lon="-1.7249576524017682"><ele>577.33001709</ele></trkpt><trkpt lat="42.94784784344006" lon="-1.7251814136674002"><ele>577.35998535</ele></trkpt><trkpt lat="42.94787406921387" lon="-1.7252612113952621"><ele>577.40997314</ele></trkpt><trkpt lat="42.94791127299705" lon="-1.7253717546554204"><ele>577.58001709</ele></trkpt><trkpt lat="42.947986276889694" lon="-1.7255946143967291"><ele>577.94000244</ele></trkpt><trkpt lat="42.94806128035438" lon="-1.7258174746875459"><ele>578.16998291</ele></trkpt><trkpt lat="42.94813628339108" lon="-1.7260403355278495"><ele>578.57000732</ele></trkpt><trkpt lat="42.948211285999804" lon="-1.7262631969176376"><ele>578.90997314</ele></trkpt><trkpt lat="42.94824848882855" lon="-1.7263737414032188"><ele>579.07000732</ele></trkpt><trkpt lat="42.94824928783259" lon="-1.726376115604103"><ele>579.07000732</ele></trkpt><trkpt lat="42.94832428887343" lon="-1.7265989783974227"><ele>579.51000977</ele></trkpt><trkpt lat="42.948399289486254" lon="-1.7268218417402115"><ele>579.90002441</ele></trkpt><trkpt lat="42.948474289671104" lon="-1.7270447056324747"><ele>580.34002686</ele></trkpt><trkpt lat="42.948549289427966" lon="-1.7272675700742177"><ele>580.84997559</ele></trkpt><trkpt lat="42.94862428875682" lon="-1.7274904350654368"><ele>581.35998535</ele></trkpt><trkpt lat="42.94862508773804" lon="-1.7274928092956483"><ele>581.35998535</ele></trkpt><trkpt lat="42.9486680030823" lon="-1.7276859283447352"><ele>581.63000488</ele></trkpt><trkpt lat="42.948689460754395" lon="-1.727836132049554"><ele>581.79998779</ele></trkpt><trkpt lat="42.948687085256005" lon="-1.727940670892927"><ele>581.7199707</ele></trkpt><trkpt lat="42.9486815171453" lon="-1.728185690902232"><ele>581.96002197</ele></trkpt><trkpt lat="42.94867594850945" lon="-1.7284307108798478"><ele>582.13000488</ele></trkpt><trkpt lat="42.94867037934843" lon="-1.728675730825749"><ele>582.35998535</ele></trkpt><trkpt lat="42.94866800308227" lon="-1.7287802696227934"><ele>582.45001221</ele></trkpt><trkpt lat="42.94862508773803" lon="-1.7290163040161104"><ele>582.67999268</ele></trkpt><trkpt lat="42.94860363006592" lon="-1.7291235923767054"><ele>583.0300293</ele></trkpt><trkpt lat="42.948539257049575" lon="-1.7292308807372991"><ele>582.88000488</ele></trkpt><trkpt lat="42.94848287127934" lon="-1.7292966646243508"><ele>583.11999512</ele></trkpt><trkpt lat="42.94834613823451" lon="-1.7294561870009917"><ele>583.75</ele></trkpt><trkpt lat="42.94820940495505" lon="-1.729615708669346"><ele>584.57000732</ele></trkpt><trkpt lat="42.948153018951416" lon="-1.7296814918518055"><ele>584.94000244</ele></trkpt><trkpt lat="42.94811576316865" lon="-1.7297224733716499"><ele>585.28997803</ele></trkpt><trkpt lat="42.947975698086985" lon="-1.7298765449614795"><ele>586.25</ele></trkpt><trkpt lat="42.94793844223021" lon="-1.7299175262451147"><ele>586.52001953</ele></trkpt><trkpt lat="42.94793457855357" lon="-1.7299233217791792"><ele>586.61999512</ele></trkpt><trkpt lat="42.947813559884025" lon="-1.7301048497835192"><ele>587.54998779</ele></trkpt><trkpt lat="42.9478096961975" lon="-1.7301106452941875"><ele>587.54998779</ele></trkpt><trkpt lat="42.94776678085328" lon="-1.730239391326901"><ele>587.88000488</ele></trkpt><trkpt lat="42.94774327860516" lon="-1.7303240019368356"><ele>588.11999512</ele></trkpt><trkpt lat="42.947679588462115" lon="-1.730553291806057"><ele>588.86999512</ele></trkpt><trkpt lat="42.9476158978529" lon="-1.7307825812117459"><ele>589.69000244</ele></trkpt><trkpt lat="42.94755220677755" lon="-1.7310118701538744"><ele>590.54998779</ele></trkpt><trkpt lat="42.94748851523604" lon="-1.7312411586324603"><ele>591.44000244</ele></trkpt><trkpt lat="42.947424823228374" lon="-1.7314704466474984"><ele>592.2199707</ele></trkpt><trkpt lat="42.94736113075457" lon="-1.7316997341989786"><ele>593.10998535</ele></trkpt><trkpt lat="42.947337627410896" lon="-1.7317843437194815"><ele>593.26000977</ele></trkpt><trkpt lat="42.94733334337842" lon="-1.7317984812176794"><ele>593.27001953</ele></trkpt><trkpt lat="42.947264674311356" lon="-1.7320250911387771"><ele>594.09997559</ele></trkpt><trkpt lat="42.9471960047883" lon="-1.7322517005648155"><ele>594.88000488</ele></trkpt><trkpt lat="42.947127334809274" lon="-1.7324783094957918"><ele>595.42999268</ele></trkpt><trkpt lat="42.94712305068969" lon="-1.732492446899416"><ele>595.4699707</ele></trkpt><trkpt lat="42.947108774256535" lon="-1.7325324211014734"><ele>595.59997559</ele></trkpt><trkpt lat="42.94703003885498" lon="-1.7327528802257677"><ele>596.07000732</ele></trkpt><trkpt lat="42.94701576232908" lon="-1.7327928543090854"><ele>596.29998779</ele></trkpt><trkpt lat="42.9469084739685" lon="-1.7329645156860354"><ele>596.7199707</ele></trkpt><trkpt lat="42.9467797279358" lon="-1.7331147193908651"><ele>597.26000977</ele></trkpt><trkpt lat="42.94662952423096" lon="-1.733222007751466"><ele>597.84002686</ele></trkpt><trkpt lat="42.9465950865576" lon="-1.7332407920050532"><ele>597.91998291</ele></trkpt><trkpt lat="42.94642792753184" lon="-1.733331969655457"><ele>598.36999512</ele></trkpt><trkpt lat="42.94639348983765" lon="-1.7333507537841755"><ele>598.54998779</ele></trkpt><trkpt lat="42.94630765914916" lon="-1.733350753784178"><ele>598.84997559</ele></trkpt><trkpt lat="42.946234182531434" lon="-1.7333262614800085"><ele>599.40997314</ele></trkpt><trkpt lat="42.94605927070344" lon="-1.733267957537346"><ele>600.59997559</ele></trkpt><trkpt lat="42.945985794067376" lon="-1.7332434654235802"><ele>600.89001465</ele></trkpt><trkpt lat="42.94589996337889" lon="-1.7332434654235904"><ele>601.38000488</ele></trkpt><trkpt lat="42.94572830200195" lon="-1.7332863807678158"><ele>602.46002197</ele></trkpt><trkpt lat="42.94562101364136" lon="-1.7333722114562953"><ele>603.32000732</ele></trkpt><trkpt lat="42.94557423348296" lon="-1.7334423820045823"><ele>603.75</ele></trkpt><trkpt lat="42.9454532172391" lon="-1.7336239063704062"><ele>604.83001709</ele></trkpt><trkpt lat="42.945406436920166" lon="-1.733694076538094"><ele>605.23999023</ele></trkpt><trkpt lat="42.94534206390381" lon="-1.7337799072265607"><ele>605.82000732</ele></trkpt><trkpt lat="42.94527769088745" lon="-1.7338228225707955"><ele>606.09997559</ele></trkpt><trkpt lat="42.945127487182624" lon="-1.7338442802429228"><ele>606.98999023</ele></trkpt><trkpt lat="42.945080523896095" lon="-1.7338353347993907"><ele>607.39001465</ele></trkpt><trkpt lat="42.94490218163577" lon="-1.733801364751701"><ele>608.44000244</ele></trkpt><trkpt lat="42.9447238393624" lon="-1.7337673948881942"><ele>609.60998535</ele></trkpt><trkpt lat="42.944676876068115" lon="-1.7337584495544358"><ele>610.03997803</ele></trkpt><trkpt lat="42.9445695877075" lon="-1.7338013648986808"><ele>610.90002441</ele></trkpt><trkpt lat="42.944505214691155" lon="-1.7338657379150406"><ele>611.34997559</ele></trkpt><trkpt lat="42.94449907013946" lon="-1.7338727602823603"><ele>611.34997559</ele></trkpt><trkpt lat="42.94436115554868" lon="-1.7340303769575238"><ele>612.29998779</ele></trkpt><trkpt lat="42.94435501098632" lon="-1.734037399291994"><ele>612.29998779</ele></trkpt><trkpt lat="42.94430965579735" lon="-1.7341065127088526"><ele>612.75</ele></trkpt><trkpt lat="42.94418968931795" lon="-1.7342893199439553"><ele>613.97998047</ele></trkpt><trkpt lat="42.94406972253501" lon="-1.7344721264703393"><ele>615.0300293</ele></trkpt><trkpt lat="42.94394975544851" lon="-1.7346549322880511"><ele>616.16998291</ele></trkpt><trkpt lat="42.943904399871826" lon="-1.7347240447998122"><ele>616.59002686</ele></trkpt><trkpt lat="42.9438721114257" lon="-1.7347670963645532"><ele>616.90002441</ele></trkpt><trkpt lat="42.943743467541466" lon="-1.7349386220802483"><ele>618.0300293</ele></trkpt><trkpt lat="42.943614823388174" lon="-1.7351101470812376"><ele>619.05999756</ele></trkpt><trkpt lat="42.943582534790046" lon="-1.7351531982421804"><ele>619.19000244</ele></trkpt><trkpt lat="42.94347524642944" lon="-1.7352819442748955"><ele>619.90997314</ele></trkpt><trkpt lat="42.94346827679977" lon="-1.7352871715135512"><ele>620.09002686</ele></trkpt><trkpt lat="42.94331055468834" lon="-1.7354054630971343"><ele>621.19000244</ele></trkpt><trkpt lat="42.94330358505247" lon="-1.735410690307614"><ele>621.5</ele></trkpt><trkpt lat="42.94322112138587" lon="-1.735426152315572"><ele>621.86999512</ele></trkpt><trkpt lat="42.94304272597713" lon="-1.7354596014547163"><ele>623.19000244</ele></trkpt><trkpt lat="42.942960262298584" lon="-1.7354750633239724"><ele>623.67999268</ele></trkpt><trkpt lat="42.942810058593764" lon="-1.735517978668215"><ele>624.60998535</ele></trkpt><trkpt lat="42.94274306028886" lon="-1.7355514780622259"><ele>624.91998291</ele></trkpt><trkpt lat="42.94257402427183" lon="-1.735635996325072"><ele>625.89001465</ele></trkpt><trkpt lat="42.94240498818158" lon="-1.7357205141158536"><ele>626.89001465</ele></trkpt><trkpt lat="42.94233798980712" lon="-1.7357540130615208"><ele>627.27001953</ele></trkpt><trkpt lat="42.942337550071336" lon="-1.7357542054482518"><ele>627.27001953</ele></trkpt><trkpt lat="42.9421661086517" lon="-1.7358292117480534"><ele>627.82000732</ele></trkpt><trkpt lat="42.94199466717253" lon="-1.7359042176214325"><ele>627.90997314</ele></trkpt><trkpt lat="42.94182322563387" lon="-1.735979223068355"><ele>627.72998047</ele></trkpt><trkpt lat="42.94165178403568" lon="-1.736054228088848"><ele>627.36999512</ele></trkpt><trkpt lat="42.941651344299295" lon="-1.7360544204711879"><ele>627.36999512</ele></trkpt><trkpt lat="42.94162695386704" lon="-1.736065898464905"><ele>627.32000732</ele></trkpt><trkpt lat="42.94145675898003" lon="-1.736145990900142"><ele>626.89001465</ele></trkpt><trkpt lat="42.94128656402637" lon="-1.7362260828842824"><ele>626.45001221</ele></trkpt><trkpt lat="42.94111636900606" lon="-1.7363061744173058"><ele>626.20001221</ele></trkpt><trkpt lat="42.9409461739191" lon="-1.736386265499252"><ele>626.03997803</ele></trkpt><trkpt lat="42.940921783447266" lon="-1.7363977432251052"><ele>626.02001953</ele></trkpt><trkpt lat="42.94081449508666" lon="-1.7364835739135704"><ele>625.96002197</ele></trkpt><trkpt lat="42.94077157974241" lon="-1.7365479469299403"><ele>625.92999268</ele></trkpt><trkpt lat="42.94072866439819" lon="-1.7366766929626516"><ele>625.86999512</ele></trkpt><trkpt lat="42.94072866440175" lon="-1.7366783500920833"><ele>625.86999512</ele></trkpt><trkpt lat="42.94072866466422" lon="-1.7369234561857163"><ele>626.05999756</ele></trkpt><trkpt lat="42.94072866440174" lon="-1.7371685622917965"><ele>626.53997803</ele></trkpt><trkpt lat="42.94072866439818" lon="-1.7371702194213934"><ele>626.53997803</ele></trkpt><trkpt lat="42.94070720672607" lon="-1.7373633384704545"><ele>626.75</ele></trkpt><trkpt lat="42.94070422080343" lon="-1.7373693103369374"><ele>626.75</ele></trkpt><trkpt lat="42.94060290429932" lon="-1.7375719433452004"><ele>626.29998779</ele></trkpt><trkpt lat="42.94059991836548" lon="-1.7375779151916535"><ele>626.25</ele></trkpt><trkpt lat="42.94055539455766" lon="-1.7376402487888456"><ele>626.0300293</ele></trkpt><trkpt lat="42.94042986558744" lon="-1.7378159893471474"><ele>625.03997803</ele></trkpt><trkpt lat="42.94038534164429" lon="-1.7378783226013255"><ele>624.55999756</ele></trkpt><trkpt lat="42.94034242630004" lon="-1.7380070686340359"><ele>623.54998779</ele></trkpt><trkpt lat="42.94034242630004" lon="-1.7380928993225053"><ele>623</ele></trkpt><trkpt lat="42.94038534164429" lon="-1.7382216453552182"><ele>621.88000488</ele></trkpt><trkpt lat="42.94041251363419" lon="-1.7383031608677428"><ele>621.48999023</ele></trkpt><trkpt lat="42.94048691590117" lon="-1.7385263676687028"><ele>620.04998779</ele></trkpt><trkpt lat="42.940514087677" lon="-1.7386078834533685"><ele>619.36999512</ele></trkpt><trkpt lat="42.940557003021226" lon="-1.7388010025024394"><ele>618.30999756</ele></trkpt><trkpt lat="42.9405595951486" lon="-1.7388398836812655"><ele>618.19000244</ele></trkpt><trkpt lat="42.94057586866183" lon="-1.7390839863793974"><ele>617.03997803</ele></trkpt><trkpt lat="42.94057846069337" lon="-1.7391228675842245"><ele>616.77001953</ele></trkpt><trkpt lat="42.94057846072632" lon="-1.7391505184768041"><ele>616.73999023</ele></trkpt><trkpt lat="42.94057846072631" lon="-1.7393956240997583"><ele>615.47998047</ele></trkpt><trkpt lat="42.940578460693345" lon="-1.7394232749938947"><ele>615.38000488</ele></trkpt><trkpt lat="42.9405999183655" lon="-1.739573478698734"><ele>614.55999756</ele></trkpt><trkpt lat="42.940600770553395" lon="-1.7395766033729454"><ele>614.55999756</ele></trkpt><trkpt lat="42.94066343920019" lon="-1.7398063884112662"><ele>613.03997803</ele></trkpt><trkpt lat="42.940664291381836" lon="-1.7398095130920457"><ele>612.9699707</ele></trkpt><trkpt lat="42.940667872992826" lon="-1.7398199596473625"><ele>612.9699707</ele></trkpt><trkpt lat="42.940744024130275" lon="-1.740042072108732"><ele>611.61999512</ele></trkpt><trkpt lat="42.94082017484263" lon="-1.7402641851256562"><ele>610.48999023</ele></trkpt><trkpt lat="42.9408963251299" lon="-1.740486298698148"><ele>608.98999023</ele></trkpt><trkpt lat="42.94089990667999" lon="-1.7404967453330769"><ele>608.98999023</ele></trkpt><trkpt lat="42.94092535958438" lon="-1.7405709800613427"><ele>608.51000977</ele></trkpt><trkpt lat="42.94100151450867" lon="-1.740793091082972"><ele>607.2199707</ele></trkpt><trkpt lat="42.94107766900788" lon="-1.7410152026601893"><ele>605.84997559</ele></trkpt><trkpt lat="42.94115382308203" lon="-1.7412373147929865"><ele>604.61999512</ele></trkpt><trkpt lat="42.94117927551271" lon="-1.741311550140374"><ele>604.34002686</ele></trkpt><trkpt lat="42.941190246579154" lon="-1.7413507321300459"><ele>604</ele></trkpt><trkpt lat="42.94125437767576" lon="-1.7415797707094398"><ele>602.91998291</ele></trkpt><trkpt lat="42.94131850831934" lon="-1.741808809773639"><ele>601.79998779</ele></trkpt><trkpt lat="42.94132947921753" lon="-1.7418479919433678"><ele>601.67999268</ele></trkpt><trkpt lat="42.94135093688965" lon="-1.7420840263366768"><ele>600.88000488</ele></trkpt><trkpt lat="42.94134810740055" lon="-1.7421717473907214"><ele>600.7800293</ele></trkpt><trkpt lat="42.94134020853761" lon="-1.742416620300913"><ele>600.94000244</ele></trkpt><trkpt lat="42.94133230914992" lon="-1.7426614931608007"><ele>601.01000977</ele></trkpt><trkpt lat="42.94132947921753" lon="-1.7427492141723695"><ele>601.05999756</ele></trkpt><trkpt lat="42.941350936889634" lon="-1.742920875549316"><ele>601.53997803</ele></trkpt><trkpt lat="42.94137239456177" lon="-1.743028163909912"><ele>602.17999268</ele></trkpt><trkpt lat="42.94137866569011" lon="-1.7430419603405813"><ele>602.17999268</ele></trkpt><trkpt lat="42.94147341182033" lon="-1.7432504018270394"><ele>603.63000488</ele></trkpt><trkpt lat="42.94147968292237" lon="-1.7432641983032227"><ele>603.65997314</ele></trkpt><trkpt lat="42.94148550604962" lon="-1.7432743886749287"><ele>603.76000977</ele></trkpt><trkpt lat="42.941596065220295" lon="-1.7434678659673606"><ele>605.17999268</ele></trkpt><trkpt lat="42.941706624070605" lon="-1.7436613439553919"><ele>606.35998535</ele></trkpt><trkpt lat="42.94181718260054" lon="-1.7438548226390111"><ele>607.65002441</ele></trkpt><trkpt lat="42.941823005676284" lon="-1.7438650131225535"><ele>607.65002441</ele></trkpt><trkpt lat="42.94184219688045" lon="-1.7438854836104971"><ele>607.80999756</ele></trkpt><trkpt lat="42.94198393834244" lon="-1.7440366740542008"><ele>608.64001465</ele></trkpt><trkpt lat="42.94212567961006" lon="-1.7441878651887737"><ele>610.02001953</ele></trkpt><trkpt lat="42.942144870758035" lon="-1.7442083358764726"><ele>610.09002686</ele></trkpt><trkpt lat="42.94223070144653" lon="-1.744315624237057"><ele>610.76000977</ele></trkpt><trkpt lat="42.94227361679077" lon="-1.7444443702697738"><ele>611.39001465</ele></trkpt><trkpt lat="42.94227361679077" lon="-1.7444872856140197"><ele>611.45001221</ele></trkpt><trkpt lat="42.94227361679077" lon="-1.7445731163024867"><ele>611.69000244</ele></trkpt><trkpt lat="42.94223070144654" lon="-1.7446804046630917"><ele>611.88000488</ele></trkpt><trkpt lat="42.942166328430154" lon="-1.7448091506958041"><ele>612.01000977</ele></trkpt><trkpt lat="42.942080497741706" lon="-1.744894981384271"><ele>611.94000244</ele></trkpt><trkpt lat="42.94203061253704" lon="-1.744932395435841"><ele>611.9699707</ele></trkpt><trkpt lat="42.94187289093681" lon="-1.7450506866360211"><ele>612.07000732</ele></trkpt><trkpt lat="42.941823005676284" lon="-1.7450881004333565"><ele>612.15002441</ele></trkpt><trkpt lat="42.94175764189703" lon="-1.745128671469053"><ele>612.29998779</ele></trkpt><trkpt lat="42.94159379373388" lon="-1.7452303709397092"><ele>612.53997803</ele></trkpt><trkpt lat="42.94142994546893" lon="-1.7453320698627826"><ele>612.7800293</ele></trkpt><trkpt lat="42.94126609710216" lon="-1.7454337682382883"><ele>612.97998047</ele></trkpt><trkpt lat="42.941200733184814" lon="-1.745474338531495"><ele>613.15002441</ele></trkpt><trkpt lat="42.941158632631144" lon="-1.745499599338244"><ele>613.25</ele></trkpt><trkpt lat="42.94099385248237" lon="-1.7455984689120538"><ele>613.41998291</ele></trkpt><trkpt lat="42.94082907223682" lon="-1.7456973379500922"><ele>613.69000244</ele></trkpt><trkpt lat="42.94066429189453" lon="-1.7457962064523642"><ele>613.70001221</ele></trkpt><trkpt lat="42.9404995114555" lon="-1.7458950744188797"><ele>614.10998535</ele></trkpt><trkpt lat="42.9403347309197" lon="-1.7459939418496246"><ele>614.42999268</ele></trkpt><trkpt lat="42.94016995028715" lon="-1.7460928087446215"><ele>614.9699707</ele></trkpt><trkpt lat="42.94012784957885" lon="-1.7461180686950708"><ele>615.05999756</ele></trkpt><trkpt lat="42.94009818582472" lon="-1.746141799783459"><ele>615.16998291</ele></trkpt><trkpt lat="42.9399429366452" lon="-1.746265999127067"><ele>615.53997803</ele></trkpt><trkpt lat="42.939913272857666" lon="-1.7462897300720257"><ele>615.70001221</ele></trkpt><trkpt lat="42.939892100792754" lon="-1.7463085497501072"><ele>615.73999023</ele></trkpt><trkpt lat="42.939741325900606" lon="-1.7464425718764442"><ele>615.27001953</ele></trkpt><trkpt lat="42.939720153808565" lon="-1.7464613914489737"><ele>615.27001953</ele></trkpt><trkpt lat="42.939698794021034" lon="-1.7464851251387752"><ele>615.15002441</ele></trkpt><trkpt lat="42.939559295493254" lon="-1.7466401268254257"><ele>614.46002197</ele></trkpt><trkpt lat="42.93941979674334" lon="-1.7467951278096099"><ele>613.84002686</ele></trkpt><trkpt lat="42.93928029777128" lon="-1.7469501280913373"><ele>613.16998291</ele></trkpt><trkpt lat="42.939140798577085" lon="-1.7471051276706047"><ele>612.53997803</ele></trkpt><trkpt lat="42.93900129916076" lon="-1.7472601265474337"><ele>612.01000977</ele></trkpt><trkpt lat="42.938861799522314" lon="-1.7474151247218095"><ele>611.34002686</ele></trkpt><trkpt lat="42.93872229966174" lon="-1.7475701221937532"><ele>610.67999268</ele></trkpt><trkpt lat="42.938582799579045" lon="-1.7477251189632537"><ele>610.15002441</ele></trkpt><trkpt lat="42.93856143951418" lon="-1.747748851776122"><ele>610.0300293</ele></trkpt><trkpt lat="42.93850928434539" lon="-1.7478060549842092"><ele>609.86999512</ele></trkpt><trkpt lat="42.938369065388144" lon="-1.7479598449290945"><ele>609.40002441</ele></trkpt><trkpt lat="42.93822884621202" lon="-1.748113634173276"><ele>608.76000977</ele></trkpt><trkpt lat="42.93808862681702" lon="-1.748267422716759"><ele>608.13000488</ele></trkpt><trkpt lat="42.93794840720318" lon="-1.7484212105595442"><ele>607.42999268</ele></trkpt><trkpt lat="42.937896251678474" lon="-1.748478412628176"><ele>607.20001221</ele></trkpt><trkpt lat="42.937896251678474" lon="-1.7484998703003"><ele>607.08001709</ele></trkpt><trkpt lat="42.93787496164441" lon="-1.7485209926962817"><ele>606.88000488</ele></trkpt><trkpt lat="42.937776977196336" lon="-1.7486649937927712"><ele>606.05999756</ele></trkpt><trkpt lat="42.937736181842034" lon="-1.7487681091354745"><ele>605.54998779</ele></trkpt><trkpt lat="42.93765080533302" lon="-1.748983907691141"><ele>604.34997559</ele></trkpt><trkpt lat="42.93761000968516" lon="-1.7490870226174602"><ele>603.33001709</ele></trkpt><trkpt lat="42.93759994685434" lon="-1.7491298152122914"><ele>604.97998047</ele></trkpt><trkpt lat="42.937545054587126" lon="-1.749363245345148"><ele>604.98999023</ele></trkpt><trkpt lat="42.93753499165176" lon="-1.749406037852167"><ele>605.14001465</ele></trkpt><trkpt lat="42.93753018254352" lon="-1.7494587751639348"><ele>605.13000488</ele></trkpt><trkpt lat="42.937508002307936" lon="-1.749702002973611"><ele>605.76000977</ele></trkpt><trkpt lat="42.937485821553146" lon="-1.7499452306205785"><ele>606.41998291</ele></trkpt><trkpt lat="42.93748101219534" lon="-1.7499979678541404"><ele>606.58001709</ele></trkpt><trkpt lat="42.93747323398363" lon="-1.7501065615915081"><ele>606.73999023</ele></trkpt><trkpt lat="42.93745576116833" lon="-1.750350498982584"><ele>607.25</ele></trkpt><trkpt lat="42.937438287831306" lon="-1.750594436247735"><ele>607.78997803</ele></trkpt><trkpt lat="42.937420813972516" lon="-1.7508383733869703"><ele>608.4699707</ele></trkpt><trkpt lat="42.93741303496062" lon="-1.7509469669312328"><ele>608.7199707</ele></trkpt><trkpt lat="42.93741014309975" lon="-1.7509769834139137"><ele>608.79998779</ele></trkpt><trkpt lat="42.937386730304866" lon="-1.7512199967414446"><ele>609.51000977</ele></trkpt><trkpt lat="42.93736331699153" lon="-1.751463009896673"><ele>609.76000977</ele></trkpt><trkpt lat="42.93733990315977" lon="-1.7517060228795898"><ele>609.94000244</ele></trkpt><trkpt lat="42.93733701109888" lon="-1.7517360392957935"><ele>609.92999268</ele></trkpt><trkpt lat="42.93732800247476" lon="-1.751783192064099"><ele>609.94000244</ele></trkpt><trkpt lat="42.93728268363868" lon="-1.7520203972906172"><ele>610.09002686</ele></trkpt><trkpt lat="42.937237364306235" lon="-1.7522576021798861"><ele>610.14001465</ele></trkpt><trkpt lat="42.93719204447738" lon="-1.7524948067319037"><ele>610.41998291</ele></trkpt><trkpt lat="42.9371830355376" lon="-1.752541959285742"><ele>610.32000732</ele></trkpt><trkpt lat="42.937156641230935" lon="-1.7526566757555384"><ele>610.13000488</ele></trkpt><trkpt lat="42.93710282606016" lon="-1.752890568515946"><ele>610.25</ele></trkpt><trkpt lat="42.93704901040576" lon="-1.7531244608789902"><ele>610.35998535</ele></trkpt><trkpt lat="42.93699519426772" lon="-1.753358352844649"><ele>610.19000244</ele></trkpt><trkpt lat="42.936941377646036" lon="-1.753592244412937"><ele>610.54998779</ele></trkpt><trkpt lat="42.936914982274175" lon="-1.7537069600075483"><ele>610.73999023</ele></trkpt><trkpt lat="42.9369025083763" lon="-1.7537696784861196"><ele>610.79998779</ele></trkpt><trkpt lat="42.936855455789484" lon="-1.754006256044261"><ele>611.15997314</ele></trkpt><trkpt lat="42.93684298172593" lon="-1.7540689744055253"><ele>611.19000244</ele></trkpt><trkpt lat="42.93677198700607" lon="-1.7542849760502524"><ele>611.54998779</ele></trkpt><trkpt lat="42.936636032536626" lon="-1.7544330004602724"><ele>611.64001465</ele></trkpt><trkpt lat="42.93660407051588" lon="-1.7544599503812792"><ele>611.7199707</ele></trkpt><trkpt lat="42.93645098712405" lon="-1.7545890276482978"><ele>612.26000977</ele></trkpt><trkpt lat="42.936419025063515" lon="-1.7546159774064984"><ele>612.34997559</ele></trkpt><trkpt lat="42.93640871575742" lon="-1.7546244006501168"><ele>612.36999512</ele></trkpt><trkpt lat="42.93625432024213" lon="-1.7547505494763018"><ele>612.96002197</ele></trkpt><trkpt lat="42.93624401092527" lon="-1.7547589726746002"><ele>613.08001709</ele></trkpt><trkpt lat="42.936159018427134" lon="-1.7548859585076595"><ele>613.33001709</ele></trkpt><trkpt lat="42.936092969030156" lon="-1.755088968202468"><ele>614.01000977</ele></trkpt><trkpt lat="42.93613697402179" lon="-1.755240010097617"><ele>615.01000977</ele></trkpt><trkpt lat="42.936230013147" lon="-1.7553850170224832"><ele>616.27001953</ele></trkpt><trkpt lat="42.936232531845604" lon="-1.755397716058777"><ele>616.27001953</ele></trkpt><trkpt lat="42.93627946227548" lon="-1.7556343362584066"><ele>617.57000732</ele></trkpt><trkpt lat="42.93628198094666" lon="-1.7556470353156324"><ele>617.54998779</ele></trkpt><trkpt lat="42.93625499121844" lon="-1.7557539884001059"><ele>618.39001465</ele></trkpt><trkpt lat="42.93616496957837" lon="-1.7558750230819056"><ele>619.27001953</ele></trkpt><trkpt lat="42.936075031757355" lon="-1.7560480255633648"><ele>620.25</ele></trkpt><trkpt lat="42.936053750605105" lon="-1.7560590850563795"><ele>619.98999023</ele></trkpt><trkpt lat="42.93588551697589" lon="-1.756146513233499"><ele>622.08001709</ele></trkpt><trkpt lat="42.93571728326906" lon="-1.7562339409254"><ele>623.15002441</ele></trkpt><trkpt lat="42.93569600209594" lon="-1.75624500028789"><ele>623.22998047</ele></trkpt><trkpt lat="42.93567024453831" lon="-1.7562606227955972"><ele>623.52001953</ele></trkpt><trkpt lat="42.935505758026636" lon="-1.7563603870244406"><ele>624.57000732</ele></trkpt><trkpt lat="42.9354800004512" lon="-1.7563760094344563"><ele>624.71002197</ele></trkpt><trkpt lat="42.935441684970776" lon="-1.7564042132314155"><ele>624.89001465</ele></trkpt><trkpt lat="42.93528328740593" lon="-1.7565208083005677"><ele>626.09997559</ele></trkpt><trkpt lat="42.93524497188627" lon="-1.7565490119159233"><ele>626.5</ele></trkpt><trkpt lat="42.93520134875547" lon="-1.7565872632811732"><ele>626.79998779</ele></trkpt><trkpt lat="42.93504996704677" lon="-1.7567200032844608"><ele>627.79998779</ele></trkpt><trkpt lat="42.93489858517199" lon="-1.7568527426322695"><ele>629</ele></trkpt><trkpt lat="42.934854961931705" lon="-1.7568909935653205"><ele>629.30999756</ele></trkpt><trkpt lat="42.934848760477394" lon="-1.7568960759061891"><ele>629.39001465</ele></trkpt><trkpt lat="42.93469449047754" lon="-1.757022505970724"><ele>630.29998779</ele></trkpt><trkpt lat="42.93454022032599" lon="-1.757148935398231"><ele>631.08001709</ele></trkpt><trkpt lat="42.93453401885926" lon="-1.7571540176868456"><ele>631.08001709</ele></trkpt><trkpt lat="42.93441901914775" lon="-1.75717597827315"><ele>631.5300293</ele></trkpt><trkpt lat="42.93435397166219" lon="-1.7571793370540236"><ele>631.88000488</ele></trkpt><trkpt lat="42.93417402003843" lon="-1.7571886289599854"><ele>632.70001221</ele></trkpt><trkpt lat="42.934108972549446" lon="-1.7571919877082125"><ele>632.98999023</ele></trkpt><trkpt lat="42.93402120397539" lon="-1.7571818533513939"><ele>633.36999512</ele></trkpt><trkpt lat="42.93384176752982" lon="-1.7571611344796376"><ele>634.29998779</ele></trkpt><trkpt lat="42.93375399895012" lon="-1.7571510002016928"><ele>634.7800293</ele></trkpt><trkpt lat="42.93368930582383" lon="-1.757144929168381"><ele>635.09002686</ele></trkpt><trkpt lat="42.9335096513098" lon="-1.757128069807953"><ele>636.16998291</ele></trkpt><trkpt lat="42.93344495818018" lon="-1.7571219988167206"><ele>636.60998535</ele></trkpt><trkpt lat="42.93340050804811" lon="-1.757121500155286"><ele>636.83001709</ele></trkpt><trkpt lat="42.93322043304119" lon="-1.7571194799931702"><ele>637.89001465</ele></trkpt><trkpt lat="42.93317598290741" lon="-1.7571189813315842"><ele>638.27001953</ele></trkpt><trkpt lat="42.933033993467674" lon="-1.7571649979800017"><ele>638.90002441</ele></trkpt><trkpt lat="42.93303701095284" lon="-1.7571690212935145"><ele>638.90002441</ele></trkpt><trkpt lat="42.93296501040459" lon="-1.75724999047816"><ele>639.28997803</ele></trkpt><trkpt lat="42.932942965999246" lon="-1.7573929857462687"><ele>639.90997314</ele></trkpt><trkpt lat="42.93294346945801" lon="-1.7574175139677553"><ele>639.98999023</ele></trkpt><trkpt lat="42.93294849756847" lon="-1.7576624946823125"><ele>641.04998779</ele></trkpt><trkpt lat="42.93294900096952" lon="-1.7576870229095185"><ele>641.19000244</ele></trkpt><trkpt lat="42.93294727972386" lon="-1.7577515656724179"><ele>641.38000488</ele></trkpt><trkpt lat="42.93294074792516" lon="-1.7579964806793127"><ele>642.42999268</ele></trkpt><trkpt lat="42.932939026504755" lon="-1.758061023429036"><ele>642.66998291</ele></trkpt><trkpt lat="42.932917987927794" lon="-1.7583030089735943"><ele>642.69000244</ele></trkpt><trkpt lat="42.93279703706502" lon="-1.75839797593653"><ele>641.89001465</ele></trkpt><trkpt lat="42.932795894681526" lon="-1.7583983632230185"><ele>641.89001465</ele></trkpt><trkpt lat="42.9326211536538" lon="-1.7584576030790107"><ele>640.95001221</ele></trkpt><trkpt lat="42.93262001127003" lon="-1.7584579903632351"><ele>640.95001221</ele></trkpt><trkpt lat="42.93246000073849" lon="-1.7585449945181681"><ele>639.94000244</ele></trkpt><trkpt lat="42.93245868976979" lon="-1.7585460398189254"><ele>639.94000244</ele></trkpt><trkpt lat="42.932303312833625" lon="-1.7586699292274193"><ele>638.73999023</ele></trkpt><trkpt lat="42.9323020018637" lon="-1.7586709745228297"><ele>638.73999023</ele></trkpt><trkpt lat="42.9322060290724" lon="-1.7587429750710715"><ele>637.88000488</ele></trkpt><trkpt lat="42.932150037959204" lon="-1.758756972849376"><ele>637.54998779</ele></trkpt><trkpt lat="42.932103015482426" lon="-1.7588260397314992"><ele>636.98999023</ele></trkpt><trkpt lat="42.932067979127154" lon="-1.7589630000293233"><ele>636.66998291</ele></trkpt><trkpt lat="42.932136040180914" lon="-1.7591240163892468"><ele>636.2800293</ele></trkpt><trkpt lat="42.93222597800195" lon="-1.7593029700219585"><ele>635.85998535</ele></trkpt><trkpt lat="42.932294039055705" lon="-1.759504973888403"><ele>635.16998291</ele></trkpt><trkpt lat="42.93231298215685" lon="-1.7597239930182678"><ele>634.16998291</ele></trkpt><trkpt lat="42.932312540451065" lon="-1.7597584677614269"><ele>633.83001709</ele></trkpt><trkpt lat="42.93230940063337" lon="-1.7600035043699578"><ele>632.40002441</ele></trkpt><trkpt lat="42.93230895884335" lon="-1.7600379791110743"><ele>632.41998291</ele></trkpt><trkpt lat="42.93231471869918" lon="-1.7600603459790183"><ele>632.0300293</ele></trkpt><trkpt lat="42.93237427757545" lon="-1.7602916282662757"><ele>631.2800293</ele></trkpt><trkpt lat="42.932380037382245" lon="-1.7603139951825189"><ele>631.2800293</ele></trkpt><trkpt lat="42.932409677661255" lon="-1.7603842508111773"><ele>630.7199707</ele></trkpt><trkpt lat="42.93249934369335" lon="-1.7605967850414577"><ele>629.47998047</ele></trkpt><trkpt lat="42.932528983801596" lon="-1.760667040944106"><ele>629.30999756</ele></trkpt><trkpt lat="42.93258052437123" lon="-1.7607594222319602"><ele>628.07000732</ele></trkpt><trkpt lat="42.932689421790705" lon="-1.7609546108450207"><ele>627.16998291</ele></trkpt><trkpt lat="42.93274096213281" lon="-1.7610469926148606"><ele>626.45001221</ele></trkpt><trkpt lat="42.93274566152135" lon="-1.7610564566472473"><ele>626.45001221</ele></trkpt><trkpt lat="42.932846490487464" lon="-1.7612595154043438"><ele>626.34997559</ele></trkpt><trkpt lat="42.93294731909988" lon="-1.7614625748286654"><ele>625.02001953</ele></trkpt><trkpt lat="42.93295201845468" lon="-1.7614720389246934"><ele>625.02001953</ele></trkpt><trkpt lat="42.93296849454598" lon="-1.7615653719087192"><ele>624.48999023</ele></trkpt><trkpt lat="42.933010560665174" lon="-1.7618036682486873"><ele>623.32000732</ele></trkpt><trkpt lat="42.93302703648807" lon="-1.7618970014154856"><ele>622.91998291</ele></trkpt><trkpt lat="42.933025096707176" lon="-1.7619486312200197"><ele>622.70001221</ele></trkpt><trkpt lat="42.93301590063393" lon="-1.7621933882461567"><ele>621.83001709</ele></trkpt><trkpt lat="42.9330139607191" lon="-1.76224501803517"><ele>621.7199707</ele></trkpt><trkpt lat="42.93301363286105" lon="-1.7622456646760023"><ele>621.7199707</ele></trkpt><trkpt lat="42.932911358807395" lon="-1.7624473810913004"><ele>620.63000488</ele></trkpt><trkpt lat="42.93291103094816" lon="-1.7624480277299988"><ele>620.63000488</ele></trkpt><trkpt lat="42.93288862525626" lon="-1.7624743856314775"><ele>620.45001221</ele></trkpt><trkpt lat="42.932752387576855" lon="-1.762634654123779"><ele>619.33001709</ele></trkpt><trkpt lat="42.93272998183967" lon="-1.762661011889576"><ele>619.22998047</ele></trkpt><trkpt lat="42.932579023763545" lon="-1.7627930268645258"><ele>618.21002197</ele></trkpt><trkpt lat="42.93246201239525" lon="-1.7629210185259507"><ele>617.48999023</ele></trkpt><trkpt lat="42.93245064406418" lon="-1.7629303306832922"><ele>617.4699707</ele></trkpt><trkpt lat="42.93229635494333" lon="-1.7630567133438744"><ele>616.51000977</ele></trkpt><trkpt lat="42.93228498660027" lon="-1.7630660254508308"><ele>616.36999512</ele></trkpt><trkpt lat="42.93226606566328" lon="-1.7630776371352626"><ele>616.27001953</ele></trkpt><trkpt lat="42.9321019036837" lon="-1.7631783821841436"><ele>615.16998291</ele></trkpt><trkpt lat="42.93208298273386" lon="-1.763189993798736"><ele>615.09002686</ele></trkpt><trkpt lat="42.931920038536184" lon="-1.7632619943469716"><ele>614.29998779</ele></trkpt><trkpt lat="42.93176296167075" lon="-1.763287978246803"><ele>613.57000732</ele></trkpt><trkpt lat="42.93165600858627" lon="-1.7632530257105896"><ele>613.04998779</ele></trkpt><trkpt lat="42.93164551133541" lon="-1.7632526054694322"><ele>613.04998779</ele></trkpt><trkpt lat="42.93146550779943" lon="-1.7632453993228547"><ele>611.96002197</ele></trkpt><trkpt lat="42.931455010548234" lon="-1.7632449790835352"><ele>611.84002686</ele></trkpt><trkpt lat="42.93138739033458" lon="-1.7632505571470336"><ele>611.30999756</ele></trkpt><trkpt lat="42.93120763884511" lon="-1.7632653849708038"><ele>610.40997314</ele></trkpt><trkpt lat="42.93114001862705" lon="-1.7632709629833758"><ele>610</ele></trkpt><trkpt lat="42.930961987003684" lon="-1.7632650118321198"><ele>609.08001709</ele></trkpt><trkpt lat="42.93086802586913" lon="-1.7632550373673423"><ele>608.65997314</ele></trkpt><trkpt lat="42.93078303337095" lon="-1.7632729746401314"><ele>608.08001709</ele></trkpt><trkpt lat="42.93070902116596" lon="-1.7633329890668479"><ele>607.51000977</ele></trkpt><trkpt lat="42.930657975375645" lon="-1.7634339910000483"><ele>606.90002441</ele></trkpt><trkpt lat="42.93065799769069" lon="-1.763434149017888"><ele>606.90002441</ele></trkpt><trkpt lat="42.930691983587806" lon="-1.763674812698203"><ele>605.67999268</ele></trkpt><trkpt lat="42.930692005902515" lon="-1.7636749707162398"><ele>605.67999268</ele></trkpt><trkpt lat="42.9307630006224" lon="-1.7638410162180707"><ele>604.78997803</ele></trkpt><trkpt lat="42.93084799312056" lon="-1.7640030384063694"><ele>603.84002686</ele></trkpt><trkpt lat="42.93095603585243" lon="-1.7641890328377423"><ele>603.11999512</ele></trkpt><trkpt lat="42.93105301447211" lon="-1.7643620353192133"><ele>602.66998291</ele></trkpt><trkpt lat="42.931078787232636" lon="-1.7644727105275728"><ele>602.26000977</ele></trkpt><trkpt lat="42.93113318929739" lon="-1.7647063295208831"><ele>601.11999512</ele></trkpt><trkpt lat="42.931158961728215" lon="-1.7648170050233583"><ele>599.83001709</ele></trkpt><trkpt lat="42.931173991374045" lon="-1.7648993873180716"><ele>600</ele></trkpt><trkpt lat="42.931217383615554" lon="-1.765137236110659"><ele>598.88000488</ele></trkpt><trkpt lat="42.9312607753666" lon="-1.7653750852479921"><ele>597.90002441</ele></trkpt><trkpt lat="42.931304166627214" lon="-1.7656129347300953"><ele>597.46002197</ele></trkpt><trkpt lat="42.931347557397366" lon="-1.7658507845569564"><ele>597.26000977</ele></trkpt><trkpt lat="42.931390947677066" lon="-1.7660886347285594"><ele>596.63000488</ele></trkpt><trkpt lat="42.93140597641468" lon="-1.7661710176616896"><ele>596.53997803</ele></trkpt><trkpt lat="42.931406777601715" lon="-1.7661750983700275"><ele>596.53997803</ele></trkpt><trkpt lat="42.93145326265407" lon="-1.7664118634369095"><ele>596.60998535</ele></trkpt><trkpt lat="42.931499747220705" lon="-1.766648628870526"><ele>596.59002686</ele></trkpt><trkpt lat="42.93154623130162" lon="-1.766885394670864"><ele>596.45001221</ele></trkpt><trkpt lat="42.93159271489679" lon="-1.7671221608379064"><ele>596.32000732</ele></trkpt><trkpt lat="42.93163919800622" lon="-1.7673589273716643"><ele>595.47998047</ele></trkpt><trkpt lat="42.93163999915122" lon="-1.7673630081117064"><ele>595.47998047</ele></trkpt><trkpt lat="42.931645406443984" lon="-1.7673943894477375"><ele>595.83001709</ele></trkpt><trkpt lat="42.93168651902991" lon="-1.7676329890026765"><ele>596.40002441</ele></trkpt><trkpt lat="42.9317276311221" lon="-1.7678715888859453"><ele>596.2199707</ele></trkpt><trkpt lat="42.93173303827644" lon="-1.7679029703140305"><ele>596.20001221</ele></trkpt><trkpt lat="42.931738989427686" lon="-1.7681229952722777"><ele>595.84997559</ele></trkpt><trkpt lat="42.93165600858629" lon="-1.768213016912345"><ele>595.15997314</ele></trkpt><trkpt lat="42.93159800581634" lon="-1.7683479655534045"><ele>594.40997314</ele></trkpt><trkpt lat="42.93144998140632" lon="-1.7684389930218434"><ele>593.54998779</ele></trkpt><trkpt lat="42.931287037208676" lon="-1.7684860154986437"><ele>592.23999023</ele></trkpt><trkpt lat="42.931139012798674" lon="-1.7685349658131548"><ele>590.96002197</ele></trkpt><trkpt lat="42.9311124474365" lon="-1.7685280436939503"><ele>590.84002686</ele></trkpt><trkpt lat="42.930935578741376" lon="-1.7684819572810473"><ele>589.95001221</ele></trkpt><trkpt lat="42.93090901337565" lon="-1.768475035205477"><ele>589.84002686</ele></trkpt><trkpt lat="42.93074799701571" lon="-1.7684779688716024"><ele>588.88000488</ele></trkpt><trkpt lat="42.93057600036263" lon="-1.7684560082852763"><ele>587.90002441</ele></trkpt><trkpt lat="42.93054960761425" lon="-1.7684465934115305"><ele>587.80999756</ele></trkpt><trkpt lat="42.93037541117915" lon="-1.7683844539151206"><ele>586.90997314</ele></trkpt><trkpt lat="42.93034901842473" lon="-1.7683750391006496"><ele>586.90002441</ele></trkpt><trkpt lat="42.930232007056475" lon="-1.7682870291173405"><ele>586.48999023</ele></trkpt><trkpt lat="42.930097980424755" lon="-1.768165994435547"><ele>586.15002441</ele></trkpt><trkpt lat="42.93001499958337" lon="-1.7680870369076813"><ele>585.69000244</ele></trkpt><trkpt lat="42.92993000708519" lon="-1.7680769786238686"><ele>585.01000977</ele></trkpt><trkpt lat="42.92981299571693" lon="-1.7680649925023308"><ele>583.82000732</ele></trkpt><trkpt lat="42.929806960746646" lon="-1.7680639866739458"><ele>583.82000732</ele></trkpt><trkpt lat="42.92980544096481" lon="-1.7680647867968031"><ele>583.82000732</ele></trkpt><trkpt lat="42.92963748970449" lon="-1.7681532081956244"><ele>582.34002686</ele></trkpt><trkpt lat="42.92963596992195" lon="-1.7681540083140186"><ele>582.34002686</ele></trkpt><trkpt lat="42.92959084784409" lon="-1.7681801006171514"><ele>581.92999268</ele></trkpt><trkpt lat="42.92942510870859" lon="-1.768275940601859"><ele>580.64001465</ele></trkpt><trkpt lat="42.929379986599066" lon="-1.768302032724032"><ele>580.33001709</ele></trkpt><trkpt lat="42.92937537719888" lon="-1.7683056564534791"><ele>580.28997803</ele></trkpt><trkpt lat="42.92921944557664" lon="-1.768428243393112"><ele>579.02001953</ele></trkpt><trkpt lat="42.929063513811215" lon="-1.768550829708077"><ele>577.77001953</ele></trkpt><trkpt lat="42.928907581902614" lon="-1.768673415398407"><ele>576.60998535</ele></trkpt><trkpt lat="42.928902972489595" lon="-1.768677039071914"><ele>576.60998535</ele></trkpt><trkpt lat="42.92879601940512" lon="-1.7688320204615584"><ele>575.27001953</ele></trkpt><trkpt lat="42.928726030513644" lon="-1.7689699865877602"><ele>574.41998291</ele></trkpt><trkpt lat="42.92871102690697" lon="-1.7692070268094562"><ele>573.26000977</ele></trkpt><trkpt lat="42.92872200720012" lon="-1.7693449929356648"><ele>572.45001221</ele></trkpt><trkpt lat="42.928795013576725" lon="-1.7694790195673655"><ele>572.08001709</ele></trkpt><trkpt lat="42.928807051729194" lon="-1.7694896797558475"><ele>572.0300293</ele></trkpt><trkpt lat="42.92895798957557" lon="-1.769623340712733"><ele>571.30999756</ele></trkpt><trkpt lat="42.92897002771497" lon="-1.7696340009570188"><ele>571.36999512</ele></trkpt><trkpt lat="42.9289735316101" lon="-1.7696381059445474"><ele>571.36999512</ele></trkpt><trkpt lat="42.92911000561247" lon="-1.76979799252208"><ele>570.41998291</ele></trkpt><trkpt lat="42.92924647939707" lon="-1.7699578798039566"><ele>569.57000732</ele></trkpt><trkpt lat="42.92924998328088" lon="-1.769961984828114"><ele>569.4699707</ele></trkpt><trkpt lat="42.92925759103559" lon="-1.7699732545044762"><ele>569.4699707</ele></trkpt><trkpt lat="42.92937941966151" lon="-1.770153724799284"><ele>568.84002686</ele></trkpt><trkpt lat="42.92938702739775" lon="-1.7701649945229259"><ele>568.7800293</ele></trkpt><trkpt lat="42.9294310323894" lon="-1.7703329678624802"><ele>568.26000977</ele></trkpt><trkpt lat="42.92943227240924" lon="-1.770355412800149"><ele>568.15997314</ele></trkpt><trkpt lat="42.92944577306321" lon="-1.7705997861476772"><ele>567.28997803</ele></trkpt><trkpt lat="42.9294592731967" lon="-1.7708441596139195"><ele>566.29998779</ele></trkpt><trkpt lat="42.92947277280971" lon="-1.7710885331988964"><ele>565.39001465</ele></trkpt><trkpt lat="42.92948627190221" lon="-1.771332906902592"><ele>564.47998047</ele></trkpt><trkpt lat="42.929499770474216" lon="-1.7715772807250045"><ele>563.58001709</ele></trkpt><trkpt lat="42.92951326852575" lon="-1.771821654666113"><ele>562.75</ele></trkpt><trkpt lat="42.92952676605678" lon="-1.7720660287259085"><ele>561.96002197</ele></trkpt><trkpt lat="42.92954026306732" lon="-1.772310402904413"><ele>561.16998291</ele></trkpt><trkpt lat="42.92955375955736" lon="-1.7725547772015868"><ele>560.44000244</ele></trkpt><trkpt lat="42.92956725552689" lon="-1.772799151617456"><ele>559.69000244</ele></trkpt><trkpt lat="42.92958075097594" lon="-1.7730435261519943"><ele>558.90997314</ele></trkpt><trkpt lat="42.92958199046553" lon="-1.7730659712105936"><ele>558.90997314</ele></trkpt><trkpt lat="42.929590959101915" lon="-1.7733080405741972"><ele>558.34997559</ele></trkpt><trkpt lat="42.92954100295901" lon="-1.7734259739518194"><ele>557.73999023</ele></trkpt><trkpt lat="42.92952438377165" lon="-1.7734384146836217"><ele>557.7199707</ele></trkpt><trkpt lat="42.92936659858864" lon="-1.7735565285590806"><ele>556.28997803</ele></trkpt><trkpt lat="42.92934997938573" lon="-1.7735689692199152"><ele>556.04998779</ele></trkpt><trkpt lat="42.92933188737235" lon="-1.773585033944086"><ele>556</ele></trkpt><trkpt lat="42.92918107116203" lon="-1.7737189500860406"><ele>554.61999512</ele></trkpt><trkpt lat="42.929162979126005" lon="-1.7737350147217439"><ele>554.52001953</ele></trkpt><trkpt lat="42.92914014349389" lon="-1.7737728270399744"><ele>554.22998047</ele></trkpt><trkpt lat="42.92902580430421" lon="-1.7739621545300595"><ele>553.02001953</ele></trkpt><trkpt lat="42.92900296859443" lon="-1.773999966681007"><ele>553.09002686</ele></trkpt><trkpt lat="42.92899903148022" lon="-1.7740414723238331"><ele>552.9699707</ele></trkpt><trkpt lat="42.928975976589605" lon="-1.774284517105482"><ele>552.86999512</ele></trkpt><trkpt lat="42.92897203937172" lon="-1.7743260227143764"><ele>552.78997803</ele></trkpt><trkpt lat="42.92896977707679" lon="-1.7743370233245606"><ele>552.72998047</ele></trkpt><trkpt lat="42.928921244243554" lon="-1.7745730171013823"><ele>552.55999756</ele></trkpt><trkpt lat="42.92891898192465" lon="-1.7745840176939907"><ele>552.48999023</ele></trkpt><trkpt lat="42.92881001718343" lon="-1.7746840137988327"><ele>552.15002441</ele></trkpt><trkpt lat="42.928712032735355" lon="-1.7747710179537575"><ele>552.05999756</ele></trkpt><trkpt lat="42.92855503968892" lon="-1.774830026552077"><ele>551.51000977</ele></trkpt><trkpt lat="42.928445991128655" lon="-1.7750199604779504"><ele>550.64001465</ele></trkpt><trkpt lat="42.92842197462089" lon="-1.7750498282682134"><ele>550.53997803</ele></trkpt><trkpt lat="42.92828904240045" lon="-1.7752151469397706"><ele>549.48999023</ele></trkpt><trkpt lat="42.92826502583921" lon="-1.7752450145781031"><ele>549.36999512</ele></trkpt><trkpt lat="42.92822875719553" lon="-1.7753058494021485"><ele>548.9699707</ele></trkpt><trkpt lat="42.92811530018957" lon="-1.775496154483806"><ele>547.90002441</ele></trkpt><trkpt lat="42.928079031407826" lon="-1.7755569890141454"><ele>547.54998779</ele></trkpt><trkpt lat="42.927952967584126" lon="-1.7756719887256633"><ele>546.86999512</ele></trkpt><trkpt lat="42.92794198729098" lon="-1.7758159898221497"><ele>546.36999512</ele></trkpt><trkpt lat="42.92796696536244" lon="-1.7759770061820848"><ele>545.97998047</ele></trkpt><trkpt lat="42.92796906912151" lon="-1.7759863431076475"><ele>545.97998047</ele></trkpt><trkpt lat="42.92802185856461" lon="-1.7762206350772247"><ele>544.90997314</ele></trkpt><trkpt lat="42.928023962303996" lon="-1.7762299720197916"><ele>544.90997314</ele></trkpt><trkpt lat="42.92802811532265" lon="-1.7762480543842691"><ele>544.73999023</ele></trkpt><trkpt lat="42.928081835408264" lon="-1.7764819545407993"><ele>543.54998779</ele></trkpt><trkpt lat="42.92808598838747" lon="-1.77650003693998"><ele>543.54998779</ele></trkpt><trkpt lat="42.928095962852225" lon="-1.7766250111162767"><ele>543.13000488</ele></trkpt><trkpt lat="42.92806796729564" lon="-1.7767609655857073"><ele>542.76000977</ele></trkpt><trkpt lat="42.928000995889306" lon="-1.7768440302461341"><ele>541.86999512</ele></trkpt><trkpt lat="42.92793603613971" lon="-1.776900021359331"><ele>541.55999756</ele></trkpt><trkpt lat="42.927860012277975" lon="-1.776846041902901"><ele>541.04998779</ele></trkpt><trkpt lat="42.927787005901344" lon="-1.7767690122127586"><ele>540.70001221</ele></trkpt><trkpt lat="42.92769103311002" lon="-1.7767530027776919"><ele>540.17999268</ele></trkpt><trkpt lat="42.927609980106354" lon="-1.7767420224845463"><ele>539.69000244</ele></trkpt><trkpt lat="42.92751300148666" lon="-1.7767680063843805"><ele>539.26000977</ele></trkpt><trkpt lat="42.9274410009384" lon="-1.7768300324678485"><ele>539.05999756</ele></trkpt><trkpt lat="42.92738299816845" lon="-1.7770059686154165"><ele>538.54998779</ele></trkpt><trkpt lat="42.927367994561784" lon="-1.7772280052304315"><ele>537.65002441</ele></trkpt><trkpt lat="42.92741803452373" lon="-1.7774500418454484"><ele>536.86999512</ele></trkpt><trkpt lat="42.927427321964686" lon="-1.777493386711197"><ele>536.7199707</ele></trkpt><trkpt lat="42.92747773025044" lon="-1.777728645794554"><ele>536.22998047</ele></trkpt><trkpt lat="42.92748701758683" lon="-1.7777719907462604"><ele>536.22998047</ele></trkpt><trkpt lat="42.92749296873806" lon="-1.7779770120978367"><ele>535.90002441</ele></trkpt><trkpt lat="42.92743697762489" lon="-1.778139034286136"><ele>535.45001221</ele></trkpt><trkpt lat="42.92743547975325" lon="-1.7781410190912104"><ele>535.45001221</ele></trkpt><trkpt lat="42.92730646052472" lon="-1.778311979808648"><ele>535.13000488</ele></trkpt><trkpt lat="42.92730496264995" lon="-1.7783139646053379"><ele>535.13000488</ele></trkpt><trkpt lat="42.92724882786972" lon="-1.7783843420042995"><ele>534.89001465</ele></trkpt><trkpt lat="42.927116386555696" lon="-1.7785503858370062"><ele>534.34997559</ele></trkpt><trkpt lat="42.926983944988955" lon="-1.7787164289571222"><ele>533.94000244</ele></trkpt><trkpt lat="42.92685150316953" lon="-1.7788824713646478"><ele>533.5300293</ele></trkpt><trkpt lat="42.9267190610974" lon="-1.7790485130596045"><ele>533.03997803</ele></trkpt><trkpt lat="42.92658661877255" lon="-1.779214554041966"><ele>532.64001465</ele></trkpt><trkpt lat="42.926454176195044" lon="-1.7793805943117675"><ele>531.89001465</ele></trkpt><trkpt lat="42.92639804072679" lon="-1.7794509697705574"><ele>531.79998779</ele></trkpt><trkpt lat="42.926270971074715" lon="-1.7795679811388212"><ele>531.54998779</ele></trkpt><trkpt lat="42.92616703547539" lon="-1.7796419933438257"><ele>531.34997559</ele></trkpt><trkpt lat="42.926025968044975" lon="-1.7796429991722207"><ele>530.82000732</ele></trkpt><trkpt lat="42.92585799470544" lon="-1.779646016657356"><ele>530.2199707</ele></trkpt><trkpt lat="42.925714999437325" lon="-1.7796399816870614"><ele>529.73999023</ele></trkpt><trkpt lat="42.9256470222026" lon="-1.7797050252556776"><ele>529.54998779</ele></trkpt><trkpt lat="42.92563000693918" lon="-1.7798330169171064"><ele>529.41998291</ele></trkpt><trkpt lat="42.92563292106461" lon="-1.7798490619323553"><ele>529.52001953</ele></trkpt><trkpt lat="42.9256761269826" lon="-1.7800869529782983"><ele>529.63000488</ele></trkpt><trkpt lat="42.9256790410727" lon="-1.7801029980182614"><ele>529.63000488</ele></trkpt><trkpt lat="42.92568096891045" lon="-1.7803100310265985"><ele>529.32000732</ele></trkpt><trkpt lat="42.925576027482734" lon="-1.780449002981189"><ele>528.7199707</ele></trkpt><trkpt lat="42.925565217370476" lon="-1.7804633077427248"><ele>528.69000244</ele></trkpt><trkpt lat="42.92543611425827" lon="-1.7806341462078283"><ele>527.64001465</ele></trkpt><trkpt lat="42.92530701087939" lon="-1.7808049839589473"><ele>526.66998291</ele></trkpt><trkpt lat="42.925177907233845" lon="-1.78097582099606"><ele>525.79998779</ele></trkpt><trkpt lat="42.925048803321616" lon="-1.7811466573191834"><ele>525.02001953</ele></trkpt><trkpt lat="42.92503799311817" lon="-1.7811609618365818"><ele>524.95001221</ele></trkpt><trkpt lat="42.9249849741347" lon="-1.781233280192175"><ele>524.58001709</ele></trkpt><trkpt lat="42.92485778918741" lon="-1.7814067607978934"><ele>523.70001221</ele></trkpt><trkpt lat="42.92473060396557" lon="-1.7815802406897228"><ele>522.76000977</ele></trkpt><trkpt lat="42.92460341846919" lon="-1.7817537198676674"><ele>521.79998779</ele></trkpt><trkpt lat="42.92447623269828" lon="-1.7819271983317304"><ele>521</ele></trkpt><trkpt lat="42.924349046652836" lon="-1.7821006760819331"><ele>520.2199707</ele></trkpt><trkpt lat="42.92429602704944" lon="-1.7821729928255043"><ele>519.98999023</ele></trkpt><trkpt lat="42.924284518858734" lon="-1.7821876444316938"><ele>519.98999023</ele></trkpt><trkpt lat="42.92415301969756" lon="-1.7823550614883992"><ele>519.40997314</ele></trkpt><trkpt lat="42.924021520279744" lon="-1.782522477832001"><ele>518.97998047</ele></trkpt><trkpt lat="42.9238900206053" lon="-1.7826898934624948"><ele>519.07000732</ele></trkpt><trkpt lat="42.9237585206742" lon="-1.7828573083798944"><ele>519.15997314</ele></trkpt><trkpt lat="42.92374701239168" lon="-1.782871959730982"><ele>519.09002686</ele></trkpt><trkpt lat="42.92374478840224" lon="-1.7828748469966431"><ele>519.09002686</ele></trkpt><trkpt lat="42.923614494637896" lon="-1.7830439986626945"><ele>519.13000488</ele></trkpt><trkpt lat="42.92348420061185" lon="-1.7832131496150945"><ele>518.90997314</ele></trkpt><trkpt lat="42.923481976613395" lon="-1.7832160368561836"><ele>519.07000732</ele></trkpt><trkpt lat="42.92341841378901" lon="-1.7832991291532516"><ele>519.02001953</ele></trkpt><trkpt lat="42.92328855047863" lon="-1.7834688917585748"><ele>519.51000977</ele></trkpt><trkpt lat="42.92322498746215" lon="-1.7835519835352862"><ele>519.96002197</ele></trkpt><trkpt lat="42.9232229730232" lon="-1.7835554867914845"><ele>519.96002197</ele></trkpt><trkpt lat="42.923112002195815" lon="-1.7837484725015127"><ele>520.71002197</ele></trkpt><trkpt lat="42.92310998775065" lon="-1.7837519757449696"><ele>520.97998047</ele></trkpt><trkpt lat="42.923080637630804" lon="-1.7837971693036954"><ele>521.15002441</ele></trkpt><trkpt lat="42.92296139015991" lon="-1.7839807868177457"><ele>522.11999512</ele></trkpt><trkpt lat="42.9229320399463" lon="-1.7840259801596459"><ele>522.30999756</ele></trkpt><trkpt lat="42.922871565051416" lon="-1.7841022201366372"><ele>522.64001465</ele></trkpt><trkpt lat="42.922739465354006" lon="-1.7842687558929706"><ele>522.70001221</ele></trkpt><trkpt lat="42.92267899028957" lon="-1.7843449953943424"><ele>522.30999756</ele></trkpt><trkpt lat="42.92263494972218" lon="-1.7843967467469026"><ele>522.05999756</ele></trkpt><trkpt lat="42.922498656074545" lon="-1.7845569025378842"><ele>520.98999023</ele></trkpt><trkpt lat="42.92236236219093" lon="-1.7847170576209088"><ele>519.98999023</ele></trkpt><trkpt lat="42.922226068071325" lon="-1.784877211995961"><ele>519.01000977</ele></trkpt><trkpt lat="42.92218202725054" lon="-1.7849289625883107"><ele>518.59002686</ele></trkpt><trkpt lat="42.922181166879525" lon="-1.7849300344461017"><ele>518.59002686</ele></trkpt><trkpt lat="42.92204834613749" lon="-1.7850955031822862"><ele>517.73999023</ele></trkpt><trkpt lat="42.92191552514444" lon="-1.7852609712063712"><ele>516.88000488</ele></trkpt><trkpt lat="42.9217827039004" lon="-1.7854264385183654"><ele>515.98999023</ele></trkpt><trkpt lat="42.921649882405355" lon="-1.7855919051182516"><ele>515.21002197</ele></trkpt><trkpt lat="42.92164902202785" lon="-1.7855929769575662"><ele>515.21002197</ele></trkpt><trkpt lat="42.921605484551684" lon="-1.785638633660351"><ele>514.95001221</ele></trkpt><trkpt lat="42.92146284843607" lon="-1.7857882121253752"><ele>513.96002197</ele></trkpt><trkpt lat="42.921320212113" lon="-1.7859377898971263"><ele>512.85998535</ele></trkpt><trkpt lat="42.92117757558247" lon="-1.7860873669755586"><ele>511.73999023</ele></trkpt><trkpt lat="42.921134037896984" lon="-1.786133022978909"><ele>511.39001465</ele></trkpt><trkpt lat="42.92109936744924" lon="-1.7861659869991464"><ele>511.23999023</ele></trkpt><trkpt lat="42.92095175242907" lon="-1.7863063361046332"><ele>510.26000977</ele></trkpt><trkpt lat="42.920804137224785" lon="-1.7864466845357554"><ele>509.45999146</ele></trkpt><trkpt lat="42.92065652183644" lon="-1.786587032292514"><ele>508.70999146</ele></trkpt><trkpt lat="42.92050890626402" lon="-1.7867273793749368"><ele>508.05999756</ele></trkpt><trkpt lat="42.920361290507515" lon="-1.7868677257830077"><ele>507.8500061</ele></trkpt><trkpt lat="42.92021367456693" lon="-1.7870080715167547"><ele>507.69000244</ele></trkpt><trkpt lat="42.920179003849626" lon="-1.7870410345494732"><ele>507.67001343</ele></trkpt><trkpt lat="42.92014301225097" lon="-1.7870778089205215"><ele>507.67001343</ele></trkpt><trkpt lat="42.919999010634115" lon="-1.78722494183409"><ele>507.73999023</ele></trkpt><trkpt lat="42.919855008816114" lon="-1.787372074058921"><ele>507.82000732</ele></trkpt><trkpt lat="42.919711006797" lon="-1.787519205594984"><ele>507.8999939</ele></trkpt><trkpt lat="42.919567004576784" lon="-1.7876663364423067"><ele>507.89001465</ele></trkpt><trkpt lat="42.91942300215545" lon="-1.7878134666008951"><ele>507.85998535</ele></trkpt><trkpt lat="42.91927899953299" lon="-1.7879605960707508"><ele>507.8999939</ele></trkpt><trkpt lat="42.91913499670944" lon="-1.788107724851861"><ele>507.8500061</ele></trkpt><trkpt lat="42.91899099368477" lon="-1.7882548529442668"><ele>507.58999634</ele></trkpt><trkpt lat="42.918846990458995" lon="-1.788401980347961"><ele>507.23001099</ele></trkpt><trkpt lat="42.918702987032134" lon="-1.7885491070629482"><ele>506.73999023</ele></trkpt><trkpt lat="42.918558983404154" lon="-1.788696233089209"><ele>506.04998779</ele></trkpt><trkpt lat="42.91852299124002" lon="-1.7887330055236863"><ele>505.8999939</ele></trkpt><trkpt lat="42.91850672629884" lon="-1.7887490082425979"><ele>505.83999634</ele></trkpt><trkpt lat="42.918360799119434" lon="-1.788892582310286"><ele>505.17001343</ele></trkpt><trkpt lat="42.91821487174796" lon="-1.7890361556964691"><ele>504.47000122</ele></trkpt><trkpt lat="42.91806894418442" lon="-1.7891797284011834"><ele>503.95001221</ele></trkpt><trkpt lat="42.91792301642881" lon="-1.789323300424409"><ele>503.20001221</ele></trkpt><trkpt lat="42.91777708848112" lon="-1.789466871766177"><ele>502.48001099</ele></trkpt><trkpt lat="42.91763116034139" lon="-1.7896104424264767"><ele>501.79000854</ele></trkpt><trkpt lat="42.91748523200958" lon="-1.789754012405322"><ele>501.17001343</ele></trkpt><trkpt lat="42.917468966916175" lon="-1.7897700145840676"><ele>501.11999512</ele></trkpt><trkpt lat="42.91744467484101" lon="-1.789793655207935"><ele>501.01000977</ele></trkpt><trkpt lat="42.91729820369881" lon="-1.7899361978652988"><ele>500.42999268</ele></trkpt><trkpt lat="42.91715173236714" lon="-1.7900787398434548"><ele>499.91000366</ele></trkpt><trkpt lat="42.917005260845976" lon="-1.7902212811423919"><ele>499.41000366</ele></trkpt><trkpt lat="42.91685878913534" lon="-1.7903638217621372"><ele>498.8500061</ele></trkpt><trkpt lat="42.91671231723522" lon="-1.7905063617026797"><ele>498.41000366</ele></trkpt><trkpt lat="42.91668802499771" lon="-1.7905300017446302"><ele>498.32998657</ele></trkpt><trkpt lat="42.91668184942642" lon="-1.7905357195010712"><ele>498.32998657</ele></trkpt><trkpt lat="42.91653296898683" lon="-1.7906735625233368"><ele>497.79998779</ele></trkpt><trkpt lat="42.916384088369284" lon="-1.7908114048774104"><ele>497.23999023</ele></trkpt><trkpt lat="42.91623520757379" lon="-1.7909492465632897"><ele>496.82998657</ele></trkpt><trkpt lat="42.91622903198003" lon="-1.790954964235433"><ele>496.88000488</ele></trkpt><trkpt lat="42.916197517611955" lon="-1.7909918615951916"><ele>496.76998901</ele></trkpt><trkpt lat="42.91606101793476" lon="-1.7911516762748532"><ele>496.55999756</ele></trkpt><trkpt lat="42.91592451802256" lon="-1.7913114902471103"><ele>496.47000122</ele></trkpt><trkpt lat="42.91578801787537" lon="-1.7914713035119842"><ele>496.58999634</ele></trkpt><trkpt lat="42.9156515174932" lon="-1.791631116069459"><ele>498.22000122</ele></trkpt><trkpt lat="42.91562000289558" lon="-1.7916680127382343"><ele>498.13000488</ele></trkpt><trkpt lat="42.91554590366003" lon="-1.7917279278221712"><ele>498.30999756</ele></trkpt><trkpt lat="42.91539109643672" lon="-1.791853101131651"><ele>497.5</ele></trkpt><trkpt lat="42.91531699709594" lon="-1.791913015767942"><ele>497.04998779</ele></trkpt><trkpt lat="42.9153131410916" lon="-1.7919149325724386"><ele>497.04998779</ele></trkpt><trkpt lat="42.915143994652304" lon="-1.7919990143398539"><ele>496.48999023</ele></trkpt><trkpt lat="42.914974848140695" lon="-1.7920830956381526"><ele>496.73001099</ele></trkpt><trkpt lat="42.91497099213302" lon="-1.7920850124210164"><ele>496.73001099</ele></trkpt><trkpt lat="42.9149553430572" lon="-1.792089225890352"><ele>496.73001099</ele></trkpt><trkpt lat="42.91477868619391" lon="-1.7921367900921492"><ele>496.32998657</ele></trkpt><trkpt lat="42.91476303711534" lon="-1.792141003534205"><ele>496.3999939</ele></trkpt><trkpt lat="42.91472901375292" lon="-1.7921670058413817"><ele>496.26998901</ele></trkpt><trkpt lat="42.91457200641385" lon="-1.792286998042404"><ele>496.13000488</ele></trkpt><trkpt lat="42.914537983015194" lon="-1.7923130001872773"><ele>496.1499939</ele></trkpt><trkpt lat="42.91449063144209" lon="-1.7923450021603997"><ele>496.13000488</ele></trkpt><trkpt lat="42.91432935130915" lon="-1.792454000914287"><ele>496.17001343</ele></trkpt><trkpt lat="42.914281999692314" lon="-1.7924860026687368"><ele>496.23999023</ele></trkpt><trkpt lat="42.914265242344655" lon="-1.792505196251495"><ele>496.17999268</ele></trkpt><trkpt lat="42.91412747945164" lon="-1.7926629869977544"><ele>496.27999878</ele></trkpt><trkpt lat="42.913989716329226" lon="-1.79282077703889"><ele>496.54998779</ele></trkpt><trkpt lat="42.91397295892238" lon="-1.7928399704396691"><ele>496.48001099</ele></trkpt><trkpt lat="42.913914494555826" lon="-1.7929162165735795"><ele>496.57000732</ele></trkpt><trkpt lat="42.91378449259282" lon="-1.7930857574907095"><ele>496.89001465</ele></trkpt><trkpt lat="42.913726028054946" lon="-1.793162003159516"><ele>497.32000732</ele></trkpt><trkpt lat="42.913694527899686" lon="-1.7931992090441111"><ele>497.01000977</ele></trkpt><trkpt lat="42.9135585418966" lon="-1.793359826041864"><ele>497.20999146</ele></trkpt><trkpt lat="42.91352704167365" lon="-1.7933970317244472"><ele>497.3999939</ele></trkpt><trkpt lat="42.9135169493453" lon="-1.7934104390134298"><ele>497.67999268</ele></trkpt><trkpt lat="42.91338810378619" lon="-1.7935816050486393"><ele>497.45001221</ele></trkpt><trkpt lat="42.91337801143526" lon="-1.7935950122773585"><ele>497.5</ele></trkpt><trkpt lat="42.913368328364996" lon="-1.793617640641507"><ele>497.41000366</ele></trkpt><trkpt lat="42.91327772398331" lon="-1.7938293731371482"><ele>497.92001343</ele></trkpt><trkpt lat="42.91326804086566" lon="-1.793852001428601"><ele>497.86999512</ele></trkpt><trkpt lat="42.913250597982916" lon="-1.7939062699790294"><ele>497.88000488</ele></trkpt><trkpt lat="42.91317844697925" lon="-1.794130746045995"><ele>498.01998901</ele></trkpt><trkpt lat="42.91316100396216" lon="-1.794185014441601"><ele>498.04998779</ele></trkpt><trkpt lat="42.91314662191058" lon="-1.7942126192306027"><ele>498.04000854</ele></trkpt><trkpt lat="42.9130424840839" lon="-1.7944124997271451"><ele>498.26000977</ele></trkpt><trkpt lat="42.9129383458981" lon="-1.7946123795544064"><ele>498.51000977</ele></trkpt><trkpt lat="42.912923963740475" lon="-1.7946399841457614"><ele>498.54000854</ele></trkpt><trkpt lat="42.912883819883604" lon="-1.7947162801404617"><ele>498.73001099</ele></trkpt><trkpt lat="42.91277899906641" lon="-1.7949154979452315"><ele>499.02999878</ele></trkpt><trkpt lat="42.91267417789235" lon="-1.7951147150784386"><ele>499.39001465</ele></trkpt><trkpt lat="42.91263403370977" lon="-1.7951910104602578"><ele>499.48999023</ele></trkpt><trkpt lat="42.912630600881776" lon="-1.7952010110826706"><ele>499.48999023</ele></trkpt><trkpt lat="42.91255440189797" lon="-1.7954229954077976"><ele>499.72000122</ele></trkpt><trkpt lat="42.912550969049335" lon="-1.7954329960048112"><ele>499.69000244</ele></trkpt><trkpt lat="42.91253629829823" lon="-1.7955259670593071"><ele>499.73001099</ele></trkpt><trkpt lat="42.91249849882215" lon="-1.7957655063753568"><ele>499.66000366</ele></trkpt><trkpt lat="42.912460698840924" lon="-1.7960050454093692"><ele>499.95001221</ele></trkpt><trkpt lat="42.91244602762162" lon="-1.7960980162024458"><ele>500.25</ele></trkpt><trkpt lat="42.91243668914685" lon="-1.796141293562183"><ele>500.26998901</ele></trkpt><trkpt lat="42.912385963526226" lon="-1.7963763701038962"><ele>501.08999634</ele></trkpt><trkpt lat="42.912335237417636" lon="-1.7966114462698952"><ele>501.57998657</ele></trkpt><trkpt lat="42.91228451082108" lon="-1.7968465220601944"><ele>502.07998657</ele></trkpt><trkpt lat="42.91223378373657" lon="-1.7970815974748016"><ele>502.76998901</ele></trkpt><trkpt lat="42.9121830561641" lon="-1.7973166725136962"><ele>503.6000061</ele></trkpt><trkpt lat="42.91213232810368" lon="-1.7975517471768678"><ele>504.66000366</ele></trkpt><trkpt lat="42.91212298907339" lon="-1.7975950241088787"><ele>504.22000122</ele></trkpt><trkpt lat="42.912121670282396" lon="-1.7976015981195244"><ele>504.6000061</ele></trkpt><trkpt lat="42.91207425630299" lon="-1.797837949522759"><ele>505.48001099</ele></trkpt><trkpt lat="42.912026841830716" lon="-1.7980743005737512"><ele>507.6499939</ele></trkpt><trkpt lat="42.91197942686557" lon="-1.7983106512724905"><ele>510.42001343</ele></trkpt><trkpt lat="42.911932011407565" lon="-1.7985470016189786"><ele>509.13000488</ele></trkpt><trkpt lat="42.911884595456684" lon="-1.798783351613218"><ele>510.54998779</ele></trkpt><trkpt lat="42.91183717901294" lon="-1.7990197012551876"><ele>509.3999939</ele></trkpt><trkpt lat="42.91178976207635" lon="-1.7992560505448951"><ele>509.23001099</ele></trkpt><trkpt lat="42.9117423446469" lon="-1.7994923994823235"><ele>509.1000061</ele></trkpt><trkpt lat="42.911741025745854" lon="-1.7994989734143105"><ele>509.1000061</ele></trkpt><trkpt lat="42.911738879165554" lon="-1.7995106522787474"><ele>509.1000061</ele></trkpt><trkpt lat="42.911695193864496" lon="-1.799748328592664"><ele>509.66000366</ele></trkpt><trkpt lat="42.91165150806546" lon="-1.7999860045812202"><ele>510.17001343</ele></trkpt><trkpt lat="42.911607821768456" lon="-1.8002236802443852"><ele>510.57000732</ele></trkpt><trkpt lat="42.91156413497349" lon="-1.8004613555821654"><ele>511.17999268</ele></trkpt><trkpt lat="42.91156198829411" lon="-1.8004730343818716"><ele>511.17999268</ele></trkpt><trkpt lat="42.91152297432372" lon="-1.8005444098612442"><ele>511.45001221</ele></trkpt><trkpt lat="42.91141551485944" lon="-1.8007410044578058"><ele>512.05999756</ele></trkpt><trkpt lat="42.91130805504721" lon="-1.8009375983745377"><ele>512.71002197</ele></trkpt><trkpt lat="42.91126904077828" lon="-1.8010089732706507"><ele>512.90997314</ele></trkpt><trkpt lat="42.91125873562583" lon="-1.8010235554327352"><ele>513.01000977</ele></trkpt><trkpt lat="42.91113392633657" lon="-1.8012001644716935"><ele>513.5300293</ele></trkpt><trkpt lat="42.91100911676346" lon="-1.8013767727982417"><ele>514.44000244</ele></trkpt><trkpt lat="42.91088430690649" lon="-1.8015533804124104"><ele>515.32000732</ele></trkpt><trkpt lat="42.910874001681805" lon="-1.8015679623931624"><ele>515.25</ele></trkpt><trkpt lat="42.91086067276049" lon="-1.8015843272838332"><ele>515.36999512</ele></trkpt><trkpt lat="42.910726983249575" lon="-1.8017484671078052"><ele>516.02001953</ele></trkpt><trkpt lat="42.910593293491566" lon="-1.8019126062208968"><ele>516.52001953</ele></trkpt><trkpt lat="42.91057996451853" lon="-1.8019289709627584"><ele>516.52001953</ele></trkpt><trkpt lat="42.91053843369613" lon="-1.8020187830384096"><ele>516.51000977</ele></trkpt><trkpt lat="42.91044254194725" lon="-1.8022261517525198"><ele>515.51000977</ele></trkpt><trkpt lat="42.91040101088582" lon="-1.8023159634321884"><ele>515.08001709</ele></trkpt><trkpt lat="42.91038491648757" lon="-1.8024239419664727"><ele>514.61999512</ele></trkpt><trkpt lat="42.91034912838011" lon="-1.8026640444235729"><ele>513.51000977</ele></trkpt><trkpt lat="42.91033303365111" lon="-1.8027720227837611"><ele>513.25</ele></trkpt><trkpt lat="42.91033300713403" lon="-1.8027724409080064"><ele>513.25</ele></trkpt><trkpt lat="42.91031752739215" lon="-1.803016522954741"><ele>512.16998291</ele></trkpt><trkpt lat="42.91030204712824" lon="-1.803260604890902"><ele>511.20001221</ele></trkpt><trkpt lat="42.91030202060937" lon="-1.8032610230147745"><ele>511.20001221</ele></trkpt><trkpt lat="42.910327416714125" lon="-1.803333834773462"><ele>510.89001465</ele></trkpt><trkpt lat="42.910404616350704" lon="-1.8035551707321142"><ele>510.54998779</ele></trkpt><trkpt lat="42.910430012270815" lon="-1.8036279827356352"><ele>511.01000977</ele></trkpt><trkpt lat="42.910440453343405" lon="-1.8036709088462128"><ele>510.5</ele></trkpt><trkpt lat="42.91049702591502" lon="-1.8039034955877078"><ele>508.27999878</ele></trkpt><trkpt lat="42.910553598018616" lon="-1.8041360827641788"><ele>507.32000732</ele></trkpt><trkpt lat="42.910564038902514" lon="-1.8041790090501317"><ele>507.07998657</ele></trkpt><trkpt lat="42.910565796267" lon="-1.804261101000741"><ele>506.92001343</ele></trkpt><trkpt lat="42.910571038258276" lon="-1.804505987045384"><ele>505.98001099</ele></trkpt><trkpt lat="42.91057627972611" lon="-1.8047508731432875"><ele>505.04000854</ele></trkpt><trkpt lat="42.910578036680825" lon="-1.8048329651355788"><ele>504.73999023</ele></trkpt><trkpt lat="42.910578811644584" lon="-1.8049230463985748"><ele>504.48001099</ele></trkpt><trkpt lat="42.91058091877552" lon="-1.8051680195627142"><ele>503.67001343</ele></trkpt><trkpt lat="42.91058302538235" lon="-1.8054129927553326"><ele>502.54998779</ele></trkpt><trkpt lat="42.91058513146507" lon="-1.8056579659763692"><ele>501.79998779</ele></trkpt><trkpt lat="42.910587237023655" lon="-1.8059029392258499"><ele>501.45999146</ele></trkpt><trkpt lat="42.9105880111456" lon="-1.8059930205345243"><ele>501.08999634</ele></trkpt><trkpt lat="42.91058664291719" lon="-1.8060910907308485"><ele>501.04998779</ele></trkpt><trkpt lat="42.91058322518206" lon="-1.8063360366173458"><ele>500.95001221</ele></trkpt><trkpt lat="42.910579806922385" lon="-1.8065809824885113"><ele>501.04998779</ele></trkpt><trkpt lat="42.91057638813819" lon="-1.8068259283443366"><ele>500.98999023</ele></trkpt><trkpt lat="42.91057501919566" lon="-1.8069239985197734"><ele>501.36999512</ele></trkpt><trkpt lat="42.910577235254124" lon="-1.8069806719660944"><ele>501.39001465</ele></trkpt><trkpt lat="42.91058680106446" lon="-1.8072253161330065"><ele>502.11999512</ele></trkpt><trkpt lat="42.91058901697397" lon="-1.8072819896042405"><ele>502.32000732</ele></trkpt><trkpt lat="42.91058484957735" lon="-1.8073046453680377"><ele>502.32000732</ele></trkpt><trkpt lat="42.91054113280388" lon="-1.8075423069255079"><ele>503.61999512</ele></trkpt><trkpt lat="42.91053696535527" lon="-1.8075649626553059"><ele>503.82000732</ele></trkpt><trkpt lat="42.91053777827558" lon="-1.8075798083591719"><ele>503.92001343</ele></trkpt><trkpt lat="42.910551156075165" lon="-1.8078241213585522"><ele>505.17999268</ele></trkpt><trkpt lat="42.910551968961954" lon="-1.807838967069979"><ele>505.17999268</ele></trkpt><trkpt lat="42.910578347015665" lon="-1.807895878572072"><ele>505.69000244</ele></trkpt><trkpt lat="42.91067439768366" lon="-1.8081031119087283"><ele>506.82998657</ele></trkpt><trkpt lat="42.91077044798264" lon="-1.8083103458941887"><ele>508.11999512</ele></trkpt><trkpt lat="42.91086649791261" lon="-1.8085175805284277"><ele>509.33999634</ele></trkpt><trkpt lat="42.91096254747355" lon="-1.8087248158114475"><ele>510.69000244</ele></trkpt><trkpt lat="42.91105859666546" lon="-1.808932051743244"><ele>511.8999939</ele></trkpt><trkpt lat="42.91108497418463" lon="-1.8089889641851151"><ele>512.39001465</ele></trkpt><trkpt lat="42.91110677536287" lon="-1.8090338042213236"><ele>512.57000732</ele></trkpt><trkpt lat="42.911206123669196" lon="-1.809238141812297"><ele>513.91998291</ele></trkpt><trkpt lat="42.91130547161696" lon="-1.8094424800643947"><ele>515.13000488</ele></trkpt><trkpt lat="42.911404819206155" lon="-1.8096468189775934"><ele>516.55999756</ele></trkpt><trkpt lat="42.91150416643675" lon="-1.8098511585519281"><ele>517.78997803</ele></trkpt><trkpt lat="42.91160351330878" lon="-1.8100554987873865"><ele>519.15997314</ele></trkpt><trkpt lat="42.91170285982222" lon="-1.8102598396839762"><ele>520.45001221</ele></trkpt><trkpt lat="42.91180220597708" lon="-1.810464181241688"><ele>521.91998291</ele></trkpt><trkpt lat="42.91182400658726" lon="-1.8105090223252696"><ele>522.19000244</ele></trkpt><trkpt lat="42.91184736087277" lon="-1.81057206287941"><ele>522.61999512</ele></trkpt><trkpt lat="42.91192841055288" lon="-1.8107908425213024"><ele>523.96002197</ele></trkpt><trkpt lat="42.912009459820574" lon="-1.8110096227436536"><ele>525.21002197</ele></trkpt><trkpt lat="42.91209050867585" lon="-1.811228403546422"><ele>526.52001953</ele></trkpt><trkpt lat="42.912171557118725" lon="-1.8114471849296385"><ele>527.79998779</ele></trkpt><trkpt lat="42.912252605149185" lon="-1.8116659668933017"><ele>529.17999268</ele></trkpt><trkpt lat="42.91227595880628" lon="-1.8117290083318918"><ele>529.34002686</ele></trkpt><trkpt lat="42.91227986179053" lon="-1.811742072368496"><ele>529.52001953</ele></trkpt><trkpt lat="42.91234766938082" lon="-1.8119690384290692"><ele>531.02001953</ele></trkpt><trkpt lat="42.912415476526256" lon="-1.8121960049957668"><ele>532.45001221</ele></trkpt><trkpt lat="42.91248328322682" lon="-1.8124229720685678"><ele>533.90002441</ele></trkpt><trkpt lat="42.91255108948251" lon="-1.8126499396475015"><ele>534.82000732</ele></trkpt><trkpt lat="42.912554992362864" lon="-1.8126630038022957"><ele>534.83001709</ele></trkpt><trkpt lat="42.912571261244324" lon="-1.8127121808820532"><ele>534.82000732</ele></trkpt><trkpt lat="42.912645171002616" lon="-1.8129355941745924"><ele>534.53997803</ele></trkpt><trkpt lat="42.9127190803303" lon="-1.813159008008923"><ele>534.19000244</ele></trkpt><trkpt lat="42.91279298922739" lon="-1.8133824223850543"><ele>533.55999756</ele></trkpt><trkpt lat="42.91286689769385" lon="-1.8136058373029698"><ele>532.70001221</ele></trkpt><trkpt lat="42.912940805729704" lon="-1.813829252762682"><ele>531.54998779</ele></trkpt><trkpt lat="42.913014713334945" lon="-1.814052668764167"><ele>530.65002441</ele></trkpt><trkpt lat="42.913088620509555" lon="-1.8142760853074582"><ele>529.58001709</ele></trkpt><trkpt lat="42.91316252725355" lon="-1.8144995023925192"><ele>528.53997803</ele></trkpt><trkpt lat="42.91323643356692" lon="-1.814722920019362"><ele>527.46002197</ele></trkpt><trkpt lat="42.91331033944964" lon="-1.8149463381879964"><ele>526.17999268</ele></trkpt><trkpt lat="42.913384244901756" lon="-1.8151697568983882"><ele>524.91998291</ele></trkpt><trkpt lat="42.91345814992321" lon="-1.8153931761505693"><ele>523.79998779</ele></trkpt><trkpt lat="42.913532054514036" lon="-1.81561659594453"><ele>522.55999756</ele></trkpt><trkpt lat="42.91360595867422" lon="-1.8158400162802544"><ele>521.33001709</ele></trkpt><trkpt lat="42.91367986240375" lon="-1.8160634371577518"><ele>520.10998535</ele></trkpt><trkpt lat="42.91375376570264" lon="-1.8162868585770093"><ele>518.84002686</ele></trkpt><trkpt lat="42.91377003304659" lon="-1.8163360375911002"><ele>518.54998779</ele></trkpt><trkpt lat="42.91378192087639" lon="-1.8163687547383502"><ele>518.33001709</ele></trkpt><trkpt lat="42.913861724518796" lon="-1.8165883876988695"><ele>516.78997803</ele></trkpt><trkpt lat="42.91394152774546" lon="-1.8168080212333686"><ele>515.21002197</ele></trkpt><trkpt lat="42.91402133055636" lon="-1.8170276553418563"><ele>513.59997559</ele></trkpt><trkpt lat="42.91410113295151" lon="-1.8172472900242913"><ele>512.13000488</ele></trkpt><trkpt lat="42.914113020524354" lon="-1.8172800075262767"><ele>512.09997559</ele></trkpt><trkpt lat="42.91413519343265" lon="-1.8173193199266109"><ele>511.57998657</ele></trkpt><trkpt lat="42.91424482325612" lon="-1.817513693543919"><ele>510.26998901</ele></trkpt><trkpt lat="42.91426699608566" lon="-1.8175530061125826"><ele>510.05999756</ele></trkpt><trkpt lat="42.91432046419069" lon="-1.8176283594937164"><ele>509.5</ele></trkpt><trkpt lat="42.91444553922249" lon="-1.8178046303387627"><ele>508.08999634</ele></trkpt><trkpt lat="42.91449900716544" lon="-1.8178799841552968"><ele>507.70999146</ele></trkpt><trkpt lat="42.91454429395929" lon="-1.8179241334026446"><ele>507.16000366</ele></trkpt><trkpt lat="42.91469067684453" lon="-1.8180668398871642"><ele>505.95001221</ele></trkpt><trkpt lat="42.91473596356809" lon="-1.8181109894067065"><ele>505.67001343</ele></trkpt><trkpt lat="42.914803016231026" lon="-1.8181749109992447"><ele>505.11999512</ele></trkpt><trkpt lat="42.914950498557936" lon="-1.8183155071387105"><ele>504.19000244</ele></trkpt><trkpt lat="42.91509798071645" lon="-1.818456103944888"><ele>503.25</ele></trkpt><trkpt lat="42.91516503319144" lon="-1.8185200262814736"><ele>502.79998779</ele></trkpt><trkpt lat="42.915176438295106" lon="-1.8185307720807389"><ele>502.70001221</ele></trkpt><trkpt lat="42.91532448701342" lon="-1.8186702628640437"><ele>501.94000244</ele></trkpt><trkpt lat="42.91547253556598" lon="-1.818809754311237"><ele>501.29000854</ele></trkpt><trkpt lat="42.915620583952766" lon="-1.8189492464223205"><ele>500.66000366</ele></trkpt><trkpt lat="42.915631989017136" lon="-1.8189599923789568"><ele>500.58999634</ele></trkpt><trkpt lat="42.91566663502249" lon="-1.8190013691322136"><ele>500.51000977</ele></trkpt><trkpt lat="42.91580197418928" lon="-1.8191630015168574"><ele>499.6499939</ele></trkpt><trkpt lat="42.915937313133135" lon="-1.8193246346075544"><ele>499.1000061</ele></trkpt><trkpt lat="42.91597195900975" lon="-1.8193660117685801"><ele>498.86999512</ele></trkpt><trkpt lat="42.91600959907959" lon="-1.8194430040970218"><ele>498.45999146</ele></trkpt><trkpt lat="42.91610933326399" lon="-1.8196470101801447"><ele>497.23999023</ele></trkpt><trkpt lat="42.91614697314798" lon="-1.819724002853038"><ele>496.8999939</ele></trkpt><trkpt lat="42.91618189343496" lon="-1.8198015928141569"><ele>496.57998657</ele></trkpt><trkpt lat="42.91627593427382" lon="-1.8200105447151864"><ele>495.39001465</ele></trkpt><trkpt lat="42.91636997473731" lon="-1.8202194972571049"><ele>494.44000244</ele></trkpt><trkpt lat="42.9164640148254" lon="-1.820428450439913"><ele>493.47000122</ele></trkpt><trkpt lat="42.91655805453811" lon="-1.820637404263592"><ele>492.54000854</ele></trkpt><trkpt lat="42.91659297421575" lon="-1.8207149952650001"><ele>492.20001221</ele></trkpt><trkpt lat="42.916632918074484" lon="-1.8208112585511858"><ele>491.79000854</ele></trkpt><trkpt lat="42.91672145066604" lon="-1.8210246200969966"><ele>490.86999512</ele></trkpt><trkpt lat="42.91680998286582" lon="-1.8212379822598228"><ele>489.92001343</ele></trkpt><trkpt lat="42.916898514673825" lon="-1.821451345039655"><ele>489.07998657</ele></trkpt><trkpt lat="42.91698704609003" lon="-1.8216647084364952"><ele>488.26000977</ele></trkpt><trkpt lat="42.91702698916195" lon="-1.8217609729617767"><ele>488.07000732</ele></trkpt><trkpt lat="42.91704610982379" lon="-1.8218596062191825"><ele>487.67001343</ele></trkpt><trkpt lat="42.91709203675533" lon="-1.8220965207040831"><ele>487.07998657</ele></trkpt><trkpt lat="42.91713796320031" lon="-1.8223334355510301"><ele>486.45999146</ele></trkpt><trkpt lat="42.91718388915875" lon="-1.8225703507600024"><ele>485.95001221</ele></trkpt><trkpt lat="42.917203009128556" lon="-1.8226689845323525"><ele>485.80999756</ele></trkpt><trkpt lat="42.91721494055449" lon="-1.82275410342469"><ele>485.66000366</ele></trkpt><trkpt lat="42.917248677077296" lon="-1.8229947826752064"><ele>485.17001343</ele></trkpt><trkpt lat="42.917282413096956" lon="-1.823235462199121"><ele>484.73001099</ele></trkpt><trkpt lat="42.91731614861344" lon="-1.8234761419964656"><ele>484.23001099</ele></trkpt><trkpt lat="42.917349883626734" lon="-1.8237168220672275"><ele>483.70999146</ele></trkpt><trkpt lat="42.91738361813688" lon="-1.823957502411382"><ele>483.42001343</ele></trkpt><trkpt lat="42.91741735214382" lon="-1.824198183028921"><ele>483</ele></trkpt><trkpt lat="42.917451085647606" lon="-1.824438863919871"><ele>482.23001099</ele></trkpt><trkpt lat="42.91746301576495" lon="-1.8245239835232574"><ele>481.82000732</ele></trkpt><trkpt lat="42.917474807530965" lon="-1.8246244974751444"><ele>481.39001465</ele></trkpt><trkpt lat="42.91750319209784" lon="-1.8248664530168828"><ele>480.3500061</ele></trkpt><trkpt lat="42.917514983564594" lon="-1.82496696710586"><ele>479.89001465</ele></trkpt><trkpt lat="42.91752147693275" lon="-1.824983469591302"><ele>479.89001465</ele></trkpt><trkpt lat="42.91760647227051" lon="-1.8251994807520622"><ele>478.39001465</ele></trkpt><trkpt lat="42.917691467206446" lon="-1.8254154925131352"><ele>476.92001343</ele></trkpt><trkpt lat="42.91769796051085" lon="-1.8254319950938183"><ele>476.80999756</ele></trkpt><trkpt lat="42.91772679709178" lon="-1.8255045026881707"><ele>476.29000854</ele></trkpt><trkpt lat="42.917812499574815" lon="-1.825719996747608"><ele>475.01998901</ele></trkpt><trkpt lat="42.91789820165797" lon="-1.8259354914107966"><ele>473.79000854</ele></trkpt><trkpt lat="42.91792703792453" lon="-1.8260079994797656"><ele>473.48001099</ele></trkpt><trkpt lat="42.91794170925562" lon="-1.826040939981311"><ele>473.30999756</ele></trkpt><trkpt lat="42.91803503899973" lon="-1.826250487511366"><ele>472.07000732</ele></trkpt><trkpt lat="42.91812836836622" lon="-1.8264600356793896"><ele>471.04998779</ele></trkpt><trkpt lat="42.91814303956926" lon="-1.8264929763972726"><ele>470.77999878</ele></trkpt><trkpt lat="42.91817843138916" lon="-1.8265755303544202"><ele>470.45999146</ele></trkpt><trkpt lat="42.91826916655709" lon="-1.8267871776990081"><ele>469.51998901</ele></trkpt><trkpt lat="42.918359901339635" lon="-1.8269988256705025"><ele>468.63000488</ele></trkpt><trkpt lat="42.918450635736775" lon="-1.827210474268886"><ele>467.70001221</ele></trkpt><trkpt lat="42.91848602704703" lon="-1.8272930290549918"><ele>467.22000122</ele></trkpt><trkpt lat="42.91851677243027" lon="-1.8273680158198031"><ele>466.82998657</ele></trkpt><trkpt lat="42.91860450560776" lon="-1.8275819946075587"><ele>465.83999634</ele></trkpt><trkpt lat="42.918692238391095" lon="-1.8277959740086618"><ele>464.97000122</ele></trkpt><trkpt lat="42.9187229834497" lon="-1.827870961278676"><ele>464.73999023</ele></trkpt><trkpt lat="42.91872679653235" lon="-1.827881694355634"><ele>464.45001221</ele></trkpt><trkpt lat="42.91880516871499" lon="-1.8281022975364118"><ele>463.67001343</ele></trkpt><trkpt lat="42.91880898177624" lon="-1.8281130306422735"><ele>463.67001343</ele></trkpt><trkpt lat="42.91892297565936" lon="-1.828287960961468"><ele>462.82000732</ele></trkpt><trkpt lat="42.91898801922798" lon="-1.8284410145133778"><ele>462.05999756</ele></trkpt><trkpt lat="42.91904996149242" lon="-1.828602030873303"><ele>461.48999023</ele></trkpt><trkpt lat="42.91911701671778" lon="-1.828747037798177"><ele>461.14001465</ele></trkpt><trkpt lat="42.91919002309442" lon="-1.8288829922676082"><ele>460.60998535</ele></trkpt><trkpt lat="42.91922799311578" lon="-1.8290060386061775"><ele>460.25</ele></trkpt><trkpt lat="42.91917602531612" lon="-1.8291020113974794"><ele>459.57998657</ele></trkpt><trkpt lat="42.91911299340428" lon="-1.82918096892535"><ele>458.55999756</ele></trkpt><trkpt lat="42.919054990634315" lon="-1.8293210305273586"><ele>457.42999268</ele></trkpt><trkpt lat="42.91902699507773" lon="-1.8294760119170033"><ele>456.35998535</ele></trkpt><trkpt lat="42.919026475487755" lon="-1.8294826775477593"><ele>456.35998535</ele></trkpt><trkpt lat="42.919007481933754" lon="-1.829726335441359"><ele>454.76998901</ele></trkpt><trkpt lat="42.91900696232915" lon="-1.8297330010682322"><ele>454.76998901</ele></trkpt><trkpt lat="42.91900486216536" lon="-1.8297703534074627"><ele>454.5</ele></trkpt><trkpt lat="42.91899112531231" lon="-1.8300146639808503"><ele>452.92999268</ele></trkpt><trkpt lat="42.91898902505636" lon="-1.8300520163029423"><ele>452.69000244</ele></trkpt><trkpt lat="42.918988668653284" lon="-1.830059747694489"><ele>452.60998535</ele></trkpt><trkpt lat="42.91897739535497" lon="-1.8303042915503185"><ele>450.98999023</ele></trkpt><trkpt lat="42.91897703893483" lon="-1.8303120229393304"><ele>450.98999023</ele></trkpt><trkpt lat="42.91901400312779" lon="-1.8304570298641898"><ele>449.86999512</ele></trkpt><trkpt lat="42.91906395927071" lon="-1.8305540084838845"><ele>449.08999634</ele></trkpt><trkpt lat="42.919058008119485" lon="-1.830666996538636"><ele>448.3500061</ele></trkpt><trkpt lat="42.91899698786437" lon="-1.8308020289987288"><ele>447.69000244</ele></trkpt><trkpt lat="42.918942002579584" lon="-1.830963967368"><ele>446.88000488</ele></trkpt><trkpt lat="42.918930016458035" lon="-1.8310580123215845"><ele>446.42001343</ele></trkpt><trkpt lat="42.918910989537835" lon="-1.8312969803810113"><ele>445.52999878</ele></trkpt><trkpt lat="42.91890480700444" lon="-1.8314167966346249"><ele>445.13000488</ele></trkpt><trkpt lat="42.91889219438197" lon="-1.831661219100081"><ele>444.20999146</ele></trkpt><trkpt lat="42.91888601146637" lon="-1.8317810352891688"><ele>443.83999634</ele></trkpt><trkpt lat="42.91888355741322" lon="-1.8318151616231528"><ele>443.70999146</ele></trkpt><trkpt lat="42.91886602096599" lon="-1.8320590211904115"><ele>442.98001099</ele></trkpt><trkpt lat="42.9188484839975" lon="-1.8323028806306165"><ele>442.32998657</ele></trkpt><trkpt lat="42.91884602978824" lon="-1.8323370069265477"><ele>442.17001343</ele></trkpt><trkpt lat="42.91883856364461" lon="-1.8324376124540924"><ele>441.82998657</ele></trkpt><trkpt lat="42.918820471537124" lon="-1.83268139671498"><ele>441.10998535</ele></trkpt><trkpt lat="42.91881300508975" lon="-1.8327820021659156"><ele>440.76000977</ele></trkpt><trkpt lat="42.91881276046706" lon="-1.832785560756044"><ele>440.76000977</ele></trkpt><trkpt lat="42.9187959900948" lon="-1.8330295198288737"><ele>440.07000732</ele></trkpt><trkpt lat="42.91877921920091" lon="-1.833273478780654"><ele>439.25</ele></trkpt><trkpt lat="42.91877897456288" lon="-1.8332770373672205"><ele>439.25</ele></trkpt><trkpt lat="42.918774902461806" lon="-1.8333370392761397"><ele>439.08999634</ele></trkpt><trkpt lat="42.91875834375037" lon="-1.833581024990409"><ele>438.45999146</ele></trkpt><trkpt lat="42.91874178451721" lon="-1.8338250105852767"><ele>437.70001221</ele></trkpt><trkpt lat="42.91872522476239" lon="-1.8340689960607381"><ele>436.94000244</ele></trkpt><trkpt lat="42.918708664485855" lon="-1.834312981416763"><ele>436.26998901</ele></trkpt><trkpt lat="42.91869210368762" lon="-1.8345569666533734"><ele>435.73001099</ele></trkpt><trkpt lat="42.91868803091347" lon="-1.834616968408229"><ele>435.64001465</ele></trkpt><trkpt lat="42.91870404034854" lon="-1.8347359914332608"><ele>435.47000122</ele></trkpt><trkpt lat="42.91875399649141" lon="-1.8348840158432769"><ele>435.26998901</ele></trkpt><trkpt lat="42.918747961521156" lon="-1.8350499775260602"><ele>435.14001465</ele></trkpt><trkpt lat="42.91869901120663" lon="-1.835160031914717"><ele>435.05999756</ele></trkpt><trkpt lat="42.9186489712447" lon="-1.8353069666773076"><ele>434.76000977</ele></trkpt><trkpt lat="42.91863203980026" lon="-1.8354809749871457"><ele>434.67001343</ele></trkpt><trkpt lat="42.91862848485857" lon="-1.8355320445735306"><ele>434.47000122</ele></trkpt><trkpt lat="42.918611504518864" lon="-1.8357759761590164"><ele>434.60998535</ele></trkpt><trkpt lat="42.91859452365763" lon="-1.836019907621775"><ele>434.82998657</ele></trkpt><trkpt lat="42.918590968474746" lon="-1.8360709771513914"><ele>434.79000854</ele></trkpt><trkpt lat="42.918588745125405" lon="-1.8361403213256118"><ele>434.86999512</ele></trkpt><trkpt lat="42.91858089619292" lon="-1.8363851116207306"><ele>432.58999634</ele></trkpt><trkpt lat="42.918573046736164" lon="-1.8366299018651044"><ele>429.01998901</ele></trkpt><trkpt lat="42.918565196755125" lon="-1.8368746920587247"><ele>435.86999512</ele></trkpt><trkpt lat="42.91856297291815" lon="-1.8369440361857503"><ele>436.02999878</ele></trkpt><trkpt lat="42.91857303120196" lon="-1.8371680006384858"><ele>436.47000122</ele></trkpt><trkpt lat="42.9185939859599" lon="-1.8372740317135965"><ele>436.70001221</ele></trkpt><trkpt lat="42.91862298734484" lon="-1.8373499717563384"><ele>436.98001099</ele></trkpt><trkpt lat="42.918696999549866" lon="-1.8374890275299598"><ele>439.42999268</ele></trkpt><trkpt lat="42.91870183590254" lon="-1.837497268567494"><ele>440.6499939</ele></trkpt><trkpt lat="42.918814203721496" lon="-1.8376887414787517"><ele>438.55999756</ele></trkpt><trkpt lat="42.91881904006005" lon="-1.837696982547638"><ele>438.55999756</ele></trkpt><trkpt lat="42.918870002031326" lon="-1.8377870041877038"><ele>438.26998901</ele></trkpt><trkpt lat="42.918954994529486" lon="-1.8379180133342647"><ele>438.86999512</ele></trkpt><trkpt lat="42.919052978977575" lon="-1.8381220288574711"><ele>440.20001221</ele></trkpt><trkpt lat="42.91909002698958" lon="-1.8382360227406123"><ele>440.8999939</ele></trkpt><trkpt lat="42.91909103281796" lon="-1.8382429797202304"><ele>440.95999146</ele></trkpt><trkpt lat="42.919091032919376" lon="-1.8383159749893832"><ele>441.27999878</ele></trkpt><trkpt lat="42.91909103291937" lon="-1.8385610002296064"><ele>442.72000122</ele></trkpt><trkpt lat="42.91909103281796" lon="-1.8386339955031783"><ele>443.19000244</ele></trkpt><trkpt lat="42.919083602374045" lon="-1.8386595757227915"><ele>443.35998535</ele></trkpt><trkpt lat="42.91901741031567" lon="-1.8388874489000284"><ele>444.63000488</ele></trkpt><trkpt lat="42.9190099798143" lon="-1.8389130290597597"><ele>444.76000977</ele></trkpt><trkpt lat="42.91900994019479" lon="-1.838913131430297"><ele>444.76000977</ele></trkpt><trkpt lat="42.91892603276421" lon="-1.8391299341626062"><ele>446.05999756</ele></trkpt><trkpt lat="42.91892599314451" lon="-1.8391300365328735"><ele>446.05999756</ele></trkpt><trkpt lat="42.918900660948786" lon="-1.8391941326139094"><ele>446.26000977</ele></trkpt><trkpt lat="42.91881537103072" lon="-1.8394099339849324"><ele>447.38000488</ele></trkpt><trkpt lat="42.91879003867506" lon="-1.8394740298390364"><ele>447.77999878</ele></trkpt><trkpt lat="42.918763220081445" lon="-1.8395427945575755"><ele>447.95001221</ele></trkpt><trkpt lat="42.91867880749823" lon="-1.8397592331361845"><ele>448.6000061</ele></trkpt><trkpt lat="42.918651988729835" lon="-1.8398279976099712"><ele>448.77999878</ele></trkpt><trkpt lat="42.91862985134045" lon="-1.8398843777689609"><ele>448.95001221</ele></trkpt><trkpt lat="42.91854499406674" lon="-1.840100493748603"><ele>449.45999146</ele></trkpt><trkpt lat="42.91846013637676" lon="-1.8403166091413525"><ele>449.92999268</ele></trkpt><trkpt lat="42.918437998741844" lon="-1.840372988954182"><ele>450.04998779</ele></trkpt><trkpt lat="42.918424411406946" lon="-1.8404062866500177"><ele>450.11999512</ele></trkpt><trkpt lat="42.91833699708191" lon="-1.840620506955161"><ele>450.42001343</ele></trkpt><trkpt lat="42.91824958234748" lon="-1.840834726660591"><ele>450.64001465</ele></trkpt><trkpt lat="42.91823599487543" lon="-1.8408680241555013"><ele>450.66000366</ele></trkpt><trkpt lat="42.91821112384182" lon="-1.840932905437637"><ele>450.66000366</ele></trkpt><trkpt lat="42.91812784526876" lon="-1.8411501538891104"><ele>450.66000366</ele></trkpt><trkpt lat="42.918102974072085" lon="-1.8412150349467973"><ele>450.64001465</ele></trkpt><trkpt lat="42.918071961030364" lon="-1.8413250055164032"><ele>450.54000854</ele></trkpt><trkpt lat="42.91809802874923" lon="-1.841413015499718"><ele>450.48001099</ele></trkpt><trkpt lat="42.91812501847744" lon="-1.8414840102195735"><ele>450.32998657</ele></trkpt><trkpt lat="42.918124012649045" lon="-1.8416199646890214"><ele>450.14001465</ele></trkpt><trkpt lat="42.918091993778944" lon="-1.8417140096426095"><ele>450.04998779</ele></trkpt><trkpt lat="42.9180520121008" lon="-1.8418979924172183"><ele>450.05999756</ele></trkpt><trkpt lat="42.918024024438864" lon="-1.841996279373523"><ele>450.26000977</ele></trkpt><trkpt lat="42.91795896536545" lon="-1.8422247520613797"><ele>450.82998657</ele></trkpt><trkpt lat="42.917930977419" lon="-1.8423230387270362"><ele>451.10998535</ele></trkpt><trkpt lat="42.91791774330702" lon="-1.8423677499351487"><ele>451.17999268</ele></trkpt><trkpt lat="42.91785046956694" lon="-1.842595031833252"><ele>451.75</ele></trkpt><trkpt lat="42.917783195368955" lon="-1.8428223132449668"><ele>452.23999023</ele></trkpt><trkpt lat="42.91776996105909" lon="-1.8428670242428815"><ele>452.3500061</ele></trkpt><trkpt lat="42.91776415053061" lon="-1.842890099474349"><ele>452.32998657</ele></trkpt><trkpt lat="42.917705782748115" lon="-1.8431218929675055"><ele>452.8500061</ele></trkpt><trkpt lat="42.91769997216761" lon="-1.8431449681520542"><ele>452.89001465</ele></trkpt><trkpt lat="42.9176859743893" lon="-1.8432690203189839"><ele>453.1000061</ele></trkpt><trkpt lat="42.91767806004542" lon="-1.8433559397557653"><ele>453.27999878</ele></trkpt><trkpt lat="42.917655918963526" lon="-1.8435991006441277"><ele>453.67001343</ele></trkpt><trkpt lat="42.91764800436793" lon="-1.8436860200017742"><ele>453.83999634</ele></trkpt><trkpt lat="42.91766803711653" lon="-1.8438229802995876"><ele>453.79998779</ele></trkpt><trkpt lat="42.91772101074458" lon="-1.8440040294080966"><ele>454</ele></trkpt><trkpt lat="42.917750012129545" lon="-1.844051973894235"><ele>454.04998779</ele></trkpt><trkpt lat="42.91780197992921" lon="-1.8441490363329622"><ele>454.16000366</ele></trkpt><trkpt lat="42.917849002406015" lon="-1.8442300055175977"><ele>454.17001343</ele></trkpt><trkpt lat="42.917896024882786" lon="-1.844307035207746"><ele>454.29998779</ele></trkpt><trkpt lat="42.91796098463237" lon="-1.8443880043923822"><ele>454.63000488</ele></trkpt><trkpt lat="42.918013036251054" lon="-1.844455981627115"><ele>454.60998535</ele></trkpt><trkpt lat="42.91805301792918" lon="-1.8445210251957238"><ele>454.98999023</ele></trkpt><trkpt lat="42.91812904179096" lon="-1.8445950374007156"><ele>455.17001343</ele></trkpt><trkpt lat="42.91823096573353" lon="-1.8447129707783394"><ele>455.57998657</ele></trkpt><trkpt lat="42.91836901567876" lon="-1.8448540382087124"><ele>455.95999146</ele></trkpt><trkpt lat="42.9184280242771" lon="-1.8449220154434431"><ele>456.1000061</ele></trkpt><trkpt lat="42.91853598318994" lon="-1.8449970334768326"><ele>456.23001099</ele></trkpt><trkpt lat="42.91870102286339" lon="-1.8450909946113898"><ele>456.70999146</ele></trkpt><trkpt lat="42.91885198093951" lon="-1.845137011259804"><ele>457.04000854</ele></trkpt><trkpt lat="42.91886556428591" lon="-1.8451420129520995"><ele>457.04000854</ele></trkpt><trkpt lat="42.91903939563425" lon="-1.8452060217430097"><ele>457.48001099</ele></trkpt><trkpt lat="42.91905297897755" lon="-1.845211023464799"><ele>457.5</ele></trkpt><trkpt lat="42.91906374609483" lon="-1.8452140138152886"><ele>457.5</ele></trkpt><trkpt lat="42.91924019241467" lon="-1.8452630183816734"><ele>457.70001221</ele></trkpt><trkpt lat="42.91925095953046" lon="-1.845266008749595"><ele>457.85998535</ele></trkpt><trkpt lat="42.919268825019955" lon="-1.845273393896484"><ele>457.8999939</ele></trkpt><trkpt lat="42.91944113288281" lon="-1.8453446218849185"><ele>458.3500061</ele></trkpt><trkpt lat="42.9194589983672" lon="-1.845352007076149"><ele>458.41000366</ele></trkpt><trkpt lat="42.91947918791817" lon="-1.84536277697119"><ele>458.42999268</ele></trkpt><trkpt lat="42.91964684766222" lon="-1.8454522135147644"><ele>458.60998535</ele></trkpt><trkpt lat="42.9196670372039" lon="-1.845462983474131"><ele>458.72000122</ele></trkpt><trkpt lat="42.919672371240424" lon="-1.8454666963707986"><ele>458.72000122</ele></trkpt><trkpt lat="42.91983269399574" lon="-1.8455782935828235"><ele>459.14001465</ele></trkpt><trkpt lat="42.91983802802861" lon="-1.8455820064991684"><ele>459.14001465</ele></trkpt><trkpt lat="42.919875354873966" lon="-1.8456095683602658"><ele>459.20001221</ele></trkpt><trkpt lat="42.920033634306385" lon="-1.8457264411185623"><ele>459.73999023</ele></trkpt><trkpt lat="42.920070961117744" lon="-1.8457540031522506"><ele>459.79000854</ele></trkpt><trkpt lat="42.92023197747767" lon="-1.8458550050854774"><ele>459.89001465</ele></trkpt><trkpt lat="42.9202610666446" lon="-1.8458755497285706"><ele>460.01000977</ele></trkpt><trkpt lat="42.92042090163565" lon="-1.8459884358794814"><ele>460.73999023</ele></trkpt><trkpt lat="42.92044999077916" lon="-1.8460089806467248"><ele>460.98999023</ele></trkpt><trkpt lat="42.92053598910567" lon="-1.8460590206086562"><ele>461.14001465</ele></trkpt><trkpt lat="42.9205620475957" lon="-1.8460757426869967"><ele>461.04000854</ele></trkpt><trkpt lat="42.920724926449395" lon="-1.8461802645556644"><ele>461.73999023</ele></trkpt><trkpt lat="42.920750984922044" lon="-1.8461969867348667"><ele>462.04000854</ele></trkpt><trkpt lat="42.92082351718976" lon="-1.8462352340428783"><ele>462.20999146</ele></trkpt><trkpt lat="42.920991432960655" lon="-1.84632377880796"><ele>463.26998901</ele></trkpt><trkpt lat="42.92106396518648" lon="-1.846362026408305"><ele>463.72000122</ele></trkpt><trkpt lat="42.92108336210103" lon="-1.8463719280277733"><ele>463.75</ele></trkpt><trkpt lat="42.92125197131446" lon="-1.8464579989130803"><ele>464.80999756</ele></trkpt><trkpt lat="42.92142058046378" lon="-1.8465440702593257"><ele>465.88000488</ele></trkpt><trkpt lat="42.921439977362716" lon="-1.8465539719909447"><ele>466.02999878</ele></trkpt><trkpt lat="42.92154299095274" lon="-1.8466099631041184"><ele>466.55999756</ele></trkpt><trkpt lat="42.92157274794188" lon="-1.8466307154208472"><ele>466.82998657</ele></trkpt><trkpt lat="42.921733008772705" lon="-1.8467424805905988"><ele>467.73001099</ele></trkpt><trkpt lat="42.92189326949677" lon="-1.8468542463331845"><ele>468.76998901</ele></trkpt><trkpt lat="42.92192302644255" lon="-1.846874998882406"><ele>468.76000977</ele></trkpt><trkpt lat="42.92195921430407" lon="-1.846907295751185"><ele>468.97000122</ele></trkpt><trkpt lat="42.922109797251295" lon="-1.8470416882011096"><ele>469.86999512</ele></trkpt><trkpt lat="42.92214598506689" lon="-1.847073985263696"><ele>469.91000366</ele></trkpt><trkpt lat="42.92220585521612" lon="-1.8471079033603381"><ele>470.27999878</ele></trkpt><trkpt lat="42.922372105491256" lon="-1.847202089111171"><ele>470.66000366</ele></trkpt><trkpt lat="42.9224319756031" lon="-1.8472360074520136"><ele>470.88000488</ele></trkpt><trkpt lat="42.92249340744261" lon="-1.8472579349290557"><ele>471.19000244</ele></trkpt><trkpt lat="42.92266759842863" lon="-1.8473201108876542"><ele>472.01000977</ele></trkpt><trkpt lat="42.9227290302515" lon="-1.8473420385271289"><ele>472.39001465</ele></trkpt><trkpt lat="42.92274586427119" lon="-1.8473449656951055"><ele>472.30999756</ele></trkpt><trkpt lat="42.922924496240526" lon="-1.8473760270435904"><ele>472.91000366</ele></trkpt><trkpt lat="42.92310312819806" lon="-1.8474070885606169"><ele>473.76998901</ele></trkpt><trkpt lat="42.923119962215424" lon="-1.847410015761855"><ele>473.67999268</ele></trkpt><trkpt lat="42.923161322573634" lon="-1.8474183067331496"><ele>473.64001465</ele></trkpt><trkpt lat="42.92333948427026" lon="-1.8474540206054701"><ele>474.95999146</ele></trkpt><trkpt lat="42.92351764595267" lon="-1.8474897346728087"><ele>475.45001221</ele></trkpt><trkpt lat="42.92355900630355" lon="-1.8474980257451445"><ele>476.16000366</ele></trkpt><trkpt lat="42.92359396763711" lon="-1.8475043261594017"><ele>475.92001343</ele></trkpt><trkpt lat="42.92377249338614" lon="-1.8475364985556568"><ele>477.70999146</ele></trkpt><trkpt lat="42.92395101912284" lon="-1.8475686711268"><ele>478.6000061</ele></trkpt><trkpt lat="42.92398598045109" lon="-1.847574971616262"><ele>478.75</ele></trkpt><trkpt lat="42.92405811151186" lon="-1.8475994005613763"><ele>479.38000488</ele></trkpt><trkpt lat="42.92423286464368" lon="-1.8476585852137435"><ele>481.29000854</ele></trkpt><trkpt lat="42.92430499568581" lon="-1.8476830143481533"><ele>481.67001343</ele></trkpt><trkpt lat="42.92439803481102" lon="-1.8477530032396363"><ele>482.29000854</ele></trkpt><trkpt lat="42.92445503175259" lon="-1.8478160351514803"><ele>482.67001343</ele></trkpt><trkpt lat="42.92445624149271" lon="-1.8478174259862172"><ele>482.92001343</ele></trkpt><trkpt lat="42.924593799797336" lon="-1.8479755768514152"><ele>483.79000854</ele></trkpt><trkpt lat="42.92459500953556" lon="-1.8479769676923743"><ele>483.79000854</ele></trkpt><trkpt lat="42.92470498010516" lon="-1.8481270037591535"><ele>484.92001343</ele></trkpt><trkpt lat="42.924739371863545" lon="-1.8481640028962976"><ele>485.26000977</ele></trkpt><trkpt lat="42.92488063889992" lon="-1.8483159805220217"><ele>486.41000366</ele></trkpt><trkpt lat="42.92491503059865" lon="-1.8483529798686578"><ele>486.94000244</ele></trkpt><trkpt lat="42.92498703114688" lon="-1.848408970981841"><ele>487.45999146</ele></trkpt><trkpt lat="42.92506095953285" lon="-1.8484549876302498"><ele>488.08999634</ele></trkpt><trkpt lat="42.92511703446505" lon="-1.848476026207209"><ele>488.57998657</ele></trkpt><trkpt lat="42.925270004197955" lon="-1.8485040217638058"><ele>489.60998535</ele></trkpt><trkpt lat="42.92539598420262" lon="-1.8484890181571294"><ele>490.25</ele></trkpt><trkpt lat="42.92552196420729" lon="-1.848493963480003"><ele>491.01000977</ele></trkpt><trkpt lat="42.92552941060071" lon="-1.8484937853939163"><ele>491.20999146</ele></trkpt><trkpt lat="42.92570946738451" lon="-1.848489479181543"><ele>492.52999878</ele></trkpt><trkpt lat="42.92588952416228" lon="-1.8484851729327754"><ele>493.85998535</ele></trkpt><trkpt lat="42.925896970555165" lon="-1.8484849948436002"><ele>493.85998535</ele></trkpt><trkpt lat="42.92598204689625" lon="-1.848490576939722"><ele>494.57998657</ele></trkpt><trkpt lat="42.92616192249471" lon="-1.8485023791221882"><ele>496.20999146</ele></trkpt><trkpt lat="42.92624699883162" lon="-1.8485079612582924"><ele>496.82000732</ele></trkpt><trkpt lat="42.926381025463336" lon="-1.8484829831868355"><ele>498.1000061</ele></trkpt><trkpt lat="42.92650197632611" lon="-1.8483890220522854"><ele>499.26000977</ele></trkpt><trkpt lat="42.92664103209972" lon="-1.8482420034706637"><ele>500.38000488</ele></trkpt><trkpt lat="42.926648029300424" lon="-1.8482367965057478"><ele>500.57000732</ele></trkpt><trkpt lat="42.92680603155821" lon="-1.8481192188022177"><ele>501.82998657</ele></trkpt><trkpt lat="42.926813028752804" lon="-1.8481140118092243"><ele>501.8500061</ele></trkpt><trkpt lat="42.92692098766566" lon="-1.8480730243027215"><ele>502.29998779</ele></trkpt><trkpt lat="42.92705602012575" lon="-1.8480590265244252"><ele>503.45999146</ele></trkpt><trkpt lat="42.927159033715725" lon="-1.8480860162526391"><ele>504.6499939</ele></trkpt><trkpt lat="42.927206978201845" lon="-1.8481870181858597"><ele>505.48001099</ele></trkpt><trkpt lat="42.92718501761555" lon="-1.8483259901404383"><ele>505.95999146</ele></trkpt><trkpt lat="42.92710698209703" lon="-1.8484499584883483"><ele>506.5</ele></trkpt><trkpt lat="42.92700204066933" lon="-1.8485500384122147"><ele>507.42999268</ele></trkpt><trkpt lat="42.926947977393866" lon="-1.8486429937183912"><ele>508.17999268</ele></trkpt><trkpt lat="42.926926016807556" lon="-1.8487249687314011"><ele>508.67999268</ele></trkpt><trkpt lat="42.92693699710072" lon="-1.8488630186766355"><ele>509.45999146</ele></trkpt><trkpt lat="42.92696298100054" lon="-1.8490370269864762"><ele>510.25</ele></trkpt><trkpt lat="42.92699499987067" lon="-1.8491910025477338"><ele>510.92999268</ele></trkpt><trkpt lat="42.92699499987067" lon="-1.849312959238885"><ele>511.45001221</ele></trkpt><trkpt lat="42.926950994879" lon="-1.8494370114058227"><ele>512.28997803</ele></trkpt><trkpt lat="42.92691696435213" lon="-1.8495380133390347"><ele>512.94000244</ele></trkpt><trkpt lat="42.92690196074546" lon="-1.8496410269290253"><ele>513.38000488</ele></trkpt><trkpt lat="42.92691595852375" lon="-1.8497290369123287"><ele>513.72998047</ele></trkpt><trkpt lat="42.927013020962484" lon="-1.8499079905450384"><ele>515.14001465</ele></trkpt><trkpt lat="42.927127014845595" lon="-1.8500519916415292"><ele>516.23999023</ele></trkpt><trkpt lat="42.92721100151539" lon="-1.8502089846879213"><ele>517.0300293</ele></trkpt><trkpt lat="42.927246037870646" lon="-1.8502959888428425"><ele>517.59997559</ele></trkpt><trkpt lat="42.9272789787501" lon="-1.8504610285162932"><ele>518.23999023</ele></trkpt><trkpt lat="42.927290964871645" lon="-1.8506330251693632"><ele>519.19000244</ele></trkpt><trkpt lat="42.927303034812205" lon="-1.8507539760321416"><ele>519.65997314</ele></trkpt><trkpt lat="42.92732398957014" lon="-1.8508549779653514"><ele>520.34002686</ele></trkpt><trkpt lat="42.92733396403491" lon="-1.850938964635134"><ele>520.71002197</ele></trkpt><trkpt lat="42.92737998068333" lon="-1.851084977388383"><ele>521.57000732</ele></trkpt><trkpt lat="42.92740998789667" lon="-1.8511849734932286"><ele>522.2800293</ele></trkpt><trkpt lat="42.9274470359087" lon="-1.8512960337102347"><ele>522.9699707</ele></trkpt><trkpt lat="42.92746203951536" lon="-1.8514690361916932"><ele>523.69000244</ele></trkpt><trkpt lat="42.92743999511003" lon="-1.851566014811399"><ele>524.19000244</ele></trkpt><trkpt lat="42.92743002064527" lon="-1.851684032008045"><ele>524.78997803</ele></trkpt><trkpt lat="42.92743002064525" lon="-1.8517830222845044"><ele>525.33001709</ele></trkpt><trkpt lat="42.927462039515376" lon="-1.8519090022891733"><ele>526.05999756</ele></trkpt><trkpt lat="42.927506966516376" lon="-1.8520029634237305"><ele>526.73999023</ele></trkpt><trkpt lat="42.92756396345795" lon="-1.8521010316908424"><ele>527.32000732</ele></trkpt><trkpt lat="42.92762800119818" lon="-1.8522300291806446"><ele>527.94000244</ele></trkpt><trkpt lat="42.927664965391166" lon="-1.852399008348575"><ele>528.83001709</ele></trkpt><trkpt lat="42.927678963169456" lon="-1.8524969927966648"><ele>529.5</ele></trkpt><trkpt lat="42.92770603671671" lon="-1.8526409938931376"><ele>530.22998047</ele></trkpt><trkpt lat="42.92773797176777" lon="-1.8527649622410638"><ele>530.7199707</ele></trkpt><trkpt lat="42.92775004170835" lon="-1.852907035499808"><ele>531.63000488</ele></trkpt><trkpt lat="42.92773403227329" lon="-1.8530630227178335"><ele>532.61999512</ele></trkpt><trkpt lat="42.9277010075748" lon="-1.8531500268727477"><ele>535.48999023</ele></trkpt><trkpt lat="42.9276180267334" lon="-1.8533319979906109"><ele>534.01000977</ele></trkpt><trkpt lat="42.92751702480017" lon="-1.8535139691084679"><ele>534.83001709</ele></trkpt><trkpt lat="42.92746103368698" lon="-1.853601979091761"><ele>535.32000732</ele></trkpt><trkpt lat="42.92741401121022" lon="-1.8537169788032815"><ele>535.75</ele></trkpt><trkpt lat="42.92741099372506" lon="-1.8537220079451804"><ele>535.97998047</ele></trkpt><trkpt lat="42.927364977076635" lon="-1.8538469821214698"><ele>536.89001465</ele></trkpt><trkpt lat="42.927359025925384" lon="-1.8539290409535147"><ele>537.13000488</ele></trkpt><trkpt lat="42.92734997346997" lon="-1.8540879618376525"><ele>538.51000977</ele></trkpt><trkpt lat="42.92733496986329" lon="-1.8541889637708637"><ele>538.44000244</ele></trkpt><trkpt lat="42.92730001732707" lon="-1.854325002059341"><ele>539.04998779</ele></trkpt><trkpt lat="42.92727503925562" lon="-1.8544550053775255"><ele>539.77001953</ele></trkpt><trkpt lat="42.927267998456934" lon="-1.8545730225741885"><ele>540.09997559</ele></trkpt><trkpt lat="42.92726397514344" lon="-1.8547829892486316"><ele>541.35998535</ele></trkpt><trkpt lat="42.92727101594209" lon="-1.8548839911818509"><ele>541.85998535</ele></trkpt><trkpt lat="42.927301023155444" lon="-1.8549989908933615"><ele>542.7800293</ele></trkpt><trkpt lat="42.927345028147094" lon="-1.855109967291361"><ele>543.53997803</ele></trkpt><trkpt lat="42.92739699594676" lon="-1.8552149925380939"><ele>544.42999268</ele></trkpt><trkpt lat="42.9274420067668" lon="-1.8553529586642903"><ele>545</ele></trkpt><trkpt lat="42.92745399288834" lon="-1.8554500211030278"><ele>545.54998779</ele></trkpt><trkpt lat="42.92745996157217" lon="-1.8554822142380114"><ele>545.9699707</ele></trkpt><trkpt lat="42.92750401539304" lon="-1.855719827885676"><ele>547.04998779</ele></trkpt><trkpt lat="42.92750998400152" lon="-1.8557520210742924"><ele>547.45001221</ele></trkpt><trkpt lat="42.92750998400152" lon="-1.8558950163424068"><ele>547.90997314</ele></trkpt><trkpt lat="42.92751300148666" lon="-1.8559879716485752"><ele>548.96002197</ele></trkpt><trkpt lat="42.927495986223214" lon="-1.8560850340873025"><ele>549.20001221</ele></trkpt><trkpt lat="42.92749196290971" lon="-1.8561710324138425"><ele>549.64001465</ele></trkpt><trkpt lat="42.92749104090034" lon="-1.8562400154769434"><ele>550.15002441</ele></trkpt><trkpt lat="42.92748601175846" lon="-1.8564039655029765"><ele>550.2800293</ele></trkpt><trkpt lat="42.927488023415215" lon="-1.8564089946448785"><ele>550.2800293</ele></trkpt><trkpt lat="42.927503027021885" lon="-1.8565140198916252"><ele>551.02001953</ele></trkpt><trkpt lat="42.92750897817315" lon="-1.8565759621560627"><ele>551.19000244</ele></trkpt><trkpt lat="42.9275300167501" lon="-1.856685010716315"><ele>551.79998779</ele></trkpt><trkpt lat="42.927569998428226" lon="-1.8568259943276657"><ele>552.54998779</ele></trkpt><trkpt lat="42.9276180267334" lon="-1.856937976554042"><ele>553.23999023</ele></trkpt><trkpt lat="42.927702013403184" lon="-1.857131011784082"><ele>554.40997314</ele></trkpt><trkpt lat="42.92773503810167" lon="-1.8572579976171335"><ele>555.16998291</ele></trkpt><trkpt lat="42.927748030051575" lon="-1.857411973178384"><ele>555.95001221</ele></trkpt><trkpt lat="42.92773202061651" lon="-1.85762302950024"><ele>556.83001709</ele></trkpt><trkpt lat="42.92772497981785" lon="-1.8577139731496595"><ele>557.25</ele></trkpt><trkpt lat="42.92772478043327" lon="-1.8577157905400787"><ele>557.25</ele></trkpt><trkpt lat="42.92769818947812" lon="-1.857958164618808"><ele>558.35998535</ele></trkpt><trkpt lat="42.927697990089634" lon="-1.85795998200774"><ele>558.35998535</ele></trkpt><trkpt lat="42.92766999453306" lon="-1.8581919930875335"><ele>559.15997314</ele></trkpt><trkpt lat="42.92766859862899" lon="-1.858200745385832"><ele>559.86999512</ele></trkpt><trkpt lat="42.92763040294974" lon="-1.8584402299512928"><ele>560.54998779</ele></trkpt><trkpt lat="42.927629007026546" lon="-1.8584489822387635"><ele>560.84997559</ele></trkpt><trkpt lat="42.92762785043462" lon="-1.858454979195586"><ele>560.84997559</ele></trkpt><trkpt lat="42.92758213532615" lon="-1.858692011634012"><ele>562.34997559</ele></trkpt><trkpt lat="42.92758097872137" lon="-1.8586980085819913"><ele>562.34997559</ele></trkpt><trkpt lat="42.92757347567903" lon="-1.8587395358519294"><ele>562.30999756</ele></trkpt><trkpt lat="42.927530479096056" lon="-1.8589775082693347"><ele>564.41998291</ele></trkpt><trkpt lat="42.92752297595144" lon="-1.8590190354734597"><ele>563.84997559</ele></trkpt><trkpt lat="42.927510329054435" lon="-1.8590699299659066"><ele>564.76000977</ele></trkpt><trkpt lat="42.92745264213439" lon="-1.8593020761168224"><ele>565.35998535</ele></trkpt><trkpt lat="42.92743999511003" lon="-1.8593529704958263"><ele>567.05999756</ele></trkpt><trkpt lat="42.927403030917056" lon="-1.8594940379262042"><ele>567</ele></trkpt><trkpt lat="42.92740085275197" lon="-1.8595138417836357"><ele>566.46002197</ele></trkpt><trkpt lat="42.92737419608599" lon="-1.8597562013089866"><ele>567.44000244</ele></trkpt><trkpt lat="42.927372017875314" lon="-1.8597760051488827"><ele>567.61999512</ele></trkpt><trkpt lat="42.927381992340095" lon="-1.8599350098520522"><ele>568.36999512</ele></trkpt><trkpt lat="42.92738098651172" lon="-1.859942972660062"><ele>568.5</ele></trkpt><trkpt lat="42.927401019260294" lon="-1.8600599840283396"><ele>569</ele></trkpt><trkpt lat="42.927438989281654" lon="-1.8602970242500334"><ele>570.38000488</ele></trkpt><trkpt lat="42.92746698483825" lon="-1.8604820128530328"><ele>571.65997314</ele></trkpt><trkpt lat="42.92748601175845" lon="-1.8606260139495068"><ele>572.21002197</ele></trkpt><trkpt lat="42.927486036987524" lon="-1.8606324833876915"><ele>572.34002686</ele></trkpt><trkpt lat="42.927486992371946" lon="-1.8608775394904389"><ele>573.59997559</ele></trkpt><trkpt lat="42.92748701758682" lon="-1.8608840089291387"><ele>573.59997559</ele></trkpt><trkpt lat="42.92748487417795" lon="-1.8609042218624312"><ele>573.79998779</ele></trkpt><trkpt lat="42.92745915382896" lon="-1.8611467690641812"><ele>575.35998535</ele></trkpt><trkpt lat="42.927457010373466" lon="-1.8611669819802077"><ele>575.40002441</ele></trkpt><trkpt lat="42.927442006766796" lon="-1.86140896752477"><ele>576.35998535</ele></trkpt><trkpt lat="42.9274460300803" lon="-1.8615269847214237"><ele>577.09002686</ele></trkpt><trkpt lat="42.927481988444924" lon="-1.861632009968169"><ele>577.66998291</ele></trkpt><trkpt lat="42.92754099704324" lon="-1.861694036051638"><ele>578.03997803</ele></trkpt><trkpt lat="42.927635964006186" lon="-1.8617689702659892"><ele>578.70001221</ele></trkpt><trkpt lat="42.92776898480952" lon="-1.8618530407547904"><ele>579.64001465</ele></trkpt><trkpt lat="42.927856994792826" lon="-1.8619009852409323"><ele>580.07000732</ele></trkpt><trkpt lat="42.92786140614909" lon="-1.8619041638733866"><ele>580.13000488</ele></trkpt><trkpt lat="42.928020556779316" lon="-1.8620188412736358"><ele>581.13000488</ele></trkpt><trkpt lat="42.92802496813238" lon="-1.862022019922737"><ele>581.25</ele></trkpt><trkpt lat="42.92803139064502" lon="-1.862026240066834"><ele>581.25</ele></trkpt><trkpt lat="42.92819355976197" lon="-1.8621327994674088"><ele>582.19000244</ele></trkpt><trkpt lat="42.9281999822706" lon="-1.8621370196342362"><ele>582.2800293</ele></trkpt><trkpt lat="42.92829100973904" lon="-1.8621780071407497"><ele>582.82000732</ele></trkpt><trkpt lat="42.92829555858145" lon="-1.8621789797053656"><ele>582.91998291</ele></trkpt><trkpt lat="42.92847346115677" lon="-1.862217016248825"><ele>583.98999023</ele></trkpt><trkpt lat="42.928478009998805" lon="-1.8622179888188897"><ele>584.08001709</ele></trkpt><trkpt lat="42.92861999943852" lon="-1.8622110318392477"><ele>584.80999756</ele></trkpt><trkpt lat="42.92878202162683" lon="-1.8622550368308983"><ele>585.72998047</ele></trkpt><trkpt lat="42.928885035216815" lon="-1.862298035994165"><ele>586.65002441</ele></trkpt><trkpt lat="42.92897396720945" lon="-1.8623400293290673"><ele>587.5</ele></trkpt><trkpt lat="42.92914696969091" lon="-1.8623289652168726"><ele>588.59002686</ele></trkpt><trkpt lat="42.929303040727966" lon="-1.8622940126806589"><ele>589.5</ele></trkpt><trkpt lat="42.92930498292667" lon="-1.8622931956457693"><ele>589.63000488</ele></trkpt><trkpt lat="42.92947703467746" lon="-1.8622208175152393"><ele>590.92999268</ele></trkpt><trkpt lat="42.92947897687553" lon="-1.862220000475644"><ele>590.92999268</ele></trkpt><trkpt lat="42.929604034870856" lon="-1.8621169868856673"><ele>591.77001953</ele></trkpt><trkpt lat="42.92960495306425" lon="-1.8621165304909129"><ele>591.77001953</ele></trkpt><trkpt lat="42.929774107502574" lon="-1.8620324507848176"><ele>592.13000488</ele></trkpt><trkpt lat="42.92977502569556" lon="-1.8620319943875114"><ele>592.13000488</ele></trkpt><trkpt lat="42.929922966286526" lon="-1.8619709741324126"><ele>593.90002441</ele></trkpt><trkpt lat="42.9300549812615" lon="-1.8619520310312454"><ele>594.79998779</ele></trkpt><trkpt lat="42.930147014558315" lon="-1.8619559705257498"><ele>595.35998535</ele></trkpt><trkpt lat="42.93025203980504" lon="-1.8620110396295821"><ele>596.11999512</ele></trkpt><trkpt lat="42.930356981232755" lon="-1.8620660249143917"><ele>597.05999756</ele></trkpt><trkpt lat="42.93048296123742" lon="-1.862169038504362"><ele>598.15997314</ele></trkpt><trkpt lat="42.9305910039693" lon="-1.8622990418225462"><ele>599.27001953</ele></trkpt><trkpt lat="42.93061698786914" lon="-1.8624080065637916"><ele>599.89001465</ele></trkpt><trkpt lat="42.930614976212375" lon="-1.8624800071120295"><ele>600.14001465</ele></trkpt><trkpt lat="42.93059402145444" lon="-1.8625680170953212"><ele>600.5300293</ele></trkpt><trkpt lat="42.9305449873209" lon="-1.862647980451578"><ele>600.95001221</ele></trkpt><trkpt lat="42.93046301230788" lon="-1.862802961841219"><ele>603.4699707</ele></trkpt><trkpt lat="42.930425964295864" lon="-1.8629239965230138"><ele>602.27001953</ele></trkpt><trkpt lat="42.93040903285146" lon="-1.863085012882947"><ele>603.15002441</ele></trkpt><trkpt lat="42.93040953456527" lon="-1.863096187138233"><ele>603.15002441</ele></trkpt><trkpt lat="42.930420517284084" lon="-1.8633408022389846"><ele>604.36999512</ele></trkpt><trkpt lat="42.930421018972986" lon="-1.863351976498957"><ele>604.4699707</ele></trkpt><trkpt lat="42.930411966517575" lon="-1.8635000009089675"><ele>604.97998047</ele></trkpt><trkpt lat="42.93040939434881" lon="-1.863509941147465"><ele>604.97998047</ele></trkpt><trkpt lat="42.930349578957966" lon="-1.8637410986901202"><ele>606.5300293</ele></trkpt><trkpt lat="42.93034700676799" lon="-1.8637510389089555"><ele>606.5300293</ele></trkpt><trkpt lat="42.93032202869653" lon="-1.8638910166919225"><ele>606.69000244</ele></trkpt><trkpt lat="42.93030914478423" lon="-1.8640053859718007"><ele>607.09997559</ele></trkpt><trkpt lat="42.930281855519894" lon="-1.8642476266925205"><ele>608.14001465</ele></trkpt><trkpt lat="42.93026897124945" lon="-1.8643619958311328"><ele>608.69000244</ele></trkpt><trkpt lat="42.93025786238075" lon="-1.8644667353831916"><ele>609.19000244</ele></trkpt><trkpt lat="42.93023213595135" lon="-1.8647092924353292"><ele>610.32000732</ele></trkpt><trkpt lat="42.93022102676333" lon="-1.8648140318691644"><ele>610.59002686</ele></trkpt><trkpt lat="42.930211974307895" lon="-1.8649899680167479"><ele>611.54998779</ele></trkpt><trkpt lat="42.93024097569287" lon="-1.8651570193469547"><ele>612.21002197</ele></trkpt><trkpt lat="42.93025639282682" lon="-1.8652262481702064"><ele>612.9699707</ele></trkpt><trkpt lat="42.93030862340153" lon="-1.8654607850597236"><ele>612.86999512</ele></trkpt><trkpt lat="42.93032404035329" lon="-1.865530014038083"><ele>613.13000488</ele></trkpt><trkpt lat="42.930331160238765" lon="-1.8655496396868498"><ele>613.34997559</ele></trkpt><trkpt lat="42.930410881642885" lon="-1.8657693891415101"><ele>614.2199707</ele></trkpt><trkpt lat="42.93041800148786" lon="-1.8657890148460827"><ele>614.2199707</ele></trkpt><trkpt lat="42.93043276341938" lon="-1.8658110142272588"><ele>614.30999756</ele></trkpt><trkpt lat="42.93055419767069" lon="-1.8659919856489398"><ele>614.90997314</ele></trkpt><trkpt lat="42.93056895956398" lon="-1.866013985127206"><ele>614.98999023</ele></trkpt><trkpt lat="42.930569188198156" lon="-1.8660142432529079"><ele>614.98999023</ele></trkpt><trkpt lat="42.93070778670376" lon="-1.8661707200467457"><ele>615.5</ele></trkpt><trkpt lat="42.930708015337586" lon="-1.8661709781736073"><ele>615.5</ele></trkpt><trkpt lat="42.93075696565211" lon="-1.866294024512177"><ele>615.83001709</ele></trkpt><trkpt lat="42.93077699840069" lon="-1.8664500117301923"><ele>616</ele></trkpt><trkpt lat="42.93077297508719" lon="-1.8666729703545504"><ele>616.70001221</ele></trkpt><trkpt lat="42.930784961208694" lon="-1.866789981722831"><ele>617.15002441</ele></trkpt><trkpt lat="42.93081597425042" lon="-1.8668459728360178"><ele>617.61999512</ele></trkpt><trkpt lat="42.930859979242086" lon="-1.8668510019779265"><ele>617.95001221</ele></trkpt><trkpt lat="42.930885041132576" lon="-1.866804985329507"><ele>618.32000732</ele></trkpt><trkpt lat="42.930893003940575" lon="-1.866728961467745"><ele>618.41998291</ele></trkpt><trkpt lat="42.93089223188291" lon="-1.8667209558092426"><ele>618.41998291</ele></trkpt><trkpt lat="42.9308687979443" lon="-1.8664779663116187"><ele>619.11999512</ele></trkpt><trkpt lat="42.930868025869124" lon="-1.8664699606597497"><ele>619.22998047</ele></trkpt><trkpt lat="42.930863034992" lon="-1.8664436442536518"><ele>619.32000732</ele></trkpt><trkpt lat="42.93081803152161" lon="-1.866206346991353"><ele>619.91998291</ele></trkpt><trkpt lat="42.93081304058431" lon="-1.8661800306290477"><ele>620.03997803</ele></trkpt><trkpt lat="42.93076098896564" lon="-1.8660650309175209"><ele>620.41998291</ele></trkpt><trkpt lat="42.930689994245746" lon="-1.8659660406410683"><ele>620.9699707</ele></trkpt><trkpt lat="42.93059502728283" lon="-1.8657790403813097"><ele>621.86999512</ele></trkpt><trkpt lat="42.93059378328536" lon="-1.8657751930074158"><ele>621.86999512</ele></trkpt><trkpt lat="42.93052125325449" lon="-1.8655508766661022"><ele>622.94000244</ele></trkpt><trkpt lat="42.93052000924945" lon="-1.8655470293015328"><ele>622.94000244</ele></trkpt><trkpt lat="42.93051549697767" lon="-1.8655242989219654"><ele>622.98999023</ele></trkpt><trkpt lat="42.930468530459144" lon="-1.8652877086004762"><ele>624.25</ele></trkpt><trkpt lat="42.93046401813625" lon="-1.8652649782598034"><ele>624.40002441</ele></trkpt><trkpt lat="42.93046369425926" lon="-1.8652573088489741"><ele>624.40002441</ele></trkpt><trkpt lat="42.93045336173699" lon="-1.8650126410312517"><ele>625.51000977</ele></trkpt><trkpt lat="42.9304530378431" lon="-1.8650049716234258"><ele>625.59997559</ele></trkpt><trkpt lat="42.93046804144978" lon="-1.864800034090872"><ele>626.58001709</ele></trkpt><trkpt lat="42.93047610268585" lon="-1.8647657431126832"><ele>626.75</ele></trkpt><trkpt lat="42.93053097501467" lon="-1.8645323251661157"><ele>628.07000732</ele></trkpt><trkpt lat="42.93053903616965" lon="-1.86449803411961"><ele>628.16998291</ele></trkpt><trkpt lat="42.93055998282891" lon="-1.8644327917949115"><ele>628.4699707</ele></trkpt><trkpt lat="42.930632083561306" lon="-1.864208219219575"><ele>629.7800293</ele></trkpt><trkpt lat="42.930653030052774" lon="-1.8641429767012565"><ele>630.2199707</ele></trkpt><trkpt lat="42.93067079069539" lon="-1.8640914365327959"><ele>630.59997559</ele></trkpt><trkpt lat="42.930747251761744" lon="-1.863869550638879"><ele>632.26000977</ele></trkpt><trkpt lat="42.93076501227915" lon="-1.8638180103153048"><ele>632.63000488</ele></trkpt><trkpt lat="42.93078916830817" lon="-1.8637663613227995"><ele>632.94000244</ele></trkpt><trkpt lat="42.93088586329443" lon="-1.8635596129099956"><ele>634.5</ele></trkpt><trkpt lat="42.93091001920403" lon="-1.8635079637169851"><ele>634.82000732</ele></trkpt><trkpt lat="42.93092717763535" lon="-1.8634647620769953"><ele>635.04998779</ele></trkpt><trkpt lat="42.93101280590671" lon="-1.8632491655279186"><ele>636.53997803</ele></trkpt><trkpt lat="42.9310299642384" lon="-1.8632059637457083"><ele>636.84002686</ele></trkpt><trkpt lat="42.9310352059491" lon="-1.8631804701356058"><ele>636.88000488</ele></trkpt><trkpt lat="42.931083731184856" lon="-1.862944461034458"><ele>637.83001709</ele></trkpt><trkpt lat="42.93108897283674" lon="-1.8629189673811273"><ele>637.94000244</ele></trkpt><trkpt lat="42.93108997866511" lon="-1.862906981259585"><ele>638.04998779</ele></trkpt><trkpt lat="42.93109978454835" lon="-1.862863997764662"><ele>638.2199707</ele></trkpt><trkpt lat="42.93115317926365" lon="-1.8626299437773315"><ele>639.15002441</ele></trkpt><trkpt lat="42.93116298504175" lon="-1.8625869601965"><ele>639.41998291</ele></trkpt><trkpt lat="42.931167015999385" lon="-1.8625725163941034"><ele>639.41998291</ele></trkpt><trkpt lat="42.9312309546635" lon="-1.8623434090504865"><ele>640.66998291</ele></trkpt><trkpt lat="42.93123498558998" lon="-1.862328965216868"><ele>640.7800293</ele></trkpt><trkpt lat="42.931256028197204" lon="-1.862262106920414"><ele>641.15997314</ele></trkpt><trkpt lat="42.931326931210776" lon="-1.8620368267964609"><ele>642.51000977</ele></trkpt><trkpt lat="42.93134797364472" lon="-1.861969968304045"><ele>642.97998047</ele></trkpt><trkpt lat="42.93136865361636" lon="-1.861896828675494"><ele>643.48999023</ele></trkpt><trkpt lat="42.93143332494377" lon="-1.8616681017832188"><ele>644.92999268</ele></trkpt><trkpt lat="42.93145400471985" lon="-1.8615949619561514"><ele>645.34997559</ele></trkpt><trkpt lat="42.931459187162524" lon="-1.8615680336098037"><ele>645.51000977</ele></trkpt><trkpt lat="42.93150481345303" lon="-1.8613309544864551"><ele>646.72998047</ele></trkpt><trkpt lat="42.93150999583304" lon="-1.8613040260970575"><ele>646.98999023</ele></trkpt><trkpt lat="42.93150697834791" lon="-1.8611379805952366"><ele>647.63000488</ele></trkpt><trkpt lat="42.93149901553988" lon="-1.861016023904076"><ele>648.0300293</ele></trkpt><trkpt lat="42.931447969749556" lon="-1.860817959532149"><ele>648.57000732</ele></trkpt><trkpt lat="42.931408993899815" lon="-1.8606710247695437"><ele>649.14001465</ele></trkpt><trkpt lat="42.93135400861502" lon="-1.860466003417959"><ele>650.05999756</ele></trkpt><trkpt lat="42.93133799917994" lon="-1.8602840323001142"><ele>650.91998291</ele></trkpt><trkpt lat="42.93134101666511" lon="-1.8601189926266681"><ele>651.54998779</ele></trkpt><trkpt lat="42.93134302832187" lon="-1.85988798737526"><ele>652.73999023</ele></trkpt><trkpt lat="42.9313550144434" lon="-1.859701992943891"><ele>653.59997559</ele></trkpt><trkpt lat="42.93134596198798" lon="-1.8595770187675953"><ele>653.94000244</ele></trkpt><trkpt lat="42.93127798475324" lon="-1.859408961609"><ele>654.66998291</ele></trkpt><trkpt lat="42.93121503666043" lon="-1.8592880107462346"><ele>655.5</ele></trkpt><trkpt lat="42.931138006970286" lon="-1.8591760285198708"><ele>656.21002197</ele></trkpt><trkpt lat="42.931098025292165" lon="-1.8590109888464263"><ele>656.89001465</ele></trkpt><trkpt lat="42.931066006422036" lon="-1.858833963051446"><ele>657.46002197</ele></trkpt><trkpt lat="42.9310439620167" lon="-1.8586509861052072"><ele>658.19000244</ele></trkpt><trkpt lat="42.93104999698701" lon="-1.8585540074854987"><ele>658.83001709</ele></trkpt><trkpt lat="42.9310899786651" lon="-1.8585069850087117"><ele>659.45001221</ele></trkpt><trkpt lat="42.931134989485145" lon="-1.8585130199789985"><ele>659.80999756</ele></trkpt><trkpt lat="42.9311789944768" lon="-1.8586000241339216"><ele>660.04998779</ele></trkpt><trkpt lat="42.93119600974023" lon="-1.8587039597332438"><ele>660.16998291</ele></trkpt><trkpt lat="42.93122903443873" lon="-1.8588189594447677"><ele>660.45001221</ele></trkpt><trkpt lat="42.931256024166935" lon="-1.8589949794113703"><ele>661.0300293</ele></trkpt><trkpt lat="42.93130698613823" lon="-1.8591119907796465"><ele>661.47998047</ele></trkpt><trkpt lat="42.931390972807996" lon="-1.8591949716210305"><ele>661.65002441</ele></trkpt><trkpt lat="42.931398111574154" lon="-1.859200325679386"><ele>661.65002441</ele></trkpt><trkpt lat="42.93155583070058" lon="-1.8593186150242096"><ele>662.25</ele></trkpt><trkpt lat="42.93156296946108" lon="-1.8593239691108414"><ele>662.32000732</ele></trkpt><trkpt lat="42.931627007201314" lon="-1.8594839796423814"><ele>662.35998535</ele></trkpt><trkpt lat="42.931622983887785" lon="-1.859595039859405"><ele>662.51000977</ele></trkpt><trkpt lat="42.931601023301475" lon="-1.8596679624169978"><ele>662.59002686</ele></trkpt><trkpt lat="42.93156003579495" lon="-1.8598419707268417"><ele>663.32000732</ele></trkpt><trkpt lat="42.9315450321883" lon="-1.8599749915301822"><ele>663.91998291</ele></trkpt><trkpt lat="42.93154997751117" lon="-1.860045986250044"><ele>664.46002197</ele></trkpt><trkpt lat="42.93158702552318" lon="-1.8602370098233236"><ele>665.52001953</ele></trkpt><trkpt lat="42.931659026071436" lon="-1.8604550231248114"><ele>666.48999023</ele></trkpt><trkpt lat="42.93172599747777" lon="-1.8606010358780611"><ele>667.46002197</ele></trkpt><trkpt lat="42.9318040329963" lon="-1.8608039617538414"><ele>668.55999756</ele></trkpt><trkpt lat="42.93183202855289" lon="-1.861003031954176"><ele>669.20001221</ele></trkpt><trkpt lat="42.931836973875775" lon="-1.8611939717084245"><ele>670.28997803</ele></trkpt><trkpt lat="42.931829011067755" lon="-1.861389018595216"><ele>670.94000244</ele></trkpt><trkpt lat="42.93182841627026" lon="-1.8614269795878573"><ele>671.03997803</ele></trkpt><trkpt lat="42.93182457681726" lon="-1.8616720006784504"><ele>672.27001953</ele></trkpt><trkpt lat="42.93182398192584" lon="-1.8617099616676551"><ele>672.33001709</ele></trkpt><trkpt lat="42.931824667407085" lon="-1.8617459661508307"><ele>672.52001953</ele></trkpt><trkpt lat="42.93182933150319" lon="-1.8619909607543121"><ele>673.94000244</ele></trkpt><trkpt lat="42.93183001689613" lon="-1.862026965245595"><ele>674.09997559</ele></trkpt><trkpt lat="42.9318290426426" lon="-1.8620605513432384"><ele>674.16998291</ele></trkpt><trkpt lat="42.93182193877604" lon="-1.8623054374100847"><ele>675.27001953</ele></trkpt><trkpt lat="42.9318209644407" lon="-1.8623390235006843"><ele>675.55999756</ele></trkpt><trkpt lat="42.93181995806468" lon="-1.8623535271337825"><ele>675.55999756</ele></trkpt><trkpt lat="42.93180302774842" lon="-1.8625975184616093"><ele>676.7199707</ele></trkpt><trkpt lat="42.93180202133954" lon="-1.8626120220869828"><ele>677.0300293</ele></trkpt><trkpt lat="42.931798927592666" lon="-1.8626629036089897"><ele>677.64001465</ele></trkpt><trkpt lat="42.931784076641016" lon="-1.8629071455546649"><ele>679.05999756</ele></trkpt><trkpt lat="42.931780982762575" lon="-1.8629580270498922"><ele>679.10998535</ele></trkpt><trkpt lat="42.931780587162784" lon="-1.8629639786851167"><ele>679.10998535</ele></trkpt><trkpt lat="42.93176436311197" lon="-1.8632080587404638"><ele>680.41998291</ele></trkpt><trkpt lat="42.93176396749914" lon="-1.863214010372766"><ele>680.41998291</ele></trkpt><trkpt lat="42.9317623928138" lon="-1.863230055728145"><ele>680.07000732</ele></trkpt><trkpt lat="42.93173855249273" lon="-1.863472975272872"><ele>681.52001953</ele></trkpt><trkpt lat="42.931736977770925" lon="-1.863489020615815"><ele>681.52001953</ele></trkpt><trkpt lat="42.93170898221433" lon="-1.8636780325323339"><ele>682.55999756</ele></trkpt><trkpt lat="42.93168400414288" lon="-1.8637370411306675"><ele>683.19000244</ele></trkpt><trkpt lat="42.93160102330147" lon="-1.8639380391687226"><ele>684.03997803</ele></trkpt><trkpt lat="42.93155198916791" lon="-1.864067958667881"><ele>684.28997803</ele></trkpt><trkpt lat="42.931520976126194" lon="-1.8642090260982496"><ele>685.2199707</ele></trkpt><trkpt lat="42.93152499943971" lon="-1.8643149733543385"><ele>685.60998535</ele></trkpt><trkpt lat="42.9315450321883" lon="-1.8644009716808798"><ele>686.20001221</ele></trkpt><trkpt lat="42.93158903717993" lon="-1.8644879758357995"><ele>686.64001465</ele></trkpt><trkpt lat="42.931658020243056" lon="-1.8646029755473144"><ele>687.44000244</ele></trkpt><trkpt lat="42.93166378881401" lon="-1.8646120987799997"><ele>687.44000244</ele></trkpt><trkpt lat="42.93178124917715" lon="-1.8647978678013704"><ele>688.5</ele></trkpt><trkpt lat="42.93178701773285" lon="-1.8648069910705136"><ele>688.5</ele></trkpt><trkpt lat="42.93183898553253" lon="-1.8649150338023868"><ele>689</ele></trkpt><trkpt lat="42.931896988302455" lon="-1.8650880362838456"><ele>689.80999756</ele></trkpt><trkpt lat="42.93189773367705" lon="-1.8650912308888343"><ele>689.80999756</ele></trkpt><trkpt lat="42.93195223404761" lon="-1.8653248155608337"><ele>690.78997803</ele></trkpt><trkpt lat="42.931952979415655" lon="-1.8653280101716534"><ele>690.78997803</ele></trkpt><trkpt lat="42.93196395970881" lon="-1.8654919601976778"><ele>691.2199707</ele></trkpt><trkpt lat="42.93196303769946" lon="-1.8656799662858226"><ele>691.84997559</ele></trkpt><trkpt lat="42.931955996900804" lon="-1.8658969737589441"><ele>692.39001465</ele></trkpt><trkpt lat="42.931958008557565" lon="-1.866022031754257"><ele>692.7800293</ele></trkpt><trkpt lat="42.93196203187108" lon="-1.866154968738555"><ele>693.2199707</ele></trkpt><trkpt lat="42.931974017992616" lon="-1.8663780111819488"><ele>696.83001709</ele></trkpt><trkpt lat="42.93197723254835" lon="-1.8664601223998694"><ele>695.71002197</ele></trkpt><trkpt lat="42.93198681310602" lon="-1.866704852980787"><ele>695.41998291</ele></trkpt><trkpt lat="42.93199002742765" lon="-1.8667869642376929"><ele>695.67999268</ele></trkpt><trkpt lat="42.93198936694134" lon="-1.8668018367317682"><ele>695.7800293</ele></trkpt><trkpt lat="42.93197850260557" lon="-1.8670464680020467"><ele>696.80999756</ele></trkpt><trkpt lat="42.93196763774592" lon="-1.8672910991973686"><ele>698.19000244</ele></trkpt><trkpt lat="42.93196697719395" lon="-1.8673059716820704"><ele>698.19000244</ele></trkpt><trkpt lat="42.93196482085417" lon="-1.86733269260127"><ele>697.86999512</ele></trkpt><trkpt lat="42.93194516135399" lon="-1.8675763054288121"><ele>699.13000488</ele></trkpt><trkpt lat="42.93194300495088" lon="-1.8676030263304748"><ele>699.30999756</ele></trkpt><trkpt lat="42.93194262354106" lon="-1.8676444891018456"><ele>699.40002441</ele></trkpt><trkpt lat="42.93194036897938" lon="-1.8678895474315227"><ele>700.77001953</ele></trkpt><trkpt lat="42.931939987465725" lon="-1.867931010201565"><ele>700.97998047</ele></trkpt><trkpt lat="42.93194406835517" lon="-1.8680028351942415"><ele>701.41998291</ele></trkpt><trkpt lat="42.931957951179584" lon="-1.8682471834607675"><ele>702.98999023</ele></trkpt><trkpt lat="42.93196203187108" lon="-1.868319008499384"><ele>702.96002197</ele></trkpt><trkpt lat="42.93196873263982" lon="-1.8684174776529174"><ele>703.4699707</ele></trkpt><trkpt lat="42.931985338609536" lon="-1.868661511191233"><ele>704.84997559</ele></trkpt><trkpt lat="42.93199203908444" lon="-1.8687599804252306"><ele>705.01000977</ele></trkpt><trkpt lat="42.93200103736215" lon="-1.8688697056544166"><ele>705.58001709</ele></trkpt><trkpt lat="42.93202101116564" lon="-1.869113271417274"><ele>706.69000244</ele></trkpt><trkpt lat="42.932030009105794" lon="-1.8692229967564384"><ele>707.15002441</ele></trkpt><trkpt lat="42.932031640246244" lon="-1.8692930097004186"><ele>707.38000488</ele></trkpt><trkpt lat="42.93203734679422" lon="-1.8695379646044206"><ele>708.52001953</ele></trkpt><trkpt lat="42.93203897774218" lon="-1.869607977569106"><ele>708.88000488</ele></trkpt><trkpt lat="42.93203905935601" lon="-1.8696120183812224"><ele>708.97998047</ele></trkpt><trkpt lat="42.932044007154765" lon="-1.8698570038863274"><ele>710.0300293</ele></trkpt><trkpt lat="42.93204895442959" lon="-1.8701019894417463"><ele>711.98999023</ele></trkpt><trkpt lat="42.93204903602599" lon="-1.8701060302555463"><ele>711.98999023</ele></trkpt><trkpt lat="42.93204647588529" lon="-1.8702115457603707"><ele>711.63000488</ele></trkpt><trkpt lat="42.93204053237795" lon="-1.8704564903054652"><ele>712.82000732</ele></trkpt><trkpt lat="42.93203797191381" lon="-1.8705620057880834"><ele>713.27001953</ele></trkpt><trkpt lat="42.93203797200672" lon="-1.870629945508253"><ele>713.67999268</ele></trkpt><trkpt lat="42.932037972006725" lon="-1.8708750235631209"><ele>714.80999756</ele></trkpt><trkpt lat="42.93203797191381" lon="-1.8709429632872283"><ele>715.20001221</ele></trkpt><trkpt lat="42.93203975084431" lon="-1.8709891106589336"><ele>715.35998535</ele></trkpt><trkpt lat="42.932049185050325" lon="-1.871233852222815"><ele>716.64001465</ele></trkpt><trkpt lat="42.93205096386374" lon="-1.8712799996137572"><ele>716.83001709</ele></trkpt><trkpt lat="42.932057317805416" lon="-1.8713601709238643"><ele>717.19000244</ele></trkpt><trkpt lat="42.93207662901823" lon="-1.8716038359651945"><ele>718.59002686</ele></trkpt><trkpt lat="42.93208298273384" lon="-1.8716840073466239"><ele>719.19000244</ele></trkpt><trkpt lat="42.9320929530588" lon="-1.8717993062002731"><ele>719.72998047</ele></trkpt><trkpt lat="42.93211400027545" lon="-1.8720427049940478"><ele>721.07000732</ele></trkpt><trkpt lat="42.93212397024033" lon="-1.8721580039709875"><ele>721.76000977</ele></trkpt><trkpt lat="42.93212750315603" lon="-1.8722000031756627"><ele>721.83001709</ele></trkpt><trkpt lat="42.932147984747765" lon="-1.8724434914746386"><ele>723</ele></trkpt><trkpt lat="42.932168465823295" lon="-1.872686979945809"><ele>724.21002197</ele></trkpt><trkpt lat="42.93217199854554" lon="-1.8727289792150221"><ele>724.48999023</ele></trkpt><trkpt lat="42.93217815675804" lon="-1.8727920355548726"><ele>724.76000977</ele></trkpt><trkpt lat="42.93220188268459" lon="-1.8730349780073208"><ele>726.03997803</ele></trkpt><trkpt lat="42.93220804072916" lon="-1.8730980344116617"><ele>726.19000244</ele></trkpt><trkpt lat="42.93222798965872" lon="-1.8732850346714198"><ele>726.98999023</ele></trkpt><trkpt lat="42.93226797133683" lon="-1.873476980254058"><ele>727.82000732</ele></trkpt><trkpt lat="42.932278097859964" lon="-1.8735044520045747"><ele>727.95001221</ele></trkpt><trkpt lat="42.932358846805336" lon="-1.873723512836476"><ele>729</ele></trkpt><trkpt lat="42.93236897327006" lon="-1.8737509846687308"><ele>729.19000244</ele></trkpt><trkpt lat="42.932401581937945" lon="-1.8738195882955828"><ele>729.5300293</ele></trkpt><trkpt lat="42.93249939278073" lon="-1.874025368228079"><ele>730.88000488</ele></trkpt><trkpt lat="42.93253200128673" lon="-1.8740939721465102"><ele>731.42999268</ele></trkpt><trkpt lat="42.9326370265335" lon="-1.874291030690068"><ele>732.71002197</ele></trkpt><trkpt lat="42.93272503651678" lon="-1.8744460120797148"><ele>733.66998291</ele></trkpt><trkpt lat="42.93277398683131" lon="-1.8745490256696928"><ele>734.29998779</ele></trkpt><trkpt lat="42.93285202234983" lon="-1.8747389595955688"><ele>735.20001221</ele></trkpt><trkpt lat="42.932922011241324" lon="-1.8749630078673416"><ele>736.16998291</ele></trkpt><trkpt lat="42.93294103816151" lon="-1.8750989623367793"><ele>736.72998047</ele></trkpt><trkpt lat="42.93294497765601" lon="-1.8752390239387715"><ele>737.41998291</ele></trkpt><trkpt lat="42.932944977656014" lon="-1.8753719609230717"><ele>737.66998291</ele></trkpt><trkpt lat="42.932949000969515" lon="-1.8754220008850115"><ele>738.01000977</ele></trkpt><trkpt lat="42.93296702206135" lon="-1.875489978119731"><ele>738.34002686</ele></trkpt><trkpt lat="42.93299501761794" lon="-1.8755479808896836"><ele>738.65997314</ele></trkpt><trkpt lat="42.933069029822946" lon="-1.8756400141865035"><ele>739.44000244</ele></trkpt><trkpt lat="42.933157961815596" lon="-1.8757590372115294"><ele>740.45001221</ele></trkpt><trkpt lat="42.93321596458553" lon="-1.8758789822459199"><ele>741.14001465</ele></trkpt><trkpt lat="42.9332510009408" lon="-1.875985013321038"><ele>741.59002686</ele></trkpt><trkpt lat="42.933251010799545" lon="-1.8759850412345376"><ele>741.59002686</ele></trkpt><trkpt lat="42.93332902660069" lon="-1.876205932375057"><ele>742.5</ele></trkpt><trkpt lat="42.93332903645934" lon="-1.8762059602886374"><ele>742.5</ele></trkpt><trkpt lat="42.933353392306785" lon="-1.876262343089459"><ele>742.83001709</ele></trkpt><trkpt lat="42.93344465852476" lon="-1.8764736216516185"><ele>744.07000732</ele></trkpt><trkpt lat="42.933469014242284" lon="-1.8765300046652587"><ele>744.39001465</ele></trkpt><trkpt lat="42.93347239185183" lon="-1.8765379450831263"><ele>744.39001465</ele></trkpt><trkpt lat="42.93356261526749" lon="-1.8767500519893758"><ele>745.52001953</ele></trkpt><trkpt lat="42.933565992862" lon="-1.8767579924315159"><ele>745.52001953</ele></trkpt><trkpt lat="42.93361703865231" lon="-1.8769620079547158"><ele>746.46002197</ele></trkpt><trkpt lat="42.93363003060222" lon="-1.8770869821309992"><ele>746.94000244</ele></trkpt><trkpt lat="42.93367696926" lon="-1.8772269599139706"><ele>747.65002441</ele></trkpt><trkpt lat="42.93367857055988" lon="-1.8772303474900176"><ele>747.71002197</ele></trkpt><trkpt lat="42.93377600163472" lon="-1.8774364652456212"><ele>749.2800293</ele></trkpt><trkpt lat="42.93387343234415" lon="-1.8776425836557618"><ele>750.33001709</ele></trkpt><trkpt lat="42.933875033631914" lon="-1.8776459712535152"><ele>750.33001709</ele></trkpt><trkpt lat="42.93389240148917" lon="-1.8776845328225105"><ele>750.52001953</ele></trkpt><trkpt lat="42.933986513207735" lon="-1.8778934884041238"><ele>751.57000732</ele></trkpt><trkpt lat="42.93408062455055" lon="-1.8781024446272165"><ele>752.63000488</ele></trkpt><trkpt lat="42.93409799225629" lon="-1.8781410064548199"><ele>752.7800293</ele></trkpt><trkpt lat="42.93412772310505" lon="-1.8782078319386237"><ele>753.03997803</ele></trkpt><trkpt lat="42.9342209970143" lon="-1.8784174829761524"><ele>753.89001465</ele></trkpt><trkpt lat="42.93431427054521" lon="-1.878627134651697"><ele>754.63000488</ele></trkpt><trkpt lat="42.934344001114354" lon="-1.8786939606070623"><ele>754.86999512</ele></trkpt><trkpt lat="42.93437741052994" lon="-1.8787669666611806"><ele>755.17999268</ele></trkpt><trkpt lat="42.93447261406362" lon="-1.8789750058366963"><ele>756.20001221</ele></trkpt><trkpt lat="42.93450602330266" lon="-1.8790480121970217"><ele>756.65002441</ele></trkpt><trkpt lat="42.934575006365776" lon="-1.8792689591646115"><ele>757.90002441</ele></trkpt><trkpt lat="42.93462404049932" lon="-1.8794530257582642"><ele>758.2800293</ele></trkpt><trkpt lat="42.93467902578413" lon="-1.879613036289805"><ele>759.03997803</ele></trkpt><trkpt lat="42.934762006625526" lon="-1.8797069974243577"><ele>759.85998535</ele></trkpt><trkpt lat="42.93486996553836" lon="-1.8797489907592464"><ele>760.60998535</ele></trkpt><trkpt lat="42.934967027977116" lon="-1.8797250185161891"><ele>761.21002197</ele></trkpt><trkpt lat="42.935044979676604" lon="-1.8796710390597577"><ele>761.96002197</ele></trkpt><trkpt lat="42.935113040730364" lon="-1.8795749824494146"><ele>762.58001709</ele></trkpt><trkpt lat="42.935159979388125" lon="-1.8794459849596121"><ele>762.59002686</ele></trkpt><trkpt lat="42.93517397716641" lon="-1.8793039955198778"><ele>762.58001709</ele></trkpt><trkpt lat="42.93522200547159" lon="-1.879133004695181"><ele>762.55999756</ele></trkpt><trkpt lat="42.93527799658477" lon="-1.8790139816701357"><ele>762.55999756</ele></trkpt><trkpt lat="42.935390984639504" lon="-1.878877021372324"><ele>762.45001221</ele></trkpt><trkpt lat="42.935525011271224" lon="-1.8787350319325873"><ele>762.4699707</ele></trkpt><trkpt lat="42.93562601320445" lon="-1.8785900250077205"><ele>762.53997803</ele></trkpt><trkpt lat="42.935720980167396" lon="-1.878388021141283"><ele>762.42999268</ele></trkpt><trkpt lat="42.93572279272268" lon="-1.8783812217568019"><ele>762.42999268</ele></trkpt><trkpt lat="42.935784211194964" lon="-1.878150823338103"><ele>762.21002197</ele></trkpt><trkpt lat="42.93578602373598" lon="-1.8781440239399632"><ele>762.19000244</ele></trkpt><trkpt lat="42.93578868545747" lon="-1.8781338945683057"><ele>762.19000244</ele></trkpt><trkpt lat="42.935849327614065" lon="-1.8779031153319994"><ele>761.41998291</ele></trkpt><trkpt lat="42.93585198931396" lon="-1.8778929859399767"><ele>761.27001953</ele></trkpt><trkpt lat="42.93590697459877" lon="-1.8777730409055906"><ele>760.78997803</ele></trkpt><trkpt lat="42.93591532907232" lon="-1.877763721275893"><ele>760.78997803</ele></trkpt><trkpt lat="42.93605460735736" lon="-1.8776083522701215"><ele>759.83001709</ele></trkpt><trkpt lat="42.936062961816795" lon="-1.8775990325957523"><ele>759.83001709</ele></trkpt><trkpt lat="42.93607881999693" lon="-1.8775876556589328"><ele>759.78997803</ele></trkpt><trkpt lat="42.936238127223646" lon="-1.8774733654808995"><ele>759.21002197</ele></trkpt><trkpt lat="42.93625398539007" lon="-1.8774619884788901"><ele>759.13000488</ele></trkpt><trkpt lat="42.93625677825341" lon="-1.8774596520210307"><ele>759.13000488</ele></trkpt><trkpt lat="42.936410197232746" lon="-1.8773313041453343"><ele>758.58001709</ele></trkpt><trkpt lat="42.93641299009323" lon="-1.8773289676755602"><ele>758.58001709</ele></trkpt><trkpt lat="42.93648096732795" lon="-1.8772299773991044"><ele>758.30999756</ele></trkpt><trkpt lat="42.93650896288454" lon="-1.8771439790725786"><ele>757.98999023</ele></trkpt><trkpt lat="42.93650897340784" lon="-1.8771438441258645"><ele>757.98999023</ele></trkpt><trkpt lat="42.93652797928172" lon="-1.8769001168180164"><ele>757.23999023</ele></trkpt><trkpt lat="42.936527989804745" lon="-1.87689998187124"><ele>757.23999023</ele></trkpt><trkpt lat="42.93653005282846" lon="-1.8768488402986911"><ele>757.11999512</ele></trkpt><trkpt lat="42.93653992469175" lon="-1.8766041126694804"><ele>756.09002686</ele></trkpt><trkpt lat="42.93654198758304" lon="-1.876552971079943"><ele>755.7800293</ele></trkpt><trkpt lat="42.936544270409826" lon="-1.8765243084735181"><ele>755.69000244</ele></trkpt><trkpt lat="42.93656367706776" lon="-1.8762806395621772"><ele>754.89001465</ele></trkpt><trkpt lat="42.93656595982608" lon="-1.8762519769370516"><ele>754.90002441</ele></trkpt><trkpt lat="42.93663301505148" lon="-1.8761209677904829"><ele>754.66998291</ele></trkpt><trkpt lat="42.93672102503479" lon="-1.8760499730706146"><ele>754.48999023</ele></trkpt><trkpt lat="42.936801455660195" lon="-1.876014133780889"><ele>754.44000244</ele></trkpt><trkpt lat="42.93697260163592" lon="-1.8759378720673776"><ele>754.60998535</ele></trkpt><trkpt lat="42.93705303221941" lon="-1.8759020324796365"><ele>754.88000488</ele></trkpt><trkpt lat="42.937169959768646" lon="-1.8758540041744756"><ele>755.65002441</ele></trkpt><trkpt lat="42.937245983630405" lon="-1.8758300319313979"><ele>756.08001709</ele></trkpt><trkpt lat="42.93731899000703" lon="-1.8758349772542748"><ele>756.42999268</ele></trkpt><trkpt lat="42.93741697445512" lon="-1.8758850172162003"><ele>757.08001709</ele></trkpt><trkpt lat="42.93743064235554" lon="-1.8759059319917677"><ele>757.04998779</ele></trkpt><trkpt lat="42.93755032517291" lon="-1.8760890726313242"><ele>757.85998535</ele></trkpt><trkpt lat="42.93756399303677" lon="-1.876109987497328"><ele>757.98999023</ele></trkpt><trkpt lat="42.93768301606178" lon="-1.8762860074639298"><ele>758.40997314</ele></trkpt><trkpt lat="42.93768418688774" lon="-1.876287399504886"><ele>758.40997314</ele></trkpt><trkpt lat="42.93781981136398" lon="-1.8764486492618682"><ele>758.7800293</ele></trkpt><trkpt lat="42.937820982187986" lon="-1.8764500413089924"><ele>758.7800293</ele></trkpt><trkpt lat="42.93783403328318" lon="-1.8764626370929711"><ele>758.7800293</ele></trkpt><trkpt lat="42.93798093359085" lon="-1.8766044129713284"><ele>759.45001221</ele></trkpt><trkpt lat="42.93799398466944" lon="-1.8766170088201712"><ele>759.59002686</ele></trkpt><trkpt lat="42.93810102157294" lon="-1.8767030071467103"><ele>760.13000488</ele></trkpt><trkpt lat="42.93819498270749" lon="-1.876708958297971"><ele>760.76000977</ele></trkpt><trkpt lat="42.938244016841054" lon="-1.8766600079834432"><ele>761.13000488</ele></trkpt><trkpt lat="42.93826899491249" lon="-1.8765999935567461"><ele>761.29998779</ele></trkpt><trkpt lat="42.93829111644106" lon="-1.8765075214161557"><ele>761.72998047</ele></trkpt><trkpt lat="42.93834686975471" lon="-1.876274460414324"><ele>762.84002686</ele></trkpt><trkpt lat="42.93836899101733" lon="-1.8761819880455681"><ele>763.35998535</ele></trkpt><trkpt lat="42.93839173527324" lon="-1.8760883391988197"><ele>763.82000732</ele></trkpt><trkpt lat="42.938448254793116" lon="-1.8758556199596634"><ele>764.86999512</ele></trkpt><trkpt lat="42.93847099877893" lon="-1.8757619708776438"><ele>765.26000977</ele></trkpt><trkpt lat="42.93857099488376" lon="-1.8756169639527824"><ele>766.21002197</ele></trkpt><trkpt lat="42.93859644459775" lon="-1.8755980961270977"><ele>766.27001953</ele></trkpt><trkpt lat="42.9387545898594" lon="-1.875480850502089"><ele>767.66998291</ele></trkpt><trkpt lat="42.93878003954887" lon="-1.8754619825631436"><ele>767.82000732</ele></trkpt><trkpt lat="42.938882969319835" lon="-1.875377995893353"><ele>768.41998291</ele></trkpt><trkpt lat="42.938938960433006" lon="-1.8752850405871884"><ele>768.89001465</ele></trkpt><trkpt lat="42.93896402232348" lon="-1.8751920014619834"><ele>769.41998291</ele></trkpt><trkpt lat="42.938964022323475" lon="-1.8750019837170822"><ele>770.33001709</ele></trkpt><trkpt lat="42.938959829131704" lon="-1.8749623131633057"><ele>770.55999756</ele></trkpt><trkpt lat="42.93893418508579" lon="-1.8747197053297"><ele>771.85998535</ele></trkpt><trkpt lat="42.93892999179661" lon="-1.874680034816264"><ele>772.10998535</ele></trkpt><trkpt lat="42.93895103037358" lon="-1.8745149951428168"><ele>772.89001465</ele></trkpt><trkpt lat="42.93900903314352" lon="-1.8744109757244685"><ele>773.88000488</ele></trkpt><trkpt lat="42.939030143537515" lon="-1.874389304111169"><ele>773.90997314</ele></trkpt><trkpt lat="42.93917391721486" lon="-1.8742417076997187"><ele>775.07000732</ele></trkpt><trkpt lat="42.93919502757488" lon="-1.8742200359702188"><ele>775.21002197</ele></trkpt><trkpt lat="42.939294017851346" lon="-1.8741129990667056"><ele>776.01000977</ele></trkpt><trkpt lat="42.93933198787272" lon="-1.8739639688283263"><ele>776.7800293</ele></trkpt><trkpt lat="42.939363000914454" lon="-1.8737909663468582"><ele>777.73999023</ele></trkpt><trkpt lat="42.9394149687141" lon="-1.8736720271408653"><ele>778.38000488</ele></trkpt><trkpt lat="42.93946199119091" lon="-1.873633973300447"><ele>778.84002686</ele></trkpt><trkpt lat="42.93951203115283" lon="-1.8736369907855968"><ele>779.16998291</ele></trkpt><trkpt lat="42.93958202004431" lon="-1.8736970052123028"><ele>779.73999023</ele></trkpt><trkpt lat="42.939685033634305" lon="-1.8738479632884275"><ele>780.69000244</ele></trkpt><trkpt lat="42.93979399837555" lon="-1.8739870190620413"><ele>781.69000244</ele></trkpt><trkpt lat="42.939798633548676" lon="-1.8739900097788873"><ele>781.69000244</ele></trkpt><trkpt lat="42.939961359858245" lon="-1.874095004727172"><ele>782.94000244</ele></trkpt><trkpt lat="42.93996599502859" lon="-1.874097995460028"><ele>782.94000244</ele></trkpt><trkpt lat="42.94005299918354" lon="-1.8741470295935796"><ele>783.59997559</ele></trkpt><trkpt lat="42.94016095809639" lon="-1.874214000999924"><ele>784.35998535</ele></trkpt><trkpt lat="42.94022600166499" lon="-1.8742900248616927"><ele>784.85998535</ele></trkpt><trkpt lat="42.940303031355135" lon="-1.8743870034813823"><ele>786.0300293</ele></trkpt><trkpt lat="42.94042297638953" lon="-1.8744940403848909"><ele>786.41998291</ele></trkpt><trkpt lat="42.940580975264304" lon="-1.8745829723775345"><ele>787.04998779</ele></trkpt><trkpt lat="42.940587644887756" lon="-1.8745947895645905"><ele>787.04998779</ele></trkpt><trkpt lat="42.940697352000335" lon="-1.8747891684472753"><ele>788.03997803</ele></trkpt><trkpt lat="42.940704021602876" lon="-1.8748009856790375"><ele>788.2199707</ele></trkpt><trkpt lat="42.940779039636254" lon="-1.874977005645632"><ele>789.04998779</ele></trkpt><trkpt lat="42.940892027691" lon="-1.8751370161771874"><ele>790.17999268</ele></trkpt><trkpt lat="42.9409750085324" lon="-1.8751840386539746"><ele>790.73999023</ele></trkpt><trkpt lat="42.94111004099249" lon="-1.8752009700983796"><ele>791.90002441</ele></trkpt><trkpt lat="42.94115899621297" lon="-1.8752025645345853"><ele>792.22998047</ele></trkpt><trkpt lat="42.94133902968309" lon="-1.875208428109599"><ele>793.34997559</ele></trkpt><trkpt lat="42.94138798490169" lon="-1.8752100225537924"><ele>793.58001709</ele></trkpt><trkpt lat="42.941391192858916" lon="-1.8752096943862036"><ele>793.70001221</ele></trkpt><trkpt lat="42.94157077137597" lon="-1.8751913238033413"><ele>794.83001709</ele></trkpt><trkpt lat="42.94157397933304" lon="-1.8751909956335995"><ele>794.83001709</ele></trkpt><trkpt lat="42.94163082471397" lon="-1.8751749278420058"><ele>795.15002441</ele></trkpt><trkpt lat="42.941807147814764" lon="-1.875125088537804"><ele>795.98999023</ele></trkpt><trkpt lat="42.941863993182785" lon="-1.8751090206205914"><ele>796.2800293</ele></trkpt><trkpt lat="42.94198997318745" lon="-1.8751110322773394"><ele>796.83001709</ele></trkpt><trkpt lat="42.942110002040856" lon="-1.875146990641945"><ele>797.47998047</ele></trkpt><trkpt lat="42.94224604032934" lon="-1.8751419615000546"><ele>798.01000977</ele></trkpt><trkpt lat="42.94235701672732" lon="-1.8750739842653208"><ele>798.14001465</ele></trkpt><trkpt lat="42.942360081714355" lon="-1.8750722202601475"><ele>798.14001465</ele></trkpt><trkpt lat="42.94252594839512" lon="-1.874976758003835"><ele>798.15002441</ele></trkpt><trkpt lat="42.942529013380415" lon="-1.8749749939888682"><ele>798.15002441</ele></trkpt><trkpt lat="42.94265901669859" lon="-1.874906010925769"><ele>798.08001709</ele></trkpt><trkpt lat="42.94273202307522" lon="-1.8748920131474798"><ele>798.07000732</ele></trkpt><trkpt lat="42.94282296672462" lon="-1.8748810328543217"><ele>798.2800293</ele></trkpt><trkpt lat="42.94282642696613" lon="-1.8748810685269122"><ele>798.2800293</ele></trkpt><trkpt lat="42.943006506743" lon="-1.8748829250194647"><ele>798.65002441</ele></trkpt><trkpt lat="42.9430099669844" lon="-1.8748829606920527"><ele>798.71002197</ele></trkpt><trkpt lat="42.94318196363745" lon="-1.8748770095407927"><ele>799.09002686</ele></trkpt><trkpt lat="42.943318001925945" lon="-1.8748640175908806"><ele>799.39001465</ele></trkpt><trkpt lat="42.94344699941575" lon="-1.874814983457332"><ele>799.70001221</ele></trkpt><trkpt lat="42.9435459896922" lon="-1.874769972637295"><ele>799.59997559</ele></trkpt><trkpt lat="42.94368202798067" lon="-1.874712975695727"><ele>799.35998535</ele></trkpt><trkpt lat="42.943719991000975" lon="-1.8746959143059627"><ele>799.29998779</ele></trkpt><trkpt lat="42.94389099584451" lon="-1.8746190608053401"><ele>798.70001221</ele></trkpt><trkpt lat="42.94392895884812" lon="-1.8746019992977405"><ele>798.58001709</ele></trkpt><trkpt lat="42.94393099580259" lon="-1.874601080329693"><ele>798.58001709</ele></trkpt><trkpt lat="42.94410193603263" lon="-1.8745239607431556"><ele>797.96002197</ele></trkpt><trkpt lat="42.94410397298635" lon="-1.874523041769867"><ele>797.86999512</ele></trkpt><trkpt lat="42.94416514501102" lon="-1.8745043599512379"><ele>797.66998291</ele></trkpt><trkpt lat="42.94434086145438" lon="-1.8744506962680312"><ele>796.84002686</ele></trkpt><trkpt lat="42.9444020334631" lon="-1.8744320143014148"><ele>796.61999512</ele></trkpt><trkpt lat="42.94442389330578" lon="-1.8744257496118142"><ele>796.53997803</ele></trkpt><trkpt lat="42.944600114763965" lon="-1.8743752471207675"><ele>795.7800293</ele></trkpt><trkpt lat="42.94462197460233" lon="-1.8743689823895748"><ele>795.69000244</ele></trkpt><trkpt lat="42.944637174956554" lon="-1.8743648715381578"><ele>795.59997559</ele></trkpt><trkpt lat="42.94481380725911" lon="-1.8743171021542948"><ele>794.66998291</ele></trkpt><trkpt lat="42.944829007610686" lon="-1.8743129912763739"><ele>794.60998535</ele></trkpt><trkpt lat="42.94493101537226" lon="-1.8742600176483337"><ele>794.05999756</ele></trkpt><trkpt lat="42.94501801952719" lon="-1.8741920404136125"><ele>793.52001953</ele></trkpt><trkpt lat="42.94512597844005" lon="-1.8740839976817396"><ele>792.65002441</ele></trkpt><trkpt lat="42.945232009515166" lon="-1.8740239832550316"><ele>792.39001465</ele></trkpt><trkpt lat="42.945342985913165" lon="-1.8740199599415062"><ele>791.84002686</ele></trkpt><trkpt lat="42.945438036695116" lon="-1.8740420043468402"><ele>791.40002441</ele></trkpt><trkpt lat="42.94557600282131" lon="-1.8740549962967619"><ele>790.48999023</ele></trkpt><trkpt lat="42.94568899087609" lon="-1.8740480393171242"><ele>789.88000488</ele></trkpt><trkpt lat="42.94581497088073" lon="-1.8740239832550236"><ele>789.08001709</ele></trkpt><trkpt lat="42.94583565323061" lon="-1.8740168965444497"><ele>788.97998047</ele></trkpt><trkpt lat="42.94601029018096" lon="-1.87395705780671"><ele>787.97998047</ele></trkpt><trkpt lat="42.94603097252548" lon="-1.8739499710500278"><ele>787.85998535</ele></trkpt><trkpt lat="42.94603825724114" lon="-1.8739474286761086"><ele>787.85998535</ele></trkpt><trkpt lat="42.94621269972812" lon="-1.8738865478613642"><ele>787</ele></trkpt><trkpt lat="42.94621998444199" lon="-1.8738840054720582"><ele>787</ele></trkpt><trkpt lat="42.94633003883063" lon="-1.87390697188676"><ele>786.41998291</ele></trkpt><trkpt lat="42.946412013843634" lon="-1.873955000191929"><ele>785.84997559</ele></trkpt><trkpt lat="42.94648703187703" lon="-1.874048961326475"><ele>785.16998291</ele></trkpt><trkpt lat="42.94657797552644" lon="-1.8741620332002569"><ele>784.36999512</ele></trkpt><trkpt lat="42.9466819949448" lon="-1.8742369674146253"><ele>783.70001221</ele></trkpt><trkpt lat="42.9468259960413" lon="-1.8742770329117804"><ele>782.90002441</ele></trkpt><trkpt lat="42.94692398048938" lon="-1.8742600176483433"><ele>782.40002441</ele></trkpt><trkpt lat="42.94705901294947" lon="-1.8741750251501812"><ele>781.59997559</ele></trkpt><trkpt lat="42.94714501127601" lon="-1.874030018225304"><ele>780.95001221</ele></trkpt><trkpt lat="42.94724701903761" lon="-1.8738600332289987"><ele>780.10998535</ele></trkpt><trkpt lat="42.94733301736414" lon="-1.8737440276890944"><ele>779.51000977</ele></trkpt><trkpt lat="42.94746696017684" lon="-1.8736430257558896"><ele>778.55999756</ele></trkpt><trkpt lat="42.947533350607" lon="-1.873598096960522"><ele>778.22998047</ele></trkpt><trkpt lat="42.94769460697677" lon="-1.8734889685050444"><ele>777.39001465</ele></trkpt><trkpt lat="42.94776099734008" lon="-1.8734440393745873"><ele>776.86999512</ele></trkpt><trkpt lat="42.94778658866632" lon="-1.8734331335257974"><ele>776.59997559</ele></trkpt><trkpt lat="42.947958448466885" lon="-1.8733598945126941"><ele>775.77001953</ele></trkpt><trkpt lat="42.947984039783464" lon="-1.8733489885926244"><ele>775.57000732</ele></trkpt><trkpt lat="42.94806400313972" lon="-1.8733400199562367"><ele>775.09997559</ele></trkpt><trkpt lat="42.948085598396226" lon="-1.8733382744814528"><ele>775.03997803</ele></trkpt><trkpt lat="42.9482653665087" lon="-1.8733237443520632"><ele>773.82000732</ele></trkpt><trkpt lat="42.9482869617641" lon="-1.8733219988644172"><ele>773.7199707</ele></trkpt><trkpt lat="42.9484540130943" lon="-1.8732680194079896"><ele>772.67999268</ele></trkpt><trkpt lat="42.94858301058411" lon="-1.8732110224664127"><ele>771.84002686</ele></trkpt><trkpt lat="42.94869901612401" lon="-1.87315897084773"><ele>771.36999512</ele></trkpt><trkpt lat="42.94876598753035" lon="-1.8731510080397173"><ele>771.21002197</ele></trkpt><trkpt lat="42.94890596531332" lon="-1.8732639960944655"><ele>770.14001465</ele></trkpt><trkpt lat="42.948968997225165" lon="-1.873377989977592"><ele>769.53997803</ele></trkpt><trkpt lat="42.94907402247189" lon="-1.8734960071742504"><ele>768.71002197</ele></trkpt><trkpt lat="42.949222968891256" lon="-1.8735870346426993"><ele>767.54998779</ele></trkpt><trkpt lat="42.949375016614816" lon="-1.8736270163208322"><ele>766.58001709</ele></trkpt><trkpt lat="42.949449650545674" lon="-1.8736436802265157"><ele>766.09002686</ele></trkpt><trkpt lat="42.94962736073653" lon="-1.8736833586618589"><ele>764.84997559</ele></trkpt><trkpt lat="42.94970199465751" lon="-1.8737000226974527"><ele>764.35998535</ele></trkpt><trkpt lat="42.94970581931696" lon="-1.8736995512595715"><ele>764.35998535</ele></trkpt><trkpt lat="42.94988517025807" lon="-1.8736774439046588"><ele>763.41998291</ele></trkpt><trkpt lat="42.94988899491727" lon="-1.8736769724637323"><ele>763.41998291</ele></trkpt><trkpt lat="42.94989893089422" lon="-1.8736698135593375"><ele>763.26000977</ele></trkpt><trkpt lat="42.95005809640042" lon="-1.8735551339179282"><ele>762.32000732</ele></trkpt><trkpt lat="42.95006803236902" lon="-1.873547974973918"><ele>762.32000732</ele></trkpt><trkpt lat="42.95007542347336" lon="-1.873539417953612"><ele>762.16998291</ele></trkpt><trkpt lat="42.95021260518232" lon="-1.873380595886805"><ele>761.23999023</ele></trkpt><trkpt lat="42.95021999627352" lon="-1.873372038826346"><ele>761.14001465</ele></trkpt><trkpt lat="42.95035402290522" lon="-1.8732319772243513"><ele>760.2800293</ele></trkpt><trkpt lat="42.950380367626344" lon="-1.8732098464500164"><ele>759.94000244</ele></trkpt><trkpt lat="42.950533621576504" lon="-1.8730811056469496"><ele>758.88000488</ele></trkpt><trkpt lat="42.95055996626615" lon="-1.8730589747428927"><ele>758.65002441</ele></trkpt><trkpt lat="42.9506840184331" lon="-1.8729599844664309"><ele>757.67999268</ele></trkpt><trkpt lat="42.950686437621705" lon="-1.8729579477340343"><ele>757.67999268</ele></trkpt><trkpt lat="42.950839598121775" lon="-1.8728290004058497"><ele>756.67999268</ele></trkpt><trkpt lat="42.950842017307885" lon="-1.8728269636631039"><ele>756.59997559</ele></trkpt><trkpt lat="42.950960034504526" lon="-1.872771978378296"><ele>756.30999756</ele></trkpt><trkpt lat="42.95107997953892" lon="-1.872730990871782"><ele>755.9699707</ele></trkpt><trkpt lat="42.951203025877476" lon="-1.8727609980851474"><ele>755.61999512</ele></trkpt><trkpt lat="42.95127481094968" lon="-1.8727943801157345"><ele>755.32000732</ele></trkpt><trkpt lat="42.95144522693093" lon="-1.8728736285512162"><ele>754.66998291</ele></trkpt><trkpt lat="42.951517011970274" lon="-1.8729070108383916"><ele>754.40002441</ele></trkpt><trkpt lat="42.95157792936875" lon="-1.8729307614347546"><ele>754.13000488</ele></trkpt><trkpt lat="42.95175105376372" lon="-1.8729982597779993"><ele>753.25</ele></trkpt><trkpt lat="42.951811971142874" lon="-1.8730220105499056"><ele>753.11999512</ele></trkpt><trkpt lat="42.951924037188284" lon="-1.8730419594794525"><ele>752.65002441</ele></trkpt><trkpt lat="42.95200113265888" lon="-1.873035496184836"><ele>752.38000488</ele></trkpt><trkpt lat="42.95218087674528" lon="-1.8730204272779771"><ele>751.70001221</ele></trkpt><trkpt lat="42.95225797221065" lon="-1.873013963922857"><ele>751.53997803</ele></trkpt><trkpt lat="42.95226527394481" lon="-1.8730131461100532"><ele>751.5300293</ele></trkpt><trkpt lat="42.952444752123284" lon="-1.8729930440301683"><ele>751.02001953</ele></trkpt><trkpt lat="42.952624230291356" lon="-1.8729729418225036"><ele>750.71002197</ele></trkpt><trkpt lat="42.95280370844902" lon="-1.8729528394870372"><ele>750.35998535</ele></trkpt><trkpt lat="42.952811010181904" lon="-1.8729520216584274"><ele>750.32000732</ele></trkpt><trkpt lat="42.9528175316115" lon="-1.8729530065594653"><ele>750.32000732</ele></trkpt><trkpt lat="42.952996518154315" lon="-1.87298003813685"><ele>749.64001465</ele></trkpt><trkpt lat="42.95300303958355" lon="-1.8729810230433916"><ele>749.59997559</ele></trkpt><trkpt lat="42.95301535187761" lon="-1.8729840078330087"><ele>749.59997559</ele></trkpt><trkpt lat="42.95319264733831" lon="-1.8730269885507547"><ele>748.78997803</ele></trkpt><trkpt lat="42.95320495963097" lon="-1.8730299733579223"><ele>748.71002197</ele></trkpt><trkpt lat="42.95336798764765" lon="-1.8730820249766063"><ele>747.97998047</ele></trkpt><trkpt lat="42.953509977087364" lon="-1.8731370102614158"><ele>747.33001709</ele></trkpt><trkpt lat="42.95357138259696" lon="-1.8731567822072452"><ele>747.13000488</ele></trkpt><trkpt lat="42.953746632068516" lon="-1.8732132109600492"><ele>746.61999512</ele></trkpt><trkpt lat="42.953808037564166" lon="-1.8732329830527383"><ele>746.45001221</ele></trkpt><trkpt lat="42.953867878701715" lon="-1.873256063322855"><ele>746.16998291</ele></trkpt><trkpt lat="42.95404114396099" lon="-1.873322890667496"><ele>745.59997559</ele></trkpt><trkpt lat="42.954100985080004" lon="-1.8733459711074787"><ele>745.40002441</ele></trkpt><trkpt lat="42.95410655406675" lon="-1.873347423558571"><ele>745.35998535</ele></trkpt><trkpt lat="42.954283422182066" lon="-1.8733935527817054"><ele>744.73999023</ele></trkpt><trkpt lat="42.95428899116812" lon="-1.8733950052410357"><ele>744.67999268</ele></trkpt><trkpt lat="42.95435806571841" lon="-1.8734204673329211"><ele>744.42999268</ele></trkpt><trkpt lat="42.9545318910744" lon="-1.87348454266567"><ele>743.95001221</ele></trkpt><trkpt lat="42.95460096560417" lon="-1.8735100049525593"><ele>743.7199707</ele></trkpt><trkpt lat="42.954648392948826" lon="-1.8735269221217663"><ele>743.48999023</ele></trkpt><trkpt lat="42.95482259736344" lon="-1.8735890604565606"><ele>742.84997559</ele></trkpt><trkpt lat="42.95487002469598" lon="-1.8736059777438678"><ele>742.67999268</ele></trkpt><trkpt lat="42.95500396750868" lon="-1.873648976907136"><ele>742.08001709</ele></trkpt><trkpt lat="42.955008064420525" lon="-1.873649740781712"><ele>742.08001709</ele></trkpt><trkpt lat="42.955186483457034" lon="-1.8736830073390165"><ele>740.63000488</ele></trkpt><trkpt lat="42.95536490248056" lon="-1.8737162740778681"><ele>739.21002197</ele></trkpt><trkpt lat="42.955368999391794" lon="-1.8737170379608856"><ele>739.21002197</ele></trkpt><trkpt lat="42.95536942418042" lon="-1.8737169154724969"><ele>739.21002197</ele></trkpt><trkpt lat="42.955545600398224" lon="-1.8736661146597022"><ele>737.7800293</ele></trkpt><trkpt lat="42.95554602518677" lon="-1.873665992170579"><ele>737.7800293</ele></trkpt><trkpt lat="42.95557951938267" lon="-1.8736445823282821"><ele>737.52001953</ele></trkpt><trkpt lat="42.955742530440084" lon="-1.8735403835692659"><ele>736.09997559</ele></trkpt><trkpt lat="42.95577602460979" lon="-1.8735189735889362"><ele>735.7800293</ele></trkpt><trkpt lat="42.95581775287697" lon="-1.8734952398541733"><ele>735.34997559</ele></trkpt><trkpt lat="42.95598391932395" lon="-1.8734007292156298"><ele>734.20001221</ele></trkpt><trkpt lat="42.95615008568235" lon="-1.8733062180606173"><ele>733</ele></trkpt><trkpt lat="42.95631625195215" lon="-1.8732117063891198"><ele>731.60998535</ele></trkpt><trkpt lat="42.95635798014702" lon="-1.8731879722326907"><ele>731.17999268</ele></trkpt><trkpt lat="42.95638378431344" lon="-1.8731807338097952"><ele>731.13000488</ele></trkpt><trkpt lat="42.956560163751845" lon="-1.8731312567835001"><ele>730.09997559</ele></trkpt><trkpt lat="42.956585967913256" lon="-1.8731240183115017"><ele>730.02001953</ele></trkpt><trkpt lat="42.95660517778186" lon="-1.8731259533253257"><ele>729.89001465</ele></trkpt><trkpt lat="42.95678477134701" lon="-1.8731440438728288"><ele>728.29998779</ele></trkpt><trkpt lat="42.95680398121476" lon="-1.8731459788978064"><ele>728.17999268</ele></trkpt><trkpt lat="42.95681008424082" lon="-1.873146969732936"><ele>728</ele></trkpt><trkpt lat="42.95698890176235" lon="-1.8731760010988834"><ele>725.97998047</ele></trkpt><trkpt lat="42.95699500478804" lon="-1.8731769919395544"><ele>726.2199707</ele></trkpt><trkpt lat="42.95716599561274" lon="-1.8732430413365386"><ele>725.23999023</ele></trkpt><trkpt lat="42.957298010587685" lon="-1.8733080010861125"><ele>724.48999023</ele></trkpt><trkpt lat="42.95732680821255" lon="-1.8733115256518087"><ele>724.35998535</ele></trkpt><trkpt lat="42.95750616936702" lon="-1.8733334778836666"><ele>723.05999756</ele></trkpt><trkpt lat="42.95753496699035" lon="-1.8733370024710936"><ele>722.7199707</ele></trkpt><trkpt lat="42.957555224193605" lon="-1.8733392095351171"><ele>722.55999756</ele></trkpt><trkpt lat="42.95773473474628" lon="-1.8733587676372372"><ele>721.23999023</ele></trkpt><trkpt lat="42.9577549919486" lon="-1.8733609747141593"><ele>721.0300293</ele></trkpt><trkpt lat="42.95789103023708" lon="-1.8734010402113257"><ele>720.70001221</ele></trkpt><trkpt lat="42.958008041605346" lon="-1.8735150340944622"><ele>720.10998535</ele></trkpt><trkpt lat="42.95813402161002" lon="-1.873672027140848"><ele>719.75</ele></trkpt><trkpt lat="42.95816220474046" lon="-1.8737004922369358"><ele>719.65002441</ele></trkpt><trkpt lat="42.95830683656005" lon="-1.8738465715809787"><ele>719.17999268</ele></trkpt><trkpt lat="42.95833501964807" lon="-1.873875036835672"><ele>719.10998535</ele></trkpt><trkpt lat="42.95843702740967" lon="-1.8739519827067939"><ele>718.72998047</ele></trkpt><trkpt lat="42.958554960787296" lon="-1.873976960778236"><ele>718.41998291</ele></trkpt><trkpt lat="42.95868102461099" lon="-1.8739379849284823"><ele>718.2800293</ele></trkpt><trkpt lat="42.95884899795054" lon="-1.8738679960370124"><ele>717.91998291</ele></trkpt><trkpt lat="42.95890298627284" lon="-1.8738423302986238"><ele>717.73999023</ele></trkpt><trkpt lat="42.95907300437107" lon="-1.8737615043511162"><ele>717.03997803</ele></trkpt><trkpt lat="42.95924302240218" lon="-1.8736806779497686"><ele>716.40997314</ele></trkpt><trkpt lat="42.95929701067508" lon="-1.8736550118774093"><ele>716.19000244</ele></trkpt><trkpt lat="42.9593746851824" lon="-1.8736284168105737"><ele>716.01000977</ele></trkpt><trkpt lat="42.959549331721526" lon="-1.8735686191131657"><ele>715.85998535</ele></trkpt><trkpt lat="42.95962700620292" lon="-1.8735420238226654"><ele>715.85998535</ele></trkpt><trkpt lat="42.959666638517604" lon="-1.873545384221976"><ele>715.75</ele></trkpt><trkpt lat="42.95984637469802" lon="-1.873560623988721"><ele>715.60998535</ele></trkpt><trkpt lat="42.95988600701092" lon="-1.873563984408969"><ele>715.54998779</ele></trkpt><trkpt lat="42.95996806624326" lon="-1.8735813511132748"><ele>715.45001221</ele></trkpt><trkpt lat="42.96014601366371" lon="-1.87361901138281"><ele>715.17999268</ele></trkpt><trkpt lat="42.9603239610688" lon="-1.8736566718589032"><ele>714.98999023</ele></trkpt><trkpt lat="42.960406020283706" lon="-1.8736740387976087"><ele>714.90997314</ele></trkpt><trkpt lat="42.96044025459415" lon="-1.8736861841605146"><ele>714.78997803</ele></trkpt><trkpt lat="42.960614520149896" lon="-1.8737480088502063"><ele>713.92999268</ele></trkpt><trkpt lat="42.96078878567101" lon="-1.87380983387926"><ele>713.89001465</ele></trkpt><trkpt lat="42.96082301996649" lon="-1.8738219793885955"><ele>713.73999023</ele></trkpt><trkpt lat="42.960982024669654" lon="-1.8739330396056177"><ele>713.42999268</ele></trkpt><trkpt lat="42.960982894986806" lon="-1.8739344220500065"><ele>713.42999268</ele></trkpt><trkpt lat="42.961100093560695" lon="-1.8741205852534075"><ele>712.48999023</ele></trkpt><trkpt lat="42.96110096387564" lon="-1.8741219677031093"><ele>712.33001709</ele></trkpt><trkpt lat="42.961135630336884" lon="-1.8741852271539567"><ele>712.15002441</ele></trkpt><trkpt lat="42.9612433233505" lon="-1.874381746507399"><ele>711.22998047</ele></trkpt><trkpt lat="42.961277989670634" lon="-1.8744450062513325"><ele>710.85998535</ele></trkpt><trkpt lat="42.96137496829033" lon="-1.874638963490723"><ele>710.10998535</ele></trkpt><trkpt lat="42.961398576890225" lon="-1.8746835800495159"><ele>709.70001221</ele></trkpt><trkpt lat="42.96150384498771" lon="-1.874882521088832"><ele>708.94000244</ele></trkpt><trkpt lat="42.96160911274519" lon="-1.8750814628101236"><ele>708.39001465</ele></trkpt><trkpt lat="42.96171438016264" lon="-1.875280405213391"><ele>707.88000488</ele></trkpt><trkpt lat="42.96173798851669" lon="-1.875325022265322"><ele>707.75</ele></trkpt><trkpt lat="42.96176930933125" lon="-1.8753913715547588"><ele>707.55999756</ele></trkpt><trkpt lat="42.96186667838928" lon="-1.8755976368615497"><ele>706.95001221</ele></trkpt><trkpt lat="42.96189799904823" lon="-1.875663986429568"><ele>706.59997559</ele></trkpt><trkpt lat="42.96189993862247" lon="-1.8756674540544518"><ele>706.59997559</ele></trkpt><trkpt lat="42.96200904753466" lon="-1.875862522658597"><ele>706.11999512</ele></trkpt><trkpt lat="42.962010987102985" lon="-1.8758659902960122"><ele>706.11999512</ele></trkpt><trkpt lat="42.96201292154997" lon="-1.87586788583226"><ele>706.11999512</ele></trkpt><trkpt lat="42.962159088725116" lon="-1.8760111133323374"><ele>705.78997803</ele></trkpt><trkpt lat="42.96216102316977" lon="-1.8760130088776354"><ele>705.78997803</ele></trkpt><trkpt lat="42.96232899650929" lon="-1.8760909605771254"><ele>705.65002441</ele></trkpt><trkpt lat="42.962342025811296" lon="-1.8760968486946086"><ele>705.65002441</ele></trkpt><trkpt lat="42.962512941936126" lon="-1.8761740882369722"><ele>705.57000732</ele></trkpt><trkpt lat="42.962525971233845" lon="-1.8761799763888065"><ele>705.58001709</ele></trkpt><trkpt lat="42.96257404361812" lon="-1.8761961243691225"><ele>705.51000977</ele></trkpt><trkpt lat="42.962748885790184" lon="-1.8762548557637584"><ele>705.69000244</ele></trkpt><trkpt lat="42.96279695816338" lon="-1.876271003857254"><ele>705.79998779</ele></trkpt><trkpt lat="42.96281908643654" lon="-1.8762798756508383"><ele>705.89001465</ele></trkpt><trkpt lat="42.96299183736948" lon="-1.876349136163926"><ele>706.0300293</ele></trkpt><trkpt lat="42.96301396563649" lon="-1.876358008012177"><ele>705.9699707</ele></trkpt><trkpt lat="42.96304558122887" lon="-1.8763663092854386"><ele>705.95001221</ele></trkpt><trkpt lat="42.96322240775543" lon="-1.8764127385968643"><ele>705.61999512</ele></trkpt><trkpt lat="42.963254023343325" lon="-1.8764210399240213"><ele>705.41998291</ele></trkpt><trkpt lat="42.96332544498647" lon="-1.8764201830184104"><ele>705.2800293</ele></trkpt><trkpt lat="42.963505522353614" lon="-1.8764180224619658"><ele>704.78997803</ele></trkpt><trkpt lat="42.963685599714985" lon="-1.8764158618818536"><ele>704.33001709</ele></trkpt><trkpt lat="42.96375702135264" lon="-1.8764150049537462"><ele>704.13000488</ele></trkpt><trkpt lat="42.96379152527746" lon="-1.876411713010024"><ele>703.98999023</ele></trkpt><trkpt lat="42.96397116915107" lon="-1.8763945735158576"><ele>703.5</ele></trkpt><trkpt lat="42.96415081301542" lon="-1.876377433910996"><ele>703.0300293</ele></trkpt><trkpt lat="42.964330456870535" lon="-1.876360294195417"><ele>702.44000244</ele></trkpt><trkpt lat="42.96436496078968" lon="-1.876357002183804"><ele>702.40002441</ele></trkpt><trkpt lat="42.964381838168364" lon="-1.876355646971607"><ele>702.40002441</ele></trkpt><trkpt lat="42.964561610165006" lon="-1.8763412116678568"><ele>701.71002197</ele></trkpt><trkpt lat="42.9647413821533" lon="-1.876326776269058"><ele>701.2199707</ele></trkpt><trkpt lat="42.96492115413326" lon="-1.8763123407752051"><ele>700.78997803</ele></trkpt><trkpt lat="42.96493803150952" lon="-1.8763109855353848"><ele>700.73999023</ele></trkpt><trkpt lat="42.96494833475047" lon="-1.8763122248571769"><ele>700.73999023</ele></trkpt><trkpt lat="42.965127720478726" lon="-1.8763338022687472"><ele>699.86999512</ele></trkpt><trkpt lat="42.965138023719184" lon="-1.8763350415974835"><ele>699.86999512</ele></trkpt><trkpt lat="42.965155507259915" lon="-1.8763413954034536"><ele>699.70001221</ele></trkpt><trkpt lat="42.96532950102851" lon="-1.8764046277959026"><ele>699.02001953</ele></trkpt><trkpt lat="42.96534698456526" lon="-1.8764109816402252"><ele>698.92999268</ele></trkpt><trkpt lat="42.96535479327835" lon="-1.8764155547847838"><ele>698.92999268</ele></trkpt><trkpt lat="42.965520224964635" lon="-1.8765124395454778"><ele>698.54998779</ele></trkpt><trkpt lat="42.96552803367376" lon="-1.8765170127153303"><ele>698.54998779</ele></trkpt><trkpt lat="42.965576983988285" lon="-1.8765480257570646"><ele>698.33001709</ele></trkpt><trkpt lat="42.96560550638239" lon="-1.8765643733315578"><ele>698.27001953</ele></trkpt><trkpt lat="42.965771486104934" lon="-1.8766595047232808"><ele>697.59002686</ele></trkpt><trkpt lat="42.96593746574948" lon="-1.8767546366188863"><ele>696.67999268</ele></trkpt><trkpt lat="42.96596598811447" lon="-1.8767709843814337"><ele>696.48999023</ele></trkpt><trkpt lat="42.96601883735841" lon="-1.8767998046435928"><ele>696.30999756</ele></trkpt><trkpt lat="42.96618601313494" lon="-1.8768909709045472"><ele>695.63000488</ele></trkpt><trkpt lat="42.96635318883964" lon="-1.8769821376513456"><ele>694.94000244</ele></trkpt><trkpt lat="42.96640603803098" lon="-1.877010958269232"><ele>694.71002197</ele></trkpt><trkpt lat="42.966444255674716" lon="-1.8770323542733744"><ele>694.52001953</ele></trkpt><trkpt lat="42.96661081178137" lon="-1.8771256004137962"><ele>693.9699707</ele></trkpt><trkpt lat="42.966649029403925" lon="-1.8771469965577046"><ele>693.91998291</ele></trkpt><trkpt lat="42.96673201024532" lon="-1.8771520256996161"><ele>693.46002197</ele></trkpt><trkpt lat="42.96689596027134" lon="-1.8771299812942748"><ele>692.59997559</ele></trkpt><trkpt lat="42.966898069931354" lon="-1.8771287658260338"><ele>692.59997559</ele></trkpt><trkpt lat="42.96706391942786" lon="-1.877033212321164"><ele>691.71002197</ele></trkpt><trkpt lat="42.96706602908671" lon="-1.8770319968462053"><ele>691.71002197</ele></trkpt><trkpt lat="42.96708204790404" lon="-1.8770210370051479"><ele>691.54998779</ele></trkpt><trkpt lat="42.96724296169316" lon="-1.8769109417758565"><ele>691.16998291</ele></trkpt><trkpt lat="42.96725898049771" lon="-1.8768999818712402"><ele>691.11999512</ele></trkpt><trkpt lat="42.967265547629374" lon="-1.8768985727807974"><ele>691.11999512</ele></trkpt><trkpt lat="42.96744343694012" lon="-1.87686040346402"><ele>690.79998779</ele></trkpt><trkpt lat="42.967450004071" lon="-1.8768589943647453"><ele>690.7800293</ele></trkpt><trkpt lat="42.96762401238084" lon="-1.8768989760428698"><ele>690.40002441</ele></trkpt><trkpt lat="42.967639237289305" lon="-1.8769067808682827"><ele>690.21002197</ele></trkpt><trkpt lat="42.967807773860024" lon="-1.8769931789333898"><ele>689.84997559</ele></trkpt><trkpt lat="42.96782299876213" lon="-1.8770009838044628"><ele>689.75</ele></trkpt><trkpt lat="42.96788591085624" lon="-1.877038165573644"><ele>689.73999023</ele></trkpt><trkpt lat="42.968051106389304" lon="-1.8771357984174908"><ele>689.5300293</ele></trkpt><trkpt lat="42.968114018440254" lon="-1.8771729804575517"><ele>689.40997314</ele></trkpt><trkpt lat="42.968249972909675" lon="-1.8772490043193122"><ele>689.39001465</ele></trkpt><trkpt lat="42.96833496540785" lon="-1.8772830348461929"><ele>689.23999023</ele></trkpt><trkpt lat="42.96838387107511" lon="-1.877310894974776"><ele>689.21002197</ele></trkpt><trkpt lat="42.96855000319841" lon="-1.8774055359407205"><ele>688.71002197</ele></trkpt><trkpt lat="42.96871613524447" lon="-1.8775001774084161"><ele>688.28997803</ele></trkpt><trkpt lat="42.968765040859566" lon="-1.8775280378758885"><ele>688.17999268</ele></trkpt><trkpt lat="42.968923039734364" lon="-1.8776159640401662"><ele>687.7199707</ele></trkpt><trkpt lat="42.96898166953256" lon="-1.8776211104711003"><ele>687.47998047</ele></trkpt><trkpt lat="42.96916138076842" lon="-1.8776368852930874"><ele>686.92999268</ele></trkpt><trkpt lat="42.969220010563724" lon="-1.8776420317590223"><ele>686.89001465</ele></trkpt><trkpt lat="42.96922139396137" lon="-1.8776420546091392"><ele>686.89001465</ele></trkpt><trkpt lat="42.969401464930925" lon="-1.8776450289148303"><ele>686.94000244</ele></trkpt><trkpt lat="42.969581535895024" lon="-1.877648003226832"><ele>687.26000977</ele></trkpt><trkpt lat="42.969761606853645" lon="-1.8776509775451449"><ele>687.38000488</ele></trkpt><trkpt lat="42.96976299025118" lon="-1.8776510003954177"><ele>687.33001709</ele></trkpt><trkpt lat="42.96978086618596" lon="-1.8776512600117752"><ele>687.32000732</ele></trkpt><trkpt lat="42.96996094014384" lon="-1.8776538752701224"><ele>687.71002197</ele></trkpt><trkpt lat="42.97014101409626" lon="-1.877656490532704"><ele>688.71002197</ele></trkpt><trkpt lat="42.970321088043214" lon="-1.8776591057994827"><ele>689.85998535</ele></trkpt><trkpt lat="42.97050116198471" lon="-1.8776617210704964"><ele>690.7800293</ele></trkpt><trkpt lat="42.970519037917256" lon="-1.877661980688568"><ele>690.90002441</ele></trkpt><trkpt lat="42.97053838794332" lon="-1.87766747260858"><ele>690.88000488</ele></trkpt><trkpt lat="42.97071468371047" lon="-1.8777175089900642"><ele>691.45001221</ele></trkpt><trkpt lat="42.970734033733606" lon="-1.8777230009436643"><ele>691.5300293</ele></trkpt><trkpt lat="42.970838975161314" lon="-1.8778469692915758"><ele>691.11999512</ele></trkpt><trkpt lat="42.970842223149745" lon="-1.8778531710896176"><ele>691.11999512</ele></trkpt><trkpt lat="42.97094678740088" lon="-1.8780528296219794"><ele>689.67999268</ele></trkpt><trkpt lat="42.97095003537833" lon="-1.8780590314418073"><ele>689.67999268</ele></trkpt><trkpt lat="42.970971952020264" lon="-1.8781295832929608"><ele>689.20001221</ele></trkpt><trkpt lat="42.971042112800234" lon="-1.8783554390978243"><ele>687.9699707</ele></trkpt><trkpt lat="42.97106402926147" lon="-1.8784259911626608"><ele>687.61999512</ele></trkpt><trkpt lat="42.971111973747604" lon="-1.8785580061376057"><ele>686.91998291</ele></trkpt><trkpt lat="42.97116503119468" lon="-1.878621038049465"><ele>686.48999023</ele></trkpt><trkpt lat="42.971224039793015" lon="-1.8786539789289236"><ele>686.09002686</ele></trkpt><trkpt lat="42.97133401036264" lon="-1.8786880094558016"><ele>685.28997803</ele></trkpt><trkpt lat="42.97150399535894" lon="-1.8787500355392617"><ele>683.55999756</ele></trkpt><trkpt lat="42.97151213952526" lon="-1.8787533076424212"><ele>683.55999756</ele></trkpt><trkpt lat="42.971684863111264" lon="-1.8788227034601335"><ele>681.97998047</ele></trkpt><trkpt lat="42.97169300727546" lon="-1.8788259755820043"><ele>681.97998047</ele></trkpt><trkpt lat="42.97170841193728" lon="-1.8788347398236884"><ele>681.84002686</ele></trkpt><trkpt lat="42.97187457734598" lon="-1.8789292773349466"><ele>680.29998779</ele></trkpt><trkpt lat="42.97188998199999" lon="-1.8789380416274097"><ele>680</ele></trkpt><trkpt lat="42.97194150834285" lon="-1.8789753923131254"><ele>679.52001953</ele></trkpt><trkpt lat="42.97210047399906" lon="-1.8790906246154204"><ele>677.84997559</ele></trkpt><trkpt lat="42.97215200029314" lon="-1.8791279755532784"><ele>677.5</ele></trkpt><trkpt lat="42.97216886376781" lon="-1.8791407766577635"><ele>677.2800293</ele></trkpt><trkpt lat="42.97232616040622" lon="-1.8792601813020984"><ele>675.7199707</ele></trkpt><trkpt lat="42.972343023866415" lon="-1.8792729824781425"><ele>675.51000977</ele></trkpt><trkpt lat="42.97245902940631" lon="-1.8794139660894793"><ele>674.48999023</ele></trkpt><trkpt lat="42.97253899276257" lon="-1.879599960520867"><ele>673.0300293</ele></trkpt><trkpt lat="42.972580986097455" lon="-1.8796790018677765"><ele>672.46002197</ele></trkpt><trkpt lat="42.972629014402614" lon="-1.879743039608006"><ele>671.84002686</ele></trkpt><trkpt lat="42.97268701717258" lon="-1.8797840271145112"><ele>671.5300293</ele></trkpt><trkpt lat="42.972796987742186" lon="-1.8798029702156804"><ele>670.65997314</ele></trkpt><trkpt lat="42.97294903546573" lon="-1.879826020449403"><ele>669.71002197</ele></trkpt><trkpt lat="42.97297630092188" lon="-1.8798335688802068"><ele>669.41998291</ele></trkpt><trkpt lat="42.97315277526507" lon="-1.8798824258917641"><ele>667.76000977</ele></trkpt><trkpt lat="42.97318004071712" lon="-1.8798899743706041"><ele>667.61999512</ele></trkpt><trkpt lat="42.97319551598779" lon="-1.8798939227044886"><ele>667.41998291</ele></trkpt><trkpt lat="42.973372520466086" lon="-1.879939083460124"><ele>666.01000977</ele></trkpt><trkpt lat="42.97338799573482" lon="-1.8799430318176695"><ele>665.85998535</ele></trkpt><trkpt lat="42.97341127791313" lon="-1.879949257274732"><ele>665.7199707</ele></trkpt><trkpt lat="42.97358798795845" lon="-1.8799965081931285"><ele>664.28997803</ele></trkpt><trkpt lat="42.973764697981956" lon="-1.8800437593719461"><ele>663</ele></trkpt><trkpt lat="42.97378798015415" lon="-1.8800499849021515"><ele>662.65997314</ele></trkpt><trkpt lat="42.9738687307583" lon="-1.8800730826803902"><ele>662.15002441</ele></trkpt><trkpt lat="42.97404496933122" lon="-1.8801234938975542"><ele>660.80999756</ele></trkpt><trkpt lat="42.97422120787985" lon="-1.880173905392578"><ele>660.10998535</ele></trkpt><trkpt lat="42.97430195845662" lon="-1.880197003483773"><ele>660.02001953</ele></trkpt><trkpt lat="42.97435991563946" lon="-1.8802139629058965"><ele>659.89001465</ele></trkpt><trkpt lat="42.974535981215446" lon="-1.8802654833818544"><ele>659.72998047</ele></trkpt><trkpt lat="42.97471204676622" lon="-1.8803170041417594"><ele>659.53997803</ele></trkpt><trkpt lat="42.97477000392973" lon="-1.8803339637815981"><ele>659.5300293</ele></trkpt><trkpt lat="42.97477412288922" lon="-1.880336382790403"><ele>659.5300293</ele></trkpt><trkpt lat="42.974939486054524" lon="-1.8804334986123463"><ele>659.42999268</ele></trkpt><trkpt lat="42.97510484913859" lon="-1.8805306149472356"><ele>659.34997559</ele></trkpt><trkpt lat="42.975108968094" lon="-1.8805330339819175"><ele>659.34997559</ele></trkpt><trkpt lat="42.97516875663058" lon="-1.8805703441054478"><ele>659.32000732</ele></trkpt><trkpt lat="42.975332471625634" lon="-1.8806725083521958"><ele>659.21002197</ele></trkpt><trkpt lat="42.97549618653101" lon="-1.8807746731338728"><ele>659.25</ele></trkpt><trkpt lat="42.97555597499013" lon="-1.8808119837194648"><ele>659.22998047</ele></trkpt><trkpt lat="42.9755998920096" lon="-1.8808320372738905"><ele>659.19000244</ele></trkpt><trkpt lat="42.975770634214086" lon="-1.8809100025017575"><ele>659.19000244</ele></trkpt><trkpt lat="42.97594137636535" lon="-1.8809879681523334"><ele>659.25</ele></trkpt><trkpt lat="42.97611211846333" lon="-1.8810659342255889"><ele>659.29998779</ele></trkpt><trkpt lat="42.97615603543817" lon="-1.8810859881341495"><ele>659.33001709</ele></trkpt><trkpt lat="42.97628402709961" lon="-1.8811380397528432"><ele>659.39001465</ele></trkpt><trkpt lat="42.976385029032805" lon="-1.8812019936740485"><ele>659.54998779</ele></trkpt><trkpt lat="42.97639387696153" lon="-1.8812087218099756"><ele>659.63000488</ele></trkpt><trkpt lat="42.97655111143054" lon="-1.881328286305576"><ele>659.71002197</ele></trkpt><trkpt lat="42.97655995935202" lon="-1.8813350144773757"><ele>659.70001221</ele></trkpt><trkpt lat="42.976630297044125" lon="-1.8814078009023543"><ele>659.78997803</ele></trkpt><trkpt lat="42.97677368449594" lon="-1.8815561808945378"><ele>659.80999756</ele></trkpt><trkpt lat="42.9768440220505" lon="-1.8816289678215923"><ele>659.77001953</ele></trkpt><trkpt lat="42.97691100115204" lon="-1.8817081113529932"><ele>659.79998779</ele></trkpt><trkpt lat="42.97704702421245" lon="-1.8818688390052538"><ele>659.59002686</ele></trkpt><trkpt lat="42.97711400315165" lon="-1.8819479830563113"><ele>659.61999512</ele></trkpt><trkpt lat="42.977114305435364" lon="-1.8819483199115905"><ele>659.61999512</ele></trkpt><trkpt lat="42.97725367865134" lon="-1.8821036334175234"><ele>659.78997803</ele></trkpt><trkpt lat="42.97725398093462" lon="-1.8821039702743272"><ele>659.78997803</ele></trkpt><trkpt lat="42.97736101783812" lon="-1.8822899647056979"><ele>659.95001221</ele></trkpt><trkpt lat="42.977382501719724" lon="-1.882343378007212"><ele>660.02001953</ele></trkpt><trkpt lat="42.977469018971206" lon="-1.8825584784991725"><ele>660.10998535</ele></trkpt><trkpt lat="42.97755553582391" lon="-1.8827735796002985"><ele>660.04998779</ele></trkpt><trkpt lat="42.977577019482865" lon="-1.882826993241904"><ele>659.95001221</ele></trkpt><trkpt lat="42.9775866190784" lon="-1.882852402443228"><ele>660.01000977</ele></trkpt><trkpt lat="42.977669011125826" lon="-1.8830704871620199"><ele>660.11999512</ele></trkpt><trkpt lat="42.97775140276306" lon="-1.8832885724696475"><ele>660.26000977</ele></trkpt><trkpt lat="42.97776100225746" lon="-1.8833139818161713"><ele>660.34002686</ele></trkpt><trkpt lat="42.97781397588551" lon="-1.8834109604358598"><ele>660.35998535</ele></trkpt><trkpt lat="42.97791497781872" lon="-1.8835149798542192"><ele>660.44000244</ele></trkpt><trkpt lat="42.97804799862206" lon="-1.8835940212011393"><ele>660.52001953</ele></trkpt><trkpt lat="42.97805379724572" lon="-1.8835984133001449"><ele>660.57000732</ele></trkpt><trkpt lat="42.978211179170955" lon="-1.8837176207405524"><ele>660.89001465</ele></trkpt><trkpt lat="42.978216977789984" lon="-1.8837220128625622"><ele>660.97998047</ele></trkpt><trkpt lat="42.97822272054953" lon="-1.8837278296644755"><ele>660.97998047</ele></trkpt><trkpt lat="42.978367222256054" lon="-1.8838741949072377"><ele>661.14001465</ele></trkpt><trkpt lat="42.97837296500802" lon="-1.8838800117373544"><ele>661.14001465</ele></trkpt><trkpt lat="42.97838327250029" lon="-1.8838910817246808"><ele>661.23999023</ele></trkpt><trkpt lat="42.97852467971948" lon="-1.8840429500056144"><ele>661.40002441</ele></trkpt><trkpt lat="42.97853498719632" lon="-1.8840540200471851"><ele>661.40002441</ele></trkpt><trkpt lat="42.97865996137262" lon="-1.884174970909949"><ele>661.54998779</ele></trkpt><trkpt lat="42.978704889953356" lon="-1.88421907119484"><ele>661.60998535</ele></trkpt><trkpt lat="42.978850985096095" lon="-1.8843624735063265"><ele>661.7199707</ele></trkpt><trkpt lat="42.97899708006314" lon="-1.88450587649349"><ele>661.90002441</ele></trkpt><trkpt lat="42.97904200851918" lon="-1.884549977257852"><ele>662.07000732</ele></trkpt><trkpt lat="42.979176035150886" lon="-1.8846870213747016"><ele>662.46002197</ele></trkpt><trkpt lat="42.9791827105804" lon="-1.8846917659606752"><ele>662.4699707</ele></trkpt><trkpt lat="42.97934236220762" lon="-1.884805239282943"><ele>663.04998779</ele></trkpt><trkpt lat="42.97934903763234" lon="-1.8848099838942307"><ele>663.04998779</ele></trkpt><trkpt lat="42.97939130093831" lon="-1.8848284722947477"><ele>663.13000488</ele></trkpt><trkpt lat="42.97956275766445" lon="-1.8849034775947182"><ele>663.57000732</ele></trkpt><trkpt lat="42.979605020955205" lon="-1.884921966120596"><ele>663.66998291</ele></trkpt><trkpt lat="42.97969797626136" lon="-1.8849669769406339"><ele>663.9699707</ele></trkpt><trkpt lat="42.979781962931156" lon="-1.8850320205092452"><ele>664.29998779</ele></trkpt><trkpt lat="42.97984097152948" lon="-1.8850969802588153"><ele>664.54998779</ele></trkpt><trkpt lat="42.979901991784565" lon="-1.885189013555654"><ele>664.72998047</ele></trkpt><trkpt lat="42.97997097484766" lon="-1.8852880038321083"><ele>664.98999023</ele></trkpt><trkpt lat="42.97997930177534" lon="-1.8853046576262367"><ele>665.14001465</ele></trkpt><trkpt lat="42.98008066514807" lon="-1.885507384371695"><ele>665.32000732</ele></trkpt><trkpt lat="42.98008899204433" lon="-1.8855240382254068"><ele>665.30999756</ele></trkpt><trkpt lat="42.98015998676419" lon="-1.8857329990714813"><ele>665.03997803</ele></trkpt><trkpt lat="42.980187982320786" lon="-1.8858100287616315"><ele>664.91998291</ele></trkpt><trkpt lat="42.980215977877364" lon="-1.88585998490453"><ele>664.94000244</ele></trkpt><trkpt lat="42.980337012559175" lon="-1.886009015142915"><ele>664.75</ele></trkpt><trkpt lat="42.98043097369373" lon="-1.8861110229045215"><ele>664.40997314</ele></trkpt><trkpt lat="42.98054697923361" lon="-1.8862479832023333"><ele>663.82000732</ele></trkpt><trkpt lat="42.980647981166825" lon="-1.8863570317626053"><ele>663.40002441</ele></trkpt><trkpt lat="42.98064806663491" lon="-1.8863571177738765"><ele>663.40002441</ele></trkpt><trkpt lat="42.98079290262372" lon="-1.8865028746851378"><ele>662.65997314</ele></trkpt><trkpt lat="42.9807929880917" lon="-1.8865029606968204"><ele>662.65997314</ele></trkpt><trkpt lat="42.98091796226799" lon="-1.8866379931569053"><ele>662.09002686</ele></trkpt><trkpt lat="42.98099398612976" lon="-1.8867059703916245"><ele>661.71002197</ele></trkpt><trkpt lat="42.98100690787268" lon="-1.8867136134171687"><ele>661.51000977</ele></trkpt><trkpt lat="42.98117208796704" lon="-1.8868113153773458"><ele>660.59002686</ele></trkpt><trkpt lat="42.98118500970304" lon="-1.8868189584463917"><ele>660.63000488</ele></trkpt><trkpt lat="42.98120775211692" lon="-1.8868300680572176"><ele>660.54998779</ele></trkpt><trkpt lat="42.981377263114574" lon="-1.8869128740143561"><ele>659.59002686</ele></trkpt><trkpt lat="42.98140000551937" lon="-1.88692398369313"><ele>659.51000977</ele></trkpt><trkpt lat="42.981548029929385" lon="-1.8870140053331896"><ele>658.96002197</ele></trkpt><trkpt lat="42.98158593405383" lon="-1.887045154563944"><ele>658.85998535</ele></trkpt><trkpt lat="42.98174012527002" lon="-1.887171867826506"><ele>658.21002197</ele></trkpt><trkpt lat="42.98177802935243" lon="-1.887203017249698"><ele>657.78997803</ele></trkpt><trkpt lat="42.98179827397771" lon="-1.8872191315026112"><ele>657.7199707</ele></trkpt><trkpt lat="42.981953753642586" lon="-1.8873428901238078"><ele>656.76000977</ele></trkpt><trkpt lat="42.98197399824858" lon="-1.8873590044677324"><ele>656.60998535</ele></trkpt><trkpt lat="42.982111964374766" lon="-1.887367973104114"><ele>655.84997559</ele></trkpt><trkpt lat="42.98228899016975" lon="-1.887322962284082"><ele>654.98999023</ele></trkpt><trkpt lat="42.9824169818312" lon="-1.8872750177979414"><ele>654.2800293</ele></trkpt><trkpt lat="42.98254799097775" lon="-1.8873289972543654"><ele>653.10998535</ele></trkpt><trkpt lat="42.98262602649629" lon="-1.887480961158878"><ele>651.90002441</ele></trkpt><trkpt lat="42.98264396376908" lon="-1.8875549733638801"><ele>651.58001709</ele></trkpt><trkpt lat="42.98263197764754" lon="-1.8877419736236367"><ele>650.19000244</ele></trkpt><trkpt lat="42.98263126954283" lon="-1.8877649515052504"><ele>650.09002686</ele></trkpt><trkpt lat="42.98262371716973" lon="-1.888010015425165"><ele>648.34997559</ele></trkpt><trkpt lat="42.98262300901113" lon="-1.8880329933017457"><ele>648.16998291</ele></trkpt><trkpt lat="42.98270800150929" lon="-1.8881919980049207"><ele>646.79998779</ele></trkpt><trkpt lat="42.98284303396938" lon="-1.8883410282433115"><ele>645.73999023</ele></trkpt><trkpt lat="42.98285091839772" lon="-1.8883468760014444"><ele>645.73999023</ele></trkpt><trkpt lat="42.98300907403803" lon="-1.8884641779438096"><ele>644.51000977</ele></trkpt><trkpt lat="42.9830169584602" lon="-1.8884700257331168"><ele>644.39001465</ele></trkpt><trkpt lat="42.983093377119886" lon="-1.888528181341496"><ele>643.83001709</ele></trkpt><trkpt lat="42.983250586487344" lon="-1.8886478202626502"><ele>642.66998291</ele></trkpt><trkpt lat="42.98332700505854" lon="-1.8887059763073937"><ele>642.0300293</ele></trkpt><trkpt lat="42.983398421651636" lon="-1.8887481847967795"><ele>641.5300293</ele></trkpt><trkpt lat="42.98356362345782" lon="-1.8888458224356968"><ele>640.27001953</ele></trkpt><trkpt lat="42.983635040000074" lon="-1.8888880312442708"><ele>639.7800293</ele></trkpt><trkpt lat="42.98367214323209" lon="-1.8889004575945667"><ele>639.48999023</ele></trkpt><trkpt lat="42.98384701835443" lon="-1.888959025727278"><ele>638.29998779</ele></trkpt><trkpt lat="42.98402189344528" lon="-1.8890175941823757"><ele>637.02001953</ele></trkpt><trkpt lat="42.9840589966625" lon="-1.8890300206840007"><ele>636.7800293</ele></trkpt><trkpt lat="42.984228981658816" lon="-1.8890549987554592"><ele>635.60998535</ele></trkpt><trkpt lat="42.98423224570774" lon="-1.8890546295469886"><ele>635.60998535</ele></trkpt><trkpt lat="42.984411712041464" lon="-1.8890343293893672"><ele>634.47998047</ele></trkpt><trkpt lat="42.984414976090186" lon="-1.8890339601784996"><ele>634.47998047</ele></trkpt><trkpt lat="42.98446508085678" lon="-1.8890207707757247"><ele>634.15002441</ele></trkpt><trkpt lat="42.98464189323337" lon="-1.8889742271243979"><ele>633.0300293</ele></trkpt><trkpt lat="42.98469199799002" lon="-1.8889610376209045"><ele>632.78997803</ele></trkpt><trkpt lat="42.98469438149627" lon="-1.8889603520475775"><ele>632.78997803</ele></trkpt><trkpt lat="42.98487057977368" lon="-1.8889096715796336"><ele>631.72998047</ele></trkpt><trkpt lat="42.98487296327949" lon="-1.8889089860022024"><ele>631.72998047</ele></trkpt><trkpt lat="42.985047977417686" lon="-1.8889300245791663"><ele>631.2199707</ele></trkpt><trkpt lat="42.98514302819965" lon="-1.8890330381691407"><ele>630.9699707</ele></trkpt><trkpt lat="42.9851960018277" lon="-1.8891890253871635"><ele>630.89001465</ele></trkpt><trkpt lat="42.9851971477526" lon="-1.8892068268758597"><ele>630.86999512</ele></trkpt><trkpt lat="42.98521287703534" lon="-1.8894511794538225"><ele>630.64001465</ele></trkpt><trkpt lat="42.98521402291955" lon="-1.8894689809531033"><ele>630.66998291</ele></trkpt><trkpt lat="42.98527303151787" lon="-1.8896330147981732"><ele>630.73999023</ele></trkpt><trkpt lat="42.98533204011618" lon="-1.8897490203380696"><ele>631.07000732</ele></trkpt><trkpt lat="42.98535841028799" lon="-1.88976574083317"><ele>631.07000732</ele></trkpt><trkpt lat="42.98552167160636" lon="-1.8898692600392897"><ele>631.07000732</ele></trkpt><trkpt lat="42.98554804176089" lon="-1.8898859806358792"><ele>631.08001709</ele></trkpt><trkpt lat="42.98562533837856" lon="-1.8899380787427493"><ele>631.01000977</ele></trkpt><trkpt lat="42.985786742964706" lon="-1.8900468662900758"><ele>630.90997314</ele></trkpt><trkpt lat="42.98586403951048" lon="-1.8900989647954751"><ele>630.75</ele></trkpt><trkpt lat="42.98589954434637" lon="-1.8901321563409812"><ele>630.61999512</ele></trkpt><trkpt lat="42.98604802241151" lon="-1.890270960938535"><ele>630.23999023</ele></trkpt><trkpt lat="42.986196500312005" lon="-1.8904097662004242"><ele>629.84002686</ele></trkpt><trkpt lat="42.98623200505972" lon="-1.8904429581016333"><ele>629.75</ele></trkpt><trkpt lat="42.98624526535842" lon="-1.8904550880788529"><ele>629.65002441</ele></trkpt><trkpt lat="42.98639476474306" lon="-1.8905918444207164"><ele>629.21002197</ele></trkpt><trkpt lat="42.98640802502632" lon="-1.8906039744615535"><ele>629.14001465</ele></trkpt><trkpt lat="42.986416755209376" lon="-1.890616068167889"><ele>629.14001465</ele></trkpt><trkpt lat="42.98654301572666" lon="-1.8907909743119464"><ele>628.35998535</ele></trkpt><trkpt lat="42.98666927598189" lon="-1.8909658811722614"><ele>627.65002441</ele></trkpt><trkpt lat="42.986678006127455" lon="-1.8909779749810773"><ele>627.48999023</ele></trkpt><trkpt lat="42.98671669653357" lon="-1.8910355377236585"><ele>627.40002441</ele></trkpt><trkpt lat="42.98683830222035" lon="-1.8912164607588953"><ele>627</ele></trkpt><trkpt lat="42.98687699250877" lon="-1.8912740238010786"><ele>626.89001465</ele></trkpt><trkpt lat="42.98695100471377" lon="-1.89132498577237"><ele>626.64001465</ele></trkpt><trkpt lat="42.98701403662562" lon="-1.8913600221276183"><ele>626.4699707</ele></trkpt><trkpt lat="42.98711403273046" lon="-1.891385000199079"><ele>626.17999268</ele></trkpt><trkpt lat="42.98716034265549" lon="-1.8913793773832552"><ele>626.03997803</ele></trkpt><trkpt lat="42.987339715566954" lon="-1.8913575983610387"><ele>625.33001709</ele></trkpt><trkpt lat="42.98738602548837" lon="-1.8913519755005828"><ele>625.15997314</ele></trkpt><trkpt lat="42.98750102519989" lon="-1.891375025734307"><ele>624.80999756</ele></trkpt><trkpt lat="42.987513603482086" lon="-1.8913792175332125"><ele>624.77001953</ele></trkpt><trkpt lat="42.98768852839179" lon="-1.8914375126380516"><ele>624.40002441</ele></trkpt><trkpt lat="42.987863453270236" lon="-1.891495808063866"><ele>623.90002441</ele></trkpt><trkpt lat="42.9878760315478" lon="-1.8914999999106012"><ele>623.85998535</ele></trkpt><trkpt lat="42.987882615771376" lon="-1.891503166843331"><ele>623.78997803</ele></trkpt><trkpt lat="42.98805242427276" lon="-1.8915848429433892"><ele>623.39001465</ele></trkpt><trkpt lat="42.98805900849401" lon="-1.8915880098938858"><ele>623.39001465</ele></trkpt><trkpt lat="42.98815397545695" lon="-1.891682976856822"><ele>623.13000488</ele></trkpt><trkpt lat="42.98819500512464" lon="-1.8917225796477215"><ele>623.01000977</ele></trkpt><trkpt lat="42.98834193944533" lon="-1.89186440461246"><ele>622.55999756</ele></trkpt><trkpt lat="42.98838296905161" lon="-1.8919040076434643"><ele>622.2800293</ele></trkpt><trkpt lat="42.988387475554156" lon="-1.8919096115498963"><ele>622.2800293</ele></trkpt><trkpt lat="42.988520474298234" lon="-1.892074998087474"><ele>621.90997314</ele></trkpt><trkpt lat="42.988653472808224" lon="-1.8922403853373413"><ele>621.41998291</ele></trkpt><trkpt lat="42.988657979294665" lon="-1.8922459892928594"><ele>621.41998291</ele></trkpt><trkpt lat="42.98869986195749" lon="-1.892292751001522"><ele>621.19000244</ele></trkpt><trkpt lat="42.988839139156084" lon="-1.892448253653556"><ele>620.70001221</ele></trkpt><trkpt lat="42.988881021738045" lon="-1.8924950156360847"><ele>620.63000488</ele></trkpt><trkpt lat="42.98890521272724" lon="-1.8925213735307445"><ele>620.57000732</ele></trkpt><trkpt lat="42.98904584270582" lon="-1.8926746009619635"><ele>620.23999023</ele></trkpt><trkpt lat="42.989070033654556" lon="-1.8927009589970165"><ele>620.19000244</ele></trkpt><trkpt lat="42.98915301449597" lon="-1.8928319681435841"><ele>619.89001465</ele></trkpt><trkpt lat="42.98917803917492" lon="-1.8929064711231456"><ele>619.82000732</ele></trkpt><trkpt lat="42.989252964184764" lon="-1.893129537601149"><ele>619.46002197</ele></trkpt><trkpt lat="42.98927798867226" lon="-1.8932040408253572"><ele>619.2800293</ele></trkpt><trkpt lat="42.98929773797391" lon="-1.8932652248994681"><ele>619.19000244</ele></trkpt><trkpt lat="42.989370221748" lon="-1.893489783537974"><ele>618.85998535</ele></trkpt><trkpt lat="42.9893899708986" lon="-1.8935509677976334"><ele>618.80999756</ele></trkpt><trkpt lat="42.98946800641715" lon="-1.8937480263412012"><ele>618.85998535</ele></trkpt><trkpt lat="42.989474561725594" lon="-1.8937630671754717"><ele>618.90002441</ele></trkpt><trkpt lat="42.989566493999334" lon="-1.8939740020868396"><ele>618.85998535</ele></trkpt><trkpt lat="42.98965842588984" lon="-1.8941849376322895"><ele>618.75</ele></trkpt><trkpt lat="42.989664981141686" lon="-1.8941999785602042"><ele>618.65997314</ele></trkpt><trkpt lat="42.989685000209235" lon="-1.8942305051666852"><ele>618.58001709</ele></trkpt><trkpt lat="42.989804972661574" lon="-1.8944134490162279"><ele>618.51000977</ele></trkpt><trkpt lat="42.98982499167323" lon="-1.8944439757615326"><ele>618.4699707</ele></trkpt><trkpt lat="42.98987997695802" lon="-1.8944840412587007"><ele>618.38000488</ele></trkpt><trkpt lat="42.989957006648176" lon="-1.8945159763097839"><ele>618.30999756</ele></trkpt><trkpt lat="42.99005297943948" lon="-1.8945090193301468"><ele>618.34997559</ele></trkpt><trkpt lat="42.990186000242836" lon="-1.8945210054516792"><ele>618.32000732</ele></trkpt><trkpt lat="42.99031198024749" lon="-1.8945830315351406"><ele>617.89001465</ele></trkpt><trkpt lat="42.99039797857404" lon="-1.8946550320833946"><ele>617.21002197</ele></trkpt><trkpt lat="42.99052798189223" lon="-1.8947759829461615"><ele>616.15002441</ele></trkpt><trkpt lat="42.990568969398744" lon="-1.8948260229080878"><ele>615.75</ele></trkpt><trkpt lat="42.990619009360685" lon="-1.894883019849662"><ele>615.39001465</ele></trkpt><trkpt lat="42.99069503322243" lon="-1.8949779868125878"><ele>614.79998779</ele></trkpt><trkpt lat="42.9907800257206" lon="-1.8950720317661818"><ele>614.17999268</ele></trkpt><trkpt lat="42.99087901599705" lon="-1.89518501982092"><ele>613.40997314</ele></trkpt><trkpt lat="42.990977000445106" lon="-1.8953430186957043"><ele>612.65997314</ele></trkpt><trkpt lat="42.99101003423245" lon="-1.8954324391996726"><ele>612.2199707</ele></trkpt><trkpt lat="42.9910909854775" lon="-1.8956515706200616"><ele>611.70001221</ele></trkpt><trkpt lat="42.99112401902677" lon="-1.8957409914583059"><ele>611.38000488</ele></trkpt><trkpt lat="42.99119903706014" lon="-1.8958569969981873"><ele>610.52001953</ele></trkpt><trkpt lat="42.99125201068819" lon="-1.8958770297467673"><ele>610</ele></trkpt><trkpt lat="42.99125308216104" lon="-1.8958769704552065"><ele>610</ele></trkpt><trkpt lat="42.99143301789075" lon="-1.8958670134073636"><ele>608.85998535</ele></trkpt><trkpt lat="42.9916129536134" lon="-1.8958570562905663"><ele>607.66998291</ele></trkpt><trkpt lat="42.99161402508615" lon="-1.8958569969981889"><ele>607.66998291</ele></trkpt><trkpt lat="42.991633173903345" lon="-1.8958586681896668"><ele>607.53997803</ele></trkpt><trkpt lat="42.99181288957124" lon="-1.8958743527174091"><ele>605.90002441</ele></trkpt><trkpt lat="42.991832038387656" lon="-1.8958760239183954"><ele>605.75</ele></trkpt><trkpt lat="42.9919349681586" lon="-1.895937966182832"><ele>604.20001221</ele></trkpt><trkpt lat="42.99196980482116" lon="-1.8959615023355108"><ele>603.73999023</ele></trkpt><trkpt lat="42.99213113677422" lon="-1.8960705009191823"><ele>602.19000244</ele></trkpt><trkpt lat="42.99216597341001" lon="-1.8960940372198798"><ele>601.95001221</ele></trkpt><trkpt lat="42.99219120981657" lon="-1.8961114861619615"><ele>601.82000732</ele></trkpt><trkpt lat="42.99235179334452" lon="-1.8962225171080223"><ele>600.48999023</ele></trkpt><trkpt lat="42.99237702973186" lon="-1.8962399661541012"><ele>600.28997803</ele></trkpt><trkpt lat="42.99250200390815" lon="-1.8963249586522546"><ele>599.4699707</ele></trkpt><trkpt lat="42.99264298751951" lon="-1.8963790219277172"><ele>598.05999756</ele></trkpt><trkpt lat="42.99267648477647" lon="-1.8963802381467783"><ele>597.83001709</ele></trkpt><trkpt lat="42.992856504950225" lon="-1.8963867743390284"><ele>596.59002686</ele></trkpt><trkpt lat="42.99289000220597" lon="-1.8963879905641157"><ele>596.34997559</ele></trkpt><trkpt lat="42.99293130727009" lon="-1.8963831016281953"><ele>596.09002686</ele></trkpt><trkpt lat="42.99311071543807" lon="-1.8963618664963386"><ele>594.71002197</ele></trkpt><trkpt lat="42.99315202049911" lon="-1.8963569775223814"><ele>594.44000244</ele></trkpt><trkpt lat="42.99326098524034" lon="-1.8963129725307308"><ele>593.5300293</ele></trkpt><trkpt lat="42.99330211498699" lon="-1.8962788244552717"><ele>593.09997559</ele></trkpt><trkpt lat="42.99345588993908" lon="-1.8961511519275747"><ele>591.35998535</ele></trkpt><trkpt lat="42.993497019633644" lon="-1.8961170036345647"><ele>590.9699707</ele></trkpt><trkpt lat="42.993524960239974" lon="-1.8960873715586375"><ele>590.58001709</ele></trkpt><trkpt lat="42.99366705962957" lon="-1.8959366692001038"><ele>588.7199707</ele></trkpt><trkpt lat="42.993695000186555" lon="-1.8959070369601323"><ele>588.34002686</ele></trkpt><trkpt lat="42.99373567784004" lon="-1.8958446976215297"><ele>587.92999268</ele></trkpt><trkpt lat="42.9938553207097" lon="-1.8956613416807553"><ele>586.16998291</ele></trkpt><trkpt lat="42.993895998224595" lon="-1.8955990020185745"><ele>585.72998047</ele></trkpt><trkpt lat="42.9939101894587" lon="-1.895585218624401"><ele>585.4699707</ele></trkpt><trkpt lat="42.994056821148725" lon="-1.8954428004886894"><ele>584.01000977</ele></trkpt><trkpt lat="42.99407101236282" lon="-1.8954290170222436"><ele>583.80999756</ele></trkpt><trkpt lat="42.99412764915078" lon="-1.8954062428833685"><ele>583.29998779</ele></trkpt><trkpt lat="42.99430036613359" lon="-1.8953367916230093"><ele>581.84002686</ele></trkpt><trkpt lat="42.99435700289906" lon="-1.8953140173107468"><ele>581.15997314</ele></trkpt><trkpt lat="42.99441595637867" lon="-1.89529281512621"><ele>580.63000488</ele></trkpt><trkpt lat="42.99459007494563" lon="-1.8952301944130998"><ele>578.79998779</ele></trkpt><trkpt lat="42.99464902840553" lon="-1.895208992063996"><ele>578.34002686</ele></trkpt><trkpt lat="42.994677309097284" lon="-1.8951973879116624"><ele>578.15002441</ele></trkpt><trkpt lat="42.99484974131863" lon="-1.895126635159054"><ele>576.52001953</ele></trkpt><trkpt lat="42.9948780220002" lon="-1.8951150309294365"><ele>576.28997803</ele></trkpt><trkpt lat="42.99500299617646" lon="-1.8950410187244506"><ele>574.92999268</ele></trkpt><trkpt lat="42.995090000331395" lon="-1.8951049726456441"><ele>573.66998291</ele></trkpt><trkpt lat="42.995114978402846" lon="-1.8951779790222663"><ele>573.51000977</ele></trkpt><trkpt lat="42.995068039745085" lon="-1.8952730298042395"><ele>572.7199707</ele></trkpt><trkpt lat="42.99500400200487" lon="-1.8953239917755083"><ele>571.90997314</ele></trkpt><trkpt lat="42.99499935309126" lon="-1.8953272939902313"><ele>570.90997314</ele></trkpt><trkpt lat="42.99483967175424" lon="-1.8954407184319837"><ele>571.2800293</ele></trkpt><trkpt lat="42.99483502283692" lon="-1.8954440206289227"><ele>571.2800293</ele></trkpt><trkpt lat="42.994713988155134" lon="-1.895570000633589"><ele>570.34002686</ele></trkpt><trkpt lat="42.994678718094356" lon="-1.8956114134738"><ele>569.9699707</ele></trkpt><trkpt lat="42.994542309103146" lon="-1.895771579397459"><ele>568.83001709</ele></trkpt><trkpt lat="42.99450703896581" lon="-1.8958129920065399"><ele>568.36999512</ele></trkpt><trkpt lat="42.994469928514285" lon="-1.8958474388918598"><ele>568.09002686</ele></trkpt><trkpt lat="42.99432110702943" lon="-1.8959855783385255"><ele>566.84997559</ele></trkpt><trkpt lat="42.994283996522455" lon="-1.8960200250148718"><ele>566.60998535</ele></trkpt><trkpt lat="42.99414603039623" lon="-1.8961689714342376"><ele>565.90002441</ele></trkpt><trkpt lat="42.994129015132785" lon="-1.8962579872459149"><ele>565.14001465</ele></trkpt><trkpt lat="42.99417000263929" lon="-1.8962969630956616"><ele>564.28997803</ele></trkpt><trkpt lat="42.99421501345931" lon="-1.8962610047310546"><ele>563.63000488</ele></trkpt><trkpt lat="42.99421886253983" lon="-1.8962567101889483"><ele>563.63000488</ele></trkpt><trkpt lat="42.994358182966735" lon="-1.8961012654481084"><ele>562.19000244</ele></trkpt><trkpt lat="42.99436203204095" lon="-1.8960969708859912"><ele>562.19000244</ele></trkpt><trkpt lat="42.994491029530764" lon="-1.8959949631243926"><ele>561.76000977</ele></trkpt><trkpt lat="42.99459001980722" lon="-1.8960360344499407"><ele>561.34997559</ele></trkpt><trkpt lat="42.99469102174043" lon="-1.8961660377681206"><ele>557.94000244</ele></trkpt><trkpt lat="42.99471667080195" lon="-1.8961981019001488"><ele>557.73999023</ele></trkpt><trkpt lat="42.99484935550786" lon="-1.8963639728946862"><ele>558</ele></trkpt><trkpt lat="42.99487500451505" lon="-1.8963960371911543"><ele>557.95001221</ele></trkpt><trkpt lat="42.994968965649605" lon="-1.8965080194175206"><ele>561.32000732</ele></trkpt><trkpt lat="42.995072985067964" lon="-1.8965550418943096"><ele>561.69000244</ele></trkpt><trkpt lat="42.995223021134734" lon="-1.8965119589120147"><ele>562.23999023</ele></trkpt><trkpt lat="42.99528354326246" lon="-1.896470543524845"><ele>562.34002686</ele></trkpt><trkpt lat="42.995444466290174" lon="-1.89636042318899"><ele>562.77001953</ele></trkpt><trkpt lat="42.99550498835742" lon="-1.8963190075010006"><ele>562.91998291</ele></trkpt><trkpt lat="42.995649995282285" lon="-1.896232003346088"><ele>563.35998535</ele></trkpt><trkpt lat="42.995688382478235" lon="-1.8962093194825256"><ele>563.35998535</ele></trkpt><trkpt lat="42.99585359365774" lon="-1.8961116920934564"><ele>563.65002441</ele></trkpt><trkpt lat="42.99589198082684" lon="-1.896089008077974"><ele>563.77001953</ele></trkpt><trkpt lat="42.996021984145045" lon="-1.8960500322282243"><ele>564.40002441</ele></trkpt><trkpt lat="42.996130026876926" lon="-1.8960829731076931"><ele>564.08001709</ele></trkpt><trkpt lat="42.996273022145026" lon="-1.896162014454601"><ele>563.60998535</ele></trkpt><trkpt lat="42.99641802906989" lon="-1.8962129764258941"><ele>562.65997314</ele></trkpt><trkpt lat="42.996578039601445" lon="-1.896247006952765"><ele>562.04998779</ele></trkpt><trkpt lat="42.99669496715069" lon="-1.8961839750409124"><ele>561.63000488</ele></trkpt><trkpt lat="42.99676696769893" lon="-1.896119015291331"><ele>561.11999512</ele></trkpt><trkpt lat="42.99682698212563" lon="-1.8960330169647992"><ele>560.72998047</ele></trkpt><trkpt lat="42.99691700376568" lon="-1.8959689792245653"><ele>563.29998779</ele></trkpt><trkpt lat="42.99705002456902" lon="-1.8958790414035271"><ele>560.05999756</ele></trkpt><trkpt lat="42.99717499874532" lon="-1.8957669753581181"><ele>559.91998291</ele></trkpt><trkpt lat="42.99726703204216" lon="-1.8956529814750036"><ele>559.94000244</ele></trkpt><trkpt lat="42.997268060235655" lon="-1.8956515045204636"><ele>559.86999512</ele></trkpt><trkpt lat="42.99739198385573" lon="-1.895473493146048"><ele>560.16998291</ele></trkpt><trkpt lat="42.99739301204682" lon="-1.8954720161855294"><ele>560.16998291</ele></trkpt><trkpt lat="42.99742270048871" lon="-1.8954074533581629"><ele>560.2199707</ele></trkpt><trkpt lat="42.997518305151864" lon="-1.895199542946835"><ele>560.26000977</ele></trkpt><trkpt lat="42.99754799343647" lon="-1.8951349798589985"><ele>560.34002686</ele></trkpt><trkpt lat="42.997554103366205" lon="-1.8951121940234013"><ele>560.30999756</ele></trkpt><trkpt lat="42.99761589576277" lon="-1.8948817496724348"><ele>560.15997314</ele></trkpt><trkpt lat="42.99762200564146" lon="-1.8948589637875521"><ele>560.13000488</ele></trkpt><trkpt lat="42.997651788920074" lon="-1.894765079384737"><ele>560.14001465</ele></trkpt><trkpt lat="42.99772323177516" lon="-1.894539872124987"><ele>560.03997803</ele></trkpt><trkpt lat="42.99775301478804" lon="-1.8944459874182988"><ele>559.96002197</ele></trkpt><trkpt lat="42.99777672528044" lon="-1.894369149628263"><ele>559.9699707</ele></trkpt><trkpt lat="42.99784651532495" lon="-1.8941429820713198"><ele>559.86999512</ele></trkpt><trkpt lat="42.9979163049159" lon="-1.8939168140099654"><ele>559.82000732</ele></trkpt><trkpt lat="42.99794001504778" lon="-1.893839975818989"><ele>559.83001709</ele></trkpt><trkpt lat="42.99797247060848" lon="-1.8937380726948427"><ele>559.82000732</ele></trkpt><trkpt lat="42.998044152773545" lon="-1.8935130055004754"><ele>559.90997314</ele></trkpt><trkpt lat="42.99811583448924" lon="-1.8932879377902105"><ele>560.09002686</ele></trkpt><trkpt lat="42.998187515755546" lon="-1.8930628695640408"><ele>560.40002441</ele></trkpt><trkpt lat="42.99821997061374" lon="-1.8929609656333986"><ele>560.53997803</ele></trkpt><trkpt lat="42.99824349258986" lon="-1.8928890939337444"><ele>560.65997314</ele></trkpt><trkpt lat="42.998316827687965" lon="-1.8926650163547027"><ele>561.02001953</ele></trkpt><trkpt lat="42.99839016234044" lon="-1.892440938249892"><ele>561.33001709</ele></trkpt><trkpt lat="42.99846349654726" lon="-1.8922168596193114"><ele>561.57000732</ele></trkpt><trkpt lat="42.99848701804874" lon="-1.8921449873596452"><ele>561.63000488</ele></trkpt><trkpt lat="42.99850427960332" lon="-1.8921002151352582"><ele>561.63000488</ele></trkpt><trkpt lat="42.99858802028751" lon="-1.8918830114006762"><ele>561.75</ele></trkpt><trkpt lat="42.99867176055163" lon="-1.8916658070822716"><ele>561.91998291</ele></trkpt><trkpt lat="42.9986890219152" lon="-1.8916210345923814"><ele>561.9699707</ele></trkpt><trkpt lat="42.99870939424606" lon="-1.891583066016609"><ele>561.9699707</ele></trkpt><trkpt lat="42.99881566824648" lon="-1.8913849989087126"><ele>562.13000488</ele></trkpt><trkpt lat="42.99883604049684" lon="-1.8913470301777098"><ele>562.21002197</ele></trkpt><trkpt lat="42.99885015119667" lon="-1.891327630895076"><ele>562.19000244</ele></trkpt><trkpt lat="42.998976911220794" lon="-1.891153361570358"><ele>562.30999756</ele></trkpt><trkpt lat="42.99899102188647" lon="-1.891133962199099"><ele>562.2800293</ele></trkpt><trkpt lat="42.99902814365121" lon="-1.891092856510798"><ele>562.30999756</ele></trkpt><trkpt lat="42.99916789018377" lon="-1.89093811172133"><ele>562.51000977</ele></trkpt><trkpt lat="42.99920501187444" lon="-1.890897005796439"><ele>562.57000732</ele></trkpt><trkpt lat="42.99926145314092" lon="-1.890824607737176"><ele>562.70001221</ele></trkpt><trkpt lat="42.99939256796824" lon="-1.8906564240321722"><ele>563.03997803</ele></trkpt><trkpt lat="42.99944900907578" lon="-1.8905840255320099"><ele>563.16998291</ele></trkpt><trkpt lat="42.99946980793808" lon="-1.8905595123531647"><ele>563.21002197</ele></trkpt><trkpt lat="42.999606002279144" lon="-1.890398995491702"><ele>563.54998779</ele></trkpt><trkpt lat="42.999742196383934" lon="-1.890238477919485"><ele>563.86999512</ele></trkpt><trkpt lat="42.99976299516856" lon="-1.8902139645069826"><ele>563.92999268</ele></trkpt><trkpt lat="42.999812900226566" lon="-1.8901479300989699"><ele>564.0300293</ele></trkpt><trkpt lat="42.99994208384776" lon="-1.8899769934991608"><ele>564.51000977</ele></trkpt><trkpt lat="42.99999198876318" lon="-1.8899109587073317"><ele>564.69000244</ele></trkpt><trkpt lat="43.000086033716784" lon="-1.8897959589958173"><ele>565.23999023</ele></trkpt><trkpt lat="43.00015099346639" lon="-1.8897299934178649"><ele>565.2800293</ele></trkpt><trkpt lat="43.00013702267964" lon="-1.8897123413520902"><ele>565.2800293</ele></trkpt><trkpt lat="43.00000498085878" lon="-1.889545507292621"><ele>565.36999512</ele></trkpt><trkpt lat="42.99987293879971" lon="-1.8893786739469802"><ele>565.4699707</ele></trkpt><trkpt lat="42.99985896795988" lon="-1.8893610220402466"><ele>565.47998047</ele></trkpt><trkpt lat="42.99981845915633" lon="-1.8893072403121105"><ele>565.5</ele></trkpt><trkpt lat="42.99968948609452" lon="-1.889136009231294"><ele>565.65002441</ele></trkpt><trkpt lat="42.99956051278164" lon="-1.8889647788666055"><ele>566.02001953</ele></trkpt><trkpt lat="42.99952000379561" lon="-1.8889109976589764"><ele>566.23999023</ele></trkpt><trkpt lat="42.99948256987757" lon="-1.8888640941849895"><ele>566.4699707</ele></trkpt><trkpt lat="42.999350018993404" lon="-1.8886980129129105"><ele>567.51000977</ele></trkpt><trkpt lat="42.999217467873166" lon="-1.8885319323540428"><ele>568.90997314</ele></trkpt><trkpt lat="42.99918003380297" lon="-1.8884850293397863"><ele>569.38000488</ele></trkpt><trkpt lat="42.9991635929349" lon="-1.8884702069153827"><ele>569.64001465</ele></trkpt><trkpt lat="42.99901341392483" lon="-1.8883348120111632"><ele>570.96002197</ele></trkpt><trkpt lat="42.99899697303773" lon="-1.8883199896663523"><ele>571.23999023</ele></trkpt><trkpt lat="42.99891325826469" lon="-1.8883428767028123"><ele>571.48999023</ele></trkpt><trkpt lat="42.99873669452472" lon="-1.8883911477837616"><ele>572.84997559</ele></trkpt><trkpt lat="42.99865297973155" lon="-1.8884140346199294"><ele>573.46002197</ele></trkpt><trkpt lat="42.99858836310541" lon="-1.8884249389417198"><ele>574</ele></trkpt><trkpt lat="42.99840964524273" lon="-1.8884550981890935"><ele>575.42999268</ele></trkpt><trkpt lat="42.99834502860902" lon="-1.8884660024195947"><ele>575.83001709</ele></trkpt><trkpt lat="42.99830585866192" lon="-1.8884747211312116"><ele>576.05999756</ele></trkpt><trkpt lat="42.99812813142009" lon="-1.8885142807136774"><ele>577.08001709</ele></trkpt><trkpt lat="42.99808896146715" lon="-1.8885229993611494"><ele>577.42999268</ele></trkpt><trkpt lat="42.99797002226114" lon="-1.8884830176830345"><ele>578.02001953</ele></trkpt><trkpt lat="42.997913634965045" lon="-1.8884497495593875"><ele>578.60998535</ele></trkpt><trkpt lat="42.99774838186651" lon="-1.888352251725866"><ele>579.39001465</ele></trkpt><trkpt lat="42.997691994532936" lon="-1.8883189838379653"><ele>579.76000977</ele></trkpt><trkpt lat="42.9976286347128" lon="-1.888298637572257"><ele>579.78997803</ele></trkpt><trkpt lat="42.997453354396285" lon="-1.888242351331295"><ele>580.9699707</ele></trkpt><trkpt lat="42.997389994561686" lon="-1.8882220052182714"><ele>581.78997803</ele></trkpt><trkpt lat="42.99737657383516" lon="-1.8882221796285776"><ele>581.94000244</ele></trkpt><trkpt lat="42.997196498330275" lon="-1.8882245198034264"><ele>583.30999756</ele></trkpt><trkpt lat="42.99701642281963" lon="-1.88822685995366"><ele>584.4699707</ele></trkpt><trkpt lat="42.99700300209222" lon="-1.8882270343601633"><ele>584.57000732</ele></trkpt><trkpt lat="42.9969810091845" lon="-1.8882294358483802"><ele>584.71002197</ele></trkpt><trkpt lat="42.99680150114641" lon="-1.888249036934706"><ele>586.30999756</ele></trkpt><trkpt lat="42.99662199309815" lon="-1.8882686378960833"><ele>587.72998047</ele></trkpt><trkpt lat="42.996600000187755" lon="-1.88827103935182"><ele>587.86999512</ele></trkpt><trkpt lat="42.99656807983148" lon="-1.8882834215144846"><ele>588.11999512</ele></trkpt><trkpt lat="42.99639488033299" lon="-1.8883506067513594"><ele>589.51000977</ele></trkpt><trkpt lat="42.99636295996605" lon="-1.8883629888296203"><ele>589.5300293</ele></trkpt><trkpt lat="42.996314487272045" lon="-1.888386045788901"><ele>589.97998047</ele></trkpt><trkpt lat="42.99614446906865" lon="-1.8884669178699387"><ele>591.32000732</ele></trkpt><trkpt lat="42.996095996350036" lon="-1.8884899746626624"><ele>591.92999268</ele></trkpt><trkpt lat="42.996001029387116" lon="-1.8886639829724943"><ele>593.2199707</ele></trkpt><trkpt lat="42.99594109731519" lon="-1.8887239153017306"><ele>594.03997803</ele></trkpt><trkpt lat="42.99579592579479" lon="-1.8888690868221631"><ele>595.84997559</ele></trkpt><trkpt lat="42.99573599360885" lon="-1.888929018750783"><ele>596.63000488</ele></trkpt><trkpt lat="42.99560498446226" lon="-1.888984004035587"><ele>598.42999268</ele></trkpt><trkpt lat="42.99547397531567" lon="-1.888972017914061"><ele>599.32000732</ele></trkpt><trkpt lat="42.995326034724705" lon="-1.8889120034873572"><ele>600.76000977</ele></trkpt><trkpt lat="42.9952149745077" lon="-1.888766996562473"><ele>602.30999756</ele></trkpt><trkpt lat="42.995185087797154" lon="-1.8887293182852105"><ele>602.7199707</ele></trkpt><trkpt lat="42.99505291570149" lon="-1.8885626890973721"><ele>604.17999268</ele></trkpt><trkpt lat="42.99502302892507" lon="-1.8885250110179144"><ele>604.54998779</ele></trkpt><trkpt lat="42.994986763264315" lon="-1.8884772485041605"><ele>604.89001465</ele></trkpt><trkpt lat="42.99485729080864" lon="-1.888306731668385"><ele>606.07000732</ele></trkpt><trkpt lat="42.99482102505863" lon="-1.8882589694112553"><ele>606.41998291</ele></trkpt><trkpt lat="42.99478632054689" lon="-1.888181280887164"><ele>607</ele></trkpt><trkpt lat="42.994692701745834" lon="-1.8879717095453508"><ele>608.48999023</ele></trkpt><trkpt lat="42.99465799704194" lon="-1.8878940213471582"><ele>609.21002197</ele></trkpt><trkpt lat="42.99465436128166" lon="-1.8878844478171848"><ele>609.21002197</ele></trkpt><trkpt lat="42.99457161118093" lon="-1.8876665546283364"><ele>610.61999512</ele></trkpt><trkpt lat="42.99456797540188" lon="-1.8876569811254769"><ele>610.66998291</ele></trkpt><trkpt lat="42.99455863506457" lon="-1.8876055646325312"><ele>610.88000488</ele></trkpt><trkpt lat="42.99451537360393" lon="-1.8873674217071372"><ele>612.0300293</ele></trkpt><trkpt lat="42.99450603313744" lon="-1.8873160053044618"><ele>612.05999756</ele></trkpt><trkpt lat="42.99449304118751" lon="-1.887217015027998"><ele>612.38000488</ele></trkpt><trkpt lat="42.99435297958552" lon="-1.8870730139315062"><ele>613.34997559</ele></trkpt><trkpt lat="42.99431317251107" lon="-1.887028666882266"><ele>613.58001709</ele></trkpt><trkpt lat="42.99417376760582" lon="-1.8868733635224677"><ele>613.94000244</ele></trkpt><trkpt lat="42.99413396045567" lon="-1.8868290167301995"><ele>613.91998291</ele></trkpt><trkpt lat="42.99410998612674" lon="-1.8868063856244148"><ele>613.95001221</ele></trkpt><trkpt lat="42.99396196591981" lon="-1.8866666591074392"><ele>614.15997314</ele></trkpt><trkpt lat="42.99393799155949" lon="-1.886644028127189"><ele>614.19000244</ele></trkpt><trkpt lat="42.993864985182874" lon="-1.8865509890019876"><ele>614.45001221</ele></trkpt><trkpt lat="42.9938629893655" lon="-1.8865467974215957"><ele>614.45001221</ele></trkpt><trkpt lat="42.99376498926778" lon="-1.8863409800751512"><ele>616.13000488</ele></trkpt><trkpt lat="42.99366698880559" lon="-1.8861351633873698"><ele>616.61999512</ele></trkpt><trkpt lat="42.99366499297321" lon="-1.8861309718340686"><ele>616.61999512</ele></trkpt><trkpt lat="42.99363078714318" lon="-1.8860584064834625"><ele>616.92999268</ele></trkpt><trkpt lat="42.993533481247326" lon="-1.885851979587838"><ele>617.96002197</ele></trkpt><trkpt lat="42.99343617498481" lon="-1.8856455533482455"><ele>619.2199707</ele></trkpt><trkpt lat="42.993401968851686" lon="-1.8855729885399397"><ele>619.66998291</ele></trkpt><trkpt lat="42.993399342720714" lon="-1.8855663759892702"><ele>619.66998291</ele></trkpt><trkpt lat="42.993313651345915" lon="-1.8853506074768414"><ele>621.16998291</ele></trkpt><trkpt lat="42.99331102520228" lon="-1.8853439949452948"><ele>621.27001953</ele></trkpt><trkpt lat="42.99328796129487" lon="-1.8852581801911577"><ele>621.5300293</ele></trkpt><trkpt lat="42.99322604661258" lon="-1.8850278133825176"><ele>622.16998291</ele></trkpt><trkpt lat="42.99320298247039" lon="-1.8849419988691782"><ele>622.28997803</ele></trkpt><trkpt lat="42.99320700578389" lon="-1.8847280088812146"><ele>622.44000244</ele></trkpt><trkpt lat="42.99309896305202" lon="-1.884560035541659"><ele>622.64001465</ele></trkpt><trkpt lat="42.99304173736242" lon="-1.8845006682500287"><ele>622.85998535</ele></trkpt><trkpt lat="42.99289846811303" lon="-1.8843520379410592"><ele>623.88000488</ele></trkpt><trkpt lat="42.99275519867487" lon="-1.8842034083197772"><ele>625.11999512</ele></trkpt><trkpt lat="42.992697972804315" lon="-1.8841440416872446"><ele>625.55999756</ele></trkpt><trkpt lat="42.99262562964852" lon="-1.8840723517466078"><ele>625.90997314</ele></trkpt><trkpt lat="42.99248000161167" lon="-1.883928039282824"><ele>626.86999512</ele></trkpt><trkpt lat="42.992334373396865" lon="-1.883783727497249"><ele>627.32000732</ele></trkpt><trkpt lat="42.992262030020356" lon="-1.8837120383977997"><ele>627.7199707</ele></trkpt><trkpt lat="42.99225355091036" lon="-1.883701590187506"><ele>627.76000977</ele></trkpt><trkpt lat="42.99211999880213" lon="-1.883537023857118"><ele>628.70001221</ele></trkpt><trkpt lat="42.9919864464622" lon="-1.8833724582384053"><ele>628.90997314</ele></trkpt><trkpt lat="42.99197796732189" lon="-1.8833620101213522"><ele>628.90997314</ele></trkpt><trkpt lat="42.99194664019113" lon="-1.8833045150139"><ele>628.92999268</ele></trkpt><trkpt lat="42.99183930958197" lon="-1.8831075305330063"><ele>628.15997314</ele></trkpt><trkpt lat="42.99180798232554" lon="-1.8830500356852946"><ele>627.9699707</ele></trkpt><trkpt lat="42.99177575148925" lon="-1.8829767286782377"><ele>627.77001953</ele></trkpt><trkpt lat="42.99168322029456" lon="-1.8827662733181911"><ele>627.29998779</ele></trkpt><trkpt lat="42.99165098927914" lon="-1.8826929666101995"><ele>627.22998047</ele></trkpt><trkpt lat="42.991754002869136" lon="-1.8825359735637908"><ele>627.15002441</ele></trkpt><trkpt lat="42.99175679455503" lon="-1.8825288098246642"><ele>627.15002441</ele></trkpt><trkpt lat="42.991841232837594" lon="-1.8823121320715726"><ele>627.25</ele></trkpt><trkpt lat="42.991844024509184" lon="-1.8823049683123898"><ele>627.25</ele></trkpt><trkpt lat="42.99184495727251" lon="-1.8823025792678436"><ele>627.25</ele></trkpt><trkpt lat="42.99192952013509" lon="-1.8820859913924748"><ele>627.23999023</ele></trkpt><trkpt lat="42.992014082579836" lon="-1.881869402929257"><ele>626.98999023</ele></trkpt><trkpt lat="42.99201501533389" lon="-1.8818670138716689"><ele>626.98999023</ele></trkpt><trkpt lat="42.9920969903469" lon="-1.8816899880766793"><ele>626.70001221</ele></trkpt><trkpt lat="42.992148036137216" lon="-1.881488990038633"><ele>625.97998047</ele></trkpt><trkpt lat="42.99215936692009" lon="-1.8814323229735797"><ele>625.59997559</ele></trkpt><trkpt lat="42.99220669439245" lon="-1.8811956289322367"><ele>624.86999512</ele></trkpt><trkpt lat="42.992218025028706" lon="-1.8811389617621994"><ele>624.84002686</ele></trkpt><trkpt lat="42.99224053469529" lon="-1.8810503940936574"><ele>624.92999268</ele></trkpt><trkpt lat="42.99229945121236" lon="-1.880818576604304"><ele>625.26000977</ele></trkpt><trkpt lat="42.992321960628026" lon="-1.880730008706446"><ele>625.48999023</ele></trkpt><trkpt lat="42.99233959797543" lon="-1.8806269026783884"><ele>625.9699707</ele></trkpt><trkpt lat="42.99238046682722" lon="-1.8803879854618963"><ele>627.26000977</ele></trkpt><trkpt lat="42.99242133517637" lon="-1.880149067938602"><ele>628.71002197</ele></trkpt><trkpt lat="42.992438971996286" lon="-1.8800459615886198"><ele>629.34997559</ele></trkpt><trkpt lat="42.99244994390956" lon="-1.880011177831041"><ele>629.58001709</ele></trkpt><trkpt lat="42.992521039288505" lon="-1.8797857862648455"><ele>630.30999756</ele></trkpt><trkpt lat="42.99253201112151" lon="-1.8797510024160238"><ele>630.29998779</ele></trkpt><trkpt lat="42.99255015937336" lon="-1.879721935489137"><ele>630.29998779</ele></trkpt><trkpt lat="42.992666832659275" lon="-1.8795350664399677"><ele>629.67999268</ele></trkpt><trkpt lat="42.9926849808544" lon="-1.8795059993863146"><ele>629.54998779</ele></trkpt><trkpt lat="42.99275555523541" lon="-1.87943094422245"><ele>629.10998535</ele></trkpt><trkpt lat="42.99289750424519" lon="-1.8792799821492303"><ele>628.42999268</ele></trkpt><trkpt lat="42.99303945304451" lon="-1.879129019378337"><ele>627.90002441</ele></trkpt><trkpt lat="42.993110027164235" lon="-1.8790539633482701"><ele>627.69000244</ele></trkpt><trkpt lat="42.99316279643583" lon="-1.878996565610007"><ele>627.60998535</ele></trkpt><trkpt lat="42.99330352360317" lon="-1.8788434944223673"><ele>627.40002441</ele></trkpt><trkpt lat="42.99344425055444" lon="-1.8786904225336065"><ele>627.51000977</ele></trkpt><trkpt lat="42.99349701963363" lon="-1.8786330241709888"><ele>627.54998779</ele></trkpt><trkpt lat="42.993502932012554" lon="-1.8786139813225269"><ele>627.67999268</ele></trkpt><trkpt lat="42.99357308230912" lon="-1.878388037115824"><ele>627.72998047</ele></trkpt><trkpt lat="42.99357899464666" lon="-1.8783689942210895"><ele>627.7199707</ele></trkpt><trkpt lat="42.99357972806126" lon="-1.878366247830801"><ele>627.7199707</ele></trkpt><trkpt lat="42.99364129314959" lon="-1.8781357062235209"><ele>627.70001221</ele></trkpt><trkpt lat="42.993642026558526" lon="-1.8781329598277838"><ele>627.70001221</ele></trkpt><trkpt lat="42.99367102794349" lon="-1.8779970053583366"><ele>627.53997803</ele></trkpt><trkpt lat="42.9936430323869" lon="-1.8778029642999188"><ele>627.20001221</ele></trkpt><trkpt lat="42.99363506943501" lon="-1.8777841930616819"><ele>627.20001221</ele></trkpt><trkpt lat="42.99354496430105" lon="-1.8775717871253397"><ele>626.82000732</ele></trkpt><trkpt lat="42.99353700131178" lon="-1.87755301594734"><ele>626.78997803</ele></trkpt><trkpt lat="42.993527192478375" lon="-1.877513289404563"><ele>626.69000244</ele></trkpt><trkpt lat="42.99346978054869" lon="-1.8772807679656942"><ele>626.25</ele></trkpt><trkpt lat="42.99345997162164" lon="-1.8772410415112946"><ele>626.07000732</ele></trkpt><trkpt lat="42.99344999715686" lon="-1.8770210165530392"><ele>625.59002686</ele></trkpt><trkpt lat="42.993449997156866" lon="-1.8769279774278353"><ele>625.5</ele></trkpt><trkpt lat="42.99341001547872" lon="-1.8767890054732554"><ele>624.69000244</ele></trkpt><trkpt lat="42.99340024944706" lon="-1.8767637065300309"><ele>624.53997803</ele></trkpt><trkpt lat="42.993316431614026" lon="-1.8765465770265852"><ele>623.34002686</ele></trkpt><trkpt lat="42.993232613374495" lon="-1.8763294481196569"><ele>622.79998779</ele></trkpt><trkpt lat="42.99314879472848" lon="-1.8761123198092613"><ele>622.86999512</ele></trkpt><trkpt lat="42.99313902854921" lon="-1.8760870210826452"><ele>622.88000488</ele></trkpt><trkpt lat="42.99311535982257" lon="-1.8760254789620412"><ele>622.90002441</ele></trkpt><trkpt lat="42.99303178601474" lon="-1.875808176006876"><ele>623.30999756</ele></trkpt><trkpt lat="42.992948211799764" lon="-1.875590873647018"><ele>623.26000977</ele></trkpt><trkpt lat="42.99286463717764" lon="-1.8753735718824638"><ele>623.38000488</ele></trkpt><trkpt lat="42.9928409680724" lon="-1.8753120303153956"><ele>623.47998047</ele></trkpt><trkpt lat="42.99281044734429" lon="-1.8752158723628747"><ele>623.53997803</ele></trkpt><trkpt lat="42.99273897682933" lon="-1.8749907002511745"><ele>623.39001465</ele></trkpt><trkpt lat="42.99266750587635" lon="-1.8747655286690048"><ele>622.65002441</ele></trkpt><trkpt lat="42.99259603448535" lon="-1.8745403576163795"><ele>621.71002197</ele></trkpt><trkpt lat="42.992524562656335" lon="-1.874315187093281"><ele>620.65997314</ele></trkpt><trkpt lat="42.992494041100144" lon="-1.8742190301418384"><ele>619.9699707</ele></trkpt><trkpt lat="42.99246352862592" lon="-1.8741311523154132"><ele>619.86999512</ele></trkpt><trkpt lat="42.9923865290548" lon="-1.8739093899991917"><ele>618.7800293</ele></trkpt><trkpt lat="42.9923095290592" lon="-1.8736876282437982"><ele>617.84002686</ele></trkpt><trkpt lat="42.992232528639136" lon="-1.8734658670492268"><ele>616.95001221</ele></trkpt><trkpt lat="42.99220201559365" lon="-1.8733779899775909"><ele>616.48999023</ele></trkpt><trkpt lat="42.992168455784835" lon="-1.8732870777418016"><ele>616.08001709</ele></trkpt><trkpt lat="42.992087551235585" lon="-1.8730679116242803"><ele>615.13000488</ele></trkpt><trkpt lat="42.99205399118363" lon="-1.8729769997298644"><ele>614.64001465</ele></trkpt><trkpt lat="42.99205079648166" lon="-1.8729694105402424"><ele>614.64001465</ele></trkpt><trkpt lat="42.99196121310869" lon="-1.8727566011301715"><ele>613.59002686</ele></trkpt><trkpt lat="42.99195801839232" lon="-1.8727490119636037"><ele>613.59002686</ele></trkpt><trkpt lat="42.991956413096275" lon="-1.8727439826121615"><ele>613.59002686</ele></trkpt><trkpt lat="42.991884605664964" lon="-1.8725190127379576"><ele>612.34997559</ele></trkpt><trkpt lat="42.99188300035894" lon="-1.872513983398668"><ele>612.2199707</ele></trkpt><trkpt lat="42.991842556727306" lon="-1.8724470330110439"><ele>611.73999023</ele></trkpt><trkpt lat="42.99172812809681" lon="-1.872257608678663"><ele>610.07000732</ele></trkpt><trkpt lat="42.991613699158535" lon="-1.8720681850513794"><ele>608.39001465</ele></trkpt><trkpt lat="42.99149926991246" lon="-1.8718787621291821"><ele>606.16998291</ele></trkpt><trkpt lat="42.99138484035856" lon="-1.8716893399121044"><ele>603.7800293</ele></trkpt><trkpt lat="42.99127041049689" lon="-1.871499918400118"><ele>601.98999023</ele></trkpt><trkpt lat="42.99122996628285" lon="-1.8714329693466343"><ele>601.32000732</ele></trkpt><trkpt lat="42.9911680240184" lon="-1.8712950032204423"><ele>600</ele></trkpt><trkpt lat="42.99110635142096" lon="-1.8712499536344354"><ele>599.16998291</ele></trkpt><trkpt lat="42.99094764563617" lon="-1.8711340253078323"><ele>597.38000488</ele></trkpt><trkpt lat="42.990885972976685" lon="-1.8710889760404792"><ele>596.95001221</ele></trkpt><trkpt lat="42.99087334221815" lon="-1.8710778849206888"><ele>596.7800293</ele></trkpt><trkpt lat="42.99072198112968" lon="-1.870944974563762"><ele>595.77001953</ele></trkpt><trkpt lat="42.990570619890356" lon="-1.8708120648546671"><ele>595.38000488</ele></trkpt><trkpt lat="42.99055798910558" lon="-1.8708009738475093"><ele>595.39001465</ele></trkpt><trkpt lat="42.99052999266736" lon="-1.8707759122689613"><ele>595.36999512</ele></trkpt><trkpt lat="42.990379496299404" lon="-1.8706411928674875"><ele>595.10998535</ele></trkpt><trkpt lat="42.99022899977645" lon="-1.8705064741191049"><ele>595.01000977</ele></trkpt><trkpt lat="42.99007850309849" lon="-1.8703717560238304"><ele>594.94000244</ele></trkpt><trkpt lat="42.98992800626553" lon="-1.8702370385816354"><ele>594.92999268</ele></trkpt><trkpt lat="42.98990000970661" lon="-1.8702119775116472"><ele>594.90997314</ele></trkpt><trkpt lat="42.98988597858992" lon="-1.870196602597013"><ele>594.90997314</ele></trkpt><trkpt lat="42.98974566003961" lon="-1.870042845865402"><ele>594.84997559</ele></trkpt><trkpt lat="42.98960534128732" lon="-1.8698890898310407"><ele>594.78997803</ele></trkpt><trkpt lat="42.989465022333015" lon="-1.8697353344939591"><ele>594.73999023</ele></trkpt><trkpt lat="42.98945099115372" lon="-1.8697199597954752"><ele>594.7800293</ele></trkpt><trkpt lat="42.989450900519394" lon="-1.869719815173165"><ele>594.7800293</ele></trkpt><trkpt lat="42.98933397781235" lon="-1.8695332458947025"><ele>594.69000244</ele></trkpt><trkpt lat="42.98921705480684" lon="-1.8693466773254048"><ele>594.63000488</ele></trkpt><trkpt lat="42.989100131502916" lon="-1.8691601094652528"><ele>594.54998779</ele></trkpt><trkpt lat="42.989100040867925" lon="-1.869159964844589"><ele>594.54998779</ele></trkpt><trkpt lat="42.98905899747216" lon="-1.8690874788536338"><ele>594.51000977</ele></trkpt><trkpt lat="42.9889490135556" lon="-1.8688932391394635"><ele>594.44000244</ele></trkpt><trkpt lat="42.98883902931516" lon="-1.8686990001208683"><ele>594.42999268</ele></trkpt><trkpt lat="42.98872904475084" lon="-1.8685047617978996"><ele>594.39001465</ele></trkpt><trkpt lat="42.988619059862685" lon="-1.8683105241704976"><ele>594.34002686</ele></trkpt><trkpt lat="42.988578015938394" lon="-1.868238039314747"><ele>594.33001709</ele></trkpt><trkpt lat="42.98856997680631" lon="-1.8682206535166406"><ele>594.2800293</ele></trkpt><trkpt lat="42.98847400085522" lon="-1.8680130922820057"><ele>594.26000977</ele></trkpt><trkpt lat="42.988378024533446" lon="-1.8678055316981812"><ele>594.23999023</ele></trkpt><trkpt lat="42.988282047841004" lon="-1.86759797176515"><ele>594.17999268</ele></trkpt><trkpt lat="42.98818607077793" lon="-1.8673904124829297"><ele>594.14001465</ele></trkpt><trkpt lat="42.988178031519055" lon="-1.867373026907438"><ele>594.13000488</ele></trkpt><trkpt lat="42.98813017057709" lon="-1.8672707677968967"><ele>594.10998535</ele></trkpt><trkpt lat="42.98803336132062" lon="-1.8670639273850493"><ele>594.09997559</ele></trkpt><trkpt lat="42.9879365516961" lon="-1.866857087627229"><ele>594.13000488</ele></trkpt><trkpt lat="42.98783974170354" lon="-1.8666502485234404"><ele>594.19000244</ele></trkpt><trkpt lat="42.98774293134296" lon="-1.8664434100736842"><ele>594.23999023</ele></trkpt><trkpt lat="42.987646120614336" lon="-1.8662365722779433"><ele>594.33001709</ele></trkpt><trkpt lat="42.987549309517696" lon="-1.8660297351362531"><ele>594.4699707</ele></trkpt><trkpt lat="42.987452498053024" lon="-1.8658228986485799"><ele>594.61999512</ele></trkpt><trkpt lat="42.98735568622034" lon="-1.8656160628149239"><ele>594.82000732</ele></trkpt><trkpt lat="42.987258874019645" lon="-1.8654092276353034"><ele>595.04998779</ele></trkpt><trkpt lat="42.987211011350155" lon="-1.865306971594683"><ele>595.15997314</ele></trkpt><trkpt lat="42.98720893145938" lon="-1.8653031113410825"><ele>595.15997314</ele></trkpt><trkpt lat="42.98710238205718" lon="-1.8651053575318333"><ele>595.45001221</ele></trkpt><trkpt lat="42.986995832319124" lon="-1.86490760440915"><ele>595.63000488</ele></trkpt><trkpt lat="42.9868892822452" lon="-1.864709851973054"><ele>595.84002686</ele></trkpt><trkpt lat="42.98678273183545" lon="-1.8645121002235618"><ele>596.15002441</ele></trkpt><trkpt lat="42.98667618108987" lon="-1.8643143491606329"><ele>596.34002686</ele></trkpt><trkpt lat="42.98656963000842" lon="-1.8641165987842847"><ele>596.47998047</ele></trkpt><trkpt lat="42.98646307859116" lon="-1.8639188490945158"><ele>596.4699707</ele></trkpt><trkpt lat="42.986460998654366" lon="-1.8639149889350004"><ele>596.4699707</ele></trkpt><trkpt lat="42.98642947914916" lon="-1.863865654752131"><ele>596.44000244</ele></trkpt><trkpt lat="42.986311259104625" lon="-1.8636806180295613"><ele>596.2800293</ele></trkpt><trkpt lat="42.986193038766615" lon="-1.8634955820178205"><ele>596.05999756</ele></trkpt><trkpt lat="42.986074818135165" lon="-1.863310546716941"><ele>595.41998291</ele></trkpt><trkpt lat="42.98595659721026" lon="-1.8631255121269021"><ele>595.35998535</ele></trkpt><trkpt lat="42.985838375991904" lon="-1.8629404782476895"><ele>595.03997803</ele></trkpt><trkpt lat="42.9857201544801" lon="-1.8627554450793258"><ele>595.47998047</ele></trkpt><trkpt lat="42.98560193267486" lon="-1.8625704126217828"><ele>595.82000732</ele></trkpt><trkpt lat="42.9854837105762" lon="-1.8623853808750834"><ele>596.11999512</ele></trkpt><trkpt lat="42.98536548818409" lon="-1.8622003498392"><ele>596.4699707</ele></trkpt><trkpt lat="42.98533396795392" lon="-1.8621510174125413"><ele>596.59997559</ele></trkpt><trkpt lat="42.98531382464046" lon="-1.8621218607050567"><ele>596.65002441</ele></trkpt><trkpt lat="42.98519041285474" lon="-1.8619432273176642"><ele>597.19000244</ele></trkpt><trkpt lat="42.9850670007958" lon="-1.861764594645759"><ele>597.44000244</ele></trkpt><trkpt lat="42.984943588463594" lon="-1.8615859626893252"><ele>597.70001221</ele></trkpt><trkpt lat="42.984820175858175" lon="-1.8614073314483717"><ele>598.23999023</ele></trkpt><trkpt lat="42.9846967629795" lon="-1.861228700922896"><ele>598.55999756</ele></trkpt><trkpt lat="42.98457334982759" lon="-1.861050071112878"><ele>598.44000244</ele></trkpt><trkpt lat="42.98444993640246" lon="-1.8608714420183166"><ele>598.34997559</ele></trkpt><trkpt lat="42.98432652270409" lon="-1.8606928136392196"><ele>597.65997314</ele></trkpt><trkpt lat="42.98420310873251" lon="-1.8605141859755736"><ele>597.05999756</ele></trkpt><trkpt lat="42.9841829650104" lon="-1.8604850303381575"><ele>597.4699707</ele></trkpt><trkpt lat="42.984134802907626" lon="-1.8604044835394582"><ele>597.17999268</ele></trkpt><trkpt lat="42.984021081235994" lon="-1.860214295109955"><ele>596.46002197</ele></trkpt><trkpt lat="42.98390735925414" lon="-1.8600241073839778"><ele>595.45001221</ele></trkpt><trkpt lat="42.98379363696203" lon="-1.8598339203615173"><ele>594.14001465</ele></trkpt><trkpt lat="42.983679914359705" lon="-1.859643734042579"><ele>592.67999268</ele></trkpt><trkpt lat="42.983566191447146" lon="-1.8594535484271526"><ele>591.11999512</ele></trkpt><trkpt lat="42.9835180286318" lon="-1.859373003244398"><ele>590.34997559</ele></trkpt><trkpt lat="42.98345883971916" lon="-1.8593108679298358"><ele>589.60998535</ele></trkpt><trkpt lat="42.98331620519208" lon="-1.859161133739381"><ele>587.92999268</ele></trkpt><trkpt lat="42.98325701616705" lon="-1.8590989988297257"><ele>587.57000732</ele></trkpt><trkpt lat="42.98321258103799" lon="-1.859087981006988"><ele>587.20001221</ele></trkpt><trkpt lat="42.983035409695525" lon="-1.85904405099863"><ele>585.95001221</ele></trkpt><trkpt lat="42.98299097456038" lon="-1.8590330332517577"><ele>585.83001709</ele></trkpt><trkpt lat="42.9828469734639" lon="-1.8591089732945034"><ele>584.86999512</ele></trkpt><trkpt lat="42.98282104751911" lon="-1.8591354316034545"><ele>584.72998047</ele></trkpt><trkpt lat="42.98267693055507" lon="-1.8592825073417392"><ele>584.09997559</ele></trkpt><trkpt lat="42.98265100456773" lon="-1.8593089655041621"><ele>584.16998291</ele></trkpt><trkpt lat="42.98263691508646" lon="-1.8593390723245304"><ele>584.13000488</ele></trkpt><trkpt lat="42.98254011993658" lon="-1.8595459062262845"><ele>583.72998047</ele></trkpt><trkpt lat="42.98252603039146" lon="-1.859576012939212"><ele>583.73999023</ele></trkpt><trkpt lat="42.98251913217452" lon="-1.8595924867777194"><ele>583.67999268</ele></trkpt><trkpt lat="42.98242991505216" lon="-1.8598055480096518"><ele>583.4699707</ele></trkpt><trkpt lat="42.98242301680148" lon="-1.8598220217973005"><ele>583.39001465</ele></trkpt><trkpt lat="42.98240480121149" lon="-1.8598483195179143"><ele>583.32000732</ele></trkpt><trkpt lat="42.982281221908806" lon="-1.8600267294488686"><ele>582.78997803</ele></trkpt><trkpt lat="42.98226300626993" lon="-1.8600530270487126"><ele>582.70001221</ele></trkpt><trkpt lat="42.98225722879171" lon="-1.8600550448763924"><ele>582.70001221</ele></trkpt><trkpt lat="42.98208278931822" lon="-1.8601159689827245"><ele>581.73999023</ele></trkpt><trkpt lat="42.982077011838555" lon="-1.8601179867982882"><ele>581.73999023</ele></trkpt><trkpt lat="42.98206014497656" lon="-1.8601157697386497"><ele>581.66998291</ele></trkpt><trkpt lat="42.981880894541874" lon="-1.8600922082883613"><ele>580.78997803</ele></trkpt><trkpt lat="42.98186402767897" lon="-1.860089991241694"><ele>580.72998047</ele></trkpt><trkpt lat="42.98175799660383" lon="-1.8599869776517148"><ele>579.7199707</ele></trkpt><trkpt lat="42.98166101798415" lon="-1.8597940262407013"><ele>578.23999023</ele></trkpt><trkpt lat="42.98165439882564" lon="-1.8597813550499098"><ele>578.23999023</ele></trkpt><trkpt lat="42.98154999987063" lon="-1.859581502701252"><ele>576.73999023</ele></trkpt><trkpt lat="42.98144560057251" lon="-1.8593816510326953"><ele>574.90997314</ele></trkpt><trkpt lat="42.981438981369124" lon="-1.859368979930879"><ele>574.90997314</ele></trkpt><trkpt lat="42.981410443227" lon="-1.859311570717499"><ele>574.28997803</ele></trkpt><trkpt lat="42.981309481256794" lon="-1.8591084698300246"><ele>572.80999756</ele></trkpt><trkpt lat="42.981208518932036" lon="-1.8589053696115005"><ele>571.2199707</ele></trkpt><trkpt lat="42.981179980561144" lon="-1.8588479608297397"><ele>570.77001953</ele></trkpt><trkpt lat="42.981170908811556" lon="-1.8588308499036061"><ele>570.67999268</ele></trkpt><trkpt lat="42.981065483964095" lon="-1.8586320006916222"><ele>568.9699707</ele></trkpt><trkpt lat="42.980960058777036" lon="-1.858433152162802"><ele>567.46002197</ele></trkpt><trkpt lat="42.980950986966484" lon="-1.8584160413592998"><ele>567.30999756</ele></trkpt><trkpt lat="42.980896850214016" lon="-1.8583699884286236"><ele>566.61999512</ele></trkpt><trkpt lat="42.980744111323375" lon="-1.8582400573684674"><ele>564.96002197</ele></trkpt><trkpt lat="42.98068997450173" lon="-1.858194004744296"><ele>564.34997559</ele></trkpt><trkpt lat="42.9806409833747" lon="-1.8581468068117903"><ele>563.73999023</ele></trkpt><trkpt lat="42.98049396267513" lon="-1.8580051679852312"><ele>562.20001221</ele></trkpt><trkpt lat="42.980444971472025" lon="-1.8579579703509752"><ele>561.69000244</ele></trkpt><trkpt lat="42.98043381570871" lon="-1.8579488372030386"><ele>561.65002441</ele></trkpt><trkpt lat="42.98027947087226" lon="-1.8578224765257667"><ele>559.94000244</ele></trkpt><trkpt lat="42.98012512589951" lon="-1.8576961164754582"><ele>558.46002197</ele></trkpt><trkpt lat="42.980113970115774" lon="-1.8576869834214387"><ele>558.34002686</ele></trkpt><trkpt lat="42.98006250020709" lon="-1.8576414263379906"><ele>557.63000488</ele></trkpt><trkpt lat="42.979911502331916" lon="-1.8575077755136715"><ele>556.15997314</ele></trkpt><trkpt lat="42.97976050430429" lon="-1.8573741253390168"><ele>554.54998779</ele></trkpt><trkpt lat="42.97960950612422" lon="-1.857240475814008"><ele>552.73999023</ele></trkpt><trkpt lat="42.97945850779169" lon="-1.8571068269386388"><ele>551.2199707</ele></trkpt><trkpt lat="42.97930750930669" lon="-1.8569731787129333"><ele>549.77001953</ele></trkpt><trkpt lat="42.97915651066926" lon="-1.8568395311368553"><ele>548.11999512</ele></trkpt><trkpt lat="42.97910504043104" lon="-1.856793975457542"><ele>547.53997803</ele></trkpt><trkpt lat="42.979104637974245" lon="-1.8567936132006944"><ele>547.53997803</ele></trkpt><trkpt lat="42.97895440099309" lon="-1.856658383243197"><ele>545.77001953</ele></trkpt><trkpt lat="42.97895399853588" lon="-1.8566580209881098"><ele>545.77001953</ele></trkpt><trkpt lat="42.97892280302557" lon="-1.8566138172622675"><ele>545.65997314</ele></trkpt><trkpt lat="42.97879801152695" lon="-1.8564369896422983"><ele>543.80999756</ele></trkpt><trkpt lat="42.97867321976069" lon="-1.8562601627380908"><ele>542.16998291</ele></trkpt><trkpt lat="42.97864202409983" lon="-1.856215959414836"><ele>541.76000977</ele></trkpt><trkpt lat="42.9786080633891" lon="-1.8561866431305043"><ele>541.34997559</ele></trkpt><trkpt lat="42.978455959892464" lon="-1.856055341597806"><ele>539.83001709</ele></trkpt><trkpt lat="42.978421999141574" lon="-1.8560260254889807"><ele>539.44000244</ele></trkpt><trkpt lat="42.978419724354794" lon="-1.8560249122462746"><ele>539.44000244</ele></trkpt><trkpt lat="42.9782502501152" lon="-1.8559419746217682"><ele>537.90002441</ele></trkpt><trkpt lat="42.978080775815826" lon="-1.8558590374442254"><ele>536.02001953</ele></trkpt><trkpt lat="42.977911301456686" lon="-1.8557761007136166"><ele>534.61999512</ele></trkpt><trkpt lat="42.97790902666747" lon="-1.8557749874889855"><ele>534.61999512</ele></trkpt><trkpt lat="42.97785882494972" lon="-1.8557446790005783"><ele>534.05999756</ele></trkpt><trkpt lat="42.977694192640705" lon="-1.8556452852377983"><ele>532.69000244</ele></trkpt><trkpt lat="42.97764399088919" lon="-1.8556149769574428"><ele>532.26000977</ele></trkpt><trkpt lat="42.97761072204365" lon="-1.8555884547588908"><ele>531.88000488</ele></trkpt><trkpt lat="42.977455306972814" lon="-1.8554645570192563"><ele>530.69000244</ele></trkpt><trkpt lat="42.97742203809321" lon="-1.855438034981489"><ele>530.42999268</ele></trkpt><trkpt lat="42.977419979417284" lon="-1.855435761803313"><ele>530.36999512</ele></trkpt><trkpt lat="42.977280095675724" lon="-1.8552813034460771"><ele>529.2199707</ele></trkpt><trkpt lat="42.97727803699674" lon="-1.8552790302783218"><ele>529.2199707</ele></trkpt><trkpt lat="42.97726110927806" lon="-1.8552525281312449"><ele>529.11999512</ele></trkpt><trkpt lat="42.97714291703992" lon="-1.8550674862590102"><ele>527.88000488</ele></trkpt><trkpt lat="42.97712598927319" lon="-1.8550409842282558"><ele>527.65002441</ele></trkpt><trkpt lat="42.977113630754715" lon="-1.8550198672714888"><ele>527.54998779</ele></trkpt><trkpt lat="42.977001387532404" lon="-1.8548280783628566"><ele>526.52001953</ele></trkpt><trkpt lat="42.97698902897535" lon="-1.854806961491699"><ele>526.42999268</ele></trkpt><trkpt lat="42.976984716162626" lon="-1.8547900941260393"><ele>526.42999268</ele></trkpt><trkpt lat="42.97692549441647" lon="-1.8545584797112213"><ele>525.05999756</ele></trkpt><trkpt lat="42.97686627220611" lon="-1.8543268657498646"><ele>524.01000977</ele></trkpt><trkpt lat="42.976861959323294" lon="-1.8543099984526588"><ele>523.90002441</ele></trkpt><trkpt lat="42.97684932361783" lon="-1.8542423765654037"><ele>523.59002686</ele></trkpt><trkpt lat="42.97680491088597" lon="-1.8540046970298947"><ele>522.52001953</ele></trkpt><trkpt lat="42.97676049766409" lon="-1.8537670178464418"><ele>521.44000244</ele></trkpt><trkpt lat="42.97671608395219" lon="-1.8535293390150953"><ele>520.2800293</ele></trkpt><trkpt lat="42.976671669750296" lon="-1.853291660535837"><ele>519.22998047</ele></trkpt><trkpt lat="42.976659033447504" lon="-1.8532240390777541"><ele>518.91998291</ele></trkpt><trkpt lat="42.97665030913244" lon="-1.853177050899582"><ele>518.71002197</ele></trkpt><trkpt lat="42.97660616186267" lon="-1.8529392804689078"><ele>517.55999756</ele></trkpt><trkpt lat="42.9765620141025" lon="-1.8527015103884101"><ele>516.36999512</ele></trkpt><trkpt lat="42.976517865851925" lon="-1.8524637406581088"><ele>515.41998291</ele></trkpt><trkpt lat="42.97647371711095" lon="-1.8522259712779983"><ele>514.57000732</ele></trkpt><trkpt lat="42.97646499238907" lon="-1.8521789833903244"><ele>514.33001709</ele></trkpt><trkpt lat="42.97645401319888" lon="-1.8521410579316884"><ele>514.16998291</ele></trkpt><trkpt lat="42.976387961683194" lon="-1.8519128971246412"><ele>513.48999023</ele></trkpt><trkpt lat="42.97637698240578" lon="-1.8518749717622929"><ele>513.33001709</ele></trkpt><trkpt lat="42.97635124032127" lon="-1.8517952387269188"><ele>513.09002686</ele></trkpt><trkpt lat="42.97627875635184" lon="-1.8515707295558494"><ele>512.51000977</ele></trkpt><trkpt lat="42.97625301405787" lon="-1.851490996778004"><ele>512.33001709</ele></trkpt><trkpt lat="42.976213846203" lon="-1.8514162850527038"><ele>512.21002197</ele></trkpt><trkpt lat="42.97610920514252" lon="-1.8512166857051093"><ele>511.64001465</ele></trkpt><trkpt lat="42.97607003711164" lon="-1.8511419743299469"><ele>511.44000244</ele></trkpt><trkpt lat="42.97605386904026" lon="-1.851114600267459"><ele>511.51998901</ele></trkpt><trkpt lat="42.97594099791698" lon="-1.850923499565299"><ele>511.16000366</ele></trkpt><trkpt lat="42.97582812648052" lon="-1.8507323995647096"><ele>504.05999756</ele></trkpt><trkpt lat="42.975811958312974" lon="-1.8507050257176176"><ele>504.04000854</ele></trkpt><trkpt lat="42.97576019690239" lon="-1.8506209581059512"><ele>506.22000122</ele></trkpt><trkpt lat="42.97564448820467" lon="-1.8504330322194156"><ele>510.52999878</ele></trkpt><trkpt lat="42.97552877920424" lon="-1.8502451070396504"><ele>510.29000854</ele></trkpt><trkpt lat="42.975477017462254" lon="-1.850161040201781"><ele>510.16000366</ele></trkpt><trkpt lat="42.97544781226865" lon="-1.8500851304454102"><ele>510.08999634</ele></trkpt><trkpt lat="42.975364233407916" lon="-1.8498678944809632"><ele>509.95001221</ele></trkpt><trkpt lat="42.97533502802253" lon="-1.849791985005134"><ele>509.8999939</ele></trkpt><trkpt lat="42.97530805099304" lon="-1.8497308481416244"><ele>509.8500061</ele></trkpt><trkpt lat="42.9752152930279" lon="-1.849520635784676"><ele>509.73999023</ele></trkpt><trkpt lat="42.97512253468252" lon="-1.849310424065074"><ele>509.47000122</ele></trkpt><trkpt lat="42.97502977595685" lon="-1.849100212982798"><ele>509.42999268</ele></trkpt><trkpt lat="42.97493701685093" lon="-1.848890002537852"><ele>509.33999634</ele></trkpt><trkpt lat="42.97484425736475" lon="-1.8486797927302345"><ele>509.29000854</ele></trkpt><trkpt lat="42.97475149749832" lon="-1.848469583559933"><ele>509.25</ele></trkpt><trkpt lat="42.97465873725164" lon="-1.8482593750269614"><ele>509.17001343</ele></trkpt><trkpt lat="42.97456597662472" lon="-1.848049167131325"><ele>509.10998535</ele></trkpt><trkpt lat="42.974538998678334" lon="-1.847988031804564"><ele>509.04000854</ele></trkpt><trkpt lat="42.97452886916811" lon="-1.8479653889137784"><ele>509.01998901</ele></trkpt><trkpt lat="42.9744351747571" lon="-1.8477559509513475"><ele>508.95001221</ele></trkpt><trkpt lat="42.97434147996871" lon="-1.8475465136301463"><ele>508.89001465</ele></trkpt><trkpt lat="42.974247784802884" lon="-1.8473370769501793"><ele>508.83999634</ele></trkpt><trkpt lat="42.974154089259706" lon="-1.847127640911444"><ele>508.94000244</ele></trkpt><trkpt lat="42.97414395958185" lon="-1.847104998305446"><ele>508.95999146</ele></trkpt><trkpt lat="42.97411362346183" lon="-1.847065800391394"><ele>508.94000244</ele></trkpt><trkpt lat="42.97398298531636" lon="-1.8468970008360874"><ele>508.79000854</ele></trkpt><trkpt lat="42.973852346927295" lon="-1.8467282019949236"><ele>508.51998901</ele></trkpt><trkpt lat="42.97382201068102" lon="-1.8466890044510373"><ele>508.36999512</ele></trkpt><trkpt lat="42.97376049350272" lon="-1.8466327405752208"><ele>508.17001343</ele></trkpt><trkpt lat="42.97361099642754" lon="-1.846496010474822"><ele>507.41000366</ele></trkpt><trkpt lat="42.973461499192894" lon="-1.8463592810326608"><ele>506.76998901</ele></trkpt><trkpt lat="42.973399981856346" lon="-1.8463030178099884"><ele>506.48001099</ele></trkpt><trkpt lat="42.973359409269875" lon="-1.8462709987887211"><ele>506.33999634</ele></trkpt><trkpt lat="42.973203598082506" lon="-1.8461480363695564"><ele>505.64001465</ele></trkpt><trkpt lat="42.97316302545369" lon="-1.8461160175502358"><ele>505.48999023</ele></trkpt><trkpt lat="42.9731367590317" lon="-1.8461042722880596"><ele>505.35998535</ele></trkpt><trkpt lat="42.972965663396955" lon="-1.8460277656191397"><ele>503.1000061</ele></trkpt><trkpt lat="42.97279456771096" lon="-1.8459512593653091"><ele>499.17999268</ele></trkpt><trkpt lat="42.97262347197376" lon="-1.845874753526575"><ele>503.94000244</ele></trkpt><trkpt lat="42.97245237618531" lon="-1.845798248102932"><ele>503.44000244</ele></trkpt><trkpt lat="42.97228128034565" lon="-1.8457217430943624"><ele>503.04998779</ele></trkpt><trkpt lat="42.972255013883114" lon="-1.8457099981606075"><ele>503.02999878</ele></trkpt><trkpt lat="42.9721757788108" lon="-1.8456773858206987"><ele>502.79000854</ele></trkpt><trkpt lat="42.97200339715048" lon="-1.8456064355999806"><ele>502.42999268</ele></trkpt><trkpt lat="42.971831015445694" lon="-1.8455354857661723"><ele>502.11999512</ele></trkpt><trkpt lat="42.971658633696435" lon="-1.8454645363193014"><ele>501.79998779</ele></trkpt><trkpt lat="42.97148625190271" lon="-1.8453935872593124"><ele>501.41000366</ele></trkpt><trkpt lat="42.97140701673924" lon="-1.845360975712534"><ele>501.29000854</ele></trkpt><trkpt lat="42.97139373993773" lon="-1.845352912899629"><ele>501.26000977</ele></trkpt><trkpt lat="42.97122926997495" lon="-1.8452530329397818"><ele>501.11999512</ele></trkpt><trkpt lat="42.971215993165984" lon="-1.8452449701726508"><ele>501.04998779</ele></trkpt><trkpt lat="42.971190134641496" lon="-1.8452008374108149"><ele>500.92999268</ele></trkpt><trkpt lat="42.97107781793463" lon="-1.8450091471702155"><ele>500.61999512</ele></trkpt><trkpt lat="42.97105195932089" lon="-1.8449650146067174"><ele>500.6499939</ele></trkpt><trkpt lat="42.97103838021068" lon="-1.8449161921131139"><ele>500.54998779</ele></trkpt><trkpt lat="42.970974594899126" lon="-1.8446868589329768"><ele>500.29000854</ele></trkpt><trkpt lat="42.97096101567149" lon="-1.8446380365639887"><ele>500.25</ele></trkpt><trkpt lat="42.97095565710761" lon="-1.8446192844524627"><ele>500.25</ele></trkpt><trkpt lat="42.97089035041369" lon="-1.8443907470251608"><ele>500.05999756</ele></trkpt><trkpt lat="42.970884991809726" lon="-1.8443719949573214"><ele>500.02999878</ele></trkpt><trkpt lat="42.970862511020364" lon="-1.8443402579085784"><ele>499.98999023</ele></trkpt><trkpt lat="42.97073748765932" lon="-1.8441637579664707"><ele>499.73999023</ele></trkpt><trkpt lat="42.970715006813386" lon="-1.8441320210695362"><ele>499.67001343</ele></trkpt><trkpt lat="42.970649303275046" lon="-1.8440512259527968"><ele>499.51000977</ele></trkpt><trkpt lat="42.97051564901131" lon="-1.8438868731130464"><ele>499.25</ele></trkpt><trkpt lat="42.97038199451675" lon="-1.8437225209840045"><ele>499.01000977</ele></trkpt><trkpt lat="42.970248339791425" lon="-1.843558169565685"><ele>498.67999268</ele></trkpt><trkpt lat="42.97011468483532" lon="-1.8433938188580907"><ele>498.3999939</ele></trkpt><trkpt lat="42.97004898078741" lon="-1.8433130253106405"><ele>498.26998901</ele></trkpt><trkpt lat="42.970005974186485" lon="-1.8432574827479946"><ele>498.19000244</ele></trkpt><trkpt lat="42.969875309961594" lon="-1.8430887319899771"><ele>497.92999268</ele></trkpt><trkpt lat="42.96974464549329" lon="-1.8429199819459203"><ele>497.79000854</ele></trkpt><trkpt lat="42.96961398078158" lon="-1.8427512326158197"><ele>497.66000366</ele></trkpt><trkpt lat="42.96948331582645" lon="-1.8425824839996678"><ele>497.45999146</ele></trkpt><trkpt lat="42.96935265062793" lon="-1.84241373609745"><ele>497.26000977</ele></trkpt><trkpt lat="42.969221985186" lon="-1.8422449889091719"><ele>497.1000061</ele></trkpt><trkpt lat="42.96909131950067" lon="-1.8420762424348334"><ele>497.01000977</ele></trkpt><trkpt lat="42.968960653571955" lon="-1.8419074966744124"><ele>496.88000488</ele></trkpt><trkpt lat="42.96882998739986" lon="-1.841738751627906"><ele>496.70999146</ele></trkpt><trkpt lat="42.96869932098436" lon="-1.8415700072953434"><ele>496.57998657</ele></trkpt><trkpt lat="42.96856865432548" lon="-1.8414012636766643"><ele>496.3999939</ele></trkpt><trkpt lat="42.968437987423236" lon="-1.841232520771903"><ele>496.19000244</ele></trkpt><trkpt lat="42.968394979834564" lon="-1.8411769811064094"><ele>496.19000244</ele></trkpt><trkpt lat="42.96839373721587" lon="-1.8411754076348492"><ele>496.19000244</ele></trkpt><trkpt lat="42.968261860807644" lon="-1.8410084190451899"><ele>496.04998779</ele></trkpt><trkpt lat="42.96812998416112" lon="-1.8408414311683101"><ele>495.82998657</ele></trkpt><trkpt lat="42.967998107276316" lon="-1.8406744440042115"><ele>495.67001343</ele></trkpt><trkpt lat="42.96786623015321" lon="-1.8405074575529061"><ele>495.63000488</ele></trkpt><trkpt lat="42.967734352791844" lon="-1.840340471814385"><ele>495.5</ele></trkpt><trkpt lat="42.967602475192166" lon="-1.8401734867886101"><ele>495.29998779</ele></trkpt><trkpt lat="42.967470597354236" lon="-1.8400065024756145"><ele>495.10998535</ele></trkpt><trkpt lat="42.96733871927803" lon="-1.8398395188753782"><ele>494.95001221</ele></trkpt><trkpt lat="42.96720684096355" lon="-1.8396725359878916"><ele>494.83999634</ele></trkpt><trkpt lat="42.9670749624108" lon="-1.8395055538131675"><ele>494.6499939</ele></trkpt><trkpt lat="42.96694308361979" lon="-1.8393385723511717"><ele>494.51998901</ele></trkpt><trkpt lat="42.96681120459051" lon="-1.8391715916019167"><ele>494.3999939</ele></trkpt><trkpt lat="42.96680996194483" lon="-1.8391700182110118"><ele>494.3999939</ele></trkpt><trkpt lat="42.96676167536126" lon="-1.8391067203409257"><ele>494.36999512</ele></trkpt><trkpt lat="42.96663194045956" lon="-1.8389366542906584"><ele>494.29998779</ele></trkpt><trkpt lat="42.96650220531062" lon="-1.8387665889548719"><ele>494.29998779</ele></trkpt><trkpt lat="42.966372469914454" lon="-1.8385965243335618"><ele>494.05999756</ele></trkpt><trkpt lat="42.966242734271056" lon="-1.838426460426751"><ele>493.95001221</ele></trkpt><trkpt lat="42.966112998380446" lon="-1.8382563972344261"><ele>493.88000488</ele></trkpt><trkpt lat="42.96598326224262" lon="-1.838086334756565"><ele>493.77999878</ele></trkpt><trkpt lat="42.96593497507273" lon="-1.8380230385810152"><ele>493.66000366</ele></trkpt><trkpt lat="42.96592638023563" lon="-1.8380068251933255"><ele>493.63000488</ele></trkpt><trkpt lat="42.965820981388084" lon="-1.8378080004559014"><ele>493.60998535</ele></trkpt><trkpt lat="42.96571558220117" lon="-1.8376091764010936"><ele>493.48999023</ele></trkpt><trkpt lat="42.96570698730647" lon="-1.8375929631292758"><ele>493.48999023</ele></trkpt><trkpt lat="42.96570195816457" lon="-1.8375779595226045"><ele>493.44000244</ele></trkpt><trkpt lat="42.96566880408707" lon="-1.8375193078478944"><ele>493.42001343</ele></trkpt><trkpt lat="42.96555896317091" lon="-1.8373249930963707"><ele>493.26998901</ele></trkpt><trkpt lat="42.96544912193089" lon="-1.8371306790393709"><ele>492.95999146</ele></trkpt><trkpt lat="42.96541596762836" lon="-1.837072027847177"><ele>492.91000366</ele></trkpt><trkpt lat="42.96539742006805" lon="-1.8370367960410847"><ele>492.70999146</ele></trkpt><trkpt lat="42.96529250243075" lon="-1.8368375017247844"><ele>492.26000977</ele></trkpt><trkpt lat="42.96518758445246" lon="-1.836638208089668"><ele>491.79998779</ele></trkpt><trkpt lat="42.965169036760926" lon="-1.836602976545697"><ele>491.73999023</ele></trkpt><trkpt lat="42.96516605645094" lon="-1.8365932030826537"><ele>491.73999023</ele></trkpt><trkpt lat="42.96509699905747" lon="-1.8363667411274809"><ele>491.44000244</ele></trkpt><trkpt lat="42.96509401872755" lon="-1.8363569676876115"><ele>491.38000488</ele></trkpt><trkpt lat="42.965135006234036" lon="-1.836178014054885"><ele>493.79998779</ele></trkpt><trkpt lat="42.965140600615065" lon="-1.8361571717221794"><ele>494.36999512</ele></trkpt><trkpt lat="42.965202418275986" lon="-1.8359268636743478"><ele>491.20999146</ele></trkpt><trkpt lat="42.96520801261068" lon="-1.8359060212969824"><ele>491.08999634</ele></trkpt><trkpt lat="42.96525201760231" lon="-1.8357500340789612"><ele>491.57998657</ele></trkpt><trkpt lat="42.96522100456058" lon="-1.835596980527037"><ele>492.1499939</ele></trkpt><trkpt lat="42.96520741605488" lon="-1.8355736144411858"><ele>492.22000122</ele></trkpt><trkpt lat="42.96509562115491" lon="-1.8353813784581845"><ele>493.82000732</ele></trkpt><trkpt lat="42.96508203260601" lon="-1.8353580124676223"><ele>494</ele></trkpt><trkpt lat="42.965040183568576" lon="-1.8352829734304061"><ele>493.73001099</ele></trkpt><trkpt lat="42.96493127450673" lon="-1.8350876907046199"><ele>493.27999878</ele></trkpt><trkpt lat="42.96482236511773" lon="-1.834892408671017"><ele>496.07998657</ele></trkpt><trkpt lat="42.96471345540158" lon="-1.834697127329591"><ele>496.42999268</ele></trkpt><trkpt lat="42.964604545358284" lon="-1.8345018466803669"><ele>496.5</ele></trkpt><trkpt lat="42.96449563498785" lon="-1.834306566723322"><ele>496.45001221</ele></trkpt><trkpt lat="42.96438672429029" lon="-1.83411128745845"><ele>496.20999146</ele></trkpt><trkpt lat="42.9642778132656" lon="-1.8339160088857764"><ele>495.70999146</ele></trkpt><trkpt lat="42.964235963299885" lon="-1.833840971812611"><ele>495.54000854</ele></trkpt><trkpt lat="42.964198425516344" lon="-1.8337765465352756"><ele>495.25</ele></trkpt><trkpt lat="42.96408650096533" lon="-1.8335844537043458"><ele>494.20001221</ele></trkpt><trkpt lat="42.96404896304009" lon="-1.8335200287401667"><ele>493.79000854</ele></trkpt><trkpt lat="42.96398912723726" lon="-1.8334306388364938"><ele>493.25</ele></trkpt><trkpt lat="42.9638678193338" lon="-1.833249415377217"><ele>492.57000732</ele></trkpt><trkpt lat="42.96380798332393" lon="-1.833160025998947"><ele>492.35998535</ele></trkpt><trkpt lat="42.96378083264417" lon="-1.833121480790267"><ele>492.22000122</ele></trkpt><trkpt lat="42.96365618044203" lon="-1.8329445155328121"><ele>492.08999634</ele></trkpt><trkpt lat="42.963629029691205" lon="-1.8329059705138262"><ele>492.1000061</ele></trkpt><trkpt lat="42.963603709663836" lon="-1.8328689364934778"><ele>492.01000977</ele></trkpt><trkpt lat="42.96348100548173" lon="-1.83268946543514"><ele>492.07000732</ele></trkpt><trkpt lat="42.96335830102406" lon="-1.832509995091117"><ele>492.29000854</ele></trkpt><trkpt lat="42.96333298087119" lon="-1.8324729613959776"><ele>492.32000732</ele></trkpt><trkpt lat="42.96328914930031" lon="-1.8324004535429312"><ele>492.30999756</ele></trkpt><trkpt lat="42.963174704967" lon="-1.8322111362087343"><ele>492.26000977</ele></trkpt><trkpt lat="42.96306026032656" lon="-1.832021819578698"><ele>492.01998901</ele></trkpt><trkpt lat="42.96294581537897" lon="-1.8318325036528547"><ele>491.54998779</ele></trkpt><trkpt lat="42.96290198341012" lon="-1.8317599967122056"><ele>491.30999756</ele></trkpt><trkpt lat="42.9628749625308" lon="-1.831715208683962"><ele>491.10998535</ele></trkpt><trkpt lat="42.96276065452503" lon="-1.8315257400197145"><ele>490.32000732</ele></trkpt><trkpt lat="42.96264634621163" lon="-1.8313362720593864"><ele>489.32000732</ele></trkpt><trkpt lat="42.962532037590606" lon="-1.831146804802962"><ele>488.6000061</ele></trkpt><trkpt lat="42.962505016475916" lon="-1.831102017313249"><ele>488.36999512</ele></trkpt><trkpt lat="42.96248021654431" lon="-1.8310578688131753"><ele>488.1499939</ele></trkpt><trkpt lat="42.96237081179483" lon="-1.8308631087504164"><ele>487.30999756</ele></trkpt><trkpt lat="42.96234601177275" lon="-1.8308189604431342"><ele>487.14001465</ele></trkpt><trkpt lat="42.962291532011044" lon="-1.8307221268543912"><ele>486.85998535</ele></trkpt><trkpt lat="42.962182020201546" lon="-1.8305274789826593"><ele>486.39001465</ele></trkpt><trkpt lat="42.962072508067095" lon="-1.8303328318045355"><ele>486.02999878</ele></trkpt><trkpt lat="42.96201802790166" lon="-1.8302359990775607"><ele>485.92001343</ele></trkpt><trkpt lat="42.961979640778516" lon="-1.8301634661729784"><ele>485.79000854</ele></trkpt><trkpt lat="42.9618743602569" lon="-1.8299645383365506"><ele>485.69000244</ele></trkpt><trkpt lat="42.96183597296475" lon="-1.829892005771397"><ele>485.6499939</ele></trkpt><trkpt lat="42.96180970858174" lon="-1.82981195399716"><ele>485.52999878</ele></trkpt><trkpt lat="42.96173625755307" lon="-1.829588082299005"><ele>485.27999878</ele></trkpt><trkpt lat="42.96170999296009" lon="-1.8295080307871119"><ele>485.26000977</ele></trkpt><trkpt lat="42.961815018206835" lon="-1.8293729983270106"><ele>485.73001099</ele></trkpt><trkpt lat="42.9618744773572" lon="-1.8293192833535759"><ele>486.13000488</ele></trkpt><trkpt lat="42.96202453442453" lon="-1.829183722294609"><ele>487.32998657</ele></trkpt><trkpt lat="42.962083993479595" lon="-1.829130006954071"><ele>487.64001465</ele></trkpt><trkpt lat="42.96213869572587" lon="-1.8290461519259935"><ele>487.8999939</ele></trkpt><trkpt lat="42.96225828503099" lon="-1.8288628283499244"><ele>488.6000061</ele></trkpt><trkpt lat="42.96231298707425" lon="-1.8287789728492463"><ele>488.80999756</ele></trkpt><trkpt lat="42.96232893556937" lon="-1.828753615014535"><ele>488.88000488</ele></trkpt><trkpt lat="42.96244606886607" lon="-1.8285673743903492"><ele>489.54000854</ele></trkpt><trkpt lat="42.96246201731264" lon="-1.828542016446594"><ele>489.54998779</ele></trkpt><trkpt lat="42.9624876777381" lon="-1.82850389892677"><ele>489.6499939</ele></trkpt><trkpt lat="42.96260935944435" lon="-1.8283231449968833"><ele>490.38000488</ele></trkpt><trkpt lat="42.96263501979411" lon="-1.8282850272953555"><ele>490.51998901</ele></trkpt><trkpt lat="42.96267321735334" lon="-1.828255513608182"><ele>490.70001221</ele></trkpt><trkpt lat="42.96282983918535" lon="-1.828134497890494"><ele>491.63000488</ele></trkpt><trkpt lat="42.962868036702275" lon="-1.828104984015229"><ele>491.72000122</ele></trkpt><trkpt lat="42.962937649473666" lon="-1.8280699657270754"><ele>492.22000122</ele></trkpt><trkpt lat="42.96310657215984" lon="-1.827984989819783"><ele>493.26998901</ele></trkpt><trkpt lat="42.9632754947725" lon="-1.8279000134386738"><ele>494.23999023</ele></trkpt><trkpt lat="42.963444417311656" lon="-1.82781503658369"><ele>495.13000488</ele></trkpt><trkpt lat="42.963514029979684" lon="-1.8277800176292676"><ele>495.6000061</ele></trkpt><trkpt lat="42.96351443740676" lon="-1.8277799343076384"><ele>495.6000061</ele></trkpt><trkpt lat="42.963692522617535" lon="-1.8277435145520418"><ele>496.55999756</ele></trkpt><trkpt lat="42.96387060780879" lon="-1.827707094575264"><ele>497.39001465</ele></trkpt><trkpt lat="42.96387101523577" lon="-1.827707011252639"><ele>497.39001465</ele></trkpt><trkpt lat="42.96391208526791" lon="-1.8277043442080307"><ele>498.33999634</ele></trkpt><trkpt lat="42.964091963498895" lon="-1.8276926630561174"><ele>498.94000244</ele></trkpt><trkpt lat="42.9641330335289" lon="-1.8276899959892012"><ele>499.26000977</ele></trkpt><trkpt lat="42.964160048068806" lon="-1.8276873991984173"><ele>499.45001221</ele></trkpt><trkpt lat="42.96433968366315" lon="-1.8276701315413522"><ele>500.38000488</ele></trkpt><trkpt lat="42.96451931924815" lon="-1.8276528637723675"><ele>501.41000366</ele></trkpt><trkpt lat="42.96469895482382" lon="-1.827635595891453"><ele>502.45999146</ele></trkpt><trkpt lat="42.964725969359264" lon="-1.827632999047634"><ele>502.61999512</ele></trkpt><trkpt lat="42.96478146312764" lon="-1.8276270914990904"><ele>502.79998779</ele></trkpt><trkpt lat="42.96496099793281" lon="-1.8276079791716988"><ele>504.20999146</ele></trkpt><trkpt lat="42.965140532727936" lon="-1.8275888667217381"><ele>505.07000732</ele></trkpt><trkpt lat="42.965196026489146" lon="-1.8275829590856967"><ele>505.29000854</ele></trkpt><trkpt lat="42.965268103348606" lon="-1.8275502388632725"><ele>505.66000366</ele></trkpt><trkpt lat="42.96543894158846" lon="-1.827472684303091"><ele>506.6000061</ele></trkpt><trkpt lat="42.96551101841034" lon="-1.827439963817589"><ele>507.10998535</ele></trkpt><trkpt lat="42.96556996604275" lon="-1.8273914253220649"><ele>507.57000732</ele></trkpt><trkpt lat="42.96572406361636" lon="-1.8272645381982606"><ele>508.55999756</ele></trkpt><trkpt lat="42.96578301116824" lon="-1.8272159993648482"><ele>508.98001099</ele></trkpt><trkpt lat="42.96579146021418" lon="-1.8271945470702269"><ele>509.01998901</ele></trkpt><trkpt lat="42.96587656992935" lon="-1.8269784509158011"><ele>509.82998657</ele></trkpt><trkpt lat="42.96588501892983" lon="-1.826956998556848"><ele>509.8500061</ele></trkpt><trkpt lat="42.9659430216998" lon="-1.826792964711785"><ele>510.57000732</ele></trkpt><trkpt lat="42.96597998589277" lon="-1.8266320321709018"><ele>511.6499939</ele></trkpt><trkpt lat="42.96598803251982" lon="-1.8264010269194753"><ele>512.65997314</ele></trkpt><trkpt lat="42.96597977098848" lon="-1.8263377166635588"><ele>512.25</ele></trkpt><trkpt lat="42.96594826591365" lon="-1.8260962877219682"><ele>513.34997559</ele></trkpt><trkpt lat="42.96594000421463" lon="-1.8260329775512236"><ele>513.69000244</ele></trkpt><trkpt lat="42.9659280180931" lon="-1.8258220050484004"><ele>514.80999756</ele></trkpt><trkpt lat="42.96592741057288" lon="-1.8258175413832731"><ele>514.80999756</ele></trkpt><trkpt lat="42.965894595095975" lon="-1.8255764365368832"><ele>515.90997314</ele></trkpt><trkpt lat="42.96589398756623" lon="-1.8255719728767896"><ele>515.90997314</ele></trkpt><trkpt lat="42.965828021988244" lon="-1.8253900017589417"><ele>516.64001465</ele></trkpt><trkpt lat="42.96582237119298" lon="-1.8253744177783249"><ele>516.64001465</ele></trkpt><trkpt lat="42.96574264534674" lon="-1.8251545476959086"><ele>517.64001465</ele></trkpt><trkpt lat="42.96573699451982" lon="-1.8251389637589521"><ele>517.70001221</ele></trkpt><trkpt lat="42.96564496122303" lon="-1.825075009837738"><ele>517.96002197</ele></trkpt><trkpt lat="42.965633836971264" lon="-1.8250599494533866"><ele>517.96002197</ele></trkpt><trkpt lat="42.965506133251196" lon="-1.824887060459546"><ele>518.84002686</ele></trkpt><trkpt lat="42.96549500897527" lon="-1.8248720001429315"><ele>518.91998291</ele></trkpt><trkpt lat="42.965372968465076" lon="-1.8246959801763227"><ele>519.65997314</ele></trkpt><trkpt lat="42.96524698846042" lon="-1.8246119935065548"><ele>520.28997803</ele></trkpt><trkpt lat="42.965146992355585" lon="-1.8245020229369484"><ele>520.83001709</ele></trkpt><trkpt lat="42.96507499180735" lon="-1.8243539985269333"><ele>521.66998291</ele></trkpt><trkpt lat="42.96505001373588" lon="-1.824130034074183"><ele>523.04998779</ele></trkpt><trkpt lat="42.96504213507778" lon="-1.8240303991600775"><ele>523.61999512</ele></trkpt><trkpt lat="42.965022856336745" lon="-1.8237866014924746"><ele>524.90997314</ele></trkpt><trkpt lat="42.96501497738065" lon="-1.823686966672545"><ele>525.47998047</ele></trkpt><trkpt lat="42.96499676297835" lon="-1.823616176623574"><ele>525.94000244</ele></trkpt><trkpt lat="42.964937219176655" lon="-1.8233847618484262"><ele>527.2199707</ele></trkpt><trkpt lat="42.96491900458932" lon="-1.8233139719814118"><ele>527.76000977</ele></trkpt><trkpt lat="42.96489437398763" lon="-1.823232784979269"><ele>528.17999268</ele></trkpt><trkpt lat="42.96482561821017" lon="-1.8230061546076868"><ele>529.58001709</ele></trkpt><trkpt lat="42.96480098739266" lon="-1.8229249678552104"><ele>530</ele></trkpt><trkpt lat="42.964798142498324" lon="-1.8229158108734238"><ele>530.04998779</ele></trkpt><trkpt lat="42.964727981254434" lon="-1.822689980917495"><ele>531.16998291</ele></trkpt><trkpt lat="42.964657819570185" lon="-1.8224641514830127"><ele>532.46002197</ele></trkpt><trkpt lat="42.964654974639416" lon="-1.8224549945443844"><ele>532.46002197</ele></trkpt><trkpt lat="42.96463856440261" lon="-1.8224273457370135"><ele>532.59997559</ele></trkpt><trkpt lat="42.96452537217473" lon="-1.8222366343771557"><ele>533.67999268</ele></trkpt><trkpt lat="42.96450896188617" lon="-1.8222089856862995"><ele>533.85998535</ele></trkpt><trkpt lat="42.96448975916321" lon="-1.8221718954926747"><ele>534.08001709</ele></trkpt><trkpt lat="42.964385999608744" lon="-1.8219714839840946"><ele>535.09002686</ele></trkpt><trkpt lat="42.96428223970948" lon="-1.8217710731531451"><ele>535.98999023</ele></trkpt><trkpt lat="42.96426303684712" lon="-1.821733983233572"><ele>536.17999268</ele></trkpt><trkpt lat="42.964261365770135" lon="-1.821731464189938"><ele>536.17999268</ele></trkpt><trkpt lat="42.964140655761106" lon="-1.8215495020074475"><ele>536.98999023</ele></trkpt><trkpt lat="42.96413898468015" lon="-1.821546982973815"><ele>537</ele></trkpt><trkpt lat="42.964100597306825" lon="-1.8214843574848985"><ele>537.38000488</ele></trkpt><trkpt lat="42.963985205693454" lon="-1.8212961074210614"><ele>538.30999756</ele></trkpt><trkpt lat="42.96386981377652" lon="-1.8211078580631104"><ele>539.36999512</ele></trkpt><trkpt lat="42.96375442155601" lon="-1.820919609411051"><ele>540.16998291</ele></trkpt><trkpt lat="42.963716033846104" lon="-1.8208569847047367"><ele>540.60998535</ele></trkpt><trkpt lat="42.9636300355196" lon="-1.820670990273359"><ele>541.85998535</ele></trkpt><trkpt lat="42.963635059406215" lon="-1.8206404133408702"><ele>541.96002197</ele></trkpt><trkpt lat="42.96367437460701" lon="-1.8204011269357796"><ele>542.84997559</ele></trkpt><trkpt lat="42.963713689303596" lon="-1.8201618402363962"><ele>543.61999512</ele></trkpt><trkpt lat="42.963753003495945" lon="-1.8199225532427106"><ele>544.47998047</ele></trkpt><trkpt lat="42.963758027181036" lon="-1.8198919761926016"><ele>544.60998535</ele></trkpt><trkpt lat="42.963759314099335" lon="-1.8198843775285112"><ele>544.67999268</ele></trkpt><trkpt lat="42.96379977945544" lon="-1.8196454464157914"><ele>545.7800293</ele></trkpt><trkpt lat="42.963840244308706" lon="-1.819406515000261"><ele>546.9699707</ele></trkpt><trkpt lat="42.9638807086591" lon="-1.8191675832819265"><ele>548.14001465</ele></trkpt><trkpt lat="42.963881995528936" lon="-1.8191599845886306"><ele>548.14001465</ele></trkpt><trkpt lat="42.963890489143516" lon="-1.8190590953967694"><ele>548.38000488</ele></trkpt><trkpt lat="42.963910997434404" lon="-1.8188154885188046"><ele>549.33001709</ele></trkpt><trkpt lat="42.96393150520474" lon="-1.8185718814902891"><ele>550.46002197</ele></trkpt><trkpt lat="42.96393999829888" lon="-1.818470992147916"><ele>550.91998291</ele></trkpt><trkpt lat="42.963942732447336" lon="-1.8184200867744584"><ele>551.14001465</ele></trkpt><trkpt lat="42.96395586696609" lon="-1.8181755375643776"><ele>552.21002197</ele></trkpt><trkpt lat="42.96396900096099" lon="-1.817930988261731"><ele>553.40002441</ele></trkpt><trkpt lat="42.96398213443204" lon="-1.8176864388665452"><ele>554.44000244</ele></trkpt><trkpt lat="42.963995267379254" lon="-1.8174418893787978"><ele>555.13000488</ele></trkpt><trkpt lat="42.96399800106882" lon="-1.8173909839242623"><ele>555.15997314</ele></trkpt><trkpt lat="42.964079976081855" lon="-1.8171940091997398"><ele>555.23999023</ele></trkpt><trkpt lat="42.96419598162174" lon="-1.817097030580036"><ele>555.4699707</ele></trkpt><trkpt lat="42.96420398982302" lon="-1.8170967840695202"><ele>555.45001221</ele></trkpt><trkpt lat="42.964384026135924" lon="-1.8170912421223213"><ele>555.70001221</ele></trkpt><trkpt lat="42.96439203433692" lon="-1.8170909956097647"><ele>555.70001221</ele></trkpt><trkpt lat="42.96451197937131" lon="-1.8172090128064118"><ele>555.86999512</ele></trkpt><trkpt lat="42.96459102071821" lon="-1.8173469789326295"><ele>556.21002197</ele></trkpt><trkpt lat="42.96459601910362" lon="-1.8173625873173374"><ele>556.21002197</ele></trkpt><trkpt lat="42.96466799737822" lon="-1.8175873538312428"><ele>556.36999512</ele></trkpt><trkpt lat="42.964672995731235" lon="-1.8176029622554797"><ele>555.34997559</ele></trkpt><trkpt lat="42.96468732760904" lon="-1.8176409350656748"><ele>556.48999023</ele></trkpt><trkpt lat="42.96476964033523" lon="-1.8178590264882306"><ele>556.03997803</ele></trkpt><trkpt lat="42.96478397212923" lon="-1.8178969994187322"><ele>556.73999023</ele></trkpt><trkpt lat="42.964871982112534" lon="-1.8180959858000325"><ele>556.36999512</ele></trkpt><trkpt lat="42.96490508066799" lon="-1.8181562835835303"><ele>557</ele></trkpt><trkpt lat="42.96501289199966" lon="-1.8183526913178416"><ele>558.25</ele></trkpt><trkpt lat="42.965045990422375" lon="-1.818412989377974"><ele>558.36999512</ele></trkpt><trkpt lat="42.96515403315425" lon="-1.8185239657759633"><ele>558.95001221</ele></trkpt><trkpt lat="42.96519242904959" lon="-1.8185516407283362"><ele>558.97998047</ele></trkpt><trkpt lat="42.96535158786679" lon="-1.818666359463746"><ele>559.95001221</ele></trkpt><trkpt lat="42.965389983728514" lon="-1.818694034591318"><ele>560.16998291</ele></trkpt><trkpt lat="42.96555602923036" lon="-1.8187709804624244"><ele>561.15002441</ele></trkpt><trkpt lat="42.96572199091315" lon="-1.8188650254160197"><ele>561.96002197</ele></trkpt><trkpt lat="42.96585199423133" lon="-1.8190190009772773"><ele>562.44000244</ele></trkpt><trkpt lat="42.96588221990814" lon="-1.819076688943023"><ele>562.5300293</ele></trkpt><trkpt lat="42.965986808355396" lon="-1.8192763046793206"><ele>563.44000244</ele></trkpt><trkpt lat="42.96601703390479" lon="-1.8193339928984664"><ele>563.40997314</ele></trkpt><trkpt lat="42.96602565620199" lon="-1.8193492682543992"><ele>561.91998291</ele></trkpt><trkpt lat="42.96613539746809" lon="-1.8195436877648326"><ele>562.08001709</ele></trkpt><trkpt lat="42.966144019737825" lon="-1.819558963179596"><ele>562</ele></trkpt><trkpt lat="42.96615994303087" lon="-1.8195933018767647"><ele>561.86999512</ele></trkpt><trkpt lat="42.966256088177545" lon="-1.819800640428188"><ele>562.60998535</ele></trkpt><trkpt lat="42.966272011399255" lon="-1.8198349792510267"><ele>562.61999512</ele></trkpt><trkpt lat="42.96629303045757" lon="-1.8198901416798865"><ele>563.08001709</ele></trkpt><trkpt lat="42.96637596664689" lon="-1.820107800505331"><ele>565.28997803</ele></trkpt><trkpt lat="42.96639698557555" lon="-1.8201629631221241"><ele>565.88000488</ele></trkpt><trkpt lat="42.96642740813208" lon="-1.8202266786047927"><ele>566.05999756</ele></trkpt><trkpt lat="42.96652556786963" lon="-1.8204322603850875"><ele>566.59997559</ele></trkpt><trkpt lat="42.96655599027872" lon="-1.8204959761351294"><ele>566.90002441</ele></trkpt><trkpt lat="42.96659791913313" lon="-1.8205932473530484"><ele>566.11999512</ele></trkpt><trkpt lat="42.96668907582094" lon="-1.820804723883578"><ele>567.53997803</ele></trkpt><trkpt lat="42.96673100441694" lon="-1.8209019955247656"><ele>568.15002441</ele></trkpt><trkpt lat="42.966746135010226" lon="-1.820935806481531"><ele>568.27001953</ele></trkpt><trkpt lat="42.966839842242265" lon="-1.8211452063475801"><ele>568.90997314</ele></trkpt><trkpt lat="42.96685497276485" lon="-1.82117901742458"><ele>568.94000244</ele></trkpt><trkpt lat="42.96695899218321" lon="-1.8213299755006989"><ele>569.47998047</ele></trkpt><trkpt lat="42.96701213626709" lon="-1.8214168596487696"><ele>569.82000732</ele></trkpt><trkpt lat="42.96712738602311" lon="-1.8216052799363722"><ele>570.22998047</ele></trkpt><trkpt lat="42.96724263547498" lon="-1.8217937009297467"><ele>570.58001709</ele></trkpt><trkpt lat="42.96735788462275" lon="-1.821982122628891"><ele>571.05999756</ele></trkpt><trkpt lat="42.96741102822125" lon="-1.822069007903347"><ele>571.2199707</ele></trkpt><trkpt lat="42.96745527812666" lon="-1.8221390474359973"><ele>571.28997803</ele></trkpt><trkpt lat="42.96757272183025" lon="-1.8223249402171526"><ele>571.65002441</ele></trkpt><trkpt lat="42.96761697158218" lon="-1.8223949801176722"><ele>571.67999268</ele></trkpt><trkpt lat="42.967641700737005" lon="-1.8224325024195425"><ele>571.7800293</ele></trkpt><trkpt lat="42.9677619787142" lon="-1.8226150045580818"><ele>572.30999756</ele></trkpt><trkpt lat="42.96788225640634" lon="-1.8227975074091671"><ele>572.89001465</ele></trkpt><trkpt lat="42.9679069854319" lon="-1.8228350300341793"><ele>573.16998291</ele></trkpt><trkpt lat="42.96796133410415" lon="-1.8229067163872275"><ele>573.4699707</ele></trkpt><trkpt lat="42.968090682958135" lon="-1.8230773293474365"><ele>574.19000244</ele></trkpt><trkpt lat="42.96814503148198" lon="-1.8231490161269943"><ele>574.47998047</ele></trkpt><trkpt lat="42.96818787902411" lon="-1.8231909498823262"><ele>574.69000244</ele></trkpt><trkpt lat="42.96833411126674" lon="-1.8233340640540094"><ele>575.34002686</ele></trkpt><trkpt lat="42.968376958742745" lon="-1.8233759980648794"><ele>575.40997314</ele></trkpt><trkpt lat="42.968399846366886" lon="-1.823400692447666"><ele>575.57000732</ele></trkpt><trkpt lat="42.96854099272139" lon="-1.8235529814817377"><ele>576.29998779</ele></trkpt><trkpt lat="42.96868213887807" lon="-1.8237052712097235"><ele>576.4699707</ele></trkpt><trkpt lat="42.968705026432865" lon="-1.823729965835804"><ele>576.63000488</ele></trkpt><trkpt lat="42.96871394391302" lon="-1.8237441607331992"><ele>577.67999268</ele></trkpt><trkpt lat="42.96883100660973" lon="-1.8239305024587984"><ele>577.92999268</ele></trkpt><trkpt lat="42.968948069009095" lon="-1.824116844893091"><ele>578.69000244</ele></trkpt><trkpt lat="42.968956986442215" lon="-1.8241310399025743"><ele>578.84002686</ele></trkpt><trkpt lat="42.96896785561617" lon="-1.8241440503717037"><ele>578.84002686</ele></trkpt><trkpt lat="42.96910311033406" lon="-1.8243059516410653"><ele>579.67999268</ele></trkpt><trkpt lat="42.96911397948862" lon="-1.824318962171671"><ele>579.67999268</ele></trkpt><trkpt lat="42.96915627123158" lon="-1.8243465299158406"><ele>580.0300293</ele></trkpt><trkpt lat="42.96931870246355" lon="-1.8244524106069149"><ele>580.73999023</ele></trkpt><trkpt lat="42.96936099417507" lon="-1.824479978531599"><ele>580.84997559</ele></trkpt><trkpt lat="42.9693628100889" lon="-1.824481240481293"><ele>580.84997559</ele></trkpt><trkpt lat="42.96952321210754" lon="-1.8245927104584851"><ele>581.40997314</ele></trkpt><trkpt lat="42.96952502802014" lon="-1.8245939724147353"><ele>581.40997314</ele></trkpt><trkpt lat="42.96954698901056" lon="-1.8245985254910768"><ele>581.44000244</ele></trkpt><trkpt lat="42.96972501982774" lon="-1.824635435958829"><ele>581.78997803</ele></trkpt><trkpt lat="42.969746980816126" lon="-1.8246399890631506"><ele>581.79998779</ele></trkpt><trkpt lat="42.96979229736064" lon="-1.8246484170642332"><ele>581.89001465</ele></trkpt><trkpt lat="42.9699707233675" lon="-1.824681600966436"><ele>582.14001465</ele></trkpt><trkpt lat="42.97001603990793" lon="-1.8246900290250727"><ele>582.14001465</ele></trkpt><trkpt lat="42.97005213052206" lon="-1.8246928864901835"><ele>582.10998535</ele></trkpt><trkpt lat="42.970231909304644" lon="-1.8247071204723142"><ele>582.34997559</ele></trkpt><trkpt lat="42.970267999917255" lon="-1.8247099779546325"><ele>582.36999512</ele></trkpt><trkpt lat="42.97028865348373" lon="-1.8247117558636958"><ele>582.40002441</ele></trkpt><trkpt lat="42.97046837713825" lon="-1.8247272269556787"><ele>582.65002441</ele></trkpt><trkpt lat="42.97048903070388" lon="-1.824729004874823"><ele>582.70001221</ele></trkpt><trkpt lat="42.97049728123731" lon="-1.824729518261922"><ele>582.7199707</ele></trkpt><trkpt lat="42.97067717591168" lon="-1.8247407121854318"><ele>582.95001221</ele></trkpt><trkpt lat="42.97085707058017" lon="-1.8247519061626702"><ele>583.71002197</ele></trkpt><trkpt lat="42.9710369652428" lon="-1.8247631001936482"><ele>583.72998047</ele></trkpt><trkpt lat="42.971216859899535" lon="-1.8247742942783731"><ele>583.65997314</ele></trkpt><trkpt lat="42.9713967545504" lon="-1.8247854884168346"><ele>583.63000488</ele></trkpt><trkpt lat="42.97140500508248" lon="-1.8247860018163877"><ele>583.63000488</ele></trkpt><trkpt lat="42.971483744825264" lon="-1.824796760535745"><ele>583.84002686</ele></trkpt><trkpt lat="42.9716629274807" lon="-1.8248212435137274"><ele>583.96002197</ele></trkpt><trkpt lat="42.97184211012709" lon="-1.824845726622543"><ele>584.01000977</ele></trkpt><trkpt lat="42.972021292764396" lon="-1.8248702098622085"><ele>584.0300293</ele></trkpt><trkpt lat="42.97210003249347" lon="-1.8248809687793273"><ele>584.09002686</ele></trkpt><trkpt lat="42.97210819509432" lon="-1.8248819251272155"><ele>584.09002686</ele></trkpt><trkpt lat="42.97228761462136" lon="-1.8249029463635353"><ele>584.07000732</ele></trkpt><trkpt lat="42.972467034140436" lon="-1.824923967710719"><ele>583.92999268</ele></trkpt><trkpt lat="42.97264645365159" lon="-1.8249449891687286"><ele>583.75</ele></trkpt><trkpt lat="42.9728258731548" lon="-1.824966010737583"><ele>583.64001465</ele></trkpt><trkpt lat="42.972834035754204" lon="-1.8249669671058695"><ele>583.64001465</ele></trkpt><trkpt lat="42.972866448009555" lon="-1.824967504112481"><ele>583.58001709</ele></trkpt><trkpt lat="42.97304651700339" lon="-1.824970487501136"><ele>583.47998047</ele></trkpt><trkpt lat="42.97322658599176" lon="-1.8249734708956282"><ele>583.22998047</ele></trkpt><trkpt lat="42.973258998245015" lon="-1.8249740079045356"><ele>583.19000244</ele></trkpt><trkpt lat="42.9732950122982" lon="-1.824978881848263"><ele>583.21002197</ele></trkpt><trkpt lat="42.97347421189624" lon="-1.825003133813969"><ele>582.92999268</ele></trkpt><trkpt lat="42.97365341148525" lon="-1.8250273859091939"><ele>582.65002441</ele></trkpt><trkpt lat="42.97383261106532" lon="-1.825051638133943"><ele>582.4699707</ele></trkpt><trkpt lat="42.97401181063639" lon="-1.8250758904881985"><ele>582.17999268</ele></trkpt><trkpt lat="42.974191010198474" lon="-1.8251001429719995"><ele>581.77001953</ele></trkpt><trkpt lat="42.97422702424229" lon="-1.8251050170511034"><ele>581.7800293</ele></trkpt><trkpt lat="42.97437102533877" lon="-1.8252249620854903"><ele>580.7199707</ele></trkpt><trkpt lat="42.974403054778364" lon="-1.8252641472060882"><ele>580.58001709</ele></trkpt><trkpt lat="42.97453701877297" lon="-1.8254280406434484"><ele>579.4699707</ele></trkpt><trkpt lat="42.97467098253822" lon="-1.825591934791229"><ele>578.41998291</ele></trkpt><trkpt lat="42.97480494607411" lon="-1.825755829649423"><ele>577.45001221</ele></trkpt><trkpt lat="42.97483697533607" lon="-1.8257950153201816"><ele>577.26000977</ele></trkpt><trkpt lat="42.97497401945294" lon="-1.8259319756180068"><ele>576.36999512</ele></trkpt><trkpt lat="42.975106034427874" lon="-1.8259879667311882"><ele>575.84002686</ele></trkpt><trkpt lat="42.97515395954265" lon="-1.8260001208900742"><ele>575.70001221</ele></trkpt><trkpt lat="42.9753309982777" lon="-1.8260450193654805"><ele>575.28997803</ele></trkpt><trkpt lat="42.97550803699283" lon="-1.8260899180877495"><ele>574.59997559</ele></trkpt><trkpt lat="42.975685075688" lon="-1.8261348170568843"><ele>574.01000977</ele></trkpt><trkpt lat="42.97573300078511" lon="-1.8261469714343486"><ele>573.9699707</ele></trkpt><trkpt lat="42.97580130696305" lon="-1.8261387638582713"><ele>573.7800293</ele></trkpt><trkpt lat="42.97598069236257" lon="-1.8261172090609434"><ele>572.63000488</ele></trkpt><trkpt lat="42.97604899853468" lon="-1.8261090014129917"><ele>572.82000732</ele></trkpt><trkpt lat="42.97611115392788" lon="-1.8261034833683671"><ele>572.98999023</ele></trkpt><trkpt lat="42.97629085477363" lon="-1.8260875297779795"><ele>572.69000244</ele></trkpt><trkpt lat="42.976353010162704" lon="-1.8260820116847716"><ele>572.63000488</ele></trkpt><trkpt lat="42.97636933032473" lon="-1.826075681436421"><ele>572.59997559</ele></trkpt><trkpt lat="42.976542525022786" lon="-1.826008502625624"><ele>572.20001221</ele></trkpt><trkpt lat="42.976715719671795" lon="-1.8259413234278632"><ele>571.89001465</ele></trkpt><trkpt lat="42.97673203982412" lon="-1.8259349931031534"><ele>571.7199707</ele></trkpt><trkpt lat="42.97675354454591" lon="-1.8259257058126888"><ele>571.63000488</ele></trkpt><trkpt lat="42.976925202561645" lon="-1.8258515712446297"><ele>571.08001709</ele></trkpt><trkpt lat="42.97709686051939" lon="-1.8257774362546062"><ele>570.32000732</ele></trkpt><trkpt lat="42.977268518419166" lon="-1.8257033008426302"><ele>570.10998535</ele></trkpt><trkpt lat="42.97729002311825" lon="-1.8256940133869668"><ele>570.04998779</ele></trkpt><trkpt lat="42.97742296010256" lon="-1.825633998960265"><ele>569.85998535</ele></trkpt><trkpt lat="42.977457574839946" lon="-1.8256162981835136"><ele>569.85998535</ele></trkpt><trkpt lat="42.97762616462616" lon="-1.8255300868987152"><ele>569.58001709</ele></trkpt><trkpt lat="42.97779475433696" lon="-1.825443875134048"><ele>569.33001709</ele></trkpt><trkpt lat="42.97796334397234" lon="-1.825357662889554"><ele>569.2800293</ele></trkpt><trkpt lat="42.977997958660126" lon="-1.8253399617969996"><ele>569.28997803</ele></trkpt><trkpt lat="42.978026709745315" lon="-1.8253271371489037"><ele>569.36999512</ele></trkpt><trkpt lat="42.978197846776794" lon="-1.8252507998588905"><ele>569.41998291</ele></trkpt><trkpt lat="42.9783689837473" lon="-1.825174462136069"><ele>569.48999023</ele></trkpt><trkpt lat="42.978540120656824" lon="-1.8250981239804114"><ele>569.83001709</ele></trkpt><trkpt lat="42.97871125750538" lon="-1.8250217853919375"><ele>570.10998535</ele></trkpt><trkpt lat="42.97874000854788" lon="-1.8250089604407551"><ele>570.16998291</ele></trkpt><trkpt lat="42.97876398264389" lon="-1.8249970940841982"><ele>570.29998779</ele></trkpt><trkpt lat="42.978933234021724" lon="-1.8249133201602556"><ele>570.5300293</ele></trkpt><trkpt lat="42.97910248532787" lon="-1.824829545767806"><ele>570.89001465</ele></trkpt><trkpt lat="42.97927173656232" lon="-1.824745770906845"><ele>571.10998535</ele></trkpt><trkpt lat="42.979440987725056" lon="-1.824661995577348"><ele>571.35998535</ele></trkpt><trkpt lat="42.9796102388161" lon="-1.8245782197793328"><ele>571.90002441</ele></trkpt><trkpt lat="42.979779489835444" lon="-1.8244944435127832"><ele>572.25</ele></trkpt><trkpt lat="42.97994874078308" lon="-1.8244106667777071"><ele>572.70001221</ele></trkpt><trkpt lat="42.980117991659014" lon="-1.8243268895740696"><ele>573.14001465</ele></trkpt><trkpt lat="42.98014196567236" lon="-1.8243150226771838"><ele>573.28997803</ele></trkpt><trkpt lat="42.98014303188184" lon="-1.8243145105086158"><ele>573.28997803</ele></trkpt><trkpt lat="42.98031286050821" lon="-1.8242329307163618"><ele>573.90002441</ele></trkpt><trkpt lat="42.980482689066115" lon="-1.8241513504659361"><ele>574.30999756</ele></trkpt><trkpt lat="42.980652517555605" lon="-1.8240697697573556"><ele>574.7800293</ele></trkpt><trkpt lat="42.98082234597664" lon="-1.8239881885905787"><ele>575.16998291</ele></trkpt><trkpt lat="42.980992174329245" lon="-1.8239066069656305"><ele>575.59002686</ele></trkpt><trkpt lat="42.981162002613395" lon="-1.82382502488251"><ele>576</ele></trkpt><trkpt lat="42.9813318308291" lon="-1.8237434423411774"><ele>576.57000732</ele></trkpt><trkpt lat="42.98150165897638" lon="-1.8236618593416563"><ele>577.04998779</ele></trkpt><trkpt lat="42.98167148705519" lon="-1.823580275883925"><ele>577.54998779</ele></trkpt><trkpt lat="42.98184131506557" lon="-1.8234986919679992"><ele>577.90997314</ele></trkpt><trkpt lat="42.982011143007504" lon="-1.8234171075938383"><ele>578.48999023</ele></trkpt><trkpt lat="42.982180970880954" lon="-1.823335522761468"><ele>578.90997314</ele></trkpt><trkpt lat="42.98218203708528" lon="-1.8233350105583614"><ele>578.90997314</ele></trkpt><trkpt lat="42.98220580534222" lon="-1.8233233065757932"><ele>579.0300293</ele></trkpt><trkpt lat="42.9823751590321" lon="-1.8232399130210581"><ele>579.36999512</ele></trkpt><trkpt lat="42.98254451265088" lon="-1.8231565189995425"><ele>579.67999268</ele></trkpt><trkpt lat="42.98271386619851" lon="-1.8230731245112446"><ele>579.90997314</ele></trkpt><trkpt lat="42.982883219674996" lon="-1.8229897295561164"><ele>580.07000732</ele></trkpt><trkpt lat="42.98290698789061" lon="-1.8229780253022965"><ele>580.0300293</ele></trkpt><trkpt lat="42.982909663831414" lon="-1.822976576859989"><ele>580.0300293</ele></trkpt><trkpt lat="42.98307701483894" lon="-1.8228859922634844"><ele>580.08001709</ele></trkpt><trkpt lat="42.983244365764094" lon="-1.8227954071670616"><ele>580.05999756</ele></trkpt><trkpt lat="42.983247041702256" lon="-1.822793958708638"><ele>580.05999756</ele></trkpt><trkpt lat="42.98332045746452" lon="-1.822748673462785"><ele>580.04998779</ele></trkpt><trkpt lat="42.98348450112439" lon="-1.822647485522585"><ele>580.36999512</ele></trkpt><trkpt lat="42.98364854468376" lon="-1.8225462970365325"><ele>580.63000488</ele></trkpt><trkpt lat="42.98372196033596" lon="-1.8225010111928024"><ele>580.60998535</ele></trkpt><trkpt lat="42.983750222500326" lon="-1.8224806365450112"><ele>580.60998535</ele></trkpt><trkpt lat="42.98390938489133" lon="-1.8223658934172304"><ele>581.10998535</ele></trkpt><trkpt lat="42.98406854715588" lon="-1.8222511496908145"><ele>581.38000488</ele></trkpt><trkpt lat="42.98422770929401" lon="-1.8221364053657194"><ele>581.63000488</ele></trkpt><trkpt lat="42.98425597138703" lon="-1.8221160303801374"><ele>581.83001709</ele></trkpt><trkpt lat="42.9842783333459" lon="-1.8220967457322206"><ele>581.84997559</ele></trkpt><trkpt lat="42.98443048271769" lon="-1.8219655337377239"><ele>582.04998779</ele></trkpt><trkpt lat="42.98458263192736" lon="-1.8218343210909798"><ele>581.84002686</ele></trkpt><trkpt lat="42.984604993835084" lon="-1.8218150362372476"><ele>581.7800293</ele></trkpt><trkpt lat="42.98464746625251" lon="-1.8217758345918118"><ele>581.61999512</ele></trkpt><trkpt lat="42.98479654421908" lon="-1.8216382364829815"><ele>580.55999756</ele></trkpt><trkpt lat="42.98483901657164" lon="-1.8215990345925126"><ele>580.32000732</ele></trkpt><trkpt lat="42.98498704098164" lon="-1.8214729707688129"><ele>579.45001221</ele></trkpt><trkpt lat="42.985001109798155" lon="-1.8214289366594298"><ele>579.11999512</ele></trkpt><trkpt lat="42.98507296837512" lon="-1.8212040247345784"><ele>577.96002197</ele></trkpt><trkpt lat="42.98508703708649" lon="-1.8211599905043752"><ele>577.71002197</ele></trkpt><trkpt lat="42.98509253877206" lon="-1.8211064363385407"><ele>577.52001953</ele></trkpt><trkpt lat="42.98511749390493" lon="-1.8208635164436597"><ele>576.59997559</ele></trkpt><trkpt lat="42.98512299545109" lon="-1.8208099622279512"><ele>576.40997314</ele></trkpt><trkpt lat="42.98513346116859" lon="-1.8206996255248715"><ele>575.85998535</ele></trkpt><trkpt lat="42.98515653506767" lon="-1.8204563607030673"><ele>574.84997559</ele></trkpt><trkpt lat="42.985167000442736" lon="-1.820346023887405"><ele>574.47998047</ele></trkpt><trkpt lat="42.98516830071011" lon="-1.8203369132455958"><ele>574.40002441</ele></trkpt><trkpt lat="42.98520266438837" lon="-1.8200961337313204"><ele>573.72998047</ele></trkpt><trkpt lat="42.98520396463573" lon="-1.8200870230793915"><ele>573.66998291</ele></trkpt><trkpt lat="42.98526900820434" lon="-1.819886025041333"><ele>572.73999023</ele></trkpt><trkpt lat="42.985290770807744" lon="-1.8198417824801996"><ele>572.5300293</ele></trkpt><trkpt lat="42.9853910070809" lon="-1.819638005013776"><ele>571.70001221</ele></trkpt><trkpt lat="42.985491242981574" lon="-1.8194342268894705"><ele>570.89001465</ele></trkpt><trkpt lat="42.98551300540567" lon="-1.819389984011646"><ele>570.63000488</ele></trkpt><trkpt lat="42.98552899619778" lon="-1.819352221727684"><ele>570.45001221</ele></trkpt><trkpt lat="42.985618971389094" lon="-1.819139744231186"><ele>569.30999756</ele></trkpt><trkpt lat="42.985634962096796" lon="-1.8191019818186793"><ele>569.11999512</ele></trkpt><trkpt lat="42.98563953733469" lon="-1.819086124479244"><ele>569.04998779</ele></trkpt><trkpt lat="42.9857054049266" lon="-1.8188578325573053"><ele>567.90002441</ele></trkpt><trkpt lat="42.985709980130196" lon="-1.818841975182291"><ele>567.7800293</ele></trkpt><trkpt lat="42.98572696103586" lon="-1.818786265958173"><ele>567.51000977</ele></trkpt><trkpt lat="42.98579601295401" lon="-1.818559726223442"><ele>566.40002441</ele></trkpt><trkpt lat="42.98581299372015" lon="-1.8185040168464182"><ele>565.94000244</ele></trkpt><trkpt lat="42.98581373739759" lon="-1.8185022042412753"><ele>565.94000244</ele></trkpt><trkpt lat="42.985901587284786" lon="-1.8182880821611918"><ele>564.69000244</ele></trkpt><trkpt lat="42.98598943676275" lon="-1.8180739594772786"><ele>563.38000488</ele></trkpt><trkpt lat="42.98607728583145" lon="-1.817859836189504"><ele>562.08001709</ele></trkpt><trkpt lat="42.986078029498444" lon="-1.8178580235689892"><ele>562.08001709</ele></trkpt><trkpt lat="42.98608832272343" lon="-1.817802878875078"><ele>561.78997803</ele></trkpt><trkpt lat="42.986132696165456" lon="-1.8175651517380516"><ele>560.59002686</ele></trkpt><trkpt lat="42.98614298924804" lon="-1.8175100069493144"><ele>560.41998291</ele></trkpt><trkpt lat="42.98614039673286" lon="-1.8174563672462218"><ele>560.16998291</ele></trkpt><trkpt lat="42.98612856663936" lon="-1.817211606691018"><ele>558.86999512</ele></trkpt><trkpt lat="42.9861259739846" lon="-1.8171579670160976"><ele>558.63000488</ele></trkpt><trkpt lat="42.98606503754854" lon="-1.8169340025633602"><ele>557.34002686</ele></trkpt><trkpt lat="42.98602002672851" lon="-1.816786983981721"><ele>556.48999023</ele></trkpt><trkpt lat="42.986018244294" lon="-1.8167774793277043"><ele>556.48999023</ele></trkpt><trkpt lat="42.9859736751948" lon="-1.8165398205992913"><ele>555.26000977</ele></trkpt><trkpt lat="42.98592910560579" lon="-1.816302162224557"><ele>554.10998535</ele></trkpt><trkpt lat="42.98588453552699" lon="-1.81606450420353"><ele>552.85998535</ele></trkpt><trkpt lat="42.98583996495837" lon="-1.815826846536178"><ele>551.59997559</ele></trkpt><trkpt lat="42.98579539389997" lon="-1.815589189222513"><ele>550.42999268</ele></trkpt><trkpt lat="42.98575082235178" lon="-1.8153515322625706"><ele>549.27001953</ele></trkpt><trkpt lat="42.98574903979896" lon="-1.815342027693982"><ele>549.17999268</ele></trkpt><trkpt lat="42.9857480302454" lon="-1.8153381368007868"><ele>549.17999268</ele></trkpt><trkpt lat="42.98568802327697" lon="-1.8151068667008836"><ele>548.09997559</ele></trkpt><trkpt lat="42.985687013715506" lon="-1.8151029758155344"><ele>548.09997559</ele></trkpt><trkpt lat="42.98560596071183" lon="-1.814923016354441"><ele>547</ele></trkpt><trkpt lat="42.98555673735708" lon="-1.8148329033248431"><ele>546.54998779</ele></trkpt><trkpt lat="42.98544924092743" lon="-1.8146361109192157"><ele>545.48999023</ele></trkpt><trkpt lat="42.9854000173509" lon="-1.8145459983497814"><ele>545.05999756</ele></trkpt><trkpt lat="42.98539128837287" lon="-1.8145293316967772"><ele>544.9699707</ele></trkpt><trkpt lat="42.98528670584972" lon="-1.8143296480330366"><ele>544.16998291</ele></trkpt><trkpt lat="42.985277976840734" lon="-1.8143129814416143"><ele>544.07000732</ele></trkpt><trkpt lat="42.98524521296437" lon="-1.8142061623838242"><ele>543.82000732</ele></trkpt><trkpt lat="42.98517579238335" lon="-1.8139798340423159"><ele>543.26000977</ele></trkpt><trkpt lat="42.98514302819967" lon="-1.8138730153441422"><ele>543.0300293</ele></trkpt><trkpt lat="42.9851282202412" lon="-1.8138152890518888"><ele>542.90997314</ele></trkpt><trkpt lat="42.98506882049091" lon="-1.8135837307033469"><ele>542.29998779</ele></trkpt><trkpt lat="42.985054012387984" lon="-1.8135260045528439"><ele>542.19000244</ele></trkpt><trkpt lat="42.98504588646726" lon="-1.81345996033409"><ele>542.04998779</ele></trkpt><trkpt lat="42.98501612183712" lon="-1.813218048167095"><ele>541.35998535</ele></trkpt><trkpt lat="42.98500799573957" lon="-1.8131520040333253"><ele>541.27001953</ele></trkpt><trkpt lat="42.9850067979489" lon="-1.8130876072737336"><ele>541.09002686</ele></trkpt><trkpt lat="42.985002236724696" lon="-1.8128424002575056"><ele>540.28997803</ele></trkpt><trkpt lat="42.985001038759954" lon="-1.8127780035138186"><ele>540.05999756</ele></trkpt><trkpt lat="42.98500303688258" lon="-1.812754804158141"><ele>539.97998047</ele></trkpt><trkpt lat="42.98502401876304" lon="-1.8125111890358707"><ele>539.23999023</ele></trkpt><trkpt lat="42.98502601683138" lon="-1.8124879896640842"><ele>539.02001953</ele></trkpt><trkpt lat="42.985053006559596" lon="-1.8122549727559132"><ele>538.35998535</ele></trkpt><trkpt lat="42.98509801737965" lon="-1.8120859935879798"><ele>537.65997314</ele></trkpt><trkpt lat="42.985193990170956" lon="-1.8119630310684445"><ele>537.32000732</ele></trkpt><trkpt lat="42.98536196351052" lon="-1.8119409866631093"><ele>535.7800293</ele></trkpt><trkpt lat="42.98537058946876" lon="-1.8119395778964515"><ele>535.7800293</ele></trkpt><trkpt lat="42.98554939026822" lon="-1.8119103765687896"><ele>534.59997559</ele></trkpt><trkpt lat="42.985558016225696" lon="-1.8119089677929958"><ele>534.59997559</ele></trkpt><trkpt lat="42.98569899983705" lon="-1.811903016641736"><ele>533.70001221</ele></trkpt><trkpt lat="42.98574902268657" lon="-1.8118901969179781"><ele>533.44000244</ele></trkpt><trkpt lat="42.98592599889693" lon="-1.8118448417439355"><ele>532.27001953</ele></trkpt><trkpt lat="42.98597602173685" lon="-1.8118320219218709"><ele>531.91998291</ele></trkpt><trkpt lat="42.98599161402045" lon="-1.8118262378095786"><ele>531.84002686</ele></trkpt><trkpt lat="42.9861653669903" lon="-1.8117617822089112"><ele>530.90002441</ele></trkpt><trkpt lat="42.986180959269404" lon="-1.8117559980601101"><ele>530.77001953</ele></trkpt><trkpt lat="42.986184720964275" lon="-1.8117546956725439"><ele>530.77001953</ele></trkpt><trkpt lat="42.98635925251231" lon="-1.8116942685435684"><ele>529.82000732</ele></trkpt><trkpt lat="42.9863630142063" lon="-1.811692966148255"><ele>529.82000732</ele></trkpt><trkpt lat="42.986375210766674" lon="-1.8116891886005668"><ele>529.69000244</ele></trkpt><trkpt lat="42.986550809858166" lon="-1.8116348014552976"><ele>528.69000244</ele></trkpt><trkpt lat="42.98656300641594" lon="-1.8116310238838171"><ele>528.69000244</ele></trkpt><trkpt lat="42.98661743893076" lon="-1.8116200229644555"><ele>528.40002441</ele></trkpt><trkpt lat="42.98679557027345" lon="-1.811584022120672"><ele>527.61999512</ele></trkpt><trkpt lat="42.98685000278056" lon="-1.8115730211138805"><ele>527.39001465</ele></trkpt><trkpt lat="42.98686314070774" lon="-1.8115719360895999"><ele>527.32000732</ele></trkpt><trkpt lat="42.987042892033976" lon="-1.811557090882425"><ele>526.82000732</ele></trkpt><trkpt lat="42.98705602996051" lon="-1.8115560058504423"><ele>526.75</ele></trkpt><trkpt lat="42.98708006182875" lon="-1.811557375309856"><ele>526.67999268</ele></trkpt><trkpt lat="42.98725998585942" lon="-1.8115676283336442"><ele>526.46002197</ele></trkpt><trkpt lat="42.98728401772678" lon="-1.811568997800348"><ele>526.46002197</ele></trkpt><trkpt lat="42.987315513567765" lon="-1.811570290658444"><ele>526.45001221</ele></trkpt><trkpt lat="42.98749551325986" lon="-1.8115776794005536"><ele>526.29998779</ele></trkpt><trkpt lat="42.98752700909972" lon="-1.811578972265123"><ele>526.29998779</ele></trkpt><trkpt lat="42.98758651278327" lon="-1.8115761864318893"><ele>526.29998779</ele></trkpt><trkpt lat="42.98776648790526" lon="-1.8115677603468372"><ele>526.40997314</ele></trkpt><trkpt lat="42.98782599158584" lon="-1.811564974486834"><ele>526.53997803</ele></trkpt><trkpt lat="42.98798700794577" lon="-1.8115900363773039"><ele>526.63000488</ele></trkpt><trkpt lat="42.98799555375383" lon="-1.8115938996957692"><ele>526.66998291</ele></trkpt><trkpt lat="42.988166468228584" lon="-1.8116711655350164"><ele>526.76000977</ele></trkpt><trkpt lat="42.988175014033914" lon="-1.8116750288754677"><ele>526.70001221</ele></trkpt><trkpt lat="42.98827601596713" lon="-1.811768990010019"><ele>526.72998047</ele></trkpt><trkpt lat="42.988414987921715" lon="-1.8118590116500786"><ele>526.65997314</ele></trkpt><trkpt lat="42.988545997068286" lon="-1.8119060341268822"><ele>526.71002197</ele></trkpt><trkpt lat="42.98872201703489" lon="-1.8119099736213646"><ele>526.90002441</ele></trkpt><trkpt lat="42.98873459415001" lon="-1.811904957700952"><ele>526.97998047</ele></trkpt><trkpt lat="42.988907420476686" lon="-1.811836032044825"><ele>527.01000977</ele></trkpt><trkpt lat="42.98891999758779" lon="-1.8118310160934863"><ele>526.9699707</ele></trkpt><trkpt lat="42.989037008956046" lon="-1.8117089755833213"><ele>526.90002441</ele></trkpt><trkpt lat="42.98906385235385" lon="-1.8116682580840509"><ele>526.86999512</ele></trkpt><trkpt lat="42.98918417395056" lon="-1.811485747145694"><ele>527.05999756</ele></trkpt><trkpt lat="42.989211017265916" lon="-1.811445029452448"><ele>527.0300293</ele></trkpt><trkpt lat="42.9892426798707" lon="-1.8113863570910014"><ele>527.03997803</ele></trkpt><trkpt lat="42.989349339792774" lon="-1.811188710154547"><ele>527.07000732</ele></trkpt><trkpt lat="42.98938100226224" lon="-1.8111300375312598"><ele>527.0300293</ele></trkpt><trkpt lat="42.989397478617754" lon="-1.8111041658143876"><ele>527.02001953</ele></trkpt><trkpt lat="42.98951548403231" lon="-1.8109188691389937"><ele>527.07000732</ele></trkpt><trkpt lat="42.989531960338354" lon="-1.8108929973095609"><ele>527.04998779</ele></trkpt><trkpt lat="42.98957632899029" lon="-1.8108575573766337"><ele>527.02001953</ele></trkpt><trkpt lat="42.98973167276045" lon="-1.810733474406346"><ele>527.03997803</ele></trkpt><trkpt lat="42.98977604135871" lon="-1.8106980342417884"><ele>527.13000488</ele></trkpt><trkpt lat="42.989887017756686" lon="-1.8106390256434661"><ele>527.34997559</ele></trkpt><trkpt lat="42.98996798694134" lon="-1.8105340003967358"><ele>527.35998535</ele></trkpt><trkpt lat="42.989983996376395" lon="-1.8103380315005795"><ele>526.86999512</ele></trkpt><trkpt lat="42.98997933426239" lon="-1.810239900207608"><ele>523.84002686</ele></trkpt><trkpt lat="42.98996770402592" lon="-1.8099951069902906"><ele>526.97998047</ele></trkpt><trkpt lat="42.989963041618466" lon="-1.8098969757556926"><ele>526.86999512</ele></trkpt><trkpt lat="42.98995357100224" lon="-1.8098244984781766"><ele>526.78997803</ele></trkpt><trkpt lat="42.989922012630835" lon="-1.8095829894447049"><ele>526.70001221</ele></trkpt><trkpt lat="42.989890453752515" lon="-1.8093414806693977"><ele>526.69000244</ele></trkpt><trkpt lat="42.98988098278641" lon="-1.8092690035700871"><ele>526.69000244</ele></trkpt><trkpt lat="42.989871876456824" lon="-1.8092258633077378"><ele>526.83001709</ele></trkpt><trkpt lat="42.989822111985525" lon="-1.8089901110280655"><ele>527.36999512</ele></trkpt><trkpt lat="42.989813005551696" lon="-1.808946970850233"><ele>527.45001221</ele></trkpt><trkpt lat="42.98980233770379" lon="-1.808911139957693"><ele>527.73999023</ele></trkpt><trkpt lat="42.989734657669345" lon="-1.8086838191640575"><ele>528.64001465</ele></trkpt><trkpt lat="42.989723989740014" lon="-1.808647988364093"><ele>528.84002686</ele></trkpt><trkpt lat="42.98970543211861" lon="-1.808621149039637"><ele>529.08001709</ele></trkpt><trkpt lat="42.98958196298936" lon="-1.8084425800245572"><ele>529.98999023</ele></trkpt><trkpt lat="42.98945849358742" lon="-1.8082640117251894"><ele>531.47998047</ele></trkpt><trkpt lat="42.98933502391281" lon="-1.8080854441415117"><ele>533.10998535</ele></trkpt><trkpt lat="42.989211553965546" lon="-1.8079068772735392"><ele>534.51000977</ele></trkpt><trkpt lat="42.98919299617408" lon="-1.8078800383955307"><ele>534.61999512</ele></trkpt><trkpt lat="42.989190477088755" lon="-1.8078766956497887"><ele>534.76000977</ele></trkpt><trkpt lat="42.989061484243386" lon="-1.8077055267995346"><ele>536.15997314</ele></trkpt><trkpt lat="42.98893249114776" lon="-1.8075343586649797"><ele>537.72998047</ele></trkpt><trkpt lat="42.98892997205257" lon="-1.8075310159474651"><ele>537.84997559</ele></trkpt><trkpt lat="42.9888731818084" lon="-1.8074424038771164"><ele>538.52001953</ele></trkpt><trkpt lat="42.98875475142431" lon="-1.8072576131152045"><ele>540.15997314</ele></trkpt><trkpt lat="42.988697960972786" lon="-1.8071690015494826"><ele>541.02001953</ele></trkpt><trkpt lat="42.9886874129773" lon="-1.8071598537921678"><ele>541.02001953</ele></trkpt><trkpt lat="42.98853550649777" lon="-1.8070281131921813"><ele>542.33001709</ele></trkpt><trkpt lat="42.98852495849132" lon="-1.807018965482704"><ele>542.59997559</ele></trkpt><trkpt lat="42.9883510340005" lon="-1.806983007118112"><ele>543.84997559</ele></trkpt><trkpt lat="42.988267969340086" lon="-1.8069560173898938"><ele>544.5300293</ele></trkpt><trkpt lat="42.98809899017214" lon="-1.806983007118102"><ele>546.19000244</ele></trkpt><trkpt lat="42.988006034865975" lon="-1.8070730287581718"><ele>547.02001953</ele></trkpt><trkpt lat="42.987923976033926" lon="-1.807244019582869"><ele>548.60998535</ele></trkpt><trkpt lat="42.987889023497694" lon="-1.8073829915374526"><ele>549.61999512</ele></trkpt><trkpt lat="42.98788294930538" lon="-1.8073954127609804"><ele>549.61999512</ele></trkpt><trkpt lat="42.987783115487765" lon="-1.807599563950933"><ele>550.92999268</ele></trkpt><trkpt lat="42.987777041271315" lon="-1.8076119851320933"><ele>550.36999512</ele></trkpt><trkpt lat="42.98761501908302" lon="-1.8076669704169048"><ele>552.2800293</ele></trkpt><trkpt lat="42.987594807823605" lon="-1.8076732447911301"><ele>552.42999268</ele></trkpt><trkpt lat="42.98741922870217" lon="-1.8077277513092305"><ele>553.71002197</ele></trkpt><trkpt lat="42.98739901743827" lon="-1.807734025642273"><ele>553.91998291</ele></trkpt><trkpt lat="42.98738563094595" lon="-1.8077322719958293"><ele>553.90002441</ele></trkpt><trkpt lat="42.987206376751374" lon="-1.807708789550479"><ele>554.70001221</ele></trkpt><trkpt lat="42.98719299025833" lon="-1.8077070359140668"><ele>554.70001221</ele></trkpt><trkpt lat="42.987030968070016" lon="-1.8076419923454579"><ele>555.5300293</ele></trkpt><trkpt lat="42.986890990287066" lon="-1.8075509648770156"><ele>556.48999023</ele></trkpt><trkpt lat="42.9867830313742" lon="-1.807458009570842"><ele>557.34002686</ele></trkpt><trkpt lat="42.98677663145882" lon="-1.8074476881651749"><ele>557.40002441</ele></trkpt><trkpt lat="42.986660433817235" lon="-1.8072602920986522"><ele>558.98999023</ele></trkpt><trkpt lat="42.986654033884385" lon="-1.8072499707341285"><ele>559.11999512</ele></trkpt><trkpt lat="42.98660298809409" lon="-1.8070369865745286"><ele>560.5</ele></trkpt><trkpt lat="42.986615980043986" lon="-1.8068410176783853"><ele>561.66998291</ele></trkpt><trkpt lat="42.98664397560062" lon="-1.8065990321338152"><ele>562.88000488</ele></trkpt><trkpt lat="42.98665403388438" lon="-1.806503981351856"><ele>563.48999023</ele></trkpt><trkpt lat="42.986591001972556" lon="-1.8064070027321557"><ele>564.14001465</ele></trkpt><trkpt lat="42.98644599504769" lon="-1.8063439708203097"><ele>565.84997559</ele></trkpt><trkpt lat="42.98636795952917" lon="-1.806287979707125"><ele>565.94000244</ele></trkpt><trkpt lat="42.9862050153315" lon="-1.8063159752637226"><ele>567.21002197</ele></trkpt><trkpt lat="42.986203803343834" lon="-1.806316466909639"><ele>567.34997559</ele></trkpt><trkpt lat="42.9860312131813" lon="-1.8063864783405081"><ele>568.84997559</ele></trkpt><trkpt lat="42.986030001193264" lon="-1.8063869699835868"><ele>568.9699707</ele></trkpt><trkpt lat="42.985869990661726" lon="-1.8064569588750543"><ele>569.92999268</ele></trkpt><trkpt lat="42.985749039798954" lon="-1.8064420390874152"><ele>569.7199707</ele></trkpt><trkpt lat="42.9856715953288" lon="-1.8064226632280092"><ele>569.59002686</ele></trkpt><trkpt lat="42.985494477096765" lon="-1.8063783501333477"><ele>569.2800293</ele></trkpt><trkpt lat="42.98541703261435" lon="-1.8063589744269897"><ele>569.05999756</ele></trkpt><trkpt lat="42.985262973234036" lon="-1.8062579724937669"><ele>568.58001709</ele></trkpt><trkpt lat="42.985170017927885" lon="-1.8061869777739077"><ele>568.2199707</ele></trkpt><trkpt lat="42.9851639829576" lon="-1.806180020794267"><ele>568.20001221</ele></trkpt><trkpt lat="42.98515739565823" lon="-1.806176524236771"><ele>568.15002441</ele></trkpt><trkpt lat="42.98498960497028" lon="-1.8060874607220008"><ele>567.70001221</ele></trkpt><trkpt lat="42.98498301766812" lon="-1.806083964183925"><ele>567.70001221</ele></trkpt><trkpt lat="42.9848439618945" lon="-1.8060820363461907"><ele>567.41998291</ele></trkpt><trkpt lat="42.984833251071585" lon="-1.8060852809034775"><ele>567.41998291</ele></trkpt><trkpt lat="42.984657464567924" lon="-1.80613853055037"><ele>567.11999512</ele></trkpt><trkpt lat="42.984481678030534" lon="-1.8061917798831177"><ele>567.38000488</ele></trkpt><trkpt lat="42.98447096720338" lon="-1.8061950244009468"><ele>567.40002441</ele></trkpt><trkpt lat="42.984416951226635" lon="-1.80620893280458"><ele>567.51000977</ele></trkpt><trkpt lat="42.984240003884196" lon="-1.8062544942359415"><ele>567.75</ele></trkpt><trkpt lat="42.984063056515105" lon="-1.8063000553949706"><ele>567.7199707</ele></trkpt><trkpt lat="42.984009040519595" lon="-1.8063139636069554"><ele>567.70001221</ele></trkpt><trkpt lat="42.983922793660234" lon="-1.8063230401057646"><ele>567.75</ele></trkpt><trkpt lat="42.98374324745288" lon="-1.8063419352066499"><ele>567.97998047</ele></trkpt><trkpt lat="42.9836570005864" lon="-1.8063510116189825"><ele>568.05999756</ele></trkpt><trkpt lat="42.98363070941759" lon="-1.8063559054570562"><ele>568.13000488</ele></trkpt><trkpt lat="42.98345228650674" lon="-1.8063891169785464"><ele>568.40997314</ele></trkpt><trkpt lat="42.983425995334976" lon="-1.8063940107822387"><ele>568.47998047</ele></trkpt><trkpt lat="42.98340523524751" lon="-1.8063974955342947"><ele>568.48999023</ele></trkpt><trkpt lat="42.98322650604912" lon="-1.8064274966008047"><ele>568.67999268</ele></trkpt><trkpt lat="42.98304777683529" lon="-1.8064574974820595"><ele>568.77001953</ele></trkpt><trkpt lat="42.98302701674402" lon="-1.8064609821885893"><ele>568.78997803</ele></trkpt><trkpt lat="42.983008046127985" lon="-1.806460719619347"><ele>568.77001953</ele></trkpt><trkpt lat="42.98282797405916" lon="-1.8064582272723704"><ele>568.89001465</ele></trkpt><trkpt lat="42.98280900344251" lon="-1.8064579647034462"><ele>568.88000488</ele></trkpt><trkpt lat="42.982751257126" lon="-1.8064519111623574"><ele>568.90997314</ele></trkpt><trkpt lat="42.98257170677048" lon="-1.8064330889801812"><ele>569.03997803</ele></trkpt><trkpt lat="42.98251396045089" lon="-1.8064270354807286"><ele>569.16998291</ele></trkpt><trkpt lat="42.9824626661658" lon="-1.8064168627366881"><ele>569.16998291</ele></trkpt><trkpt lat="42.982284463953576" lon="-1.8063815215865213"><ele>569.47998047</ele></trkpt><trkpt lat="42.98210626172745" lon="-1.8063461806292862"><ele>569.73999023</ele></trkpt><trkpt lat="42.98205496743322" lon="-1.8063360080122914"><ele>569.85998535</ele></trkpt><trkpt lat="42.98201019771699" lon="-1.8063320208431468"><ele>569.89001465</ele></trkpt><trkpt lat="42.98183050007147" lon="-1.8063160171095887"><ele>570.2199707</ele></trkpt><trkpt lat="42.981650802419274" lon="-1.8063000134575935"><ele>570.84997559</ele></trkpt><trkpt lat="42.98160603269933" lon="-1.8062960263341694"><ele>571.08001709</ele></trkpt><trkpt lat="42.981517155686824" lon="-1.8062848227786195"><ele>571.22998047</ele></trkpt><trkpt lat="42.981337840642986" lon="-1.806262218980828"><ele>571.54998779</ele></trkpt><trkpt lat="42.98124896362423" lon="-1.8062510155141371"><ele>572.60998535</ele></trkpt><trkpt lat="42.98122972373138" lon="-1.8062455042256165"><ele>572.55999756</ele></trkpt><trkpt lat="42.981053497657115" lon="-1.8061950242301548"><ele>573.7800293</ele></trkpt><trkpt lat="42.98087727155872" lon="-1.806144544512349"><ele>575.32000732</ele></trkpt><trkpt lat="42.98085803166031" lon="-1.806139033287759"><ele>574.83001709</ele></trkpt><trkpt lat="42.980797591947145" lon="-1.8061074460520932"><ele>575.58001709</ele></trkpt><trkpt lat="42.980629463384645" lon="-1.806019578398493"><ele>576.07000732</ele></trkpt><trkpt lat="42.98056902363896" lon="-1.8059879913926151"><ele>576.33001709</ele></trkpt><trkpt lat="42.98051765825921" lon="-1.8059666999646"><ele>576.59002686</ele></trkpt><trkpt lat="42.98034537879304" lon="-1.8058952887869109"><ele>577.59002686</ele></trkpt><trkpt lat="42.9802940133959" lon="-1.8058739975094882"><ele>577.77001953</ele></trkpt><trkpt lat="42.98024072687499" lon="-1.8058522246247344"><ele>578.07000732</ele></trkpt><trkpt lat="42.9800682403839" lon="-1.8057817468678412"><ele>578.95001221</ele></trkpt><trkpt lat="42.97989575384905" lon="-1.8057112694952426"><ele>579.84002686</ele></trkpt><trkpt lat="42.97972326727045" lon="-1.805640792506916"><ele>580.80999756</ele></trkpt><trkpt lat="42.979669980704784" lon="-1.8056190200149935"><ele>580.98999023</ele></trkpt><trkpt lat="42.97964448217115" lon="-1.8056082350215017"><ele>581.05999756</ele></trkpt><trkpt lat="42.979472503096666" lon="-1.8055354940889143"><ele>581.85998535</ele></trkpt><trkpt lat="42.97930052397574" lon="-1.8054627535521968"><ele>582.76000977</ele></trkpt><trkpt lat="42.97927502542732" lon="-1.8054519686848005"><ele>582.90997314</ele></trkpt><trkpt lat="42.97919529559502" lon="-1.805400233305099"><ele>583.29998779</ele></trkpt><trkpt lat="42.97903272260929" lon="-1.8052947428174715"><ele>584.09997559</ele></trkpt><trkpt lat="42.97895299270749" lon="-1.8052430078387256"><ele>584.40997314</ele></trkpt><trkpt lat="42.97889524618905" lon="-1.8052014987587908"><ele>584.69000244</ele></trkpt><trkpt lat="42.97873598533811" lon="-1.8050870200781837"><ele>585.46002197</ele></trkpt><trkpt lat="42.978576724375436" lon="-1.8049725419819915"><ele>586.45001221</ele></trkpt><trkpt lat="42.97851897776127" lon="-1.80493103340268"><ele>586.86999512</ele></trkpt><trkpt lat="42.978469274764926" lon="-1.8048925760906442"><ele>587.04998779</ele></trkpt><trkpt lat="42.97831269748704" lon="-1.8047714260881413"><ele>588.03997803</ele></trkpt><trkpt lat="42.97826299443842" lon="-1.8047329690307443"><ele>588.40997314</ele></trkpt><trkpt lat="42.97824455454067" lon="-1.804721001596309"><ele>588.64001465</ele></trkpt><trkpt lat="42.97808198729836" lon="-1.804615496317744"><ele>589.34002686</ele></trkpt><trkpt lat="42.97791941996097" lon="-1.8045099915877623"><ele>590.65002441</ele></trkpt><trkpt lat="42.977900980040424" lon="-1.8044980242848419"><ele>590.96002197</ele></trkpt><trkpt lat="42.97789801420228" lon="-1.8044975915696184"><ele>591.02001953</ele></trkpt><trkpt lat="42.97771895727571" lon="-1.8044714672694877"><ele>591.90002441</ele></trkpt><trkpt lat="42.977715991437435" lon="-1.804471034556629"><ele>591.90002441</ele></trkpt><trkpt lat="42.97769314635613" lon="-1.804473979573966"><ele>591.97998047</ele></trkpt><trkpt lat="42.97751386623929" lon="-1.8044970909452267"><ele>592.40002441</ele></trkpt><trkpt lat="42.97749102115631" lon="-1.8045000359416081"><ele>592.60998535</ele></trkpt><trkpt lat="42.97735297121107" lon="-1.8045440409332598"><ele>593.51000977</ele></trkpt><trkpt lat="42.977304260638334" lon="-1.8045827448482035"><ele>593.73999023</ele></trkpt><trkpt lat="42.977148716005786" lon="-1.8047063353150057"><ele>594.76000977</ele></trkpt><trkpt lat="42.97710000537335" lon="-1.8047450389713093"><ele>595.42999268</ele></trkpt><trkpt lat="42.97708620074612" lon="-1.8047540451954869"><ele>595.15002441</ele></trkpt><trkpt lat="42.97692379226576" lon="-1.8048600011471685"><ele>596.05999756</ele></trkpt><trkpt lat="42.97690998762846" lon="-1.8048690073192053"><ele>596.04998779</ele></trkpt><trkpt lat="42.97682298347353" lon="-1.8049089889973364"><ele>596.65997314</ele></trkpt><trkpt lat="42.97675867714506" lon="-1.8049025360178146"><ele>596.94000244</ele></trkpt><trkpt lat="42.97657908249385" lon="-1.8048845142067276"><ele>597.78997803</ele></trkpt><trkpt lat="42.97639948783554" lon="-1.8048664924889248"><ele>598.92999268</ele></trkpt><trkpt lat="42.97621989317016" lon="-1.8048484708644055"><ele>600.09002686</ele></trkpt><trkpt lat="42.976040298497644" lon="-1.8048304493331513"><ele>601.16998291</ele></trkpt><trkpt lat="42.97597599215806" lon="-1.804823996499176"><ele>601.57000732</ele></trkpt><trkpt lat="42.975917157749336" lon="-1.8048171777821413"><ele>601.84002686</ele></trkpt><trkpt lat="42.97573772478511" lon="-1.804796382157111"><ele>602.92999268</ele></trkpt><trkpt lat="42.97555829181306" lon="-1.8047755866414388"><ele>604.05999756</ele></trkpt><trkpt lat="42.97537885883316" lon="-1.8047547912351203"><ele>605.20001221</ele></trkpt><trkpt lat="42.97532002441585" lon="-1.8047479726374112"><ele>605.57000732</ele></trkpt><trkpt lat="42.97526070444951" lon="-1.8047426366169095"><ele>605.84002686</ele></trkpt><trkpt lat="42.975081014452826" lon="-1.8047264729828123"><ele>606.23999023</ele></trkpt><trkpt lat="42.97490132444942" lon="-1.8047103094311983"><ele>606.47998047</ele></trkpt><trkpt lat="42.974842004477956" lon="-1.8047049734741445"><ele>606.53997803</ele></trkpt><trkpt lat="42.97480065199439" lon="-1.8046949619260229"><ele>606.57000732</ele></trkpt><trkpt lat="42.974623350330496" lon="-1.8046520368616596"><ele>606.71002197</ele></trkpt><trkpt lat="42.9745819978416" lon="-1.804642025381323"><ele>606.67999268</ele></trkpt><trkpt lat="42.97448099590838" lon="-1.8045489862561228"><ele>606.64001465</ele></trkpt><trkpt lat="42.97441301867366" lon="-1.8044029735028666"><ele>606.46002197</ele></trkpt><trkpt lat="42.97441027245459" lon="-1.8043850770331613"><ele>606.46002197</ele></trkpt><trkpt lat="42.974373435292556" lon="-1.804145019743824"><ele>605.89001465</ele></trkpt><trkpt lat="42.97433659763021" lon="-1.8039049627518948"><ele>605.04998779</ele></trkpt><trkpt lat="42.97429975946751" lon="-1.8036649060573684"><ele>604.14001465</ele></trkpt><trkpt lat="42.97429701313376" lon="-1.803647009655835"><ele>604.14001465</ele></trkpt><trkpt lat="42.974295437463184" lon="-1.8036389646926079"><ele>604.08001709</ele></trkpt><trkpt lat="42.974249026998265" lon="-1.8034020064301348"><ele>603.32000732</ele></trkpt><trkpt lat="42.97420261604662" lon="-1.8031650485343305"><ele>602.35998535</ele></trkpt><trkpt lat="42.97420104034244" lon="-1.8031570035964202"><ele>602.09002686</ele></trkpt><trkpt lat="42.974198180239554" lon="-1.8031515874550568"><ele>602.09002686</ele></trkpt><trkpt lat="42.974093039699504" lon="-1.8029524847990932"><ele>601.26000977</ele></trkpt><trkpt lat="42.973987898819345" lon="-1.8027533828254065"><ele>600.44000244</ele></trkpt><trkpt lat="42.97398503869773" lon="-1.8027479667216537"><ele>600.44000244</ele></trkpt><trkpt lat="42.9739620301119" lon="-1.8027032544023645"><ele>600.27001953</ele></trkpt><trkpt lat="42.973858681849144" lon="-1.8025024197410124"><ele>599.36999512</ele></trkpt><trkpt lat="42.97375533324023" lon="-1.8023015857564215"><ele>598.76000977</ele></trkpt><trkpt lat="42.97365198428517" lon="-1.802100752448584"><ele>598.83001709</ele></trkpt><trkpt lat="42.973628975451" lon="-1.80205604061485"><ele>598.86999512</ele></trkpt><trkpt lat="42.97361197235919" lon="-1.8020237748106676"><ele>598.85998535</ele></trkpt><trkpt lat="42.973506977080234" lon="-1.8018245319889865"><ele>599</ele></trkpt><trkpt lat="42.97340198146072" lon="-1.8016252898491147"><ele>599.21002197</ele></trkpt><trkpt lat="42.973384978249676" lon="-1.8015930242836484"><ele>599.23999023</ele></trkpt><trkpt lat="42.973362371333614" lon="-1.8015432753143157"><ele>599.29998779</ele></trkpt><trkpt lat="42.97326760749322" lon="-1.8013347381206326"><ele>599.30999756</ele></trkpt><trkpt lat="42.973245000466704" lon="-1.8012849893420952"><ele>599.36999512</ele></trkpt><trkpt lat="42.973212726341984" lon="-1.8011881469310733"><ele>599.38000488</ele></trkpt><trkpt lat="42.97313830290431" lon="-1.8009648317305933"><ele>599.36999512</ele></trkpt><trkpt lat="42.97310602851211" lon="-1.8008679896593103"><ele>599.36999512</ele></trkpt><trkpt lat="42.97308967468726" lon="-1.8008232712011283"><ele>599.34997559</ele></trkpt><trkpt lat="42.97300939438403" lon="-1.8006037510247899"><ele>599.17999268</ele></trkpt><trkpt lat="42.972993040457354" lon="-1.8005590327084116"><ele>599.08001709</ele></trkpt><trkpt lat="42.972981537258526" lon="-1.8005212856815356"><ele>599.11999512</ele></trkpt><trkpt lat="42.972912510445475" lon="-1.8002947796638884"><ele>599.04998779</ele></trkpt><trkpt lat="42.97290100716054" lon="-1.800257032737145"><ele>599.08001709</ele></trkpt><trkpt lat="42.97283001244069" lon="-1.8000759836286355"><ele>599.13000488</ele></trkpt><trkpt lat="42.97281720174087" lon="-1.800062558373745"><ele>599.09997559</ele></trkpt><trkpt lat="42.972674486340495" lon="-1.7999129971124654"><ele>598.84997559</ele></trkpt><trkpt lat="42.972531770749534" lon="-1.7997634365399537"><ele>598.88000488</ele></trkpt><trkpt lat="42.97251896001398" lon="-1.799750011414284"><ele>598.90002441</ele></trkpt><trkpt lat="42.97251756866097" lon="-1.7997486752758942"><ele>598.90002441</ele></trkpt><trkpt lat="42.97237039912086" lon="-1.7996073464497888"><ele>598.94000244</ele></trkpt><trkpt lat="42.97236900776624" lon="-1.7996060103178013"><ele>598.94000244</ele></trkpt><trkpt lat="42.972355535889776" lon="-1.7995760716569658"><ele>598.92999268</ele></trkpt><trkpt lat="42.972261445022426" lon="-1.7993669736006161"><ele>599.09997559</ele></trkpt><trkpt lat="42.97224797308445" lon="-1.7993370350450306"><ele>599.10998535</ele></trkpt><trkpt lat="42.9722349367422" lon="-1.7992664352573462"><ele>599.25</ele></trkpt><trkpt lat="42.97219102072406" lon="-1.799028605036982"><ele>599.63000488</ele></trkpt><trkpt lat="42.972177984192975" lon="-1.798958005383611"><ele>599.75</ele></trkpt><trkpt lat="42.97216441964826" lon="-1.7988645642154835"><ele>599.85998535</ele></trkpt><trkpt lat="42.972129495367604" lon="-1.7986239862692248"><ele>600.2199707</ele></trkpt><trkpt lat="42.97209457058429" lon="-1.7983834086062227"><ele>600.64001465</ele></trkpt><trkpt lat="42.97208100557327" lon="-1.7982899677008388"><ele>600.80999756</ele></trkpt><trkpt lat="42.9720660542755" lon="-1.7982147148307785"><ele>600.94000244</ele></trkpt><trkpt lat="42.97201902182109" lon="-1.7979779929425546"><ele>601.2800293</ele></trkpt><trkpt lat="42.971971988881016" lon="-1.7977412714253849"><ele>601.25</ele></trkpt><trkpt lat="42.971957037225366" lon="-1.7976660188287468"><ele>601.16998291</ele></trkpt><trkpt lat="42.971903979778276" lon="-1.7974599916487886"><ele>601.04998779</ele></trkpt><trkpt lat="42.971890470820725" lon="-1.7973832213644227"><ele>601.01000977</ele></trkpt><trkpt lat="42.97184850588266" lon="-1.7971447401793097"><ele>600.86999512</ele></trkpt><trkpt lat="42.97183499671518" lon="-1.7970679700374608"><ele>600.80999756</ele></trkpt><trkpt lat="42.971825022250414" lon="-1.7968760244548327"><ele>600.51000977</ele></trkpt><trkpt lat="42.97182763872514" lon="-1.796810454041666"><ele>600.38000488</ele></trkpt><trkpt lat="42.97183740956055" lon="-1.7965655827140457"><ele>599.94000244</ele></trkpt><trkpt lat="42.97184002585709" lon="-1.7965000122785526"><ele>599.79998779</ele></trkpt><trkpt lat="42.97184592028381" lon="-1.7964501076497972"><ele>599.72998047</ele></trkpt><trkpt lat="42.97187451776332" lon="-1.7962079869270846"><ele>599.48999023</ele></trkpt><trkpt lat="42.97190311472769" lon="-1.7959658659912303"><ele>599.09997559</ele></trkpt><trkpt lat="42.97190900892017" lon="-1.795915961265556"><ele>599.02001953</ele></trkpt><trkpt lat="42.9719091608461" lon="-1.7959132484856066"><ele>599.02001953</ele></trkpt><trkpt lat="42.97192285477844" lon="-1.7956687256940302"><ele>598.75</ele></trkpt><trkpt lat="42.97192300669849" lon="-1.7956660129129896"><ele>598.75</ele></trkpt><trkpt lat="42.97188503667713" lon="-1.7955260351300266"><ele>598.55999756</ele></trkpt><trkpt lat="42.9717930033803" lon="-1.7953810282051619"><ele>598.39001465</ele></trkpt><trkpt lat="42.97171496786178" lon="-1.795340040698643"><ele>598.23999023</ele></trkpt><trkpt lat="42.97170694698249" lon="-1.7953364302526928"><ele>598.23999023</ele></trkpt><trkpt lat="42.97153596431849" lon="-1.7952594658953702"><ele>598.23999023</ele></trkpt><trkpt lat="42.97136498160291" lon="-1.7951825019550354"><ele>598.17999268</ele></trkpt><trkpt lat="42.971193998835744" lon="-1.7951055384316545"><ele>598.15997314</ele></trkpt><trkpt lat="42.97102301601699" lon="-1.7950285753252258"><ele>598.0300293</ele></trkpt><trkpt lat="42.97101499512792" lon="-1.795024964958434"><ele>598.0300293</ele></trkpt><trkpt lat="42.971004816869524" lon="-1.7950179358569784"><ele>598.02001953</ele></trkpt><trkpt lat="42.97084420810392" lon="-1.7949070198451578"><ele>597.92999268</ele></trkpt><trkpt lat="42.970834029838436" lon="-1.7948999907821406"><ele>597.92999268</ele></trkpt><trkpt lat="42.97070302069187" lon="-1.7947620246559335"><ele>597.90002441</ele></trkpt><trkpt lat="42.970692866797805" lon="-1.7947495109125713"><ele>597.97998047</ele></trkpt><trkpt lat="42.97055934639675" lon="-1.7945849597971502"><ele>597.91998291</ele></trkpt><trkpt lat="42.97042582576469" lon="-1.794420409392572"><ele>597.7800293</ele></trkpt><trkpt lat="42.97029230490164" lon="-1.794255859698867"><ele>597.69000244</ele></trkpt><trkpt lat="42.970158783807626" lon="-1.794091310715999"><ele>597.57000732</ele></trkpt><trkpt lat="42.970025262482594" lon="-1.7939267624439652"><ele>597.39001465</ele></trkpt><trkpt lat="42.969891740926606" lon="-1.79376221488279"><ele>597.34997559</ele></trkpt><trkpt lat="42.96975821913963" lon="-1.7935976680324348"><ele>597.33001709</ele></trkpt><trkpt lat="42.969624697121695" lon="-1.7934331218928994"><ele>597.32000732</ele></trkpt><trkpt lat="42.96949117487277" lon="-1.7932685764641916"><ele>597.26000977</ele></trkpt><trkpt lat="42.969357652392894" lon="-1.793104031746295"><ele>597.28997803</ele></trkpt><trkpt lat="42.96922412968205" lon="-1.7929394877392124"><ele>597.22998047</ele></trkpt><trkpt lat="42.96921397559344" lon="-1.792926974594592"><ele>597.22998047</ele></trkpt><trkpt lat="42.9691679861363" lon="-1.792873561295682"><ele>597.27001953</ele></trkpt><trkpt lat="42.96903097155272" lon="-1.7927144297899387"><ele>597.16998291</ele></trkpt><trkpt lat="42.9689849819988" lon="-1.7926610168069592"><ele>597.16998291</ele></trkpt><trkpt lat="42.96887903474269" lon="-1.7925470229238316"><ele>597.2199707</ele></trkpt><trkpt lat="42.96876797452568" lon="-1.7925249785184885"><ele>597.03997803</ele></trkpt><trkpt lat="42.96859103254974" lon="-1.792509974911805"><ele>596.61999512</ele></trkpt><trkpt lat="42.96847100369633" lon="-1.7924129962921238"><ele>596.14001465</ele></trkpt><trkpt lat="42.968446378271274" lon="-1.7923805374194202"><ele>596.09002686</ele></trkpt><trkpt lat="42.96831698640146" lon="-1.7922099860909595"><ele>595.57000732</ele></trkpt><trkpt lat="42.96818759428334" lon="-1.792039435477242"><ele>594.86999512</ele></trkpt><trkpt lat="42.96816296875477" lon="-1.7920069769024913"><ele>594.7800293</ele></trkpt><trkpt lat="42.96803195960819" lon="-1.7918430268764574"><ele>594.2199707</ele></trkpt><trkpt lat="42.967897010967135" lon="-1.7916879616677728"><ele>593.58001709</ele></trkpt><trkpt lat="42.96776499599218" lon="-1.791644040495158"><ele>592.7199707</ele></trkpt><trkpt lat="42.96766097657382" lon="-1.791673963889475"><ele>591.78997803</ele></trkpt><trkpt lat="42.96754798851906" lon="-1.7917319666594334"><ele>591.26000977</ele></trkpt><trkpt lat="42.967544305249966" lon="-1.7917386942865132"><ele>591.34997559</ele></trkpt><trkpt lat="42.967436672088965" lon="-1.7919352895499616"><ele>590.15002441</ele></trkpt><trkpt lat="42.96743298880755" lon="-1.7919420171529"><ele>590.15002441</ele></trkpt><trkpt lat="42.96741532007811" lon="-1.7919757148335729"><ele>589.94000244</ele></trkpt><trkpt lat="42.9673106798247" lon="-1.7921752832210494"><ele>588.86999512</ele></trkpt><trkpt lat="42.96729301102457" lon="-1.7922089807689159"><ele>588.79998779</ele></trkpt><trkpt lat="42.96726394018554" lon="-1.792233651223852"><ele>588.45001221</ele></trkpt><trkpt lat="42.96711110939675" lon="-1.7923633479123198"><ele>587.66998291</ele></trkpt><trkpt lat="42.96708203852177" lon="-1.7923880182206593"><ele>587.4699707</ele></trkpt><trkpt lat="42.966908030211926" lon="-1.7924440093338525"><ele>586.78997803</ele></trkpt><trkpt lat="42.96688953069043" lon="-1.792436220817821"><ele>586.71002197</ele></trkpt><trkpt lat="42.9667174850738" lon="-1.7923637878196674"><ele>586.07000732</ele></trkpt><trkpt lat="42.96669898554681" lon="-1.7923559993505565"><ele>585.9699707</ele></trkpt><trkpt lat="42.96666528952189" lon="-1.7923292451186197"><ele>585.84002686</ele></trkpt><trkpt lat="42.966509722981606" lon="-1.7922057276249652"><ele>584.98999023</ele></trkpt><trkpt lat="42.966476026922464" lon="-1.792178973555567"><ele>584.77001953</ele></trkpt><trkpt lat="42.966467200533934" lon="-1.7921691339625085"><ele>584.76000977</ele></trkpt><trkpt lat="42.96632786027846" lon="-1.7920137989633336"><ele>583.85998535</ele></trkpt><trkpt lat="42.96631903387606" lon="-1.7920039594173427"><ele>583.7800293</ele></trkpt><trkpt lat="42.966215014457696" lon="-1.7918140254914754"><ele>582.82000732</ele></trkpt><trkpt lat="42.96620168197961" lon="-1.7917831845397585"><ele>582.53997803</ele></trkpt><trkpt lat="42.96611032980336" lon="-1.791571867751318"><ele>581.59997559</ele></trkpt><trkpt lat="42.966096997261054" lon="-1.791541026905182"><ele>581.47998047</ele></trkpt><trkpt lat="42.96601200476289" lon="-1.7913790047168678"><ele>580.44000244</ele></trkpt><trkpt lat="42.96591200865806" lon="-1.7913270369172132"><ele>579.61999512</ele></trkpt><trkpt lat="42.96573598869145" lon="-1.7913220077753167"><ele>578.69000244</ele></trkpt><trkpt lat="42.965724308326216" lon="-1.7913312755049513"><ele>578.75</ele></trkpt><trkpt lat="42.96556871543566" lon="-1.791454729536098"><ele>577.45001221</ele></trkpt><trkpt lat="42.96555703505873" lon="-1.7914639972150308"><ele>578.90997314</ele></trkpt><trkpt lat="42.9655542458318" lon="-1.791468280150604"><ele>578.90997314</ele></trkpt><trkpt lat="42.965434766297626" lon="-1.7916517436980495"><ele>576.2800293</ele></trkpt><trkpt lat="42.96543197706341" lon="-1.7916560266166888"><ele>576.67999268</ele></trkpt><trkpt lat="42.965413690273586" lon="-1.7916867534469967"><ele>576.23999023</ele></trkpt><trkpt lat="42.96530031166694" lon="-1.7918772599263533"><ele>574.75</ele></trkpt><trkpt lat="42.96528202481567" lon="-1.791907986626024"><ele>574.54998779</ele></trkpt><trkpt lat="42.965164007619016" lon="-1.7920140177011414"><ele>573.88000488</ele></trkpt><trkpt lat="42.96502302400767" lon="-1.792044024914504"><ele>573.44000244</ele></trkpt><trkpt lat="42.964941971003995" lon="-1.7919860221445645"><ele>572.90002441</ele></trkpt><trkpt lat="42.96485396102071" lon="-1.7918730340898092"><ele>572.30999756</ele></trkpt><trkpt lat="42.96482009340984" lon="-1.791789765864155"><ele>572.02001953</ele></trkpt><trkpt lat="42.9647328474553" lon="-1.7915752606671138"><ele>571.27001953</ele></trkpt><trkpt lat="42.964698979631066" lon="-1.7914919927716286"><ele>570.84997559</ele></trkpt><trkpt lat="42.96468323228388" lon="-1.7914688817225344"><ele>570.67999268</ele></trkpt><trkpt lat="42.96456075145706" lon="-1.791289127607582"><ele>570.13000488</ele></trkpt><trkpt lat="42.964545004069805" lon="-1.7912660166621162"><ele>570.14001465</ele></trkpt><trkpt lat="42.964421035721905" lon="-1.791155040264136"><ele>569.65002441</ele></trkpt><trkpt lat="42.964267982169986" lon="-1.7911080177873313"><ele>568.69000244</ele></trkpt><trkpt lat="42.96424974679029" lon="-1.7911060718254055"><ele>568.58001709</ele></trkpt><trkpt lat="42.96407021590577" lon="-1.7910869135043854"><ele>567.34997559</ele></trkpt><trkpt lat="42.96405198052524" lon="-1.7910849675536153"><ele>567.2800293</ele></trkpt><trkpt lat="42.9640088443251" lon="-1.7910888692681035"><ele>567.01000977</ele></trkpt><trkpt lat="42.96382915894045" lon="-1.791105121932902"><ele>565.7199707</ele></trkpt><trkpt lat="42.96378602273762" lon="-1.7911090236157146"><ele>565.38000488</ele></trkpt><trkpt lat="42.96377509700622" lon="-1.7911105453865925"><ele>565.32000732</ele></trkpt><trkpt lat="42.963595950431795" lon="-1.7911354974115496"><ele>563.94000244</ele></trkpt><trkpt lat="42.96358502469958" lon="-1.7911370191723064"><ele>563.90997314</ele></trkpt><trkpt lat="42.963551966193855" lon="-1.79116164664169"><ele>563.55999756</ele></trkpt><trkpt lat="42.9633939844509" lon="-1.791279337272491"><ele>562.75</ele></trkpt><trkpt lat="42.96323600257528" lon="-1.791397027294458"><ele>561.47998047</ele></trkpt><trkpt lat="42.96307802056698" lon="-1.7915147167076182"><ele>559.57000732</ele></trkpt><trkpt lat="42.96292003842603" lon="-1.7916324055119393"><ele>558.04998779</ele></trkpt><trkpt lat="42.96288697980343" lon="-1.7916570324450718"><ele>557.66998291</ele></trkpt><trkpt lat="42.96288394662597" lon="-1.7916608083788128"><ele>557.66998291</ele></trkpt><trkpt lat="42.96275104103217" lon="-1.7918262590094396"><ele>556.5</ele></trkpt><trkpt lat="42.96274800784886" lon="-1.7918300349265297"><ele>556.63000488</ele></trkpt><trkpt lat="42.962713930855145" lon="-1.7919081735689804"><ele>556.65997314</ele></trkpt><trkpt lat="42.96262198630805" lon="-1.7921190016229465"><ele>554.51000977</ele></trkpt><trkpt lat="42.96253004136346" lon="-1.7923298290545735"><ele>553.32000732</ele></trkpt><trkpt lat="42.96249596402048" lon="-1.7924079671502144"><ele>553.15997314</ele></trkpt><trkpt lat="42.96248829107992" lon="-1.7924181992603037"><ele>553.15997314</ele></trkpt><trkpt lat="42.96235963588154" lon="-1.7925897644870008"><ele>551.65997314</ele></trkpt><trkpt lat="42.962351962924" lon="-1.792599996551872"><ele>551.46002197</ele></trkpt><trkpt lat="42.962250038981445" lon="-1.7926210351288265"><ele>550.83001709</ele></trkpt><trkpt lat="42.962156999856234" lon="-1.7925849929451958"><ele>550.52001953</ele></trkpt><trkpt lat="42.96215588500086" lon="-1.7925827981361488"><ele>550.52001953</ele></trkpt><trkpt lat="42.962053450320624" lon="-1.7923811362854278"><ele>549.54998779</ele></trkpt><trkpt lat="42.961951015291376" lon="-1.7921794751081475"><ele>548.88000488</ele></trkpt><trkpt lat="42.96184857991315" lon="-1.7919778146043377"><ele>548.33001709</ele></trkpt><trkpt lat="42.96174614418597" lon="-1.7917761547739643"><ele>547.63000488</ele></trkpt><trkpt lat="42.961745029315345" lon="-1.7917739599943197"><ele>547.66998291</ele></trkpt><trkpt lat="42.961729550125895" lon="-1.7917514569807547"><ele>547.55999756</ele></trkpt><trkpt lat="42.961606449163256" lon="-1.7915724984539825"><ele>546.75</ele></trkpt><trkpt lat="42.96159096993506" lon="-1.7915499955415701"><ele>546.64001465</ele></trkpt><trkpt lat="42.961584239090726" lon="-1.791541555863223"><ele>546.64001465</ele></trkpt><trkpt lat="42.96145177185776" lon="-1.791375458235689"><ele>545.88000488</ele></trkpt><trkpt lat="42.96144504100084" lon="-1.7913670185953456"><ele>545.76000977</ele></trkpt><trkpt lat="42.96140370884893" lon="-1.791344765346647"><ele>545.58001709</ele></trkpt><trkpt lat="42.961236244758275" lon="-1.7912546029298821"><ele>545.25</ele></trkpt><trkpt lat="42.96106878059775" lon="-1.7911644409936154"><ele>544.70001221</ele></trkpt><trkpt lat="42.96090131636736" lon="-1.7910742795378112"><ele>543.97998047</ele></trkpt><trkpt lat="42.96085998415945" lon="-1.7910520266741594"><ele>543.95001221</ele></trkpt><trkpt lat="42.960848930000644" lon="-1.7910443546313524"><ele>543.95001221</ele></trkpt><trkpt lat="42.96068849048093" lon="-1.7909330033224802"><ele>543.09002686</ele></trkpt><trkpt lat="42.96052805085555" lon="-1.790821652585382"><ele>542.32000732</ele></trkpt><trkpt lat="42.96051699668169" lon="-1.790813980624083"><ele>542.15002441</ele></trkpt><trkpt lat="42.96047572969645" lon="-1.7907786886845707"><ele>541.94000244</ele></trkpt><trkpt lat="42.96032323515177" lon="-1.7906482743057925"><ele>541</ele></trkpt><trkpt lat="42.96028196811677" lon="-1.79061298258603"><ele>540.66998291</ele></trkpt><trkpt lat="42.96023380862266" lon="-1.790589623703584"><ele>540.40002441</ele></trkpt><trkpt lat="42.960064169844564" lon="-1.790507343817215"><ele>539.17999268</ele></trkpt><trkpt lat="42.96001601032914" lon="-1.7904839850962238"><ele>538.90997314</ele></trkpt><trkpt lat="42.95990000478924" lon="-1.7904500383883712"><ele>538.23999023</ele></trkpt><trkpt lat="42.95987796038389" lon="-1.7903620284050699"><ele>538.23999023</ele></trkpt><trkpt lat="42.960035037249284" lon="-1.7902639601379564"><ele>537.32000732</ele></trkpt><trkpt lat="42.96008625355128" lon="-1.790247943522619"><ele>537.04998779</ele></trkpt><trkpt lat="42.96026176486988" lon="-1.790193056539101"><ele>536.21002197</ele></trkpt><trkpt lat="42.96031298115851" lon="-1.790177039802068"><ele>535.94000244</ele></trkpt><trkpt lat="42.96038418582503" lon="-1.7901646022788742"><ele>535.66998291</ele></trkpt><trkpt lat="42.96056280339248" lon="-1.7901334025001259"><ele>534.96002197</ele></trkpt><trkpt lat="42.960634008049965" lon="-1.7901209648698575"><ele>534.72998047</ele></trkpt><trkpt lat="42.960770968347774" lon="-1.7900659795850564"><ele>534.63000488</ele></trkpt><trkpt lat="42.9608220141381" lon="-1.7899189610034156"><ele>534.41998291</ele></trkpt><trkpt lat="42.96080701053141" lon="-1.7897590342909089"><ele>534.44000244</ele></trkpt><trkpt lat="42.96073903329668" lon="-1.7896509915590262"><ele>534.59002686</ele></trkpt><trkpt lat="42.960628978908055" lon="-1.7895560245960889"><ele>534.97998047</ele></trkpt><trkpt lat="42.960627980270246" lon="-1.789555240517425"><ele>534.97998047</ele></trkpt><trkpt lat="42.960471978671904" lon="-1.7894327565038677"><ele>535.69000244</ele></trkpt><trkpt lat="42.96047098003328" lon="-1.7894319724291639"><ele>535.69000244</ele></trkpt><trkpt lat="42.960468540525234" lon="-1.7894300637402274"><ele>535.85998535</ele></trkpt><trkpt lat="42.96031240318343" lon="-1.7893079011036988"><ele>536.54998779</ele></trkpt><trkpt lat="42.960309963673375" lon="-1.7893059924244863"><ele>536.54998779</ele></trkpt><trkpt lat="42.96030221310946" lon="-1.789298286240864"><ele>536.65002441</ele></trkpt><trkpt lat="42.96015678170637" lon="-1.789153688038527"><ele>537.41998291</ele></trkpt><trkpt lat="42.96014903113246" lon="-1.7891459818929474"><ele>537.41998291</ele></trkpt><trkpt lat="42.96011711094819" lon="-1.7891102923072546"><ele>537.61999512</ele></trkpt><trkpt lat="42.959977941680094" lon="-1.788954689343588"><ele>538.52001953</ele></trkpt><trkpt lat="42.959946021437645" lon="-1.7889189999550612"><ele>538.59997559</ele></trkpt><trkpt lat="42.959815012291074" lon="-1.7887900024652532"><ele>539.38000488</ele></trkpt><trkpt lat="42.95980019384921" lon="-1.7887668768872822"><ele>539.45001221</ele></trkpt><trkpt lat="42.95968180636404" lon="-1.7885821226918013"><ele>540.15002441</ele></trkpt><trkpt lat="42.95966698788108" lon="-1.7885589972138503"><ele>540.2199707</ele></trkpt><trkpt lat="42.95965919947594" lon="-1.7885453324794212"><ele>540.27001953</ele></trkpt><trkpt lat="42.95954879630581" lon="-1.7883516311090817"><ele>541.15997314</ele></trkpt><trkpt lat="42.959541007876396" lon="-1.7883379664272052"><ele>541.15997314</ele></trkpt><trkpt lat="42.95946196652948" lon="-1.7881239764392451"><ele>542.22998047</ele></trkpt><trkpt lat="42.95945400372147" lon="-1.7879249900579384"><ele>542.5300293</ele></trkpt><trkpt lat="42.95947797596453" lon="-1.787833040580154"><ele>542.76000977</ele></trkpt><trkpt lat="42.95949802868405" lon="-1.787754976464572"><ele>542.90002441</ele></trkpt><trkpt lat="42.95955747874006" lon="-1.7875235391957671"><ele>543.7800293</ele></trkpt><trkpt lat="42.959616928321935" lon="-1.7872921014905732"><ele>544.51000977</ele></trkpt><trkpt lat="42.9596369806677" lon="-1.7872140370309293"><ele>545.17999268</ele></trkpt><trkpt lat="42.959711998701096" lon="-1.7870009690523156"><ele>545.97998047</ele></trkpt><trkpt lat="42.9597850050777" lon="-1.7868510168045717"><ele>546.66998291</ele></trkpt><trkpt lat="42.95983999036254" lon="-1.7866240348666813"><ele>547.57000732</ele></trkpt><trkpt lat="42.9598400411462" lon="-1.786623202199752"><ele>547.57000732</ele></trkpt><trkpt lat="42.959854943187324" lon="-1.7863788586759037"><ele>548.15002441</ele></trkpt><trkpt lat="42.95985499396918" lon="-1.786378026008611"><ele>548.15002441</ele></trkpt><trkpt lat="42.959854561498226" lon="-1.786372011555057"><ele>548.15002441</ele></trkpt><trkpt lat="42.95983701505916" lon="-1.786127993758041"><ele>548.89001465</ele></trkpt><trkpt lat="42.959819468101436" lon="-1.7858839761114567"><ele>549.5</ele></trkpt><trkpt lat="42.95981903560458" lon="-1.785877961665397"><ele>549.53997803</ele></trkpt><trkpt lat="42.959811282026436" lon="-1.7858043491403939"><ele>549.67999268</ele></trkpt><trkpt lat="42.95978571805975" lon="-1.7855616479708531"><ele>550.29998779</ele></trkpt><trkpt lat="42.959777964279056" lon="-1.7854880355298466"><ele>550.51000977</ele></trkpt><trkpt lat="42.95982398092746" lon="-1.7852850258350406"><ele>551.34997559</ele></trkpt><trkpt lat="42.95988801866769" lon="-1.7851059883832932"><ele>552.03997803</ele></trkpt><trkpt lat="42.95989800330966" lon="-1.7850827764473376"><ele>552.04998779</ele></trkpt><trkpt lat="42.959989010472434" lon="-1.7848712054148526"><ele>552.60998535</ele></trkpt><trkpt lat="42.95999899506568" lon="-1.7848479934036643"><ele>552.84002686</ele></trkpt><trkpt lat="42.959993965923786" lon="-1.784682031720873"><ele>553.16998291</ele></trkpt><trkpt lat="42.95994996093214" lon="-1.7845940217375778"><ele>553.26000977</ele></trkpt><trkpt lat="42.95985801145433" lon="-1.7845579795539372"><ele>553.19000244</ele></trkpt><trkpt lat="42.9598558537121" lon="-1.7845581791089005"><ele>553.19000244</ele></trkpt><trkpt lat="42.95967618642207" lon="-1.784574795263743"><ele>553.20001221</ele></trkpt><trkpt lat="42.95967402867973" lon="-1.7845749948173817"><ele>553.20001221</ele></trkpt><trkpt lat="42.95956598594785" lon="-1.7845390364527731"><ele>553.7199707</ele></trkpt><trkpt lat="42.95941402204337" lon="-1.7844419740140431"><ele>553.41998291</ele></trkpt><trkpt lat="42.95929600484669" lon="-1.7842839751392585"><ele>554.65997314</ele></trkpt><trkpt lat="42.95918997377158" lon="-1.7841490264982047"><ele>555.40002441</ele></trkpt><trkpt lat="42.95918217273232" lon="-1.7841372046619188"><ele>555.34002686</ele></trkpt><trkpt lat="42.95906182036101" lon="-1.7839548211053662"><ele>556.16998291</ele></trkpt><trkpt lat="42.95905401930213" lon="-1.783942999318243"><ele>556.14001465</ele></trkpt><trkpt lat="42.959052657570616" lon="-1.7839390368509715"><ele>556.14001465</ele></trkpt><trkpt lat="42.95897633969446" lon="-1.7837169623523799"><ele>557.29998779</ele></trkpt><trkpt lat="42.958974977955215" lon="-1.7837129998952095"><ele>557.40002441</ele></trkpt><trkpt lat="42.958918986842036" lon="-1.7835919652134218"><ele>557.57000732</ele></trkpt><trkpt lat="42.95884002931416" lon="-1.78344796411693"><ele>558.34002686</ele></trkpt><trkpt lat="42.95872997492552" lon="-1.7833509854972383"><ele>558.7199707</ele></trkpt><trkpt lat="42.958672977983944" lon="-1.783313015475871"><ele>559.04998779</ele></trkpt><trkpt lat="42.95860701240599" lon="-1.783270016312597"><ele>559.32000732</ele></trkpt><trkpt lat="42.95853400602935" lon="-1.7832290288060824"><ele>559.54998779</ele></trkpt><trkpt lat="42.95844297856092" lon="-1.7831400129944075"><ele>560.04998779</ele></trkpt><trkpt lat="42.95834599994124" lon="-1.7830069921910727"><ele>560.60998535</ele></trkpt><trkpt lat="42.95827500522137" lon="-1.782895009964698"><ele>560.91998291</ele></trkpt><trkpt lat="42.958170985803" lon="-1.7827299702912556"><ele>561.84002686</ele></trkpt><trkpt lat="42.95812203548849" lon="-1.782653024420132"><ele>562.30999756</ele></trkpt><trkpt lat="42.9580419883132" lon="-1.7824749927967785"><ele>563.09002686</ele></trkpt><trkpt lat="42.958022798759" lon="-1.782415684585853"><ele>563.30999756</ele></trkpt><trkpt lat="42.95795020161455" lon="-1.7821913133508884"><ele>564.42999268</ele></trkpt><trkpt lat="42.95793101191521" lon="-1.7821320053190028"><ele>564.90997314</ele></trkpt><trkpt lat="42.95792754763431" lon="-1.7821082460963638"><ele>565.07000732</ele></trkpt><trkpt lat="42.957892482915724" lon="-1.7818677623177983"><ele>566.57000732</ele></trkpt><trkpt lat="42.95788901858032" lon="-1.7818440031260263"><ele>566.75</ele></trkpt><trkpt lat="42.95787200331687" lon="-1.781706959009178"><ele>567.38000488</ele></trkpt><trkpt lat="42.957868727969135" lon="-1.781674435289063"><ele>567.59997559</ele></trkpt><trkpt lat="42.957844265700814" lon="-1.7814315315757816"><ele>568.52001953</ele></trkpt><trkpt lat="42.957840990275145" lon="-1.7813990078866542"><ele>568.85998535</ele></trkpt><trkpt lat="42.9577880166471" lon="-1.781245032325393"><ele>569.45001221</ele></trkpt><trkpt lat="42.95778593375291" lon="-1.7812380585991674"><ele>569.45001221</ele></trkpt><trkpt lat="42.957718099007124" lon="-1.7810109425003493"><ele>570.52001953</ele></trkpt><trkpt lat="42.95771601609885" lon="-1.7810039687901753"><ele>570.52001953</ele></trkpt><trkpt lat="42.957658013328896" lon="-1.7807919904589626"><ele>571.48999023</ele></trkpt><trkpt lat="42.95761903747916" lon="-1.7805670201778394"><ele>572.61999512</ele></trkpt><trkpt lat="42.95761300250885" lon="-1.7804810218512932"><ele>572.90002441</ele></trkpt><trkpt lat="42.957614008337266" lon="-1.7802770063281015"><ele>573.90002441</ele></trkpt><trkpt lat="42.957639992237084" lon="-1.780037032440303"><ele>575.54998779</ele></trkpt><trkpt lat="42.95766597613693" lon="-1.779845003038638"><ele>576.22998047</ele></trkpt><trkpt lat="42.95765399001539" lon="-1.7797040194272977"><ele>575.89001465</ele></trkpt><trkpt lat="42.957643324120674" lon="-1.7796321494067295"><ele>575.54998779</ele></trkpt><trkpt lat="42.95760765916332" lon="-1.7793918305323637"><ele>574.39001465</ele></trkpt><trkpt lat="42.95759699307382" lon="-1.7793199606239725"><ele>574.15997314</ele></trkpt><trkpt lat="42.95759308115888" lon="-1.7793062441536602"><ele>574.15997314</ele></trkpt><trkpt lat="42.95752789864082" lon="-1.7790776937401798"><ele>573.17999268</ele></trkpt><trkpt lat="42.95752398669719" lon="-1.7790639773011259"><ele>573.17999268</ele></trkpt><trkpt lat="42.957514558930576" lon="-1.7790290475291382"><ele>573</ele></trkpt><trkpt lat="42.95745244535918" lon="-1.7787989186760496"><ele>572.10998535</ele></trkpt><trkpt lat="42.95744301751256" lon="-1.7787639889866194"><ele>571.97998047</ele></trkpt><trkpt lat="42.95741236740008" lon="-1.7786725102417218"><ele>571.69000244</ele></trkpt><trkpt lat="42.95733762958469" lon="-1.7784494480250186"><ele>570.59002686</ele></trkpt><trkpt lat="42.957306979224086" lon="-1.77835796959698"><ele>570.02001953</ele></trkpt><trkpt lat="42.95730507837663" lon="-1.7783516872518665"><ele>569.96002197</ele></trkpt><trkpt lat="42.957236487652686" lon="-1.7781249943278234"><ele>568.80999756</ele></trkpt><trkpt lat="42.95716789648512" lon="-1.7778983019160233"><ele>567.82000732</ele></trkpt><trkpt lat="42.95716599561274" lon="-1.7778920195996781"><ele>567.82000732</ele></trkpt><trkpt lat="42.95715330793123" lon="-1.7778243528085031"><ele>567.57000732</ele></trkpt><trkpt lat="42.95710876545964" lon="-1.7775867978244824"><ele>566.70001221</ele></trkpt><trkpt lat="42.957064222498836" lon="-1.7773492431937825"><ele>565.72998047</ele></trkpt><trkpt lat="42.957019679048834" lon="-1.7771116889163894"><ele>564.92999268</ele></trkpt><trkpt lat="42.95700699090958" lon="-1.7770440224558164"><ele>564.64001465</ele></trkpt><trkpt lat="42.9569834499837" lon="-1.7769531051621699"><ele>564.15002441</ele></trkpt><trkpt lat="42.956923579004226" lon="-1.7767218793103698"><ele>563.21002197</ele></trkpt><trkpt lat="42.95690003782509" lon="-1.7766309622675118"><ele>562.77001953</ele></trkpt><trkpt lat="42.95688306221571" lon="-1.7765475921210476"><ele>562.47998047</ele></trkpt><trkpt lat="42.956834954833305" lon="-1.7763113303287958"><ele>561.48999023</ele></trkpt><trkpt lat="42.95681797899305" lon="-1.776227960363024"><ele>561.80999756</ele></trkpt><trkpt lat="42.9568144394491" lon="-1.7762052931825012"><ele>561.11999512</ele></trkpt><trkpt lat="42.95677699178554" lon="-1.7759654808843763"><ele>560.01000977</ele></trkpt><trkpt lat="42.95673954362282" lon="-1.7757256688881469"><ele>559.11999512</ele></trkpt><trkpt lat="42.95673600398004" lon="-1.7757030017674003"><ele>559.04998779</ele></trkpt><trkpt lat="42.95673112186473" lon="-1.775661088393424"><ele>558.86999512</ele></trkpt><trkpt lat="42.9567029161775" lon="-1.7754189428797804"><ele>557.97998047</ele></trkpt><trkpt lat="42.95669803395868" lon="-1.7753770295530573"><ele>557.89001465</ele></trkpt><trkpt lat="42.95667297206817" lon="-1.7752190306782636"><ele>557.19000244</ele></trkpt><trkpt lat="42.95665922331334" lon="-1.7751137068895988"><ele>556.84997559</ele></trkpt><trkpt lat="42.95662771254197" lon="-1.7748723182673836"><ele>555.89001465</ele></trkpt><trkpt lat="42.956613963469856" lon="-1.7747669946402305"><ele>555.52001953</ele></trkpt><trkpt lat="42.95661146945608" lon="-1.7747446061688346"><ele>555.44000244</ele></trkpt><trkpt lat="42.95658446658263" lon="-1.7745022071442231"><ele>554.52001953</ele></trkpt><trkpt lat="42.95655746319829" lon="-1.774259808343184"><ele>553.4699707</ele></trkpt><trkpt lat="42.956530459303046" lon="-1.774017409765664"><ele>552.46002197</ele></trkpt><trkpt lat="42.956527965143344" lon="-1.7739950213581226"><ele>552.36999512</ele></trkpt><trkpt lat="42.956523144966326" lon="-1.7739265540774916"><ele>551.98999023</ele></trkpt><trkpt lat="42.956505963072885" lon="-1.7736825019772875"><ele>551.22998047</ele></trkpt><trkpt lat="42.9564887806606" lon="-1.7734384500247824"><ele>550.45001221</ele></trkpt><trkpt lat="42.956483960151644" lon="-1.773369982838633"><ele>550.22998047</ele></trkpt><trkpt lat="42.95647383475083" lon="-1.7732743074981372"><ele>550.04998779</ele></trkpt><trkpt lat="42.956448153004665" lon="-1.77303164311556"><ele>549.28997803</ele></trkpt><trkpt lat="42.95643802732229" lon="-1.7729359678924037"><ele>549.01000977</ele></trkpt><trkpt lat="42.95642220279591" lon="-1.7728722540521782"><ele>548.75</ele></trkpt><trkpt lat="42.95636451841026" lon="-1.7726400025312574"><ele>548.40997314</ele></trkpt><trkpt lat="42.956306833558095" lon="-1.7724077514539214"><ele>548.36999512</ele></trkpt><trkpt lat="42.95629100874064" lon="-1.7723440378904354"><ele>548.32000732</ele></trkpt><trkpt lat="42.956285723211074" lon="-1.7723213631106458"><ele>548.34002686</ele></trkpt><trkpt lat="42.95623125075194" lon="-1.7720876790686941"><ele>548.2800293</ele></trkpt><trkpt lat="42.95622596517205" lon="-1.7720650043338466"><ele>548.26000977</ele></trkpt><trkpt lat="42.95619302429259" lon="-1.7719240207225053"><ele>548.28997803</ele></trkpt><trkpt lat="42.95617990729709" lon="-1.7718687923184318"><ele>548.2800293</ele></trkpt><trkpt lat="42.956124502594236" lon="-1.7716355152876717"><ele>548.32000732</ele></trkpt><trkpt lat="42.95606909742055" lon="-1.7714022386853767"><ele>548.34997559</ele></trkpt><trkpt lat="42.95605598017574" lon="-1.7713470105081848"><ele>548.34997559</ele></trkpt><trkpt lat="42.95603253870191" lon="-1.7712624125090297"><ele>548.39001465</ele></trkpt><trkpt lat="42.955968976446705" lon="-1.7710330239644305"><ele>548.35998535</ele></trkpt><trkpt lat="42.9559054137369" lon="-1.7708036359011878"><ele>548.14001465</ele></trkpt><trkpt lat="42.95588197186591" lon="-1.7707190383225682"><ele>547.90997314</ele></trkpt><trkpt lat="42.95584830808163" lon="-1.7706145317569664"><ele>547.88000488</ele></trkpt><trkpt lat="42.955775983167236" lon="-1.770390006139957"><ele>547.55999756</ele></trkpt><trkpt lat="42.95570365781798" lon="-1.7701654810571497"><ele>547.2199707</ele></trkpt><trkpt lat="42.95566999353467" lon="-1.7700609751045668"><ele>547.17999268</ele></trkpt><trkpt lat="42.95564301038164" lon="-1.7699794986229833"><ele>547.11999512</ele></trkpt><trkpt lat="42.9555689920025" lon="-1.7697559990513312"><ele>546.94000244</ele></trkpt><trkpt lat="42.95549497319261" lon="-1.7695325000235438"><ele>546.7199707</ele></trkpt><trkpt lat="42.95546798966825" lon="-1.7694510240107721"><ele>546.72998047</ele></trkpt><trkpt lat="42.955441144498785" lon="-1.76937654392053"><ele>546.59002686</ele></trkpt><trkpt lat="42.95536181422342" lon="-1.7691564486448763"><ele>546.26000977</ele></trkpt><trkpt lat="42.955334968864925" lon="-1.7690819688141426"><ele>546.20001221</ele></trkpt><trkpt lat="42.95531556489027" lon="-1.76902345193422"><ele>546.03997803</ele></trkpt><trkpt lat="42.95524146907784" lon="-1.7688000011580858"><ele>545.80999756</ele></trkpt><trkpt lat="42.95516737283486" lon="-1.768576550926254"><ele>545.72998047</ele></trkpt><trkpt lat="42.95514796860517" lon="-1.7685180343687599"><ele>545.65997314</ele></trkpt><trkpt lat="42.95513738041675" lon="-1.7684882196131866"><ele>545.55999756</ele></trkpt><trkpt lat="42.95505899497341" lon="-1.7682674989171008"><ele>545.90997314</ele></trkpt><trkpt lat="42.95498060911028" lon="-1.7680467787889451"><ele>545.75</ele></trkpt><trkpt lat="42.95497002080081" lon="-1.7680169641971657"><ele>545.77001953</ele></trkpt><trkpt lat="42.95496539770015" lon="-1.7680065893225385"><ele>545.77001953</ele></trkpt><trkpt lat="42.95487199465113" lon="-1.7677969807960983"><ele>545.72998047</ele></trkpt><trkpt lat="42.95477859122462" lon="-1.7675873729094207"><ele>545.94000244</ele></trkpt><trkpt lat="42.95477396808565" lon="-1.7675769980996838"><ele>545.94000244</ele></trkpt><trkpt lat="42.95474461244644" lon="-1.7675172698318244"><ele>545.98999023</ele></trkpt><trkpt lat="42.95464446797951" lon="-1.767313512417007"><ele>546.54998779</ele></trkpt><trkpt lat="42.954544323156334" lon="-1.7671097556677628"><ele>547.01000977</ele></trkpt><trkpt lat="42.95451496727765" lon="-1.7670500278472838"><ele>547.15997314</ele></trkpt><trkpt lat="42.95447761600548" lon="-1.7669764883660408"><ele>547.30999756</ele></trkpt><trkpt lat="42.95437519623583" lon="-1.7667748389540885"><ele>547.89001465</ele></trkpt><trkpt lat="42.95427277611743" lon="-1.7665731902153674"><ele>548.45001221</ele></trkpt><trkpt lat="42.95417035565025" lon="-1.7663715421498956"><ele>549.10998535</ele></trkpt><trkpt lat="42.954133003950126" lon="-1.766298003494745"><ele>549.27001953</ele></trkpt><trkpt lat="42.95409387268002" lon="-1.766216912093343"><ele>549.44000244</ele></trkpt><trkpt lat="42.9539949962654" lon="-1.7660120123146272"><ele>549.95001221</ele></trkpt><trkpt lat="42.95389611949044" lon="-1.7658071131969704"><ele>550.65002441</ele></trkpt><trkpt lat="42.95385698787867" lon="-1.7657260224223124"><ele>550.77001953</ele></trkpt><trkpt lat="42.95380686010787" lon="-1.76562509821044"><ele>550.95001221</ele></trkpt><trkpt lat="42.953705988289514" lon="-1.7654220100457765"><ele>551.51000977</ele></trkpt><trkpt lat="42.95360511611731" lon="-1.7652189225491688"><ele>552.09997559</ele></trkpt><trkpt lat="42.95355498790742" lon="-1.7651179991662547"><ele>552.44000244</ele></trkpt><trkpt lat="42.95346496626735" lon="-1.7649340163916425"><ele>552.79998779</ele></trkpt><trkpt lat="42.953433882157626" lon="-1.7648682181227746"><ele>553.0300293</ele></trkpt><trkpt lat="42.95333647200928" lon="-1.7646620230633494"><ele>553.51000977</ele></trkpt><trkpt lat="42.95323906149593" lon="-1.7644558286595105"><ele>553.77001953</ele></trkpt><trkpt lat="42.953207977116094" lon="-1.7643900308758078"><ele>554.02001953</ele></trkpt><trkpt lat="42.953181314552054" lon="-1.7643141197781587"><ele>554.28997803</ele></trkpt><trkpt lat="42.9531036307279" lon="-1.7640929470222535"><ele>554.75</ele></trkpt><trkpt lat="42.95307696796953" lon="-1.764017036184676"><ele>555.08001709</ele></trkpt><trkpt lat="42.953041469051186" lon="-1.763908059202806"><ele>555.44000244</ele></trkpt><trkpt lat="42.952968466104416" lon="-1.7636839512044065"><ele>556.16998291</ele></trkpt><trkpt lat="42.952932966873014" lon="-1.7635749746113991"><ele>556.51000977</ele></trkpt><trkpt lat="42.952942019328496" lon="-1.7635869607329298"><ele>556.42999268</ele></trkpt><trkpt lat="42.952930265702314" lon="-1.7635376026730993"><ele>556.58001709</ele></trkpt><trkpt lat="42.9528747317284" lon="-1.7633043953170913"><ele>557.35998535</ele></trkpt><trkpt lat="42.952862977981574" lon="-1.7632550373673477"><ele>557.82000732</ele></trkpt><trkpt lat="42.95285490740308" lon="-1.7632356537201699"><ele>557.33001709</ele></trkpt><trkpt lat="42.95276610717112" lon="-1.7630223771247342"><ele>557.89001465</ele></trkpt><trkpt lat="42.952758036553845" lon="-1.7630029935389802"><ele>558</ele></trkpt><trkpt lat="42.95267899520695" lon="-1.7628220282495008"><ele>558.5</ele></trkpt><trkpt lat="42.9526434584158" lon="-1.7627610310331876"><ele>558.66998291</ele></trkpt><trkpt lat="42.95253155518401" lon="-1.7625689552615447"><ele>559.11999512</ele></trkpt><trkpt lat="42.95249601826072" lon="-1.7625079583376646"><ele>559.44000244</ele></trkpt><trkpt lat="42.952468657588724" lon="-1.7624670865488106"><ele>559.44000244</ele></trkpt><trkpt lat="42.952347359043635" lon="-1.7622858896269105"><ele>559.75</ele></trkpt><trkpt lat="42.95231999829411" lon="-1.7622450180351648"><ele>560.09002686</ele></trkpt><trkpt lat="42.95230800284078" lon="-1.7622235516135358"><ele>560.07000732</ele></trkpt><trkpt lat="42.95219897298393" lon="-1.7620284383221885"><ele>560.20001221</ele></trkpt><trkpt lat="42.952186977490776" lon="-1.7620069719850975"><ele>560.16998291</ele></trkpt><trkpt lat="42.952172305051654" lon="-1.761979779927282"><ele>560.19000244</ele></trkpt><trkpt lat="42.95206569551283" lon="-1.7617822039262152"><ele>560.27001953</ele></trkpt><trkpt lat="42.95205102302135" lon="-1.7617550119757728"><ele>560.27001953</ele></trkpt><trkpt lat="42.95203706146575" lon="-1.7617257705706084"><ele>560.19000244</ele></trkpt><trkpt lat="42.95193892081217" lon="-1.7615202233240657"><ele>560.23999023</ele></trkpt><trkpt lat="42.95192495919764" lon="-1.761490982025861"><ele>560.34002686</ele></trkpt><trkpt lat="42.951813982799656" lon="-1.7613189853727809"><ele>560.2800293</ele></trkpt><trkpt lat="42.95177443381843" lon="-1.7612697405206776"><ele>560.44000244</ele></trkpt><trkpt lat="42.95164155353977" lon="-1.7611042838194217"><ele>560.65997314</ele></trkpt><trkpt lat="42.95160200446845" lon="-1.7610550392419038"><ele>560.70001221</ele></trkpt><trkpt lat="42.951561988768425" lon="-1.761011760814716"><ele>560.7199707</ele></trkpt><trkpt lat="42.95142098945392" lon="-1.7608592655379158"><ele>561.09997559</ele></trkpt><trkpt lat="42.95138097368181" lon="-1.7608159873634548"><ele>561.32000732</ele></trkpt><trkpt lat="42.951309360983466" lon="-1.760743874141347"><ele>561.48999023</ele></trkpt><trkpt lat="42.951164584320814" lon="-1.7605980862330959"><ele>561.67999268</ele></trkpt><trkpt lat="42.95109297148883" lon="-1.7605259735137233"><ele>561.84002686</ele></trkpt><trkpt lat="42.951074659069164" lon="-1.760508461943723"><ele>561.92999268</ele></trkpt><trkpt lat="42.950927301157485" lon="-1.7603675488427633"><ele>562.36999512</ele></trkpt><trkpt lat="42.950908988714225" lon="-1.7603500373661551"><ele>562.35998535</ele></trkpt><trkpt lat="42.95086372048446" lon="-1.7603017353653894"><ele>562.52001953</ele></trkpt><trkpt lat="42.950721988623826" lon="-1.760150505559489"><ele>562.96002197</ele></trkpt><trkpt lat="42.950580256568585" lon="-1.7599992764448378"><ele>563.38000488</ele></trkpt><trkpt lat="42.950534988194704" lon="-1.7599509749561508"><ele>563.5300293</ele></trkpt><trkpt lat="42.95050505415455" lon="-1.7599209798005446"><ele>563.51000977</ele></trkpt><trkpt lat="42.950360026606404" lon="-1.7597756566720297"><ele>563.95001221</ele></trkpt><trkpt lat="42.95021499887871" lon="-1.7596303342224366"><ele>564.41998291</ele></trkpt><trkpt lat="42.95006997097143" lon="-1.7594850124517698"><ele>564.7199707</ele></trkpt><trkpt lat="42.950040036812425" lon="-1.759455017745491"><ele>564.79998779</ele></trkpt><trkpt lat="42.95003826714837" lon="-1.759453190990221"><ele>564.79998779</ele></trkpt><trkpt lat="42.949894775464564" lon="-1.7593050705587367"><ele>565.26000977</ele></trkpt><trkpt lat="42.949751283594175" lon="-1.7591569508122586"><ele>565.76000977</ele></trkpt><trkpt lat="42.94960779153718" lon="-1.7590088317508028"><ele>566.2800293</ele></trkpt><trkpt lat="42.94960602186622" lon="-1.7590070050209785"><ele>566.2800293</ele></trkpt><trkpt lat="42.9495656931189" lon="-1.7589651379907896"><ele>566.40002441</ele></trkpt><trkpt lat="42.949422500250634" lon="-1.7588164837983773"><ele>566.83001709</ele></trkpt><trkpt lat="42.949279307194416" lon="-1.7586678302920915"><ele>567.19000244</ele></trkpt><trkpt lat="42.94923897832632" lon="-1.7586259637028003"><ele>567.26000977</ele></trkpt><trkpt lat="42.94912900775671" lon="-1.7585090361535607"><ele>567.5300293</ele></trkpt><trkpt lat="42.94904803857207" lon="-1.7584040109068177"><ele>567.40002441</ele></trkpt><trkpt lat="42.94893102720379" lon="-1.7582780309021504"><ele>567.76000977</ele></trkpt><trkpt lat="42.94883203692733" lon="-1.7581880092620914"><ele>567.84997559</ele></trkpt><trkpt lat="42.94876498170197" lon="-1.7581119854003227"><ele>568.0300293</ele></trkpt><trkpt lat="42.948753367267564" lon="-1.758099591909138"><ele>568.0300293</ele></trkpt><trkpt lat="42.948611640299184" lon="-1.7579483588636053"><ele>568.40002441</ele></trkpt><trkpt lat="42.94860002584755" lon="-1.7579359654337077"><ele>568.40997314</ele></trkpt><trkpt lat="42.948543075922096" lon="-1.7578722808502873"><ele>568.34997559</ele></trkpt><trkpt lat="42.948403926235116" lon="-1.7577166765630228"><ele>568.64001465</ele></trkpt><trkpt lat="42.948346976190805" lon="-1.757652992382644"><ele>568.64001465</ele></trkpt><trkpt lat="42.94829772031118" lon="-1.7575991925137746"><ele>568.5300293</ele></trkpt><trkpt lat="42.948157264105845" lon="-1.7574457794574958"><ele>568.55999756</ele></trkpt><trkpt lat="42.94810800813137" lon="-1.7573919799178823"><ele>568.59002686</ele></trkpt><trkpt lat="42.94798403978347" lon="-1.757306987419724"><ele>568.85998535</ele></trkpt><trkpt lat="42.94792402535677" lon="-1.7571339849382668"><ele>568.71002197</ele></trkpt><trkpt lat="42.94786904007195" lon="-1.7569070030003857"><ele>568.88000488</ele></trkpt><trkpt lat="42.94786443694758" lon="-1.7568913208372208"><ele>568.88000488</ele></trkpt><trkpt lat="42.94779761936753" lon="-1.7566636843186252"><ele>569.02001953</ele></trkpt><trkpt lat="42.94779301621019" lon="-1.7566480021923816"><ele>569.02001953</ele></trkpt><trkpt lat="42.94778913357928" lon="-1.7566409747187701"><ele>569.10998535</ele></trkpt><trkpt lat="42.94768089331343" lon="-1.7564450629658905"><ele>569.21002197</ele></trkpt><trkpt lat="42.94767701067029" lon="-1.7564380355179243"><ele>569.21002197</ele></trkpt><trkpt lat="42.947578020393856" lon="-1.7563060205429881"><ele>569.48999023</ele></trkpt><trkpt lat="42.947576133607335" lon="-1.7563030270237383"><ele>569.48999023</ele></trkpt><trkpt lat="42.94745887250341" lon="-1.7561169846489972"><ele>569.79998779</ele></trkpt><trkpt lat="42.94745698571205" lon="-1.7561139911413228"><ele>569.66998291</ele></trkpt><trkpt lat="42.947436328929875" lon="-1.7560831520881122"><ele>569.73999023</ele></trkpt><trkpt lat="42.94731499646423" lon="-1.7559020123220006"><ele>570.33001709</ele></trkpt><trkpt lat="42.94719366371834" lon="-1.755720873268747"><ele>570.70001221</ele></trkpt><trkpt lat="42.9471730068326" lon="-1.7556900344789033"><ele>570.76000977</ele></trkpt><trkpt lat="42.947115669533204" lon="-1.7556156113972983"><ele>570.90997314</ele></trkpt><trkpt lat="42.94698534125684" lon="-1.75544644770228"><ele>571.35998535</ele></trkpt><trkpt lat="42.94692800380289" lon="-1.7553720250725837"><ele>571.47998047</ele></trkpt><trkpt lat="42.94690927802341" lon="-1.7553397340395764"><ele>571.65997314</ele></trkpt><trkpt lat="42.946797699406076" lon="-1.7551473268175344"><ele>571.98999023</ele></trkpt><trkpt lat="42.9467789735645" lon="-1.7551150359213394"><ele>571.97998047</ele></trkpt><trkpt lat="42.94665701687335" lon="-1.7549700289964651"><ele>572.53997803</ele></trkpt><trkpt lat="42.946577975526445" lon="-1.7548530176281907"><ele>572.86999512</ele></trkpt><trkpt lat="42.94649499468506" lon="-1.7547189909964824"><ele>573.2800293</ele></trkpt><trkpt lat="42.94647997230291" lon="-1.7546980919736617"><ele>573.40997314</ele></trkpt><trkpt lat="42.94635402988416" lon="-1.754522882450765"><ele>573.92999268</ele></trkpt><trkpt lat="42.94633900746703" lon="-1.7545019835233713"><ele>573.92999268</ele></trkpt><trkpt lat="42.94628100469709" lon="-1.7544070165604266"><ele>574</ele></trkpt><trkpt lat="42.94626817217566" lon="-1.7543890068173449"><ele>574.09002686</ele></trkpt><trkpt lat="42.94614279535317" lon="-1.7542130478916658"><ele>574.66998291</ele></trkpt><trkpt lat="42.94612996280193" lon="-1.7541950382292253"><ele>574.7199707</ele></trkpt><trkpt lat="42.94602703303099" lon="-1.7540340218692954"><ele>574.58001709</ele></trkpt><trkpt lat="42.94591899029909" lon="-1.7539279907941834"><ele>575.34997559</ele></trkpt><trkpt lat="42.94588081965934" lon="-1.7538916914099156"><ele>575.52001953</ele></trkpt><trkpt lat="42.94573319654062" lon="-1.7537513058018621"><ele>575.95001221</ele></trkpt><trkpt lat="42.94569502584636" lon="-1.7537150066346001"><ele>575.9699707</ele></trkpt><trkpt lat="42.94555898755791" lon="-1.7535870149731703"><ele>576.15997314</ele></trkpt><trkpt lat="42.94541498646139" lon="-1.7534620407968826"><ele>576.63000488</ele></trkpt><trkpt lat="42.94528196565806" lon="-1.7533610388636525"><ele>576.84997559</ele></trkpt><trkpt lat="42.94527452972968" lon="-1.7533549196955558"><ele>577.04998779</ele></trkpt><trkpt lat="42.94512042242541" lon="-1.7532281022264296"><ele>577.59997559</ele></trkpt><trkpt lat="42.94511298649014" lon="-1.7532219830900497"><ele>577.65997314</ele></trkpt><trkpt lat="42.945005027577274" lon="-1.7531059775501419"><ele>577.86999512</ele></trkpt><trkpt lat="42.94494300149381" lon="-1.7530710250139216"><ele>577.92999268</ele></trkpt><trkpt lat="42.94481400400399" lon="-1.7529499903321313"><ele>578.08001709</ele></trkpt><trkpt lat="42.94467201456427" lon="-1.7528380081057595"><ele>579.08001709</ele></trkpt><trkpt lat="42.944585010409355" lon="-1.7527280375361456"><ele>579.34997559</ele></trkpt><trkpt lat="42.9444619640708" lon="-1.7526149656623646"><ele>579.86999512</ele></trkpt><trkpt lat="42.94443102842522" lon="-1.7525642755481092"><ele>580.04998779</ele></trkpt><trkpt lat="42.944315957844154" lon="-1.7523757255055084"><ele>580.42999268</ele></trkpt><trkpt lat="42.94428502209486" lon="-1.7523250356316622"><ele>580.60998535</ele></trkpt><trkpt lat="42.94416398741304" lon="-1.75215303897857"><ele>581.42999268</ele></trkpt><trkpt lat="42.9441626681333" lon="-1.7521510694188251"><ele>581.42999268</ele></trkpt><trkpt lat="42.94404133834797" lon="-1.7519699361084713"><ele>582.02001953</ele></trkpt><trkpt lat="42.94404001906515" lon="-1.751967966556556"><ele>582.02001953</ele></trkpt><trkpt lat="42.9440130781058" lon="-1.751936212475229"><ele>582.2199707</ele></trkpt><trkpt lat="42.943876942331535" lon="-1.7517757560178795"><ele>582.84997559</ele></trkpt><trkpt lat="42.94385000132023" lon="-1.751744002103806"><ele>582.97998047</ele></trkpt><trkpt lat="42.94381756689629" lon="-1.7517064264825393"><ele>583.16998291</ele></trkpt><trkpt lat="42.943680431940585" lon="-1.7515475547827821"><ele>583.7199707</ele></trkpt><trkpt lat="42.94364799745381" lon="-1.7515099793672506"><ele>583.70001221</ele></trkpt><trkpt lat="42.943623391443865" lon="-1.7514847428944191"><ele>583.86999512</ele></trkpt><trkpt lat="42.94347956827075" lon="-1.7513372351502476"><ele>584.51000977</ele></trkpt><trkpt lat="42.94345496222375" lon="-1.7513119988143544"><ele>584.65002441</ele></trkpt><trkpt lat="42.94332303106784" lon="-1.7511819954961614"><ele>585.33001709</ele></trkpt><trkpt lat="42.943251030519605" lon="-1.7511329613626014"><ele>585.54998779</ele></trkpt><trkpt lat="42.943191016092904" lon="-1.751106977462773"><ele>585.60998535</ele></trkpt><trkpt lat="42.94313997030259" lon="-1.7510860227048417"><ele>585.71002197</ele></trkpt><trkpt lat="42.943054687395154" lon="-1.7510591444278147"><ele>585.92999268</ele></trkpt><trkpt lat="42.94287924826733" lon="-1.751003852202704"><ele>586.44000244</ele></trkpt><trkpt lat="42.942793965339646" lon="-1.7509769741445849"><ele>586.66998291</ele></trkpt><trkpt lat="42.94272733432881" lon="-1.750954268006441"><ele>586.92999268</ele></trkpt><trkpt lat="42.942552645244795" lon="-1.7508947386833105"><ele>587.36999512</ele></trkpt><trkpt lat="42.94248601421713" lon="-1.7508720327168656"><ele>587.53997803</ele></trkpt><trkpt lat="42.942438191599216" lon="-1.7508523981560153"><ele>587.71002197</ele></trkpt><trkpt lat="42.942265783587175" lon="-1.750781612752714"><ele>588.10998535</ele></trkpt><trkpt lat="42.94221796095371" lon="-1.750761978328236"><ele>588.17999268</ele></trkpt><trkpt lat="42.942115031182766" lon="-1.750729959458107"><ele>588.35998535</ele></trkpt><trkpt lat="42.942079901117026" lon="-1.750727156581586"><ele>588.58001709</ele></trkpt><trkpt lat="42.941900129078356" lon="-1.7507128133884224"><ele>589.03997803</ele></trkpt><trkpt lat="42.94186499901115" lon="-1.750710010528562"><ele>589.14001465</ele></trkpt><trkpt lat="42.94178999787254" lon="-1.750713191950057"><ele>589.34002686</ele></trkpt><trkpt lat="42.94161000462582" lon="-1.7507208269188737"><ele>589.90002441</ele></trkpt><trkpt lat="42.94153500348331" lon="-1.750724008306863"><ele>590.20001221</ele></trkpt><trkpt lat="42.94147937291104" lon="-1.7507363187183083"><ele>590.40997314</ele></trkpt><trkpt lat="42.94130162604317" lon="-1.7507756519144186"><ele>591.30999756</ele></trkpt><trkpt lat="42.94124599546194" lon="-1.750787962228058"><ele>591.53997803</ele></trkpt><trkpt lat="42.94112797826528" lon="-1.7507980205118603"><ele>591.9699707</ele></trkpt><trkpt lat="42.940980037674294" lon="-1.7507899738848165"><ele>592.95001221</ele></trkpt><trkpt lat="42.940821032971144" lon="-1.7507219966500989"><ele>593.84002686</ele></trkpt><trkpt lat="42.940660016611226" lon="-1.7506769858300635"><ele>594.79998779</ele></trkpt><trkpt lat="42.94054702855645" lon="-1.7505960166454353"><ele>595.51000977</ele></trkpt><trkpt lat="42.940414007753134" lon="-1.7504940088838414"><ele>596.15997314</ele></trkpt><trkpt lat="42.94035399332643" lon="-1.7504589725285693"><ele>596.36999512</ele></trkpt><trkpt lat="42.940318651655794" lon="-1.7504336253514587"><ele>596.52001953</ele></trkpt><trkpt lat="42.94015933560412" lon="-1.7503193636934185"><ele>597.32000732</ele></trkpt><trkpt lat="42.9401239939034" lon="-1.7502940166741625"><ele>597.44000244</ele></trkpt><trkpt lat="42.939977981150136" lon="-1.7501879855990359"><ele>598.20001221</ele></trkpt><trkpt lat="42.939843032509096" lon="-1.7500670347362715"><ele>598.90002441</ele></trkpt><trkpt lat="42.939732978120446" lon="-1.750005008652803"><ele>599.34997559</ele></trkpt><trkpt lat="42.93958797119557" lon="-1.7498630192130842"><ele>600.20001221</ele></trkpt><trkpt lat="42.939468026161194" lon="-1.7497330158948805"><ele>601.03997803</ele></trkpt><trkpt lat="42.93946570840705" lon="-1.7497291801624304"><ele>601.10998535</ele></trkpt><trkpt lat="42.93935132089669" lon="-1.7495398768882555"><ele>601.90997314</ele></trkpt><trkpt lat="42.939349003136165" lon="-1.7495360411703558"><ele>602.21002197</ele></trkpt><trkpt lat="42.93924397788942" lon="-1.749417018145325"><ele>602.35998535</ele></trkpt><trkpt lat="42.939172983169556" lon="-1.7493610270321287"><ele>602.63000488</ele></trkpt><trkpt lat="42.93908103369175" lon="-1.7493209615349705"><ele>602.82000732</ele></trkpt><trkpt lat="42.93898598290981" lon="-1.7492949776351445"><ele>602.89001465</ele></trkpt><trkpt lat="42.93888498097659" lon="-1.7492639645934114"><ele>603.20001221</ele></trkpt><trkpt lat="42.93874097988009" lon="-1.7491649743169524"><ele>603.45001221</ele></trkpt><trkpt lat="42.93869819452284" lon="-1.7491311324654124"><ele>603.84002686</ele></trkpt><trkpt lat="42.938542496517655" lon="-1.7490079807711254"><ele>604.25</ele></trkpt><trkpt lat="42.93838679838367" lon="-1.7488848296914674"><ele>605.01000977</ele></trkpt><trkpt lat="42.9383440129459" lon="-1.74885098822415"><ele>605.15002441</ele></trkpt><trkpt lat="42.938272824675416" lon="-1.7487959852236739"><ele>605.55999756</ele></trkpt><trkpt lat="42.938116218812475" lon="-1.748674985571786"><ele>606.20001221</ele></trkpt><trkpt lat="42.93804503045976" lon="-1.7486199829727391"><ele>606.54998779</ele></trkpt><trkpt lat="42.938042783454925" lon="-1.7486186750770034"><ele>606.54998779</ele></trkpt><trkpt lat="42.937877208650335" lon="-1.7485223005850232"><ele>606.88000488</ele></trkpt><trkpt lat="42.93787496164441" lon="-1.7485209926962817"><ele>606.88000488</ele></trkpt><trkpt lat="42.937896251678474" lon="-1.7484998703003"><ele>607.08001709</ele></trkpt><trkpt lat="42.937896251678474" lon="-1.748478412628176"><ele>607.20001221</ele></trkpt><trkpt lat="42.937948407203166" lon="-1.7484212105595445"><ele>607.42999268</ele></trkpt><trkpt lat="42.93808862681702" lon="-1.748267422716759"><ele>608.13000488</ele></trkpt><trkpt lat="42.93822884621201" lon="-1.7481136341732761"><ele>608.76000977</ele></trkpt><trkpt lat="42.93836906538814" lon="-1.7479598449290945"><ele>609.40002441</ele></trkpt><trkpt lat="42.938509284345386" lon="-1.7478060549842094"><ele>609.86999512</ele></trkpt><trkpt lat="42.93856143951418" lon="-1.747748851776122"><ele>610.0300293</ele></trkpt><trkpt lat="42.938582799579024" lon="-1.747725118963254"><ele>610.15002441</ele></trkpt><trkpt lat="42.93872229966171" lon="-1.7475701221937538"><ele>610.67999268</ele></trkpt><trkpt lat="42.93886179952229" lon="-1.74741512472181"><ele>611.34002686</ele></trkpt><trkpt lat="42.93900129916074" lon="-1.7472601265474341"><ele>612.01000977</ele></trkpt><trkpt lat="42.939140798577064" lon="-1.747105127670605"><ele>612.53997803</ele></trkpt><trkpt lat="42.93928029777126" lon="-1.7469501280913378"><ele>613.16998291</ele></trkpt><trkpt lat="42.9394197967433" lon="-1.7467951278096105"><ele>613.84002686</ele></trkpt><trkpt lat="42.93955929549323" lon="-1.7466401268254261"><ele>614.46002197</ele></trkpt><trkpt lat="42.939698794021005" lon="-1.7464851251387759"><ele>615.15002441</ele></trkpt><trkpt lat="42.939720153808565" lon="-1.7464613914489737"><ele>615.27001953</ele></trkpt><trkpt lat="42.939741325900584" lon="-1.7464425718764447"><ele>615.27001953</ele></trkpt><trkpt lat="42.939892100792754" lon="-1.7463085497501074"><ele>615.73999023</ele></trkpt><trkpt lat="42.939913272857666" lon="-1.7462897300720257"><ele>615.70001221</ele></trkpt><trkpt lat="42.93994293664521" lon="-1.7462659991270668"><ele>615.53997803</ele></trkpt><trkpt lat="42.94009818582473" lon="-1.7461417997834587"><ele>615.16998291</ele></trkpt><trkpt lat="42.94012784957885" lon="-1.7461180686950708"><ele>615.05999756</ele></trkpt><trkpt lat="42.94016995028716" lon="-1.746092808744604"><ele>614.9699707</ele></trkpt><trkpt lat="42.940334730919716" lon="-1.7459939418496242"><ele>614.42999268</ele></trkpt><trkpt lat="42.940499511455506" lon="-1.7458950744188626"><ele>614.10998535</ele></trkpt><trkpt lat="42.94066429189455" lon="-1.7457962064523638"><ele>613.70001221</ele></trkpt><trkpt lat="42.94082907223684" lon="-1.7456973379500917"><ele>613.69000244</ele></trkpt><trkpt lat="42.940993852482386" lon="-1.7455984689120536"><ele>613.41998291</ele></trkpt><trkpt lat="42.941158632631165" lon="-1.7454995993382436"><ele>613.25</ele></trkpt><trkpt lat="42.941200733184814" lon="-1.745474338531495"><ele>613.15002441</ele></trkpt><trkpt lat="42.94126609710214" lon="-1.7454337682382886"><ele>612.97998047</ele></trkpt><trkpt lat="42.94142994546891" lon="-1.745332069862783"><ele>612.7800293</ele></trkpt><trkpt lat="42.941593793733865" lon="-1.7452303709397097"><ele>612.53997803</ele></trkpt><trkpt lat="42.941757641897006" lon="-1.7451286714690533"><ele>612.29998779</ele></trkpt><trkpt lat="42.941823005676284" lon="-1.7450881004333565"><ele>612.15002441</ele></trkpt><trkpt lat="42.9418728909368" lon="-1.7450506866360214"><ele>612.07000732</ele></trkpt><trkpt lat="42.94203061253702" lon="-1.7449323954358416"><ele>611.9699707</ele></trkpt><trkpt lat="42.942080497741706" lon="-1.744894981384271"><ele>611.94000244</ele></trkpt><trkpt lat="42.942166328430154" lon="-1.7448091506958041"><ele>612.01000977</ele></trkpt><trkpt lat="42.94223070144654" lon="-1.7446804046630917"><ele>611.88000488</ele></trkpt><trkpt lat="42.94227361679077" lon="-1.7445731163024867"><ele>611.69000244</ele></trkpt><trkpt lat="42.94227361679077" lon="-1.7444872856140197"><ele>611.45001221</ele></trkpt><trkpt lat="42.94227361679077" lon="-1.7444443702697738"><ele>611.39001465</ele></trkpt><trkpt lat="42.94223070144653" lon="-1.744315624237057"><ele>610.76000977</ele></trkpt><trkpt lat="42.942144870758035" lon="-1.7442083358764726"><ele>610.09002686</ele></trkpt><trkpt lat="42.94212567961006" lon="-1.7441878651887737"><ele>610.02001953</ele></trkpt><trkpt lat="42.94198393834244" lon="-1.7440366740542008"><ele>608.64001465</ele></trkpt><trkpt lat="42.94184219688045" lon="-1.7438854836104971"><ele>607.80999756</ele></trkpt><trkpt lat="42.941823005676284" lon="-1.7438650131225535"><ele>607.65002441</ele></trkpt><trkpt lat="42.94181718260054" lon="-1.7438548226390111"><ele>607.65002441</ele></trkpt><trkpt lat="42.941706624070605" lon="-1.7436613439553919"><ele>606.35998535</ele></trkpt><trkpt lat="42.941596065220295" lon="-1.7434678659673606"><ele>605.17999268</ele></trkpt><trkpt lat="42.94148550604962" lon="-1.7432743886749114"><ele>603.76000977</ele></trkpt><trkpt lat="42.94147968292237" lon="-1.7432641983032227"><ele>603.65997314</ele></trkpt><trkpt lat="42.94147341182033" lon="-1.7432504018270394"><ele>603.63000488</ele></trkpt><trkpt lat="42.94137866569011" lon="-1.7430419603405813"><ele>602.17999268</ele></trkpt><trkpt lat="42.94137239456177" lon="-1.743028163909912"><ele>602.17999268</ele></trkpt><trkpt lat="42.941350936889634" lon="-1.742920875549316"><ele>601.53997803</ele></trkpt><trkpt lat="42.94132947921753" lon="-1.7427492141723695"><ele>601.05999756</ele></trkpt><trkpt lat="42.94133230914992" lon="-1.7426614931608007"><ele>601.01000977</ele></trkpt><trkpt lat="42.94134020853761" lon="-1.742416620300913"><ele>600.94000244</ele></trkpt><trkpt lat="42.94134810740055" lon="-1.7421717473907214"><ele>600.7800293</ele></trkpt><trkpt lat="42.94135093688965" lon="-1.7420840263366768"><ele>600.88000488</ele></trkpt><trkpt lat="42.94132947921753" lon="-1.7418479919433678"><ele>601.67999268</ele></trkpt><trkpt lat="42.94131850831934" lon="-1.741808809773639"><ele>601.79998779</ele></trkpt><trkpt lat="42.94125437767576" lon="-1.7415797707094571"><ele>602.91998291</ele></trkpt><trkpt lat="42.941190246579154" lon="-1.7413507321300632"><ele>604</ele></trkpt><trkpt lat="42.94117927551271" lon="-1.741311550140374"><ele>604.34002686</ele></trkpt><trkpt lat="42.94115382308204" lon="-1.7412373147929863"><ele>604.61999512</ele></trkpt><trkpt lat="42.941077669007896" lon="-1.741015202660189"><ele>605.84997559</ele></trkpt><trkpt lat="42.94100151450868" lon="-1.7407930910829719"><ele>607.2199707</ele></trkpt><trkpt lat="42.94092535958438" lon="-1.7405709800613427"><ele>608.51000977</ele></trkpt><trkpt lat="42.94089990667999" lon="-1.7404967453330769"><ele>608.98999023</ele></trkpt><trkpt lat="42.94089632512991" lon="-1.740486298698148"><ele>608.98999023</ele></trkpt><trkpt lat="42.94082017484264" lon="-1.740264185125656"><ele>610.48999023</ele></trkpt><trkpt lat="42.940744024130275" lon="-1.740042072108732"><ele>611.61999512</ele></trkpt><trkpt lat="42.940667872992826" lon="-1.7398199596473625"><ele>612.9699707</ele></trkpt><trkpt lat="42.940664291381836" lon="-1.7398095130920457"><ele>612.9699707</ele></trkpt><trkpt lat="42.94066343920021" lon="-1.7398063884112833"><ele>613.03997803</ele></trkpt><trkpt lat="42.94060077055341" lon="-1.7395766033729452"><ele>614.55999756</ele></trkpt><trkpt lat="42.9405999183655" lon="-1.739573478698734"><ele>614.55999756</ele></trkpt><trkpt lat="42.940578460693345" lon="-1.7394232749938947"><ele>615.38000488</ele></trkpt><trkpt lat="42.94057846072631" lon="-1.7393956240997583"><ele>615.47998047</ele></trkpt><trkpt lat="42.94057846072632" lon="-1.7391505184768041"><ele>616.73999023</ele></trkpt><trkpt lat="42.94057846069337" lon="-1.7391228675842245"><ele>616.77001953</ele></trkpt><trkpt lat="42.94057586866183" lon="-1.7390839863793974"><ele>617.03997803</ele></trkpt><trkpt lat="42.9405595951486" lon="-1.7388398836812655"><ele>618.19000244</ele></trkpt><trkpt lat="42.940557003021226" lon="-1.7388010025024394"><ele>618.30999756</ele></trkpt><trkpt lat="42.940514087677" lon="-1.7386078834533685"><ele>619.36999512</ele></trkpt><trkpt lat="42.94048691590117" lon="-1.7385263676687028"><ele>620.04998779</ele></trkpt><trkpt lat="42.94041251363419" lon="-1.7383031608677428"><ele>621.48999023</ele></trkpt><trkpt lat="42.94038534164429" lon="-1.7382216453552182"><ele>621.88000488</ele></trkpt><trkpt lat="42.94034242630004" lon="-1.7380928993225053"><ele>623</ele></trkpt><trkpt lat="42.94034242630004" lon="-1.7380070686340359"><ele>623.54998779</ele></trkpt><trkpt lat="42.94038534164429" lon="-1.7378783226013255"><ele>624.55999756</ele></trkpt><trkpt lat="42.94042986558744" lon="-1.7378159893471474"><ele>625.03997803</ele></trkpt><trkpt lat="42.94055539455766" lon="-1.7376402487888456"><ele>626.0300293</ele></trkpt><trkpt lat="42.94059991836548" lon="-1.7375779151916535"><ele>626.25</ele></trkpt><trkpt lat="42.94060290429931" lon="-1.7375719433452006"><ele>626.29998779</ele></trkpt><trkpt lat="42.94070422080343" lon="-1.7373693103369376"><ele>626.75</ele></trkpt><trkpt lat="42.94070720672607" lon="-1.7373633384704545"><ele>626.75</ele></trkpt><trkpt lat="42.94072866439818" lon="-1.7371702194213934"><ele>626.53997803</ele></trkpt><trkpt lat="42.94072866440174" lon="-1.7371685622917965"><ele>626.53997803</ele></trkpt><trkpt lat="42.94072866466422" lon="-1.7369234561857163"><ele>626.05999756</ele></trkpt><trkpt lat="42.94072866440175" lon="-1.7366783500920833"><ele>625.86999512</ele></trkpt><trkpt lat="42.94072866439819" lon="-1.7366766929626516"><ele>625.86999512</ele></trkpt><trkpt lat="42.94077157974241" lon="-1.7365479469299403"><ele>625.92999268</ele></trkpt><trkpt lat="42.94081449508666" lon="-1.7364835739135704"><ele>625.96002197</ele></trkpt><trkpt lat="42.940921783447266" lon="-1.7363977432251052"><ele>626.02001953</ele></trkpt><trkpt lat="42.9409461739191" lon="-1.736386265499252"><ele>626.03997803</ele></trkpt><trkpt lat="42.94111636900606" lon="-1.7363061744173232"><ele>626.20001221</ele></trkpt><trkpt lat="42.94128656402637" lon="-1.7362260828842824"><ele>626.45001221</ele></trkpt><trkpt lat="42.94145675898003" lon="-1.736145990900142"><ele>626.89001465</ele></trkpt><trkpt lat="42.94162695386704" lon="-1.736065898464905"><ele>627.32000732</ele></trkpt><trkpt lat="42.941651344299295" lon="-1.7360544204711879"><ele>627.36999512</ele></trkpt><trkpt lat="42.941651784035685" lon="-1.736054228088848"><ele>627.36999512</ele></trkpt><trkpt lat="42.94182322563388" lon="-1.7359792230683548"><ele>627.72998047</ele></trkpt><trkpt lat="42.941994667172544" lon="-1.7359042176214323"><ele>627.90997314</ele></trkpt><trkpt lat="42.9421661086517" lon="-1.7358292117480707"><ele>627.82000732</ele></trkpt><trkpt lat="42.942337550071336" lon="-1.7357542054482515"><ele>627.27001953</ele></trkpt><trkpt lat="42.94233798980712" lon="-1.7357540130615208"><ele>627.27001953</ele></trkpt><trkpt lat="42.94240498818158" lon="-1.7357205141158536"><ele>626.89001465</ele></trkpt><trkpt lat="42.94257402427183" lon="-1.735635996325072"><ele>625.89001465</ele></trkpt><trkpt lat="42.94274306028886" lon="-1.7355514780622259"><ele>624.91998291</ele></trkpt><trkpt lat="42.942810058593764" lon="-1.735517978668215"><ele>624.60998535</ele></trkpt><trkpt lat="42.942960262298584" lon="-1.7354750633239724"><ele>623.67999268</ele></trkpt><trkpt lat="42.943042725977136" lon="-1.7354596014547161"><ele>623.19000244</ele></trkpt><trkpt lat="42.94322112138587" lon="-1.7354261523155718"><ele>621.86999512</ele></trkpt><trkpt lat="42.94330358505247" lon="-1.735410690307614"><ele>621.5</ele></trkpt><trkpt lat="42.94331055468832" lon="-1.7354054630971345"><ele>621.19000244</ele></trkpt><trkpt lat="42.94346827679976" lon="-1.7352871715135512"><ele>620.09002686</ele></trkpt><trkpt lat="42.94347524642944" lon="-1.7352819442748955"><ele>619.90997314</ele></trkpt><trkpt lat="42.943582534790046" lon="-1.7351531982421804"><ele>619.19000244</ele></trkpt><trkpt lat="42.943614823388174" lon="-1.7351101470812376"><ele>619.05999756</ele></trkpt><trkpt lat="42.943743467541466" lon="-1.7349386220802483"><ele>618.0300293</ele></trkpt><trkpt lat="42.9438721114257" lon="-1.7347670963645532"><ele>616.90002441</ele></trkpt><trkpt lat="42.943904399871826" lon="-1.7347240447998122"><ele>616.59002686</ele></trkpt><trkpt lat="42.94394975544849" lon="-1.7346549322880513"><ele>616.16998291</ele></trkpt><trkpt lat="42.944069722535" lon="-1.7344721264703395"><ele>615.0300293</ele></trkpt><trkpt lat="42.94418968931793" lon="-1.7342893199439555"><ele>613.97998047</ele></trkpt><trkpt lat="42.94430965579733" lon="-1.7341065127088529"><ele>612.75</ele></trkpt><trkpt lat="42.94435501098632" lon="-1.734037399291994"><ele>612.29998779</ele></trkpt><trkpt lat="42.94436115554868" lon="-1.7340303769575238"><ele>612.29998779</ele></trkpt><trkpt lat="42.94449907013946" lon="-1.7338727602823603"><ele>611.34997559</ele></trkpt><trkpt lat="42.944505214691155" lon="-1.7338657379150406"><ele>611.34997559</ele></trkpt><trkpt lat="42.9445695877075" lon="-1.7338013648986808"><ele>610.90002441</ele></trkpt><trkpt lat="42.944676876068115" lon="-1.7337584495544358"><ele>610.03997803</ele></trkpt><trkpt lat="42.9447238393624" lon="-1.7337673948881942"><ele>609.60998535</ele></trkpt><trkpt lat="42.94490218163577" lon="-1.733801364751701"><ele>608.44000244</ele></trkpt><trkpt lat="42.945080523896095" lon="-1.7338353347993907"><ele>607.39001465</ele></trkpt><trkpt lat="42.945127487182624" lon="-1.7338442802429228"><ele>606.98999023</ele></trkpt><trkpt lat="42.94527769088745" lon="-1.7338228225707955"><ele>606.09997559</ele></trkpt><trkpt lat="42.94534206390381" lon="-1.7337799072265607"><ele>605.82000732</ele></trkpt><trkpt lat="42.945406436920166" lon="-1.733694076538094"><ele>605.23999023</ele></trkpt><trkpt lat="42.9454532172391" lon="-1.7336239063704062"><ele>604.83001709</ele></trkpt><trkpt lat="42.94557423348296" lon="-1.7334423820045823"><ele>603.75</ele></trkpt><trkpt lat="42.94562101364136" lon="-1.7333722114562953"><ele>603.32000732</ele></trkpt><trkpt lat="42.94572830200195" lon="-1.7332863807678158"><ele>602.46002197</ele></trkpt><trkpt lat="42.94589996337889" lon="-1.7332434654235904"><ele>601.38000488</ele></trkpt><trkpt lat="42.945985794067376" lon="-1.7332434654235802"><ele>600.89001465</ele></trkpt><trkpt lat="42.94605927070344" lon="-1.733267957537346"><ele>600.59997559</ele></trkpt><trkpt lat="42.946234182531434" lon="-1.7333262614800085"><ele>599.40997314</ele></trkpt><trkpt lat="42.94630765914916" lon="-1.733350753784178"><ele>598.84997559</ele></trkpt><trkpt lat="42.94639348983765" lon="-1.7333507537841755"><ele>598.54998779</ele></trkpt><trkpt lat="42.94642792753183" lon="-1.733331969655457"><ele>598.36999512</ele></trkpt><trkpt lat="42.94659508655759" lon="-1.7332407920050534"><ele>597.91998291</ele></trkpt><trkpt lat="42.94662952423096" lon="-1.733222007751466"><ele>597.84002686</ele></trkpt><trkpt lat="42.9467797279358" lon="-1.7331147193908651"><ele>597.26000977</ele></trkpt><trkpt lat="42.9469084739685" lon="-1.7329645156860354"><ele>596.7199707</ele></trkpt><trkpt lat="42.94701576232908" lon="-1.7327928543090854"><ele>596.29998779</ele></trkpt><trkpt lat="42.94703003885498" lon="-1.7327528802257848"><ele>596.07000732</ele></trkpt><trkpt lat="42.947108774256535" lon="-1.7325324211014734"><ele>595.59997559</ele></trkpt><trkpt lat="42.94712305068969" lon="-1.732492446899416"><ele>595.4699707</ele></trkpt><trkpt lat="42.94712733480929" lon="-1.7324783094957914"><ele>595.42999268</ele></trkpt><trkpt lat="42.94719600478831" lon="-1.732251700564815"><ele>594.88000488</ele></trkpt><trkpt lat="42.94726467431136" lon="-1.7320250911387767"><ele>594.09997559</ele></trkpt><trkpt lat="42.947333343378425" lon="-1.7317984812176792"><ele>593.27001953</ele></trkpt><trkpt lat="42.947337627410896" lon="-1.7317843437194815"><ele>593.26000977</ele></trkpt><trkpt lat="42.94736113075457" lon="-1.7316997341989786"><ele>593.10998535</ele></trkpt><trkpt lat="42.947424823228374" lon="-1.7314704466474984"><ele>592.2199707</ele></trkpt><trkpt lat="42.94748851523604" lon="-1.7312411586324603"><ele>591.44000244</ele></trkpt><trkpt lat="42.94755220677755" lon="-1.7310118701538573"><ele>590.54998779</ele></trkpt><trkpt lat="42.9476158978529" lon="-1.7307825812117286"><ele>589.69000244</ele></trkpt><trkpt lat="42.947679588462115" lon="-1.730553291806057"><ele>588.86999512</ele></trkpt><trkpt lat="42.94774327860516" lon="-1.7303240019368356"><ele>588.11999512</ele></trkpt><trkpt lat="42.94776678085328" lon="-1.730239391326901"><ele>587.88000488</ele></trkpt><trkpt lat="42.9478096961975" lon="-1.7301106452941875"><ele>587.54998779</ele></trkpt><trkpt lat="42.94781355988402" lon="-1.7301048497835194"><ele>587.54998779</ele></trkpt><trkpt lat="42.94793457855356" lon="-1.7299233217791794"><ele>586.61999512</ele></trkpt><trkpt lat="42.94793844223021" lon="-1.7299175262451147"><ele>586.52001953</ele></trkpt><trkpt lat="42.94797569808698" lon="-1.7298765449614797"><ele>586.25</ele></trkpt><trkpt lat="42.948115763168644" lon="-1.7297224733716499"><ele>585.28997803</ele></trkpt><trkpt lat="42.948153018951416" lon="-1.7296814918518055"><ele>584.94000244</ele></trkpt><trkpt lat="42.94820940495505" lon="-1.729615708669346"><ele>584.57000732</ele></trkpt><trkpt lat="42.94834613823452" lon="-1.7294561870009917"><ele>583.75</ele></trkpt><trkpt lat="42.94848287127934" lon="-1.7292966646243506"><ele>583.11999512</ele></trkpt><trkpt lat="42.948539257049575" lon="-1.7292308807372991"><ele>582.88000488</ele></trkpt><trkpt lat="42.94860363006592" lon="-1.7291235923767054"><ele>583.0300293</ele></trkpt><trkpt lat="42.94862508773803" lon="-1.7290163040161104"><ele>582.67999268</ele></trkpt><trkpt lat="42.94866800308227" lon="-1.7287802696227934"><ele>582.45001221</ele></trkpt><trkpt lat="42.94867037934843" lon="-1.728675730825749"><ele>582.35998535</ele></trkpt><trkpt lat="42.94867594850945" lon="-1.7284307108798305"><ele>582.13000488</ele></trkpt><trkpt lat="42.9486815171453" lon="-1.728185690902232"><ele>581.96002197</ele></trkpt><trkpt lat="42.948687085256005" lon="-1.727940670892927"><ele>581.7199707</ele></trkpt><trkpt lat="42.948689460754395" lon="-1.727836132049554"><ele>581.79998779</ele></trkpt><trkpt lat="42.9486680030823" lon="-1.7276859283447352"><ele>581.63000488</ele></trkpt><trkpt lat="42.94862508773804" lon="-1.7274928092956483"><ele>581.35998535</ele></trkpt><trkpt lat="42.94862428875685" lon="-1.727490435065436"><ele>581.35998535</ele></trkpt><trkpt lat="42.94854928942799" lon="-1.7272675700742173"><ele>580.84997559</ele></trkpt><trkpt lat="42.94847428967113" lon="-1.7270447056324743"><ele>580.34002686</ele></trkpt><trkpt lat="42.94839928948628" lon="-1.726821841740211"><ele>579.90002441</ele></trkpt><trkpt lat="42.94832428887345" lon="-1.7265989783974223"><ele>579.51000977</ele></trkpt><trkpt lat="42.94824928783261" lon="-1.7263761156041026"><ele>579.07000732</ele></trkpt><trkpt lat="42.94824848882855" lon="-1.7263737414032188"><ele>579.07000732</ele></trkpt><trkpt lat="42.9482112859998" lon="-1.7262631969176379"><ele>578.90997314</ele></trkpt><trkpt lat="42.94813628339107" lon="-1.7260403355278495"><ele>578.57000732</ele></trkpt><trkpt lat="42.948061280354366" lon="-1.725817474687546"><ele>578.16998291</ele></trkpt><trkpt lat="42.94798627688969" lon="-1.7255946143967293"><ele>577.94000244</ele></trkpt><trkpt lat="42.94791127299704" lon="-1.7253717546554206"><ele>577.58001709</ele></trkpt><trkpt lat="42.94787406921387" lon="-1.7252612113952621"><ele>577.40997314</ele></trkpt><trkpt lat="42.947847843440066" lon="-1.7251814136674"><ele>577.35998535</ele></trkpt><trkpt lat="42.94777430318421" lon="-1.7249576524017682"><ele>577.33001709</ele></trkpt><trkpt lat="42.947700762496815" lon="-1.7247338916773831"><ele>577.29998779</ele></trkpt><trkpt lat="42.94762722137786" lon="-1.7245101314942446"><ele>577.25</ele></trkpt><trkpt lat="42.94755367982736" lon="-1.7242863718523604"><ele>577.25</ele></trkpt><trkpt lat="42.9474801378453" lon="-1.7240626127517351"><ele>577.15002441</ele></trkpt><trkpt lat="42.947406595431694" lon="-1.7238388541923537"><ele>577.16998291</ele></trkpt><trkpt lat="42.94733305258656" lon="-1.7236150961742391"><ele>577.17999268</ele></trkpt><trkpt lat="42.94725950930987" lon="-1.7233913386973765"><ele>577.22998047</ele></trkpt><trkpt lat="42.947185965601676" lon="-1.7231675817617655"><ele>577.27001953</ele></trkpt><trkpt lat="42.94711242146194" lon="-1.722943825367415"><ele>577.2199707</ele></trkpt><trkpt lat="42.94703887689068" lon="-1.722720069514333"><ele>577.25</ele></trkpt><trkpt lat="42.946965331887895" lon="-1.7224963142025267"><ele>577.09997559</ele></trkpt><trkpt lat="42.9468917864536" lon="-1.7222725594319612"><ele>576.91998291</ele></trkpt><trkpt lat="42.946865558624275" lon="-1.7221927642822321"><ele>576.7800293</ele></trkpt><trkpt lat="42.946862967385464" lon="-1.7221538949685506"><ele>576.70001221</ele></trkpt><trkpt lat="42.94684669228676" lon="-1.7219097684880857"><ele>576.34997559</ele></trkpt><trkpt lat="42.94684410095215" lon="-1.7218708992004332"><ele>576.20001221</ele></trkpt><trkpt lat="42.946865558624275" lon="-1.7216777801513723"><ele>575.89001465</ele></trkpt><trkpt lat="42.94686199810693" lon="-1.7216047842305695"><ele>575.78997803</ele></trkpt><trkpt lat="42.946850067363094" lon="-1.7213601931833995"><ele>574.84002686</ele></trkpt><trkpt lat="42.9468381360977" lon="-1.721115602243203"><ele>574.33001709</ele></trkpt><trkpt lat="42.946826204310774" lon="-1.720871011409967"><ele>574.03997803</ele></trkpt><trkpt lat="42.94682264328003" lon="-1.720798015594483"><ele>574.0300293</ele></trkpt><trkpt lat="42.9468011856079" lon="-1.7206692695617622"><ele>574.20001221</ele></trkpt><trkpt lat="42.94671535491941" lon="-1.72054052352906"><ele>574.40997314</ele></trkpt><trkpt lat="42.946586608886726" lon="-1.7203903198242199"><ele>575.16998291</ele></trkpt><trkpt lat="42.946559393092414" lon="-1.7203712687037096"><ele>575.2800293</ele></trkpt><trkpt lat="42.946399247981056" lon="-1.7202591671257663"><ele>576.20001221</ele></trkpt><trkpt lat="42.946372032165534" lon="-1.7202401161193905"><ele>576.41998291</ele></trkpt><trkpt lat="42.94630765914916" lon="-1.7201757431030347"><ele>576.69000244</ele></trkpt><trkpt lat="42.94626269008186" lon="-1.7201139101881127"><ele>576.86999512</ele></trkpt><trkpt lat="42.94613599800963" lon="-1.7199397080535848"><ele>577.4699707</ele></trkpt><trkpt lat="42.946009305678764" lon="-1.7197655066338438"><ele>577.95001221</ele></trkpt><trkpt lat="42.94596433639527" lon="-1.7197036743163998"><ele>578.19000244</ele></trkpt><trkpt lat="42.945960063767224" lon="-1.7196978756247527"><ele>578.19000244</ele></trkpt><trkpt lat="42.94583253925973" lon="-1.7195248034671393"><ele>578.48999023</ele></trkpt><trkpt lat="42.94570501449698" lon="-1.7193517320241847"><ele>578.90002441</ele></trkpt><trkpt lat="42.94557748947898" lon="-1.7191786612958637"><ele>579.26000977</ele></trkpt><trkpt lat="42.945449964205714" lon="-1.7190055912821636"><ele>579.5300293</ele></trkpt><trkpt lat="42.945322438677195" lon="-1.7188325219831069"><ele>579.89001465</ele></trkpt><trkpt lat="42.94519491289344" lon="-1.7186594533986717"><ele>580.26000977</ele></trkpt><trkpt lat="42.94506738685446" lon="-1.7184863855288592"><ele>580.29998779</ele></trkpt><trkpt lat="42.94506311416626" lon="-1.7184805870056148"><ele>580.2800293</ele></trkpt><trkpt lat="42.945013086539745" lon="-1.7184214632040742"><ele>580.08001709</ele></trkpt><trkpt lat="42.94487710750999" lon="-1.7182607607143887"><ele>579.47998047</ele></trkpt><trkpt lat="42.94482707977294" lon="-1.7182016372680655"><ele>579.15002441</ele></trkpt><trkpt lat="42.94482093513931" lon="-1.7181946148076643"><ele>579.15002441</ele></trkpt><trkpt lat="42.944683020711594" lon="-1.7180369983188535"><ele>578.27001953</ele></trkpt><trkpt lat="42.944676876068115" lon="-1.7180299758911115"><ele>578.27001953</ele></trkpt><trkpt lat="42.94464780055489" lon="-1.7180009001031495"><ele>578.0300293</ele></trkpt><trkpt lat="42.94450267562779" lon="-1.71785577431909"><ele>576.88000488</ele></trkpt><trkpt lat="42.944357550521886" lon="-1.7177106492131982"><ele>575.72998047</ele></trkpt><trkpt lat="42.94421242523721" lon="-1.717565524785502"><ele>575.21002197</ele></trkpt><trkpt lat="42.94418334960937" lon="-1.7175364494323804"><ele>575.27001953</ele></trkpt><trkpt lat="42.944164967230606" lon="-1.71752215198024"><ele>575.08001709</ele></trkpt><trkpt lat="42.94400861295554" lon="-1.717400543099624"><ele>575.13000488</ele></trkpt><trkpt lat="42.9439902305603" lon="-1.7173862457275395"><ele>575.09997559</ele></trkpt><trkpt lat="42.943955792145125" lon="-1.7173674610724494"><ele>575.10998535</ele></trkpt><trkpt lat="42.94378863459983" lon="-1.717276284229559"><ele>575.52001953</ele></trkpt><trkpt lat="42.943754196167" lon="-1.7172574996948304"><ele>575.66998291</ele></trkpt><trkpt lat="42.94370865515582" lon="-1.71723472904141"><ele>575.90002441</ele></trkpt><trkpt lat="42.9435396194952" lon="-1.717150210969289"><ele>576.44000244</ele></trkpt><trkpt lat="42.94337058377328" lon="-1.7170656933501283"><ele>576.70001221</ele></trkpt><trkpt lat="42.943325042724624" lon="-1.7170429229736406"><ele>576.7800293</ele></trkpt><trkpt lat="42.943217754364014" lon="-1.7169570922851523"><ele>576.83001709</ele></trkpt><trkpt lat="42.94320533967922" lon="-1.7169455051751141"><ele>576.83001709</ele></trkpt><trkpt lat="42.94305682191882" lon="-1.7168068881916567"><ele>576.64001465</ele></trkpt><trkpt lat="42.9429083039954" lon="-1.7166682718702213"><ele>576.46002197</ele></trkpt><trkpt lat="42.94289588928221" lon="-1.7166566848754836"><ele>576.47998047</ele></trkpt><trkpt lat="42.942876376176976" lon="-1.7166322934092602"><ele>576.44000244</ele></trkpt><trkpt lat="42.942743741050016" lon="-1.7164664995005587"><ele>576.09002686</ele></trkpt><trkpt lat="42.94272422790527" lon="-1.7164421081543035"><ele>576.0300293</ele></trkpt><trkpt lat="42.94272417610238" lon="-1.7164420390835502"><ele>576.0300293</ele></trkpt><trkpt lat="42.94259553367554" lon="-1.7162705158478109"><ele>575.65002441</ele></trkpt><trkpt lat="42.94259548187253" lon="-1.7162704467773466"><ele>575.65002441</ele></trkpt><trkpt lat="42.942555876188" lon="-1.7162044370181915"><ele>575.34002686</ele></trkpt><trkpt lat="42.942441968652375" lon="-1.7160145911254394"><ele>574.70001221</ele></trkpt><trkpt lat="42.942402362823486" lon="-1.7159485816955524"><ele>574.41998291</ele></trkpt><trkpt lat="42.942400831514064" lon="-1.7159452638119381"><ele>574.41998291</ele></trkpt><trkpt lat="42.94230503820461" lon="-1.7157377094663315"><ele>573.51000977</ele></trkpt><trkpt lat="42.94220924452552" lon="-1.715530155769954"><ele>572.75</ele></trkpt><trkpt lat="42.94211345047682" lon="-1.7153226027228072"><ele>571.88000488</ele></trkpt><trkpt lat="42.94201765605851" lon="-1.715115050324865"><ele>571.14001465</ele></trkpt><trkpt lat="42.94201612472534" lon="-1.7151117324829181"><ele>571.09997559</ele></trkpt><trkpt lat="42.94197918305279" lon="-1.715034739106421"><ele>570.86999512</ele></trkpt><trkpt lat="42.94188071640145" lon="-1.7148295171020975"><ele>570.05999756</ele></trkpt><trkpt lat="42.94178224938899" lon="-1.7146242957571043"><ele>569.29998779</ele></trkpt><trkpt lat="42.94168378201537" lon="-1.7144190750714428"><ele>568.7199707</ele></trkpt><trkpt lat="42.94158531428059" lon="-1.7142138550451296"><ele>568.21002197</ele></trkpt><trkpt lat="42.941486846184674" lon="-1.7140086356781348"><ele>567.7199707</ele></trkpt><trkpt lat="42.94138837772761" lon="-1.7138034169704859"><ele>567.44000244</ele></trkpt><trkpt lat="42.94128990890943" lon="-1.7135981989221731"><ele>567.22998047</ele></trkpt><trkpt lat="42.94119143973011" lon="-1.7133929815331714"><ele>566.92999268</ele></trkpt><trkpt lat="42.94109297018966" lon="-1.7131877648035245"><ele>566.84997559</ele></trkpt><trkpt lat="42.94099450028806" lon="-1.7129825487331933"><ele>566.79998779</ele></trkpt><trkpt lat="42.94089603002538" lon="-1.712777333322196"><ele>567.08001709</ele></trkpt><trkpt lat="42.94085908681154" lon="-1.7127003427594836"><ele>567.21002197</ele></trkpt><trkpt lat="42.94083118786687" lon="-1.7126421958002531"><ele>567.28997803</ele></trkpt><trkpt lat="42.9407327229489" lon="-1.7124369761993523"><ele>567.84002686</ele></trkpt><trkpt lat="42.940634257669814" lon="-1.7122317572577561"><ele>568.22998047</ele></trkpt><trkpt lat="42.94053579202959" lon="-1.7120265389754512"><ele>568.69000244</ele></trkpt><trkpt lat="42.94043732602827" lon="-1.7118213213524558"><ele>569.19000244</ele></trkpt><trkpt lat="42.9403388596658" lon="-1.711616104388745"><ele>569.47998047</ele></trkpt><trkpt lat="42.94024039294223" lon="-1.711410888084348"><ele>569.76000977</ele></trkpt><trkpt lat="42.94014192585755" lon="-1.7112056724392528"><ele>570.01000977</ele></trkpt><trkpt lat="42.94004345841175" lon="-1.7110004574534383"><ele>570.16998291</ele></trkpt><trkpt lat="42.939944990604864" lon="-1.7107952431269262"><ele>570.41998291</ele></trkpt><trkpt lat="42.93984652243686" lon="-1.710590029459708"><ele>570.75</ele></trkpt><trkpt lat="42.93974805390779" lon="-1.710384816451784"><ele>571.15997314</ele></trkpt><trkpt lat="42.939720153808594" lon="-1.7103266716003473"><ele>571.34997559</ele></trkpt><trkpt lat="42.93970367629382" lon="-1.7102909701721678"><ele>571.39001465</ele></trkpt><trkpt lat="42.93960788536516" lon="-1.7100834231600934"><ele>571.86999512</ele></trkpt><trkpt lat="42.939591407775865" lon="-1.7100477218627883"><ele>571.98999023</ele></trkpt><trkpt lat="42.93958898841068" lon="-1.71004312503797"><ele>571.98999023</ele></trkpt><trkpt lat="42.939484119593175" lon="-1.7098438736215091"><ele>572.48999023</ele></trkpt><trkpt lat="42.93937925043577" lon="-1.7096446228855806"><ele>572.63000488</ele></trkpt><trkpt lat="42.9393768310547" lon="-1.7096400260925282"><ele>572.63000488</ele></trkpt><trkpt lat="42.939363115273295" lon="-1.7096125944242055"><ele>572.57000732</ele></trkpt><trkpt lat="42.93926180085748" lon="-1.7094099655925425"><ele>571.97998047</ele></trkpt><trkpt lat="42.93924808502197" lon="-1.7093825340270925"><ele>571.86999512</ele></trkpt><trkpt lat="42.9391983666482" lon="-1.709296354830013"><ele>571.46002197</ele></trkpt><trkpt lat="42.93908715281376" lon="-1.709103583559733"><ele>570.40997314</ele></trkpt><trkpt lat="42.93897593866158" lon="-1.708910812986514"><ele>569.40997314</ele></trkpt><trkpt lat="42.93892621994019" lon="-1.7088246345519953"><ele>568.95001221</ele></trkpt><trkpt lat="42.938889293128014" lon="-1.7087583323313207"><ele>568.69000244</ele></trkpt><trkpt lat="42.93878050889221" lon="-1.708563010710179"><ele>567.85998535</ele></trkpt><trkpt lat="42.93867172433002" lon="-1.7083676897803208"><ele>567.65997314</ele></trkpt><trkpt lat="42.93856293944144" lon="-1.7081723695417796"><ele>567.5</ele></trkpt><trkpt lat="42.938454154226505" lon="-1.7079770499945022"><ele>567.40002441</ele></trkpt><trkpt lat="42.93834536868517" lon="-1.7077817311385435"><ele>567.30999756</ele></trkpt><trkpt lat="42.938236582817474" lon="-1.7075864129738587"><ele>567.27001953</ele></trkpt><trkpt lat="42.93812779662342" lon="-1.707391095500456"><ele>567.15997314</ele></trkpt><trkpt lat="42.938019010102984" lon="-1.7071957787183425"><ele>567.08001709</ele></trkpt><trkpt lat="42.93798208236693" lon="-1.7071294784545947"><ele>567.05999756</ele></trkpt><trkpt lat="42.93789625167846" lon="-1.7069792747497625"><ele>566.96002197</ele></trkpt><trkpt lat="42.93788436545708" lon="-1.7069483704401798"><ele>566.94000244</ele></trkpt><trkpt lat="42.93780084960516" lon="-1.7067312292251804"><ele>566.32000732</ele></trkpt><trkpt lat="42.93778896331788" lon="-1.7067003250122088"><ele>566.32000732</ele></trkpt><trkpt lat="42.93778042565156" lon="-1.7066576363829418"><ele>566</ele></trkpt><trkpt lat="42.93773312807102" lon="-1.7064211484802039"><ele>564.95001221</ele></trkpt><trkpt lat="42.937724590301514" lon="-1.7063784599304292"><ele>564.71002197</ele></trkpt><trkpt lat="42.937681674957275" lon="-1.7061424255371138"><ele>563.72998047</ele></trkpt><trkpt lat="42.937675632444574" lon="-1.7060650756521987"><ele>563.46002197</ele></trkpt><trkpt lat="42.93765659298629" lon="-1.705821357022783"><ele>562.44000244</ele></trkpt><trkpt lat="42.937637553010894" lon="-1.7055776385560322"><ele>561.65997314</ele></trkpt><trkpt lat="42.937618512518384" lon="-1.7053339202519646"><ele>560.77001953</ele></trkpt><trkpt lat="42.93759947150876" lon="-1.7050902021105714"><ele>560.0300293</ele></trkpt><trkpt lat="42.93758042998202" lon="-1.7048464841318693"><ele>559.58001709</ele></trkpt><trkpt lat="42.937574386596665" lon="-1.704769134521488"><ele>559.48999023</ele></trkpt><trkpt lat="42.93756642832333" lon="-1.7046643199698224"><ele>559.34002686</ele></trkpt><trkpt lat="42.93754791738903" lon="-1.7044205264338983"><ele>558.96002197</ele></trkpt><trkpt lat="42.93752940593726" lon="-1.7041767330565614"><ele>558.58001709</ele></trkpt><trkpt lat="42.937510893967996" lon="-1.7039329398378071"><ele>558.40997314</ele></trkpt><trkpt lat="42.93749238148126" lon="-1.7036891467776403"><ele>558.34997559</ele></trkpt><trkpt lat="42.93747386847704" lon="-1.7034453538760523"><ele>558.29998779</ele></trkpt><trkpt lat="42.93745535495535" lon="-1.7032015611330733"><ele>558.29998779</ele></trkpt><trkpt lat="42.93743684091618" lon="-1.7029577685486903"><ele>558.2800293</ele></trkpt><trkpt lat="42.93741832635951" lon="-1.702713976122916"><ele>558.23999023</ele></trkpt><trkpt lat="42.937399811285395" lon="-1.7024701838557723"><ele>558.20001221</ele></trkpt><trkpt lat="42.937381295693804" lon="-1.7022263917472373"><ele>558.03997803</ele></trkpt><trkpt lat="42.93736277958473" lon="-1.70198259979735"><ele>557.84997559</ele></trkpt><trkpt lat="42.9373442629582" lon="-1.701738808006085"><ele>557.7199707</ele></trkpt><trkpt lat="42.937325745814185" lon="-1.7014950163734543"><ele>557.5</ele></trkpt><trkpt lat="42.93730722815271" lon="-1.701251224899484"><ele>557.34997559</ele></trkpt><trkpt lat="42.93728870997377" lon="-1.7010074335841612"><ele>557.19000244</ele></trkpt><trkpt lat="42.93727019127734" lon="-1.7007636424275125"><ele>557.21002197</ele></trkpt><trkpt lat="42.93725167206347" lon="-1.7005198514295201"><ele>557.15002441</ele></trkpt><trkpt lat="42.937233152332105" lon="-1.7002760605901965"><ele>557.38000488</ele></trkpt><trkpt lat="42.937214632083304" lon="-1.7000322699095598"><ele>557.59997559</ele></trkpt><trkpt lat="42.937196111317036" lon="-1.6997884793876008"><ele>557.91998291</ele></trkpt><trkpt lat="42.93718814849853" lon="-1.6996836662292483"><ele>558.04998779</ele></trkpt><trkpt lat="42.937181954086746" lon="-1.6995845515172212"><ele>558.17999268</ele></trkpt><trkpt lat="42.93716669133984" lon="-1.6993403433436405"><ele>558.40997314</ele></trkpt><trkpt lat="42.93715142807338" lon="-1.6990961353033347"><ele>558.59997559</ele></trkpt><trkpt lat="42.937145233154276" lon="-1.6989970207214418"><ele>558.83001709</ele></trkpt><trkpt lat="42.93714721366767" lon="-1.6989138516772555"><ele>558.7199707</ele></trkpt><trkpt lat="42.93715304660612" lon="-1.6986688903431602"><ele>558.86999512</ele></trkpt><trkpt lat="42.93715887901964" lon="-1.698423928975597"><ele>558.92999268</ele></trkpt><trkpt lat="42.937164710908206" lon="-1.6981789675745662"><ele>558.84002686</ele></trkpt><trkpt lat="42.93716669082642" lon="-1.6980957984924305"><ele>558.89001465</ele></trkpt><trkpt lat="42.93716829124851" lon="-1.6980660186753138"><ele>558.79998779</ele></trkpt><trkpt lat="42.93718142744723" lon="-1.6978215816454354"><ele>558.34002686</ele></trkpt><trkpt lat="42.93719456312248" lon="-1.697577144524299"><ele>557.52001953</ele></trkpt><trkpt lat="42.93720769827425" lon="-1.6973327073119133"><ele>556.57000732</ele></trkpt><trkpt lat="42.937220832902526" lon="-1.697088270008271"><ele>555.53997803</ele></trkpt><trkpt lat="42.93723396700729" lon="-1.6968438326133797"><ele>554.70001221</ele></trkpt><trkpt lat="42.9372471005886" lon="-1.696599395127266"><ele>553.85998535</ele></trkpt><trkpt lat="42.9372602336464" lon="-1.6963549575499173"><ele>553.27001953</ele></trkpt><trkpt lat="42.93727336618071" lon="-1.6961105198813338"><ele>552.7800293</ele></trkpt><trkpt lat="42.93728649819155" lon="-1.6958660821215537"><ele>552.45001221</ele></trkpt><trkpt lat="42.937299629678876" lon="-1.6956216442705476"><ele>552.21002197</ele></trkpt><trkpt lat="42.937312760642726" lon="-1.6953772063283286"><ele>552.19000244</ele></trkpt><trkpt lat="42.93732589108309" lon="-1.6951327682949275"><ele>552.23999023</ele></trkpt><trkpt lat="42.93733902099994" lon="-1.6948883301703264"><ele>552.40002441</ele></trkpt><trkpt lat="42.9373521503933" lon="-1.6946438919545388"><ele>552.5300293</ele></trkpt><trkpt lat="42.937365279263176" lon="-1.6943994536475786"><ele>552.63000488</ele></trkpt><trkpt lat="42.93737840760956" lon="-1.694155015249444"><ele>552.70001221</ele></trkpt><trkpt lat="42.93739153543243" lon="-1.6939105767601506"><ele>552.88000488</ele></trkpt><trkpt lat="42.93740466273182" lon="-1.6936661381796925"><ele>553.05999756</ele></trkpt><trkpt lat="42.9374177895077" lon="-1.6934216995080704"><ele>553.03997803</ele></trkpt><trkpt lat="42.93743091576009" lon="-1.6931772607453148"><ele>552.84002686</ele></trkpt><trkpt lat="42.93744404148898" lon="-1.6929328218914041"><ele>552.63000488</ele></trkpt><trkpt lat="42.93744564056397" lon="-1.6929030418396018"><ele>552.53997803</ele></trkpt></trkseg></trk></gpx>