<?xml version="1.0" encoding="utf-8"?><gpx creator="Garmin Desktop App" version="1.1" xsi:schemaLocation="http://www.topografix.com/GPX/1/1 http://www.topografix.com/GPX/1/1/gpx.xsd http://www.garmin.com/xmlschemas/WaypointExtension/v1 http://www8.garmin.com/xmlschemas/WaypointExtensionv1.xsd http://www.garmin.com/xmlschemas/TrackPointExtension/v1 http://www.garmin.com/xmlschemas/TrackPointExtensionv1.xsd http://www.garmin.com/xmlschemas/GpxExtensions/v3 http://www8.garmin.com/xmlschemas/GpxExtensionsv3.xsd http://www.garmin.com/xmlschemas/ActivityExtension/v1 http://www8.garmin.com/xmlschemas/ActivityExtensionv1.xsd http://www.garmin.com/xmlschemas/AdventuresExtensions/v1 http://www8.garmin.com/xmlschemas/AdventuresExtensionv1.xsd http://www.garmin.com/xmlschemas/PressureExtension/v1 http://www.garmin.com/xmlschemas/PressureExtensionv1.xsd http://www.garmin.com/xmlschemas/TripExtensions/v1 http://www.garmin.com/xmlschemas/TripExtensionsv1.xsd http://www.garmin.com/xmlschemas/TripMetaDataExtensions/v1 http://www.garmin.com/xmlschemas/TripMetaDataExtensionsv1.xsd http://www.garmin.com/xmlschemas/ViaPointTransportationModeExtensions/v1 http://www.garmin.com/xmlschemas/ViaPointTransportationModeExtensionsv1.xsd http://www.garmin.com/xmlschemas/CreationTimeExtension/v1 http://www.garmin.com/xmlschemas/CreationTimeExtensionsv1.xsd http://www.garmin.com/xmlschemas/AccelerationExtension/v1 http://www.garmin.com/xmlschemas/AccelerationExtensionv1.xsd http://www.garmin.com/xmlschemas/PowerExtension/v1 http://www.garmin.com/xmlschemas/PowerExtensionv1.xsd http://www.garmin.com/xmlschemas/VideoExtension/v1 http://www.garmin.com/xmlschemas/VideoExtensionv1.xsd" xmlns="http://www.topografix.com/GPX/1/1" xmlns:xsi="http://www.w3.org/2001/XMLSchema-instance" xmlns:wptx1="http://www.garmin.com/xmlschemas/WaypointExtension/v1" xmlns:gpxtrx="http://www.garmin.com/xmlschemas/GpxExtensions/v3" xmlns:gpxtpx="http://www.garmin.com/xmlschemas/TrackPointExtension/v1" xmlns:gpxx="http://www.garmin.com/xmlschemas/GpxExtensions/v3" xmlns:trp="http://www.garmin.com/xmlschemas/TripExtensions/v1" xmlns:adv="http://www.garmin.com/xmlschemas/AdventuresExtensions/v1" xmlns:prs="http://www.garmin.com/xmlschemas/PressureExtension/v1" xmlns:tmd="http://www.garmin.com/xmlschemas/TripMetaDataExtensions/v1" xmlns:vptm="http://www.garmin.com/xmlschemas/ViaPointTransportationModeExtensions/v1" xmlns:ctx="http://www.garmin.com/xmlschemas/CreationTimeExtension/v1" xmlns:gpxacc="http://www.garmin.com/xmlschemas/AccelerationExtension/v1" xmlns:gpxpx="http://www.garmin.com/xmlschemas/PowerExtension/v1" xmlns:vidx1="http://www.garmin.com/xmlschemas/VideoExtension/v1">

  <metadata>
    <link href="http://www.garmin.com">
      <text>Garmin International</text>
    </link>
    <time>2024-06-02T08:51:13Z</time>
    <bounds maxlat="42.996068000793457" maxlon="-1.628530025482178" minlat="42.867348371073604" minlon="-1.829899214208126" />
  </metadata>

  <trk>
    <name>Camping Izarpe_Gravel_Ruta 3_Integral a la zona</name>
    <extensions>
      <gpxx:TrackExtension>
        <gpxx:DisplayColor>DarkGray</gpxx:DisplayColor>
      </gpxx:TrackExtension>
    </extensions>
    <trkseg>
      <trkpt lat="42.937445640563965" lon="-1.692881584167481">
        <ele>552.53997803000004</ele>
      </trkpt>
      <trkpt lat="42.93744346126914" lon="-1.692922068759799">
        <ele>552.59997558999999</ele>
      </trkpt>
      <trkpt lat="42.937430385500193" lon="-1.693166485056281">
        <ele>552.80999756000006</ele>
      </trkpt>
      <trkpt lat="42.937417309731245" lon="-1.693410901352763">
        <ele>553.05999756000006</ele>
      </trkpt>
      <trkpt lat="42.937404233962297" lon="-1.693655401468277">
        <ele>553.09002685999997</ele>
      </trkpt>
      <trkpt lat="42.93739115819335" lon="-1.693899817764759">
        <ele>552.90002441000001</ele>
      </trkpt>
      <trkpt lat="42.937378082424402" lon="-1.694144234061241">
        <ele>552.66998291000004</ele>
      </trkpt>
      <trkpt lat="42.937365006655455" lon="-1.694388734176755">
        <ele>552.63000488</ele>
      </trkpt>
      <trkpt lat="42.937351930886507" lon="-1.694633150473237">
        <ele>552.53002930000002</ele>
      </trkpt>
      <trkpt lat="42.937338855117559" lon="-1.694877566769719">
        <ele>552.40002441000001</ele>
      </trkpt>
      <trkpt lat="42.937325779348612" lon="-1.695122066885233">
        <ele>552.23999022999999</ele>
      </trkpt>
      <trkpt lat="42.937312703579664" lon="-1.695366483181715">
        <ele>552.19000243999994</ele>
      </trkpt>
      <trkpt lat="42.937299627810717" lon="-1.695610899478197">
        <ele>552.21002196999996</ele>
      </trkpt>
      <trkpt lat="42.937286552041769" lon="-1.695855399593711">
        <ele>552.45001220999995</ele>
      </trkpt>
      <trkpt lat="42.937273476272821" lon="-1.696099815890193">
        <ele>552.78002930000002</ele>
      </trkpt>
      <trkpt lat="42.937260400503874" lon="-1.696344232186675">
        <ele>553.27001953000001</ele>
      </trkpt>
      <trkpt lat="42.937247324734926" lon="-1.696588648483157">
        <ele>553.85998534999999</ele>
      </trkpt>
      <trkpt lat="42.937234248965979" lon="-1.696833148598671">
        <ele>554.70001220999995</ele>
      </trkpt>
      <trkpt lat="42.937221173197031" lon="-1.697077564895153">
        <ele>555.53997803000004</ele>
      </trkpt>
      <trkpt lat="42.937208097428083" lon="-1.697321981191635">
        <ele>556.57000731999995</ele>
      </trkpt>
      <trkpt lat="42.937195021659136" lon="-1.697566481307149">
        <ele>557.52001953000001</ele>
      </trkpt>
      <trkpt lat="42.937181945890188" lon="-1.697810897603631">
        <ele>558.27001953000001</ele>
      </trkpt>
      <trkpt lat="42.937168870121241" lon="-1.698055313900113">
        <ele>558.84002685999997</ele>
      </trkpt>
      <trkpt lat="42.937166690826416" lon="-1.698095798492432">
        <ele>558.89001465000001</ele>
      </trkpt>
      <trkpt lat="42.937164679169655" lon="-1.698178946971893">
        <ele>558.84002685999997</ele>
      </trkpt>
      <trkpt lat="42.937158895656466" lon="-1.698423950001597">
        <ele>558.92999268000005</ele>
      </trkpt>
      <trkpt lat="42.937153028324246" lon="-1.69866886921227">
        <ele>558.86999512</ele>
      </trkpt>
      <trkpt lat="42.937147244811058" lon="-1.698913872241974">
        <ele>558.71997069999998</ele>
      </trkpt>
      <trkpt lat="42.937145233154297" lon="-1.698997020721436">
        <ele>558.83001708999996</ele>
      </trkpt>
      <trkpt lat="42.937151435762644" lon="-1.699096094816923">
        <ele>558.59997558999999</ele>
      </trkpt>
      <trkpt lat="42.937166690826416" lon="-1.699340343475342">
        <ele>558.40997314000003</ele>
      </trkpt>
      <trkpt lat="42.937181945890188" lon="-1.699584592133761">
        <ele>558.17999268000005</ele>
      </trkpt>
      <trkpt lat="42.937188148498535" lon="-1.699683666229248">
        <ele>558.04998779000005</ele>
      </trkpt>
      <trkpt lat="42.937194602563977" lon="-1.699768826365471">
        <ele>558.03997803000004</ele>
      </trkpt>
      <trkpt lat="42.937213126569986" lon="-1.700012655928731">
        <ele>557.59997558999999</ele>
      </trkpt>
      <trkpt lat="42.937231650575995" lon="-1.700256401672959">
        <ele>557.33001708999996</ele>
      </trkpt>
      <trkpt lat="42.937250174582005" lon="-1.700500231236219">
        <ele>557.11999512</ele>
      </trkpt>
      <trkpt lat="42.937268698588014" lon="-1.700743976980448">
        <ele>557.19000243999994</ele>
      </trkpt>
      <trkpt lat="42.937287222594023" lon="-1.700987806543708">
        <ele>557.19000243999994</ele>
      </trkpt>
      <trkpt lat="42.937305746600032" lon="-1.701231552287936">
        <ele>557.30999756000006</ele>
      </trkpt>
      <trkpt lat="42.937324270606041" lon="-1.701475381851196">
        <ele>557.41998291000004</ele>
      </trkpt>
      <trkpt lat="42.93734279461205" lon="-1.701719127595425">
        <ele>557.61999512</ele>
      </trkpt>
      <trkpt lat="42.937361318618059" lon="-1.701962957158685">
        <ele>557.79998779000005</ele>
      </trkpt>
      <trkpt lat="42.937379842624068" lon="-1.702206786721945">
        <ele>558.05999756000006</ele>
      </trkpt>
      <trkpt lat="42.937398282811046" lon="-1.702450532466173">
        <ele>558.20001220999995</ele>
      </trkpt>
      <trkpt lat="42.937416806817055" lon="-1.702694362029433">
        <ele>558.21997069999998</ele>
      </trkpt>
      <trkpt lat="42.937435330823064" lon="-1.702938107773662">
        <ele>558.22998046999999</ele>
      </trkpt>
      <trkpt lat="42.937453854829073" lon="-1.703181937336922">
        <ele>558.30999756000006</ele>
      </trkpt>
      <trkpt lat="42.937472378835082" lon="-1.70342568308115">
        <ele>558.28997803000004</ele>
      </trkpt>
      <trkpt lat="42.937490902841091" lon="-1.70366951264441">
        <ele>558.36999512</ele>
      </trkpt>
      <trkpt lat="42.937497356906533" lon="-1.703754672780633">
        <ele>558.34002685999997</ele>
      </trkpt>
      <trkpt lat="42.937498865649104" lon="-1.703774286434054">
        <ele>558.30999756000006</ele>
      </trkpt>
      <trkpt lat="42.937517389655113" lon="-1.704018115997315">
        <ele>558.46997069999998</ele>
      </trkpt>
      <trkpt lat="42.937535913661122" lon="-1.704261861741543">
        <ele>558.76000977000001</ele>
      </trkpt>
      <trkpt lat="42.9375543538481" lon="-1.704505691304803">
        <ele>559.13000488</ele>
      </trkpt>
      <trkpt lat="42.937572877854109" lon="-1.704749520868063">
        <ele>559.46002196999996</ele>
      </trkpt>
      <trkpt lat="42.93757438659668" lon="-1.704769134521484">
        <ele>559.48999022999999</ele>
      </trkpt>
      <trkpt lat="42.937580421566963" lon="-1.704846499487758">
        <ele>559.58001708999996</ele>
      </trkpt>
      <trkpt lat="42.937599448487163" lon="-1.705090161412954">
        <ele>560.03002930000002</ele>
      </trkpt>
      <trkpt lat="42.937618475407362" lon="-1.705333907157183">
        <ele>560.77001953000001</ele>
      </trkpt>
      <trkpt lat="42.937637586146593" lon="-1.705577652901411">
        <ele>561.65997314000003</ele>
      </trkpt>
      <trkpt lat="42.937656613066792" lon="-1.705821398645639">
        <ele>562.44000243999994</ele>
      </trkpt>
      <trkpt lat="42.937675639986992" lon="-1.706065060570836">
        <ele>563.46002196999996</ele>
      </trkpt>
      <trkpt lat="42.937681674957275" lon="-1.706142425537109">
        <ele>563.72998046999999</ele>
      </trkpt>
      <trkpt lat="42.937724590301514" lon="-1.70637845993042">
        <ele>564.71002196999996</ele>
      </trkpt>
      <trkpt lat="42.937733139842749" lon="-1.706421123817563">
        <ele>564.95001220999995</ele>
      </trkpt>
      <trkpt lat="42.937780413776636" lon="-1.706657661125064">
        <ele>566</ele>
      </trkpt>
      <trkpt lat="42.937788963317871" lon="-1.706700325012207">
        <ele>566.32000731999995</ele>
      </trkpt>
      <trkpt lat="42.937800865620375" lon="-1.70673125423491">
        <ele>566.32000731999995</ele>
      </trkpt>
      <trkpt lat="42.937884349375963" lon="-1.706948345527053">
        <ele>566.94000243999994</ele>
      </trkpt>
      <trkpt lat="42.937896251678467" lon="-1.706979274749756">
        <ele>566.96002196999996</ele>
      </trkpt>
      <trkpt lat="42.937982082366943" lon="-1.70712947845459">
        <ele>567.05999756000006</ele>
      </trkpt>
      <trkpt lat="42.93801904655993" lon="-1.707195779308677">
        <ele>567.08001708999996</ele>
      </trkpt>
      <trkpt lat="42.938127759844065" lon="-1.707391077652574">
        <ele>567.15997314000003</ele>
      </trkpt>
      <trkpt lat="42.938236556947231" lon="-1.707586375996471">
        <ele>567.27001953000001</ele>
      </trkpt>
      <trkpt lat="42.938345354050398" lon="-1.707781758159399">
        <ele>567.30999756000006</ele>
      </trkpt>
      <trkpt lat="42.938454151153564" lon="-1.707977056503296">
        <ele>567.40002441000001</ele>
      </trkpt>
      <trkpt lat="42.938562948256731" lon="-1.708172354847193">
        <ele>567.5</ele>
      </trkpt>
      <trkpt lat="42.938671745359898" lon="-1.70836765319109">
        <ele>567.65997314000003</ele>
      </trkpt>
      <trkpt lat="42.938780542463064" lon="-1.708563035354018">
        <ele>567.85998534999999</ele>
      </trkpt>
      <trkpt lat="42.938889255747199" lon="-1.708758333697915">
        <ele>568.69000243999994</ele>
      </trkpt>
      <trkpt lat="42.938926219940186" lon="-1.708824634552002">
        <ele>568.95001220999995</ele>
      </trkpt>
      <trkpt lat="42.938860505819321" lon="-1.708857491612434">
        <ele>569</ele>
      </trkpt>
      <trkpt lat="42.938691526651382" lon="-1.708941981196404">
        <ele>568.32000731999995</ele>
      </trkpt>
      <trkpt lat="42.938625812530518" lon="-1.708974838256836">
        <ele>567.91998291000004</ele>
      </trkpt>
      <trkpt lat="42.938582897186279" lon="-1.708974838256836">
        <ele>567.86999512</ele>
      </trkpt>
      <trkpt lat="42.938604354858398" lon="-1.709060668945313">
        <ele>567.52001953000001</ele>
      </trkpt>
      <trkpt lat="42.938582897186279" lon="-1.709275245666504">
        <ele>564.77001953000001</ele>
      </trkpt>
      <trkpt lat="42.938497066497803" lon="-1.709468364715576">
        <ele>562.66998291000004</ele>
      </trkpt>
      <trkpt lat="42.938411235809326" lon="-1.709661483764648">
        <ele>561.63000488</ele>
      </trkpt>
      <trkpt lat="42.938401512801647" lon="-1.709731724113226">
        <ele>561.52001953000001</ele>
      </trkpt>
      <trkpt lat="42.938368320465088" lon="-1.709972620010376">
        <ele>561.22998046999999</ele>
      </trkpt>
      <trkpt lat="42.938335128128529" lon="-1.710213515907526">
        <ele>561.30999756000006</ele>
      </trkpt>
      <trkpt lat="42.93832540512085" lon="-1.710283756256104">
        <ele>561.47998046999999</ele>
      </trkpt>
      <trkpt lat="42.938316771760583" lon="-1.710313428193331">
        <ele>561.53997803000004</ele>
      </trkpt>
      <trkpt lat="42.938250303268433" lon="-1.710541248321533">
        <ele>561.71002196999996</ele>
      </trkpt>
      <trkpt lat="42.938183834776282" lon="-1.710769068449736">
        <ele>561.82000731999995</ele>
      </trkpt>
      <trkpt lat="42.938175201416016" lon="-1.710798740386963">
        <ele>561.97998046999999</ele>
      </trkpt>
      <trkpt lat="42.938165981322527" lon="-1.710820868611336">
        <ele>561.90997314000003</ele>
      </trkpt>
      <trkpt lat="42.938077133148909" lon="-1.71103410422802">
        <ele>562.55999756000006</ele>
      </trkpt>
      <trkpt lat="42.93806791305542" lon="-1.711056232452393">
        <ele>562.65997314000003</ele>
      </trkpt>
      <trkpt lat="42.938058525323868" lon="-1.711075846105814">
        <ele>562.65997314000003</ele>
      </trkpt>
      <trkpt lat="42.937960624694824" lon="-1.711281538009644">
        <ele>563.28997803000004</ele>
      </trkpt>
      <trkpt lat="42.937862724065781" lon="-1.711487229913473">
        <ele>563.77001953000001</ele>
      </trkpt>
      <trkpt lat="42.937853336334229" lon="-1.711506843566895">
        <ele>563.66998291000004</ele>
      </trkpt>
      <trkpt lat="42.937831878662109" lon="-1.711657047271729">
        <ele>564.29998779000005</ele>
      </trkpt>
      <trkpt lat="42.937853336334229" lon="-1.711764335632324">
        <ele>564.52001953000001</ele>
      </trkpt>
      <trkpt lat="42.937879152595997" lon="-1.711795348674059">
        <ele>564.48999022999999</ele>
      </trkpt>
      <trkpt lat="42.938014268875122" lon="-1.711957454681397">
        <ele>565.05999756000006</ele>
      </trkpt>
      <trkpt lat="42.938149385154247" lon="-1.712119560688734">
        <ele>565.16998291000004</ele>
      </trkpt>
      <trkpt lat="42.938175201416016" lon="-1.712150573730469">
        <ele>565.28002930000002</ele>
      </trkpt>
      <trkpt lat="42.938239574432373" lon="-1.712322235107422">
        <ele>566.07000731999995</ele>
      </trkpt>
      <trkpt lat="42.93824527412653" lon="-1.712339418008924">
        <ele>565.77001953000001</ele>
      </trkpt>
      <trkpt lat="42.938319705426693" lon="-1.71256254427135">
        <ele>566.55999756000006</ele>
      </trkpt>
      <trkpt lat="42.93832540512085" lon="-1.712579727172852">
        <ele>566.44000243999994</ele>
      </trkpt>
      <trkpt lat="42.938335714861751" lon="-1.712615685537458">
        <ele>566.60998534999999</ele>
      </trkpt>
      <trkpt lat="42.938400926068425" lon="-1.712844176217914">
        <ele>567.67999268000005</ele>
      </trkpt>
      <trkpt lat="42.938411235809326" lon="-1.71288013458252">
        <ele>567.54998779000005</ele>
      </trkpt>
      <trkpt lat="42.938425401225686" lon="-1.712974598631263">
        <ele>567.88000488</ele>
      </trkpt>
      <trkpt lat="42.938461443409324" lon="-1.713214823976159">
        <ele>568.52001953000001</ele>
      </trkpt>
      <trkpt lat="42.938475608825684" lon="-1.713309288024902">
        <ele>568.51000977000001</ele>
      </trkpt>
      <trkpt lat="42.938491031527519" lon="-1.713375002145767">
        <ele>568.52001953000001</ele>
      </trkpt>
      <trkpt lat="42.938546016812325" lon="-1.713608354330063">
        <ele>568.90002441000001</ele>
      </trkpt>
      <trkpt lat="42.93856143951416" lon="-1.713674068450928">
        <ele>569.35998534999999</ele>
      </trkpt>
      <trkpt lat="42.93857216835022" lon="-1.713693682104349">
        <ele>569.69000243999994</ele>
      </trkpt>
      <trkpt lat="42.938679456710815" lon="-1.713890489190817">
        <ele>570.59002685999997</ele>
      </trkpt>
      <trkpt lat="42.938690185546875" lon="-1.713910102844238">
        <ele>570.72998046999999</ele>
      </trkpt>
      <trkpt lat="42.938690185546875" lon="-1.713969949632883">
        <ele>571.28002930000002</ele>
      </trkpt>
      <trkpt lat="42.938690185546875" lon="-1.714215036481619">
        <ele>575.21002196999996</ele>
      </trkpt>
      <trkpt lat="42.938690185546875" lon="-1.714274883270264">
        <ele>575.15997314000003</ele>
      </trkpt>
      <trkpt lat="42.938697142526507" lon="-1.714307405054569">
        <ele>575.51000977000001</ele>
      </trkpt>
      <trkpt lat="42.9387476015836" lon="-1.714542768895626">
        <ele>577.41998291000004</ele>
      </trkpt>
      <trkpt lat="42.938754558563232" lon="-1.714575290679932">
        <ele>577.84997558999999</ele>
      </trkpt>
      <trkpt lat="42.938840389251709" lon="-1.714682579040527">
        <ele>578.29998779000005</ele>
      </trkpt>
      <trkpt lat="42.938969135284424" lon="-1.714832782745361">
        <ele>578.34002685999997</ele>
      </trkpt>
      <trkpt lat="42.938985647633672" lon="-1.714854827150703">
        <ele>578.35998534999999</ele>
      </trkpt>
      <trkpt lat="42.939114309847355" lon="-1.715026404708624">
        <ele>579.58001708999996</ele>
      </trkpt>
      <trkpt lat="42.939130822196603" lon="-1.715048449113965">
        <ele>579.47998046999999</ele>
      </trkpt>
      <trkpt lat="42.939226627349854" lon="-1.715176105499268">
        <ele>579.80999756000006</ele>
      </trkpt>
      <trkpt lat="42.939248085021973" lon="-1.715240478515625">
        <ele>580.09997558999999</ele>
      </trkpt>
      <trkpt lat="42.939269542694092" lon="-1.715347766876221">
        <ele>581.03002930000002</ele>
      </trkpt>
      <trkpt lat="42.939269542694092" lon="-1.715375427156687">
        <ele>581.15997314000003</ele>
      </trkpt>
      <trkpt lat="42.939269542694092" lon="-1.715620514005423">
        <ele>582.46997069999998</ele>
      </trkpt>
      <trkpt lat="42.939269542694092" lon="-1.715648174285889">
        <ele>583.23999022999999</ele>
      </trkpt>
      <trkpt lat="42.939291000366211" lon="-1.715798377990723">
        <ele>582.95001220999995</ele>
      </trkpt>
      <trkpt lat="42.939291084185243" lon="-1.715800473466516">
        <ele>582.95001220999995</ele>
      </trkpt>
      <trkpt lat="42.939301729202271" lon="-1.716045141220093">
        <ele>582.97998046999999</ele>
      </trkpt>
      <trkpt lat="42.939312374219298" lon="-1.71628980897367">
        <ele>583.19000243999994</ele>
      </trkpt>
      <trkpt lat="42.93931245803833" lon="-1.716291904449463">
        <ele>583.19000243999994</ele>
      </trkpt>
      <trkpt lat="42.939331736415625" lon="-1.716388212516904">
        <ele>582.96997069999998</ele>
      </trkpt>
      <trkpt lat="42.939379010349512" lon="-1.716624749824405">
        <ele>582.71997069999998</ele>
      </trkpt>
      <trkpt lat="42.939398288726807" lon="-1.716721057891846">
        <ele>582.30999756000006</ele>
      </trkpt>
      <trkpt lat="42.939404575154185" lon="-1.716734888032079">
        <ele>582.47998046999999</ele>
      </trkpt>
      <trkpt lat="42.939499290660024" lon="-1.716943262144923">
        <ele>580.64001465000001</ele>
      </trkpt>
      <trkpt lat="42.939505577087402" lon="-1.716957092285156">
        <ele>580.26000977000001</ele>
      </trkpt>
      <trkpt lat="42.93956995010376" lon="-1.717042922973633">
        <ele>578.76000977000001</ele>
      </trkpt>
      <trkpt lat="42.93961538001895" lon="-1.717088352888823">
        <ele>578.65997314000003</ele>
      </trkpt>
      <trkpt lat="42.939760554581881" lon="-1.717233527451754">
        <ele>577.39001465000001</ele>
      </trkpt>
      <trkpt lat="42.93980598449707" lon="-1.717278957366943">
        <ele>576.96002196999996</ele>
      </trkpt>
      <trkpt lat="42.939813695847988" lon="-1.717280633747578">
        <ele>576.96002196999996</ele>
      </trkpt>
      <trkpt lat="42.939991392195225" lon="-1.717320196330547">
        <ele>576.82000731999995</ele>
      </trkpt>
      <trkpt lat="42.939999103546143" lon="-1.717321872711182">
        <ele>576.82000731999995</ele>
      </trkpt>
      <trkpt lat="42.940028859302402" lon="-1.717313742265105">
        <ele>577.46997069999998</ele>
      </trkpt>
      <trkpt lat="42.940205382183194" lon="-1.717265630140901">
        <ele>576.08001708999996</ele>
      </trkpt>
      <trkpt lat="42.940235137939453" lon="-1.717257499694824">
        <ele>575.52001953000001</ele>
      </trkpt>
      <trkpt lat="42.940245196223259" lon="-1.717248698696494">
        <ele>575.52001953000001</ele>
      </trkpt>
      <trkpt lat="42.9403967410326" lon="-1.71711609698832">
        <ele>574.66998291000004</ele>
      </trkpt>
      <trkpt lat="42.940406799316406" lon="-1.71710729598999">
        <ele>574.60998534999999</ele>
      </trkpt>
      <trkpt lat="42.940436387434602" lon="-1.717071169987321">
        <ele>574.21997069999998</ele>
      </trkpt>
      <trkpt lat="42.940570330247283" lon="-1.716907387599349">
        <ele>573.59997558999999</ele>
      </trkpt>
      <trkpt lat="42.940599918365479" lon="-1.71687126159668">
        <ele>573.76000977000001</ele>
      </trkpt>
      <trkpt lat="42.940621376037598" lon="-1.716785430908203">
        <ele>573.19000243999994</ele>
      </trkpt>
      <trkpt lat="42.940626740455627" lon="-1.716825747862458">
        <ele>573.05999756000006</ele>
      </trkpt>
      <trkpt lat="42.940658926963806" lon="-1.717066979035735">
        <ele>574.78997803000004</ele>
      </trkpt>
      <trkpt lat="42.940664291381836" lon="-1.71710729598999">
        <ele>574.80999756000006</ele>
      </trkpt>
      <trkpt lat="42.940690191462636" lon="-1.717216009274125">
        <ele>575.48999022999999</ele>
      </trkpt>
      <trkpt lat="42.940745679661632" lon="-1.717449193820357">
        <ele>577.45001220999995</ele>
      </trkpt>
      <trkpt lat="42.940771579742432" lon="-1.717557907104492">
        <ele>579.10998534999999</ele>
      </trkpt>
      <trkpt lat="42.940814327448606" lon="-1.717664860188961">
        <ele>579.08001708999996</ele>
      </trkpt>
      <trkpt lat="42.94090049341321" lon="-1.717880107462406">
        <ele>578.64001465000001</ele>
      </trkpt>
      <trkpt lat="42.940943241119385" lon="-1.717987060546875">
        <ele>579.15997314000003</ele>
      </trkpt>
      <trkpt lat="42.94096595607698" lon="-1.718036597594619">
        <ele>579.07000731999995</ele>
      </trkpt>
      <trkpt lat="42.94106125831604" lon="-1.718244552612305">
        <ele>579.03002930000002</ele>
      </trkpt>
      <trkpt lat="42.9411565605551" lon="-1.718452507629991">
        <ele>579.36999512</ele>
      </trkpt>
      <trkpt lat="42.941179275512695" lon="-1.718502044677734">
        <ele>579.55999756000006</ele>
      </trkpt>
      <trkpt lat="42.941226297989488" lon="-1.718580415472388">
        <ele>579.32000731999995</ele>
      </trkpt>
      <trkpt lat="42.941340208053589" lon="-1.718770265579224">
        <ele>578.75</ele>
      </trkpt>
      <trkpt lat="42.94145411811769" lon="-1.718960115686059">
        <ele>579.22998046999999</ele>
      </trkpt>
      <trkpt lat="42.941501140594482" lon="-1.719038486480713">
        <ele>579.38000488</ele>
      </trkpt>
      <trkpt lat="42.941545145586133" lon="-1.719090789556503">
        <ele>580.15002441000001</ele>
      </trkpt>
      <trkpt lat="42.941680680960417" lon="-1.719252225011587">
        <ele>580</ele>
      </trkpt>
      <trkpt lat="42.941816216334701" lon="-1.719413576647639">
        <ele>580.40002441000001</ele>
      </trkpt>
      <trkpt lat="42.941951751708984" lon="-1.719574928283691">
        <ele>580.59997558999999</ele>
      </trkpt>
      <trkpt lat="42.942087287083268" lon="-1.719736279919744">
        <ele>581.69000243999994</ele>
      </trkpt>
      <trkpt lat="42.942222822457552" lon="-1.719897631555796">
        <ele>582.84002685999997</ele>
      </trkpt>
      <trkpt lat="42.942358357831836" lon="-1.72005906701088">
        <ele>583.85998534999999</ele>
      </trkpt>
      <trkpt lat="42.942402362823486" lon="-1.72011137008667">
        <ele>583.30999756000006</ele>
      </trkpt>
      <trkpt lat="42.942466903477907" lon="-1.72014799900353">
        <ele>582.66998291000004</ele>
      </trkpt>
      <trkpt lat="42.942633116617799" lon="-1.720242379233241">
        <ele>581.34002685999997</ele>
      </trkpt>
      <trkpt lat="42.94279932975769" lon="-1.720336675643921">
        <ele>579.20001220999995</ele>
      </trkpt>
      <trkpt lat="42.942965542897582" lon="-1.720430972054601">
        <ele>578.48999022999999</ele>
      </trkpt>
      <trkpt lat="42.943131756037474" lon="-1.720525352284312">
        <ele>578.65002441000001</ele>
      </trkpt>
      <trkpt lat="42.943196296691895" lon="-1.720561981201172">
        <ele>578.29998779000005</ele>
      </trkpt>
      <trkpt lat="42.943239212036133" lon="-1.720583438873291">
        <ele>578.17999268000005</ele>
      </trkpt>
      <trkpt lat="42.943282127380371" lon="-1.720540523529053">
        <ele>577.44000243999994</ele>
      </trkpt>
      <trkpt lat="42.943287072703242" lon="-1.720532309263945">
        <ele>577.44000243999994</ele>
      </trkpt>
      <trkpt lat="42.943400982767344" lon="-1.720342459157109">
        <ele>574.61999512</ele>
      </trkpt>
      <trkpt lat="42.943514892831445" lon="-1.720152692869306">
        <ele>572.28002930000002</ele>
      </trkpt>
      <trkpt lat="42.943628802895546" lon="-1.71996284276247">
        <ele>570.46002196999996</ele>
      </trkpt>
      <trkpt lat="42.943742629140615" lon="-1.719772992655635">
        <ele>570.02001953000001</ele>
      </trkpt>
      <trkpt lat="42.943856539204717" lon="-1.7195831425488">
        <ele>569.78002930000002</ele>
      </trkpt>
      <trkpt lat="42.943861484527588" lon="-1.719574928283691">
        <ele>569.78002930000002</ele>
      </trkpt>
      <trkpt lat="42.943889982998371" lon="-1.719533354043961">
        <ele>569.70001220999995</ele>
      </trkpt>
      <trkpt lat="42.944012777879834" lon="-1.719354065135121">
        <ele>569.72998046999999</ele>
      </trkpt>
      <trkpt lat="42.944135656580329" lon="-1.719174860045314">
        <ele>569.95001220999995</ele>
      </trkpt>
      <trkpt lat="42.944258451461792" lon="-1.718995571136475">
        <ele>570.34997558999999</ele>
      </trkpt>
      <trkpt lat="42.944381246343255" lon="-1.718816282227635">
        <ele>571.01000977000001</ele>
      </trkpt>
      <trkpt lat="42.94450412504375" lon="-1.718637077137828">
        <ele>571.96002196999996</ele>
      </trkpt>
      <trkpt lat="42.944626919925213" lon="-1.718457788228989">
        <ele>573.96002196999996</ele>
      </trkpt>
      <trkpt lat="42.944655418395996" lon="-1.718416213989258">
        <ele>574.55999756000006</ele>
      </trkpt>
      <trkpt lat="42.944784164428711" lon="-1.718287467956543">
        <ele>577.83001708999996</ele>
      </trkpt>
      <trkpt lat="42.944827079772949" lon="-1.718201637268066">
        <ele>579.15002441000001</ele>
      </trkpt>
      <trkpt lat="42.944877119734883" lon="-1.718260729685426">
        <ele>579.47998046999999</ele>
      </trkpt>
      <trkpt lat="42.945013074204326" lon="-1.718421494588256">
        <ele>580.08001708999996</ele>
      </trkpt>
      <trkpt lat="42.94506311416626" lon="-1.718480587005615">
        <ele>580.28002930000002</ele>
      </trkpt>
      <trkpt lat="42.945067388936877" lon="-1.718486370518804">
        <ele>580.29998779000005</ele>
      </trkpt>
      <trkpt lat="42.945194877684116" lon="-1.718659456819296">
        <ele>580.26000977000001</ele>
      </trkpt>
      <trkpt lat="42.945322450250387" lon="-1.718832543119788">
        <ele>579.89001465000001</ele>
      </trkpt>
      <trkpt lat="42.945449938997626" lon="-1.719005629420281">
        <ele>579.53002930000002</ele>
      </trkpt>
      <trkpt lat="42.945577511563897" lon="-1.719178631901741">
        <ele>579.26000977000001</ele>
      </trkpt>
      <trkpt lat="42.945705000311136" lon="-1.719351718202233">
        <ele>578.90002441000001</ele>
      </trkpt>
      <trkpt lat="42.945832572877407" lon="-1.719524804502726">
        <ele>578.48999022999999</ele>
      </trkpt>
      <trkpt lat="42.945960061624646" lon="-1.719697890803218">
        <ele>578.19000243999994</ele>
      </trkpt>
      <trkpt lat="42.945964336395264" lon="-1.719703674316406">
        <ele>578.19000243999994</ele>
      </trkpt>
      <trkpt lat="42.946009347215295" lon="-1.719765532761812">
        <ele>577.95001220999995</ele>
      </trkpt>
      <trkpt lat="42.946135997772217" lon="-1.719939708709717">
        <ele>577.46997069999998</ele>
      </trkpt>
      <trkpt lat="42.946262648329139" lon="-1.720113884657621">
        <ele>576.86999512</ele>
      </trkpt>
      <trkpt lat="42.94630765914917" lon="-1.720175743103027">
        <ele>576.69000243999994</ele>
      </trkpt>
      <trkpt lat="42.946372032165527" lon="-1.720240116119385">
        <ele>576.41998291000004</ele>
      </trkpt>
      <trkpt lat="42.946399273350835" lon="-1.720259143039584">
        <ele>576.20001220999995</ele>
      </trkpt>
      <trkpt lat="42.946559367701411" lon="-1.720371292904019">
        <ele>575.28002930000002</ele>
      </trkpt>
      <trkpt lat="42.946586608886719" lon="-1.720390319824219">
        <ele>575.16998291000004</ele>
      </trkpt>
      <trkpt lat="42.946715354919434" lon="-1.720540523529053">
        <ele>574.40997314000003</ele>
      </trkpt>
      <trkpt lat="42.94680118560791" lon="-1.720669269561768">
        <ele>574.20001220999995</ele>
      </trkpt>
      <trkpt lat="42.946822643280029" lon="-1.720798015594482">
        <ele>574.03002930000002</ele>
      </trkpt>
      <trkpt lat="42.946826331317425" lon="-1.720873787999153">
        <ele>573.95001220999995</ele>
      </trkpt>
      <trkpt lat="42.94683831743896" lon="-1.72111845575273">
        <ele>574.34997558999999</ele>
      </trkpt>
      <trkpt lat="42.946842005476356" lon="-1.721194228157401">
        <ele>574.5</ele>
      </trkpt>
      <trkpt lat="42.946847788989544" lon="-1.721313670277596">
        <ele>574.73999022999999</ele>
      </trkpt>
      <trkpt lat="42.946859775111079" lon="-1.721558338031173">
        <ele>575.55999756000006</ele>
      </trkpt>
      <trkpt lat="42.946865558624268" lon="-1.721677780151367">
        <ele>575.89001465000001</ele>
      </trkpt>
      <trkpt lat="42.946844100952148" lon="-1.72187089920044">
        <ele>576.20001220999995</ele>
      </trkpt>
      <trkpt lat="42.946846699342132" lon="-1.721909791231155">
        <ele>576.34997558999999</ele>
      </trkpt>
      <trkpt lat="42.946862960234284" lon="-1.722153872251511">
        <ele>576.70001220999995</ele>
      </trkpt>
      <trkpt lat="42.946865558624268" lon="-1.722192764282227">
        <ele>576.78002930000002</ele>
      </trkpt>
      <trkpt lat="42.946891793981194" lon="-1.72227256000042">
        <ele>576.91998291000004</ele>
      </trkpt>
      <trkpt lat="42.946965303272009" lon="-1.722496272996068">
        <ele>577.09997558999999</ele>
      </trkpt>
      <trkpt lat="42.947038896381855" lon="-1.722720069810748">
        <ele>577.25</ele>
      </trkpt>
      <trkpt lat="42.947112405672669" lon="-1.722943866625428">
        <ele>577.21997069999998</ele>
      </trkpt>
      <trkpt lat="42.947185998782516" lon="-1.723167579621077">
        <ele>577.27001953000001</ele>
      </trkpt>
      <trkpt lat="42.94725950807333" lon="-1.723391376435757">
        <ele>577.22998046999999</ele>
      </trkpt>
      <trkpt lat="42.947333017364144" lon="-1.723615089431405">
        <ele>577.17999268000005</ele>
      </trkpt>
      <trkpt lat="42.94740661047399" lon="-1.723838886246085">
        <ele>577.16998291000004</ele>
      </trkpt>
      <trkpt lat="42.947480119764805" lon="-1.724062599241734">
        <ele>577.15002441000001</ele>
      </trkpt>
      <trkpt lat="42.947553712874651" lon="-1.724286396056414">
        <ele>577.25</ele>
      </trkpt>
      <trkpt lat="42.947627222165465" lon="-1.724510109052062">
        <ele>577.25</ele>
      </trkpt>
      <trkpt lat="42.94770073145628" lon="-1.724733905866742">
        <ele>577.29998779000005</ele>
      </trkpt>
      <trkpt lat="42.947774324566126" lon="-1.724957618862391">
        <ele>577.33001708999996</ele>
      </trkpt>
      <trkpt lat="42.94784783385694" lon="-1.725181415677071">
        <ele>577.35998534999999</ele>
      </trkpt>
      <trkpt lat="42.947874069213867" lon="-1.725261211395264">
        <ele>577.40997314000003</ele>
      </trkpt>
      <trkpt lat="42.947900975123048" lon="-1.725341090932488">
        <ele>577.53997803000004</ele>
      </trkpt>
      <trkpt lat="42.947975909337401" lon="-1.72556396573782">
        <ele>577.86999512</ele>
      </trkpt>
      <trkpt lat="42.948050927370787" lon="-1.725786756724119">
        <ele>578.14001465000001</ele>
      </trkpt>
      <trkpt lat="42.94812586158514" lon="-1.72600963152945">
        <ele>578.48999022999999</ele>
      </trkpt>
      <trkpt lat="42.948152767494321" lon="-1.726089511066675">
        <ele>578.64001465000001</ele>
      </trkpt>
      <trkpt lat="42.948163915425539" lon="-1.726122619584203">
        <ele>578.66998291000004</ele>
      </trkpt>
      <trkpt lat="42.948238933458924" lon="-1.726345410570502">
        <ele>579.03997803000004</ele>
      </trkpt>
      <trkpt lat="42.94831395149231" lon="-1.726568285375834">
        <ele>579.44000243999994</ele>
      </trkpt>
      <trkpt lat="42.948388969525695" lon="-1.726791160181165">
        <ele>579.88000488</ele>
      </trkpt>
      <trkpt lat="42.948463903740048" lon="-1.727014034986496">
        <ele>580.17999268000005</ele>
      </trkpt>
      <trkpt lat="42.948538921773434" lon="-1.727236909791827">
        <ele>580.72998046999999</ele>
      </trkpt>
      <trkpt lat="42.948613939806819" lon="-1.727459700778127">
        <ele>581.30999756000006</ele>
      </trkpt>
      <trkpt lat="42.948625087738037" lon="-1.727492809295654">
        <ele>581.35998534999999</ele>
      </trkpt>
      <trkpt lat="42.948668003082275" lon="-1.727685928344727">
        <ele>581.63000488</ele>
      </trkpt>
      <trkpt lat="42.948689460754395" lon="-1.727836132049561">
        <ele>581.79998779000005</ele>
      </trkpt>
      <trkpt lat="42.948687113821507" lon="-1.72794065438211">
        <ele>581.71997069999998</ele>
      </trkpt>
      <trkpt lat="42.948681497946382" lon="-1.728185657411814">
        <ele>581.96002196999996</ele>
      </trkpt>
      <trkpt lat="42.948675965890288" lon="-1.72843074426055">
        <ele>582.13000488</ele>
      </trkpt>
      <trkpt lat="42.948670350015163" lon="-1.728675747290254">
        <ele>582.35998534999999</ele>
      </trkpt>
      <trkpt lat="42.948668003082275" lon="-1.728780269622803">
        <ele>582.45001220999995</ele>
      </trkpt>
      <trkpt lat="42.948625087738037" lon="-1.729016304016113">
        <ele>582.67999268000005</ele>
      </trkpt>
      <trkpt lat="42.948603630065918" lon="-1.729123592376709">
        <ele>583.03002930000002</ele>
      </trkpt>
      <trkpt lat="42.948539257049561" lon="-1.729230880737305">
        <ele>582.88000488</ele>
      </trkpt>
      <trkpt lat="42.948482846841216" lon="-1.729296678677201">
        <ele>583.11999512</ele>
      </trkpt>
      <trkpt lat="42.948346138000488" lon="-1.729456186294556">
        <ele>583.75</ele>
      </trkpt>
      <trkpt lat="42.94820942915976" lon="-1.72961569391191">
        <ele>584.57000731999995</ele>
      </trkpt>
      <trkpt lat="42.948153018951416" lon="-1.729681491851807">
        <ele>584.94000243999994</ele>
      </trkpt>
      <trkpt lat="42.948115803301334" lon="-1.729722479358316">
        <ele>585.28997803000004</ele>
      </trkpt>
      <trkpt lat="42.947975657880306" lon="-1.729876538738608">
        <ele>586.25</ele>
      </trkpt>
      <trkpt lat="42.947938442230225" lon="-1.729917526245117">
        <ele>586.52001953000001</ele>
      </trkpt>
      <trkpt lat="42.947934586554766" lon="-1.729923309758306">
        <ele>586.61999512</ele>
      </trkpt>
      <trkpt lat="42.947813551872969" lon="-1.730104861781001">
        <ele>587.54998779000005</ele>
      </trkpt>
      <trkpt lat="42.94780969619751" lon="-1.73011064529419">
        <ele>587.54998779000005</ele>
      </trkpt>
      <trkpt lat="42.947766780853271" lon="-1.730239391326904">
        <ele>587.88000488</ele>
      </trkpt>
      <trkpt lat="42.947754878550768" lon="-1.730282222852111">
        <ele>587.96002196999996</ele>
      </trkpt>
      <trkpt lat="42.947737360373139" lon="-1.730345422402024">
        <ele>588.22998046999999</ele>
      </trkpt>
      <trkpt lat="42.947673657909036" lon="-1.730574667453766">
        <ele>588.96002196999996</ele>
      </trkpt>
      <trkpt lat="42.947609955444932" lon="-1.730803996324539">
        <ele>589.82000731999995</ele>
      </trkpt>
      <trkpt lat="42.947546252980828" lon="-1.731033325195313">
        <ele>590.66998291000004</ele>
      </trkpt>
      <trkpt lat="42.947482550516725" lon="-1.731262570247054">
        <ele>591.59002685999997</ele>
      </trkpt>
      <trkpt lat="42.947418848052621" lon="-1.731491899117827">
        <ele>592.26000977000001</ele>
      </trkpt>
      <trkpt lat="42.947355145588517" lon="-1.731721144169569">
        <ele>593.10998534999999</ele>
      </trkpt>
      <trkpt lat="42.947337627410889" lon="-1.731784343719482">
        <ele>593.26000977000001</ele>
      </trkpt>
      <trkpt lat="42.947333352640271" lon="-1.731798509135842">
        <ele>593.27001953000001</ele>
      </trkpt>
      <trkpt lat="42.947264704853296" lon="-1.732025071978569">
        <ele>594.09997558999999</ele>
      </trkpt>
      <trkpt lat="42.94719597324729" lon="-1.732251718640328">
        <ele>594.88000488</ele>
      </trkpt>
      <trkpt lat="42.947127325460315" lon="-1.732478281483054">
        <ele>595.42999268000005</ele>
      </trkpt>
      <trkpt lat="42.947123050689697" lon="-1.732492446899414">
        <ele>595.46997069999998</ele>
      </trkpt>
      <trkpt lat="42.947108801454306" lon="-1.732532428577542">
        <ele>595.59997558999999</ele>
      </trkpt>
      <trkpt lat="42.947030011564493" lon="-1.732752872630954">
        <ele>596.07000731999995</ele>
      </trkpt>
      <trkpt lat="42.947015762329102" lon="-1.732792854309082">
        <ele>596.29998779000005</ele>
      </trkpt>
      <trkpt lat="42.946908473968506" lon="-1.732964515686035">
        <ele>596.71997069999998</ele>
      </trkpt>
      <trkpt lat="42.946779727935791" lon="-1.733114719390869">
        <ele>597.26000977000001</ele>
      </trkpt>
      <trkpt lat="42.946629524230957" lon="-1.733222007751465">
        <ele>597.84002685999997</ele>
      </trkpt>
      <trkpt lat="42.946595074608922" lon="-1.733240783214569">
        <ele>597.91998291000004</ele>
      </trkpt>
      <trkpt lat="42.946427939459682" lon="-1.733331978321075">
        <ele>598.36999512</ele>
      </trkpt>
      <trkpt lat="42.946393489837646" lon="-1.73335075378418">
        <ele>598.54998779000005</ele>
      </trkpt>
      <trkpt lat="42.94630765914917" lon="-1.73335075378418">
        <ele>598.84997558999999</ele>
      </trkpt>
      <trkpt lat="42.946234149858356" lon="-1.733326278626919">
        <ele>599.40997314000003</ele>
      </trkpt>
      <trkpt lat="42.946059303358197" lon="-1.733267940580845">
        <ele>600.59997558999999</ele>
      </trkpt>
      <trkpt lat="42.945985794067383" lon="-1.733243465423584">
        <ele>600.89001465000001</ele>
      </trkpt>
      <trkpt lat="42.945899963378906" lon="-1.733243465423584">
        <ele>601.38000488</ele>
      </trkpt>
      <trkpt lat="42.945728302001953" lon="-1.733286380767822">
        <ele>602.46002196999996</ele>
      </trkpt>
      <trkpt lat="42.945621013641357" lon="-1.733372211456299">
        <ele>603.32000731999995</ele>
      </trkpt>
      <trkpt lat="42.94557424262166" lon="-1.733442367985845">
        <ele>603.75</ele>
      </trkpt>
      <trkpt lat="42.945453207939863" lon="-1.73362392000854">
        <ele>604.83001708999996</ele>
      </trkpt>
      <trkpt lat="42.945406436920166" lon="-1.733694076538086">
        <ele>605.23999022999999</ele>
      </trkpt>
      <trkpt lat="42.945342063903809" lon="-1.733779907226563">
        <ele>605.82000731999995</ele>
      </trkpt>
      <trkpt lat="42.945277690887451" lon="-1.733822822570801">
        <ele>606.09997558999999</ele>
      </trkpt>
      <trkpt lat="42.945127487182617" lon="-1.73384428024292">
        <ele>606.98999022999999</ele>
      </trkpt>
      <trkpt lat="42.945080548524857" lon="-1.733835311606526">
        <ele>607.39001465000001</ele>
      </trkpt>
      <trkpt lat="42.944902181625366" lon="-1.733801364898682">
        <ele>608.44000243999994</ele>
      </trkpt>
      <trkpt lat="42.944723814725876" lon="-1.733767418190837">
        <ele>609.60998534999999</ele>
      </trkpt>
      <trkpt lat="42.944676876068115" lon="-1.733758449554443">
        <ele>610.03997803000004</ele>
      </trkpt>
      <trkpt lat="42.94456958770752" lon="-1.733801364898682">
        <ele>610.90002441000001</ele>
      </trkpt>
      <trkpt lat="42.944505214691162" lon="-1.733865737915039">
        <ele>611.34997558999999</ele>
      </trkpt>
      <trkpt lat="42.944499095901847" lon="-1.733872778713703">
        <ele>611.34997558999999</ele>
      </trkpt>
      <trkpt lat="42.944361129775643" lon="-1.734030358493328">
        <ele>612.29998779000005</ele>
      </trkpt>
      <trkpt lat="42.944355010986328" lon="-1.734037399291992">
        <ele>612.29998779000005</ele>
      </trkpt>
      <trkpt lat="42.94430966489017" lon="-1.734106549993157">
        <ele>612.75</ele>
      </trkpt>
      <trkpt lat="42.944189719855785" lon="-1.734289359301329">
        <ele>613.97998046999999</ele>
      </trkpt>
      <trkpt lat="42.944069691002369" lon="-1.734472084790468">
        <ele>615.03002930000002</ele>
      </trkpt>
      <trkpt lat="42.943949745967984" lon="-1.73465489409864">
        <ele>616.16998291000004</ele>
      </trkpt>
      <trkpt lat="42.943904399871826" lon="-1.734724044799805">
        <ele>616.59002685999997</ele>
      </trkpt>
      <trkpt lat="42.943872129544616" lon="-1.734767127782106">
        <ele>616.90002441000001</ele>
      </trkpt>
      <trkpt lat="42.943743467330933" lon="-1.734938621520996">
        <ele>618.03002930000002</ele>
      </trkpt>
      <trkpt lat="42.943614805117249" lon="-1.735110115259886">
        <ele>619.05999756000006</ele>
      </trkpt>
      <trkpt lat="42.943582534790039" lon="-1.735153198242188">
        <ele>619.19000243999994</ele>
      </trkpt>
      <trkpt lat="42.943475246429443" lon="-1.735281944274902">
        <ele>619.90997314000003</ele>
      </trkpt>
      <trkpt lat="42.943468289449811" lon="-1.735287141054869">
        <ele>620.09002685999997</ele>
      </trkpt>
      <trkpt lat="42.943310542032123" lon="-1.735405493527651">
        <ele>621.19000243999994</ele>
      </trkpt>
      <trkpt lat="42.94330358505249" lon="-1.735410690307617">
        <ele>621.5</ele>
      </trkpt>
      <trkpt lat="42.943221107125282" lon="-1.735426113009453">
        <ele>621.86999512</ele>
      </trkpt>
      <trkpt lat="42.943042740225792" lon="-1.735459640622139">
        <ele>623.19000243999994</ele>
      </trkpt>
      <trkpt lat="42.942960262298584" lon="-1.735475063323975">
        <ele>623.67999268000005</ele>
      </trkpt>
      <trkpt lat="42.94281005859375" lon="-1.735517978668213">
        <ele>624.60998534999999</ele>
      </trkpt>
      <trkpt lat="42.942743087187409" lon="-1.735551506280899">
        <ele>624.91998291000004</ele>
      </trkpt>
      <trkpt lat="42.942574024200439" lon="-1.735635995864868">
        <ele>625.89001465000001</ele>
      </trkpt>
      <trkpt lat="42.94240496121347" lon="-1.735720485448837">
        <ele>626.89001465000001</ele>
      </trkpt>
      <trkpt lat="42.942337989807129" lon="-1.735754013061523">
        <ele>627.27001953000001</ele>
      </trkpt>
      <trkpt lat="42.94233757071197" lon="-1.735754180699587">
        <ele>627.27001953000001</ele>
      </trkpt>
      <trkpt lat="42.942166076973081" lon="-1.735829198732972">
        <ele>627.82000731999995</ele>
      </trkpt>
      <trkpt lat="42.941994667053223" lon="-1.735904216766357">
        <ele>627.90997314000003</ele>
      </trkpt>
      <trkpt lat="42.941823257133365" lon="-1.735979234799743">
        <ele>627.72998046999999</ele>
      </trkpt>
      <trkpt lat="42.941651763394475" lon="-1.736054252833128">
        <ele>627.36999512</ele>
      </trkpt>
      <trkpt lat="42.941651344299316" lon="-1.736054420471191">
        <ele>627.36999512</ele>
      </trkpt>
      <trkpt lat="42.941626952961087" lon="-1.736065903678536">
        <ele>627.32000731999995</ele>
      </trkpt>
      <trkpt lat="42.941456800326705" lon="-1.736145950853825">
        <ele>626.89001465000001</ele>
      </trkpt>
      <trkpt lat="42.941286563873291" lon="-1.736226081848145">
        <ele>626.45001220999995</ele>
      </trkpt>
      <trkpt lat="42.941116327419877" lon="-1.736306212842464">
        <ele>626.20001220999995</ele>
      </trkpt>
      <trkpt lat="42.940946174785495" lon="-1.736386260017753">
        <ele>626.03997803000004</ele>
      </trkpt>
      <trkpt lat="42.940921783447266" lon="-1.736397743225098">
        <ele>626.02001953000001</ele>
      </trkpt>
      <trkpt lat="42.940821703523397" lon="-1.736477874219418">
        <ele>625.96002196999996</ele>
      </trkpt>
      <trkpt lat="42.940771579742432" lon="-1.736547946929932">
        <ele>625.92999268000005</ele>
      </trkpt>
      <trkpt lat="42.940728664398193" lon="-1.736676692962647">
        <ele>625.86999512</ele>
      </trkpt>
      <trkpt lat="42.940728664398193" lon="-1.736678369343281">
        <ele>625.86999512</ele>
      </trkpt>
      <trkpt lat="42.940728664398193" lon="-1.736923456192017">
        <ele>626.05999756000006</ele>
      </trkpt>
      <trkpt lat="42.940728664398193" lon="-1.737168543040752">
        <ele>626.53997803000004</ele>
      </trkpt>
      <trkpt lat="42.940728664398193" lon="-1.737170219421387">
        <ele>626.53997803000004</ele>
      </trkpt>
      <trkpt lat="42.940707206726074" lon="-1.737363338470459">
        <ele>626.75</ele>
      </trkpt>
      <trkpt lat="42.940704189240932" lon="-1.737369289621711">
        <ele>626.75</ele>
      </trkpt>
      <trkpt lat="42.94060293585062" lon="-1.737571964040399">
        <ele>626.29998779000005</ele>
      </trkpt>
      <trkpt lat="42.940599918365479" lon="-1.73757791519165">
        <ele>626.25</ele>
      </trkpt>
      <trkpt lat="42.940555410459638" lon="-1.737640276551247">
        <ele>626.03002930000002</ele>
      </trkpt>
      <trkpt lat="42.940429849550128" lon="-1.737815961241722">
        <ele>625.03997803000004</ele>
      </trkpt>
      <trkpt lat="42.940385341644287" lon="-1.737878322601318">
        <ele>624.55999756000006</ele>
      </trkpt>
      <trkpt lat="42.940342426300049" lon="-1.738007068634033">
        <ele>623.54998779000005</ele>
      </trkpt>
      <trkpt lat="42.940342426300049" lon="-1.73809289932251">
        <ele>623</ele>
      </trkpt>
      <trkpt lat="42.940385341644287" lon="-1.738221645355225">
        <ele>621.88000488</ele>
      </trkpt>
      <trkpt lat="42.940412499010563" lon="-1.738303201273084">
        <ele>621.48999022999999</ele>
      </trkpt>
      <trkpt lat="42.940486930310726" lon="-1.73852632753551">
        <ele>620.04998779000005</ele>
      </trkpt>
      <trkpt lat="42.940514087677002" lon="-1.738607883453369">
        <ele>619.36999512</ele>
      </trkpt>
      <trkpt lat="42.94055700302124" lon="-1.738801002502441">
        <ele>618.30999756000006</ele>
      </trkpt>
      <trkpt lat="42.940559601411223" lon="-1.738839894533157">
        <ele>618.19000243999994</ele>
      </trkpt>
      <trkpt lat="42.940575862303376" lon="-1.739083975553513">
        <ele>617.03997803000004</ele>
      </trkpt>
      <trkpt lat="42.940578460693359" lon="-1.739122867584229">
        <ele>616.77001953000001</ele>
      </trkpt>
      <trkpt lat="42.940578460693359" lon="-1.739150527864695">
        <ele>616.73999022999999</ele>
      </trkpt>
      <trkpt lat="42.940578460693359" lon="-1.73939561471343">
        <ele>615.47998046999999</ele>
      </trkpt>
      <trkpt lat="42.940578460693359" lon="-1.739423274993897">
        <ele>615.38000488</ele>
      </trkpt>
      <trkpt lat="42.940599918365479" lon="-1.739573478698731">
        <ele>614.55999756000006</ele>
      </trkpt>
      <trkpt lat="42.940600756555796" lon="-1.739576580002904">
        <ele>614.55999756000006</ele>
      </trkpt>
      <trkpt lat="42.940663453191519" lon="-1.739806411787868">
        <ele>613.03997803000004</ele>
      </trkpt>
      <trkpt lat="42.940664291381836" lon="-1.739809513092041">
        <ele>612.96997069999998</ele>
      </trkpt>
      <trkpt lat="42.940693292766809" lon="-1.739894170314074">
        <ele>612.5</ele>
      </trkpt>
      <trkpt lat="42.940769484266639" lon="-1.740116290748119">
        <ele>611.22998046999999</ele>
      </trkpt>
      <trkpt lat="42.940845591947436" lon="-1.740338411182165">
        <ele>609.95001220999995</ele>
      </trkpt>
      <trkpt lat="42.940921783447266" lon="-1.740560531616211">
        <ele>608.63000488</ele>
      </trkpt>
      <trkpt lat="42.940997974947095" lon="-1.740782652050257">
        <ele>607.28002930000002</ele>
      </trkpt>
      <trkpt lat="42.941074082627892" lon="-1.741004772484303">
        <ele>605.84997558999999</ele>
      </trkpt>
      <trkpt lat="42.941150274127722" lon="-1.741226892918348">
        <ele>604.61999512</ele>
      </trkpt>
      <trkpt lat="42.941179275512695" lon="-1.741311550140381">
        <ele>604.34002685999997</ele>
      </trkpt>
      <trkpt lat="42.94119025580585" lon="-1.741350693628192">
        <ele>604</ele>
      </trkpt>
      <trkpt lat="42.941254377365112" lon="-1.74157977104187">
        <ele>602.91998291000004</ele>
      </trkpt>
      <trkpt lat="42.941318498924375" lon="-1.741808848455548">
        <ele>601.79998779000005</ele>
      </trkpt>
      <trkpt lat="42.941329479217529" lon="-1.741847991943359">
        <ele>601.67999268000005</ele>
      </trkpt>
      <trkpt lat="42.941350936889648" lon="-1.74208402633667">
        <ele>600.88000488</ele>
      </trkpt>
      <trkpt lat="42.94134808704257" lon="-1.742171784862876">
        <ele>600.78002930000002</ele>
      </trkpt>
      <trkpt lat="42.941340208053589" lon="-1.742416620254517">
        <ele>600.94000243999994</ele>
      </trkpt>
      <trkpt lat="42.941332329064608" lon="-1.742661455646157">
        <ele>601.01000977000001</ele>
      </trkpt>
      <trkpt lat="42.941329479217529" lon="-1.742749214172363">
        <ele>601.05999756000006</ele>
      </trkpt>
      <trkpt lat="42.941350936889648" lon="-1.742920875549316">
        <ele>601.53997803000004</ele>
      </trkpt>
      <trkpt lat="42.941372394561768" lon="-1.743028163909912">
        <ele>602.17999268000005</ele>
      </trkpt>
      <trkpt lat="42.941378680989146" lon="-1.743041994050145">
        <ele>602.17999268000005</ele>
      </trkpt>
      <trkpt lat="42.941473396494985" lon="-1.74325036816299">
        <ele>603.63000488</ele>
      </trkpt>
      <trkpt lat="42.941479682922363" lon="-1.743264198303223">
        <ele>603.65997314000003</ele>
      </trkpt>
      <trkpt lat="42.941485466435552" lon="-1.743274424225092">
        <ele>603.76000977000001</ele>
      </trkpt>
      <trkpt lat="42.941596023738384" lon="-1.743467878550291">
        <ele>605.17999268000005</ele>
      </trkpt>
      <trkpt lat="42.941706664860249" lon="-1.74366133287549">
        <ele>606.35998534999999</ele>
      </trkpt>
      <trkpt lat="42.941817222163081" lon="-1.743854787200689">
        <ele>607.65002441000001</ele>
      </trkpt>
      <trkpt lat="42.94182300567627" lon="-1.743865013122559">
        <ele>607.65002441000001</ele>
      </trkpt>
      <trkpt lat="42.941842200234532" lon="-1.743885464966297">
        <ele>607.80999756000006</ele>
      </trkpt>
      <trkpt lat="42.941983938217163" lon="-1.744036674499512">
        <ele>608.64001465000001</ele>
      </trkpt>
      <trkpt lat="42.942125676199794" lon="-1.744187884032726">
        <ele>610.02001953000001</ele>
      </trkpt>
      <trkpt lat="42.942144870758057" lon="-1.744208335876465">
        <ele>610.09002685999997</ele>
      </trkpt>
      <trkpt lat="42.942230701446533" lon="-1.744315624237061">
        <ele>610.76000977000001</ele>
      </trkpt>
      <trkpt lat="42.942273616790771" lon="-1.744444370269775">
        <ele>611.39001465000001</ele>
      </trkpt>
      <trkpt lat="42.942239502444863" lon="-1.744342027232051">
        <ele>610.86999512</ele>
      </trkpt>
      <trkpt lat="42.942273616790771" lon="-1.744444370269775">
        <ele>611.39001465000001</ele>
      </trkpt>
      <trkpt lat="42.942273616790771" lon="-1.744487285614014">
        <ele>611.45001220999995</ele>
      </trkpt>
      <trkpt lat="42.942273616790771" lon="-1.74457311630249">
        <ele>611.69000243999994</ele>
      </trkpt>
      <trkpt lat="42.942230701446533" lon="-1.744680404663086">
        <ele>611.88000488</ele>
      </trkpt>
      <trkpt lat="42.942166328430176" lon="-1.744809150695801">
        <ele>612.01000977000001</ele>
      </trkpt>
      <trkpt lat="42.942080497741699" lon="-1.744894981384277">
        <ele>611.94000243999994</ele>
      </trkpt>
      <trkpt lat="42.942030625417829" lon="-1.744932364672422">
        <ele>611.96997069999998</ele>
      </trkpt>
      <trkpt lat="42.94187287800014" lon="-1.745050717145205">
        <ele>612.07000731999995</ele>
      </trkpt>
      <trkpt lat="42.94182300567627" lon="-1.74508810043335">
        <ele>612.15002441000001</ele>
      </trkpt>
      <trkpt lat="42.941757626831532" lon="-1.7451286688447">
        <ele>612.29998779000005</ele>
      </trkpt>
      <trkpt lat="42.941593760624528" lon="-1.745230341330171">
        <ele>612.53997803000004</ele>
      </trkpt>
      <trkpt lat="42.941429978236556" lon="-1.745332097634673">
        <ele>612.78002930000002</ele>
      </trkpt>
      <trkpt lat="42.941266112029552" lon="-1.745433770120144">
        <ele>612.97998046999999</ele>
      </trkpt>
      <trkpt lat="42.941200733184814" lon="-1.745474338531494">
        <ele>613.15002441000001</ele>
      </trkpt>
      <trkpt lat="42.941158656030893" lon="-1.745499568060041">
        <ele>613.25</ele>
      </trkpt>
      <trkpt lat="42.940993867814541" lon="-1.745598474517465">
        <ele>613.41998291000004</ele>
      </trkpt>
      <trkpt lat="42.940829079598188" lon="-1.745697297155857">
        <ele>613.69000243999994</ele>
      </trkpt>
      <trkpt lat="42.940664291381836" lon="-1.745796203613281">
        <ele>613.70001220999995</ele>
      </trkpt>
      <trkpt lat="42.940499503165483" lon="-1.745895110070705">
        <ele>614.10998534999999</ele>
      </trkpt>
      <trkpt lat="42.940334714949131" lon="-1.745993932709098">
        <ele>614.42999268000005</ele>
      </trkpt>
      <trkpt lat="42.940169926732779" lon="-1.746092839166522">
        <ele>614.96997069999998</ele>
      </trkpt>
      <trkpt lat="42.940127849578857" lon="-1.746118068695068">
        <ele>615.05999756000006</ele>
      </trkpt>
      <trkpt lat="42.94009817764163" lon="-1.746141789481044">
        <ele>615.16998291000004</ele>
      </trkpt>
      <trkpt lat="42.939942944794893" lon="-1.746266009286046">
        <ele>615.53997803000004</ele>
      </trkpt>
      <trkpt lat="42.939913272857666" lon="-1.746289730072022">
        <ele>615.70001220999995</ele>
      </trkpt>
      <trkpt lat="42.939892066642642" lon="-1.746308589354157">
        <ele>615.73999022999999</ele>
      </trkpt>
      <trkpt lat="42.939741360023618" lon="-1.746442532166839">
        <ele>615.27001953000001</ele>
      </trkpt>
      <trkpt lat="42.939720153808594" lon="-1.746461391448975">
        <ele>615.27001953000001</ele>
      </trkpt>
      <trkpt lat="42.939698779955506" lon="-1.74648511223495">
        <ele>615.15002441000001</ele>
      </trkpt>
      <trkpt lat="42.939559305086732" lon="-1.746640093624592">
        <ele>614.46002196999996</ele>
      </trkpt>
      <trkpt lat="42.939419830217957" lon="-1.746795158833265">
        <ele>613.84002685999997</ele>
      </trkpt>
      <trkpt lat="42.939280271530151" lon="-1.746950140222907">
        <ele>613.16998291000004</ele>
      </trkpt>
      <trkpt lat="42.939140796661377" lon="-1.747105121612549">
        <ele>612.53997803000004</ele>
      </trkpt>
      <trkpt lat="42.939001321792603" lon="-1.747260103002191">
        <ele>612.01000977000001</ele>
      </trkpt>
      <trkpt lat="42.938861763104796" lon="-1.747415084391832">
        <ele>611.34002685999997</ele>
      </trkpt>
      <trkpt lat="42.938722288236022" lon="-1.747570149600506">
        <ele>610.67999268000005</ele>
      </trkpt>
      <trkpt lat="42.938582813367248" lon="-1.747725130990148">
        <ele>610.15002441000001</ele>
      </trkpt>
      <trkpt lat="42.93856143951416" lon="-1.747748851776123">
        <ele>610.03002930000002</ele>
      </trkpt>
      <trkpt lat="42.938509304076433" lon="-1.747806016355753">
        <ele>609.86999512</ele>
      </trkpt>
      <trkpt lat="42.938369074836373" lon="-1.747959824278951">
        <ele>609.40002441000001</ele>
      </trkpt>
      <trkpt lat="42.938228845596313" lon="-1.748113632202148">
        <ele>608.76000977000001</ele>
      </trkpt>
      <trkpt lat="42.938088616356254" lon="-1.748267440125346">
        <ele>608.13000488</ele>
      </trkpt>
      <trkpt lat="42.937948387116194" lon="-1.748421248048544">
        <ele>607.42999268000005</ele>
      </trkpt>
      <trkpt lat="42.937896251678467" lon="-1.748478412628174">
        <ele>607.20001220999995</ele>
      </trkpt>
      <trkpt lat="42.937969174236059" lon="-1.748540941625834">
        <ele>606.91998291000004</ele>
      </trkpt>
      <trkpt lat="42.938121557235718" lon="-1.748671531677246">
        <ele>606.20001220999995</ele>
      </trkpt>
      <trkpt lat="42.938273940235376" lon="-1.748802121728659">
        <ele>605.57000731999995</ele>
      </trkpt>
      <trkpt lat="42.938346862792969" lon="-1.748864650726318">
        <ele>605.15002441000001</ele>
      </trkpt>
      <trkpt lat="42.938348036259413" lon="-1.748865488916636">
        <ele>605.15002441000001</ele>
      </trkpt>
      <trkpt lat="42.938504610210657" lon="-1.748986523598433">
        <ele>604.40002441000001</ele>
      </trkpt>
      <trkpt lat="42.938661184161901" lon="-1.74910755828023">
        <ele>603.89001465000001</ele>
      </trkpt>
      <trkpt lat="42.938817758113146" lon="-1.749228592962027">
        <ele>603.28002930000002</ele>
      </trkpt>
      <trkpt lat="42.93881893157959" lon="-1.749229431152344">
        <ele>603.32000731999995</ele>
      </trkpt>
      <trkpt lat="42.938883220776916" lon="-1.749257007613778">
        <ele>603.20001220999995</ele>
      </trkpt>
      <trkpt lat="42.939055049791932" lon="-1.749330600723624">
        <ele>602.78002930000002</ele>
      </trkpt>
      <trkpt lat="42.939119338989258" lon="-1.749358177185059">
        <ele>602.54998779000005</ele>
      </trkpt>
      <trkpt lat="42.939248085021973" lon="-1.749422550201416">
        <ele>602.35998534999999</ele>
      </trkpt>
      <trkpt lat="42.939267363399267" lon="-1.749447360634804">
        <ele>602.25</ele>
      </trkpt>
      <trkpt lat="42.939398288726807" lon="-1.749615669250488">
        <ele>601.60998534999999</ele>
      </trkpt>
      <trkpt lat="42.939529214054346" lon="-1.749783977866173">
        <ele>600.69000243999994</ele>
      </trkpt>
      <trkpt lat="42.939548492431641" lon="-1.749808788299561">
        <ele>600.59997558999999</ele>
      </trkpt>
      <trkpt lat="42.939583193510771" lon="-1.749843489378691">
        <ele>600.36999512</ele>
      </trkpt>
      <trkpt lat="42.939728368073702" lon="-1.749988663941622">
        <ele>599.65997314000003</ele>
      </trkpt>
      <trkpt lat="42.939763069152832" lon="-1.750023365020752">
        <ele>599.28002930000002</ele>
      </trkpt>
      <trkpt lat="42.939815036952496" lon="-1.750060496851802">
        <ele>599.03997803000004</ele>
      </trkpt>
      <trkpt lat="42.939974460750818" lon="-1.750174406915903">
        <ele>598.16998291000004</ele>
      </trkpt>
      <trkpt lat="42.940133968368173" lon="-1.750288316980004">
        <ele>597.39001465000001</ele>
      </trkpt>
      <trkpt lat="42.940293392166495" lon="-1.750402143225074">
        <ele>596.72998046999999</ele>
      </trkpt>
      <trkpt lat="42.94045289978385" lon="-1.750516053289175">
        <ele>596.03002930000002</ele>
      </trkpt>
      <trkpt lat="42.940612323582172" lon="-1.750629963353276">
        <ele>595.03997803000004</ele>
      </trkpt>
      <trkpt lat="42.940664291381836" lon="-1.750667095184326">
        <ele>594.79998779000005</ele>
      </trkpt>
      <trkpt lat="42.940749116241932" lon="-1.750698946416378">
        <ele>594.26000977000001</ele>
      </trkpt>
      <trkpt lat="42.940922789275646" lon="-1.750763989984989">
        <ele>593.28002930000002</ele>
      </trkpt>
      <trkpt lat="42.941007614135742" lon="-1.750795841217041">
        <ele>592.63000488</ele>
      </trkpt>
      <trkpt lat="42.941157817840576" lon="-1.750795841217041">
        <ele>591.89001465000001</ele>
      </trkpt>
      <trkpt lat="42.941329479217529" lon="-1.750774383544922">
        <ele>591.14001465000001</ele>
      </trkpt>
      <trkpt lat="42.941390750929713" lon="-1.750761223956943">
        <ele>590.84002685999997</ele>
      </trkpt>
      <trkpt lat="42.941568614915013" lon="-1.750723170116544">
        <ele>590.05999756000006</ele>
      </trkpt>
      <trkpt lat="42.941629886627197" lon="-1.750710010528565">
        <ele>589.82000731999995</ele>
      </trkpt>
      <trkpt lat="42.941679339855909" lon="-1.750710010528565">
        <ele>589.63000488</ele>
      </trkpt>
      <trkpt lat="42.941859383136034" lon="-1.750710010528565">
        <ele>589.13000488</ele>
      </trkpt>
      <trkpt lat="42.941908836364746" lon="-1.750710010528565">
        <ele>589.07000731999995</ele>
      </trkpt>
      <trkpt lat="42.941915625706315" lon="-1.75071076489985">
        <ele>589</ele>
      </trkpt>
      <trkpt lat="42.942095166072249" lon="-1.750730713829398">
        <ele>588.46997069999998</ele>
      </trkpt>
      <trkpt lat="42.942101955413818" lon="-1.750731468200684">
        <ele>588.39001465000001</ele>
      </trkpt>
      <trkpt lat="42.94213623739779" lon="-1.750743370503187">
        <ele>588.32000731999995</ele>
      </trkpt>
      <trkpt lat="42.942310832440853" lon="-1.750803720206022">
        <ele>587.96997069999998</ele>
      </trkpt>
      <trkpt lat="42.942485343664885" lon="-1.750864153727889">
        <ele>587.55999756000006</ele>
      </trkpt>
      <trkpt lat="42.942659854888916" lon="-1.750924587249756">
        <ele>587.09002685999997</ele>
      </trkpt>
      <trkpt lat="42.942834366112947" lon="-1.750985020771623">
        <ele>586.61999512</ele>
      </trkpt>
      <trkpt lat="42.943008877336979" lon="-1.751045370474458">
        <ele>586.04998779000005</ele>
      </trkpt>
      <trkpt lat="42.943183472380042" lon="-1.751105803996325">
        <ele>585.60998534999999</ele>
      </trkpt>
      <trkpt lat="42.943217754364014" lon="-1.751117706298828">
        <ele>585.61999512</ele>
      </trkpt>
      <trkpt lat="42.943224711343646" lon="-1.751122903078795">
        <ele>585.63000488</ele>
      </trkpt>
      <trkpt lat="42.943382458761334" lon="-1.751241255551577">
        <ele>585.05999756000006</ele>
      </trkpt>
      <trkpt lat="42.943389415740967" lon="-1.751246452331543">
        <ele>584.88000488</ele>
      </trkpt>
      <trkpt lat="42.943414645269513" lon="-1.751274028792977">
        <ele>584.78997803000004</ele>
      </trkpt>
      <trkpt lat="42.9435552097857" lon="-1.751427333801985">
        <ele>584.09002685999997</ele>
      </trkpt>
      <trkpt lat="42.943695690482855" lon="-1.751580554991961">
        <ele>583.70001220999995</ele>
      </trkpt>
      <trkpt lat="42.943836254999042" lon="-1.751733860000968">
        <ele>583.01000977000001</ele>
      </trkpt>
      <trkpt lat="42.943861484527588" lon="-1.751761436462402">
        <ele>582.90997314000003</ele>
      </trkpt>
      <trkpt lat="42.943877913057804" lon="-1.75177987664938">
        <ele>582.84997558999999</ele>
      </trkpt>
      <trkpt lat="42.944016717374325" lon="-1.751936115324497">
        <ele>582.21997069999998</ele>
      </trkpt>
      <trkpt lat="42.944033145904541" lon="-1.751954555511475">
        <ele>582.10998534999999</ele>
      </trkpt>
      <trkpt lat="42.944140434265137" lon="-1.752126216888428">
        <ele>581.53997803000004</ele>
      </trkpt>
      <trkpt lat="42.944181840866804" lon="-1.752189667895436">
        <ele>581.28002930000002</ele>
      </trkpt>
      <trkpt lat="42.94430136680603" lon="-1.752372980117798">
        <ele>580.55999756000006</ele>
      </trkpt>
      <trkpt lat="42.944420892745256" lon="-1.752556292340159">
        <ele>580.13000488</ele>
      </trkpt>
      <trkpt lat="42.944462299346924" lon="-1.752619743347168">
        <ele>579.86999512</ele>
      </trkpt>
      <trkpt lat="42.944507729262114" lon="-1.752665173262358">
        <ele>579.72998046999999</ele>
      </trkpt>
      <trkpt lat="42.944652903825045" lon="-1.752810347825289">
        <ele>579.05999756000006</ele>
      </trkpt>
      <trkpt lat="42.944698333740234" lon="-1.752855777740479">
        <ele>578.75</ele>
      </trkpt>
      <trkpt lat="42.944746697321534" lon="-1.7528978548944">
        <ele>578.65002441000001</ele>
      </trkpt>
      <trkpt lat="42.944898409768939" lon="-1.753029869869351">
        <ele>578.16998291000004</ele>
      </trkpt>
      <trkpt lat="42.945050122216344" lon="-1.753161968663335">
        <ele>577.80999756000006</ele>
      </trkpt>
      <trkpt lat="42.945201834663749" lon="-1.753293983638287">
        <ele>577.34002685999997</ele>
      </trkpt>
      <trkpt lat="42.945353547111154" lon="-1.75342608243227">
        <ele>576.78002930000002</ele>
      </trkpt>
      <trkpt lat="42.945505259558558" lon="-1.753558097407222">
        <ele>576.42999268000005</ele>
      </trkpt>
      <trkpt lat="42.945656972005963" lon="-1.753690196201205">
        <ele>576.09997558999999</ele>
      </trkpt>
      <trkpt lat="42.945808684453368" lon="-1.753822211176157">
        <ele>575.66998291000004</ele>
      </trkpt>
      <trkpt lat="42.945857048034668" lon="-1.753864288330078">
        <ele>575.57000731999995</ele>
      </trkpt>
      <trkpt lat="42.945862915366888" lon="-1.753871580585837">
        <ele>575.54998779000005</ele>
      </trkpt>
      <trkpt lat="42.945996522903442" lon="-1.754035949707031">
        <ele>575.16998291000004</ele>
      </trkpt>
      <trkpt lat="42.946130130439997" lon="-1.754200318828225">
        <ele>574.71997069999998</ele>
      </trkpt>
      <trkpt lat="42.946135997772217" lon="-1.754207611083984">
        <ele>574.66998291000004</ele>
      </trkpt>
      <trkpt lat="42.946196598932147" lon="-1.754296878352761">
        <ele>574.42999268000005</ele>
      </trkpt>
      <trkpt lat="42.946318807080388" lon="-1.754476921632886">
        <ele>574.02001953000001</ele>
      </trkpt>
      <trkpt lat="42.946441015228629" lon="-1.754656964913011">
        <ele>573.52001953000001</ele>
      </trkpt>
      <trkpt lat="42.946563307195902" lon="-1.754836924374104">
        <ele>572.90997314000003</ele>
      </trkpt>
      <trkpt lat="42.946685515344143" lon="-1.755016967654228">
        <ele>572.45001220999995</ele>
      </trkpt>
      <trkpt lat="42.946807723492384" lon="-1.755197010934353">
        <ele>571.91998291000004</ele>
      </trkpt>
      <trkpt lat="42.946929931640625" lon="-1.755377054214478">
        <ele>571.47998046999999</ele>
      </trkpt>
      <trkpt lat="42.947052139788866" lon="-1.755557097494602">
        <ele>571.04998779000005</ele>
      </trkpt>
      <trkpt lat="42.947174347937107" lon="-1.755737056955695">
        <ele>570.71997069999998</ele>
      </trkpt>
      <trkpt lat="42.94729663990438" lon="-1.75591710023582">
        <ele>570.34002685999997</ele>
      </trkpt>
      <trkpt lat="42.947418848052621" lon="-1.756097143515945">
        <ele>569.90002441000001</ele>
      </trkpt>
      <trkpt lat="42.947541056200862" lon="-1.756277186796069">
        <ele>569.64001465000001</ele>
      </trkpt>
      <trkpt lat="42.947663264349103" lon="-1.756457230076194">
        <ele>569.32000731999995</ele>
      </trkpt>
      <trkpt lat="42.947723865509033" lon="-1.756546497344971">
        <ele>569.16998291000004</ele>
      </trkpt>
      <trkpt lat="42.947726882994175" lon="-1.756552448496223">
        <ele>569.11999512</ele>
      </trkpt>
      <trkpt lat="42.947828136384487" lon="-1.75675512291491">
        <ele>569.05999756000006</ele>
      </trkpt>
      <trkpt lat="42.947831153869629" lon="-1.756761074066162">
        <ele>569.05999756000006</ele>
      </trkpt>
      <trkpt lat="42.947849258780479" lon="-1.756847072392702">
        <ele>568.91998291000004</ele>
      </trkpt>
      <trkpt lat="42.947898879647255" lon="-1.757082771509886">
        <ele>568.71997069999998</ele>
      </trkpt>
      <trkpt lat="42.947916984558105" lon="-1.757168769836426">
        <ele>568.70001220999995</ele>
      </trkpt>
      <trkpt lat="42.948002815246582" lon="-1.75731897354126">
        <ele>568.72998046999999</ele>
      </trkpt>
      <trkpt lat="42.948059560731053" lon="-1.757377982139587">
        <ele>568.78997803000004</ele>
      </trkpt>
      <trkpt lat="42.948202807456255" lon="-1.757526593282819">
        <ele>568.88000488</ele>
      </trkpt>
      <trkpt lat="42.948345970362425" lon="-1.757675288245082">
        <ele>568.96002196999996</ele>
      </trkpt>
      <trkpt lat="42.948489133268595" lon="-1.757823983207345">
        <ele>568.46997069999998</ele>
      </trkpt>
      <trkpt lat="42.948632296174765" lon="-1.757972678169608">
        <ele>568.21002196999996</ele>
      </trkpt>
      <trkpt lat="42.948775459080935" lon="-1.758121373131871">
        <ele>568.05999756000006</ele>
      </trkpt>
      <trkpt lat="42.948918621987104" lon="-1.758270068094134">
        <ele>567.76000977000001</ele>
      </trkpt>
      <trkpt lat="42.949061868712306" lon="-1.758418679237366">
        <ele>567.63000488</ele>
      </trkpt>
      <trkpt lat="42.949118614196777" lon="-1.758477687835693">
        <ele>567.26000977000001</ele>
      </trkpt>
      <trkpt lat="42.949162870645523" lon="-1.758523536846042">
        <ele>567.40002441000001</ele>
      </trkpt>
      <trkpt lat="42.949306201189756" lon="-1.75867198035121">
        <ele>566.92999268000005</ele>
      </trkpt>
      <trkpt lat="42.94944953173399" lon="-1.758820423856378">
        <ele>566.65997314000003</ele>
      </trkpt>
      <trkpt lat="42.949592862278223" lon="-1.758968867361546">
        <ele>566.25</ele>
      </trkpt>
      <trkpt lat="42.949736192822456" lon="-1.759117227047682">
        <ele>565.60998534999999</ele>
      </trkpt>
      <trkpt lat="42.949879439547658" lon="-1.75926567055285">
        <ele>565.30999756000006</ele>
      </trkpt>
      <trkpt lat="42.950022770091891" lon="-1.759414114058018">
        <ele>564.78002930000002</ele>
      </trkpt>
      <trkpt lat="42.950166100636125" lon="-1.759562557563186">
        <ele>564.46002196999996</ele>
      </trkpt>
      <trkpt lat="42.950309431180358" lon="-1.759711001068354">
        <ele>564.08001708999996</ele>
      </trkpt>
      <trkpt lat="42.950452761724591" lon="-1.759859444573522">
        <ele>563.66998291000004</ele>
      </trkpt>
      <trkpt lat="42.950497018173337" lon="-1.75990529358387">
        <ele>563.64001465000001</ele>
      </trkpt>
      <trkpt lat="42.950507830828428" lon="-1.75991652533412">
        <ele>563.51000977000001</ele>
      </trkpt>
      <trkpt lat="42.950651161372662" lon="-1.760064968839288">
        <ele>562.84997558999999</ele>
      </trkpt>
      <trkpt lat="42.950794491916895" lon="-1.760213412344456">
        <ele>562.72998046999999</ele>
      </trkpt>
      <trkpt lat="42.950937822461128" lon="-1.760361772030592">
        <ele>562.36999512</ele>
      </trkpt>
      <trkpt lat="42.95108106918633" lon="-1.76051021553576">
        <ele>561.92999268000005</ele>
      </trkpt>
      <trkpt lat="42.951224399730563" lon="-1.760658659040928">
        <ele>561.61999512</ele>
      </trkpt>
      <trkpt lat="42.951367730274796" lon="-1.760807102546096">
        <ele>561.22998046999999</ele>
      </trkpt>
      <trkpt lat="42.95151106081903" lon="-1.760955546051264">
        <ele>560.92999268000005</ele>
      </trkpt>
      <trkpt lat="42.951521873474121" lon="-1.760966777801514">
        <ele>560.90002441000001</ele>
      </trkpt>
      <trkpt lat="42.951527740806341" lon="-1.760974070057273">
        <ele>560.90002441000001</ele>
      </trkpt>
      <trkpt lat="42.951661348342896" lon="-1.761138439178467">
        <ele>560.64001465000001</ele>
      </trkpt>
      <trkpt lat="42.95179495587945" lon="-1.761302808299661">
        <ele>560.40997314000003</ele>
      </trkpt>
      <trkpt lat="42.95180082321167" lon="-1.76131010055542">
        <ele>560.40997314000003</ele>
      </trkpt>
      <trkpt lat="42.951852455735207" lon="-1.761403055861592">
        <ele>560.38000488</ele>
      </trkpt>
      <trkpt lat="42.95196108520031" lon="-1.761598605662584">
        <ele>560.23999022999999</ele>
      </trkpt>
      <trkpt lat="42.952069714665413" lon="-1.761794071644545">
        <ele>560.23999022999999</ele>
      </trkpt>
      <trkpt lat="42.952178344130516" lon="-1.761989621445537">
        <ele>560.19000243999994</ele>
      </trkpt>
      <trkpt lat="42.952229976654053" lon="-1.762082576751709">
        <ele>560.19000243999994</ele>
      </trkpt>
      <trkpt lat="42.952269539237022" lon="-1.762145860120654">
        <ele>560.09002685999997</ele>
      </trkpt>
      <trkpt lat="42.95238621532917" lon="-1.762332525104284">
        <ele>559.83001708999996</ele>
      </trkpt>
      <trkpt lat="42.952502891421318" lon="-1.762519273906946">
        <ele>559.22998046999999</ele>
      </trkpt>
      <trkpt lat="42.952619567513466" lon="-1.762705938890576">
        <ele>558.76000977000001</ele>
      </trkpt>
      <trkpt lat="42.952659130096436" lon="-1.762769222259522">
        <ele>558.66998291000004</ele>
      </trkpt>
      <trkpt lat="42.952744960784912" lon="-1.762962341308594">
        <ele>558.04998779000005</ele>
      </trkpt>
      <trkpt lat="42.952767005190253" lon="-1.763032162562013">
        <ele>557.89001465000001</ele>
      </trkpt>
      <trkpt lat="42.95283816754818" lon="-1.763257384300232">
        <ele>557.36999512</ele>
      </trkpt>
      <trkpt lat="42.952909246087074" lon="-1.763482689857483">
        <ele>556.76000977000001</ele>
      </trkpt>
      <trkpt lat="42.952980408445001" lon="-1.763707911595702">
        <ele>556.05999756000006</ele>
      </trkpt>
      <trkpt lat="42.953002452850342" lon="-1.763777732849121">
        <ele>555.85998534999999</ele>
      </trkpt>
      <trkpt lat="42.953018713742495" lon="-1.763830538839102">
        <ele>555.70001220999995</ele>
      </trkpt>
      <trkpt lat="42.953088283538818" lon="-1.76405668258667">
        <ele>554.90997314000003</ele>
      </trkpt>
      <trkpt lat="42.953157853335142" lon="-1.764282826334238">
        <ele>554.41998291000004</ele>
      </trkpt>
      <trkpt lat="42.953174114227295" lon="-1.764335632324219">
        <ele>554.28997803000004</ele>
      </trkpt>
      <trkpt lat="42.953259944915771" lon="-1.764528751373291">
        <ele>553.79998779000005</ele>
      </trkpt>
      <trkpt lat="42.953262375667691" lon="-1.764533696696162">
        <ele>553.84997558999999</ele>
      </trkpt>
      <trkpt lat="42.953363209962845" lon="-1.764736790210009">
        <ele>553.27001953000001</ele>
      </trkpt>
      <trkpt lat="42.953464044257998" lon="-1.764939967542887">
        <ele>552.79998779000005</ele>
      </trkpt>
      <trkpt lat="42.95356479473412" lon="-1.765143061056733">
        <ele>552.39001465000001</ele>
      </trkpt>
      <trkpt lat="42.953665629029274" lon="-1.765346238389611">
        <ele>551.76000977000001</ele>
      </trkpt>
      <trkpt lat="42.953766463324428" lon="-1.765549415722489">
        <ele>551.28997803000004</ele>
      </trkpt>
      <trkpt lat="42.95386721380055" lon="-1.765752509236336">
        <ele>550.65997314000003</ele>
      </trkpt>
      <trkpt lat="42.953968048095703" lon="-1.765955686569214">
        <ele>550.15002441000001</ele>
      </trkpt>
      <trkpt lat="42.954068882390857" lon="-1.76615878008306">
        <ele>549.59997558999999</ele>
      </trkpt>
      <trkpt lat="42.95416971668601" lon="-1.766361957415938">
        <ele>549.10998534999999</ele>
      </trkpt>
      <trkpt lat="42.954270467162132" lon="-1.766565134748817">
        <ele>548.48999022999999</ele>
      </trkpt>
      <trkpt lat="42.954371301457286" lon="-1.766768228262663">
        <ele>547.90002441000001</ele>
      </trkpt>
      <trkpt lat="42.954472135752439" lon="-1.766971405595541">
        <ele>547.30999756000006</ele>
      </trkpt>
      <trkpt lat="42.954572886228561" lon="-1.767174582928419">
        <ele>546.86999512</ele>
      </trkpt>
      <trkpt lat="42.954673720523715" lon="-1.767377676442266">
        <ele>546.34002685999997</ele>
      </trkpt>
      <trkpt lat="42.954676151275635" lon="-1.767382621765137">
        <ele>546.34002685999997</ele>
      </trkpt>
      <trkpt lat="42.954709092155099" lon="-1.767453951761127">
        <ele>545.76000977000001</ele>
      </trkpt>
      <trkpt lat="42.95480489730835" lon="-1.767661571502686">
        <ele>545.80999756000006</ele>
      </trkpt>
      <trkpt lat="42.9549007024616" lon="-1.767869191244245">
        <ele>545.73999022999999</ele>
      </trkpt>
      <trkpt lat="42.954933643341064" lon="-1.767940521240234">
        <ele>545.72998046999999</ele>
      </trkpt>
      <trkpt lat="42.954967925325036" lon="-1.768040014430881">
        <ele>545.75</ele>
      </trkpt>
      <trkpt lat="42.955044284462929" lon="-1.768261967226863">
        <ele>545.65002441000001</ele>
      </trkpt>
      <trkpt lat="42.955120727419853" lon="-1.768484003841877">
        <ele>545.63000488</ele>
      </trkpt>
      <trkpt lat="42.955197170376778" lon="-1.768705956637859">
        <ele>545.83001708999996</ele>
      </trkpt>
      <trkpt lat="42.955273613333702" lon="-1.768927993252873">
        <ele>545.96002196999996</ele>
      </trkpt>
      <trkpt lat="42.955349972471595" lon="-1.769149946048856">
        <ele>546.28002930000002</ele>
      </trkpt>
      <trkpt lat="42.955384254455566" lon="-1.769249439239502">
        <ele>546.39001465000001</ele>
      </trkpt>
      <trkpt lat="42.955412836745381" lon="-1.769331749528647">
        <ele>546.46997069999998</ele>
      </trkpt>
      <trkpt lat="42.955489698797464" lon="-1.769553450867534">
        <ele>546.77001953000001</ele>
      </trkpt>
      <trkpt lat="42.955566644668579" lon="-1.769775152206421">
        <ele>546.94000243999994</ele>
      </trkpt>
      <trkpt lat="42.955643590539694" lon="-1.769996853545308">
        <ele>547.11999512</ele>
      </trkpt>
      <trkpt lat="42.955720452591777" lon="-1.770218554884195">
        <ele>547.38000488</ele>
      </trkpt>
      <trkpt lat="42.955749034881592" lon="-1.77030086517334">
        <ele>547.40997314000003</ele>
      </trkpt>
      <trkpt lat="42.955777868628502" lon="-1.770392060279846">
        <ele>547.55999756000006</ele>
      </trkpt>
      <trkpt lat="42.955848947167397" lon="-1.770617365837097">
        <ele>547.88000488</ele>
      </trkpt>
      <trkpt lat="42.955877780914307" lon="-1.770708560943604">
        <ele>547.90997314000003</ele>
      </trkpt>
      <trkpt lat="42.955880295485258" lon="-1.770717864856124">
        <ele>547.90997314000003</ele>
      </trkpt>
      <trkpt lat="42.955942992120981" lon="-1.770947696641088">
        <ele>548.26000977000001</ele>
      </trkpt>
      <trkpt lat="42.956005688756704" lon="-1.771177528426051">
        <ele>548.38000488</ele>
      </trkpt>
      <trkpt lat="42.956068385392427" lon="-1.771407360211015">
        <ele>548.34997558999999</ele>
      </trkpt>
      <trkpt lat="42.956070899963379" lon="-1.771416664123535">
        <ele>548.36999512</ele>
      </trkpt>
      <trkpt lat="42.956098224967718" lon="-1.771530071273446">
        <ele>548.35998534999999</ele>
      </trkpt>
      <trkpt lat="42.956154299899936" lon="-1.771763004362583">
        <ele>548.33001708999996</ele>
      </trkpt>
      <trkpt lat="42.956210374832153" lon="-1.771996021270752">
        <ele>548.22998046999999</ele>
      </trkpt>
      <trkpt lat="42.956266449764371" lon="-1.772228954359889">
        <ele>548.33001708999996</ele>
      </trkpt>
      <trkpt lat="42.956322524696589" lon="-1.772461971268058">
        <ele>548.34002685999997</ele>
      </trkpt>
      <trkpt lat="42.956349849700928" lon="-1.772575378417969">
        <ele>548.40002441000001</ele>
      </trkpt>
      <trkpt lat="42.956356219947338" lon="-1.772607062011957">
        <ele>548.34002685999997</ele>
      </trkpt>
      <trkpt lat="42.956403493881226" lon="-1.772843599319458">
        <ele>548.75</ele>
      </trkpt>
      <trkpt lat="42.956450767815113" lon="-1.773080136626959">
        <ele>549.40997314000003</ele>
      </trkpt>
      <trkpt lat="42.956457138061523" lon="-1.773111820220947">
        <ele>549.52001953000001</ele>
      </trkpt>
      <trkpt lat="42.956457138061523" lon="-1.773176193237305">
        <ele>549.71002196999996</ele>
      </trkpt>
      <trkpt lat="42.956446828320622" lon="-1.773179797455668">
        <ele>549.71002196999996</ele>
      </trkpt>
      <trkpt lat="42.956272400915623" lon="-1.773240566253662">
        <ele>547.91998291000004</ele>
      </trkpt>
      <trkpt lat="42.956097973510623" lon="-1.773301335051656">
        <ele>545.94000243999994</ele>
      </trkpt>
      <trkpt lat="42.955923462286592" lon="-1.773362187668681">
        <ele>544.76000977000001</ele>
      </trkpt>
      <trkpt lat="42.955749034881592" lon="-1.773422956466675">
        <ele>543.75</ele>
      </trkpt>
      <trkpt lat="42.955574607476592" lon="-1.773483725264669">
        <ele>542.67999268000005</ele>
      </trkpt>
      <trkpt lat="42.955400096252561" lon="-1.773544577881694">
        <ele>541.90002441000001</ele>
      </trkpt>
      <trkpt lat="42.955225668847561" lon="-1.773605346679688">
        <ele>541.5</ele>
      </trkpt>
      <trkpt lat="42.955051241442561" lon="-1.773666115477681">
        <ele>541.23999022999999</ele>
      </trkpt>
      <trkpt lat="42.95504093170166" lon="-1.773669719696045">
        <ele>541.34002685999997</ele>
      </trkpt>
      <trkpt lat="42.955011175945401" lon="-1.773677850142121">
        <ele>541.29998779000005</ele>
      </trkpt>
      <trkpt lat="42.954834653064609" lon="-1.773725962266326">
        <ele>541.11999512</ele>
      </trkpt>
      <trkpt lat="42.95480489730835" lon="-1.773734092712402">
        <ele>541.14001465000001</ele>
      </trkpt>
      <trkpt lat="42.954697608947754" lon="-1.773734092712402">
        <ele>541.09997558999999</ele>
      </trkpt>
      <trkpt lat="42.954637343063951" lon="-1.773729817941785">
        <ele>541.03002930000002</ele>
      </trkpt>
      <trkpt lat="42.954457467421889" lon="-1.773716909810901">
        <ele>541.54998779000005</ele>
      </trkpt>
      <trkpt lat="42.954397201538086" lon="-1.773712635040283">
        <ele>541.70001220999995</ele>
      </trkpt>
      <trkpt lat="42.954225540161133" lon="-1.773669719696045">
        <ele>543.15997314000003</ele>
      </trkpt>
      <trkpt lat="42.954096794128418" lon="-1.773605346679688">
        <ele>544.28002930000002</ele>
      </trkpt>
      <trkpt lat="42.954010963439941" lon="-1.77354097366333">
        <ele>545.28997803000004</ele>
      </trkpt>
      <trkpt lat="42.953991433605552" lon="-1.773516582325101">
        <ele>545.47998046999999</ele>
      </trkpt>
      <trkpt lat="42.953858831897378" lon="-1.773350788280368">
        <ele>547.39001465000001</ele>
      </trkpt>
      <trkpt lat="42.953839302062988" lon="-1.773326396942139">
        <ele>547.65997314000003</ele>
      </trkpt>
      <trkpt lat="42.953820945695043" lon="-1.773312063887715">
        <ele>547.90002441000001</ele>
      </trkpt>
      <trkpt lat="42.953664539381862" lon="-1.773190526291728">
        <ele>549.82000731999995</ele>
      </trkpt>
      <trkpt lat="42.953646183013916" lon="-1.773176193237305">
        <ele>550.15997314000003</ele>
      </trkpt>
      <trkpt lat="42.953602597117424" lon="-1.773156579583883">
        <ele>550.41998291000004</ele>
      </trkpt>
      <trkpt lat="42.953431606292725" lon="-1.773079633712769">
        <ele>552.66998291000004</ele>
      </trkpt>
      <trkpt lat="42.953260615468025" lon="-1.773002687841654">
        <ele>554.47998046999999</ele>
      </trkpt>
      <trkpt lat="42.953217029571533" lon="-1.772983074188232">
        <ele>554.97998046999999</ele>
      </trkpt>
      <trkpt lat="42.953184423968196" lon="-1.772968238219619">
        <ele>555.15002441000001</ele>
      </trkpt>
      <trkpt lat="42.95301360078156" lon="-1.77289062179625">
        <ele>556.71997069999998</ele>
      </trkpt>
      <trkpt lat="42.952980995178223" lon="-1.772875785827637">
        <ele>557</ele>
      </trkpt>
      <trkpt lat="42.952916622161865" lon="-1.772811412811279">
        <ele>557.55999756000006</ele>
      </trkpt>
      <trkpt lat="42.952873706817627" lon="-1.772918701171875">
        <ele>558.28997803000004</ele>
      </trkpt>
      <trkpt lat="42.952873706817627" lon="-1.772961616516113">
        <ele>558.35998534999999</ele>
      </trkpt>
      <trkpt lat="42.952875215560198" lon="-1.77296781912446">
        <ele>558.30999756000006</ele>
      </trkpt>
      <trkpt lat="42.952933050692081" lon="-1.773199997842312">
        <ele>557.84002685999997</ele>
      </trkpt>
      <trkpt lat="42.952990802004933" lon="-1.773432176560164">
        <ele>557.28002930000002</ele>
      </trkpt>
      <trkpt lat="42.953048637136817" lon="-1.773664355278015">
        <ele>556.52001953000001</ele>
      </trkpt>
      <trkpt lat="42.953106388449669" lon="-1.773896617814899">
        <ele>555.78002930000002</ele>
      </trkpt>
      <trkpt lat="42.953164139762521" lon="-1.77412879653275">
        <ele>554.85998534999999</ele>
      </trkpt>
      <trkpt lat="42.953221974894404" lon="-1.774360975250602">
        <ele>553.83001708999996</ele>
      </trkpt>
      <trkpt lat="42.953279726207256" lon="-1.774593153968453">
        <ele>552.55999756000006</ele>
      </trkpt>
      <trkpt lat="42.95333756133914" lon="-1.774825332686305">
        <ele>551.21997069999998</ele>
      </trkpt>
      <trkpt lat="42.953395312651992" lon="-1.775057595223188">
        <ele>550.10998534999999</ele>
      </trkpt>
      <trkpt lat="42.953453063964844" lon="-1.77528977394104">
        <ele>549.10998534999999</ele>
      </trkpt>
      <trkpt lat="42.953510899096727" lon="-1.775521952658892">
        <ele>548.22998046999999</ele>
      </trkpt>
      <trkpt lat="42.953568650409579" lon="-1.775754131376743">
        <ele>547.63000488</ele>
      </trkpt>
      <trkpt lat="42.953626401722431" lon="-1.775986310094595">
        <ele>546.96997069999998</ele>
      </trkpt>
      <trkpt lat="42.953684236854315" lon="-1.776218572631478">
        <ele>546.25</ele>
      </trkpt>
      <trkpt lat="42.953741988167167" lon="-1.77645075134933">
        <ele>545.55999756000006</ele>
      </trkpt>
      <trkpt lat="42.953799739480019" lon="-1.776682930067182">
        <ele>544.97998046999999</ele>
      </trkpt>
      <trkpt lat="42.953857574611902" lon="-1.776915108785033">
        <ele>544.51000977000001</ele>
      </trkpt>
      <trkpt lat="42.953915325924754" lon="-1.777147371321917">
        <ele>543.65002441000001</ele>
      </trkpt>
      <trkpt lat="42.953973077237606" lon="-1.777379550039768">
        <ele>543.09002685999997</ele>
      </trkpt>
      <trkpt lat="42.95403091236949" lon="-1.77761172875762">
        <ele>542.64001465000001</ele>
      </trkpt>
      <trkpt lat="42.954032421112061" lon="-1.777617931365967">
        <ele>542.64001465000001</ele>
      </trkpt>
      <trkpt lat="42.954032421112061" lon="-1.777660846710205">
        <ele>542.53997803000004</ele>
      </trkpt>
      <trkpt lat="42.954035187140107" lon="-1.77767182700336">
        <ele>542.53997803000004</ele>
      </trkpt>
      <trkpt lat="42.954093189910054" lon="-1.77790392190218">
        <ele>542.28997803000004</ele>
      </trkpt>
      <trkpt lat="42.954151192680001" lon="-1.778136016801">
        <ele>542.34002685999997</ele>
      </trkpt>
      <trkpt lat="42.954209195449948" lon="-1.77836811169982">
        <ele>542.35998534999999</ele>
      </trkpt>
      <trkpt lat="42.954267282038927" lon="-1.77860020659864">
        <ele>542.44000243999994</ele>
      </trkpt>
      <trkpt lat="42.954325284808874" lon="-1.778832217678428">
        <ele>542.57000731999995</ele>
      </trkpt>
      <trkpt lat="42.954383287578821" lon="-1.779064312577248">
        <ele>542.84997558999999</ele>
      </trkpt>
      <trkpt lat="42.954441290348768" lon="-1.779296407476068">
        <ele>543.02001953000001</ele>
      </trkpt>
      <trkpt lat="42.954499376937747" lon="-1.779528502374888">
        <ele>543.65002441000001</ele>
      </trkpt>
      <trkpt lat="42.954557379707694" lon="-1.779760597273707">
        <ele>544.40997314000003</ele>
      </trkpt>
      <trkpt lat="42.954615382477641" lon="-1.779992692172527">
        <ele>545.84997558999999</ele>
      </trkpt>
      <trkpt lat="42.954673385247588" lon="-1.780224787071347">
        <ele>548.04998779000005</ele>
      </trkpt>
      <trkpt lat="42.954676151275635" lon="-1.780235767364502">
        <ele>548.04998779000005</ele>
      </trkpt>
      <trkpt lat="42.954697608947754" lon="-1.780300140380859">
        <ele>549.07000731999995</ele>
      </trkpt>
      <trkpt lat="42.954727280884981" lon="-1.780352611094713">
        <ele>549.92999268000005</ele>
      </trkpt>
      <trkpt lat="42.954837083816528" lon="-1.78054690361023">
        <ele>552.88000488</ele>
      </trkpt>
      <trkpt lat="42.954946886748075" lon="-1.780741196125746">
        <ele>555.46997069999998</ele>
      </trkpt>
      <trkpt lat="42.954976558685303" lon="-1.7807936668396">
        <ele>555.94000243999994</ele>
      </trkpt>
      <trkpt lat="42.954988293349743" lon="-1.780831050127745">
        <ele>556.22998046999999</ele>
      </trkpt>
      <trkpt lat="42.955059120431542" lon="-1.781056439504027">
        <ele>558.03002930000002</ele>
      </trkpt>
      <trkpt lat="42.955130031332374" lon="-1.781281912699342">
        <ele>560.34997558999999</ele>
      </trkpt>
      <trkpt lat="42.955200858414173" lon="-1.781507302075625">
        <ele>562.48999022999999</ele>
      </trkpt>
      <trkpt lat="42.955212593078613" lon="-1.78154468536377">
        <ele>562.86999512</ele>
      </trkpt>
      <trkpt lat="42.955260369926691" lon="-1.781645519658923">
        <ele>563.60998534999999</ele>
      </trkpt>
      <trkpt lat="42.955357935279608" lon="-1.78185154683888">
        <ele>565.65002441000001</ele>
      </trkpt>
      <trkpt lat="42.955405712127686" lon="-1.781952381134033">
        <ele>566.85998534999999</ele>
      </trkpt>
      <trkpt lat="42.955448627471924" lon="-1.782081127166748">
        <ele>568.46002196999996</ele>
      </trkpt>
      <trkpt lat="42.955455919727683" lon="-1.782130496576428">
        <ele>569.11999512</ele>
      </trkpt>
      <trkpt lat="42.955491542816162" lon="-1.782370805740356">
        <ele>570.57000731999995</ele>
      </trkpt>
      <trkpt lat="42.955527165904641" lon="-1.782611114904285">
        <ele>571.41998291000004</ele>
      </trkpt>
      <trkpt lat="42.9555344581604" lon="-1.782660484313965">
        <ele>571.60998534999999</ele>
      </trkpt>
      <trkpt lat="42.955533871427178" lon="-1.782667441293597">
        <ele>571.60998534999999</ele>
      </trkpt>
      <trkpt lat="42.955513587221503" lon="-1.782911019399762">
        <ele>572.51000977000001</ele>
      </trkpt>
      <trkpt lat="42.955513000488281" lon="-1.782917976379395">
        <ele>572.51000977000001</ele>
      </trkpt>
      <trkpt lat="42.955448627471924" lon="-1.783046722412109">
        <ele>573.95001220999995</ele>
      </trkpt>
      <trkpt lat="42.955465726554394" lon="-1.783132050186396">
        <ele>574.42999268000005</ele>
      </trkpt>
      <trkpt lat="42.955513000488281" lon="-1.783368587493897">
        <ele>574.46002196999996</ele>
      </trkpt>
      <trkpt lat="42.955560274422169" lon="-1.783605124801397">
        <ele>574.46002196999996</ele>
      </trkpt>
      <trkpt lat="42.955577373504639" lon="-1.783690452575684">
        <ele>573.97998046999999</ele>
      </trkpt>
      <trkpt lat="42.955577373504639" lon="-1.783754825592041">
        <ele>573.72998046999999</ele>
      </trkpt>
      <trkpt lat="42.9555344581604" lon="-1.783905029296875">
        <ele>572.91998291000004</ele>
      </trkpt>
      <trkpt lat="42.95552515424788" lon="-1.783924642950296">
        <ele>573.21002196999996</ele>
      </trkpt>
      <trkpt lat="42.955427169799805" lon="-1.784130334854126">
        <ele>572.26000977000001</ele>
      </trkpt>
      <trkpt lat="42.955329185351729" lon="-1.784336026757956">
        <ele>572.13000488</ele>
      </trkpt>
      <trkpt lat="42.955319881439209" lon="-1.784355640411377">
        <ele>571.82000731999995</ele>
      </trkpt>
      <trkpt lat="42.955313930287957" lon="-1.784371985122562">
        <ele>571.89001465000001</ele>
      </trkpt>
      <trkpt lat="42.955234050750732" lon="-1.784591674804688">
        <ele>569.94000243999994</ele>
      </trkpt>
      <trkpt lat="42.955154171213508" lon="-1.784811364486814">
        <ele>567.26000977000001</ele>
      </trkpt>
      <trkpt lat="42.955148220062256" lon="-1.784827709197998">
        <ele>566.71002196999996</ele>
      </trkpt>
      <trkpt lat="42.955062389373779" lon="-1.784934997558594">
        <ele>565.75</ele>
      </trkpt>
      <trkpt lat="42.955019976943731" lon="-1.784929130226374">
        <ele>565.85998534999999</ele>
      </trkpt>
      <trkpt lat="42.954840855672956" lon="-1.784904403612018">
        <ele>566.05999756000006</ele>
      </trkpt>
      <trkpt lat="42.954661650583148" lon="-1.784879760816693">
        <ele>566.19000243999994</ele>
      </trkpt>
      <trkpt lat="42.954482529312372" lon="-1.784855034202337">
        <ele>566.15002441000001</ele>
      </trkpt>
      <trkpt lat="42.954440116882324" lon="-1.784849166870117">
        <ele>566.20001220999995</ele>
      </trkpt>
      <trkpt lat="42.954311370849609" lon="-1.784849166870117">
        <ele>566.13000488</ele>
      </trkpt>
      <trkpt lat="42.954139709472656" lon="-1.784870624542236">
        <ele>565.96002196999996</ele>
      </trkpt>
      <trkpt lat="42.954107103869319" lon="-1.78488546051085">
        <ele>565.85998534999999</ele>
      </trkpt>
      <trkpt lat="42.953936280682683" lon="-1.784963076934218">
        <ele>565.72998046999999</ele>
      </trkpt>
      <trkpt lat="42.953903675079346" lon="-1.784977912902832">
        <ele>565.70001220999995</ele>
      </trkpt>
      <trkpt lat="42.953876433894038" lon="-1.784996939823031">
        <ele>565.90997314000003</ele>
      </trkpt>
      <trkpt lat="42.953716339543462" lon="-1.785109089687467">
        <ele>566.28002930000002</ele>
      </trkpt>
      <trkpt lat="42.953689098358154" lon="-1.785128116607666">
        <ele>566.35998534999999</ele>
      </trkpt>
      <trkpt lat="42.953603267669678" lon="-1.785149574279785">
        <ele>566.38000488</ele>
      </trkpt>
      <trkpt lat="42.953600669279695" lon="-1.785150915384293">
        <ele>566.38000488</ele>
      </trkpt>
      <trkpt lat="42.953431606292725" lon="-1.785235404968262">
        <ele>565.16998291000004</ele>
      </trkpt>
      <trkpt lat="42.953262543305755" lon="-1.785319894552231">
        <ele>564.75</ele>
      </trkpt>
      <trkpt lat="42.953259944915771" lon="-1.785321235656738">
        <ele>564.75</ele>
      </trkpt>
      <trkpt lat="42.953187692910433" lon="-1.785346381366253">
        <ele>564.80999756000006</ele>
      </trkpt>
      <trkpt lat="42.953013181686401" lon="-1.785407066345215">
        <ele>564.51000977000001</ele>
      </trkpt>
      <trkpt lat="42.95283867046237" lon="-1.785467751324177">
        <ele>564.96002196999996</ele>
      </trkpt>
      <trkpt lat="42.952766418457031" lon="-1.785492897033691">
        <ele>565.10998534999999</ele>
      </trkpt>
      <trkpt lat="42.952753342688084" lon="-1.785492897033691">
        <ele>565.05999756000006</ele>
      </trkpt>
      <trkpt lat="42.952573299407959" lon="-1.785492897033691">
        <ele>565.05999756000006</ele>
      </trkpt>
      <trkpt lat="42.952393256127834" lon="-1.785492897033691">
        <ele>565.33001708999996</ele>
      </trkpt>
      <trkpt lat="42.952380180358887" lon="-1.785492897033691">
        <ele>565.33001708999996</ele>
      </trkpt>
      <trkpt lat="42.952345227822661" lon="-1.785489376634359">
        <ele>565.45001220999995</ele>
      </trkpt>
      <trkpt lat="42.952165603637695" lon="-1.785471439361572">
        <ele>566.27001953000001</ele>
      </trkpt>
      <trkpt lat="42.951985979452729" lon="-1.785453502088785">
        <ele>567.5</ele>
      </trkpt>
      <trkpt lat="42.951951026916504" lon="-1.785449981689453">
        <ele>567.89001465000001</ele>
      </trkpt>
      <trkpt lat="42.951822280883789" lon="-1.785471439361572">
        <ele>569.28997803000004</ele>
      </trkpt>
      <trkpt lat="42.951714992523193" lon="-1.785514354705811">
        <ele>570.96997069999998</ele>
      </trkpt>
      <trkpt lat="42.951674172654748" lon="-1.785547798499465">
        <ele>571.76000977000001</ele>
      </trkpt>
      <trkpt lat="42.951519777998328" lon="-1.785674029961228">
        <ele>574.01000977000001</ele>
      </trkpt>
      <trkpt lat="42.951478958129883" lon="-1.785707473754883">
        <ele>574.88000488</ele>
      </trkpt>
      <trkpt lat="42.951466804370284" lon="-1.78571317344904">
        <ele>574.88000488</ele>
      </trkpt>
      <trkpt lat="42.95129656791687" lon="-1.785793304443359">
        <ele>576.39001465000001</ele>
      </trkpt>
      <trkpt lat="42.951126331463456" lon="-1.785873435437679">
        <ele>577.29998779000005</ele>
      </trkpt>
      <trkpt lat="42.951114177703857" lon="-1.785879135131836">
        <ele>577.29998779000005</ele>
      </trkpt>
      <trkpt lat="42.951115686446428" lon="-1.785888355225325">
        <ele>577.29998779000005</ele>
      </trkpt>
      <trkpt lat="42.951155584305525" lon="-1.786127407103777">
        <ele>576.13000488</ele>
      </trkpt>
      <trkpt lat="42.951157093048096" lon="-1.786136627197266">
        <ele>576.13000488</ele>
      </trkpt>
      <trkpt lat="42.951157093048096" lon="-1.786142829805613">
        <ele>576.13000488</ele>
      </trkpt>
      <trkpt lat="42.951157093048096" lon="-1.786387916654348">
        <ele>574.78997803000004</ele>
      </trkpt>
      <trkpt lat="42.951157093048096" lon="-1.786394119262695">
        <ele>574.71002196999996</ele>
      </trkpt>
      <trkpt lat="42.951145693659782" lon="-1.786487074568868">
        <ele>574.34997558999999</ele>
      </trkpt>
      <trkpt lat="42.951115937903523" lon="-1.786728808656335">
        <ele>573.72998046999999</ele>
      </trkpt>
      <trkpt lat="42.951086182147264" lon="-1.786970626562834">
        <ele>573.64001465000001</ele>
      </trkpt>
      <trkpt lat="42.951056426391006" lon="-1.787212360650301">
        <ele>573.35998534999999</ele>
      </trkpt>
      <trkpt lat="42.951026586815715" lon="-1.7874541785568">
        <ele>573.21997069999998</ele>
      </trkpt>
      <trkpt lat="42.950996831059456" lon="-1.787695912644267">
        <ele>573.13000488</ele>
      </trkpt>
      <trkpt lat="42.950985431671143" lon="-1.78778886795044">
        <ele>573.09002685999997</ele>
      </trkpt>
      <trkpt lat="42.950982246547937" lon="-1.787815187126398">
        <ele>573.03997803000004</ele>
      </trkpt>
      <trkpt lat="42.950953245162964" lon="-1.788057088851929">
        <ele>572.95001220999995</ele>
      </trkpt>
      <trkpt lat="42.95092424377799" lon="-1.788298990577459">
        <ele>572.51000977000001</ele>
      </trkpt>
      <trkpt lat="42.950921058654785" lon="-1.788325309753418">
        <ele>572.40997314000003</ele>
      </trkpt>
      <trkpt lat="42.950856685638428" lon="-1.78851842880249">
        <ele>571.52001953000001</ele>
      </trkpt>
      <trkpt lat="42.95079231262207" lon="-1.788668632507324">
        <ele>570.78997803000004</ele>
      </trkpt>
      <trkpt lat="42.950756940990686" lon="-1.788718169555068">
        <ele>570.5</ele>
      </trkpt>
      <trkpt lat="42.950631380081177" lon="-1.788893938064575">
        <ele>569.60998534999999</ele>
      </trkpt>
      <trkpt lat="42.950505819171667" lon="-1.789069706574082">
        <ele>568.65002441000001</ele>
      </trkpt>
      <trkpt lat="42.950470447540283" lon="-1.789119243621826">
        <ele>568.46002196999996</ele>
      </trkpt>
      <trkpt lat="42.95043314807117" lon="-1.78915654309094">
        <ele>568.19000243999994</ele>
      </trkpt>
      <trkpt lat="42.950288057327271" lon="-1.789301633834839">
        <ele>567.36999512</ele>
      </trkpt>
      <trkpt lat="42.950142966583371" lon="-1.789446724578738">
        <ele>566.47998046999999</ele>
      </trkpt>
      <trkpt lat="42.950105667114258" lon="-1.789484024047852">
        <ele>566.22998046999999</ele>
      </trkpt>
      <trkpt lat="42.950027966871858" lon="-1.789545714855194">
        <ele>565.91998291000004</ele>
      </trkpt>
      <trkpt lat="42.949872314929962" lon="-1.789669096469879">
        <ele>565.11999512</ele>
      </trkpt>
      <trkpt lat="42.949716746807098" lon="-1.789792478084564">
        <ele>564.28997803000004</ele>
      </trkpt>
      <trkpt lat="42.949561094865203" lon="-1.789915859699249">
        <ele>563.48999022999999</ele>
      </trkpt>
      <trkpt lat="42.949483394622803" lon="-1.789977550506592">
        <ele>563.09002685999997</ele>
      </trkpt>
      <trkpt lat="42.949354648590088" lon="-1.79002046585083">
        <ele>562.47998046999999</ele>
      </trkpt>
      <trkpt lat="42.949313409626484" lon="-1.790029350668192">
        <ele>562.28997803000004</ele>
      </trkpt>
      <trkpt lat="42.949135545641184" lon="-1.790067823603749">
        <ele>561.55999756000006</ele>
      </trkpt>
      <trkpt lat="42.948957681655884" lon="-1.790106296539307">
        <ele>560.77001953000001</ele>
      </trkpt>
      <trkpt lat="42.948779817670584" lon="-1.790144769474864">
        <ele>559.90997314000003</ele>
      </trkpt>
      <trkpt lat="42.948601953685284" lon="-1.790183242410421">
        <ele>558.75</ele>
      </trkpt>
      <trkpt lat="42.94856071472168" lon="-1.790192127227783">
        <ele>558.42999268000005</ele>
      </trkpt>
      <trkpt lat="42.948389053344727" lon="-1.790256500244141">
        <ele>557.32000731999995</ele>
      </trkpt>
      <trkpt lat="42.948260307312012" lon="-1.790320873260498">
        <ele>556.45001220999995</ele>
      </trkpt>
      <trkpt lat="42.948225606232882" lon="-1.790355574339628">
        <ele>555.96997069999998</ele>
      </trkpt>
      <trkpt lat="42.94808043166995" lon="-1.790500748902559">
        <ele>554.55999756000006</ele>
      </trkpt>
      <trkpt lat="42.94804573059082" lon="-1.79053544998169">
        <ele>554.40002441000001</ele>
      </trkpt>
      <trkpt lat="42.948045646771789" lon="-1.790535617619753">
        <ele>554.40002441000001</ele>
      </trkpt>
      <trkpt lat="42.947916984558105" lon="-1.790707111358643">
        <ele>553.23999022999999</ele>
      </trkpt>
      <trkpt lat="42.947788322344422" lon="-1.790878605097532">
        <ele>551.95001220999995</ele>
      </trkpt>
      <trkpt lat="42.947788238525391" lon="-1.790878772735596">
        <ele>551.95001220999995</ele>
      </trkpt>
      <trkpt lat="42.947659492492676" lon="-1.790964603424072">
        <ele>550.84002685999997</ele>
      </trkpt>
      <trkpt lat="42.947530746459961" lon="-1.790921688079834">
        <ele>549.52001953000001</ele>
      </trkpt>
      <trkpt lat="42.947467127814889" lon="-1.790879275649786">
        <ele>549.42999268000005</ele>
      </trkpt>
      <trkpt lat="42.94730544090271" lon="-1.790771484375">
        <ele>547.79998779000005</ele>
      </trkpt>
      <trkpt lat="42.947143753990531" lon="-1.790663693100214">
        <ele>546.52001953000001</ele>
      </trkpt>
      <trkpt lat="42.947080135345459" lon="-1.790621280670166">
        <ele>545.90002441000001</ele>
      </trkpt>
      <trkpt lat="42.946929931640625" lon="-1.790621280670166">
        <ele>544.78997803000004</ele>
      </trkpt>
      <trkpt lat="42.946844100952148" lon="-1.790642738342285">
        <ele>544.26000977000001</ele>
      </trkpt>
      <trkpt lat="42.946758270263672" lon="-1.790750026702881">
        <ele>543.36999512</ele>
      </trkpt>
      <trkpt lat="42.946743434295058" lon="-1.790774753317237">
        <ele>543.53002930000002</ele>
      </trkpt>
      <trkpt lat="42.946629524230957" lon="-1.790964603424072">
        <ele>542.21997069999998</ele>
      </trkpt>
      <trkpt lat="42.946515614166856" lon="-1.791154453530908">
        <ele>541.13000488</ele>
      </trkpt>
      <trkpt lat="42.946500778198242" lon="-1.791179180145264">
        <ele>540.98999022999999</ele>
      </trkpt>
      <trkpt lat="42.946414947509766" lon="-1.791393756866455">
        <ele>539.84997558999999</ele>
      </trkpt>
      <trkpt lat="42.946380497887731" lon="-1.791531387716532">
        <ele>539.30999756000006</ele>
      </trkpt>
      <trkpt lat="42.946362309157848" lon="-1.791604058817029">
        <ele>538.84997558999999</ele>
      </trkpt>
      <trkpt lat="42.946304390206933" lon="-1.791836069896817">
        <ele>537.63000488</ele>
      </trkpt>
      <trkpt lat="42.946286201477051" lon="-1.791908740997315">
        <ele>537.15002441000001</ele>
      </trkpt>
      <trkpt lat="42.946221828460693" lon="-1.792080402374268">
        <ele>536.59002685999997</ele>
      </trkpt>
      <trkpt lat="42.946135997772217" lon="-1.792187690734863">
        <ele>535.95001220999995</ele>
      </trkpt>
      <trkpt lat="42.946083024144173" lon="-1.792283076792955">
        <ele>535.57000731999995</ele>
      </trkpt>
      <trkpt lat="42.94597439467907" lon="-1.792478542774916">
        <ele>534.80999756000006</ele>
      </trkpt>
      <trkpt lat="42.945921421051025" lon="-1.792573928833008">
        <ele>534.47998046999999</ele>
      </trkpt>
      <trkpt lat="42.945857048034668" lon="-1.792745590209961">
        <ele>533.63000488</ele>
      </trkpt>
      <trkpt lat="42.945856126025319" lon="-1.792755899950862">
        <ele>533.55999756000006</ele>
      </trkpt>
      <trkpt lat="42.945835255086422" lon="-1.792999394237995">
        <ele>532.46002196999996</ele>
      </trkpt>
      <trkpt lat="42.945814467966557" lon="-1.793242804706097">
        <ele>531.61999512</ele>
      </trkpt>
      <trkpt lat="42.945793597027659" lon="-1.79348629899323">
        <ele>530.57000731999995</ele>
      </trkpt>
      <trkpt lat="42.945792675018311" lon="-1.793496608734131">
        <ele>530.57000731999995</ele>
      </trkpt>
      <trkpt lat="42.945792675018311" lon="-1.793625354766846">
        <ele>530.15997314000003</ele>
      </trkpt>
      <trkpt lat="42.945810863748193" lon="-1.79366659373045">
        <ele>529.85998534999999</ele>
      </trkpt>
      <trkpt lat="42.945903735235333" lon="-1.793876644223929">
        <ele>528.59002685999997</ele>
      </trkpt>
      <trkpt lat="42.945996522903442" lon="-1.794086694717407">
        <ele>527.34997558999999</ele>
      </trkpt>
      <trkpt lat="42.946089310571551" lon="-1.794296745210886">
        <ele>526.03997803000004</ele>
      </trkpt>
      <trkpt lat="42.946182182058692" lon="-1.794506795704365">
        <ele>525.08001708999996</ele>
      </trkpt>
      <trkpt lat="42.946200370788574" lon="-1.794548034667969">
        <ele>524.88000488</ele>
      </trkpt>
      <trkpt lat="42.946212943643332" lon="-1.794593464583159">
        <ele>524.71002196999996</ele>
      </trkpt>
      <trkpt lat="42.94627639465034" lon="-1.794822877272964">
        <ele>524.10998534999999</ele>
      </trkpt>
      <trkpt lat="42.946339845657349" lon="-1.795052289962769">
        <ele>523.26000977000001</ele>
      </trkpt>
      <trkpt lat="42.946403296664357" lon="-1.795281702652574">
        <ele>522.71997069999998</ele>
      </trkpt>
      <trkpt lat="42.946466747671366" lon="-1.795511115342379">
        <ele>521.85998534999999</ele>
      </trkpt>
      <trkpt lat="42.946479320526123" lon="-1.795556545257568">
        <ele>521.64001465000001</ele>
      </trkpt>
      <trkpt lat="42.946485690772533" lon="-1.795581942424178">
        <ele>521.42999268000005</ele>
      </trkpt>
      <trkpt lat="42.94654369354248" lon="-1.795814037322998">
        <ele>520.53997803000004</ele>
      </trkpt>
      <trkpt lat="42.946601696312428" lon="-1.796046132221818">
        <ele>519.42999268000005</ele>
      </trkpt>
      <trkpt lat="42.946608066558838" lon="-1.796071529388428">
        <ele>519.40002441000001</ele>
      </trkpt>
      <trkpt lat="42.946618376299739" lon="-1.796107487753034">
        <ele>519.21002196999996</ele>
      </trkpt>
      <trkpt lat="42.946683587506413" lon="-1.79633597843349">
        <ele>518.10998534999999</ele>
      </trkpt>
      <trkpt lat="42.946693897247314" lon="-1.796371936798096">
        <ele>518.02001953000001</ele>
      </trkpt>
      <trkpt lat="42.946733208373189" lon="-1.796450642868877">
        <ele>517.78997803000004</ele>
      </trkpt>
      <trkpt lat="42.946834545582533" lon="-1.796653317287564">
        <ele>516.78997803000004</ele>
      </trkpt>
      <trkpt lat="42.946935882791877" lon="-1.79685590788722">
        <ele>515.58001708999996</ele>
      </trkpt>
      <trkpt lat="42.947037220001221" lon="-1.797058582305908">
        <ele>514.42999268000005</ele>
      </trkpt>
      <trkpt lat="42.947138557210565" lon="-1.797261256724596">
        <ele>513.20001220999995</ele>
      </trkpt>
      <trkpt lat="42.947239894419909" lon="-1.797463847324252">
        <ele>512.07000731999995</ele>
      </trkpt>
      <trkpt lat="42.947341231629252" lon="-1.79766652174294">
        <ele>510.92999268</ele>
      </trkpt>
      <trkpt lat="42.947380542755127" lon="-1.797745227813721">
        <ele>510.42001342999998</ele>
      </trkpt>
      <trkpt lat="42.947487831115723" lon="-1.797916889190674">
        <ele>509.29998778999999</ele>
      </trkpt>
      <trkpt lat="42.947517419233918" lon="-1.797953015193343">
        <ele>509.02999878000003</ele>
      </trkpt>
      <trkpt lat="42.947651362046599" lon="-1.798116797581315">
        <ele>508.07000732</ele>
      </trkpt>
      <trkpt lat="42.947680950164795" lon="-1.798152923583984">
        <ele>507.98001098999998</ele>
      </trkpt>
      <trkpt lat="42.947694696485996" lon="-1.798180332407355">
        <ele>507.75</ele>
      </trkpt>
      <trkpt lat="42.947795949876308" lon="-1.798383006826043">
        <ele>506.67999268</ele>
      </trkpt>
      <trkpt lat="42.94780969619751" lon="-1.798410415649414">
        <ele>506.57998657000002</ele>
      </trkpt>
      <trkpt lat="42.947840876877308" lon="-1.798535222187638">
        <ele>506.04998778999999</ele>
      </trkpt>
      <trkpt lat="42.947874069213867" lon="-1.798667907714844">
        <ele>505.26000977000001</ele>
      </trkpt>
      <trkpt lat="42.947878343984485" lon="-1.798749463632703">
        <ele>504.73001098999998</ele>
      </trkpt>
      <trkpt lat="42.947891252115369" lon="-1.798994047567248">
        <ele>503.67001342999998</ele>
      </trkpt>
      <trkpt lat="42.947895526885986" lon="-1.799075603485107">
        <ele>503.45001221000001</ele>
      </trkpt>
      <trkpt lat="42.947895526885986" lon="-1.79907719604671">
        <ele>503.45001221000001</ele>
      </trkpt>
      <trkpt lat="42.947895526885986" lon="-1.799322366714478">
        <ele>502.98001098999998</ele>
      </trkpt>
      <trkpt lat="42.947895526885986" lon="-1.799567537382245">
        <ele>502.97000121999997</ele>
      </trkpt>
      <trkpt lat="42.947895526885986" lon="-1.799569129943848">
        <ele>502.97000121999997</ele>
      </trkpt>
      <trkpt lat="42.947897119447589" lon="-1.799582960084081">
        <ele>503</ele>
      </trkpt>
      <trkpt lat="42.947925198823214" lon="-1.799825113266707">
        <ele>502.89001465000001</ele>
      </trkpt>
      <trkpt lat="42.947953278198838" lon="-1.800067266449332">
        <ele>502.94000244</ele>
      </trkpt>
      <trkpt lat="42.947981357574463" lon="-1.800309419631958">
        <ele>502.92001342999998</ele>
      </trkpt>
      <trkpt lat="42.948009436950088" lon="-1.800551572814584">
        <ele>502.94000244</ele>
      </trkpt>
      <trkpt lat="42.948037516325712" lon="-1.80079372599721">
        <ele>502.92001342999998</ele>
      </trkpt>
      <trkpt lat="42.948065595701337" lon="-1.801035879179835">
        <ele>502.85000609999997</ele>
      </trkpt>
      <trkpt lat="42.948067188262939" lon="-1.801049709320068">
        <ele>502.80999756</ele>
      </trkpt>
      <trkpt lat="42.948067188262939" lon="-1.801089690998197">
        <ele>502.82998657000002</ele>
      </trkpt>
      <trkpt lat="42.948067188262939" lon="-1.801334861665964">
        <ele>502.64999390000003</ele>
      </trkpt>
      <trkpt lat="42.948067188262939" lon="-1.8015799485147">
        <ele>502.52999878000003</ele>
      </trkpt>
      <trkpt lat="42.948067188262939" lon="-1.801825119182468">
        <ele>501.76998901000002</ele>
      </trkpt>
      <trkpt lat="42.948067188262939" lon="-1.801865100860596">
        <ele>501.67999268</ele>
      </trkpt>
      <trkpt lat="42.948065679520369" lon="-1.801874320954084">
        <ele>501.70001221000001</ele>
      </trkpt>
      <trkpt lat="42.948025781661272" lon="-1.802113372832537">
        <ele>500.79998778999999</ele>
      </trkpt>
      <trkpt lat="42.948024272918701" lon="-1.802122592926025">
        <ele>500.70001221000001</ele>
      </trkpt>
      <trkpt lat="42.948001390323043" lon="-1.80222543887794">
        <ele>500.32998657000002</ele>
      </trkpt>
      <trkpt lat="42.947949254885316" lon="-1.802460048347712">
        <ele>499.36999512</ele>
      </trkpt>
      <trkpt lat="42.947897119447589" lon="-1.802694741636515">
        <ele>498.20001221000001</ele>
      </trkpt>
      <trkpt lat="42.947844984009862" lon="-1.802929351106286">
        <ele>497.29000853999997</ele>
      </trkpt>
      <trkpt lat="42.947792848572135" lon="-1.803163960576057">
        <ele>496.22000121999997</ele>
      </trkpt>
      <trkpt lat="42.947740713134408" lon="-1.803398653864861">
        <ele>495.30999756</ele>
      </trkpt>
      <trkpt lat="42.947688577696681" lon="-1.803633263334632">
        <ele>494.17999268</ele>
      </trkpt>
      <trkpt lat="42.947636442258954" lon="-1.803867872804403">
        <ele>493.45999146000003</ele>
      </trkpt>
      <trkpt lat="42.947584306821227" lon="-1.804102566093206">
        <ele>492.47000121999997</ele>
      </trkpt>
      <trkpt lat="42.9475321713835" lon="-1.804337175562978">
        <ele>491.60998534999999</ele>
      </trkpt>
      <trkpt lat="42.947509288787842" lon="-1.804440021514893">
        <ele>491.30999756</ele>
      </trkpt>
      <trkpt lat="42.947487831115723" lon="-1.804568767547607">
        <ele>490.88000488</ele>
      </trkpt>
      <trkpt lat="42.947509288787842" lon="-1.80476188659668">
        <ele>490.20999146000003</ele>
      </trkpt>
      <trkpt lat="42.947530746459961" lon="-1.804869174957275">
        <ele>489.89001465000001</ele>
      </trkpt>
      <trkpt lat="42.947573661804199" lon="-1.804976463317871">
        <ele>489.60998534999999</ele>
      </trkpt>
      <trkpt lat="42.947614816948771" lon="-1.805058689787984">
        <ele>489.27999878000003</ele>
      </trkpt>
      <trkpt lat="42.947716154158115" lon="-1.805261364206672">
        <ele>488.95001221000001</ele>
      </trkpt>
      <trkpt lat="42.947817407548428" lon="-1.80546403862536">
        <ele>489.10000609999997</ele>
      </trkpt>
      <trkpt lat="42.947918744757771" lon="-1.805666713044047">
        <ele>487.95001221000001</ele>
      </trkpt>
      <trkpt lat="42.947959899902344" lon="-1.80574893951416">
        <ele>489.26000977000001</ele>
      </trkpt>
      <trkpt lat="42.947994684800506" lon="-1.80581389926374">
        <ele>489.42999268</ele>
      </trkpt>
      <trkpt lat="42.948100632056594" lon="-1.806012131273747">
        <ele>490.17999268</ele>
      </trkpt>
      <trkpt lat="42.948206663131714" lon="-1.806210279464722">
        <ele>491.66000365999997</ele>
      </trkpt>
      <trkpt lat="42.948312694206834" lon="-1.806408427655697">
        <ele>493.44000244</ele>
      </trkpt>
      <trkpt lat="42.948418641462922" lon="-1.806606659665704">
        <ele>494.91000365999997</ele>
      </trkpt>
      <trkpt lat="42.948453426361084" lon="-1.806671619415283">
        <ele>495.35998534999999</ele>
      </trkpt>
      <trkpt lat="42.948477901518345" lon="-1.806718558073044">
        <ele>495.77999878000003</ele>
      </trkpt>
      <trkpt lat="42.948582172393799" lon="-1.806918382644653">
        <ele>497.45999146000003</ele>
      </trkpt>
      <trkpt lat="42.948686443269253" lon="-1.807118207216263">
        <ele>499.07998657000002</ele>
      </trkpt>
      <trkpt lat="42.948710918426514" lon="-1.807165145874023">
        <ele>499.48999022999999</ele>
      </trkpt>
      <trkpt lat="42.948753833770752" lon="-1.807358264923096">
        <ele>500.64001465000001</ele>
      </trkpt>
      <trkpt lat="42.948761209845543" lon="-1.807370586320758">
        <ele>500.83999634000003</ele>
      </trkpt>
      <trkpt lat="42.948875203728676" lon="-1.807560520246625">
        <ele>502.07000732</ele>
      </trkpt>
      <trkpt lat="42.948882579803467" lon="-1.807572841644287">
        <ele>502.08999634000003</ele>
      </trkpt>
      <trkpt lat="42.948877215385437" lon="-1.807659510523081">
        <ele>501.88000488</ele>
      </trkpt>
      <trkpt lat="42.94886221177876" lon="-1.8079037591815">
        <ele>501.41000365999997</ele>
      </trkpt>
      <trkpt lat="42.948847208172083" lon="-1.80814809165895">
        <ele>501.04998778999999</ele>
      </trkpt>
      <trkpt lat="42.948832120746374" lon="-1.808392340317369">
        <ele>500.52999878000003</ele>
      </trkpt>
      <trkpt lat="42.948817117139697" lon="-1.808636672794819">
        <ele>500.20001221000001</ele>
      </trkpt>
      <trkpt lat="42.94880211353302" lon="-1.808880921453238">
        <ele>499.67001342999998</ele>
      </trkpt>
      <trkpt lat="42.94879674911499" lon="-1.808967590332031">
        <ele>499.48001098999998</ele>
      </trkpt>
      <trkpt lat="42.94879674911499" lon="-1.809038165956736">
        <ele>499.35998534999999</ele>
      </trkpt>
      <trkpt lat="42.94879674911499" lon="-1.809283252805471">
        <ele>498.98999022999999</ele>
      </trkpt>
      <trkpt lat="42.94879674911499" lon="-1.809353828430176">
        <ele>498.95001221000001</ele>
      </trkpt>
      <trkpt lat="42.948798174038529" lon="-1.809365982189775">
        <ele>498.82998657000002</ele>
      </trkpt>
      <trkpt lat="42.948825834318995" lon="-1.809608219191432">
        <ele>498.48999022999999</ele>
      </trkpt>
      <trkpt lat="42.948853494599462" lon="-1.80985045619309">
        <ele>498.16000365999997</ele>
      </trkpt>
      <trkpt lat="42.948881154879928" lon="-1.810092693194747">
        <ele>497.88000488</ele>
      </trkpt>
      <trkpt lat="42.948882579803467" lon="-1.810104846954346">
        <ele>497.82000732</ele>
      </trkpt>
      <trkpt lat="42.948861122131348" lon="-1.810276508331299">
        <ele>497.82998657000002</ele>
      </trkpt>
      <trkpt lat="42.948843017220497" lon="-1.810362506657839">
        <ele>497.79998778999999</ele>
      </trkpt>
      <trkpt lat="42.948793396353722" lon="-1.810598205775023">
        <ele>497.5</ele>
      </trkpt>
      <trkpt lat="42.948775291442871" lon="-1.810684204101563">
        <ele>497.48999022999999</ele>
      </trkpt>
      <trkpt lat="42.948775291442871" lon="-1.810834407806397">
        <ele>497.54000853999997</ele>
      </trkpt>
      <trkpt lat="42.948781074956059" lon="-1.81087514385581">
        <ele>497.45001221000001</ele>
      </trkpt>
      <trkpt lat="42.948793144896626" lon="-1.810959801077843">
        <ele>497.32998657000002</ele>
      </trkpt>
      <trkpt lat="42.948827594518661" lon="-1.811200361698866">
        <ele>496.77999878000003</ele>
      </trkpt>
      <trkpt lat="42.948839664459229" lon="-1.811285018920898">
        <ele>496.69000244</ele>
      </trkpt>
      <trkpt lat="42.948851147666574" lon="-1.81139012798667">
        <ele>496.39001465000001</ele>
      </trkpt>
      <trkpt lat="42.948877550661564" lon="-1.811632616445422">
        <ele>496.11999512</ele>
      </trkpt>
      <trkpt lat="42.948904037475586" lon="-1.811875104904175">
        <ele>495.73999022999999</ele>
      </trkpt>
      <trkpt lat="42.948930524289608" lon="-1.812117593362927">
        <ele>495.36999512</ele>
      </trkpt>
      <trkpt lat="42.948956927284598" lon="-1.81236008182168">
        <ele>494.89999390000003</ele>
      </trkpt>
      <trkpt lat="42.948968410491943" lon="-1.812465190887451">
        <ele>494.17999268</ele>
      </trkpt>
      <trkpt lat="42.948976121842861" lon="-1.812512297183275">
        <ele>494.73001098999998</ele>
      </trkpt>
      <trkpt lat="42.949015181511641" lon="-1.812751600518823">
        <ele>493.29000853999997</ele>
      </trkpt>
      <trkpt lat="42.94905424118042" lon="-1.81299090385437">
        <ele>492.76998901000002</ele>
      </trkpt>
      <trkpt lat="42.949093300849199" lon="-1.813230207189918">
        <ele>492.07000732</ele>
      </trkpt>
      <trkpt lat="42.949132360517979" lon="-1.813469510525465">
        <ele>491.94000244</ele>
      </trkpt>
      <trkpt lat="42.949140071868896" lon="-1.813516616821289">
        <ele>492.01998901000002</ele>
      </trkpt>
      <trkpt lat="42.949142586439848" lon="-1.813539247959852">
        <ele>492.67999268</ele>
      </trkpt>
      <trkpt lat="42.949169492349029" lon="-1.813781652599573">
        <ele>491.86999512</ele>
      </trkpt>
      <trkpt lat="42.949196482077241" lon="-1.814024057239294">
        <ele>492.29998778999999</ele>
      </trkpt>
      <trkpt lat="42.949223387986422" lon="-1.814266461879015">
        <ele>493.38000488</ele>
      </trkpt>
      <trkpt lat="42.949225902557373" lon="-1.814289093017578">
        <ele>493.35000609999997</ele>
      </trkpt>
      <trkpt lat="42.949240570887923" lon="-1.814355896785855">
        <ele>493.80999756</ele>
      </trkpt>
      <trkpt lat="42.949292287230492" lon="-1.81459067389369">
        <ele>494.94000244</ele>
      </trkpt>
      <trkpt lat="42.949343919754028" lon="-1.814825534820557">
        <ele>495.98999022999999</ele>
      </trkpt>
      <trkpt lat="42.949395552277565" lon="-1.815060395747423">
        <ele>497.14999390000003</ele>
      </trkpt>
      <trkpt lat="42.949447268620133" lon="-1.815295172855258">
        <ele>497.72000121999997</ele>
      </trkpt>
      <trkpt lat="42.949461936950684" lon="-1.815361976623535">
        <ele>497.95001221000001</ele>
      </trkpt>
      <trkpt lat="42.949526309967041" lon="-1.815555095672607">
        <ele>498.64001465000001</ele>
      </trkpt>
      <trkpt lat="42.94955656863749" lon="-1.815618127584457">
        <ele>498.70999146000003</ele>
      </trkpt>
      <trkpt lat="42.949655055999756" lon="-1.815823316574097">
        <ele>498.85998534999999</ele>
      </trkpt>
      <trkpt lat="42.949753543362021" lon="-1.816028505563736">
        <ele>498.77999878000003</ele>
      </trkpt>
      <trkpt lat="42.949783802032471" lon="-1.816091537475586">
        <ele>498.77999878000003</ele>
      </trkpt>
      <trkpt lat="42.949812803417444" lon="-1.816157922148705">
        <ele>498.76000977000001</ele>
      </trkpt>
      <trkpt lat="42.949905004352331" lon="-1.816368475556374">
        <ele>498.69000244</ele>
      </trkpt>
      <trkpt lat="42.949934005737305" lon="-1.816434860229492">
        <ele>498.64001465000001</ele>
      </trkpt>
      <trkpt lat="42.949945740401745" lon="-1.816472327336669">
        <ele>498.63000488</ele>
      </trkpt>
      <trkpt lat="42.950016567483544" lon="-1.816697716712952">
        <ele>498.95999146000003</ele>
      </trkpt>
      <trkpt lat="42.950087478384376" lon="-1.816923022270203">
        <ele>499.95999146000003</ele>
      </trkpt>
      <trkpt lat="42.950158305466175" lon="-1.817148411646485">
        <ele>500.92999268</ele>
      </trkpt>
      <trkpt lat="42.950170040130615" lon="-1.817185878753662">
        <ele>500.95001221000001</ele>
      </trkpt>
      <trkpt lat="42.950201807543635" lon="-1.817296938970685">
        <ele>501.39001465000001</ele>
      </trkpt>
      <trkpt lat="42.95026701875031" lon="-1.817525429651141">
        <ele>502.10000609999997</ele>
      </trkpt>
      <trkpt lat="42.95029878616333" lon="-1.817636489868164">
        <ele>502.35998534999999</ele>
      </trkpt>
      <trkpt lat="42.950323428958654" lon="-1.817735061049461">
        <ele>503.01998901000002</ele>
      </trkpt>
      <trkpt lat="42.950381431728601" lon="-1.81796707212925">
        <ele>503.33999634000003</ele>
      </trkpt>
      <trkpt lat="42.950406074523926" lon="-1.818065643310547">
        <ele>503.13000488</ele>
      </trkpt>
      <trkpt lat="42.950407415628433" lon="-1.818069750443101">
        <ele>503.13000488</ele>
      </trkpt>
      <trkpt lat="42.950481846928596" lon="-1.818293044343591">
        <ele>503.26998901000002</ele>
      </trkpt>
      <trkpt lat="42.95055627822876" lon="-1.818516254425049">
        <ele>503.42001342999998</ele>
      </trkpt>
      <trkpt lat="42.950630709528923" lon="-1.818739464506507">
        <ele>503.75</ele>
      </trkpt>
      <trkpt lat="42.950705140829086" lon="-1.818962758406997">
        <ele>503.89001465000001</ele>
      </trkpt>
      <trkpt lat="42.950706481933594" lon="-1.818966865539551">
        <ele>503.89001465000001</ele>
      </trkpt>
      <trkpt lat="42.95072634704411" lon="-1.819056132808328">
        <ele>503.91000365999997</ele>
      </trkpt>
      <trkpt lat="42.950778482481837" lon="-1.819290826097131">
        <ele>503.98001098999998</ele>
      </trkpt>
      <trkpt lat="42.950830617919564" lon="-1.819525435566902">
        <ele>503.94000244</ele>
      </trkpt>
      <trkpt lat="42.950882753357291" lon="-1.819760128855705">
        <ele>503.79998778999999</ele>
      </trkpt>
      <trkpt lat="42.950934888795018" lon="-1.819994738325477">
        <ele>503.89001465000001</ele>
      </trkpt>
      <trkpt lat="42.950987024232745" lon="-1.82022943161428">
        <ele>504.07000732</ele>
      </trkpt>
      <trkpt lat="42.951006889343262" lon="-1.820318698883057">
        <ele>504.16000365999997</ele>
      </trkpt>
      <trkpt lat="42.951020803302526" lon="-1.820374354720116">
        <ele>504.29998778999999</ele>
      </trkpt>
      <trkpt lat="42.951078806072474" lon="-1.820606365799904">
        <ele>504.64001465000001</ele>
      </trkpt>
      <trkpt lat="42.951092720031738" lon="-1.820662021636963">
        <ele>504.70001221000001</ele>
      </trkpt>
      <trkpt lat="42.951104622334242" lon="-1.820692867040634">
        <ele>504.67001342999998</ele>
      </trkpt>
      <trkpt lat="42.95118810608983" lon="-1.820910125970841">
        <ele>504.25</ele>
      </trkpt>
      <trkpt lat="42.951200008392334" lon="-1.820940971374512">
        <ele>504.11999512</ele>
      </trkpt>
      <trkpt lat="42.951285839080811" lon="-1.821112632751465">
        <ele>503.61999512</ele>
      </trkpt>
      <trkpt lat="42.951297154650092" lon="-1.821130570024252">
        <ele>503.58999634000003</ele>
      </trkpt>
      <trkpt lat="42.951414585113525" lon="-1.821316480636597">
        <ele>502.89001465000001</ele>
      </trkpt>
      <trkpt lat="42.951532015576959" lon="-1.821502391248941">
        <ele>502.13000488</ele>
      </trkpt>
      <trkpt lat="42.95154333114624" lon="-1.821520328521729">
        <ele>502.16000365999997</ele>
      </trkpt>
      <trkpt lat="42.951545845717192" lon="-1.82152284309268">
        <ele>502.16000365999997</ele>
      </trkpt>
      <trkpt lat="42.951691020280123" lon="-1.821668017655611">
        <ele>501.38000488</ele>
      </trkpt>
      <trkpt lat="42.951693534851074" lon="-1.821670532226563">
        <ele>501.38000488</ele>
      </trkpt>
      <trkpt lat="42.951726140454412" lon="-1.821685368195176">
        <ele>501.10000609999997</ele>
      </trkpt>
      <trkpt lat="42.951896963641047" lon="-1.821762984618545">
        <ele>500.16000365999997</ele>
      </trkpt>
      <trkpt lat="42.951929569244385" lon="-1.821777820587158">
        <ele>500.26998901000002</ele>
      </trkpt>
      <trkpt lat="42.952101230621338" lon="-1.821820735931397">
        <ele>499.02999878000003</ele>
      </trkpt>
      <trkpt lat="42.952143056318164" lon="-1.821825094521046">
        <ele>498.79000853999997</ele>
      </trkpt>
      <trkpt lat="42.952322596684098" lon="-1.821843618527055">
        <ele>497.76000977000001</ele>
      </trkpt>
      <trkpt lat="42.952502137050033" lon="-1.821862226352096">
        <ele>496.60000609999997</ele>
      </trkpt>
      <trkpt lat="42.952681677415967" lon="-1.821880750358105">
        <ele>495.73001098999998</ele>
      </trkpt>
      <trkpt lat="42.952723503112793" lon="-1.821885108947754">
        <ele>495.58999634000003</ele>
      </trkpt>
      <trkpt lat="42.952762227505445" lon="-1.821896759793162">
        <ele>495.13000488</ele>
      </trkpt>
      <trkpt lat="42.952938079833984" lon="-1.821949481964111">
        <ele>494.27999878000003</ele>
      </trkpt>
      <trkpt lat="42.953113932162523" lon="-1.82200220413506">
        <ele>493.35000609999997</ele>
      </trkpt>
      <trkpt lat="42.953152656555176" lon="-1.822013854980469">
        <ele>493.05999756</ele>
      </trkpt>
      <trkpt lat="42.953281402587891" lon="-1.822078227996826">
        <ele>491.98999022999999</ele>
      </trkpt>
      <trkpt lat="42.953297160565853" lon="-1.822093985974789">
        <ele>491.89999390000003</ele>
      </trkpt>
      <trkpt lat="42.953442335128784" lon="-1.82223916053772">
        <ele>490.39001465000001</ele>
      </trkpt>
      <trkpt lat="42.953587509691715" lon="-1.822384335100651">
        <ele>488.66000365999997</ele>
      </trkpt>
      <trkpt lat="42.953603267669678" lon="-1.822400093078613">
        <ele>488.51000977000001</ele>
      </trkpt>
      <trkpt lat="42.953656073659658" lon="-1.822420377284288">
        <ele>487.97000121999997</ele>
      </trkpt>
      <trkpt lat="42.953829411417246" lon="-1.822487097233534">
        <ele>486.5</ele>
      </trkpt>
      <trkpt lat="42.953882217407227" lon="-1.822507381439209">
        <ele>486.05999756</ele>
      </trkpt>
      <trkpt lat="42.954010963439941" lon="-1.822571754455566">
        <ele>485.20999146000003</ele>
      </trkpt>
      <trkpt lat="42.954139709472656" lon="-1.822614669799805">
        <ele>484.32000732</ele>
      </trkpt>
      <trkpt lat="42.954268455505371" lon="-1.822700500488281">
        <ele>483.47000121999997</ele>
      </trkpt>
      <trkpt lat="42.954418659210205" lon="-1.822786331176758">
        <ele>482.39999390000003</ele>
      </trkpt>
      <trkpt lat="42.954447409138083" lon="-1.822791527956724">
        <ele>482.22000121999997</ele>
      </trkpt>
      <trkpt lat="42.954625943675637" lon="-1.82282404974103">
        <ele>481.26000977000001</ele>
      </trkpt>
      <trkpt lat="42.954654693603516" lon="-1.822829246520996">
        <ele>481.22000121999997</ele>
      </trkpt>
      <trkpt lat="42.95478343963623" lon="-1.822872161865234">
        <ele>481.85000609999997</ele>
      </trkpt>
      <trkpt lat="42.954847812652588" lon="-1.822915077209473">
        <ele>480.10000609999997</ele>
      </trkpt>
      <trkpt lat="42.954890727996826" lon="-1.82297945022583">
        <ele>479.64999390000003</ele>
      </trkpt>
      <trkpt lat="42.954890727996826" lon="-1.823043823242188">
        <ele>479.26000977000001</ele>
      </trkpt>
      <trkpt lat="42.954869270324707" lon="-1.823194026947022">
        <ele>478.20999146000003</ele>
      </trkpt>
      <trkpt lat="42.954826354980469" lon="-1.82323694229126">
        <ele>477.67999268</ele>
      </trkpt>
      <trkpt lat="42.954787462949753" lon="-1.823240211233497">
        <ele>477.22000121999997</ele>
      </trkpt>
      <trkpt lat="42.954607754945755" lon="-1.823255131021142">
        <ele>475.79998778999999</ele>
      </trkpt>
      <trkpt lat="42.954568862915039" lon="-1.823258399963379">
        <ele>475.54998778999999</ele>
      </trkpt>
      <trkpt lat="42.954554529860616" lon="-1.823260830715299">
        <ele>475.42999268</ele>
      </trkpt>
      <trkpt lat="42.954375743865967" lon="-1.823290586471558">
        <ele>474.02999878000003</ele>
      </trkpt>
      <trkpt lat="42.954196957871318" lon="-1.823320342227817">
        <ele>472.70001221000001</ele>
      </trkpt>
      <trkpt lat="42.954182624816895" lon="-1.823322772979736">
        <ele>472.60998534999999</ele>
      </trkpt>
      <trkpt lat="42.954032421112061" lon="-1.823408603668213">
        <ele>471.14001465000001</ele>
      </trkpt>
      <trkpt lat="42.953882217407227" lon="-1.823387145996094">
        <ele>471.04000853999997</ele>
      </trkpt>
      <trkpt lat="42.95384282246232" lon="-1.823393683880568">
        <ele>471.08999634000003</ele>
      </trkpt>
      <trkpt lat="42.953664120286703" lon="-1.823423523455858">
        <ele>471</ele>
      </trkpt>
      <trkpt lat="42.953624725341797" lon="-1.823430061340332">
        <ele>470.70999146000003</ele>
      </trkpt>
      <trkpt lat="42.95360192656517" lon="-1.823441460728645">
        <ele>470.94000244</ele>
      </trkpt>
      <trkpt lat="42.953432947397232" lon="-1.823525950312614">
        <ele>471</ele>
      </trkpt>
      <trkpt lat="42.953410148620605" lon="-1.823537349700928">
        <ele>470.85000609999997</ele>
      </trkpt>
      <trkpt lat="42.953380476683378" lon="-1.823561070486903">
        <ele>470.79000853999997</ele>
      </trkpt>
      <trkpt lat="42.953225243836641" lon="-1.823685290291905">
        <ele>466.70001221000001</ele>
      </trkpt>
      <trkpt lat="42.953195571899414" lon="-1.823709011077881">
        <ele>465.22000121999997</ele>
      </trkpt>
      <trkpt lat="42.953177131712437" lon="-1.823730049654841">
        <ele>464.92001342999998</ele>
      </trkpt>
      <trkpt lat="42.953039249405265" lon="-1.823887713253498">
        <ele>464.80999756</ele>
      </trkpt>
      <trkpt lat="42.952901283279061" lon="-1.824045293033123">
        <ele>468.75</ele>
      </trkpt>
      <trkpt lat="42.952763400971889" lon="-1.82420295663178">
        <ele>470.11999512</ele>
      </trkpt>
      <trkpt lat="42.952744960784912" lon="-1.82422399520874">
        <ele>470.08999634000003</ele>
      </trkpt>
      <trkpt lat="42.952616214752197" lon="-1.824202537536621">
        <ele>469.97000121999997</ele>
      </trkpt>
      <trkpt lat="42.952508926391602" lon="-1.82422399520874">
        <ele>470.04000853999997</ele>
      </trkpt>
      <trkpt lat="42.952401638031006" lon="-1.824288368225098">
        <ele>470.19000244</ele>
      </trkpt>
      <trkpt lat="42.95229434967041" lon="-1.824438571929932">
        <ele>470.29998778999999</ele>
      </trkpt>
      <trkpt lat="42.952251434326172" lon="-1.824567317962647">
        <ele>470.54998778999999</ele>
      </trkpt>
      <trkpt lat="42.95224841684103" lon="-1.824586847797036">
        <ele>470.55999756</ele>
      </trkpt>
      <trkpt lat="42.952211536467075" lon="-1.824826737865806">
        <ele>479.63000488</ele>
      </trkpt>
      <trkpt lat="42.952208518981934" lon="-1.824846267700195">
        <ele>479.55999756</ele>
      </trkpt>
      <trkpt lat="42.952187061309814" lon="-1.824996471405029">
        <ele>479.10000609999997</ele>
      </trkpt>
      <trkpt lat="42.952187061309814" lon="-1.825103759765625">
        <ele>476.07998657000002</ele>
      </trkpt>
      <trkpt lat="42.952165603637695" lon="-1.825189590454102">
        <ele>472.17001342999998</ele>
      </trkpt>
      <trkpt lat="42.95216241851449" lon="-1.825202330946922">
        <ele>472.17001342999998</ele>
      </trkpt>
      <trkpt lat="42.952104415744543" lon="-1.825434342026711">
        <ele>472.82998657000002</ele>
      </trkpt>
      <trkpt lat="42.952101230621338" lon="-1.825447082519531">
        <ele>472.82998657000002</ele>
      </trkpt>
      <trkpt lat="42.952057980000973" lon="-1.825533583760262">
        <ele>473.10000609999997</ele>
      </trkpt>
      <trkpt lat="42.95203685760498" lon="-1.825575828552246">
        <ele>473.14999390000003</ele>
      </trkpt>
      <trkpt lat="42.9520583152771" lon="-1.825661659240723">
        <ele>473.54000853999997</ele>
      </trkpt>
      <trkpt lat="42.951929569244385" lon="-1.825790405273438">
        <ele>473.76000977000001</ele>
      </trkpt>
      <trkpt lat="42.951926970854402" lon="-1.825791746377945">
        <ele>473.76000977000001</ele>
      </trkpt>
      <trkpt lat="42.951757907867432" lon="-1.825876235961914">
        <ele>474.01998901000002</ele>
      </trkpt>
      <trkpt lat="42.951588844880462" lon="-1.825960725545883">
        <ele>474.07998657000002</ele>
      </trkpt>
      <trkpt lat="42.951586246490479" lon="-1.825962066650391">
        <ele>474.07998657000002</ele>
      </trkpt>
      <trkpt lat="42.9515799600631" lon="-1.825975812971592">
        <ele>474.07998657000002</ele>
      </trkpt>
      <trkpt lat="42.951485244557261" lon="-1.8261843547225">
        <ele>474.73999022999999</ele>
      </trkpt>
      <trkpt lat="42.951478958129883" lon="-1.826198101043701">
        <ele>474.73999022999999</ele>
      </trkpt>
      <trkpt lat="42.951436042785645" lon="-1.826198101043701">
        <ele>474.42001342999998</ele>
      </trkpt>
      <trkpt lat="42.951436042785645" lon="-1.826305389404297">
        <ele>474.57000732</ele>
      </trkpt>
      <trkpt lat="42.951436042785645" lon="-1.826348304748535">
        <ele>474.76000977000001</ele>
      </trkpt>
      <trkpt lat="42.951429253444076" lon="-1.826349059119821">
        <ele>474.47000121999997</ele>
      </trkpt>
      <trkpt lat="42.951249713078141" lon="-1.826369008049369">
        <ele>473.54000853999997</ele>
      </trkpt>
      <trkpt lat="42.951242923736572" lon="-1.826369762420654">
        <ele>473.54000853999997</ele>
      </trkpt>
      <trkpt lat="42.951192213222384" lon="-1.826381497085095">
        <ele>473.47000121999997</ele>
      </trkpt>
      <trkpt lat="42.951014684513211" lon="-1.826422400772572">
        <ele>472.76998901000002</ele>
      </trkpt>
      <trkpt lat="42.950963973999023" lon="-1.826434135437012">
        <ele>472.23999022999999</ele>
      </trkpt>
      <trkpt lat="42.950921058654785" lon="-1.82647705078125">
        <ele>471.73999022999999</ele>
      </trkpt>
      <trkpt lat="42.950859954580665" lon="-1.826524073258042">
        <ele>470.66000365999997</ele>
      </trkpt>
      <trkpt lat="42.950703212991357" lon="-1.826644605025649">
        <ele>469.27999878000003</ele>
      </trkpt>
      <trkpt lat="42.950642108917236" lon="-1.826691627502441">
        <ele>468.92999268</ele>
      </trkpt>
      <trkpt lat="42.950611934065819" lon="-1.826698584482074">
        <ele>468.85000609999997</ele>
      </trkpt>
      <trkpt lat="42.95055627822876" lon="-1.826605796813965">
        <ele>468.75</ele>
      </trkpt>
      <trkpt lat="42.950513362884521" lon="-1.826562881469727">
        <ele>468.41000365999997</ele>
      </trkpt>
      <trkpt lat="42.950462568551302" lon="-1.826616525650024">
        <ele>468.39001465000001</ele>
      </trkpt>
      <trkpt lat="42.950320243835449" lon="-1.826766729354858">
        <ele>468.25</ele>
      </trkpt>
      <trkpt lat="42.950177919119596" lon="-1.826916933059692">
        <ele>468.13000488</ele>
      </trkpt>
      <trkpt lat="42.950127124786377" lon="-1.82697057723999">
        <ele>468.07000732</ele>
      </trkpt>
      <trkpt lat="42.950060237199068" lon="-1.827034112066031">
        <ele>468.02999878000003</ele>
      </trkpt>
      <trkpt lat="42.949912548065186" lon="-1.827174425125122">
        <ele>468</ele>
      </trkpt>
      <trkpt lat="42.949764858931303" lon="-1.827314738184214">
        <ele>467.82998657000002</ele>
      </trkpt>
      <trkpt lat="42.949697971343994" lon="-1.827378273010254">
        <ele>467.77999878000003</ele>
      </trkpt>
      <trkpt lat="42.949664192274213" lon="-1.8274000659585">
        <ele>467.64999390000003</ele>
      </trkpt>
      <trkpt lat="42.949501415714622" lon="-1.827504839748144">
        <ele>466.83999634000003</ele>
      </trkpt>
      <trkpt lat="42.94933863915503" lon="-1.82760969735682">
        <ele>466.61999512</ele>
      </trkpt>
      <trkpt lat="42.949175778776407" lon="-1.827714554965496">
        <ele>466.86999512</ele>
      </trkpt>
      <trkpt lat="42.949013002216816" lon="-1.827819412574172">
        <ele>465.69000244</ele>
      </trkpt>
      <trkpt lat="42.948850225657225" lon="-1.827924186363816">
        <ele>465.60998534999999</ele>
      </trkpt>
      <trkpt lat="42.948816446587443" lon="-1.827945979312062">
        <ele>465.54998778999999</ele>
      </trkpt>
      <trkpt lat="42.94879674911499" lon="-1.827957630157471">
        <ele>465.57000732</ele>
      </trkpt>
      <trkpt lat="42.948762970045209" lon="-1.827973639592528">
        <ele>465.58999634000003</ele>
      </trkpt>
      <trkpt lat="42.948592901229858" lon="-1.828054189682007">
        <ele>465.48001098999998</ele>
      </trkpt>
      <trkpt lat="42.948422832414508" lon="-1.828134739771485">
        <ele>465.64999390000003</ele>
      </trkpt>
      <trkpt lat="42.948389053344727" lon="-1.828150749206543">
        <ele>465.66000365999997</ele>
      </trkpt>
      <trkpt lat="42.948325937613845" lon="-1.828173296526074">
        <ele>465.69000244</ele>
      </trkpt>
      <trkpt lat="42.94815176166594" lon="-1.828235490247607">
        <ele>465.57000732</ele>
      </trkpt>
      <trkpt lat="42.948088645935059" lon="-1.828258037567139">
        <ele>465.51998901000002</ele>
      </trkpt>
      <trkpt lat="42.948063667863607" lon="-1.82826641947031">
        <ele>465.47000121999997</ele>
      </trkpt>
      <trkpt lat="42.947888821363449" lon="-1.828325092792511">
        <ele>465.02999878000003</ele>
      </trkpt>
      <trkpt lat="42.947713974863291" lon="-1.828383766114712">
        <ele>464.70001221000001</ele>
      </trkpt>
      <trkpt lat="42.947539128363132" lon="-1.828442439436913">
        <ele>464.14999390000003</ele>
      </trkpt>
      <trkpt lat="42.947364281862974" lon="-1.828501112759113">
        <ele>463.26000977000001</ele>
      </trkpt>
      <trkpt lat="42.947189435362816" lon="-1.828559786081314">
        <ele>462.80999756</ele>
      </trkpt>
      <trkpt lat="42.947014588862658" lon="-1.828618459403515">
        <ele>462.98999022999999</ele>
      </trkpt>
      <trkpt lat="42.946839742362499" lon="-1.828677132725716">
        <ele>462.92001342999998</ele>
      </trkpt>
      <trkpt lat="42.946664895862341" lon="-1.828735806047916">
        <ele>462.42999268</ele>
      </trkpt>
      <trkpt lat="42.946490049362183" lon="-1.828794479370117">
        <ele>462.51000977000001</ele>
      </trkpt>
      <trkpt lat="42.946315202862024" lon="-1.828853152692318">
        <ele>462.92001342999998</ele>
      </trkpt>
      <trkpt lat="42.946140356361866" lon="-1.828911826014519">
        <ele>462.80999756</ele>
      </trkpt>
      <trkpt lat="42.945965509861708" lon="-1.82897049933672">
        <ele>462.94000244</ele>
      </trkpt>
      <trkpt lat="42.945790663361549" lon="-1.82902917265892">
        <ele>463.13000488</ele>
      </trkpt>
      <trkpt lat="42.945615816861391" lon="-1.829087845981121">
        <ele>463.17999268</ele>
      </trkpt>
      <trkpt lat="42.945440970361233" lon="-1.829146519303322">
        <ele>463.22000121999997</ele>
      </trkpt>
      <trkpt lat="42.945266123861074" lon="-1.829205192625523">
        <ele>463.35000609999997</ele>
      </trkpt>
      <trkpt lat="42.945091277360916" lon="-1.829263865947723">
        <ele>463.20999146000003</ele>
      </trkpt>
      <trkpt lat="42.944916430860758" lon="-1.829322539269924">
        <ele>462.83999634000003</ele>
      </trkpt>
      <trkpt lat="42.944891452789307" lon="-1.829330921173096">
        <ele>462.75</ele>
      </trkpt>
      <trkpt lat="42.94475139118731" lon="-1.829362018033862">
        <ele>462.73999022999999</ele>
      </trkpt>
      <trkpt lat="42.944698333740234" lon="-1.829373836517334">
        <ele>462.85998534999999</ele>
      </trkpt>
      <trkpt lat="42.9445481300354" lon="-1.829288005828857">
        <ele>462.76000977000001</ele>
      </trkpt>
      <trkpt lat="42.944483757019043" lon="-1.8292236328125">
        <ele>462.91000365999997</ele>
      </trkpt>
      <trkpt lat="42.944397926330566" lon="-1.829202175140381">
        <ele>463.20999146000003</ele>
      </trkpt>
      <trkpt lat="42.944379737600684" lon="-1.829205779358745">
        <ele>463.23999022999999</ele>
      </trkpt>
      <trkpt lat="42.944201538339257" lon="-1.829241486266255">
        <ele>462.66000365999997</ele>
      </trkpt>
      <trkpt lat="42.944183349609375" lon="-1.829245090484619">
        <ele>462.64999390000003</ele>
      </trkpt>
      <trkpt lat="42.944182008504868" lon="-1.829244419932365">
        <ele>462.64999390000003</ele>
      </trkpt>
      <trkpt lat="42.944013029336929" lon="-1.829159930348396">
        <ele>461.32000732</ele>
      </trkpt>
      <trkpt lat="42.944011688232422" lon="-1.829159259796143">
        <ele>461.32000732</ele>
      </trkpt>
      <trkpt lat="42.943990482017398" lon="-1.829140484333038">
        <ele>462.57998657000002</ele>
      </trkpt>
      <trkpt lat="42.943839775398374" lon="-1.829006373882294">
        <ele>462.22000121999997</ele>
      </trkpt>
      <trkpt lat="42.94381856918335" lon="-1.82898759841919">
        <ele>462.14999390000003</ele>
      </trkpt>
      <trkpt lat="42.943790573626757" lon="-1.828942084684968">
        <ele>461.48999022999999</ele>
      </trkpt>
      <trkpt lat="42.943674903362989" lon="-1.828754162415862">
        <ele>462.22000121999997</ele>
      </trkpt>
      <trkpt lat="42.943646907806396" lon="-1.828708648681641">
        <ele>462.23001098999998</ele>
      </trkpt>
      <trkpt lat="42.943625617772341" lon="-1.82865533977747">
        <ele>462.85000609999997</ele>
      </trkpt>
      <trkpt lat="42.943539451807737" lon="-1.828440092504025">
        <ele>461.83999634000003</ele>
      </trkpt>
      <trkpt lat="42.943518161773682" lon="-1.828386783599854">
        <ele>461.32000732</ele>
      </trkpt>
      <trkpt lat="42.94350391253829" lon="-1.828346801921725">
        <ele>461.45999146000003</ele>
      </trkpt>
      <trkpt lat="42.943425122648478" lon="-1.828126357868314">
        <ele>461.30999756</ele>
      </trkpt>
      <trkpt lat="42.943410873413086" lon="-1.828086376190186">
        <ele>461.30999756</ele>
      </trkpt>
      <trkpt lat="42.9434066824615" lon="-1.828065840527415">
        <ele>461.29000853999997</ele>
      </trkpt>
      <trkpt lat="42.943358821794391" lon="-1.82782955467701">
        <ele>461.14001465000001</ele>
      </trkpt>
      <trkpt lat="42.943311044946313" lon="-1.827593268826604">
        <ele>460.69000244</ele>
      </trkpt>
      <trkpt lat="42.943263184279203" lon="-1.827356982976198">
        <ele>460.79000853999997</ele>
      </trkpt>
      <trkpt lat="42.943215323612094" lon="-1.827120613306761">
        <ele>460.48999022999999</ele>
      </trkpt>
      <trkpt lat="42.943167462944984" lon="-1.826884327456355">
        <ele>460.32998657000002</ele>
      </trkpt>
      <trkpt lat="42.943119602277875" lon="-1.826648041605949">
        <ele>460.45001221000001</ele>
      </trkpt>
      <trkpt lat="42.943071741610765" lon="-1.826411755755544">
        <ele>460.85998534999999</ele>
      </trkpt>
      <trkpt lat="42.94306755065918" lon="-1.826391220092773">
        <ele>460.85998534999999</ele>
      </trkpt>
      <trkpt lat="42.94303578324616" lon="-1.826280159875751">
        <ele>460.89999390000003</ele>
      </trkpt>
      <trkpt lat="42.942970572039485" lon="-1.826051669195294">
        <ele>460.63000488</ele>
      </trkpt>
      <trkpt lat="42.942938804626465" lon="-1.825940608978272">
        <ele>460.41000365999997</ele>
      </trkpt>
      <trkpt lat="42.942914329469204" lon="-1.825830470770598">
        <ele>460</ele>
      </trkpt>
      <trkpt lat="42.942862194031477" lon="-1.825595861300826">
        <ele>460.29000853999997</ele>
      </trkpt>
      <trkpt lat="42.94281005859375" lon="-1.825361251831055">
        <ele>460.48001098999998</ele>
      </trkpt>
      <trkpt lat="42.942757923156023" lon="-1.825126642361283">
        <ele>460.10998534999999</ele>
      </trkpt>
      <trkpt lat="42.942705787718296" lon="-1.824892032891512">
        <ele>459.77999878000003</ele>
      </trkpt>
      <trkpt lat="42.942681312561035" lon="-1.824781894683838">
        <ele>459.91000365999997</ele>
      </trkpt>
      <trkpt lat="42.942654155194759" lon="-1.824700422585011">
        <ele>459.82998657000002</ele>
      </trkpt>
      <trkpt lat="42.942579723894596" lon="-1.824477128684521">
        <ele>459.54000853999997</ele>
      </trkpt>
      <trkpt lat="42.94255256652832" lon="-1.824395656585693">
        <ele>459.60998534999999</ele>
      </trkpt>
      <trkpt lat="42.942521469667554" lon="-1.82432021945715">
        <ele>459.61999512</ele>
      </trkpt>
      <trkpt lat="42.942433459684253" lon="-1.824106313288212">
        <ele>459.91000365999997</ele>
      </trkpt>
      <trkpt lat="42.942402362823486" lon="-1.824030876159668">
        <ele>459.75</ele>
      </trkpt>
      <trkpt lat="42.942383252084255" lon="-1.823998102918267">
        <ele>459.73999022999999</ele>
      </trkpt>
      <trkpt lat="42.942271269857883" lon="-1.823806157335639">
        <ele>460.32000732</ele>
      </trkpt>
      <trkpt lat="42.942252159118652" lon="-1.823773384094238">
        <ele>459.70999146000003</ele>
      </trkpt>
      <trkpt lat="42.942224247381091" lon="-1.823739353567362">
        <ele>459.85998534999999</ele>
      </trkpt>
      <trkpt lat="42.94209030456841" lon="-1.82357557117939">
        <ele>460.01000977000001</ele>
      </trkpt>
      <trkpt lat="42.942062392830849" lon="-1.823541540652514">
        <ele>459.60000609999997</ele>
      </trkpt>
      <trkpt lat="42.941994667053223" lon="-1.823515892028809">
        <ele>461.11999512</ele>
      </trkpt>
      <trkpt lat="42.941908836364746" lon="-1.823515892028809">
        <ele>459.5</ele>
      </trkpt>
      <trkpt lat="42.941895676776767" lon="-1.823523184284568">
        <ele>459.83999634000003</ele>
      </trkpt>
      <trkpt lat="42.941728876903653" lon="-1.823615888133645">
        <ele>459.83999634000003</ele>
      </trkpt>
      <trkpt lat="42.941715717315674" lon="-1.823623180389404">
        <ele>459.76998901000002</ele>
      </trkpt>
      <trkpt lat="42.941701887175441" lon="-1.823636088520289">
        <ele>459.76998901000002</ele>
      </trkpt>
      <trkpt lat="42.941553192213178" lon="-1.823774473741651">
        <ele>459.54998778999999</ele>
      </trkpt>
      <trkpt lat="42.941404581069946" lon="-1.823912858963013">
        <ele>459.54998778999999</ele>
      </trkpt>
      <trkpt lat="42.941255969926715" lon="-1.824051244184375">
        <ele>459.30999756</ele>
      </trkpt>
      <trkpt lat="42.941107274964452" lon="-1.824189629405737">
        <ele>459.14999390000003</ele>
      </trkpt>
      <trkpt lat="42.941093444824219" lon="-1.824202537536621">
        <ele>459.17001342999998</ele>
      </trkpt>
      <trkpt lat="42.941069472581148" lon="-1.824226509779692">
        <ele>459.17999268</ele>
      </trkpt>
      <trkpt lat="42.940924298018217" lon="-1.824371684342623">
        <ele>459.07998657000002</ele>
      </trkpt>
      <trkpt lat="42.940900325775146" lon="-1.824395656585693">
        <ele>459.07000732</ele>
      </trkpt>
      <trkpt lat="42.940865624696016" lon="-1.824430357664824">
        <ele>458.95001221000001</ele>
      </trkpt>
      <trkpt lat="42.940720450133085" lon="-1.824575532227755">
        <ele>458.80999756</ele>
      </trkpt>
      <trkpt lat="42.940685749053955" lon="-1.824610233306885">
        <ele>458.77999878000003</ele>
      </trkpt>
      <trkpt lat="42.940664291381836" lon="-1.824674606323242">
        <ele>458.76000977000001</ele>
      </trkpt>
      <trkpt lat="42.940646102651954" lon="-1.824706457555294">
        <ele>458.77999878000003</ele>
      </trkpt>
      <trkpt lat="42.940535545349121" lon="-1.824899911880493">
        <ele>458.70999146000003</ele>
      </trkpt>
      <trkpt lat="42.940424988046288" lon="-1.825093366205692">
        <ele>458.14001465000001</ele>
      </trkpt>
      <trkpt lat="42.940406799316406" lon="-1.825125217437744">
        <ele>457.85000609999997</ele>
      </trkpt>
      <trkpt lat="42.940363883972168" lon="-1.82523250579834">
        <ele>457.52999878000003</ele>
      </trkpt>
      <trkpt lat="42.940325913950801" lon="-1.825365358963609">
        <ele>457.10998534999999</ele>
      </trkpt>
      <trkpt lat="42.940274449065328" lon="-1.825517658144236">
        <ele>457.01000977000001</ele>
      </trkpt>
      <trkpt lat="42.940158024430275" lon="-1.825609942898154">
        <ele>454.85998534999999</ele>
      </trkpt>
      <trkpt lat="42.940001282840967" lon="-1.825732905417681">
        <ele>453.01998901000002</ele>
      </trkpt>
      <trkpt lat="42.939862813800573" lon="-1.825889647006989">
        <ele>458.73999022999999</ele>
      </trkpt>
      <trkpt lat="42.939815120771527" lon="-1.825943710282445">
        <ele>458.45999146000003</ele>
      </trkpt>
      <trkpt lat="42.939756950363517" lon="-1.825986038893461">
        <ele>458.29998778999999</ele>
      </trkpt>
      <trkpt lat="42.939598197117448" lon="-1.82610179297626">
        <ele>458.57998657000002</ele>
      </trkpt>
      <trkpt lat="42.939439443871379" lon="-1.826217463240027">
        <ele>458.17999268</ele>
      </trkpt>
      <trkpt lat="42.939381273463368" lon="-1.826259791851044">
        <ele>458.16000365999997</ele>
      </trkpt>
      <trkpt lat="42.939315726980567" lon="-1.826294157654047">
        <ele>458.41000365999997</ele>
      </trkpt>
      <trkpt lat="42.939147753641009" lon="-1.826382335275412">
        <ele>458.55999756</ele>
      </trkpt>
      <trkpt lat="42.93897969648242" lon="-1.826470512896776">
        <ele>459.35000609999997</ele>
      </trkpt>
      <trkpt lat="42.938811723142862" lon="-1.826558690518141">
        <ele>460.22000121999997</ele>
      </trkpt>
      <trkpt lat="42.938746176660061" lon="-1.826593056321144">
        <ele>460.23999022999999</ele>
      </trkpt>
      <trkpt lat="42.938721952959895" lon="-1.826602946966887">
        <ele>461.70001221000001</ele>
      </trkpt>
      <trkpt lat="42.938549453392625" lon="-1.826673271134496">
        <ele>461.73999022999999</ele>
      </trkpt>
      <trkpt lat="42.938376953825355" lon="-1.826743511483073">
        <ele>463.36999512</ele>
      </trkpt>
      <trkpt lat="42.938204454258084" lon="-1.826813835650682">
        <ele>461.17001342999998</ele>
      </trkpt>
      <trkpt lat="42.938180230557919" lon="-1.826823726296425">
        <ele>460.35998534999999</ele>
      </trkpt>
      <trkpt lat="42.938111163675785" lon="-1.826866725459695">
        <ele>459.92001342999998</ele>
      </trkpt>
      <trkpt lat="42.937947465106845" lon="-1.826968733221293">
        <ele>460.35998534999999</ele>
      </trkpt>
      <trkpt lat="42.937878398224711" lon="-1.827011732384563">
        <ele>461.54000853999997</ele>
      </trkpt>
      <trkpt lat="42.937837745994329" lon="-1.82707317173481">
        <ele>460.51000977000001</ele>
      </trkpt>
      <trkpt lat="42.937717214226723" lon="-1.827255226671696">
        <ele>460.70001221000001</ele>
      </trkpt>
      <trkpt lat="42.937596598640084" lon="-1.827437281608582">
        <ele>461.97000121999997</ele>
      </trkpt>
      <trkpt lat="42.937555946409702" lon="-1.827498720958829">
        <ele>461.42001342999998</ele>
      </trkpt>
      <trkpt lat="42.937553599476814" lon="-1.827504001557827">
        <ele>461.42001342999998</ele>
      </trkpt>
      <trkpt lat="42.937460811808705" lon="-1.827714135870338">
        <ele>460.86999512</ele>
      </trkpt>
      <trkpt lat="42.937368107959628" lon="-1.827924186363816">
        <ele>460.70001221000001</ele>
      </trkpt>
      <trkpt lat="42.937275320291519" lon="-1.828134320676327">
        <ele>462.11999512</ele>
      </trkpt>
      <trkpt lat="42.937272973358631" lon="-1.828139601275325">
        <ele>462.11999512</ele>
      </trkpt>
      <trkpt lat="42.937262831255794" lon="-1.828164327889681">
        <ele>461.26998901000002</ele>
      </trkpt>
      <trkpt lat="42.937175324186683" lon="-1.828378485515714">
        <ele>461.5</ele>
      </trkpt>
      <trkpt lat="42.93708773329854" lon="-1.828592726960778">
        <ele>461.79998778999999</ele>
      </trkpt>
      <trkpt lat="42.937000226229429" lon="-1.828806884586811">
        <ele>462.14001465000001</ele>
      </trkpt>
      <trkpt lat="42.936990084126592" lon="-1.828831611201167">
        <ele>461.92999268</ele>
      </trkpt>
      <trkpt lat="42.936948677524924" lon="-1.828919872641563">
        <ele>462.11999512</ele>
      </trkpt>
      <trkpt lat="42.936851782724261" lon="-1.82912640273571">
        <ele>462.73999022999999</ele>
      </trkpt>
      <trkpt lat="42.936754804104567" lon="-1.829332932829857">
        <ele>462.82000732</ele>
      </trkpt>
      <trkpt lat="42.936713397502899" lon="-1.829421194270253">
        <ele>463.45001221000001</ele>
      </trkpt>
      <trkpt lat="42.936700992286205" lon="-1.829434772953391">
        <ele>463.05999756</ele>
      </trkpt>
      <trkpt lat="42.936560679227114" lon="-1.829588413238525">
        <ele>463.58999634000003</ele>
      </trkpt>
      <trkpt lat="42.936402009800076" lon="-1.829744316637516">
        <ele>463.94000244</ele>
      </trkpt>
      <trkpt lat="42.936137476935983" lon="-1.829874152317643">
        <ele>464.47000121999997</ele>
      </trkpt>
      <trkpt lat="42.936047790572047" lon="-1.829899214208126">
        <ele>470.04000853999997</ele>
      </trkpt>
      <trkpt lat="42.935930946841836" lon="-1.829887731000781">
        <ele>468.98001098999998</ele>
      </trkpt>
      <trkpt lat="42.935778144747019" lon="-1.829858226701617">
        <ele>469.79998778999999</ele>
      </trkpt>
      <trkpt lat="42.935611763969064" lon="-1.829804414883256">
        <ele>469.52999878000003</ele>
      </trkpt>
      <trkpt lat="42.935445215553045" lon="-1.82970785535872">
        <ele>468.42999268</ele>
      </trkpt>
      <trkpt lat="42.935337172821164" lon="-1.829647505655885">
        <ele>468.42999268</ele>
      </trkpt>
      <trkpt lat="42.935233656316996" lon="-1.829593274742365">
        <ele>467.35000609999997</ele>
      </trkpt>
      <trkpt lat="42.935044560581446" lon="-1.829466372728348">
        <ele>467.20999146000003</ele>
      </trkpt>
      <trkpt lat="42.934914054349065" lon="-1.829387834295631">
        <ele>466.35998534999999</ele>
      </trkpt>
      <trkpt lat="42.934783548116684" lon="-1.82931549847126">
        <ele>465.61999512</ele>
      </trkpt>
      <trkpt lat="42.934671062976122" lon="-1.829255232587457">
        <ele>465.32000732</ele>
      </trkpt>
      <trkpt lat="42.934526978060603" lon="-1.829176777973771">
        <ele>465.25</ele>
      </trkpt>
      <trkpt lat="42.934355735778809" lon="-1.82896614074707">
        <ele>464.79000853999997</ele>
      </trkpt>
      <trkpt lat="42.934291362762451" lon="-1.828880310058594">
        <ele>468.01998901000002</ele>
      </trkpt>
      <trkpt lat="42.934248447418213" lon="-1.828815937042236">
        <ele>464.73999022999999</ele>
      </trkpt>
      <trkpt lat="42.934184074401855" lon="-1.82873010635376">
        <ele>466.29000853999997</ele>
      </trkpt>
      <trkpt lat="42.93407678604126" lon="-1.828579902648926">
        <ele>474.82998657000002</ele>
      </trkpt>
      <trkpt lat="42.933990955352783" lon="-1.828451156616211">
        <ele>465.57998657000002</ele>
      </trkpt>
      <trkpt lat="42.933883666992188" lon="-1.828365325927734">
        <ele>465.67001342999998</ele>
      </trkpt>
      <trkpt lat="42.933733463287354" lon="-1.828322410583496">
        <ele>465.94000244</ele>
      </trkpt>
      <trkpt lat="42.933669090270996" lon="-1.828332804143429">
        <ele>466.04000853999997</ele>
      </trkpt>
      <trkpt lat="42.933490304276347" lon="-1.828361637890339">
        <ele>466.60000609999997</ele>
      </trkpt>
      <trkpt lat="42.933311434462667" lon="-1.828390471637249">
        <ele>466.95001221000001</ele>
      </trkpt>
      <trkpt lat="42.933132648468018" lon="-1.828419305384159">
        <ele>467.25</ele>
      </trkpt>
      <trkpt lat="42.93306827545166" lon="-1.828429698944092">
        <ele>467.35998534999999</ele>
      </trkpt>
      <trkpt lat="42.933025863021612" lon="-1.828423831611872">
        <ele>467.39999390000003</ele>
      </trkpt>
      <trkpt lat="42.932846741750836" lon="-1.828399104997516">
        <ele>467.13000488</ele>
      </trkpt>
      <trkpt lat="42.932667536661029" lon="-1.828374462202191">
        <ele>467.05999756</ele>
      </trkpt>
      <trkpt lat="42.932488415390253" lon="-1.828349735587835">
        <ele>467.08999634000003</ele>
      </trkpt>
      <trkpt lat="42.932446002960205" lon="-1.828343868255615">
        <ele>467.19000244</ele>
      </trkpt>
      <trkpt lat="42.932384144514799" lon="-1.828323332592845">
        <ele>467.17001342999998</ele>
      </trkpt>
      <trkpt lat="42.932309377938509" lon="-1.828298438340426">
        <ele>467.26998901000002</ele>
      </trkpt>
      <trkpt lat="42.932134531438351" lon="-1.82824001647532">
        <ele>467.39001465000001</ele>
      </trkpt>
      <trkpt lat="42.932059764862061" lon="-1.8282151222229">
        <ele>467.51998901000002</ele>
      </trkpt>
      <trkpt lat="42.932027159258723" lon="-1.828200286254287">
        <ele>467.47000121999997</ele>
      </trkpt>
      <trkpt lat="42.931856336072087" lon="-1.828122669830918">
        <ele>467.76000977000001</ele>
      </trkpt>
      <trkpt lat="42.93182373046875" lon="-1.828107833862305">
        <ele>467.73999022999999</ele>
      </trkpt>
      <trkpt lat="42.931822389364243" lon="-1.828107163310051">
        <ele>467.79998778999999</ele>
      </trkpt>
      <trkpt lat="42.931653410196304" lon="-1.828022673726082">
        <ele>468.22000121999997</ele>
      </trkpt>
      <trkpt lat="42.931652069091797" lon="-1.828022003173828">
        <ele>468.22000121999997</ele>
      </trkpt>
      <trkpt lat="42.931621810421348" lon="-1.827995516359806">
        <ele>468.36999512</ele>
      </trkpt>
      <trkpt lat="42.931470349431038" lon="-1.827862998470664">
        <ele>469</ele>
      </trkpt>
      <trkpt lat="42.931318804621696" lon="-1.82773039676249">
        <ele>469.60000609999997</ele>
      </trkpt>
      <trkpt lat="42.931167343631387" lon="-1.827597878873348">
        <ele>470.26998901000002</ele>
      </trkpt>
      <trkpt lat="42.931137084960937" lon="-1.827571392059326">
        <ele>470.35000609999997</ele>
      </trkpt>
      <trkpt lat="42.931077824905515" lon="-1.827530404552817">
        <ele>470.60998534999999</ele>
      </trkpt>
      <trkpt lat="42.930917395278811" lon="-1.827419260516763">
        <ele>471.23999022999999</ele>
      </trkpt>
      <trkpt lat="42.930858135223389" lon="-1.827378273010254">
        <ele>471.55999756</ele>
      </trkpt>
      <trkpt lat="42.930790577083826" lon="-1.827346254140139">
        <ele>471.79000853999997</ele>
      </trkpt>
      <trkpt lat="42.930620508268476" lon="-1.82726570405066">
        <ele>472.51000977000001</ele>
      </trkpt>
      <trkpt lat="42.930450439453125" lon="-1.827185153961182">
        <ele>473.23999022999999</ele>
      </trkpt>
      <trkpt lat="42.930280370637774" lon="-1.827104603871703">
        <ele>473.91000365999997</ele>
      </trkpt>
      <trkpt lat="42.930110301822424" lon="-1.827024053782225">
        <ele>474.41000365999997</ele>
      </trkpt>
      <trkpt lat="42.930042743682861" lon="-1.826992034912109">
        <ele>474.61999512</ele>
      </trkpt>
      <trkpt lat="42.930014580488205" lon="-1.826989436522126">
        <ele>474.63000488</ele>
      </trkpt>
      <trkpt lat="42.929834872484207" lon="-1.826973175629973">
        <ele>475.07998657000002</ele>
      </trkpt>
      <trkpt lat="42.929806709289551" lon="-1.82697057723999">
        <ele>475.17999268</ele>
      </trkpt>
      <trkpt lat="42.929800171405077" lon="-1.82697057723999">
        <ele>475.17999268</ele>
      </trkpt>
      <trkpt lat="42.929620128124952" lon="-1.82697057723999">
        <ele>475.67999268</ele>
      </trkpt>
      <trkpt lat="42.929613590240479" lon="-1.82697057723999">
        <ele>475.73999022999999</ele>
      </trkpt>
      <trkpt lat="42.929527759552002" lon="-1.826992034912109">
        <ele>476.01998901000002</ele>
      </trkpt>
      <trkpt lat="42.929467326030135" lon="-1.827001506462693">
        <ele>485.25</ele>
      </trkpt>
      <trkpt lat="42.929288372397423" lon="-1.827029418200254">
        <ele>487.95999146000003</ele>
      </trkpt>
      <trkpt lat="42.929109502583742" lon="-1.827057413756847">
        <ele>498.70999146000003</ele>
      </trkpt>
      <trkpt lat="42.92893054895103" lon="-1.827085325494409">
        <ele>509.94000244</ele>
      </trkpt>
      <trkpt lat="42.928751679137349" lon="-1.827113321051002">
        <ele>511.75</ele>
      </trkpt>
      <trkpt lat="42.928572725504637" lon="-1.827141232788563">
        <ele>494.89001465000001</ele>
      </trkpt>
      <trkpt lat="42.928393855690956" lon="-1.827169228345156">
        <ele>495.70001221000001</ele>
      </trkpt>
      <trkpt lat="42.928214902058244" lon="-1.827197140082717">
        <ele>500.17999268</ele>
      </trkpt>
      <trkpt lat="42.928154468536377" lon="-1.827206611633301">
        <ele>479.04000853999997</ele>
      </trkpt>
      <trkpt lat="42.9280686378479" lon="-1.827206611633301">
        <ele>479.10000609999997</ele>
      </trkpt>
      <trkpt lat="42.928064865991473" lon="-1.827207198366523">
        <ele>479.17001342999998</ele>
      </trkpt>
      <trkpt lat="42.927886163815856" lon="-1.827237037941814">
        <ele>501.54000853999997</ele>
      </trkpt>
      <trkpt lat="42.927707377821207" lon="-1.827266793698072">
        <ele>495.73999022999999</ele>
      </trkpt>
      <trkpt lat="42.92752867564559" lon="-1.827296633273363">
        <ele>500</ele>
      </trkpt>
      <trkpt lat="42.927349889650941" lon="-1.827326389029622">
        <ele>501.79998778999999</ele>
      </trkpt>
      <trkpt lat="42.927171187475324" lon="-1.827356228604913">
        <ele>481.01998901000002</ele>
      </trkpt>
      <trkpt lat="42.927167415618896" lon="-1.827356815338135">
        <ele>480.98999022999999</ele>
      </trkpt>
      <trkpt lat="42.927138665691018" lon="-1.827362012118101">
        <ele>480.95999146000003</ele>
      </trkpt>
      <trkpt lat="42.926960131153464" lon="-1.827394533902407">
        <ele>481.17999268</ele>
      </trkpt>
      <trkpt lat="42.926931381225586" lon="-1.827399730682373">
        <ele>481.20001221000001</ele>
      </trkpt>
      <trkpt lat="42.926931381225586" lon="-1.827399730682373">
        <ele>481.20001221000001</ele>
      </trkpt>
      <trkpt lat="42.926931381225586" lon="-1.827399730682373">
        <ele>481.20001221000001</ele>
      </trkpt>
      <trkpt lat="42.926888465881348" lon="-1.827356815338135">
        <ele>481.20999146000003</ele>
      </trkpt>
      <trkpt lat="42.926802635192871" lon="-1.827335357666016">
        <ele>481.17001342999998</ele>
      </trkpt>
      <trkpt lat="42.926695346832275" lon="-1.827335357666016">
        <ele>481.36999512</ele>
      </trkpt>
      <trkpt lat="42.926641618832946" lon="-1.827344326302409">
        <ele>481.54998778999999</ele>
      </trkpt>
      <trkpt lat="42.926462832838297" lon="-1.827374082058668">
        <ele>481.80999756</ele>
      </trkpt>
      <trkpt lat="42.92628413066268" lon="-1.827403921633959">
        <ele>482.23001098999998</ele>
      </trkpt>
      <trkpt lat="42.926105344668031" lon="-1.827433677390218">
        <ele>482.63000488</ele>
      </trkpt>
      <trkpt lat="42.926051616668701" lon="-1.827442646026611">
        <ele>482.82000732</ele>
      </trkpt>
      <trkpt lat="42.92604667134583" lon="-1.827443819493055">
        <ele>482.82000732</ele>
      </trkpt>
      <trkpt lat="42.925869226455688" lon="-1.82748556137085">
        <ele>483.20001221000001</ele>
      </trkpt>
      <trkpt lat="42.925691781565547" lon="-1.827527303248644">
        <ele>483.35000609999997</ele>
      </trkpt>
      <trkpt lat="42.925686836242676" lon="-1.827528476715088">
        <ele>483.35000609999997</ele>
      </trkpt>
      <trkpt lat="42.925578625872731" lon="-1.827539205551148">
        <ele>483.51000977000001</ele>
      </trkpt>
      <trkpt lat="42.925578542053699" lon="-1.827539205551148">
        <ele>483.51000977000001</ele>
      </trkpt>
      <trkpt lat="42.925486844033003" lon="-1.827545072883368">
        <ele>483.83999634000003</ele>
      </trkpt>
      <trkpt lat="42.925307974219322" lon="-1.82751732878387">
        <ele>484.47000121999997</ele>
      </trkpt>
      <trkpt lat="42.925221556797624" lon="-1.827503917738795">
        <ele>484.73001098999998</ele>
      </trkpt>
      <trkpt lat="42.925214432179928" lon="-1.827508192509413">
        <ele>484.73001098999998</ele>
      </trkpt>
      <trkpt lat="42.925214432179928" lon="-1.827508192509413">
        <ele>484.73001098999998</ele>
      </trkpt>
      <trkpt lat="42.925049643963575" lon="-1.827607182785869">
        <ele>485.01998901000002</ele>
      </trkpt>
      <trkpt lat="42.925049643963575" lon="-1.827607182785869">
        <ele>485.01998901000002</ele>
      </trkpt>
      <trkpt lat="42.92504251934588" lon="-1.827611457556486">
        <ele>485.04000853999997</ele>
      </trkpt>
      <trkpt lat="42.924911510199308" lon="-1.82770156301558">
        <ele>484.35998534999999</ele>
      </trkpt>
      <trkpt lat="42.924832301214337" lon="-1.827880768105388">
        <ele>484.47000121999997</ele>
      </trkpt>
      <trkpt lat="42.924797516316175" lon="-1.828003982082009">
        <ele>483.80999756</ele>
      </trkpt>
      <trkpt lat="42.924758456647396" lon="-1.828145636245608">
        <ele>486.22000121999997</ele>
      </trkpt>
      <trkpt lat="42.924737418070436" lon="-1.828286955133081">
        <ele>486.66000365999997</ele>
      </trkpt>
      <trkpt lat="42.924684444442391" lon="-1.828392064198852">
        <ele>487.76000977000001</ele>
      </trkpt>
      <trkpt lat="42.924622418358922" lon="-1.828491305932403">
        <ele>488.13000488</ele>
      </trkpt>
      <trkpt lat="42.924542287364602" lon="-1.828578561544418">
        <ele>487.48999022999999</ele>
      </trkpt>
      <trkpt lat="42.924536420032382" lon="-1.828582920134068">
        <ele>487.48999022999999</ele>
      </trkpt>
      <trkpt lat="42.924378253519535" lon="-1.828700015321374">
        <ele>487.73001098999998</ele>
      </trkpt>
      <trkpt lat="42.924372470006347" lon="-1.828704373911023">
        <ele>487.51998901000002</ele>
      </trkpt>
      <trkpt lat="42.924296781420708" lon="-1.828785426914692">
        <ele>487.48001098999998</ele>
      </trkpt>
      <trkpt lat="42.924294099211693" lon="-1.828789869323373">
        <ele>487.48001098999998</ele>
      </trkpt>
      <trkpt lat="42.924294099211693" lon="-1.828789869323373">
        <ele>487.48001098999998</ele>
      </trkpt>
      <trkpt lat="42.924179853871465" lon="-1.82897930033505">
        <ele>486.29000853999997</ele>
      </trkpt>
      <trkpt lat="42.924179853871465" lon="-1.82897930033505">
        <ele>486.29000853999997</ele>
      </trkpt>
      <trkpt lat="42.92417717166245" lon="-1.828983742743731">
        <ele>487.36999512</ele>
      </trkpt>
      <trkpt lat="42.924051946029067" lon="-1.82906580157578">
        <ele>486.33999634000003</ele>
      </trkpt>
      <trkpt lat="42.923944154754281" lon="-1.829092288389802">
        <ele>485.45999146000003</ele>
      </trkpt>
      <trkpt lat="42.923889840021729" lon="-1.829062700271606">
        <ele>485.14999390000003</ele>
      </trkpt>
      <trkpt lat="42.923803338780999" lon="-1.828966308385134">
        <ele>486.07998657000002</ele>
      </trkpt>
      <trkpt lat="42.923712059855461" lon="-1.828851643949747">
        <ele>484.89999390000003</ele>
      </trkpt>
      <trkpt lat="42.923665791749954" lon="-1.828723903745413">
        <ele>485.30999756</ele>
      </trkpt>
      <trkpt lat="42.923605525866151" lon="-1.828553499653935">
        <ele>486.19000244</ele>
      </trkpt>
      <trkpt lat="42.923558419570327" lon="-1.828352166339755">
        <ele>486.02999878000003</ele>
      </trkpt>
      <trkpt lat="42.923557246103883" lon="-1.828348059207201">
        <ele>486.22000121999997</ele>
      </trkpt>
      <trkpt lat="42.923557246103883" lon="-1.828348059207201">
        <ele>486.22000121999997</ele>
      </trkpt>
      <trkpt lat="42.923494046553969" lon="-1.828118562698364">
        <ele>486.55999756</ele>
      </trkpt>
      <trkpt lat="42.923494046553969" lon="-1.828118562698364">
        <ele>486.55999756</ele>
      </trkpt>
      <trkpt lat="42.923492956906557" lon="-1.82811445556581">
        <ele>486.55999756</ele>
      </trkpt>
      <trkpt lat="42.923477198928595" lon="-1.827894179150462">
        <ele>485.10998534999999</ele>
      </trkpt>
      <trkpt lat="42.923473678529263" lon="-1.827835757285357">
        <ele>484.73999022999999</ele>
      </trkpt>
      <trkpt lat="42.923459010198712" lon="-1.82759159244597">
        <ele>482.54998778999999</ele>
      </trkpt>
      <trkpt lat="42.92345548979938" lon="-1.827533170580864">
        <ele>482.27999878000003</ele>
      </trkpt>
      <trkpt lat="42.9234803840518" lon="-1.827330496162176">
        <ele>483.04998778999999</ele>
      </trkpt>
      <trkpt lat="42.923438306897879" lon="-1.827178113162518">
        <ele>481.92999268</ele>
      </trkpt>
      <trkpt lat="42.923391787335277" lon="-1.827032016590238">
        <ele>481.95999146000003</ele>
      </trkpt>
      <trkpt lat="42.923341076821089" lon="-1.826916513964534">
        <ele>481.88000488</ele>
      </trkpt>
      <trkpt lat="42.923281397670507" lon="-1.82680738158524">
        <ele>481.42999268</ele>
      </trkpt>
      <trkpt lat="42.923292713239789" lon="-1.826592721045017">
        <ele>480.52999878000003</ele>
      </trkpt>
      <trkpt lat="42.923304783180356" lon="-1.826451569795609">
        <ele>480.17001342999998</ele>
      </trkpt>
      <trkpt lat="42.92332062497735" lon="-1.826236825436354">
        <ele>481.16000365999997</ele>
      </trkpt>
      <trkpt lat="42.923341495916247" lon="-1.826077150180936">
        <ele>483.04000853999997</ele>
      </trkpt>
      <trkpt lat="42.92332598939538" lon="-1.82588143274188">
        <ele>483.55999756</ele>
      </trkpt>
      <trkpt lat="42.92332649230957" lon="-1.825868859887123">
        <ele>483.70999146000003</ele>
      </trkpt>
      <trkpt lat="42.923336215317249" lon="-1.825624192133546">
        <ele>487.26998901000002</ele>
      </trkpt>
      <trkpt lat="42.92333671823144" lon="-1.825611619278789">
        <ele>487.26998901000002</ele>
      </trkpt>
      <trkpt lat="42.923334958031774" lon="-1.825440125539899">
        <ele>488.61999512</ele>
      </trkpt>
      <trkpt lat="42.923302268609405" lon="-1.825330490246415">
        <ele>488.92001342999998</ele>
      </trkpt>
      <trkpt lat="42.923273183405399" lon="-1.825304506346583">
        <ele>489.11999512</ele>
      </trkpt>
      <trkpt lat="42.923273183405399" lon="-1.825304506346583">
        <ele>489.11999512</ele>
      </trkpt>
      <trkpt lat="42.923122392967343" lon="-1.825170479714871">
        <ele>489.39001465000001</ele>
      </trkpt>
      <trkpt lat="42.923122392967343" lon="-1.825170479714871">
        <ele>489.39001465000001</ele>
      </trkpt>
      <trkpt lat="42.923093307763338" lon="-1.825144495815039">
        <ele>489.51000977000001</ele>
      </trkpt>
      <trkpt lat="42.923066234216094" lon="-1.825125552713871">
        <ele>489.48001098999998</ele>
      </trkpt>
      <trkpt lat="42.922906223684549" lon="-1.825013319030404">
        <ele>489.88000488</ele>
      </trkpt>
      <trkpt lat="42.922906223684549" lon="-1.825013319030404">
        <ele>489.88000488</ele>
      </trkpt>
      <trkpt lat="42.922746129333973" lon="-1.824901001527906">
        <ele>490.19000244</ele>
      </trkpt>
      <trkpt lat="42.922746129333973" lon="-1.824901001527906">
        <ele>490.19000244</ele>
      </trkpt>
      <trkpt lat="42.922719139605761" lon="-1.824882058426738">
        <ele>490.22000121999997</ele>
      </trkpt>
      <trkpt lat="42.922709248960018" lon="-1.824878873303533">
        <ele>490.39999390000003</ele>
      </trkpt>
      <trkpt lat="42.922709248960018" lon="-1.824878873303533">
        <ele>490.39999390000003</ele>
      </trkpt>
      <trkpt lat="42.92253389954567" lon="-1.824822798371315">
        <ele>490.82000732</ele>
      </trkpt>
      <trkpt lat="42.92253389954567" lon="-1.824822798371315">
        <ele>490.82000732</ele>
      </trkpt>
      <trkpt lat="42.922358633950353" lon="-1.824766639620066">
        <ele>491.30999756</ele>
      </trkpt>
      <trkpt lat="42.92234874330461" lon="-1.824763538315892">
        <ele>491.32000732</ele>
      </trkpt>
      <trkpt lat="42.92229987680912" lon="-1.824753312394023">
        <ele>491.32998657000002</ele>
      </trkpt>
      <trkpt lat="42.92229987680912" lon="-1.824753312394023">
        <ele>491.32998657000002</ele>
      </trkpt>
      <trkpt lat="42.922121845185757" lon="-1.824716096743941">
        <ele>491.82000732</ele>
      </trkpt>
      <trkpt lat="42.922121845185757" lon="-1.824716096743941">
        <ele>491.82000732</ele>
      </trkpt>
      <trkpt lat="42.922121845185757" lon="-1.824716096743941">
        <ele>491.82000732</ele>
      </trkpt>
      <trkpt lat="42.921943813562393" lon="-1.824678964912891">
        <ele>492.10998534999999</ele>
      </trkpt>
      <trkpt lat="42.921943813562393" lon="-1.824678964912891">
        <ele>492.10998534999999</ele>
      </trkpt>
      <trkpt lat="42.921765865758061" lon="-1.82464174926281">
        <ele>492.27999878000003</ele>
      </trkpt>
      <trkpt lat="42.921716999262571" lon="-1.824631523340941">
        <ele>492.86999512</ele>
      </trkpt>
      <trkpt lat="42.921712473034859" lon="-1.824631607159972">
        <ele>492.86999512</ele>
      </trkpt>
      <trkpt lat="42.921532429754734" lon="-1.824635043740273">
        <ele>493.13000488</ele>
      </trkpt>
      <trkpt lat="42.921527903527021" lon="-1.824635127559304">
        <ele>493.13000488</ele>
      </trkpt>
      <trkpt lat="42.921482725068927" lon="-1.824657591059804">
        <ele>493</ele>
      </trkpt>
      <trkpt lat="42.92141986079514" lon="-1.824670163914561">
        <ele>493.13000488</ele>
      </trkpt>
      <trkpt lat="42.921241661533713" lon="-1.824705703184009">
        <ele>493.32000732</ele>
      </trkpt>
      <trkpt lat="42.921063546091318" lon="-1.824741242453456">
        <ele>493.64001465000001</ele>
      </trkpt>
      <trkpt lat="42.920885346829891" lon="-1.824776697903872">
        <ele>493.92001342999998</ele>
      </trkpt>
      <trkpt lat="42.920707147568464" lon="-1.824812237173319">
        <ele>494.20999146000003</ele>
      </trkpt>
      <trkpt lat="42.920644283294678" lon="-1.824824810028076">
        <ele>494.35998534999999</ele>
      </trkpt>
      <trkpt lat="42.920571193099022" lon="-1.824839226901531">
        <ele>494.60000609999997</ele>
      </trkpt>
      <trkpt lat="42.920510089024901" lon="-1.824846267700195">
        <ele>494.67999268</ele>
      </trkpt>
      <trkpt lat="42.920402297750115" lon="-1.824867390096188">
        <ele>494.95999146000003</ele>
      </trkpt>
      <trkpt lat="42.920381426811218" lon="-1.824870239943266">
        <ele>495.05999756</ele>
      </trkpt>
      <trkpt lat="42.920202221721411" lon="-1.824894966557622">
        <ele>495.07000732</ele>
      </trkpt>
      <trkpt lat="42.920181350782514" lon="-1.8248978164047">
        <ele>495.01998901000002</ele>
      </trkpt>
      <trkpt lat="42.920021424070001" lon="-1.824925979599357">
        <ele>494.64001465000001</ele>
      </trkpt>
      <trkpt lat="42.919897455722094" lon="-1.824944755062461">
        <ele>494.42999268</ele>
      </trkpt>
      <trkpt lat="42.919737529009581" lon="-1.824961183592677">
        <ele>494.35000609999997</ele>
      </trkpt>
      <trkpt lat="42.919633341953158" lon="-1.824989262968302">
        <ele>494.29998778999999</ele>
      </trkpt>
      <trkpt lat="42.919626552611589" lon="-1.82499261572957">
        <ele>494.29998778999999</ele>
      </trkpt>
      <trkpt lat="42.919456902891397" lon="-1.825075009837747">
        <ele>494.23999022999999</ele>
      </trkpt>
      <trkpt lat="42.919450113549829" lon="-1.825078362599015">
        <ele>494.23999022999999</ele>
      </trkpt>
      <trkpt lat="42.919399738311768" lon="-1.825082302093506">
        <ele>494.32998657000002</ele>
      </trkpt>
      <trkpt lat="42.919360846281052" lon="-1.825079033151269">
        <ele>494.29000853999997</ele>
      </trkpt>
      <trkpt lat="42.919181138277054" lon="-1.825064113363624">
        <ele>494.42999268</ele>
      </trkpt>
      <trkpt lat="42.919142246246338" lon="-1.825060844421387">
        <ele>494.39999390000003</ele>
      </trkpt>
      <trkpt lat="42.919084075838327" lon="-1.8250463437289">
        <ele>494.47000121999997</ele>
      </trkpt>
      <trkpt lat="42.918906966224313" lon="-1.825002171099186">
        <ele>494.48999022999999</ele>
      </trkpt>
      <trkpt lat="42.918848795816302" lon="-1.824987670406699">
        <ele>494.55999756</ele>
      </trkpt>
      <trkpt lat="42.918906966224313" lon="-1.825002171099186">
        <ele>494.48999022999999</ele>
      </trkpt>
      <trkpt lat="42.919084075838327" lon="-1.8250463437289">
        <ele>494.47000121999997</ele>
      </trkpt>
      <trkpt lat="42.919142246246338" lon="-1.825060844421387">
        <ele>494.39999390000003</ele>
      </trkpt>
      <trkpt lat="42.919104779139161" lon="-1.825051456689835">
        <ele>494.47000121999997</ele>
      </trkpt>
      <trkpt lat="42.918927669525146" lon="-1.825007200241089">
        <ele>494.5</ele>
      </trkpt>
      <trkpt lat="42.918750559911132" lon="-1.824962943792343">
        <ele>494.72000121999997</ele>
      </trkpt>
      <trkpt lat="42.918713092803955" lon="-1.824953556060791">
        <ele>494.92001342999998</ele>
      </trkpt>
      <trkpt lat="42.918688198551536" lon="-1.824938636273146">
        <ele>495.20001221000001</ele>
      </trkpt>
      <trkpt lat="42.918523410335183" lon="-1.824839729815722">
        <ele>496.13000488</ele>
      </trkpt>
      <trkpt lat="42.918498516082764" lon="-1.824824810028076">
        <ele>495.32000732</ele>
      </trkpt>
      <trkpt lat="42.91846121661365" lon="-1.824783822521567">
        <ele>496.13000488</ele>
      </trkpt>
      <trkpt lat="42.918321238830686" lon="-1.824629763141275">
        <ele>495.64999390000003</ele>
      </trkpt>
      <trkpt lat="42.918283939361572" lon="-1.824588775634766">
        <ele>495.75</ele>
      </trkpt>
      <trkpt lat="42.918259464204311" lon="-1.824539825320244">
        <ele>495.86999512</ele>
      </trkpt>
      <trkpt lat="42.918158210813999" lon="-1.824337318539619">
        <ele>496.17001342999998</ele>
      </trkpt>
      <trkpt lat="42.918133735656738" lon="-1.824288368225098">
        <ele>496.29000853999997</ele>
      </trkpt>
      <trkpt lat="42.918128035962582" lon="-1.824271185323596">
        <ele>496.35998534999999</ele>
      </trkpt>
      <trkpt lat="42.918053604662418" lon="-1.82404805906117">
        <ele>496.73001098999998</ele>
      </trkpt>
      <trkpt lat="42.918047904968262" lon="-1.824030876159668">
        <ele>496.70999146000003</ele>
      </trkpt>
      <trkpt lat="42.918053269386292" lon="-1.823998773470521">
        <ele>496.79000853999997</ele>
      </trkpt>
      <trkpt lat="42.918047904968262" lon="-1.824030876159668">
        <ele>496.70999146000003</ele>
      </trkpt>
      <trkpt lat="42.918042372912169" lon="-1.823984775692225">
        <ele>496.80999756</ele>
      </trkpt>
      <trkpt lat="42.918013455346227" lon="-1.823742957785726">
        <ele>497.02999878000003</ele>
      </trkpt>
      <trkpt lat="42.917984537780285" lon="-1.823501139879227">
        <ele>497.29000853999997</ele>
      </trkpt>
      <trkpt lat="42.917955620214343" lon="-1.823259238153696">
        <ele>497.63000488</ele>
      </trkpt>
      <trkpt lat="42.91792661882937" lon="-1.823017420247197">
        <ele>497.76998901000002</ele>
      </trkpt>
      <trkpt lat="42.917897701263428" lon="-1.822775602340698">
        <ele>498.14999390000003</ele>
      </trkpt>
      <trkpt lat="42.917868783697486" lon="-1.822533784434199">
        <ele>498.42001342999998</ele>
      </trkpt>
      <trkpt lat="42.917839866131544" lon="-1.8222919665277">
        <ele>498.64999390000003</ele>
      </trkpt>
      <trkpt lat="42.917810864746571" lon="-1.82205006480217">
        <ele>498.88000488</ele>
      </trkpt>
      <trkpt lat="42.917781947180629" lon="-1.821808246895671">
        <ele>499.22000121999997</ele>
      </trkpt>
      <trkpt lat="42.917753029614687" lon="-1.821566428989172">
        <ele>499.58999634000003</ele>
      </trkpt>
      <trkpt lat="42.917747497558594" lon="-1.821520328521729">
        <ele>499.32998657000002</ele>
      </trkpt>
      <trkpt lat="42.917738948017359" lon="-1.821477580815554">
        <ele>499.51998901000002</ele>
      </trkpt>
      <trkpt lat="42.917691674083471" lon="-1.821241211146116">
        <ele>499.79000853999997</ele>
      </trkpt>
      <trkpt lat="42.917683124542236" lon="-1.821198463439941">
        <ele>499.76000977000001</ele>
      </trkpt>
      <trkpt lat="42.917638700455427" lon="-1.821073992177844">
        <ele>499.88000488</ele>
      </trkpt>
      <trkpt lat="42.917683124542236" lon="-1.821198463439941">
        <ele>499.76000977000001</ele>
      </trkpt>
      <trkpt lat="42.917668875306845" lon="-1.821158481761813">
        <ele>499.83999634000003</ele>
      </trkpt>
      <trkpt lat="42.917590085417032" lon="-1.820938037708402">
        <ele>500.07998657000002</ele>
      </trkpt>
      <trkpt lat="42.917575836181641" lon="-1.820898056030273">
        <ele>500.41000365999997</ele>
      </trkpt>
      <trkpt lat="42.917538536712527" lon="-1.820840053260326">
        <ele>500.26998901000002</ele>
      </trkpt>
      <trkpt lat="42.917420016601682" lon="-1.820655651390553">
        <ele>500.19000244</ele>
      </trkpt>
      <trkpt lat="42.917382717132568" lon="-1.820597648620606">
        <ele>500.26000977000001</ele>
      </trkpt>
      <trkpt lat="42.917335107922554" lon="-1.820550039410591">
        <ele>500.17999268</ele>
      </trkpt>
      <trkpt lat="42.917190017178655" lon="-1.820404948666692">
        <ele>500.29000853999997</ele>
      </trkpt>
      <trkpt lat="42.917044926434755" lon="-1.820259857922792">
        <ele>500.32000732</ele>
      </trkpt>
      <trkpt lat="42.916899751871824" lon="-1.820114767178893">
        <ele>500.32000732</ele>
      </trkpt>
      <trkpt lat="42.916754661127925" lon="-1.819969676434994">
        <ele>500.38000488</ele>
      </trkpt>
      <trkpt lat="42.916609570384026" lon="-1.819824585691094">
        <ele>500.35998534999999</ele>
      </trkpt>
      <trkpt lat="42.916561961174011" lon="-1.81977697648108">
        <ele>500.32000732</ele>
      </trkpt>
      <trkpt lat="42.916551316156983" lon="-1.819766331464052">
        <ele>500.35998534999999</ele>
      </trkpt>
      <trkpt lat="42.916406309232116" lon="-1.819621240720153">
        <ele>500.26998901000002</ele>
      </trkpt>
      <trkpt lat="42.916395664215088" lon="-1.819610595703125">
        <ele>500.32998657000002</ele>
      </trkpt>
      <trkpt lat="42.916339505463839" lon="-1.819554436951876">
        <ele>500.27999878000003</ele>
      </trkpt>
      <trkpt lat="42.916194330900908" lon="-1.819409262388945">
        <ele>500.45999146000003</ele>
      </trkpt>
      <trkpt lat="42.916138172149658" lon="-1.819353103637695">
        <ele>500.36999512</ele>
      </trkpt>
      <trkpt lat="42.91609039530158" lon="-1.819300968199968">
        <ele>501.10000609999997</ele>
      </trkpt>
      <trkpt lat="42.915949914604425" lon="-1.819147747009993">
        <ele>500.64999390000003</ele>
      </trkpt>
      <trkpt lat="42.915902137756348" lon="-1.819095611572266">
        <ele>500.70999146000003</ele>
      </trkpt>
      <trkpt lat="42.915859222412109" lon="-1.819052696228027">
        <ele>500.73999022999999</ele>
      </trkpt>
      <trkpt lat="42.915821587666869" lon="-1.818950101733208">
        <ele>501.04000853999997</ele>
      </trkpt>
      <trkpt lat="42.915741205215454" lon="-1.81873083114624">
        <ele>502.39999390000003</ele>
      </trkpt>
      <trkpt lat="42.915660822764039" lon="-1.818511560559273">
        <ele>503.64001465000001</ele>
      </trkpt>
      <trkpt lat="42.915623188018799" lon="-1.818408966064453">
        <ele>503.82000732</ele>
      </trkpt>
      <trkpt lat="42.915622098371387" lon="-1.818406451493502">
        <ele>503.82000732</ele>
      </trkpt>
      <trkpt lat="42.915527299046516" lon="-1.818198161199689">
        <ele>505.45001221000001</ele>
      </trkpt>
      <trkpt lat="42.915526209399104" lon="-1.818195646628737">
        <ele>505.45001221000001</ele>
      </trkpt>
      <trkpt lat="42.915524616837502" lon="-1.818193048238754">
        <ele>505.45001221000001</ele>
      </trkpt>
      <trkpt lat="42.91541020385921" lon="-1.818003868684173">
        <ele>506.75</ele>
      </trkpt>
      <trkpt lat="42.915408611297607" lon="-1.81800127029419">
        <ele>506.75</ele>
      </trkpt>
      <trkpt lat="42.915406515821815" lon="-1.81799883954227">
        <ele>506.75</ele>
      </trkpt>
      <trkpt lat="42.915269136428833" lon="-1.817840337753296">
        <ele>507.48001098999998</ele>
      </trkpt>
      <trkpt lat="42.915131757035851" lon="-1.817681835964322">
        <ele>508.25</ele>
      </trkpt>
      <trkpt lat="42.915129661560059" lon="-1.817679405212402">
        <ele>508.36999512</ele>
      </trkpt>
      <trkpt lat="42.915120609104633" lon="-1.817671526223421">
        <ele>508.36999512</ele>
      </trkpt>
      <trkpt lat="42.914968729019165" lon="-1.817539930343628">
        <ele>508.73001098999998</ele>
      </trkpt>
      <trkpt lat="42.914816848933697" lon="-1.817408334463835">
        <ele>509.27999878000003</ele>
      </trkpt>
      <trkpt lat="42.914807796478271" lon="-1.817400455474854">
        <ele>509.27999878000003</ele>
      </trkpt>
      <trkpt lat="42.91480771265924" lon="-1.817400371655822">
        <ele>509.27999878000003</ele>
      </trkpt>
      <trkpt lat="42.914679134264588" lon="-1.817228877916932">
        <ele>510.39999390000003</ele>
      </trkpt>
      <trkpt lat="42.914679050445557" lon="-1.8172287940979">
        <ele>510.39999390000003</ele>
      </trkpt>
      <trkpt lat="42.914571762084961" lon="-1.817121505737305">
        <ele>511.41000365999997</ele>
      </trkpt>
      <trkpt lat="42.914557931944728" lon="-1.817107172682881">
        <ele>511.10000609999997</ele>
      </trkpt>
      <trkpt lat="42.914414601400495" lon="-1.816958812996745">
        <ele>512.59997558999999</ele>
      </trkpt>
      <trkpt lat="42.914271354675293" lon="-1.816810369491577">
        <ele>514.25</ele>
      </trkpt>
      <trkpt lat="42.914128107950091" lon="-1.816661925986409">
        <ele>515.44000243999994</ele>
      </trkpt>
      <trkpt lat="42.913984777405858" lon="-1.816513566300273">
        <ele>516.88000488</ele>
      </trkpt>
      <trkpt lat="42.913970947265625" lon="-1.81649923324585">
        <ele>516.95001220999995</ele>
      </trkpt>
      <trkpt lat="42.913927026093006" lon="-1.816443409770727">
        <ele>517.36999512</ele>
      </trkpt>
      <trkpt lat="42.913882182911038" lon="-1.816328493878245">
        <ele>518.20001220999995</ele>
      </trkpt>
      <trkpt lat="42.913851588964462" lon="-1.816255822777748">
        <ele>519.86999512</ele>
      </trkpt>
      <trkpt lat="42.913827700540423" lon="-1.816182313486934">
        <ele>522.42999268000005</ele>
      </trkpt>
      <trkpt lat="42.913754777982831" lon="-1.815958181396127">
        <ele>522.88000488</ele>
      </trkpt>
      <trkpt lat="42.91368193924427" lon="-1.815734133124352">
        <ele>523.84002685999997</ele>
      </trkpt>
      <trkpt lat="42.91360910050571" lon="-1.815510084852576">
        <ele>524.42999268000005</ele>
      </trkpt>
      <trkpt lat="42.913536177948117" lon="-1.815286036580801">
        <ele>525.75</ele>
      </trkpt>
      <trkpt lat="42.913463339209557" lon="-1.815061988309026">
        <ele>526.78002930000002</ele>
      </trkpt>
      <trkpt lat="42.913390416651964" lon="-1.814837940037251">
        <ele>527.98999022999999</ele>
      </trkpt>
      <trkpt lat="42.913366528227925" lon="-1.814764430746436">
        <ele>527.75</ele>
      </trkpt>
      <trkpt lat="42.913352278992534" lon="-1.814724449068308">
        <ele>527.78997803000004</ele>
      </trkpt>
      <trkpt lat="42.913273572921753" lon="-1.814504088833928">
        <ele>528.44000243999994</ele>
      </trkpt>
      <trkpt lat="42.913194950670004" lon="-1.814283728599548">
        <ele>529.69000243999994</ele>
      </trkpt>
      <trkpt lat="42.913116244599223" lon="-1.814063368365169">
        <ele>531.09997558999999</ele>
      </trkpt>
      <trkpt lat="42.913037538528442" lon="-1.813843008130789">
        <ele>531.97998046999999</ele>
      </trkpt>
      <trkpt lat="42.913023289293051" lon="-1.813803026452661">
        <ele>531.96002196999996</ele>
      </trkpt>
      <trkpt lat="42.913007196038961" lon="-1.813748795539141">
        <ele>532.15002441000001</ele>
      </trkpt>
      <trkpt lat="42.912939805537462" lon="-1.81352156214416">
        <ele>532.75</ele>
      </trkpt>
      <trkpt lat="42.912872331216931" lon="-1.813294412568212">
        <ele>533.23999022999999</ele>
      </trkpt>
      <trkpt lat="42.912856237962842" lon="-1.813240181654692">
        <ele>533.46997069999998</ele>
      </trkpt>
      <trkpt lat="42.912856237962842" lon="-1.813134653493762">
        <ele>533.78997803000004</ele>
      </trkpt>
      <trkpt lat="42.912874594330788" lon="-1.813112106174231">
        <ele>533.92999268000005</ele>
      </trkpt>
      <trkpt lat="42.913008537143469" lon="-1.812948239967227">
        <ele>535.20001220999995</ele>
      </trkpt>
      <trkpt lat="42.913142396137118" lon="-1.812784373760223">
        <ele>537.69000243999994</ele>
      </trkpt>
      <trkpt lat="42.913160752505064" lon="-1.812761826440692">
        <ele>538.10998534999999</ele>
      </trkpt>
      <trkpt lat="42.913174163550138" lon="-1.812624614685774">
        <ele>539.59997558999999</ele>
      </trkpt>
      <trkpt lat="42.91314298287034" lon="-1.81256384588778">
        <ele>539.80999756000006</ele>
      </trkpt>
      <trkpt lat="42.913040053099394" lon="-1.812362931668758">
        <ele>540.38000488</ele>
      </trkpt>
      <trkpt lat="42.913008872419596" lon="-1.812302162870765">
        <ele>540.5</ele>
      </trkpt>
      <trkpt lat="42.912986408919096" lon="-1.812173165380955">
        <ele>540.84997558999999</ele>
      </trkpt>
      <trkpt lat="42.912929831072688" lon="-1.812082976102829">
        <ele>539.03002930000002</ele>
      </trkpt>
      <trkpt lat="42.912983726710081" lon="-1.811918774619699">
        <ele>540.07000731999995</ele>
      </trkpt>
      <trkpt lat="42.912966208532453" lon="-1.811896059662104">
        <ele>540.16998291000004</ele>
      </trkpt>
      <trkpt lat="42.912835702300072" lon="-1.811727164313197">
        <ele>539.10998534999999</ele>
      </trkpt>
      <trkpt lat="42.912705279886723" lon="-1.811558185145259">
        <ele>536.04998779000005</ele>
      </trkpt>
      <trkpt lat="42.912574857473373" lon="-1.811389289796352">
        <ele>532.57000731999995</ele>
      </trkpt>
      <trkpt lat="42.912444351240993" lon="-1.811220394447446">
        <ele>528.27001953000001</ele>
      </trkpt>
      <trkpt lat="42.912426833063364" lon="-1.811197679489851">
        <ele>527.69000243999994</ele>
      </trkpt>
      <trkpt lat="42.912399843335152" lon="-1.811115620657802">
        <ele>526.27001953000001</ele>
      </trkpt>
      <trkpt lat="42.912438148632646" lon="-1.811018390581012">
        <ele>525.79998779000005</ele>
      </trkpt>
      <trkpt lat="42.912523224949837" lon="-1.810802472755313">
        <ele>524.96002196999996</ele>
      </trkpt>
      <trkpt lat="42.912561530247331" lon="-1.810705242678523">
        <ele>524.80999756000006</ele>
      </trkpt>
      <trkpt lat="42.912575025111437" lon="-1.810570461675525">
        <ele>524.71997069999998</ele>
      </trkpt>
      <trkpt lat="42.912556165829301" lon="-1.81048178113997">
        <ele>524.63000488</ele>
      </trkpt>
      <trkpt lat="42.91250629350543" lon="-1.810246417298913">
        <ele>524.29998779000005</ele>
      </trkpt>
      <trkpt lat="42.912456337362528" lon="-1.810011053457856">
        <ele>524.41998291000004</ele>
      </trkpt>
      <trkpt lat="42.912406381219625" lon="-1.809775605797768">
        <ele>523.63000488</ele>
      </trkpt>
      <trkpt lat="42.912356425076723" lon="-1.809540241956711">
        <ele>522.89001465000001</ele>
      </trkpt>
      <trkpt lat="42.912306468933821" lon="-1.809304878115654">
        <ele>523.65997314000003</ele>
      </trkpt>
      <trkpt lat="42.912287609651685" lon="-1.809216197580099">
        <ele>522.88000488</ele>
      </trkpt>
      <trkpt lat="42.912281574681401" lon="-1.80920010432601">
        <ele>521.90997314000003</ele>
      </trkpt>
      <trkpt lat="42.91219943203032" lon="-1.808982091024518">
        <ele>520.78002930000002</ele>
      </trkpt>
      <trkpt lat="42.912117289379239" lon="-1.808764077723026">
        <ele>519.53002930000002</ele>
      </trkpt>
      <trkpt lat="42.912035146728158" lon="-1.808546064421535">
        <ele>518.61999512</ele>
      </trkpt>
      <trkpt lat="42.911953004077077" lon="-1.808327967301011">
        <ele>517.70001220999995</ele>
      </trkpt>
      <trkpt lat="42.911870861425996" lon="-1.808109953999519">
        <ele>517.04998779000005</ele>
      </trkpt>
      <trkpt lat="42.911788634955883" lon="-1.807891940698028">
        <ele>516.02001953000001</ele>
      </trkpt>
      <trkpt lat="42.911706492304802" lon="-1.807673927396536">
        <ele>514.88000488</ele>
      </trkpt>
      <trkpt lat="42.911624349653721" lon="-1.807455914095044">
        <ele>513.76000977000001</ele>
      </trkpt>
      <trkpt lat="42.911618314683437" lon="-1.807439820840955">
        <ele>513.76000977000001</ele>
      </trkpt>
      <trkpt lat="42.911605322733521" lon="-1.807417441159487">
        <ele>513.48999022999999</ele>
      </trkpt>
      <trkpt lat="42.911503314971924" lon="-1.807379722595215">
        <ele>511.35000609999997</ele>
      </trkpt>
      <trkpt lat="42.911460399627686" lon="-1.807401180267334">
        <ele>510.61999512</ele>
      </trkpt>
      <trkpt lat="42.911388147622347" lon="-1.807457925751805">
        <ele>508.91000365999997</ele>
      </trkpt>
      <trkpt lat="42.911232244223356" lon="-1.807580469176173">
        <ele>505.83999634000003</ele>
      </trkpt>
      <trkpt lat="42.911159992218018" lon="-1.807637214660645">
        <ele>504.5</ele>
      </trkpt>
      <trkpt lat="42.911117076873779" lon="-1.807637214660645">
        <ele>504.11999512</ele>
      </trkpt>
      <trkpt lat="42.911074161529541" lon="-1.807594299316406">
        <ele>503.64001465000001</ele>
      </trkpt>
      <trkpt lat="42.911031749099493" lon="-1.807488268241286">
        <ele>503.17999268</ele>
      </trkpt>
      <trkpt lat="42.910945666953921" lon="-1.807273020967841">
        <ele>502.92001342999998</ele>
      </trkpt>
      <trkpt lat="42.91085958480835" lon="-1.807057857513428">
        <ele>502.79000853999997</ele>
      </trkpt>
      <trkpt lat="42.910773502662778" lon="-1.806842694059014">
        <ele>502.08999634000003</ele>
      </trkpt>
      <trkpt lat="42.910687420517206" lon="-1.806627446785569">
        <ele>501.48001098999998</ele>
      </trkpt>
      <trkpt lat="42.910645008087158" lon="-1.806521415710449">
        <ele>501.19000244</ele>
      </trkpt>
      <trkpt lat="42.91060209274292" lon="-1.806478500366211">
        <ele>500.97000121999997</ele>
      </trkpt>
      <trkpt lat="42.910559177398682" lon="-1.806457042694092">
        <ele>501.05999756</ele>
      </trkpt>
      <trkpt lat="42.910559177398682" lon="-1.8062424659729">
        <ele>500.89999390000003</ele>
      </trkpt>
      <trkpt lat="42.910559177398682" lon="-1.8062424659729">
        <ele>500.89999390000003</ele>
      </trkpt>
      <trkpt lat="42.910516262054443" lon="-1.806178092956543">
        <ele>500.64001465000001</ele>
      </trkpt>
      <trkpt lat="42.910451889038086" lon="-1.806049346923828">
        <ele>500.29000853999997</ele>
      </trkpt>
      <trkpt lat="42.910422552376986" lon="-1.805961253121495">
        <ele>499.92999268</ele>
      </trkpt>
      <trkpt lat="42.910348121076822" lon="-1.805738126859069">
        <ele>499.51998901000002</ele>
      </trkpt>
      <trkpt lat="42.910273773595691" lon="-1.805515000596643">
        <ele>499.14999390000003</ele>
      </trkpt>
      <trkpt lat="42.910199426114559" lon="-1.805291874334216">
        <ele>498.75</ele>
      </trkpt>
      <trkpt lat="42.910124994814396" lon="-1.80506874807179">
        <ele>498.39001465000001</ele>
      </trkpt>
      <trkpt lat="42.910050647333264" lon="-1.804845621809363">
        <ele>498.01998901000002</ele>
      </trkpt>
      <trkpt lat="42.909976299852133" lon="-1.804622495546937">
        <ele>497.66000365999997</ele>
      </trkpt>
      <trkpt lat="42.90990186855197" lon="-1.804399369284511">
        <ele>497.29000853999997</ele>
      </trkpt>
      <trkpt lat="42.909872531890869" lon="-1.804311275482178">
        <ele>497.16000365999997</ele>
      </trkpt>
      <trkpt lat="42.909869598224759" lon="-1.804303480312228">
        <ele>497.08999634000003</ele>
      </trkpt>
      <trkpt lat="42.909786701202393" lon="-1.804085969924927">
        <ele>496.76000977000001</ele>
      </trkpt>
      <trkpt lat="42.909703804180026" lon="-1.803868459537625">
        <ele>496.41000365999997</ele>
      </trkpt>
      <trkpt lat="42.909700870513916" lon="-1.803860664367676">
        <ele>496.51998901000002</ele>
      </trkpt>
      <trkpt lat="42.909678323194385" lon="-1.803817581385374">
        <ele>496.42999268</ele>
      </trkpt>
      <trkpt lat="42.909700870513916" lon="-1.803860664367676">
        <ele>496.51998901000002</ele>
      </trkpt>
      <trkpt lat="42.909662816673517" lon="-1.803787909448147">
        <ele>496.29000853999997</ele>
      </trkpt>
      <trkpt lat="42.909558461979032" lon="-1.803588252514601">
        <ele>495.86999512</ele>
      </trkpt>
      <trkpt lat="42.909454107284546" lon="-1.803388595581055">
        <ele>495.45001221000001</ele>
      </trkpt>
      <trkpt lat="42.90934975259006" lon="-1.803188938647509">
        <ele>495.01000977000001</ele>
      </trkpt>
      <trkpt lat="42.909245397895575" lon="-1.802989281713963">
        <ele>494.61999512</ele>
      </trkpt>
      <trkpt lat="42.909207344055176" lon="-1.802916526794434">
        <ele>494.51000977000001</ele>
      </trkpt>
      <trkpt lat="42.909162836149335" lon="-1.802834300324321">
        <ele>494.35000609999997</ele>
      </trkpt>
      <trkpt lat="42.909055966883898" lon="-1.802637074142695">
        <ele>493.89999390000003</ele>
      </trkpt>
      <trkpt lat="42.908949181437492" lon="-1.802439847961068">
        <ele>493.60000609999997</ele>
      </trkpt>
      <trkpt lat="42.908842312172055" lon="-1.802242621779442">
        <ele>493.19000244</ele>
      </trkpt>
      <trkpt lat="42.90873552672565" lon="-1.802045395597816">
        <ele>493.35998534999999</ele>
      </trkpt>
      <trkpt lat="42.908628657460213" lon="-1.801848253235221">
        <ele>492.60000609999997</ele>
      </trkpt>
      <trkpt lat="42.908521872013807" lon="-1.801651027053595">
        <ele>492.10998534999999</ele>
      </trkpt>
      <trkpt lat="42.90841500274837" lon="-1.801453800871968">
        <ele>491.73999022999999</ele>
      </trkpt>
      <trkpt lat="42.908370494842529" lon="-1.801371574401856">
        <ele>491.69000244</ele>
      </trkpt>
      <trkpt lat="42.908364459872246" lon="-1.801360007375479">
        <ele>491.64001465000001</ele>
      </trkpt>
      <trkpt lat="42.908259518444538" lon="-1.801160937175155">
        <ele>491.29000853999997</ele>
      </trkpt>
      <trkpt lat="42.908154660835862" lon="-1.800961783155799">
        <ele>491.04000853999997</ele>
      </trkpt>
      <trkpt lat="42.908049803227186" lon="-1.800762629136443">
        <ele>490.66000365999997</ele>
      </trkpt>
      <trkpt lat="42.907944861799479" lon="-1.800563475117087">
        <ele>490.39999390000003</ele>
      </trkpt>
      <trkpt lat="42.907840004190803" lon="-1.800364321097732">
        <ele>489.98999022999999</ele>
      </trkpt>
      <trkpt lat="42.907735062763095" lon="-1.800165250897408">
        <ele>489.57998657000002</ele>
      </trkpt>
      <trkpt lat="42.907630205154419" lon="-1.799966096878052">
        <ele>489.23001098999998</ele>
      </trkpt>
      <trkpt lat="42.907525347545743" lon="-1.799766942858696">
        <ele>488.91000365999997</ele>
      </trkpt>
      <trkpt lat="42.907420406118035" lon="-1.79956778883934">
        <ele>488.48999022999999</ele>
      </trkpt>
      <trkpt lat="42.907315548509359" lon="-1.799368634819984">
        <ele>488.10000609999997</ele>
      </trkpt>
      <trkpt lat="42.907210690900683" lon="-1.79916956461966">
        <ele>487.76998901000002</ele>
      </trkpt>
      <trkpt lat="42.907105749472976" lon="-1.798970410600305">
        <ele>487.30999756</ele>
      </trkpt>
      <trkpt lat="42.9070008918643" lon="-1.798771256580949">
        <ele>486.94000244</ele>
      </trkpt>
      <trkpt lat="42.906895950436592" lon="-1.798572186380625">
        <ele>486.64999390000003</ele>
      </trkpt>
      <trkpt lat="42.906889915466309" lon="-1.798560619354248">
        <ele>486.64999390000003</ele>
      </trkpt>
      <trkpt lat="42.906838869675994" lon="-1.798473866656423">
        <ele>486.57998657000002</ele>
      </trkpt>
      <trkpt lat="42.906726384535432" lon="-1.798282591626048">
        <ele>486.10998534999999</ele>
      </trkpt>
      <trkpt lat="42.906675338745117" lon="-1.798195838928223">
        <ele>485.95999146000003</ele>
      </trkpt>
      <trkpt lat="42.906635608524084" lon="-1.798148145899177">
        <ele>485.82000732</ele>
      </trkpt>
      <trkpt lat="42.906500492244959" lon="-1.797986039891839">
        <ele>485.41000365999997</ele>
      </trkpt>
      <trkpt lat="42.906460762023926" lon="-1.797938346862793">
        <ele>485.20001221000001</ele>
      </trkpt>
      <trkpt lat="42.906396640464664" lon="-1.797855533659458">
        <ele>485</ele>
      </trkpt>
      <trkpt lat="42.906266134232283" lon="-1.797686722129583">
        <ele>484.51000977000001</ele>
      </trkpt>
      <trkpt lat="42.90613554418087" lon="-1.79751799441874">
        <ele>484.14001465000001</ele>
      </trkpt>
      <trkpt lat="42.906005037948489" lon="-1.797349266707897">
        <ele>483.77999878000003</ele>
      </trkpt>
      <trkpt lat="42.905874531716108" lon="-1.797180538997054">
        <ele>483.44000244</ele>
      </trkpt>
      <trkpt lat="42.905743941664696" lon="-1.797011811286211">
        <ele>482.92001342999998</ele>
      </trkpt>
      <trkpt lat="42.905613435432315" lon="-1.796842999756336">
        <ele>482.54000853999997</ele>
      </trkpt>
      <trkpt lat="42.905549313873053" lon="-1.796760186553001">
        <ele>482.32000732</ele>
      </trkpt>
      <trkpt lat="42.905516875907779" lon="-1.796718277037144">
        <ele>482.23999022999999</ele>
      </trkpt>
      <trkpt lat="42.905386369675398" lon="-1.796549549326301">
        <ele>481.79000853999997</ele>
      </trkpt>
      <trkpt lat="42.905255779623985" lon="-1.796380737796426">
        <ele>481.42001342999998</ele>
      </trkpt>
      <trkpt lat="42.905125273391604" lon="-1.796212010085583">
        <ele>481.04000853999997</ele>
      </trkpt>
      <trkpt lat="42.904994767159224" lon="-1.79604328237474">
        <ele>480.64999390000003</ele>
      </trkpt>
      <trkpt lat="42.904864177107811" lon="-1.795874470844865">
        <ele>480.25</ele>
      </trkpt>
      <trkpt lat="42.90473367087543" lon="-1.795705743134022">
        <ele>479.86999512</ele>
      </trkpt>
      <trkpt lat="42.904701232910156" lon="-1.795663833618164">
        <ele>479.70001221000001</ele>
      </trkpt>
      <trkpt lat="42.904695281758904" lon="-1.79565628990531">
        <ele>479.51998901000002</ele>
      </trkpt>
      <trkpt lat="42.904564188793302" lon="-1.795488400384784">
        <ele>479.42001342999998</ele>
      </trkpt>
      <trkpt lat="42.904433012008667" lon="-1.795320510864258">
        <ele>478.95999146000003</ele>
      </trkpt>
      <trkpt lat="42.904301835224032" lon="-1.795152621343732">
        <ele>478.57998657000002</ele>
      </trkpt>
      <trkpt lat="42.90417074225843" lon="-1.794984731823206">
        <ele>478.17999268</ele>
      </trkpt>
      <trkpt lat="42.904164791107178" lon="-1.794977188110352">
        <ele>478.66000365999997</ele>
      </trkpt>
      <trkpt lat="42.904078960418701" lon="-1.794891357421875">
        <ele>470.19000244</ele>
      </trkpt>
      <trkpt lat="42.904036045074463" lon="-1.794826984405518">
        <ele>469.85998534999999</ele>
      </trkpt>
      <trkpt lat="42.904024226590991" lon="-1.794811896979809">
        <ele>469.72000121999997</ele>
      </trkpt>
      <trkpt lat="42.90389271453023" lon="-1.794644594192505">
        <ele>467.66000365999997</ele>
      </trkpt>
      <trkpt lat="42.903761202469468" lon="-1.794477207586169">
        <ele>467.70999146000003</ele>
      </trkpt>
      <trkpt lat="42.903629690408707" lon="-1.794309820979834">
        <ele>467.64001465000001</ele>
      </trkpt>
      <trkpt lat="42.903498262166977" lon="-1.79414251819253">
        <ele>467.38000488</ele>
      </trkpt>
      <trkpt lat="42.903366750106215" lon="-1.793975131586194">
        <ele>467.92999268</ele>
      </trkpt>
      <trkpt lat="42.903235238045454" lon="-1.793807744979858">
        <ele>467.95001221000001</ele>
      </trkpt>
      <trkpt lat="42.903103725984693" lon="-1.793640358373523">
        <ele>471.14001465000001</ele>
      </trkpt>
      <trkpt lat="42.903091907501221" lon="-1.793625354766846">
        <ele>472.51000977000001</ele>
      </trkpt>
      <trkpt lat="42.903088051825762" lon="-1.793620744720101">
        <ele>472.51000977000001</ele>
      </trkpt>
      <trkpt lat="42.902953773736954" lon="-1.793457549065352">
        <ele>478.39001465000001</ele>
      </trkpt>
      <trkpt lat="42.902949918061495" lon="-1.793452939018607">
        <ele>478.45999146000003</ele>
      </trkpt>
      <trkpt lat="42.902922006323934" lon="-1.793419076129794">
        <ele>478.45001221000001</ele>
      </trkpt>
      <trkpt lat="42.902787644416094" lon="-1.793255964294076">
        <ele>478.54998778999999</ele>
      </trkpt>
      <trkpt lat="42.902653366327286" lon="-1.793092768639326">
        <ele>478.63000488</ele>
      </trkpt>
      <trkpt lat="42.902519004419446" lon="-1.792929656803608">
        <ele>478.95001221000001</ele>
      </trkpt>
      <trkpt lat="42.902491092681885" lon="-1.792895793914795">
        <ele>478.86999512</ele>
      </trkpt>
      <trkpt lat="42.902461923658848" lon="-1.792857404798269">
        <ele>479.19000244</ele>
      </trkpt>
      <trkpt lat="42.902332590892911" lon="-1.792687000706792">
        <ele>480.48001098999998</ele>
      </trkpt>
      <trkpt lat="42.902203258126974" lon="-1.792516596615315">
        <ele>480.01998901000002</ele>
      </trkpt>
      <trkpt lat="42.902073925361037" lon="-1.792346108704805">
        <ele>481.52999878000003</ele>
      </trkpt>
      <trkpt lat="42.901944508776069" lon="-1.792175704613328">
        <ele>481.76000977000001</ele>
      </trkpt>
      <trkpt lat="42.901815176010132" lon="-1.792005300521851">
        <ele>481.07998657000002</ele>
      </trkpt>
      <trkpt lat="42.901685843244195" lon="-1.791834896430373">
        <ele>480.97000121999997</ele>
      </trkpt>
      <trkpt lat="42.901556426659226" lon="-1.791664492338896">
        <ele>480.98001098999998</ele>
      </trkpt>
      <trkpt lat="42.90142709389329" lon="-1.791494004428387">
        <ele>481.26998901000002</ele>
      </trkpt>
      <trkpt lat="42.901297761127353" lon="-1.791323600336909">
        <ele>481.27999878000003</ele>
      </trkpt>
      <trkpt lat="42.901168428361416" lon="-1.791153196245432">
        <ele>481.66000365999997</ele>
      </trkpt>
      <trkpt lat="42.901139259338379" lon="-1.791114807128906">
        <ele>481.79000853999997</ele>
      </trkpt>
      <trkpt lat="42.901135152205825" lon="-1.791109777987003">
        <ele>481.79000853999997</ele>
      </trkpt>
      <trkpt lat="42.901001460850239" lon="-1.790945660322905">
        <ele>482.29998778999999</ele>
      </trkpt>
      <trkpt lat="42.900867769494653" lon="-1.790781542658806">
        <ele>482.95999146000003</ele>
      </trkpt>
      <trkpt lat="42.900734078139067" lon="-1.790617508813739">
        <ele>483.58999634000003</ele>
      </trkpt>
      <trkpt lat="42.900600302964449" lon="-1.79045339114964">
        <ele>484.23999022999999</ele>
      </trkpt>
      <trkpt lat="42.900466611608863" lon="-1.790289273485541">
        <ele>485.14001465000001</ele>
      </trkpt>
      <trkpt lat="42.900332920253277" lon="-1.790125239640474">
        <ele>486.04998778999999</ele>
      </trkpt>
      <trkpt lat="42.900199228897691" lon="-1.789961121976376">
        <ele>486.41000365999997</ele>
      </trkpt>
      <trkpt lat="42.900195121765137" lon="-1.789956092834473">
        <ele>486.48999022999999</ele>
      </trkpt>
      <trkpt lat="42.900178944692016" lon="-1.789930695667863">
        <ele>486.45001221000001</ele>
      </trkpt>
      <trkpt lat="42.900061095133424" lon="-1.789745455607772">
        <ele>486.51998901000002</ele>
      </trkpt>
      <trkpt lat="42.900044918060303" lon="-1.789720058441162">
        <ele>486.51000977000001</ele>
      </trkpt>
      <trkpt lat="42.899999907240272" lon="-1.789604220539331">
        <ele>486.69000244</ele>
      </trkpt>
      <trkpt lat="42.899989429861307" lon="-1.789577314630151">
        <ele>486.75</ele>
      </trkpt>
      <trkpt lat="42.899905191734433" lon="-1.789360726252198">
        <ele>487.20999146000003</ele>
      </trkpt>
      <trkpt lat="42.899894714355469" lon="-1.789333820343018">
        <ele>487.41000365999997</ele>
      </trkpt>
      <trkpt lat="42.899872502312064" lon="-1.789267268031836">
        <ele>487.54998778999999</ele>
      </trkpt>
      <trkpt lat="42.899798154830933" lon="-1.789044141769409">
        <ele>488.01998901000002</ele>
      </trkpt>
      <trkpt lat="42.899723807349801" lon="-1.788821015506983">
        <ele>488.33999634000003</ele>
      </trkpt>
      <trkpt lat="42.899701595306396" lon="-1.788754463195801">
        <ele>488.41000365999997</ele>
      </trkpt>
      <trkpt lat="42.899699751287699" lon="-1.788747925311327">
        <ele>488.45999146000003</ele>
      </trkpt>
      <trkpt lat="42.899636132642627" lon="-1.788518847897649">
        <ele>488.69000244</ele>
      </trkpt>
      <trkpt lat="42.899572513997555" lon="-1.788289686664939">
        <ele>489.14001465000001</ele>
      </trkpt>
      <trkpt lat="42.899508811533451" lon="-1.788060525432229">
        <ele>489.48999022999999</ele>
      </trkpt>
      <trkpt lat="42.899445192888379" lon="-1.787831364199519">
        <ele>489.86999512</ele>
      </trkpt>
      <trkpt lat="42.899381574243307" lon="-1.787602286785841">
        <ele>490.51000977000001</ele>
      </trkpt>
      <trkpt lat="42.899379730224609" lon="-1.787595748901367">
        <ele>490.51000977000001</ele>
      </trkpt>
      <trkpt lat="42.899362379685044" lon="-1.787536153569818">
        <ele>490.58999634000003</ele>
      </trkpt>
      <trkpt lat="42.899295911192894" lon="-1.787308417260647">
        <ele>490.98001098999998</ele>
      </trkpt>
      <trkpt lat="42.899229526519775" lon="-1.787080764770508">
        <ele>491.23999022999999</ele>
      </trkpt>
      <trkpt lat="42.899163141846657" lon="-1.786853112280369">
        <ele>491.57998657000002</ele>
      </trkpt>
      <trkpt lat="42.899096673354506" lon="-1.786625375971198">
        <ele>492.01998901000002</ele>
      </trkpt>
      <trkpt lat="42.899079322814941" lon="-1.786565780639648">
        <ele>492.14001465000001</ele>
      </trkpt>
      <trkpt lat="42.8990763053298" lon="-1.78655756637454">
        <ele>492.14001465000001</ele>
      </trkpt>
      <trkpt lat="42.898996509611607" lon="-1.786337960511446">
        <ele>492.64001465000001</ele>
      </trkpt>
      <trkpt lat="42.898993492126465" lon="-1.786329746246338">
        <ele>492.64001465000001</ele>
      </trkpt>
      <trkpt lat="42.898941691964865" lon="-1.786226145923138">
        <ele>492.85000609999997</ele>
      </trkpt>
      <trkpt lat="42.898993492126465" lon="-1.786329746246338">
        <ele>492.64001465000001</ele>
      </trkpt>
      <trkpt lat="42.898958288133144" lon="-1.786259338259697">
        <ele>492.76000977000001</ele>
      </trkpt>
      <trkpt lat="42.898857034742832" lon="-1.786056831479073">
        <ele>493.29000853999997</ele>
      </trkpt>
      <trkpt lat="42.898821830749512" lon="-1.785986423492432">
        <ele>493.42001342999998</ele>
      </trkpt>
      <trkpt lat="42.898736000061035" lon="-1.785857677459717">
        <ele>493.79000853999997</ele>
      </trkpt>
      <trkpt lat="42.898705741390586" lon="-1.785815013572574">
        <ele>493.91000365999997</ele>
      </trkpt>
      <trkpt lat="42.898580683395267" lon="-1.785638742148876">
        <ele>494.36999512</ele>
      </trkpt>
      <trkpt lat="42.898455709218979" lon="-1.785462470725179">
        <ele>494.76000977000001</ele>
      </trkpt>
      <trkpt lat="42.89833065122366" lon="-1.785286199301481">
        <ele>495.14999390000003</ele>
      </trkpt>
      <trkpt lat="42.89820559322834" lon="-1.785109927877784">
        <ele>495.54000853999997</ele>
      </trkpt>
      <trkpt lat="42.898080535233021" lon="-1.784933656454086">
        <ele>495.88000488</ele>
      </trkpt>
      <trkpt lat="42.897955561056733" lon="-1.784757385030389">
        <ele>496.17999268</ele>
      </trkpt>
      <trkpt lat="42.897830503061414" lon="-1.784581113606691">
        <ele>496.45001221000001</ele>
      </trkpt>
      <trkpt lat="42.897705445066094" lon="-1.784404842182994">
        <ele>496.76998901000002</ele>
      </trkpt>
      <trkpt lat="42.897580387070775" lon="-1.784228570759296">
        <ele>497.20999146000003</ele>
      </trkpt>
      <trkpt lat="42.897455412894487" lon="-1.784052299335599">
        <ele>497.57998657000002</ele>
      </trkpt>
      <trkpt lat="42.897330354899168" lon="-1.783876027911902">
        <ele>498</ele>
      </trkpt>
      <trkpt lat="42.897205296903849" lon="-1.783699756488204">
        <ele>498.67001342999998</ele>
      </trkpt>
      <trkpt lat="42.897080238908529" lon="-1.783523485064507">
        <ele>499.17001342999998</ele>
      </trkpt>
      <trkpt lat="42.89695518091321" lon="-1.783347297459841">
        <ele>499.70001221000001</ele>
      </trkpt>
      <trkpt lat="42.896830206736922" lon="-1.783171026036143">
        <ele>500.04998778999999</ele>
      </trkpt>
      <trkpt lat="42.896705148741603" lon="-1.782994754612446">
        <ele>500.38000488</ele>
      </trkpt>
      <trkpt lat="42.896674890071154" lon="-1.782952090725303">
        <ele>500.64999390000003</ele>
      </trkpt>
      <trkpt lat="42.896660640835762" lon="-1.782931974157691">
        <ele>500.61999512</ele>
      </trkpt>
      <trkpt lat="42.896535582840443" lon="-1.782755702733994">
        <ele>500.94000244</ele>
      </trkpt>
      <trkpt lat="42.896410608664155" lon="-1.782579431310296">
        <ele>501.25</ele>
      </trkpt>
      <trkpt lat="42.896285550668836" lon="-1.782403159886599">
        <ele>501.5</ele>
      </trkpt>
      <trkpt lat="42.896160492673516" lon="-1.782226888462901">
        <ele>501.89999390000003</ele>
      </trkpt>
      <trkpt lat="42.896035434678197" lon="-1.782050617039204">
        <ele>502.26000977000001</ele>
      </trkpt>
      <trkpt lat="42.895910460501909" lon="-1.781874429434538">
        <ele>502.73999022999999</ele>
      </trkpt>
      <trkpt lat="42.89578540250659" lon="-1.78169815801084">
        <ele>503.29000853999997</ele>
      </trkpt>
      <trkpt lat="42.895660344511271" lon="-1.781521886587143">
        <ele>504.14001465000001</ele>
      </trkpt>
      <trkpt lat="42.895646095275879" lon="-1.781501770019531">
        <ele>504.26000977000001</ele>
      </trkpt>
      <trkpt lat="42.895643077790737" lon="-1.781495735049248">
        <ele>504.26000977000001</ele>
      </trkpt>
      <trkpt lat="42.895541824400425" lon="-1.781293228268623">
        <ele>505.70999146000003</ele>
      </trkpt>
      <trkpt lat="42.895538806915283" lon="-1.78128719329834">
        <ele>505.70999146000003</ele>
      </trkpt>
      <trkpt lat="42.895471584051847" lon="-1.781219970434904">
        <ele>505.85998534999999</ele>
      </trkpt>
      <trkpt lat="42.89532657712698" lon="-1.781074712052941">
        <ele>505.79998778999999</ele>
      </trkpt>
      <trkpt lat="42.895181570202112" lon="-1.78092953749001">
        <ele>505.64999390000003</ele>
      </trkpt>
      <trkpt lat="42.895036563277245" lon="-1.780784362927079">
        <ele>505.61999512</ele>
      </trkpt>
      <trkpt lat="42.894891472533345" lon="-1.780639188364148">
        <ele>505.89001465000001</ele>
      </trkpt>
      <trkpt lat="42.894746465608478" lon="-1.780494013801217">
        <ele>506.17999268</ele>
      </trkpt>
      <trkpt lat="42.89460145868361" lon="-1.780348839238286">
        <ele>506.57000732</ele>
      </trkpt>
      <trkpt lat="42.894456367939711" lon="-1.780203664675355">
        <ele>506.94000244</ele>
      </trkpt>
      <trkpt lat="42.894311361014843" lon="-1.780058406293392">
        <ele>507.39001465000001</ele>
      </trkpt>
      <trkpt lat="42.894166354089975" lon="-1.779913231730461">
        <ele>507.75</ele>
      </trkpt>
      <trkpt lat="42.89409913122654" lon="-1.779846008867025">
        <ele>507.85998534999999</ele>
      </trkpt>
      <trkpt lat="42.894097119569778" lon="-1.779843913391233">
        <ele>507.95001221000001</ele>
      </trkpt>
      <trkpt lat="42.893953789025545" lon="-1.779695637524128">
        <ele>508.35998534999999</ele>
      </trkpt>
      <trkpt lat="42.893810458481312" lon="-1.779547361657023">
        <ele>508.70001221000001</ele>
      </trkpt>
      <trkpt lat="42.893667127937078" lon="-1.779399085789919">
        <ele>509.10000609999997</ele>
      </trkpt>
      <trkpt lat="42.893523797392845" lon="-1.779250809922814">
        <ele>509.5</ele>
      </trkpt>
      <trkpt lat="42.893521785736084" lon="-1.779248714447022">
        <ele>509.5</ele>
      </trkpt>
      <trkpt lat="42.89349228143692" lon="-1.779216108843684">
        <ele>509.66000365999997</ele>
      </trkpt>
      <trkpt lat="42.893352471292019" lon="-1.779061630368233">
        <ele>510.01998901000002</ele>
      </trkpt>
      <trkpt lat="42.893212661147118" lon="-1.778907151892781">
        <ele>510.52999878000003</ele>
      </trkpt>
      <trkpt lat="42.893183156847954" lon="-1.778874546289444">
        <ele>510.54000853999997</ele>
      </trkpt>
      <trkpt lat="42.893212661147118" lon="-1.778907151892781">
        <ele>510.52999878000003</ele>
      </trkpt>
      <trkpt lat="42.893352471292019" lon="-1.779061630368233">
        <ele>510.01998901000002</ele>
      </trkpt>
      <trkpt lat="42.89349228143692" lon="-1.779216108843684">
        <ele>509.66000365999997</ele>
      </trkpt>
      <trkpt lat="42.893521785736084" lon="-1.779248714447022">
        <ele>509.5</ele>
      </trkpt>
      <trkpt lat="42.893457664176822" lon="-1.779177887365222">
        <ele>509.73999022999999</ele>
      </trkpt>
      <trkpt lat="42.893317937850952" lon="-1.779023408889771">
        <ele>510.17999268</ele>
      </trkpt>
      <trkpt lat="42.893178211525083" lon="-1.778868930414319">
        <ele>510.63000488</ele>
      </trkpt>
      <trkpt lat="42.89311408996582" lon="-1.77879810333252">
        <ele>510.79000853999997</ele>
      </trkpt>
      <trkpt lat="42.893106630071998" lon="-1.778785698115826">
        <ele>510.85000609999997</ele>
      </trkpt>
      <trkpt lat="42.892992803826928" lon="-1.778595931828022">
        <ele>511.23001098999998</ele>
      </trkpt>
      <trkpt lat="42.892985343933105" lon="-1.778583526611328">
        <ele>511.23001098999998</ele>
      </trkpt>
      <trkpt lat="42.892983416095376" lon="-1.778579503297806">
        <ele>511.23001098999998</ele>
      </trkpt>
      <trkpt lat="42.892884593456984" lon="-1.778374733403325">
        <ele>512.19000243999994</ele>
      </trkpt>
      <trkpt lat="42.892785686999559" lon="-1.778170047327876">
        <ele>513.23999022999999</ele>
      </trkpt>
      <trkpt lat="42.892686864361167" lon="-1.777965277433395">
        <ele>514.53997803000004</ele>
      </trkpt>
      <trkpt lat="42.892684936523438" lon="-1.777961254119873">
        <ele>514.63000488</ele>
      </trkpt>
      <trkpt lat="42.892577648162842" lon="-1.777832508087158">
        <ele>515.51000977000001</ele>
      </trkpt>
      <trkpt lat="42.892544288188219" lon="-1.777794454246759">
        <ele>515.78002930000002</ele>
      </trkpt>
      <trkpt lat="42.892577648162842" lon="-1.777832508087158">
        <ele>515.51000977000001</ele>
      </trkpt>
      <trkpt lat="42.89256532676518" lon="-1.77781842648983">
        <ele>515.64001465000001</ele>
      </trkpt>
      <trkpt lat="42.892427444458008" lon="-1.777660846710205">
        <ele>517.03997803000004</ele>
      </trkpt>
      <trkpt lat="42.892289562150836" lon="-1.77750326693058">
        <ele>517.5</ele>
      </trkpt>
      <trkpt lat="42.892277240753174" lon="-1.777489185333252">
        <ele>517.48999022999999</ele>
      </trkpt>
      <trkpt lat="42.892222506925464" lon="-1.777397319674492">
        <ele>517.61999512</ele>
      </trkpt>
      <trkpt lat="42.892109099775553" lon="-1.777206966653466">
        <ele>518.09997558999999</ele>
      </trkpt>
      <trkpt lat="42.891995776444674" lon="-1.777016697451472">
        <ele>518.71997069999998</ele>
      </trkpt>
      <trkpt lat="42.891882453113794" lon="-1.776826428249478">
        <ele>519.25</ele>
      </trkpt>
      <trkpt lat="42.891769045963883" lon="-1.776636075228453">
        <ele>519.98999022999999</ele>
      </trkpt>
      <trkpt lat="42.891714312136173" lon="-1.776544209569693">
        <ele>520.17999268000005</ele>
      </trkpt>
      <trkpt lat="42.891676425933838" lon="-1.776480674743652">
        <ele>520.11999512</ele>
      </trkpt>
      <trkpt lat="42.8916335105896" lon="-1.776437759399414">
        <ele>520.09002685999997</ele>
      </trkpt>
      <trkpt lat="42.891504764556885" lon="-1.776394844055176">
        <ele>519.71997069999998</ele>
      </trkpt>
      <trkpt lat="42.891461849212646" lon="-1.776266098022461">
        <ele>520.23999022999999</ele>
      </trkpt>
      <trkpt lat="42.891414072364569" lon="-1.776165179908276">
        <ele>520.64001465000001</ele>
      </trkpt>
      <trkpt lat="42.891316507011652" lon="-1.775959320366383">
        <ele>521.42999268000005</ele>
      </trkpt>
      <trkpt lat="42.891268730163574" lon="-1.775858402252197">
        <ele>522.04998779000005</ele>
      </trkpt>
      <trkpt lat="42.891213577240705" lon="-1.775665367022157">
        <ele>523.07000731999995</ele>
      </trkpt>
      <trkpt lat="42.891182899475098" lon="-1.775557994842529">
        <ele>523.48999022999999</ele>
      </trkpt>
      <trkpt lat="42.891168901696801" lon="-1.77547593601048">
        <ele>523.86999512</ele>
      </trkpt>
      <trkpt lat="42.891128165647388" lon="-1.775237387046218">
        <ele>524.40002441000001</ele>
      </trkpt>
      <trkpt lat="42.891087429597974" lon="-1.774998838081956">
        <ele>525.34002685999997</ele>
      </trkpt>
      <trkpt lat="42.89104669354856" lon="-1.774760289117694">
        <ele>526.58001708999996</ele>
      </trkpt>
      <trkpt lat="42.891032695770264" lon="-1.774678230285645">
        <ele>526.86999512</ele>
      </trkpt>
      <trkpt lat="42.891019033268094" lon="-1.774565828964114">
        <ele>527.40002441000001</ele>
      </trkpt>
      <trkpt lat="42.890989780426025" lon="-1.774324178695679">
        <ele>528.71997069999998</ele>
      </trkpt>
      <trkpt lat="42.890960527583957" lon="-1.774082528427243">
        <ele>530.91998291000004</ele>
      </trkpt>
      <trkpt lat="42.890946865081787" lon="-1.773970127105713">
        <ele>532.19000243999994</ele>
      </trkpt>
      <trkpt lat="42.89094552397728" lon="-1.773952441290021">
        <ele>532.48999022999999</ele>
      </trkpt>
      <trkpt lat="42.890926748514175" lon="-1.773708863183856">
        <ele>535.5</ele>
      </trkpt>
      <trkpt lat="42.890925407409668" lon="-1.773691177368164">
        <ele>535.5</ele>
      </trkpt>
      <trkpt lat="42.890919204801321" lon="-1.773670725524426">
        <ele>535.72998046999999</ele>
      </trkpt>
      <trkpt lat="42.890850305557251" lon="-1.773444414138794">
        <ele>536.83001708999996</ele>
      </trkpt>
      <trkpt lat="42.890781406313181" lon="-1.773218102753162">
        <ele>537.41998291000004</ele>
      </trkpt>
      <trkpt lat="42.890775203704834" lon="-1.773197650909424">
        <ele>537.40997314000003</ele>
      </trkpt>
      <trkpt lat="42.890752991661429" lon="-1.77313101477921">
        <ele>537.41998291000004</ele>
      </trkpt>
      <trkpt lat="42.890678644180298" lon="-1.772907972335815">
        <ele>537.14001465000001</ele>
      </trkpt>
      <trkpt lat="42.890604296699166" lon="-1.772684929892421">
        <ele>536.71002196999996</ele>
      </trkpt>
      <trkpt lat="42.890582084655762" lon="-1.772618293762207">
        <ele>536.40997314000003</ele>
      </trkpt>
      <trkpt lat="42.89057906717062" lon="-1.772610833868384">
        <ele>535.88000488</ele>
      </trkpt>
      <trkpt lat="42.890492901206017" lon="-1.772395754233003">
        <ele>533.83001708999996</ele>
      </trkpt>
      <trkpt lat="42.890406651422381" lon="-1.772180758416653">
        <ele>532.55999756000006</ele>
      </trkpt>
      <trkpt lat="42.890320401638746" lon="-1.771965762600303">
        <ele>531.72998046999999</ele>
      </trkpt>
      <trkpt lat="42.890234235674143" lon="-1.771750682964921">
        <ele>530.66998291000004</ele>
      </trkpt>
      <trkpt lat="42.890231218189001" lon="-1.771743223071098">
        <ele>530.66998291000004</ele>
      </trkpt>
      <trkpt lat="42.890231218189001" lon="-1.771743223071098">
        <ele>530.66998291000004</ele>
      </trkpt>
      <trkpt lat="42.890212191268802" lon="-1.771704079583287">
        <ele>530.59002685999997</ele>
      </trkpt>
      <trkpt lat="42.890112949535251" lon="-1.771499728783965">
        <ele>529.17999268000005</ele>
      </trkpt>
      <trkpt lat="42.8900137078017" lon="-1.771295377984643">
        <ele>527.69000243999994</ele>
      </trkpt>
      <trkpt lat="42.889914466068149" lon="-1.771091027185321">
        <ele>527.01000977000001</ele>
      </trkpt>
      <trkpt lat="42.889895439147949" lon="-1.77105188369751">
        <ele>526.89001465000001</ele>
      </trkpt>
      <trkpt lat="42.88986274972558" lon="-1.770991533994675">
        <ele>526.51000977000001</ele>
      </trkpt>
      <trkpt lat="42.889755964279175" lon="-1.77079439163208">
        <ele>525.90002441000001</ele>
      </trkpt>
      <trkpt lat="42.889649178832769" lon="-1.770597249269486">
        <ele>525.5</ele>
      </trkpt>
      <trkpt lat="42.8896164894104" lon="-1.77053689956665">
        <ele>525.28002930000002</ele>
      </trkpt>
      <trkpt lat="42.889567539095879" lon="-1.770458528771997">
        <ele>524.63000488</ele>
      </trkpt>
      <trkpt lat="42.889450863003731" lon="-1.770271947607398">
        <ele>522.71997069999998</ele>
      </trkpt>
      <trkpt lat="42.889401912689209" lon="-1.770193576812744">
        <ele>522.03002930000002</ele>
      </trkpt>
      <trkpt lat="42.889359081164002" lon="-1.770086539909244">
        <ele>521.38000488</ele>
      </trkpt>
      <trkpt lat="42.889273082837462" lon="-1.769871460273862">
        <ele>520.59997558999999</ele>
      </trkpt>
      <trkpt lat="42.889230251312256" lon="-1.769764423370361">
        <ele>520.72998046999999</ele>
      </trkpt>
      <trkpt lat="42.889224048703909" lon="-1.769757382571697">
        <ele>520.09997558999999</ele>
      </trkpt>
      <trkpt lat="42.889086250215769" lon="-1.769599802792072">
        <ele>519.65002441000001</ele>
      </trkpt>
      <trkpt lat="42.889080047607422" lon="-1.769592761993408">
        <ele>519.61999512</ele>
      </trkpt>
      <trkpt lat="42.889196220785379" lon="-1.769725531339645">
        <ele>520.27001953000001</ele>
      </trkpt>
      <trkpt lat="42.889080047607422" lon="-1.769592761993408">
        <ele>519.61999512</ele>
      </trkpt>
      <trkpt lat="42.889015674591064" lon="-1.769399642944336">
        <ele>519.66998291000004</ele>
      </trkpt>
      <trkpt lat="42.889008214697242" lon="-1.769387237727642">
        <ele>519.41998291000004</ele>
      </trkpt>
      <trkpt lat="42.888894388452172" lon="-1.769197471439838">
        <ele>517.52001953000001</ele>
      </trkpt>
      <trkpt lat="42.88888692855835" lon="-1.769185066223145">
        <ele>517.36999512</ele>
      </trkpt>
      <trkpt lat="42.888878211379051" lon="-1.769175678491592">
        <ele>517.23999022999999</ele>
      </trkpt>
      <trkpt lat="42.888736724853516" lon="-1.769024133682251">
        <ele>515.22998046999999</ele>
      </trkpt>
      <trkpt lat="42.88859523832798" lon="-1.76887258887291">
        <ele>513.67999268000005</ele>
      </trkpt>
      <trkpt lat="42.888586521148682" lon="-1.768863201141357">
        <ele>513.58001708999996</ele>
      </trkpt>
      <trkpt lat="42.888538828119636" lon="-1.768785752356052">
        <ele>513.20001220999995</ele>
      </trkpt>
      <trkpt lat="42.88853463716805" lon="-1.768778879195452">
        <ele>513.20001220999995</ele>
      </trkpt>
      <trkpt lat="42.888419050723314" lon="-1.768591124564409">
        <ele>512.02001953000001</ele>
      </trkpt>
      <trkpt lat="42.888414859771729" lon="-1.768584251403809">
        <ele>512.02001953000001</ele>
      </trkpt>
      <trkpt lat="42.888405220583081" lon="-1.768571846187115">
        <ele>511.80999756</ele>
      </trkpt>
      <trkpt lat="42.888274295255542" lon="-1.76840353757143">
        <ele>510.61999512</ele>
      </trkpt>
      <trkpt lat="42.888264656066895" lon="-1.768391132354736">
        <ele>510.48999022999999</ele>
      </trkpt>
      <trkpt lat="42.888160804286599" lon="-1.768305888399482">
        <ele>509.33999634000003</ele>
      </trkpt>
      <trkpt lat="42.8881158772856" lon="-1.768223829567432">
        <ele>508.82000732</ele>
      </trkpt>
      <trkpt lat="42.8881158772856" lon="-1.768221482634544">
        <ele>508.82000732</ele>
      </trkpt>
      <trkpt lat="42.888092994689941" lon="-1.768155097961426">
        <ele>508.70999146000003</ele>
      </trkpt>
      <trkpt lat="42.887985706329346" lon="-1.76804780960083">
        <ele>508.83999634000003</ele>
      </trkpt>
      <trkpt lat="42.887835502624512" lon="-1.767983436584473">
        <ele>511.29998778999999</ele>
      </trkpt>
      <trkpt lat="42.88780122064054" lon="-1.767951166257262">
        <ele>511.98001098999998</ele>
      </trkpt>
      <trkpt lat="42.887653112411499" lon="-1.76781177520752">
        <ele>513.48999022999999</ele>
      </trkpt>
      <trkpt lat="42.887505004182458" lon="-1.767672384157777">
        <ele>515.65997314000003</ele>
      </trkpt>
      <trkpt lat="42.887470722198486" lon="-1.767640113830566">
        <ele>516.15002441000001</ele>
      </trkpt>
      <trkpt lat="42.887341976165771" lon="-1.767532825469971">
        <ele>519.25</ele>
      </trkpt>
      <trkpt lat="42.887170314788818" lon="-1.767468452453613">
        <ele>522.01000977000001</ele>
      </trkpt>
      <trkpt lat="42.887105941772461" lon="-1.767425537109375">
        <ele>519.89001465000001</ele>
      </trkpt>
      <trkpt lat="42.887041568756104" lon="-1.767318248748779">
        <ele>518.59002685999997</ele>
      </trkpt>
      <trkpt lat="42.886934280395508" lon="-1.767210960388184">
        <ele>518.58001708999996</ele>
      </trkpt>
      <trkpt lat="42.886899830773473" lon="-1.767192184925079">
        <ele>519.66998291000004</ele>
      </trkpt>
      <trkpt lat="42.886732695624232" lon="-1.767100989818573">
        <ele>523.21997069999998</ele>
      </trkpt>
      <trkpt lat="42.886698246002197" lon="-1.767082214355469">
        <ele>523.53997803000004</ele>
      </trkpt>
      <trkpt lat="42.88667980581522" lon="-1.767067881301045">
        <ele>523.55999756000006</ele>
      </trkpt>
      <trkpt lat="42.886523567140102" lon="-1.766946343705058">
        <ele>524.21997069999998</ele>
      </trkpt>
      <trkpt lat="42.886505126953125" lon="-1.766932010650635">
        <ele>524.42999268000005</ele>
      </trkpt>
      <trkpt lat="42.886462630704045" lon="-1.766889598220587">
        <ele>525.65997314000003</ele>
      </trkpt>
      <trkpt lat="42.886440753936768" lon="-1.766867637634277">
        <ele>523.69000243999994</ele>
      </trkpt>
      <trkpt lat="42.886419296264648" lon="-1.76680326461792">
        <ele>522.14001465000001</ele>
      </trkpt>
      <trkpt lat="42.886419296264648" lon="-1.766775520518422">
        <ele>521.14001465000001</ele>
      </trkpt>
      <trkpt lat="42.886419296264648" lon="-1.76653060130775">
        <ele>516.57000731999995</ele>
      </trkpt>
      <trkpt lat="42.886419296264648" lon="-1.766502857208252">
        <ele>515.17999268000005</ele>
      </trkpt>
      <trkpt lat="42.886462211608887" lon="-1.766288280487061">
        <ele>513.82000731999995</ele>
      </trkpt>
      <trkpt lat="42.886462211608887" lon="-1.766073703765869">
        <ele>509.42001342999998</ele>
      </trkpt>
      <trkpt lat="42.886440753936768" lon="-1.766009330749512">
        <ele>506.66000365999997</ele>
      </trkpt>
      <trkpt lat="42.886397838592529" lon="-1.765944957733154">
        <ele>504.39001465000001</ele>
      </trkpt>
      <trkpt lat="42.886312007904053" lon="-1.765837669372559">
        <ele>497.89001465000001</ele>
      </trkpt>
      <trkpt lat="42.886269092559814" lon="-1.76579475402832">
        <ele>496.75</ele>
      </trkpt>
      <trkpt lat="42.886247634887695" lon="-1.765666007995606">
        <ele>496.48999022999999</ele>
      </trkpt>
      <trkpt lat="42.886226177215576" lon="-1.76555871963501">
        <ele>496.48001098999998</ele>
      </trkpt>
      <trkpt lat="42.886183261871338" lon="-1.76555871963501">
        <ele>496.29998778999999</ele>
      </trkpt>
      <trkpt lat="42.88611888885498" lon="-1.765580177307129">
        <ele>496.36999512</ele>
      </trkpt>
      <trkpt lat="42.886033058166504" lon="-1.765666007995606">
        <ele>496.98001098999998</ele>
      </trkpt>
      <trkpt lat="42.885995758697391" lon="-1.765724010765553">
        <ele>497.73999022999999</ele>
      </trkpt>
      <trkpt lat="42.885877238586545" lon="-1.765908412635326">
        <ele>499.51998901000002</ele>
      </trkpt>
      <trkpt lat="42.885839939117432" lon="-1.765966415405273">
        <ele>500.05999756</ele>
      </trkpt>
      <trkpt lat="42.885775566101074" lon="-1.766009330749512">
        <ele>500.85000609999997</ele>
      </trkpt>
      <trkpt lat="42.885754108428955" lon="-1.765966415405273">
        <ele>501.70001221000001</ele>
      </trkpt>
      <trkpt lat="42.885732650756836" lon="-1.765859127044678">
        <ele>503.29000853999997</ele>
      </trkpt>
      <trkpt lat="42.885775566101074" lon="-1.765644550323486">
        <ele>504.85998534999999</ele>
      </trkpt>
      <trkpt lat="42.885732650756836" lon="-1.765601634979248">
        <ele>506.75</ele>
      </trkpt>
      <trkpt lat="42.885711444541812" lon="-1.765620494261384">
        <ele>506.98001098999998</ele>
      </trkpt>
      <trkpt lat="42.885560737922788" lon="-1.765754437074065">
        <ele>510.67999268</ele>
      </trkpt>
      <trkpt lat="42.885539531707764" lon="-1.765773296356201">
        <ele>510.66000365999997</ele>
      </trkpt>
      <trkpt lat="42.885511452332139" lon="-1.765818893909454">
        <ele>511.26998901000002</ele>
      </trkpt>
      <trkpt lat="42.885395949706435" lon="-1.766006648540497">
        <ele>513.29998779000005</ele>
      </trkpt>
      <trkpt lat="42.885367870330811" lon="-1.76605224609375">
        <ele>514.58001708999996</ele>
      </trkpt>
      <trkpt lat="42.885303497314453" lon="-1.766095161437988">
        <ele>516.10998534999999</ele>
      </trkpt>
      <trkpt lat="42.885260581970215" lon="-1.76605224609375">
        <ele>518.88000488</ele>
      </trkpt>
      <trkpt lat="42.885263683274388" lon="-1.766033554449678">
        <ele>519.07000731999995</ele>
      </trkpt>
      <trkpt lat="42.885303497314453" lon="-1.76579475402832">
        <ele>519.66998291000004</ele>
      </trkpt>
      <trkpt lat="42.885343311354518" lon="-1.765555953606963">
        <ele>520.5</ele>
      </trkpt>
      <trkpt lat="42.885346412658691" lon="-1.765537261962891">
        <ele>520.72998046999999</ele>
      </trkpt>
      <trkpt lat="42.885324954986572" lon="-1.765472888946533">
        <ele>521.26000977000001</ele>
      </trkpt>
      <trkpt lat="42.885260581970215" lon="-1.765494346618652">
        <ele>523.17999268000005</ele>
      </trkpt>
      <trkpt lat="42.885258067399263" lon="-1.765499040484428">
        <ele>523.22998046999999</ele>
      </trkpt>
      <trkpt lat="42.885153293609619" lon="-1.765698194503784">
        <ele>526.75</ele>
      </trkpt>
      <trkpt lat="42.885048519819975" lon="-1.76589734852314">
        <ele>528.83001708999996</ele>
      </trkpt>
      <trkpt lat="42.885046005249023" lon="-1.765902042388916">
        <ele>528.83001708999996</ele>
      </trkpt>
      <trkpt lat="42.884981632232666" lon="-1.765944957733154">
        <ele>530.88000488</ele>
      </trkpt>
      <trkpt lat="42.884917259216309" lon="-1.765923500061035">
        <ele>534.70001220999995</ele>
      </trkpt>
      <trkpt lat="42.884917259216309" lon="-1.76581621170044">
        <ele>535.34002685999997</ele>
      </trkpt>
      <trkpt lat="42.884920863434672" lon="-1.765804896131158">
        <ele>535.14001465000001</ele>
      </trkpt>
      <trkpt lat="42.884992361068726" lon="-1.765580177307129">
        <ele>534.70001220999995</ele>
      </trkpt>
      <trkpt lat="42.885063858702779" lon="-1.7653554584831">
        <ele>535.15002441000001</ele>
      </trkpt>
      <trkpt lat="42.885067462921143" lon="-1.765344142913818">
        <ele>535.28002930000002</ele>
      </trkpt>
      <trkpt lat="42.885046005249023" lon="-1.765279769897461">
        <ele>535.73999022999999</ele>
      </trkpt>
      <trkpt lat="42.884960174560547" lon="-1.765258312225342">
        <ele>538.21002196999996</ele>
      </trkpt>
      <trkpt lat="42.884960174560547" lon="-1.765258312225342">
        <ele>538.21002196999996</ele>
      </trkpt>
      <trkpt lat="42.884946595877409" lon="-1.76528412848711">
        <ele>538.97998046999999</ele>
      </trkpt>
      <trkpt lat="42.884842157363892" lon="-1.765483617782593">
        <ele>541.90002441000001</ele>
      </trkpt>
      <trkpt lat="42.884737718850374" lon="-1.765683107078075">
        <ele>543.71997069999998</ele>
      </trkpt>
      <trkpt lat="42.884724140167236" lon="-1.765708923339844">
        <ele>544.01000977000001</ele>
      </trkpt>
      <trkpt lat="42.884659767150879" lon="-1.765751838684082">
        <ele>543.96002196999996</ele>
      </trkpt>
      <trkpt lat="42.884573936462402" lon="-1.765730381011963">
        <ele>541.88000488</ele>
      </trkpt>
      <trkpt lat="42.884557340294123" lon="-1.765716718509793">
        <ele>542.03002930000002</ele>
      </trkpt>
      <trkpt lat="42.884403197094798" lon="-1.765589900314808">
        <ele>539.25</ele>
      </trkpt>
      <trkpt lat="42.884386600926518" lon="-1.765576237812638">
        <ele>538.91998291000004</ele>
      </trkpt>
      <trkpt lat="42.884374866262078" lon="-1.765566598623991">
        <ele>538.91998291000004</ele>
      </trkpt>
      <trkpt lat="42.884220890700817" lon="-1.765439612790942">
        <ele>534.90997314000003</ele>
      </trkpt>
      <trkpt lat="42.884209156036377" lon="-1.765429973602295">
        <ele>534.42999268000005</ele>
      </trkpt>
      <trkpt lat="42.884189793840051" lon="-1.765405079349876">
        <ele>534.05999756000006</ele>
      </trkpt>
      <trkpt lat="42.884058952331543" lon="-1.765236854553223">
        <ele>532.15002441000001</ele>
      </trkpt>
      <trkpt lat="42.883928110823035" lon="-1.76506862975657">
        <ele>531.15997314000003</ele>
      </trkpt>
      <trkpt lat="42.883908748626709" lon="-1.76504373550415">
        <ele>531.09002685999997</ele>
      </trkpt>
      <trkpt lat="42.883850242942572" lon="-1.76495329476893">
        <ele>531.25</ele>
      </trkpt>
      <trkpt lat="42.883731219917536" lon="-1.764769395813346">
        <ele>528.17999268000005</ele>
      </trkpt>
      <trkpt lat="42.883672714233398" lon="-1.764678955078125">
        <ele>527.77001953000001</ele>
      </trkpt>
      <trkpt lat="42.883649999275804" lon="-1.764648109674454">
        <ele>527.66998291000004</ele>
      </trkpt>
      <trkpt lat="42.883522510528564" lon="-1.764475107192993">
        <ele>527.88000488</ele>
      </trkpt>
      <trkpt lat="42.883395021781325" lon="-1.764302104711533">
        <ele>526.38000488</ele>
      </trkpt>
      <trkpt lat="42.88337230682373" lon="-1.764271259307861">
        <ele>525.95001220999995</ele>
      </trkpt>
      <trkpt lat="42.883355543017387" lon="-1.764237731695175">
        <ele>525.53002930000002</ele>
      </trkpt>
      <trkpt lat="42.883254289627075" lon="-1.764035224914551">
        <ele>522.79998779000005</ele>
      </trkpt>
      <trkpt lat="42.883153036236763" lon="-1.763832718133926">
        <ele>520.39001465000001</ele>
      </trkpt>
      <trkpt lat="42.88313627243042" lon="-1.76379919052124">
        <ele>519.79998779000005</ele>
      </trkpt>
      <trkpt lat="42.883028984069824" lon="-1.763648986816406">
        <ele>517.09002685999997</ele>
      </trkpt>
      <trkpt lat="42.882964611053467" lon="-1.763627529144287">
        <ele>516.01000977000001</ele>
      </trkpt>
      <trkpt lat="42.882921695709229" lon="-1.763627529144287">
        <ele>515.46997069999998</ele>
      </trkpt>
      <trkpt lat="42.88287878036499" lon="-1.763691902160645">
        <ele>514.41998291000004</ele>
      </trkpt>
      <trkpt lat="42.882877020165324" lon="-1.763698356226087">
        <ele>514.13000488</ele>
      </trkpt>
      <trkpt lat="42.882814407348633" lon="-1.763927936553955">
        <ele>511.66000365999997</ele>
      </trkpt>
      <trkpt lat="42.882751794531941" lon="-1.764157516881824">
        <ele>509.85000609999997</ele>
      </trkpt>
      <trkpt lat="42.882750034332275" lon="-1.764163970947266">
        <ele>509.85000609999997</ele>
      </trkpt>
      <trkpt lat="42.882685661315918" lon="-1.764271259307861">
        <ele>509.23001098999998</ele>
      </trkpt>
      <trkpt lat="42.88264274597168" lon="-1.7643141746521">
        <ele>508.70999146000003</ele>
      </trkpt>
      <trkpt lat="42.88257384672761" lon="-1.764239994809032">
        <ele>509.01998901000002</ele>
      </trkpt>
      <trkpt lat="42.882432695478201" lon="-1.7640879470855">
        <ele>507.95001221000001</ele>
      </trkpt>
      <trkpt lat="42.882363796234131" lon="-1.764013767242432">
        <ele>507.61999512</ele>
      </trkpt>
      <trkpt lat="42.882356336340308" lon="-1.764001362025738">
        <ele>507.61999512</ele>
      </trkpt>
      <trkpt lat="42.882242510095239" lon="-1.763811595737934">
        <ele>507.30999756</ele>
      </trkpt>
      <trkpt lat="42.882235050201416" lon="-1.76379919052124">
        <ele>507.30999756</ele>
      </trkpt>
      <trkpt lat="42.882170677185059" lon="-1.763670444488525">
        <ele>506.79998778999999</ele>
      </trkpt>
      <trkpt lat="42.88212776184082" lon="-1.76356315612793">
        <ele>507.26000977000001</ele>
      </trkpt>
      <trkpt lat="42.882124660536647" lon="-1.763464501127601">
        <ele>508.44000244</ele>
      </trkpt>
      <trkpt lat="42.882117033004761" lon="-1.763219833374023">
        <ele>511.30999756</ele>
      </trkpt>
      <trkpt lat="42.882109405472875" lon="-1.762975165620446">
        <ele>513.89001465000001</ele>
      </trkpt>
      <trkpt lat="42.882106304168701" lon="-1.762876510620117">
        <ele>514.85998534999999</ele>
      </trkpt>
      <trkpt lat="42.882084427401423" lon="-1.762835858389735">
        <ele>515.03002930000002</ele>
      </trkpt>
      <trkpt lat="42.881977977231145" lon="-1.76263821311295">
        <ele>513.55999756000006</ele>
      </trkpt>
      <trkpt lat="42.881956100463867" lon="-1.762597560882568">
        <ele>513.40002441000001</ele>
      </trkpt>
      <trkpt lat="42.88189172744751" lon="-1.762404441833496">
        <ele>513.15997314000003</ele>
      </trkpt>
      <trkpt lat="42.881848812103271" lon="-1.762168407440186">
        <ele>512.61999512</ele>
      </trkpt>
      <trkpt lat="42.881830204278231" lon="-1.76205919124186">
        <ele>511.97000121999997</ele>
      </trkpt>
      <trkpt lat="42.881789552047849" lon="-1.761820642277598">
        <ele>510.79000853999997</ele>
      </trkpt>
      <trkpt lat="42.881748899817467" lon="-1.761582093313336">
        <ele>509.19000244</ele>
      </trkpt>
      <trkpt lat="42.881708247587085" lon="-1.761343544349074">
        <ele>509.01998901000002</ele>
      </trkpt>
      <trkpt lat="42.881667511537671" lon="-1.761104995384812">
        <ele>509.98999022999999</ele>
      </trkpt>
      <trkpt lat="42.881626859307289" lon="-1.76086644642055">
        <ele>510.75</ele>
      </trkpt>
      <trkpt lat="42.881586207076907" lon="-1.760627897456288">
        <ele>510.80999756</ele>
      </trkpt>
      <trkpt lat="42.881545554846525" lon="-1.760389348492026">
        <ele>510.83999634000003</ele>
      </trkpt>
      <trkpt lat="42.881526947021484" lon="-1.760280132293701">
        <ele>511.29998778999999</ele>
      </trkpt>
      <trkpt lat="42.881519319489598" lon="-1.760228332132101">
        <ele>510.57000732</ele>
      </trkpt>
      <trkpt lat="42.881526947021484" lon="-1.760280132293701">
        <ele>511.29998778999999</ele>
      </trkpt>
      <trkpt lat="42.881510267034173" lon="-1.760167060419917">
        <ele>510.98001098999998</ele>
      </trkpt>
      <trkpt lat="42.881474895402789" lon="-1.759926918894053">
        <ele>510.38000488</ele>
      </trkpt>
      <trkpt lat="42.881439523771405" lon="-1.75968686118722">
        <ele>510.32000732</ele>
      </trkpt>
      <trkpt lat="42.88140406832099" lon="-1.759446719661355">
        <ele>510.51998901000002</ele>
      </trkpt>
      <trkpt lat="42.881368696689606" lon="-1.759206661954522">
        <ele>510.73001098999998</ele>
      </trkpt>
      <trkpt lat="42.881333325058222" lon="-1.758966604247689">
        <ele>510.75</ele>
      </trkpt>
      <trkpt lat="42.881297869607806" lon="-1.758726462721825">
        <ele>511.32000732</ele>
      </trkpt>
      <trkpt lat="42.881262497976422" lon="-1.758486405014992">
        <ele>511.73999022999999</ele>
      </trkpt>
      <trkpt lat="42.881227126345038" lon="-1.758246263489127">
        <ele>512.32000731999995</ele>
      </trkpt>
      <trkpt lat="42.881191670894623" lon="-1.758006205782294">
        <ele>512.80999756000006</ele>
      </trkpt>
      <trkpt lat="42.881156299263239" lon="-1.75776606425643">
        <ele>513.02001953000001</ele>
      </trkpt>
      <trkpt lat="42.881120927631855" lon="-1.757526006549597">
        <ele>513.35998534999999</ele>
      </trkpt>
      <trkpt lat="42.881085472181439" lon="-1.757285948842764">
        <ele>513.61999512</ele>
      </trkpt>
      <trkpt lat="42.881050100550056" lon="-1.757045807316899">
        <ele>514.45001220999995</ele>
      </trkpt>
      <trkpt lat="42.881033420562744" lon="-1.756932735443115">
        <ele>514.22998046999999</ele>
      </trkpt>
      <trkpt lat="42.881026966497302" lon="-1.75690708681941">
        <ele>514.59997558999999</ele>
      </trkpt>
      <trkpt lat="42.880969047546387" lon="-1.756675243377686">
        <ele>514.47998046999999</ele>
      </trkpt>
      <trkpt lat="42.880911128595471" lon="-1.756443399935961">
        <ele>516.58001708999996</ele>
      </trkpt>
      <trkpt lat="42.880904674530029" lon="-1.756417751312256">
        <ele>515.73999022999999</ele>
      </trkpt>
      <trkpt lat="42.880902159959078" lon="-1.75641305744648">
        <ele>515.73999022999999</ele>
      </trkpt>
      <trkpt lat="42.880797386169434" lon="-1.756213903427124">
        <ele>514.45001220999995</ele>
      </trkpt>
      <trkpt lat="42.880692612379789" lon="-1.756014749407768">
        <ele>514.51000977000001</ele>
      </trkpt>
      <trkpt lat="42.880690097808838" lon="-1.756010055541992">
        <ele>515.39001465000001</ele>
      </trkpt>
      <trkpt lat="42.880654642358422" lon="-1.755961440503597">
        <ele>514.75</ele>
      </trkpt>
      <trkpt lat="42.880527740344405" lon="-1.755787683650851">
        <ele>514.58001708999996</ele>
      </trkpt>
      <trkpt lat="42.880400838330388" lon="-1.755613926798105">
        <ele>514.77001953000001</ele>
      </trkpt>
      <trkpt lat="42.880274020135403" lon="-1.755440169945359">
        <ele>515.03002930000002</ele>
      </trkpt>
      <trkpt lat="42.880147118121386" lon="-1.755266413092613">
        <ele>514.76000977000001</ele>
      </trkpt>
      <trkpt lat="42.880020216107368" lon="-1.755092656239867">
        <ele>514.41998291000004</ele>
      </trkpt>
      <trkpt lat="42.879893397912383" lon="-1.75491881556809">
        <ele>514.40002441000001</ele>
      </trkpt>
      <trkpt lat="42.879766495898366" lon="-1.754745058715344">
        <ele>514.42999268000005</ele>
      </trkpt>
      <trkpt lat="42.879639593884349" lon="-1.754571301862598">
        <ele>514.35998534999999</ele>
      </trkpt>
      <trkpt lat="42.879512775689363" lon="-1.754397545009852">
        <ele>514.21997069999998</ele>
      </trkpt>
      <trkpt lat="42.879385873675346" lon="-1.754223788157105">
        <ele>514.28997803000004</ele>
      </trkpt>
      <trkpt lat="42.879258971661329" lon="-1.754050031304359">
        <ele>514.42999268000005</ele>
      </trkpt>
      <trkpt lat="42.879132069647312" lon="-1.753876274451613">
        <ele>514.61999512</ele>
      </trkpt>
      <trkpt lat="42.879005251452327" lon="-1.753702517598867">
        <ele>514.88000488</ele>
      </trkpt>
      <trkpt lat="42.87887834943831" lon="-1.753528760746121">
        <ele>515.16998291000004</ele>
      </trkpt>
      <trkpt lat="42.878751447424293" lon="-1.753354920074344">
        <ele>515.25</ele>
      </trkpt>
      <trkpt lat="42.878715991973877" lon="-1.753306388854981">
        <ele>515.34997558999999</ele>
      </trkpt>
      <trkpt lat="42.878710711374879" lon="-1.753298845142126">
        <ele>515.45001220999995</ele>
      </trkpt>
      <trkpt lat="42.878585821017623" lon="-1.753122406080365">
        <ele>515.66998291000004</ele>
      </trkpt>
      <trkpt lat="42.878580540418625" lon="-1.753114862367511">
        <ele>515.65002441000001</ele>
      </trkpt>
      <trkpt lat="42.878520358353853" lon="-1.753029702231288">
        <ele>515.75</ele>
      </trkpt>
      <trkpt lat="42.878395551815629" lon="-1.752853179350495">
        <ele>516.09002685999997</ele>
      </trkpt>
      <trkpt lat="42.878270745277405" lon="-1.752676656469703">
        <ele>516.36999512</ele>
      </trkpt>
      <trkpt lat="42.878146022558212" lon="-1.752500049769878">
        <ele>516.88000488</ele>
      </trkpt>
      <trkpt lat="42.878021216019988" lon="-1.752323526889086">
        <ele>516.83001708999996</ele>
      </trkpt>
      <trkpt lat="42.877896409481764" lon="-1.752147004008293">
        <ele>516.76000977000001</ele>
      </trkpt>
      <trkpt lat="42.877836227416992" lon="-1.75206184387207">
        <ele>516.78002930000002</ele>
      </trkpt>
      <trkpt lat="42.87783320993185" lon="-1.752055808901787">
        <ele>516.83001708999996</ele>
      </trkpt>
      <trkpt lat="42.877731956541538" lon="-1.751853302121162">
        <ele>516.78997803000004</ele>
      </trkpt>
      <trkpt lat="42.877728939056396" lon="-1.751847267150879">
        <ele>516.78997803000004</ele>
      </trkpt>
      <trkpt lat="42.877708235755563" lon="-1.75178817473352">
        <ele>516.71997069999998</ele>
      </trkpt>
      <trkpt lat="42.877630703151226" lon="-1.751567227765918">
        <ele>516.63000488</ele>
      </trkpt>
      <trkpt lat="42.877553170546889" lon="-1.751346196979284">
        <ele>516.71002196999996</ele>
      </trkpt>
      <trkpt lat="42.877475554123521" lon="-1.751125250011683">
        <ele>516.63000488</ele>
      </trkpt>
      <trkpt lat="42.877398021519184" lon="-1.750904219225049">
        <ele>516.71997069999998</ele>
      </trkpt>
      <trkpt lat="42.877320488914847" lon="-1.750683272257447">
        <ele>516.80999756000006</ele>
      </trkpt>
      <trkpt lat="42.877299785614014" lon="-1.750624179840088">
        <ele>516.89001465000001</ele>
      </trkpt>
      <trkpt lat="42.877299031242728" lon="-1.750621916726232">
        <ele>516.89001465000001</ele>
      </trkpt>
      <trkpt lat="42.877224683761597" lon="-1.750398874282837">
        <ele>517.26000977000001</ele>
      </trkpt>
      <trkpt lat="42.877150336280465" lon="-1.750175831839442">
        <ele>517.80999756000006</ele>
      </trkpt>
      <trkpt lat="42.87714958190918" lon="-1.750173568725586">
        <ele>517.80999756000006</ele>
      </trkpt>
      <trkpt lat="42.877120915800333" lon="-1.750093437731266">
        <ele>517.89001465000001</ele>
      </trkpt>
      <trkpt lat="42.877042293548584" lon="-1.749873161315918">
        <ele>518.26000977000001</ele>
      </trkpt>
      <trkpt lat="42.876963671296835" lon="-1.74965288490057">
        <ele>518.78002930000002</ele>
      </trkpt>
      <trkpt lat="42.876935005187988" lon="-1.74957275390625">
        <ele>519.25</ele>
      </trkpt>
      <trkpt lat="42.876935005187988" lon="-1.749508380889893">
        <ele>519.15997314000003</ele>
      </trkpt>
      <trkpt lat="42.876897035166621" lon="-1.749400924891233">
        <ele>519.05999756000006</ele>
      </trkpt>
      <trkpt lat="42.876818999648094" lon="-1.749180313199759">
        <ele>519.10998534999999</ele>
      </trkpt>
      <trkpt lat="42.876740964129567" lon="-1.748959617689252">
        <ele>519.33001708999996</ele>
      </trkpt>
      <trkpt lat="42.87666292861104" lon="-1.748738922178745">
        <ele>519.26000977000001</ele>
      </trkpt>
      <trkpt lat="42.876584893092513" lon="-1.74851831048727">
        <ele>519.15002441000001</ele>
      </trkpt>
      <trkpt lat="42.876506773754954" lon="-1.748297614976764">
        <ele>519.21002196999996</ele>
      </trkpt>
      <trkpt lat="42.876428738236427" lon="-1.748076919466257">
        <ele>519.21997069999998</ele>
      </trkpt>
      <trkpt lat="42.8763507027179" lon="-1.747856307774782">
        <ele>519.21997069999998</ele>
      </trkpt>
      <trkpt lat="42.876312732696533" lon="-1.747748851776123">
        <ele>519.63000488</ele>
      </trkpt>
      <trkpt lat="42.876259926706553" lon="-1.74754835665226">
        <ele>521.05999756000006</ele>
      </trkpt>
      <trkpt lat="42.876260010525584" lon="-1.747548440471292">
        <ele>521.05999756000006</ele>
      </trkpt>
      <trkpt lat="42.87625640630722" lon="-1.747534861788154">
        <ele>521.05999756000006</ele>
      </trkpt>
      <trkpt lat="42.876205444335938" lon="-1.747341156005859">
        <ele>522.78997803000004</ele>
      </trkpt>
      <trkpt lat="42.876205444335938" lon="-1.747276782989502">
        <ele>523.38000488</ele>
      </trkpt>
      <trkpt lat="42.876192955300212" lon="-1.747240740805864">
        <ele>523.73999022999999</ele>
      </trkpt>
      <trkpt lat="42.876116428524256" lon="-1.747019123286009">
        <ele>524.22998046999999</ele>
      </trkpt>
      <trkpt lat="42.8760399017483" lon="-1.746797505766153">
        <ele>523.83001708999996</ele>
      </trkpt>
      <trkpt lat="42.875963291153312" lon="-1.746575888246298">
        <ele>522.59997558999999</ele>
      </trkpt>
      <trkpt lat="42.875886764377356" lon="-1.746354270726442">
        <ele>521.54998779000005</ele>
      </trkpt>
      <trkpt lat="42.875810237601399" lon="-1.746132653206587">
        <ele>520.78997803000004</ele>
      </trkpt>
      <trkpt lat="42.875797748565674" lon="-1.746096611022949">
        <ele>520.53997803000004</ele>
      </trkpt>
      <trkpt lat="42.875776458531618" lon="-1.746043469756842">
        <ele>520.17999268000005</ele>
      </trkpt>
      <trkpt lat="42.875690460205078" lon="-1.74582839012146">
        <ele>518.19000243999994</ele>
      </trkpt>
      <trkpt lat="42.875604461878538" lon="-1.745613310486078">
        <ele>517.03997803000004</ele>
      </trkpt>
      <trkpt lat="42.875583171844482" lon="-1.745560169219971">
        <ele>516.73999022999999</ele>
      </trkpt>
      <trkpt lat="42.875556852668524" lon="-1.745489174500108">
        <ele>516.59002685999997</ele>
      </trkpt>
      <trkpt lat="42.875475883483887" lon="-1.745270490646362">
        <ele>516.05999756000006</ele>
      </trkpt>
      <trkpt lat="42.87539491429925" lon="-1.745051806792617">
        <ele>515.14001465000001</ele>
      </trkpt>
      <trkpt lat="42.875368595123291" lon="-1.744980812072754">
        <ele>514.91998291000004</ele>
      </trkpt>
      <trkpt lat="42.875325679779053" lon="-1.744787693023682">
        <ele>514.71997069999998</ele>
      </trkpt>
      <trkpt lat="42.875305060297251" lon="-1.744720134884119">
        <ele>514.61999512</ele>
      </trkpt>
      <trkpt lat="42.875236077234149" lon="-1.744493907317519">
        <ele>514.41998291000004</ele>
      </trkpt>
      <trkpt lat="42.875167094171047" lon="-1.744267763569951">
        <ele>514.82000731999995</ele>
      </trkpt>
      <trkpt lat="42.875098027288914" lon="-1.744041619822383">
        <ele>513.89001465000001</ele>
      </trkpt>
      <trkpt lat="42.875029044225812" lon="-1.743815476074815">
        <ele>514.17999268000005</ele>
      </trkpt>
      <trkpt lat="42.87496006116271" lon="-1.743589248508215">
        <ele>514.01000977000001</ele>
      </trkpt>
      <trkpt lat="42.874939441680908" lon="-1.743521690368652">
        <ele>513.78002930000002</ele>
      </trkpt>
      <trkpt lat="42.874982357025146" lon="-1.743414402008057">
        <ele>513.41998291000004</ele>
      </trkpt>
      <trkpt lat="42.875111103057861" lon="-1.743478775024414">
        <ele>514.71997069999998</ele>
      </trkpt>
      <trkpt lat="42.875128285959363" lon="-1.743435440585017">
        <ele>514.88000488</ele>
      </trkpt>
      <trkpt lat="42.875233478844166" lon="-1.743487492203713">
        <ele>516.20001220999995</ele>
      </trkpt>
      <trkpt lat="42.875250997021794" lon="-1.743496377021074">
        <ele>516.28002930000002</ele>
      </trkpt>
      <trkpt lat="42.875419808551669" lon="-1.743581704795361">
        <ele>518.47998046999999</ele>
      </trkpt>
      <trkpt lat="42.875588620081544" lon="-1.743667032569647">
        <ele>520.42999268000005</ele>
      </trkpt>
      <trkpt lat="42.875757347792387" lon="-1.743752360343933">
        <ele>522.53997803000004</ele>
      </trkpt>
      <trkpt lat="42.875926159322262" lon="-1.743837688118219">
        <ele>524.59997558999999</ele>
      </trkpt>
      <trkpt lat="42.876094970852137" lon="-1.743923015892506">
        <ele>526.75</ele>
      </trkpt>
      <trkpt lat="42.876263782382011" lon="-1.744008343666792">
        <ele>528.94000243999994</ele>
      </trkpt>
      <trkpt lat="42.876432593911886" lon="-1.744093671441078">
        <ele>530.83001708999996</ele>
      </trkpt>
      <trkpt lat="42.876601321622729" lon="-1.744178999215365">
        <ele>533.38000488</ele>
      </trkpt>
      <trkpt lat="42.876770133152604" lon="-1.744264326989651">
        <ele>535.36999512</ele>
      </trkpt>
      <trkpt lat="42.876938944682479" lon="-1.744349654763937">
        <ele>537.34002685999997</ele>
      </trkpt>
      <trkpt lat="42.876956462860107" lon="-1.744358539581299">
        <ele>537.64001465000001</ele>
      </trkpt>
      <trkpt lat="42.877085208892822" lon="-1.744465827941895">
        <ele>539.34002685999997</ele>
      </trkpt>
      <trkpt lat="42.877089148387313" lon="-1.744471695274115">
        <ele>539.51000977000001</ele>
      </trkpt>
      <trkpt lat="42.877210015431046" lon="-1.744653079658747">
        <ele>541.40002441000001</ele>
      </trkpt>
      <trkpt lat="42.877213954925537" lon="-1.744658946990967">
        <ele>541.5</ele>
      </trkpt>
      <trkpt lat="42.877235412597656" lon="-1.744616031646729">
        <ele>541.78997803000004</ele>
      </trkpt>
      <trkpt lat="42.877235412597656" lon="-1.744422912597656">
        <ele>542.60998534999999</ele>
      </trkpt>
      <trkpt lat="42.8772331494838" lon="-1.74441184848547">
        <ele>542.60998534999999</ele>
      </trkpt>
      <trkpt lat="42.877184618264437" lon="-1.744176065549254">
        <ele>542.58001708999996</ele>
      </trkpt>
      <trkpt lat="42.877136003226042" lon="-1.743940198794007">
        <ele>542.09002685999997</ele>
      </trkpt>
      <trkpt lat="42.877087472006679" lon="-1.743704415857792">
        <ele>540.90002441000001</ele>
      </trkpt>
      <trkpt lat="42.877085208892822" lon="-1.743693351745606">
        <ele>540.90002441000001</ele>
      </trkpt>
      <trkpt lat="42.877066768705845" lon="-1.743634343147278">
        <ele>540.40997314000003</ele>
      </trkpt>
      <trkpt lat="42.876996360719204" lon="-1.743409037590027">
        <ele>539.64001465000001</ele>
      </trkpt>
      <trkpt lat="42.876977920532227" lon="-1.743350028991699">
        <ele>539.35998534999999</ele>
      </trkpt>
      <trkpt lat="42.876971885561943" lon="-1.743318848311901">
        <ele>539.28997803000004</ele>
      </trkpt>
      <trkpt lat="42.876925868913531" lon="-1.743082143366337">
        <ele>538.54998779000005</ele>
      </trkpt>
      <trkpt lat="42.876879768446088" lon="-1.742845438420773">
        <ele>538.02001953000001</ele>
      </trkpt>
      <trkpt lat="42.876833751797676" lon="-1.742608733475208">
        <ele>537.27001953000001</ele>
      </trkpt>
      <trkpt lat="42.876827716827393" lon="-1.74257755279541">
        <ele>537.20001220999995</ele>
      </trkpt>
      <trkpt lat="42.876822436228395" lon="-1.742529943585396">
        <ele>537.10998534999999</ele>
      </trkpt>
      <trkpt lat="42.876795530319214" lon="-1.742287874221802">
        <ele>536.61999512</ele>
      </trkpt>
      <trkpt lat="42.876768624410033" lon="-1.742045804858208">
        <ele>535.65997314000003</ele>
      </trkpt>
      <trkpt lat="42.876763343811035" lon="-1.741998195648193">
        <ele>535.57000731999995</ele>
      </trkpt>
      <trkpt lat="42.876763343811035" lon="-1.741964081302285">
        <ele>535.42999268000005</ele>
      </trkpt>
      <trkpt lat="42.876763343811035" lon="-1.741719245910645">
        <ele>534.17999268000005</ele>
      </trkpt>
      <trkpt lat="42.876763343811035" lon="-1.741474410519004">
        <ele>533.54998779000005</ele>
      </trkpt>
      <trkpt lat="42.876763343811035" lon="-1.741440296173096">
        <ele>533.40002441000001</ele>
      </trkpt>
      <trkpt lat="42.876760242506862" lon="-1.741390591487289">
        <ele>533.33001708999996</ele>
      </trkpt>
      <trkpt lat="42.876744987443089" lon="-1.741146678104997">
        <ele>533.39001465000001</ele>
      </trkpt>
      <trkpt lat="42.876741886138916" lon="-1.74109697341919">
        <ele>533.25</ele>
      </trkpt>
      <trkpt lat="42.876740964129567" lon="-1.741093704476953">
        <ele>533.25</ele>
      </trkpt>
      <trkpt lat="42.876678435131907" lon="-1.740864207968116">
        <ele>533.23999022999999</ele>
      </trkpt>
      <trkpt lat="42.876677513122559" lon="-1.740860939025879">
        <ele>533.23999022999999</ele>
      </trkpt>
      <trkpt lat="42.876674914732575" lon="-1.740855239331722">
        <ele>533.45001220999995</ele>
      </trkpt>
      <trkpt lat="42.876580953598022" lon="-1.740646362304688">
        <ele>533.11999512</ele>
      </trkpt>
      <trkpt lat="42.87648699246347" lon="-1.740437485277653">
        <ele>532.67999268000005</ele>
      </trkpt>
      <trkpt lat="42.876484394073486" lon="-1.740431785583496">
        <ele>532.67999268000005</ele>
      </trkpt>
      <trkpt lat="42.876420021057129" lon="-1.740260124206543">
        <ele>532.03002930000002</ele>
      </trkpt>
      <trkpt lat="42.876411471515894" lon="-1.740200109779835">
        <ele>531.88000488</ele>
      </trkpt>
      <trkpt lat="42.876377105712891" lon="-1.739959716796875">
        <ele>531.21997069999998</ele>
      </trkpt>
      <trkpt lat="42.876342739909887" lon="-1.739719323813915">
        <ele>530.54998779000005</ele>
      </trkpt>
      <trkpt lat="42.876334190368652" lon="-1.739659309387207">
        <ele>530.96002196999996</ele>
      </trkpt>
      <trkpt lat="42.876331591978669" lon="-1.739620333537459">
        <ele>530.94000243999994</ele>
      </trkpt>
      <trkpt lat="42.876315331086516" lon="-1.739376420155168">
        <ele>531.09997558999999</ele>
      </trkpt>
      <trkpt lat="42.876312732696533" lon="-1.73933744430542">
        <ele>531.21002196999996</ele>
      </trkpt>
      <trkpt lat="42.876297393813729" lon="-1.739260833710432">
        <ele>531.21997069999998</ele>
      </trkpt>
      <trkpt lat="42.876250203698874" lon="-1.739024547860026">
        <ele>531.35998534999999</ele>
      </trkpt>
      <trkpt lat="42.876202929764986" lon="-1.738788262009621">
        <ele>531.80999756000006</ele>
      </trkpt>
      <trkpt lat="42.876187590882182" lon="-1.738711651414633">
        <ele>532.03997803000004</ele>
      </trkpt>
      <trkpt lat="42.876191362738609" lon="-1.738660437986255">
        <ele>531.94000243999994</ele>
      </trkpt>
      <trkpt lat="42.876209132373333" lon="-1.738416776061058">
        <ele>532.30999756000006</ele>
      </trkpt>
      <trkpt lat="42.876226818189025" lon="-1.738173197954893">
        <ele>531.96002196999996</ele>
      </trkpt>
      <trkpt lat="42.876244587823749" lon="-1.737929536029697">
        <ele>531.39001465000001</ele>
      </trkpt>
      <trkpt lat="42.876248359680176" lon="-1.737878322601318">
        <ele>531.29998779000005</ele>
      </trkpt>
      <trkpt lat="42.876249952241778" lon="-1.737868934869766">
        <ele>531.29998779000005</ele>
      </trkpt>
      <trkpt lat="42.876289682462811" lon="-1.737630218267441">
        <ele>530.91998291000004</ele>
      </trkpt>
      <trkpt lat="42.876291275024414" lon="-1.737620830535889">
        <ele>531.09997558999999</ele>
      </trkpt>
      <trkpt lat="42.876334190368652" lon="-1.737427711486816">
        <ele>530.73999022999999</ele>
      </trkpt>
      <trkpt lat="42.876420021057129" lon="-1.737256050109863">
        <ele>530.76000977000001</ele>
      </trkpt>
      <trkpt lat="42.876428822055459" lon="-1.737246662378311">
        <ele>530.76000977000001</ele>
      </trkpt>
      <trkpt lat="42.876570224761963" lon="-1.73709511756897">
        <ele>529.10998534999999</ele>
      </trkpt>
      <trkpt lat="42.876711627468467" lon="-1.736943572759628">
        <ele>527.32000731999995</ele>
      </trkpt>
      <trkpt lat="42.876720428466797" lon="-1.736934185028076">
        <ele>526.91998291000004</ele>
      </trkpt>
      <trkpt lat="42.876784801483154" lon="-1.736762523651123">
        <ele>525.42999268000005</ele>
      </trkpt>
      <trkpt lat="42.876784801483154" lon="-1.736762523651123">
        <ele>525.42999268000005</ele>
      </trkpt>
      <trkpt lat="42.87681489251554" lon="-1.736748442053795">
        <ele>525.5</ele>
      </trkpt>
      <trkpt lat="42.876985128968954" lon="-1.736668478697538">
        <ele>525.59002685999997</ele>
      </trkpt>
      <trkpt lat="42.877155365422368" lon="-1.736588599160314">
        <ele>525.71002196999996</ele>
      </trkpt>
      <trkpt lat="42.87732551805675" lon="-1.736508719623089">
        <ele>526.02001953000001</ele>
      </trkpt>
      <trkpt lat="42.877495754510164" lon="-1.736428840085864">
        <ele>526.29998779000005</ele>
      </trkpt>
      <trkpt lat="42.877665990963578" lon="-1.736348876729608">
        <ele>526.51000977000001</ele>
      </trkpt>
      <trkpt lat="42.877836227416992" lon="-1.736268997192383">
        <ele>526.75</ele>
      </trkpt>
      <trkpt lat="42.878006463870406" lon="-1.736189117655158">
        <ele>526.97998046999999</ele>
      </trkpt>
      <trkpt lat="42.87817670032382" lon="-1.736109238117933">
        <ele>527.19000243999994</ele>
      </trkpt>
      <trkpt lat="42.878346936777234" lon="-1.736029274761677">
        <ele>527.53002930000002</ele>
      </trkpt>
      <trkpt lat="42.878517089411616" lon="-1.735949395224452">
        <ele>527.58001708999996</ele>
      </trkpt>
      <trkpt lat="42.87868732586503" lon="-1.735869515687227">
        <ele>527.89001465000001</ele>
      </trkpt>
      <trkpt lat="42.878857562318444" lon="-1.735789552330971">
        <ele>528.10998534999999</ele>
      </trkpt>
      <trkpt lat="42.87888765335083" lon="-1.735775470733643">
        <ele>528.33001708999996</ele>
      </trkpt>
      <trkpt lat="42.87890961393714" lon="-1.735765747725964">
        <ele>528.32000731999995</ele>
      </trkpt>
      <trkpt lat="42.879080772399902" lon="-1.735689640045166">
        <ele>528.69000243999994</ele>
      </trkpt>
      <trkpt lat="42.879251930862665" lon="-1.735613532364368">
        <ele>529.09997558999999</ele>
      </trkpt>
      <trkpt lat="42.879273891448975" lon="-1.73560380935669">
        <ele>529.20001220999995</ele>
      </trkpt>
      <trkpt lat="42.879323428496718" lon="-1.735600037500262">
        <ele>529.39001465000001</ele>
      </trkpt>
      <trkpt lat="42.87950330413878" lon="-1.735586123540998">
        <ele>530.22998046999999</ele>
      </trkpt>
      <trkpt lat="42.879552841186523" lon="-1.73558235168457">
        <ele>530.42999268000005</ele>
      </trkpt>
      <trkpt lat="42.879596427083015" lon="-1.7355842795223">
        <ele>530.61999512</ele>
      </trkpt>
      <trkpt lat="42.879776386544108" lon="-1.735592074692249">
        <ele>531.40002441000001</ele>
      </trkpt>
      <trkpt lat="42.879956346005201" lon="-1.735599869862199">
        <ele>532.45001220999995</ele>
      </trkpt>
      <trkpt lat="42.880136389285326" lon="-1.73560774885118">
        <ele>533.52001953000001</ele>
      </trkpt>
      <trkpt lat="42.880316348746419" lon="-1.73561554402113">
        <ele>534.29998779000005</ele>
      </trkpt>
      <trkpt lat="42.880496308207512" lon="-1.735623339191079">
        <ele>535.11999512</ele>
      </trkpt>
      <trkpt lat="42.880539894104004" lon="-1.735625267028809">
        <ele>535.28997803000004</ele>
      </trkpt>
      <trkpt lat="42.88062572479248" lon="-1.73560380935669">
        <ele>535.53002930000002</ele>
      </trkpt>
      <trkpt lat="42.880629748106003" lon="-1.735601294785738">
        <ele>535.59002685999997</ele>
      </trkpt>
      <trkpt lat="42.880793362855911" lon="-1.735499035567045">
        <ele>536.26000977000001</ele>
      </trkpt>
      <trkpt lat="42.880797386169434" lon="-1.735496520996094">
        <ele>536.26000977000001</ele>
      </trkpt>
      <trkpt lat="42.880869302898645" lon="-1.73544991761446">
        <ele>536.5</ele>
      </trkpt>
      <trkpt lat="42.881031828001142" lon="-1.735344473272562">
        <ele>537.15002441000001</ele>
      </trkpt>
      <trkpt lat="42.881194353103638" lon="-1.735239028930664">
        <ele>537.75</ele>
      </trkpt>
      <trkpt lat="42.881356878206134" lon="-1.735133584588766">
        <ele>538.75</ele>
      </trkpt>
      <trkpt lat="42.88151940330863" lon="-1.735028140246868">
        <ele>540.25</ele>
      </trkpt>
      <trkpt lat="42.881591320037842" lon="-1.734981536865234">
        <ele>540.80999756000006</ele>
      </trkpt>
      <trkpt lat="42.881633983924985" lon="-1.734963767230511">
        <ele>541.15002441000001</ele>
      </trkpt>
      <trkpt lat="42.881806148216128" lon="-1.734892018139362">
        <ele>542.32000731999995</ele>
      </trkpt>
      <trkpt lat="42.881848812103271" lon="-1.734874248504639">
        <ele>542.82000731999995</ele>
      </trkpt>
      <trkpt lat="42.881867000833154" lon="-1.734870644286275">
        <ele>542.90997314000003</ele>
      </trkpt>
      <trkpt lat="42.882045200094581" lon="-1.734834937378764">
        <ele>544.42999268000005</ele>
      </trkpt>
      <trkpt lat="42.882063388824463" lon="-1.7348313331604">
        <ele>544.55999756000006</ele>
      </trkpt>
      <trkpt lat="42.88210378959775" lon="-1.734827561303973">
        <ele>544.89001465000001</ele>
      </trkpt>
      <trkpt lat="42.882283413782716" lon="-1.734810965135694">
        <ele>545.78002930000002</ele>
      </trkpt>
      <trkpt lat="42.882463121786714" lon="-1.734794285148382">
        <ele>546.90997314000003</ele>
      </trkpt>
      <trkpt lat="42.88264274597168" lon="-1.734777688980103">
        <ele>548.26000977000001</ele>
      </trkpt>
      <trkpt lat="42.882822370156646" lon="-1.734761092811823">
        <ele>549.46997069999998</ele>
      </trkpt>
      <trkpt lat="42.883002078160644" lon="-1.734744412824512">
        <ele>550.53997803000004</ele>
      </trkpt>
      <trkpt lat="42.88318170234561" lon="-1.734727816656232">
        <ele>551.59002685999997</ele>
      </trkpt>
      <trkpt lat="42.883222103118896" lon="-1.734724044799805">
        <ele>551.83001708999996</ele>
      </trkpt>
      <trkpt lat="42.883288823068142" lon="-1.734724044799805">
        <ele>552.07000731999995</ele>
      </trkpt>
      <trkpt lat="42.883468866348267" lon="-1.734724044799805">
        <ele>553.05999756000006</ele>
      </trkpt>
      <trkpt lat="42.883648909628391" lon="-1.734724044799805">
        <ele>554.03997803000004</ele>
      </trkpt>
      <trkpt lat="42.883715629577637" lon="-1.734724044799805">
        <ele>554.44000243999994</ele>
      </trkpt>
      <trkpt lat="42.883742703124881" lon="-1.734716920182109">
        <ele>554.55999756000006</ele>
      </trkpt>
      <trkpt lat="42.883919477462769" lon="-1.734670400619507">
        <ele>555.45001220999995</ele>
      </trkpt>
      <trkpt lat="42.884096251800656" lon="-1.734623881056905">
        <ele>556.27001953000001</ele>
      </trkpt>
      <trkpt lat="42.8841233253479" lon="-1.734616756439209">
        <ele>556.35998534999999</ele>
      </trkpt>
      <trkpt lat="42.88416875526309" lon="-1.734612565487623">
        <ele>556.65002441000001</ele>
      </trkpt>
      <trkpt lat="42.884202366694808" lon="-1.734609548002482">
        <ele>556.83001708999996</ele>
      </trkpt>
      <trkpt lat="42.884382074698806" lon="-1.734593203291297">
        <ele>557.84002685999997</ele>
      </trkpt>
      <trkpt lat="42.884561782702804" lon="-1.734576858580113">
        <ele>558.35998534999999</ele>
      </trkpt>
      <trkpt lat="42.884595394134521" lon="-1.734573841094971">
        <ele>558.34997558999999</ele>
      </trkpt>
      <trkpt lat="42.884656665846705" lon="-1.734560681506991">
        <ele>558.57000731999995</ele>
      </trkpt>
      <trkpt lat="42.884834529832006" lon="-1.734522627666593">
        <ele>559.07000731999995</ele>
      </trkpt>
      <trkpt lat="42.884895801544189" lon="-1.734509468078613">
        <ele>559.44000243999994</ele>
      </trkpt>
      <trkpt lat="42.885067462921143" lon="-1.734445095062256">
        <ele>560.09002685999997</ele>
      </trkpt>
      <trkpt lat="42.885217666625977" lon="-1.73433780670166">
        <ele>560.26000977000001</ele>
      </trkpt>
      <trkpt lat="42.885346412658691" lon="-1.734187602996826">
        <ele>560.65002441000001</ele>
      </trkpt>
      <trkpt lat="42.885365774855018" lon="-1.734162708744407">
        <ele>560.84997558999999</ele>
      </trkpt>
      <trkpt lat="42.885496616363525" lon="-1.733994483947754">
        <ele>561.36999512</ele>
      </trkpt>
      <trkpt lat="42.885627457872033" lon="-1.733826259151101">
        <ele>562.08001708999996</ele>
      </trkpt>
      <trkpt lat="42.885646820068359" lon="-1.733801364898682">
        <ele>562.19000243999994</ele>
      </trkpt>
      <trkpt lat="42.885649753734469" lon="-1.733796587213874">
        <ele>562.30999756000006</ele>
      </trkpt>
      <trkpt lat="42.885764837265015" lon="-1.733608245849609">
        <ele>562.88000488</ele>
      </trkpt>
      <trkpt lat="42.88587992079556" lon="-1.733419904485345">
        <ele>563.85998534999999</ele>
      </trkpt>
      <trkpt lat="42.88588285446167" lon="-1.733415126800537">
        <ele>563.85998534999999</ele>
      </trkpt>
      <trkpt lat="42.885920153930783" lon="-1.733335833996534">
        <ele>564.26000977000001</ele>
      </trkpt>
      <trkpt lat="42.88601721636951" lon="-1.733129639178515">
        <ele>565.57000731999995</ele>
      </trkpt>
      <trkpt lat="42.886054515838623" lon="-1.733050346374512">
        <ele>566.26000977000001</ele>
      </trkpt>
      <trkpt lat="42.8861403465271" lon="-1.732921600341797">
        <ele>567.29998779000005</ele>
      </trkpt>
      <trkpt lat="42.886204719543457" lon="-1.73285722732544">
        <ele>567.84002685999997</ele>
      </trkpt>
      <trkpt lat="42.886333465576172" lon="-1.732771396636963">
        <ele>569.03002930000002</ele>
      </trkpt>
      <trkpt lat="42.886379901319742" lon="-1.73275857232511">
        <ele>569.30999756000006</ele>
      </trkpt>
      <trkpt lat="42.886556340381503" lon="-1.732709873467684">
        <ele>570.65002441000001</ele>
      </trkpt>
      <trkpt lat="42.886732863262296" lon="-1.732661258429289">
        <ele>571.90002441000001</ele>
      </trkpt>
      <trkpt lat="42.886909302324057" lon="-1.732612559571862">
        <ele>573.13000488</ele>
      </trkpt>
      <trkpt lat="42.886955738067627" lon="-1.73259973526001">
        <ele>573.52001953000001</ele>
      </trkpt>
      <trkpt lat="42.887063026428223" lon="-1.732556819915772">
        <ele>574.38000488</ele>
      </trkpt>
      <trkpt lat="42.887099822983146" lon="-1.732528237625957">
        <ele>574.71997069999998</ele>
      </trkpt>
      <trkpt lat="42.887256145477295" lon="-1.732406616210938">
        <ele>576.03997803000004</ele>
      </trkpt>
      <trkpt lat="42.887412467971444" lon="-1.732284994795919">
        <ele>577.28002930000002</ele>
      </trkpt>
      <trkpt lat="42.887449264526367" lon="-1.732256412506104">
        <ele>577.59997558999999</ele>
      </trkpt>
      <trkpt lat="42.887460244819522" lon="-1.732251551002264">
        <ele>577.67999268000005</ele>
      </trkpt>
      <trkpt lat="42.887631403282285" lon="-1.732175443321466">
        <ele>578.95001220999995</ele>
      </trkpt>
      <trkpt lat="42.887642383575439" lon="-1.732170581817627">
        <ele>578.95001220999995</ele>
      </trkpt>
      <trkpt lat="42.887713294476271" lon="-1.732170581817627">
        <ele>579.41998291000004</ele>
      </trkpt>
      <trkpt lat="42.887893337756395" lon="-1.732170581817627">
        <ele>580.46997069999998</ele>
      </trkpt>
      <trkpt lat="42.887964248657227" lon="-1.732170581817627">
        <ele>580.96002196999996</ele>
      </trkpt>
      <trkpt lat="42.888014288619161" lon="-1.732162870466709">
        <ele>581.35998534999999</ele>
      </trkpt>
      <trkpt lat="42.888193158432841" lon="-1.732135377824307">
        <ele>582.90002441000001</ele>
      </trkpt>
      <trkpt lat="42.888243198394775" lon="-1.732127666473389">
        <ele>583.27001953000001</ele>
      </trkpt>
      <trkpt lat="42.888329029083252" lon="-1.732127666473389">
        <ele>583.69000243999994</ele>
      </trkpt>
      <trkpt lat="42.888436317443848" lon="-1.732149124145508">
        <ele>584.16998291000004</ele>
      </trkpt>
      <trkpt lat="42.888500690460205" lon="-1.732213497161865">
        <ele>584.39001465000001</ele>
      </trkpt>
      <trkpt lat="42.8885234054178" lon="-1.732244342565537">
        <ele>584.34002685999997</ele>
      </trkpt>
      <trkpt lat="42.888650894165039" lon="-1.732417345046997">
        <ele>584.59997558999999</ele>
      </trkpt>
      <trkpt lat="42.888778382912278" lon="-1.732590347528458">
        <ele>584.96997069999998</ele>
      </trkpt>
      <trkpt lat="42.888801097869873" lon="-1.732621192932129">
        <ele>585.04998779000005</ele>
      </trkpt>
      <trkpt lat="42.888833452016115" lon="-1.732664275914431">
        <ele>585.23999022999999</ele>
      </trkpt>
      <trkpt lat="42.888962030410767" lon="-1.73283576965332">
        <ele>585.88000488</ele>
      </trkpt>
      <trkpt lat="42.889090608805418" lon="-1.733007179573178">
        <ele>586.65997314000003</ele>
      </trkpt>
      <trkpt lat="42.88912296295166" lon="-1.733050346374512">
        <ele>586.94000243999994</ele>
      </trkpt>
      <trkpt lat="42.889134613797069" lon="-1.73306786455214">
        <ele>587.05999756000006</ele>
      </trkpt>
      <trkpt lat="42.889255564659834" lon="-1.733249332755804">
        <ele>587.78997803000004</ele>
      </trkpt>
      <trkpt lat="42.889376599341631" lon="-1.733430717140436">
        <ele>588.45001220999995</ele>
      </trkpt>
      <trkpt lat="42.889497550204396" lon="-1.7336121853441">
        <ele>588.92999268000005</ele>
      </trkpt>
      <trkpt lat="42.889509201049805" lon="-1.733629703521729">
        <ele>589</ele>
      </trkpt>
      <trkpt lat="42.8896164894104" lon="-1.733758449554443">
        <ele>589.14001465000001</ele>
      </trkpt>
      <trkpt lat="42.889690501615405" lon="-1.733799353241921">
        <ele>589.15002441000001</ele>
      </trkpt>
      <trkpt lat="42.88985738530755" lon="-1.733891554176807">
        <ele>589.53997803000004</ele>
      </trkpt>
      <trkpt lat="42.890024185180664" lon="-1.733983755111694">
        <ele>589.82000731999995</ele>
      </trkpt>
      <trkpt lat="42.890190985053778" lon="-1.734075956046581">
        <ele>590.04998779000005</ele>
      </trkpt>
      <trkpt lat="42.890357868745923" lon="-1.734168156981468">
        <ele>590.34002685999997</ele>
      </trkpt>
      <trkpt lat="42.890431880950928" lon="-1.734209060668945">
        <ele>590.39001465000001</ele>
      </trkpt>
      <trkpt lat="42.890434563159943" lon="-1.734210401773453">
        <ele>590.39001465000001</ele>
      </trkpt>
      <trkpt lat="42.890603542327881" lon="-1.734294891357422">
        <ele>590.42999268000005</ele>
      </trkpt>
      <trkpt lat="42.890772521495819" lon="-1.734379380941391">
        <ele>590.64001465000001</ele>
      </trkpt>
      <trkpt lat="42.890775203704834" lon="-1.734380722045898">
        <ele>590.64001465000001</ele>
      </trkpt>
      <trkpt lat="42.890837481245399" lon="-1.734414417296648">
        <ele>590.55999756000006</ele>
      </trkpt>
      <trkpt lat="42.891004784032702" lon="-1.734504858031869">
        <ele>590.84997558999999</ele>
      </trkpt>
      <trkpt lat="42.891172170639038" lon="-1.73459529876709">
        <ele>591.23999022999999</ele>
      </trkpt>
      <trkpt lat="42.891339557245374" lon="-1.734685739502311">
        <ele>591.45001220999995</ele>
      </trkpt>
      <trkpt lat="42.891506860032678" lon="-1.734776180237532">
        <ele>591.57000731999995</ele>
      </trkpt>
      <trkpt lat="42.891569137573242" lon="-1.734809875488281">
        <ele>591.65002441000001</ele>
      </trkpt>
      <trkpt lat="42.891644742339849" lon="-1.734865782782435">
        <ele>591.78997803000004</ele>
      </trkpt>
      <trkpt lat="42.891719173640013" lon="-1.734920684248209">
        <ele>591.89001465000001</ele>
      </trkpt>
      <trkpt lat="42.891877507790923" lon="-1.735037444159389">
        <ele>592.17999268000005</ele>
      </trkpt>
      <trkpt lat="42.892035841941833" lon="-1.735154120251536">
        <ele>592.5</ele>
      </trkpt>
      <trkpt lat="42.892194176092744" lon="-1.735270880162716">
        <ele>592.85998534999999</ele>
      </trkpt>
      <trkpt lat="42.892352510243654" lon="-1.735387556254864">
        <ele>593.25</ele>
      </trkpt>
      <trkpt lat="42.892510760575533" lon="-1.735504316166043">
        <ele>593.52001953000001</ele>
      </trkpt>
      <trkpt lat="42.892669094726443" lon="-1.735620992258191">
        <ele>593.90997314000003</ele>
      </trkpt>
      <trkpt lat="42.892827428877354" lon="-1.735737752169371">
        <ele>594.23999022999999</ele>
      </trkpt>
      <trkpt lat="42.892985763028264" lon="-1.73585451208055">
        <ele>594.78997803000004</ele>
      </trkpt>
      <trkpt lat="42.893144013360143" lon="-1.735971188172698">
        <ele>595.40997314000003</ele>
      </trkpt>
      <trkpt lat="42.893302347511053" lon="-1.736087948083878">
        <ele>596.07000731999995</ele>
      </trkpt>
      <trkpt lat="42.893460681661963" lon="-1.736204624176025">
        <ele>596.65997314000003</ele>
      </trkpt>
      <trkpt lat="42.893619015812874" lon="-1.736321384087205">
        <ele>597.40002441000001</ele>
      </trkpt>
      <trkpt lat="42.893693447113037" lon="-1.736376285552979">
        <ele>597.94000243999994</ele>
      </trkpt>
      <trkpt lat="42.893727896735072" lon="-1.736395061016083">
        <ele>597.91998291000004</ele>
      </trkpt>
      <trkpt lat="42.893895031884313" lon="-1.736486256122589">
        <ele>598.57000731999995</ele>
      </trkpt>
      <trkpt lat="42.893929481506348" lon="-1.736505031585693">
        <ele>598.72998046999999</ele>
      </trkpt>
      <trkpt lat="42.894101142883301" lon="-1.736526489257813">
        <ele>599.04998779000005</ele>
      </trkpt>
      <trkpt lat="42.894167946651578" lon="-1.736529422923923">
        <ele>599.23999022999999</ele>
      </trkpt>
      <trkpt lat="42.894347906112671" lon="-1.736537218093872">
        <ele>599.59002685999997</ele>
      </trkpt>
      <trkpt lat="42.894527865573764" lon="-1.736545013263822">
        <ele>599.96997069999998</ele>
      </trkpt>
      <trkpt lat="42.894594669342041" lon="-1.736547946929932">
        <ele>600.13000488</ele>
      </trkpt>
      <trkpt lat="42.894723415374756" lon="-1.736612319946289">
        <ele>600.89001465000001</ele>
      </trkpt>
      <trkpt lat="42.894733054563403" lon="-1.736624725162983">
        <ele>600.97998046999999</ele>
      </trkpt>
      <trkpt lat="42.894863979890943" lon="-1.736793033778667">
        <ele>602.72998046999999</ele>
      </trkpt>
      <trkpt lat="42.89487361907959" lon="-1.736805438995361">
        <ele>602.90002441000001</ele>
      </trkpt>
      <trkpt lat="42.894876217469573" lon="-1.736808037385345">
        <ele>602.90002441000001</ele>
      </trkpt>
      <trkpt lat="42.895021224394441" lon="-1.736953044310212">
        <ele>604.59002685999997</ele>
      </trkpt>
      <trkpt lat="42.895023822784424" lon="-1.736955642700195">
        <ele>604.59002685999997</ele>
      </trkpt>
      <trkpt lat="42.89513111114502" lon="-1.737020015716553">
        <ele>606.03997803000004</ele>
      </trkpt>
      <trkpt lat="42.895216941833496" lon="-1.737020015716553">
        <ele>606.82000731999995</ele>
      </trkpt>
      <trkpt lat="42.895245691761374" lon="-1.737014818936586">
        <ele>606.97998046999999</ele>
      </trkpt>
      <trkpt lat="42.895424226298928" lon="-1.736982297152281">
        <ele>607.90002441000001</ele>
      </trkpt>
      <trkpt lat="42.895452976226807" lon="-1.736977100372315">
        <ele>607.86999512</ele>
      </trkpt>
      <trkpt lat="42.895538806915283" lon="-1.736934185028076">
        <ele>607.77001953000001</ele>
      </trkpt>
      <trkpt lat="42.895612064749002" lon="-1.73693192191422">
        <ele>607.66998291000004</ele>
      </trkpt>
      <trkpt lat="42.895792108029127" lon="-1.736926306039095">
        <ele>607.35998534999999</ele>
      </trkpt>
      <trkpt lat="42.895972151309252" lon="-1.736920606344938">
        <ele>607</ele>
      </trkpt>
      <trkpt lat="42.896152194589376" lon="-1.736914990469813">
        <ele>606.71997069999998</ele>
      </trkpt>
      <trkpt lat="42.896225452423096" lon="-1.736912727355957">
        <ele>606.70001220999995</ele>
      </trkpt>
      <trkpt lat="42.896397113800049" lon="-1.736891269683838">
        <ele>606.71997069999998</ele>
      </trkpt>
      <trkpt lat="42.89646458812058" lon="-1.736882468685508">
        <ele>606.79998779000005</ele>
      </trkpt>
      <trkpt lat="42.896643877029419" lon="-1.736859083175659">
        <ele>606.72998046999999</ele>
      </trkpt>
      <trkpt lat="42.896823165938258" lon="-1.736835697665811">
        <ele>607</ele>
      </trkpt>
      <trkpt lat="42.896890640258789" lon="-1.736826896667481">
        <ele>607.09002685999997</ele>
      </trkpt>
      <trkpt lat="42.896931963041425" lon="-1.736813150346279">
        <ele>606.92999268000005</ele>
      </trkpt>
      <trkpt lat="42.897106809541583" lon="-1.736754812300205">
        <ele>607.33001708999996</ele>
      </trkpt>
      <trkpt lat="42.897148132324219" lon="-1.736741065979004">
        <ele>607.5</ele>
      </trkpt>
      <trkpt lat="42.897213846445084" lon="-1.736708208918572">
        <ele>607.83001708999996</ele>
      </trkpt>
      <trkpt lat="42.897382825613022" lon="-1.736623719334602">
        <ele>608.58001708999996</ele>
      </trkpt>
      <trkpt lat="42.897448539733887" lon="-1.73659086227417">
        <ele>609.02001953000001</ele>
      </trkpt>
      <trkpt lat="42.897505201399326" lon="-1.736550377681851">
        <ele>609.34002685999997</ele>
      </trkpt>
      <trkpt lat="42.897664625197649" lon="-1.736436551436782">
        <ele>610.08001708999996</ele>
      </trkpt>
      <trkpt lat="42.897824048995972" lon="-1.736322641372681">
        <ele>611.05999756000006</ele>
      </trkpt>
      <trkpt lat="42.897983472794294" lon="-1.736208731308579">
        <ele>612.15997314000003</ele>
      </trkpt>
      <trkpt lat="42.898142896592617" lon="-1.73609490506351">
        <ele>613.53002930000002</ele>
      </trkpt>
      <trkpt lat="42.898199558258057" lon="-1.736054420471191">
        <ele>613.79998779000005</ele>
      </trkpt>
      <trkpt lat="42.898274073377252" lon="-1.736024580895901">
        <ele>614.11999512</ele>
      </trkpt>
      <trkpt lat="42.898446908220649" lon="-1.735955514013767">
        <ele>614.71997069999998</ele>
      </trkpt>
      <trkpt lat="42.898521423339844" lon="-1.735925674438477">
        <ele>615.15002441000001</ele>
      </trkpt>
      <trkpt lat="42.898528212681413" lon="-1.735924920067191">
        <ele>615.15002441000001</ele>
      </trkpt>
      <trkpt lat="42.898707753047347" lon="-1.735904971137643">
        <ele>616.09002685999997</ele>
      </trkpt>
      <trkpt lat="42.898714542388916" lon="-1.735904216766357">
        <ele>616.13000488</ele>
      </trkpt>
      <trkpt lat="42.898731809109449" lon="-1.735904216766357">
        <ele>616.23999022999999</ele>
      </trkpt>
      <trkpt lat="42.898911852389574" lon="-1.735904216766357">
        <ele>617.15002441000001</ele>
      </trkpt>
      <trkpt lat="42.898929119110107" lon="-1.735904216766357">
        <ele>617.21997069999998</ele>
      </trkpt>
      <trkpt lat="42.898979159072042" lon="-1.735911928117275">
        <ele>617.40997314000003</ele>
      </trkpt>
      <trkpt lat="42.899158028885722" lon="-1.735939420759678">
        <ele>618.30999756000006</ele>
      </trkpt>
      <trkpt lat="42.899208068847656" lon="-1.735947132110596">
        <ele>618.67999268000005</ele>
      </trkpt>
      <trkpt lat="42.899250732734799" lon="-1.735964901745319">
        <ele>618.96997069999998</ele>
      </trkpt>
      <trkpt lat="42.899422897025943" lon="-1.736036650836468">
        <ele>619.86999512</ele>
      </trkpt>
      <trkpt lat="42.899465560913086" lon="-1.736054420471191">
        <ele>619.85998534999999</ele>
      </trkpt>
      <trkpt lat="42.899572849273682" lon="-1.736140251159668">
        <ele>620.09002685999997</ele>
      </trkpt>
      <trkpt lat="42.899694722145796" lon="-1.736244773492217">
        <ele>620.09997558999999</ele>
      </trkpt>
      <trkpt lat="42.899723052978516" lon="-1.736268997192383">
        <ele>620.21997069999998</ele>
      </trkpt>
      <trkpt lat="42.899729255586863" lon="-1.736276037991047">
        <ele>620.17999268000005</ele>
      </trkpt>
      <trkpt lat="42.899867054075003" lon="-1.736433617770672">
        <ele>620.71997069999998</ele>
      </trkpt>
      <trkpt lat="42.89987325668335" lon="-1.736440658569336">
        <ele>620.73999022999999</ele>
      </trkpt>
      <trkpt lat="42.899895804002881" lon="-1.736466223374009">
        <ele>620.78997803000004</ele>
      </trkpt>
      <trkpt lat="42.900034189224243" lon="-1.736623048782349">
        <ele>621.34002685999997</ele>
      </trkpt>
      <trkpt lat="42.900172574445605" lon="-1.736779874190688">
        <ele>621.78997803000004</ele>
      </trkpt>
      <trkpt lat="42.900195121765137" lon="-1.736805438995361">
        <ele>621.91998291000004</ele>
      </trkpt>
      <trkpt lat="42.900208113715053" lon="-1.736824046820402">
        <ele>622.03002930000002</ele>
      </trkpt>
      <trkpt lat="42.900332333520055" lon="-1.737001407891512">
        <ele>623.23999022999999</ele>
      </trkpt>
      <trkpt lat="42.900345325469971" lon="-1.737020015716553">
        <ele>623.07000731999995</ele>
      </trkpt>
      <trkpt lat="42.900355719029903" lon="-1.737037114799023">
        <ele>623.35998534999999</ele>
      </trkpt>
      <trkpt lat="42.90047038346529" lon="-1.737225959077478">
        <ele>624.39001465000001</ele>
      </trkpt>
      <trkpt lat="42.900585047900677" lon="-1.737414887174964">
        <ele>625.66998291000004</ele>
      </trkpt>
      <trkpt lat="42.900699712336063" lon="-1.737603731453419">
        <ele>626.83001708999996</ele>
      </trkpt>
      <trkpt lat="42.900710105895996" lon="-1.737620830535889">
        <ele>626.94000243999994</ele>
      </trkpt>
      <trkpt lat="42.900731982663274" lon="-1.737661482766271">
        <ele>627.28002930000002</ele>
      </trkpt>
      <trkpt lat="42.900838432833552" lon="-1.737859128043056">
        <ele>628.52001953000001</ele>
      </trkpt>
      <trkpt lat="42.90086030960083" lon="-1.737899780273438">
        <ele>628.80999756000006</ele>
      </trkpt>
      <trkpt lat="42.90088377892971" lon="-1.737962309271097">
        <ele>629.03997803000004</ele>
      </trkpt>
      <trkpt lat="42.900965586304665" lon="-1.738180574029684">
        <ele>630.14001465000001</ele>
      </trkpt>
      <trkpt lat="42.900989055633545" lon="-1.738243103027344">
        <ele>630.45001220999995</ele>
      </trkpt>
      <trkpt lat="42.901009256020188" lon="-1.738311750814319">
        <ele>630.66998291000004</ele>
      </trkpt>
      <trkpt lat="42.901076143607497" lon="-1.738539235666394">
        <ele>631.36999512</ele>
      </trkpt>
      <trkpt lat="42.901096343994141" lon="-1.738607883453369">
        <ele>631.53997803000004</ele>
      </trkpt>
      <trkpt lat="42.901098942384124" lon="-1.738619785755873">
        <ele>631.53997803000004</ele>
      </trkpt>
      <trkpt lat="42.901149988174438" lon="-1.738854646682739">
        <ele>632.25</ele>
      </trkpt>
      <trkpt lat="42.901201033964753" lon="-1.739089507609606">
        <ele>632.67999268000005</ele>
      </trkpt>
      <trkpt lat="42.901203632354736" lon="-1.739101409912109">
        <ele>632.67999268000005</ele>
      </trkpt>
      <trkpt lat="42.901213020086288" lon="-1.739165782928467">
        <ele>632.88000488</ele>
      </trkpt>
      <trkpt lat="42.901247888803482" lon="-1.739406092092395">
        <ele>633.54998779000005</ele>
      </trkpt>
      <trkpt lat="42.901282757520676" lon="-1.739646401256323">
        <ele>634.23999022999999</ele>
      </trkpt>
      <trkpt lat="42.901317626237869" lon="-1.739886710420251">
        <ele>634.76000977000001</ele>
      </trkpt>
      <trkpt lat="42.901352494955063" lon="-1.740127103403211">
        <ele>635.35998534999999</ele>
      </trkpt>
      <trkpt lat="42.901387363672256" lon="-1.740367412567139">
        <ele>635.90002441000001</ele>
      </trkpt>
      <trkpt lat="42.901396751403809" lon="-1.740431785583496">
        <ele>635.85998534999999</ele>
      </trkpt>
      <trkpt lat="42.901396751403809" lon="-1.740624904632568">
        <ele>636.44000243999994</ele>
      </trkpt>
      <trkpt lat="42.901396751403809" lon="-1.74083948135376">
        <ele>636.91998291000004</ele>
      </trkpt>
      <trkpt lat="42.901382585987449" lon="-1.740934029221535">
        <ele>637.21002196999996</ele>
      </trkpt>
      <trkpt lat="42.901346543803811" lon="-1.741174086928368">
        <ele>637.83001708999996</ele>
      </trkpt>
      <trkpt lat="42.901332378387451" lon="-1.741268634796143">
        <ele>638.25</ele>
      </trkpt>
      <trkpt lat="42.901320140808821" lon="-1.741314399987459">
        <ele>638.47998046999999</ele>
      </trkpt>
      <trkpt lat="42.901258785277605" lon="-1.741544734686613">
        <ele>639.59997558999999</ele>
      </trkpt>
      <trkpt lat="42.901246547698975" lon="-1.74159049987793">
        <ele>639.83001708999996</ele>
      </trkpt>
      <trkpt lat="42.901209248229861" lon="-1.741669708862901">
        <ele>640.23999022999999</ele>
      </trkpt>
      <trkpt lat="42.901112185791135" lon="-1.741876071318984">
        <ele>641.09002685999997</ele>
      </trkpt>
      <trkpt lat="42.901074886322021" lon="-1.741955280303955">
        <ele>641.40997314000003</ele>
      </trkpt>
      <trkpt lat="42.901074048131704" lon="-1.74195846542716">
        <ele>641.48999022999999</ele>
      </trkpt>
      <trkpt lat="42.901011351495981" lon="-1.74218812957406">
        <ele>642.22998046999999</ele>
      </trkpt>
      <trkpt lat="42.901010513305664" lon="-1.742191314697266">
        <ele>642.22998046999999</ele>
      </trkpt>
      <trkpt lat="42.901009004563093" lon="-1.742200618609786">
        <ele>642.22998046999999</ele>
      </trkpt>
      <trkpt lat="42.900969106703997" lon="-1.742439502850175">
        <ele>643.07000731999995</ele>
      </trkpt>
      <trkpt lat="42.900967597961426" lon="-1.742448806762695">
        <ele>643.07000731999995</ele>
      </trkpt>
      <trkpt lat="42.900989055633545" lon="-1.742620468139648">
        <ele>643.55999756000006</ele>
      </trkpt>
      <trkpt lat="42.901053428649902" lon="-1.742813587188721">
        <ele>644.16998291000004</ele>
      </trkpt>
      <trkpt lat="42.90111780166626" lon="-1.742963790893555">
        <ele>645.28997803000004</ele>
      </trkpt>
      <trkpt lat="42.901203632354736" lon="-1.743135452270508">
        <ele>646.32000731999995</ele>
      </trkpt>
      <trkpt lat="42.901213774457574" lon="-1.743144253268838">
        <ele>646.23999022999999</ele>
      </trkpt>
      <trkpt lat="42.901365151628852" lon="-1.743276854977012">
        <ele>647.71997069999998</ele>
      </trkpt>
      <trkpt lat="42.901375293731689" lon="-1.743285655975342">
        <ele>647.77001953000001</ele>
      </trkpt>
      <trkpt lat="42.901482582092285" lon="-1.743350028991699">
        <ele>649.04998779000005</ele>
      </trkpt>
      <trkpt lat="42.901589870452881" lon="-1.743392944335938">
        <ele>650.20001220999995</ele>
      </trkpt>
      <trkpt lat="42.901697158813477" lon="-1.743414402008057">
        <ele>651.22998046999999</ele>
      </trkpt>
      <trkpt lat="42.901782989501953" lon="-1.743392944335938">
        <ele>651.83001708999996</ele>
      </trkpt>
      <trkpt lat="42.90181559510529" lon="-1.743378108367324">
        <ele>652.04998779000005</ele>
      </trkpt>
      <trkpt lat="42.901986418291926" lon="-1.743300491943955">
        <ele>653.66998291000004</ele>
      </trkpt>
      <trkpt lat="42.902019023895264" lon="-1.743285655975342">
        <ele>653.96002196999996</ele>
      </trkpt>
      <trkpt lat="42.902147769927979" lon="-1.743135452270508">
        <ele>655.08001708999996</ele>
      </trkpt>
      <trkpt lat="42.902183141559362" lon="-1.743077365681529">
        <ele>655.44000243999994</ele>
      </trkpt>
      <trkpt lat="42.902297973632812" lon="-1.742888689041138">
        <ele>656.29998779000005</ele>
      </trkpt>
      <trkpt lat="42.902412805706263" lon="-1.742700012400746">
        <ele>657.35998534999999</ele>
      </trkpt>
      <trkpt lat="42.902448177337646" lon="-1.742641925811768">
        <ele>657.57000731999995</ele>
      </trkpt>
      <trkpt lat="42.902474161237478" lon="-1.742588700726628">
        <ele>657.70001220999995</ele>
      </trkpt>
      <trkpt lat="42.902573822066188" lon="-1.742384601384401">
        <ele>658.17999268000005</ele>
      </trkpt>
      <trkpt lat="42.902673482894897" lon="-1.742180585861206">
        <ele>659.11999512</ele>
      </trkpt>
      <trkpt lat="42.902773143723607" lon="-1.741976570338011">
        <ele>660.47998046999999</ele>
      </trkpt>
      <trkpt lat="42.902872804552317" lon="-1.741772470995784">
        <ele>662.19000243999994</ele>
      </trkpt>
      <trkpt lat="42.902898788452148" lon="-1.741719245910645">
        <ele>662.5</ele>
      </trkpt>
      <trkpt lat="42.90293357335031" lon="-1.741646490991116">
        <ele>662.96002196999996</ele>
      </trkpt>
      <trkpt lat="42.903031725436449" lon="-1.741441218182445">
        <ele>664.04998779000005</ele>
      </trkpt>
      <trkpt lat="42.903066510334611" lon="-1.741368463262916">
        <ele>664.55999756000006</ele>
      </trkpt>
      <trkpt lat="42.903134822845459" lon="-1.741225719451904">
        <ele>665.44000243999994</ele>
      </trkpt>
      <trkpt lat="42.903185868635774" lon="-1.741138966754079">
        <ele>665.94000243999994</ele>
      </trkpt>
      <trkpt lat="42.903298353776336" lon="-1.740947691723704">
        <ele>666.98999022999999</ele>
      </trkpt>
      <trkpt lat="42.90334939956665" lon="-1.740860939025879">
        <ele>667.40002441000001</ele>
      </trkpt>
      <trkpt lat="42.903351495042443" lon="-1.740858424454927">
        <ele>667.40002441000001</ele>
      </trkpt>
      <trkpt lat="42.903486024588346" lon="-1.740695564076304">
        <ele>668.73999022999999</ele>
      </trkpt>
      <trkpt lat="42.903620470315218" lon="-1.740532787516713">
        <ele>670.07000731999995</ele>
      </trkpt>
      <trkpt lat="42.903754999861121" lon="-1.74036992713809">
        <ele>671.11999512</ele>
      </trkpt>
      <trkpt lat="42.903757095336914" lon="-1.740367412567139">
        <ele>671.11999512</ele>
      </trkpt>
      <trkpt lat="42.903786934912205" lon="-1.74033472314477">
        <ele>671.33001708999996</ele>
      </trkpt>
      <trkpt lat="42.903927164152265" lon="-1.740181166678667">
        <ele>672.23999022999999</ele>
      </trkpt>
      <trkpt lat="42.904067477211356" lon="-1.740027526393533">
        <ele>673.09997558999999</ele>
      </trkpt>
      <trkpt lat="42.904207706451416" lon="-1.739873886108398">
        <ele>674.02001953000001</ele>
      </trkpt>
      <trkpt lat="42.904347935691476" lon="-1.739720245823264">
        <ele>674.86999512</ele>
      </trkpt>
      <trkpt lat="42.904488248750567" lon="-1.73956660553813">
        <ele>675.79998779000005</ele>
      </trkpt>
      <trkpt lat="42.904628477990627" lon="-1.739413049072027">
        <ele>676.76000977000001</ele>
      </trkpt>
      <trkpt lat="42.904658317565918" lon="-1.739380359649658">
        <ele>676.98999022999999</ele>
      </trkpt>
      <trkpt lat="42.904744148254395" lon="-1.739315986633301">
        <ele>677.44000243999994</ele>
      </trkpt>
      <trkpt lat="42.904808521270752" lon="-1.739294528961182">
        <ele>678.14001465000001</ele>
      </trkpt>
      <trkpt lat="42.904894351959229" lon="-1.739315986633301">
        <ele>679.65002441000001</ele>
      </trkpt>
      <trkpt lat="42.904901141300797" lon="-1.739315232262015">
        <ele>679.65002441000001</ele>
      </trkpt>
      <trkpt lat="42.905080681666732" lon="-1.739295283332467">
        <ele>681.53002930000002</ele>
      </trkpt>
      <trkpt lat="42.905087471008301" lon="-1.739294528961182">
        <ele>681.53002930000002</ele>
      </trkpt>
      <trkpt lat="42.905216217041016" lon="-1.739315986633301">
        <ele>681.63000488</ele>
      </trkpt>
      <trkpt lat="42.90523742325604" lon="-1.739334845915437">
        <ele>682.15997314000003</ele>
      </trkpt>
      <trkpt lat="42.905388129875064" lon="-1.739468788728118">
        <ele>682.97998046999999</ele>
      </trkpt>
      <trkpt lat="42.905409336090088" lon="-1.739487648010254">
        <ele>682.83001708999996</ele>
      </trkpt>
      <trkpt lat="42.905516624450684" lon="-1.739659309387207">
        <ele>684.32000731999995</ele>
      </trkpt>
      <trkpt lat="42.905559539794922" lon="-1.739680767059326">
        <ele>683.65997314000003</ele>
      </trkpt>
      <trkpt lat="42.905666828155518" lon="-1.739745140075684">
        <ele>682.88000488</ele>
      </trkpt>
      <trkpt lat="42.905673198401928" lon="-1.739746984094381">
        <ele>682.40002441000001</ele>
      </trkpt>
      <trkpt lat="42.90584921836853" lon="-1.739798784255981">
        <ele>680.79998779000005</ele>
      </trkpt>
      <trkpt lat="42.906025238335133" lon="-1.739850584417582">
        <ele>681.30999756000006</ele>
      </trkpt>
      <trkpt lat="42.906031608581543" lon="-1.739852428436279">
        <ele>681.36999512</ele>
      </trkpt>
      <trkpt lat="42.906138896942139" lon="-1.739852428436279">
        <ele>680.76000977000001</ele>
      </trkpt>
      <trkpt lat="42.90620100684464" lon="-1.739834658801556">
        <ele>679</ele>
      </trkpt>
      <trkpt lat="42.906377194449306" lon="-1.739784367382526">
        <ele>677.01000977000001</ele>
      </trkpt>
      <trkpt lat="42.906439304351807" lon="-1.739766597747803">
        <ele>676.70001220999995</ele>
      </trkpt>
      <trkpt lat="42.90644584223628" lon="-1.739766597747803">
        <ele>676.61999512</ele>
      </trkpt>
      <trkpt lat="42.906625885516405" lon="-1.739766597747803">
        <ele>676.84997558999999</ele>
      </trkpt>
      <trkpt lat="42.906632423400879" lon="-1.739766597747803">
        <ele>676.84997558999999</ele>
      </trkpt>
      <trkpt lat="42.906660418957472" lon="-1.739766597747803">
        <ele>676.70001220999995</ele>
      </trkpt>
      <trkpt lat="42.906840462237597" lon="-1.739766597747803">
        <ele>674.94000243999994</ele>
      </trkpt>
      <trkpt lat="42.906868457794189" lon="-1.739766597747803">
        <ele>675.39001465000001</ele>
      </trkpt>
      <trkpt lat="42.907018661499023" lon="-1.739745140075684">
        <ele>675.76000977000001</ele>
      </trkpt>
      <trkpt lat="42.907190322875977" lon="-1.739680767059326">
        <ele>676.71002196999996</ele>
      </trkpt>
      <trkpt lat="42.907252768054605" lon="-1.739602731540799">
        <ele>676.02001953000001</ele>
      </trkpt>
      <trkpt lat="42.907385369762778" lon="-1.739436937496066">
        <ele>675.95001220999995</ele>
      </trkpt>
      <trkpt lat="42.907447814941406" lon="-1.739358901977539">
        <ele>676.03997803000004</ele>
      </trkpt>
      <trkpt lat="42.907454771921039" lon="-1.739353705197573">
        <ele>676.03002930000002</ele>
      </trkpt>
      <trkpt lat="42.907612519338727" lon="-1.739235352724791">
        <ele>675.36999512</ele>
      </trkpt>
      <trkpt lat="42.907619476318359" lon="-1.739230155944824">
        <ele>675.36999512</ele>
      </trkpt>
      <trkpt lat="42.907726764678955" lon="-1.739165782928467">
        <ele>675.96002196999996</ele>
      </trkpt>
      <trkpt lat="42.907791137695313" lon="-1.739165782928467">
        <ele>675.65997314000003</ele>
      </trkpt>
      <trkpt lat="42.90785551071167" lon="-1.739122867584229">
        <ele>675.57000731999995</ele>
      </trkpt>
      <trkpt lat="42.907919883728027" lon="-1.739122867584229">
        <ele>675.90002441000001</ele>
      </trkpt>
      <trkpt lat="42.907937150448561" lon="-1.739122867584229">
        <ele>675.88000488</ele>
      </trkpt>
      <trkpt lat="42.908117193728685" lon="-1.739122867584229">
        <ele>676.38000488</ele>
      </trkpt>
      <trkpt lat="42.908134460449219" lon="-1.739122867584229">
        <ele>676.46002196999996</ele>
      </trkpt>
      <trkpt lat="42.908194726333022" lon="-1.739127142354846">
        <ele>676.57000731999995</ele>
      </trkpt>
      <trkpt lat="42.908374601975083" lon="-1.73914005048573">
        <ele>677.19000243999994</ele>
      </trkpt>
      <trkpt lat="42.908434867858887" lon="-1.739144325256348">
        <ele>677.64001465000001</ele>
      </trkpt>
      <trkpt lat="42.908585071563721" lon="-1.739208698272705">
        <ele>679.10998534999999</ele>
      </trkpt>
      <trkpt lat="42.908588089048862" lon="-1.739209033548832">
        <ele>679.10998534999999</ele>
      </trkpt>
      <trkpt lat="42.908767461776733" lon="-1.739230155944824">
        <ele>680.34997558999999</ele>
      </trkpt>
      <trkpt lat="42.908946834504604" lon="-1.739251278340817">
        <ele>681.84997558999999</ele>
      </trkpt>
      <trkpt lat="42.908949851989746" lon="-1.739251613616943">
        <ele>681.84997558999999</ele>
      </trkpt>
      <trkpt lat="42.908958988264203" lon="-1.739254631102085">
        <ele>681.84997558999999</ele>
      </trkpt>
      <trkpt lat="42.909133834764361" lon="-1.739312969148159">
        <ele>683.67999268000005</ele>
      </trkpt>
      <trkpt lat="42.909142971038818" lon="-1.739315986633301">
        <ele>684</ele>
      </trkpt>
      <trkpt lat="42.909161159768701" lon="-1.739319590851665">
        <ele>684.14001465000001</ele>
      </trkpt>
      <trkpt lat="42.909339359030128" lon="-1.739355297759175">
        <ele>686.38000488</ele>
      </trkpt>
      <trkpt lat="42.90935754776001" lon="-1.739358901977539">
        <ele>686.92999268000005</ele>
      </trkpt>
      <trkpt lat="42.909408258274198" lon="-1.739347167313099">
        <ele>687.53997803000004</ele>
      </trkpt>
      <trkpt lat="42.909585786983371" lon="-1.739306263625622">
        <ele>691</ele>
      </trkpt>
      <trkpt lat="42.909636497497559" lon="-1.739294528961182">
        <ele>691.92999268000005</ele>
      </trkpt>
      <trkpt lat="42.909679412841797" lon="-1.739273071289063">
        <ele>692.59997558999999</ele>
      </trkpt>
      <trkpt lat="42.909722328186035" lon="-1.739187240600586">
        <ele>694.15997314000003</ele>
      </trkpt>
      <trkpt lat="42.909786701202393" lon="-1.738994121551514">
        <ele>698</ele>
      </trkpt>
      <trkpt lat="42.909872531890869" lon="-1.738951206207275">
        <ele>699.53002930000002</ele>
      </trkpt>
      <trkpt lat="42.909958362579346" lon="-1.738972663879395">
        <ele>701.65997314000003</ele>
      </trkpt>
      <trkpt lat="42.90996490046382" lon="-1.738972663879395">
        <ele>701.65997314000003</ele>
      </trkpt>
      <trkpt lat="42.910144943743944" lon="-1.738972663879395">
        <ele>705.08001708999996</ele>
      </trkpt>
      <trkpt lat="42.910151481628418" lon="-1.738972663879395">
        <ele>705.40002441000001</ele>
      </trkpt>
      <trkpt lat="42.910153996199369" lon="-1.738970149308443">
        <ele>705.40002441000001</ele>
      </trkpt>
      <trkpt lat="42.9102991707623" lon="-1.738824974745512">
        <ele>708.75</ele>
      </trkpt>
      <trkpt lat="42.910301685333252" lon="-1.738822460174561">
        <ele>708.75</ele>
      </trkpt>
      <trkpt lat="42.910348623991013" lon="-1.738813491538167">
        <ele>709.48999022999999</ele>
      </trkpt>
      <trkpt lat="42.910526990890503" lon="-1.738779544830322">
        <ele>712.10998534999999</ele>
      </trkpt>
      <trkpt lat="42.910705357789993" lon="-1.738745598122478">
        <ele>715.46997069999998</ele>
      </trkpt>
      <trkpt lat="42.910752296447754" lon="-1.738736629486084">
        <ele>716.26000977000001</ele>
      </trkpt>
      <trkpt lat="42.91077509522438" lon="-1.738725230097771">
        <ele>716.96997069999998</ele>
      </trkpt>
      <trkpt lat="42.910944074392319" lon="-1.738640740513802">
        <ele>719.40002441000001</ele>
      </trkpt>
      <trkpt lat="42.910966873168945" lon="-1.738629341125488">
        <ele>719.54998779000005</ele>
      </trkpt>
      <trkpt lat="42.910989671945572" lon="-1.738640740513802">
        <ele>719.90997314000003</ele>
      </trkpt>
      <trkpt lat="42.91115865111351" lon="-1.738725230097771">
        <ele>721.15997314000003</ele>
      </trkpt>
      <trkpt lat="42.911181449890137" lon="-1.738736629486084">
        <ele>721.53997803000004</ele>
      </trkpt>
      <trkpt lat="42.911267280578613" lon="-1.738715171813965">
        <ele>722.55999756000006</ele>
      </trkpt>
      <trkpt lat="42.91124708019197" lon="-1.73864652402699">
        <ele>722.69000243999994</ele>
      </trkpt>
      <trkpt lat="42.911180192604661" lon="-1.738419039174914">
        <ele>723.04998779000005</ele>
      </trkpt>
      <trkpt lat="42.911159992218018" lon="-1.73835039138794">
        <ele>723.14001465000001</ele>
      </trkpt>
      <trkpt lat="42.911138534545898" lon="-1.738264560699463">
        <ele>723.36999512</ele>
      </trkpt>
      <trkpt lat="42.91113912127912" lon="-1.738257519900799">
        <ele>723.36999512</ele>
      </trkpt>
      <trkpt lat="42.911159405484796" lon="-1.738014109432697">
        <ele>724.70001220999995</ele>
      </trkpt>
      <trkpt lat="42.911159992218018" lon="-1.738007068634033">
        <ele>724.70001220999995</ele>
      </trkpt>
      <trkpt lat="42.911178935319185" lon="-1.737928697839379">
        <ele>725.48999022999999</ele>
      </trkpt>
      <trkpt lat="42.911235094070435" lon="-1.737695932388306">
        <ele>727.10998534999999</ele>
      </trkpt>
      <trkpt lat="42.911291252821684" lon="-1.737463166937232">
        <ele>728.84997558999999</ele>
      </trkpt>
      <trkpt lat="42.911310195922852" lon="-1.737384796142578">
        <ele>729.69000243999994</ele>
      </trkpt>
      <trkpt lat="42.911337604746222" lon="-1.73731841146946">
        <ele>730.07000731999995</ele>
      </trkpt>
      <trkpt lat="42.911425866186619" lon="-1.737104840576649">
        <ele>731.90997314000003</ele>
      </trkpt>
      <trkpt lat="42.911514043807983" lon="-1.736891269683838">
        <ele>733.67999268000005</ele>
      </trkpt>
      <trkpt lat="42.911602221429348" lon="-1.736677698791027">
        <ele>734.85998534999999</ele>
      </trkpt>
      <trkpt lat="42.911690482869744" lon="-1.736464127898216">
        <ele>735.65997314000003</ele>
      </trkpt>
      <trkpt lat="42.911717891693115" lon="-1.736397743225098">
        <ele>735.90002441000001</ele>
      </trkpt>
      <trkpt lat="42.911743288859725" lon="-1.736325742676854">
        <ele>736.11999512</ele>
      </trkpt>
      <trkpt lat="42.91182124055922" lon="-1.736104963347316">
        <ele>736.53997803000004</ele>
      </trkpt>
      <trkpt lat="42.91184663772583" lon="-1.736032962799072">
        <ele>736.51000977000001</ele>
      </trkpt>
      <trkpt lat="42.911872621625662" lon="-1.73597764223814">
        <ele>736.53997803000004</ele>
      </trkpt>
      <trkpt lat="42.91196976788342" lon="-1.735771363601089">
        <ele>736.71997069999998</ele>
      </trkpt>
      <trkpt lat="42.912066830322146" lon="-1.735565001145005">
        <ele>736.65997314000003</ele>
      </trkpt>
      <trkpt lat="42.912163976579905" lon="-1.735358722507954">
        <ele>736.40002441000001</ele>
      </trkpt>
      <trkpt lat="42.912189960479736" lon="-1.735303401947022">
        <ele>736.35998534999999</ele>
      </trkpt>
      <trkpt lat="42.912275791168213" lon="-1.735174655914307">
        <ele>736.35998534999999</ele>
      </trkpt>
      <trkpt lat="42.912361621856689" lon="-1.735067367553711">
        <ele>736.28997803000004</ele>
      </trkpt>
      <trkpt lat="42.912402441725135" lon="-1.735033923760057">
        <ele>736.15997314000003</ele>
      </trkpt>
      <trkpt lat="42.912556836381555" lon="-1.734907692298293">
        <ele>735.72998046999999</ele>
      </trkpt>
      <trkpt lat="42.91259765625" lon="-1.734874248504639">
        <ele>735.66998291000004</ele>
      </trkpt>
      <trkpt lat="42.912640571594238" lon="-1.734809875488281">
        <ele>735.54998779000005</ele>
      </trkpt>
      <trkpt lat="42.912662029266357" lon="-1.734745502471924">
        <ele>735.41998291000004</ele>
      </trkpt>
      <trkpt lat="42.912706285715103" lon="-1.734723374247551">
        <ele>735.46002196999996</ele>
      </trkpt>
      <trkpt lat="42.912875264883041" lon="-1.734638884663582">
        <ele>737.09997558999999</ele>
      </trkpt>
      <trkpt lat="42.912919521331787" lon="-1.734616756439209">
        <ele>737.54998779000005</ele>
      </trkpt>
      <trkpt lat="42.912948271259665" lon="-1.734611559659243">
        <ele>737.94000243999994</ele>
      </trkpt>
      <trkpt lat="42.913126805797219" lon="-1.734579037874937">
        <ele>739.55999756000006</ele>
      </trkpt>
      <trkpt lat="42.913155555725098" lon="-1.734573841094971">
        <ele>739.72998046999999</ele>
      </trkpt>
      <trkpt lat="42.913243733346462" lon="-1.734570320695639">
        <ele>740.46002196999996</ele>
      </trkpt>
      <trkpt lat="42.913423776626587" lon="-1.734563112258911">
        <ele>741.40997314000003</ele>
      </trkpt>
      <trkpt lat="42.913603819906712" lon="-1.734555903822184">
        <ele>742.16998291000004</ele>
      </trkpt>
      <trkpt lat="42.913691997528076" lon="-1.734552383422852">
        <ele>742.73999022999999</ele>
      </trkpt>
      <trkpt lat="42.91375326924026" lon="-1.734539223834872">
        <ele>743.15002441000001</ele>
      </trkpt>
      <trkpt lat="42.91393113322556" lon="-1.734501169994474">
        <ele>744.59002685999997</ele>
      </trkpt>
      <trkpt lat="42.913992404937744" lon="-1.734488010406494">
        <ele>745.05999756000006</ele>
      </trkpt>
      <trkpt lat="42.914023417979479" lon="-1.734476694837213">
        <ele>745.33001708999996</ele>
      </trkpt>
      <trkpt lat="42.91419742628932" lon="-1.734413495287299">
        <ele>746.21997069999998</ele>
      </trkpt>
      <trkpt lat="42.914228439331055" lon="-1.734402179718018">
        <ele>746.48999022999999</ele>
      </trkpt>
      <trkpt lat="42.91435718536377" lon="-1.734294891357422">
        <ele>747.08001708999996</ele>
      </trkpt>
      <trkpt lat="42.914415523409843" lon="-1.734231691807509">
        <ele>747.03997803000004</ele>
      </trkpt>
      <trkpt lat="42.914556339383125" lon="-1.734079141169787">
        <ele>746.65997314000003</ele>
      </trkpt>
      <trkpt lat="42.914614677429199" lon="-1.734015941619873">
        <ele>746.60998534999999</ele>
      </trkpt>
      <trkpt lat="42.914721965789795" lon="-1.733930110931397">
        <ele>746.69000243999994</ele>
      </trkpt>
      <trkpt lat="42.914786338806152" lon="-1.733908653259277">
        <ele>746.71997069999998</ele>
      </trkpt>
      <trkpt lat="42.914828164502978" lon="-1.73392541706562">
        <ele>746.88000488</ele>
      </trkpt>
      <trkpt lat="42.915000915527344" lon="-1.733994483947754">
        <ele>747.67999268000005</ele>
      </trkpt>
      <trkpt lat="42.915173666551709" lon="-1.734063550829887">
        <ele>749.52001953000001</ele>
      </trkpt>
      <trkpt lat="42.915215492248535" lon="-1.734080314636231">
        <ele>750.21002196999996</ele>
      </trkpt>
      <trkpt lat="42.915263352915645" lon="-1.734112249687314">
        <ele>751.15002441000001</ele>
      </trkpt>
      <trkpt lat="42.915425123646855" lon="-1.7342200409621">
        <ele>754.59997558999999</ele>
      </trkpt>
      <trkpt lat="42.915472984313965" lon="-1.734251976013184">
        <ele>755.34002685999997</ele>
      </trkpt>
      <trkpt lat="42.915501147508621" lon="-1.734254574403167">
        <ele>755.86999512</ele>
      </trkpt>
      <trkpt lat="42.915680855512619" lon="-1.73427083529532">
        <ele>758.47998046999999</ele>
      </trkpt>
      <trkpt lat="42.915709018707275" lon="-1.734273433685303">
        <ele>759.25</ele>
      </trkpt>
      <trkpt lat="42.91583776473999" lon="-1.73433780670166">
        <ele>761.83001708999996</ele>
      </trkpt>
      <trkpt lat="42.915987968444824" lon="-1.734445095062256">
        <ele>764.59997558999999</ele>
      </trkpt>
      <trkpt lat="42.916073799133301" lon="-1.734466552734375">
        <ele>765.23999022999999</ele>
      </trkpt>
      <trkpt lat="42.916101962327957" lon="-1.734463954344392">
        <ele>765.5</ele>
      </trkpt>
      <trkpt lat="42.916281670331955" lon="-1.734447693452239">
        <ele>767.01000977000001</ele>
      </trkpt>
      <trkpt lat="42.916309833526611" lon="-1.734445095062256">
        <ele>767.40002441000001</ele>
      </trkpt>
      <trkpt lat="42.916417121887207" lon="-1.734488010406494">
        <ele>768.34002685999997</ele>
      </trkpt>
      <trkpt lat="42.916502952575684" lon="-1.734552383422852">
        <ele>769.41998291000004</ele>
      </trkpt>
      <trkpt lat="42.916514938697219" lon="-1.734566800296307">
        <ele>769.67999268000005</ele>
      </trkpt>
      <trkpt lat="42.916649971157312" lon="-1.734728822484613">
        <ele>771.57000731999995</ele>
      </trkpt>
      <trkpt lat="42.916785087436438" lon="-1.73489092849195">
        <ele>773.57000731999995</ele>
      </trkpt>
      <trkpt lat="42.916920119896531" lon="-1.735052950680256">
        <ele>774.63000488</ele>
      </trkpt>
      <trkpt lat="42.916932106018066" lon="-1.735067367553711">
        <ele>774.82000731999995</ele>
      </trkpt>
      <trkpt lat="42.916975021362305" lon="-1.735110282897949">
        <ele>775.09002685999997</ele>
      </trkpt>
      <trkpt lat="42.917043836787343" lon="-1.735154539346695">
        <ele>775.69000243999994</ele>
      </trkpt>
      <trkpt lat="42.917206613346934" lon="-1.735259145498276">
        <ele>777.15997314000003</ele>
      </trkpt>
      <trkpt lat="42.917275428771973" lon="-1.735303401947022">
        <ele>777.67999268000005</ele>
      </trkpt>
      <trkpt lat="42.917283475399017" lon="-1.7353062517941">
        <ele>777.86999512</ele>
      </trkpt>
      <trkpt lat="42.917457818984985" lon="-1.735367774963379">
        <ele>779.75</ele>
      </trkpt>
      <trkpt lat="42.917632162570953" lon="-1.735429298132658">
        <ele>781.75</ele>
      </trkpt>
      <trkpt lat="42.917640209197998" lon="-1.735432147979736">
        <ele>781.92999268000005</ele>
      </trkpt>
      <trkpt lat="42.917705420404673" lon="-1.735461819916964">
        <ele>782.78997803000004</ele>
      </trkpt>
      <trkpt lat="42.917876243591309" lon="-1.735539436340332">
        <ele>785.21997069999998</ele>
      </trkpt>
      <trkpt lat="42.918047066777945" lon="-1.735617052763701">
        <ele>787.58001708999996</ele>
      </trkpt>
      <trkpt lat="42.918112277984619" lon="-1.735646724700928">
        <ele>788.77001953000001</ele>
      </trkpt>
      <trkpt lat="42.918121414259076" lon="-1.73564974218607">
        <ele>788.77001953000001</ele>
      </trkpt>
      <trkpt lat="42.918296260759234" lon="-1.735708080232143">
        <ele>792.65997314000003</ele>
      </trkpt>
      <trkpt lat="42.918305397033691" lon="-1.735711097717285">
        <ele>793.11999512</ele>
      </trkpt>
      <trkpt lat="42.918344289064407" lon="-1.735707828775048">
        <ele>793.76000977000001</ele>
      </trkpt>
      <trkpt lat="42.918523997068405" lon="-1.735692908987403">
        <ele>794.36999512</ele>
      </trkpt>
      <trkpt lat="42.918562889099121" lon="-1.735689640045166">
        <ele>794.28997803000004</ele>
      </trkpt>
      <trkpt lat="42.918635476380587" lon="-1.735709002241492">
        <ele>793.60998534999999</ele>
      </trkpt>
      <trkpt lat="42.918812166899443" lon="-1.735756108537316">
        <ele>794.86999512</ele>
      </trkpt>
      <trkpt lat="42.918884754180908" lon="-1.735775470733643">
        <ele>795.66998291000004</ele>
      </trkpt>
      <trkpt lat="42.918949127197266" lon="-1.735796928405762">
        <ele>796.16998291000004</ele>
      </trkpt>
      <trkpt lat="42.919034957885742" lon="-1.735861301422119">
        <ele>797.09002685999997</ele>
      </trkpt>
      <trkpt lat="42.919062953442335" lon="-1.735906815156341">
        <ele>797.20001220999995</ele>
      </trkpt>
      <trkpt lat="42.919178623706102" lon="-1.736094737425447">
        <ele>795.55999756000006</ele>
      </trkpt>
      <trkpt lat="42.919206619262695" lon="-1.736140251159668">
        <ele>795.10998534999999</ele>
      </trkpt>
      <trkpt lat="42.919292449951172" lon="-1.73633337020874">
        <ele>793.69000243999994</ele>
      </trkpt>
      <trkpt lat="42.919356822967529" lon="-1.736419200897217">
        <ele>792.96002196999996</ele>
      </trkpt>
      <trkpt lat="42.919373251497746" lon="-1.736437724903226">
        <ele>792.96002196999996</ele>
      </trkpt>
      <trkpt lat="42.919512055814266" lon="-1.73659379594028">
        <ele>793.46997069999998</ele>
      </trkpt>
      <trkpt lat="42.919528484344482" lon="-1.736612319946289">
        <ele>793.80999756000006</ele>
      </trkpt>
      <trkpt lat="42.919546840712428" lon="-1.736626653000712">
        <ele>793.84002685999997</ele>
      </trkpt>
      <trkpt lat="42.919703247025609" lon="-1.7367481905967">
        <ele>794.42999268000005</ele>
      </trkpt>
      <trkpt lat="42.919721603393555" lon="-1.736762523651123">
        <ele>794.60998534999999</ele>
      </trkpt>
      <trkpt lat="42.91972772218287" lon="-1.736769564449787">
        <ele>794.60998534999999</ele>
      </trkpt>
      <trkpt lat="42.919865688309073" lon="-1.736927144229412">
        <ele>795.84997558999999</ele>
      </trkpt>
      <trkpt lat="42.919871807098389" lon="-1.736934185028076">
        <ele>795.98999022999999</ele>
      </trkpt>
      <trkpt lat="42.91988798417151" lon="-1.736959582194686">
        <ele>796.20001220999995</ele>
      </trkpt>
      <trkpt lat="42.920005833730102" lon="-1.737144822254777">
        <ele>797.40997314000003</ele>
      </trkpt>
      <trkpt lat="42.920022010803223" lon="-1.737170219421387">
        <ele>797.57000731999995</ele>
      </trkpt>
      <trkpt lat="42.920107841491699" lon="-1.737256050109863">
        <ele>797.67999268000005</ele>
      </trkpt>
      <trkpt lat="42.920164000242949" lon="-1.737312208861113">
        <ele>798.47998046999999</ele>
      </trkpt>
      <trkpt lat="42.92030917480588" lon="-1.737457383424044">
        <ele>798.96997069999998</ele>
      </trkpt>
      <trkpt lat="42.920365333557129" lon="-1.737513542175293">
        <ele>799.01000977000001</ele>
      </trkpt>
      <trkpt lat="42.920390227809548" lon="-1.737531395629048">
        <ele>799.05999756000006</ele>
      </trkpt>
      <trkpt lat="42.920549400150776" lon="-1.737645892426372">
        <ele>799.15002441000001</ele>
      </trkpt>
      <trkpt lat="42.920708656311035" lon="-1.737760305404663">
        <ele>799.75</ele>
      </trkpt>
      <trkpt lat="42.920867912471294" lon="-1.737874718382955">
        <ele>800.13000488</ele>
      </trkpt>
      <trkpt lat="42.921027084812522" lon="-1.737989215180278">
        <ele>799.19000243999994</ele>
      </trkpt>
      <trkpt lat="42.921051979064941" lon="-1.738007068634033">
        <ele>799.04998779000005</ele>
      </trkpt>
      <trkpt lat="42.921223640441895" lon="-1.738071441650391">
        <ele>798.46002196999996</ele>
      </trkpt>
      <trkpt lat="42.921230178326368" lon="-1.738071441650391">
        <ele>798.42999268000005</ele>
      </trkpt>
      <trkpt lat="42.921410221606493" lon="-1.738071441650391">
        <ele>797.19000243999994</ele>
      </trkpt>
      <trkpt lat="42.921416759490967" lon="-1.738071441650391">
        <ele>797.19000243999994</ele>
      </trkpt>
      <trkpt lat="42.921456908807158" lon="-1.738081499934197">
        <ele>797.04998779000005</ele>
      </trkpt>
      <trkpt lat="42.921634102240205" lon="-1.738125756382942">
        <ele>795.90002441000001</ele>
      </trkpt>
      <trkpt lat="42.921674251556396" lon="-1.738135814666748">
        <ele>795.69000243999994</ele>
      </trkpt>
      <trkpt lat="42.92182445526123" lon="-1.738200187683106">
        <ele>794.60998534999999</ele>
      </trkpt>
      <trkpt lat="42.921888828277588" lon="-1.738243103027344">
        <ele>793.34002685999997</ele>
      </trkpt>
      <trkpt lat="42.921953201293945" lon="-1.738243103027344">
        <ele>792.25</ele>
      </trkpt>
      <trkpt lat="42.921974658966064" lon="-1.738157272338867">
        <ele>792.13000488</ele>
      </trkpt>
      <trkpt lat="42.921969294548035" lon="-1.73811687156558">
        <ele>792.03997803000004</ele>
      </trkpt>
      <trkpt lat="42.921937108039856" lon="-1.737875808030367">
        <ele>787.70001220999995</ele>
      </trkpt>
      <trkpt lat="42.921931743621826" lon="-1.73783540725708">
        <ele>787.5</ele>
      </trkpt>
      <trkpt lat="42.921941047534347" lon="-1.737742200493813">
        <ele>786.15997314000003</ele>
      </trkpt>
      <trkpt lat="42.921965355053544" lon="-1.737499460577965">
        <ele>784.14001465000001</ele>
      </trkpt>
      <trkpt lat="42.921974658966064" lon="-1.737406253814697">
        <ele>783.25</ele>
      </trkpt>
      <trkpt lat="42.921973234042525" lon="-1.737397955730557">
        <ele>783.25</ele>
      </trkpt>
      <trkpt lat="42.921931743621826" lon="-1.737159490585327">
        <ele>781.32000731999995</ele>
      </trkpt>
      <trkpt lat="42.921890253201127" lon="-1.736921025440097">
        <ele>779.79998779000005</ele>
      </trkpt>
      <trkpt lat="42.921888828277588" lon="-1.736912727355957">
        <ele>779.79998779000005</ele>
      </trkpt>
      <trkpt lat="42.921888828277588" lon="-1.736842151731253">
        <ele>779.41998291000004</ele>
      </trkpt>
      <trkpt lat="42.921888828277588" lon="-1.736597064882517">
        <ele>778.09002685999997</ele>
      </trkpt>
      <trkpt lat="42.921888828277588" lon="-1.736526489257813">
        <ele>777.90002441000001</ele>
      </trkpt>
      <trkpt lat="42.92188161984086" lon="-1.736465049907565">
        <ele>777.67999268000005</ele>
      </trkpt>
      <trkpt lat="42.921853121370077" lon="-1.736223148182035">
        <ele>775.03002930000002</ele>
      </trkpt>
      <trkpt lat="42.92184591293335" lon="-1.736161708831787">
        <ele>774.28997803000004</ele>
      </trkpt>
      <trkpt lat="42.921845996752381" lon="-1.736159529536963">
        <ele>774.28997803000004</ele>
      </trkpt>
      <trkpt lat="42.921856641769409" lon="-1.735914945602417">
        <ele>772.95001220999995</ele>
      </trkpt>
      <trkpt lat="42.921867286786437" lon="-1.735670361667872">
        <ele>770.65002441000001</ele>
      </trkpt>
      <trkpt lat="42.921867370605469" lon="-1.735668182373047">
        <ele>770.65002441000001</ele>
      </trkpt>
      <trkpt lat="42.921862425282598" lon="-1.735565168783069">
        <ele>770.30999756000006</ele>
      </trkpt>
      <trkpt lat="42.921850858256221" lon="-1.735320584848523">
        <ele>766.75</ele>
      </trkpt>
      <trkpt lat="42.92184591293335" lon="-1.735217571258545">
        <ele>765.80999756000006</ele>
      </trkpt>
      <trkpt lat="42.921850690618157" lon="-1.735182115808129">
        <ele>766.32000731999995</ele>
      </trkpt>
      <trkpt lat="42.921883296221495" lon="-1.734941136091948">
        <ele>764.78997803000004</ele>
      </trkpt>
      <trkpt lat="42.9219158180058" lon="-1.734700072556734">
        <ele>763.60998534999999</ele>
      </trkpt>
      <trkpt lat="42.921948423609138" lon="-1.734459092840552">
        <ele>761.65002441000001</ele>
      </trkpt>
      <trkpt lat="42.921953201293945" lon="-1.734423637390137">
        <ele>760.16998291000004</ele>
      </trkpt>
      <trkpt lat="42.921953201293945" lon="-1.734187602996826">
        <ele>757.09002685999997</ele>
      </trkpt>
      <trkpt lat="42.921939371153712" lon="-1.73410470597446">
        <ele>755.51000977000001</ele>
      </trkpt>
      <trkpt lat="42.921899557113647" lon="-1.733865737915039">
        <ele>751.53997803000004</ele>
      </trkpt>
      <trkpt lat="42.921859743073583" lon="-1.733626769855619">
        <ele>747.01000977000001</ele>
      </trkpt>
      <trkpt lat="42.92184591293335" lon="-1.733543872833252">
        <ele>745.42999268000005</ele>
      </trkpt>
      <trkpt lat="42.921840213239193" lon="-1.733455359935761">
        <ele>744.59002685999997</ele>
      </trkpt>
      <trkpt lat="42.921820180490613" lon="-1.733225109055638">
        <ele>742.28997803000004</ele>
      </trkpt>
      <trkpt lat="42.921746671199799" lon="-1.733016818761826">
        <ele>740.64001465000001</ele>
      </trkpt>
      <trkpt lat="42.921724710613489" lon="-1.732881534844637">
        <ele>740.59002685999997</ele>
      </trkpt>
      <trkpt lat="42.921713562682271" lon="-1.732779024168849">
        <ele>740.28002930000002</ele>
      </trkpt>
      <trkpt lat="42.921664528548717" lon="-1.732651200145483">
        <ele>740.32000731999995</ele>
      </trkpt>
      <trkpt lat="42.921604597941041" lon="-1.73245020210743">
        <ele>736.19000243999994</ele>
      </trkpt>
      <trkpt lat="42.921577272936702" lon="-1.732362527400255">
        <ele>736.19000243999994</ele>
      </trkpt>
      <trkpt lat="42.921571573242545" lon="-1.732256328687072">
        <ele>736.46002196999996</ele>
      </trkpt>
      <trkpt lat="42.921565705910325" lon="-1.73213554546237">
        <ele>735.10998534999999</ele>
      </trkpt>
      <trkpt lat="42.92156545445323" lon="-1.732058683410287">
        <ele>734.86999512</ele>
      </trkpt>
      <trkpt lat="42.921575680375099" lon="-1.731912083923817">
        <ele>732.08001708999996</ele>
      </trkpt>
      <trkpt lat="42.92164801619947" lon="-1.731790797784925">
        <ele>730.78997803000004</ele>
      </trkpt>
      <trkpt lat="42.921699061989784" lon="-1.731735561043024">
        <ele>728.28002930000002</ele>
      </trkpt>
      <trkpt lat="42.921717166900635" lon="-1.73159122467041">
        <ele>730.47998046999999</ele>
      </trkpt>
      <trkpt lat="42.9217086173594" lon="-1.731503717601299">
        <ele>727.40002441000001</ele>
      </trkpt>
      <trkpt lat="42.921684896573424" lon="-1.73126089386642">
        <ele>726.41998291000004</ele>
      </trkpt>
      <trkpt lat="42.921676347032189" lon="-1.731173386797309">
        <ele>727.27001953000001</ele>
      </trkpt>
      <trkpt lat="42.921665702015162" lon="-1.731063835322857">
        <ele>724.59002685999997</ele>
      </trkpt>
      <trkpt lat="42.921641981229186" lon="-1.730821011587977">
        <ele>723.65997314000003</ele>
      </trkpt>
      <trkpt lat="42.921631336212158" lon="-1.730711460113525">
        <ele>723.65002441000001</ele>
      </trkpt>
      <trkpt lat="42.921674251556396" lon="-1.730539798736572">
        <ele>723.89001465000001</ele>
      </trkpt>
      <trkpt lat="42.921760082244873" lon="-1.730368137359619">
        <ele>724.15997314000003</ele>
      </trkpt>
      <trkpt lat="42.921760166063905" lon="-1.730368053540587">
        <ele>724.15997314000003</ele>
      </trkpt>
      <trkpt lat="42.921888744458556" lon="-1.730196559801698">
        <ele>724.25</ele>
      </trkpt>
      <trkpt lat="42.921888828277588" lon="-1.730196475982666">
        <ele>724.25</ele>
      </trkpt>
      <trkpt lat="42.921931995078921" lon="-1.730157248675823">
        <ele>724.34997558999999</ele>
      </trkpt>
      <trkpt lat="42.922081695869565" lon="-1.730021126568317">
        <ele>724.44000243999994</ele>
      </trkpt>
      <trkpt lat="42.922124862670898" lon="-1.729981899261475">
        <ele>724.53997803000004</ele>
      </trkpt>
      <trkpt lat="42.922232151031494" lon="-1.72985315322876">
        <ele>724.90997314000003</ele>
      </trkpt>
      <trkpt lat="42.922296524047852" lon="-1.729767322540283">
        <ele>725.07000731999995</ele>
      </trkpt>
      <trkpt lat="42.922317981719971" lon="-1.729660034179688">
        <ele>725.20001220999995</ele>
      </trkpt>
      <trkpt lat="42.922322591766715" lon="-1.729567665606737">
        <ele>724.91998291000004</ele>
      </trkpt>
      <trkpt lat="42.922334829345345" lon="-1.729323249310255">
        <ele>723.65997314000003</ele>
      </trkpt>
      <trkpt lat="42.92233943939209" lon="-1.729230880737305">
        <ele>723.32000731999995</ele>
      </trkpt>
      <trkpt lat="42.92233994230628" lon="-1.729218056425452">
        <ele>723.08001708999996</ele>
      </trkpt>
      <trkpt lat="42.922350168228149" lon="-1.728973388671875">
        <ele>721.33001708999996</ele>
      </trkpt>
      <trkpt lat="42.922360394150019" lon="-1.728728720918298">
        <ele>719.55999756000006</ele>
      </trkpt>
      <trkpt lat="42.922360897064209" lon="-1.728715896606445">
        <ele>719.55999756000006</ele>
      </trkpt>
      <trkpt lat="42.922358885407448" lon="-1.728687649592757">
        <ele>719.46002196999996</ele>
      </trkpt>
      <trkpt lat="42.922341451048851" lon="-1.728443736210465">
        <ele>718.52001953000001</ele>
      </trkpt>
      <trkpt lat="42.92233943939209" lon="-1.728415489196777">
        <ele>718.53997803000004</ele>
      </trkpt>
      <trkpt lat="42.92233943939209" lon="-1.728308200836182">
        <ele>718.19000243999994</ele>
      </trkpt>
      <trkpt lat="42.922360897064209" lon="-1.728222370147705">
        <ele>718.08001708999996</ele>
      </trkpt>
      <trkpt lat="42.922446727752686" lon="-1.728050708770752">
        <ele>718.76000977000001</ele>
      </trkpt>
      <trkpt lat="42.922463826835155" lon="-1.727965297177434">
        <ele>719.04998779000005</ele>
      </trkpt>
      <trkpt lat="42.922511100769043" lon="-1.727728843688965">
        <ele>719.75</ele>
      </trkpt>
      <trkpt lat="42.92255837470293" lon="-1.727492390200496">
        <ele>720.84997558999999</ele>
      </trkpt>
      <trkpt lat="42.9225754737854" lon="-1.727406978607178">
        <ele>721.01000977000001</ele>
      </trkpt>
      <trkpt lat="42.9225754737854" lon="-1.72734260559082">
        <ele>720.94000243999994</ele>
      </trkpt>
      <trkpt lat="42.9225754737854" lon="-1.727319387719035">
        <ele>720.78002930000002</ele>
      </trkpt>
      <trkpt lat="42.9225754737854" lon="-1.727074384689331">
        <ele>719.44000243999994</ele>
      </trkpt>
      <trkpt lat="42.9225754737854" lon="-1.726829381659627">
        <ele>717.96997069999998</ele>
      </trkpt>
      <trkpt lat="42.9225754737854" lon="-1.726806163787842">
        <ele>717.79998779000005</ele>
      </trkpt>
      <trkpt lat="42.922574132680893" lon="-1.726788561791182">
        <ele>717.65997314000003</ele>
      </trkpt>
      <trkpt lat="42.922555357217789" lon="-1.726544816046953">
        <ele>716.21997069999998</ele>
      </trkpt>
      <trkpt lat="42.922554016113281" lon="-1.726527214050293">
        <ele>716.21997069999998</ele>
      </trkpt>
      <trkpt lat="42.922522583976388" lon="-1.726338705047965">
        <ele>715.03002930000002</ele>
      </trkpt>
      <trkpt lat="42.922554016113281" lon="-1.726527214050293">
        <ele>716.21997069999998</ele>
      </trkpt>
      <trkpt lat="42.922541778534651" lon="-1.726453537121415">
        <ele>715.78002930000002</ele>
      </trkpt>
      <trkpt lat="42.922501880675554" lon="-1.726214652881026">
        <ele>714.26000977000001</ele>
      </trkpt>
      <trkpt lat="42.922489643096924" lon="-1.726140975952148">
        <ele>713.85998534999999</ele>
      </trkpt>
      <trkpt lat="42.92246944271028" lon="-1.726072328165174">
        <ele>713.45001220999995</ele>
      </trkpt>
      <trkpt lat="42.922402555122972" lon="-1.725844843313098">
        <ele>711.95001220999995</ele>
      </trkpt>
      <trkpt lat="42.922382354736328" lon="-1.725776195526123">
        <ele>711.47998046999999</ele>
      </trkpt>
      <trkpt lat="42.922376655042171" lon="-1.725759012624621">
        <ele>711.42999268000005</ele>
      </trkpt>
      <trkpt lat="42.922302223742008" lon="-1.725535886362195">
        <ele>710.08001708999996</ele>
      </trkpt>
      <trkpt lat="42.922296524047852" lon="-1.725518703460693">
        <ele>709.94000243999994</ele>
      </trkpt>
      <trkpt lat="42.922232151031494" lon="-1.725411415100098">
        <ele>709.27001953000001</ele>
      </trkpt>
      <trkpt lat="42.922167778015137" lon="-1.725325584411621">
        <ele>708.59997558999999</ele>
      </trkpt>
      <trkpt lat="42.922144392505288" lon="-1.725303707644343">
        <ele>708.46997069999998</ele>
      </trkpt>
      <trkpt lat="42.921996116638184" lon="-1.725164651870728">
        <ele>707.40997314000003</ele>
      </trkpt>
      <trkpt lat="42.921847840771079" lon="-1.725025596097112">
        <ele>706.03997803000004</ele>
      </trkpt>
      <trkpt lat="42.92182445526123" lon="-1.725003719329834">
        <ele>705.79998779000005</ele>
      </trkpt>
      <trkpt lat="42.921781539916992" lon="-1.724896430969238">
        <ele>705.09997558999999</ele>
      </trkpt>
      <trkpt lat="42.921760082244873" lon="-1.724746227264404">
        <ele>703.94000243999994</ele>
      </trkpt>
      <trkpt lat="42.921738624572754" lon="-1.724531650543213">
        <ele>702.65997314000003</ele>
      </trkpt>
      <trkpt lat="42.921738624572754" lon="-1.724338531494141">
        <ele>701.38000488</ele>
      </trkpt>
      <trkpt lat="42.921764776110649" lon="-1.724237110465765">
        <ele>700.78997803000004</ele>
      </trkpt>
      <trkpt lat="42.92182445526123" lon="-1.724005937576294">
        <ele>699.34997558999999</ele>
      </trkpt>
      <trkpt lat="42.921884134411812" lon="-1.723774764686823">
        <ele>698.26000977000001</ele>
      </trkpt>
      <trkpt lat="42.921910285949707" lon="-1.723673343658447">
        <ele>697.82000731999995</ele>
      </trkpt>
      <trkpt lat="42.921911794692278" lon="-1.723664039745927">
        <ele>697.65997314000003</ele>
      </trkpt>
      <trkpt lat="42.921951692551374" lon="-1.723425155505538">
        <ele>696.66998291000004</ele>
      </trkpt>
      <trkpt lat="42.921953201293945" lon="-1.723415851593018">
        <ele>696.63000488</ele>
      </trkpt>
      <trkpt lat="42.921953201293945" lon="-1.723265647888184">
        <ele>695.72998046999999</ele>
      </trkpt>
      <trkpt lat="42.921931743621826" lon="-1.723179817199707">
        <ele>695.21997069999998</ele>
      </trkpt>
      <trkpt lat="42.921867370605469" lon="-1.723093986511231">
        <ele>694.02001953000001</ele>
      </trkpt>
      <trkpt lat="42.921791598200798" lon="-1.723058614879847">
        <ele>693.23999022999999</ele>
      </trkpt>
      <trkpt lat="42.921621277928352" lon="-1.72297915443778">
        <ele>691.52001953000001</ele>
      </trkpt>
      <trkpt lat="42.921545505523682" lon="-1.722943782806397">
        <ele>690.85998534999999</ele>
      </trkpt>
      <trkpt lat="42.921416759490967" lon="-1.722815036773682">
        <ele>689.58001708999996</ele>
      </trkpt>
      <trkpt lat="42.921373844146729" lon="-1.722707748413086">
        <ele>689.13000488</ele>
      </trkpt>
      <trkpt lat="42.92133092880249" lon="-1.722579002380371">
        <ele>688.90002441000001</ele>
      </trkpt>
      <trkpt lat="42.92133092880249" lon="-1.722486969083548">
        <ele>688.71997069999998</ele>
      </trkpt>
      <trkpt lat="42.92133092880249" lon="-1.722241882234812">
        <ele>687.98999022999999</ele>
      </trkpt>
      <trkpt lat="42.92133092880249" lon="-1.722149848937988">
        <ele>687.70001220999995</ele>
      </trkpt>
      <trkpt lat="42.921266555786133" lon="-1.722042560577393">
        <ele>686.90002441000001</ele>
      </trkpt>
      <trkpt lat="42.921180725097656" lon="-1.721999645233154">
        <ele>686.16998291000004</ele>
      </trkpt>
      <trkpt lat="42.921118196099997" lon="-1.722015319392085">
        <ele>685.45001220999995</ele>
      </trkpt>
      <trkpt lat="42.921051979064941" lon="-1.722149848937988">
        <ele>684.10998534999999</ele>
      </trkpt>
      <trkpt lat="42.921043261885643" lon="-1.722179604694247">
        <ele>683.98999022999999</ele>
      </trkpt>
      <trkpt lat="42.920976877212524" lon="-1.722407341003418">
        <ele>682.80999756000006</ele>
      </trkpt>
      <trkpt lat="42.920910492539406" lon="-1.722635077312589">
        <ele>681.05999756000006</ele>
      </trkpt>
      <trkpt lat="42.920901775360107" lon="-1.722664833068848">
        <ele>680.90997314000003</ele>
      </trkpt>
      <trkpt lat="42.920885346829891" lon="-1.722714202478528">
        <ele>680.53002930000002</ele>
      </trkpt>
      <trkpt lat="42.920810915529728" lon="-1.722937328740954">
        <ele>678.71997069999998</ele>
      </trkpt>
      <trkpt lat="42.920794486999512" lon="-1.722986698150635">
        <ele>678.76000977000001</ele>
      </trkpt>
      <trkpt lat="42.920776382088661" lon="-1.723072780296207">
        <ele>678.25</ele>
      </trkpt>
      <trkpt lat="42.920726761221886" lon="-1.723308311775327">
        <ele>677.07000731999995</ele>
      </trkpt>
      <trkpt lat="42.920708656311035" lon="-1.723394393920898">
        <ele>676.72998046999999</ele>
      </trkpt>
      <trkpt lat="42.920687198638916" lon="-1.723478548228741">
        <ele>676.03997803000004</ele>
      </trkpt>
      <trkpt lat="42.920628190040588" lon="-1.723710056394339">
        <ele>675.21997069999998</ele>
      </trkpt>
      <trkpt lat="42.920569181442261" lon="-1.723941564559937">
        <ele>674.59002685999997</ele>
      </trkpt>
      <trkpt lat="42.920510172843933" lon="-1.724173072725534">
        <ele>673.72998046999999</ele>
      </trkpt>
      <trkpt lat="42.920451164245605" lon="-1.724404580891132">
        <ele>673.25</ele>
      </trkpt>
      <trkpt lat="42.920429706573486" lon="-1.724488735198975">
        <ele>672.78997803000004</ele>
      </trkpt>
      <trkpt lat="42.920408248901367" lon="-1.724681854248047">
        <ele>671.51000977000001</ele>
      </trkpt>
      <trkpt lat="42.920408248901367" lon="-1.724788136780262">
        <ele>670.72998046999999</ele>
      </trkpt>
      <trkpt lat="42.920408248901367" lon="-1.725033139809966">
        <ele>668.82000731999995</ele>
      </trkpt>
      <trkpt lat="42.920408248901367" lon="-1.72527814283967">
        <ele>667.08001708999996</ele>
      </trkpt>
      <trkpt lat="42.920408248901367" lon="-1.725523229688406">
        <ele>665.45001220999995</ele>
      </trkpt>
      <trkpt lat="42.920408248901367" lon="-1.72576823271811">
        <ele>663.89001465000001</ele>
      </trkpt>
      <trkpt lat="42.920408248901367" lon="-1.726013235747814">
        <ele>662.53002930000002</ele>
      </trkpt>
      <trkpt lat="42.920408248901367" lon="-1.726119518280029">
        <ele>661.98999022999999</ele>
      </trkpt>
      <trkpt lat="42.920386791229248" lon="-1.726291179656982">
        <ele>661.10998534999999</ele>
      </trkpt>
      <trkpt lat="42.920365333557129" lon="-1.726398468017578">
        <ele>660.45001220999995</ele>
      </trkpt>
      <trkpt lat="42.920258045196533" lon="-1.726570129394531">
        <ele>659.22998046999999</ele>
      </trkpt>
      <trkpt lat="42.920129299163818" lon="-1.726634502410889">
        <ele>657.79998779000005</ele>
      </trkpt>
      <trkpt lat="42.920073643326759" lon="-1.726647494360805">
        <ele>657.36999512</ele>
      </trkpt>
      <trkpt lat="42.919896198436618" lon="-1.726688900962472">
        <ele>656.03997803000004</ele>
      </trkpt>
      <trkpt lat="42.919718669727445" lon="-1.726730307564139">
        <ele>654.84997558999999</ele>
      </trkpt>
      <trkpt lat="42.919541224837303" lon="-1.726771714165807">
        <ele>653.47998046999999</ele>
      </trkpt>
      <trkpt lat="42.919485569000244" lon="-1.726784706115723">
        <ele>653.11999512</ele>
      </trkpt>
      <trkpt lat="42.919457405805588" lon="-1.72678210772574">
        <ele>653.01000977000001</ele>
      </trkpt>
      <trkpt lat="42.91927769780159" lon="-1.726765846833587">
        <ele>652.09002685999997</ele>
      </trkpt>
      <trkpt lat="42.919249534606934" lon="-1.726763248443604">
        <ele>652</ele>
      </trkpt>
      <trkpt lat="42.9190993309021" lon="-1.726677417755127">
        <ele>651.40002441000001</ele>
      </trkpt>
      <trkpt lat="42.919098157435656" lon="-1.726676495745778">
        <ele>651.40002441000001</ele>
      </trkpt>
      <trkpt lat="42.918941583484411" lon="-1.726555544883013">
        <ele>650.60998534999999</ele>
      </trkpt>
      <trkpt lat="42.918785009533167" lon="-1.726434510201216">
        <ele>650.07000731999995</ele>
      </trkpt>
      <trkpt lat="42.918628435581923" lon="-1.72631355933845">
        <ele>649.5</ele>
      </trkpt>
      <trkpt lat="42.918627262115479" lon="-1.726312637329102">
        <ele>649.5</ele>
      </trkpt>
      <trkpt lat="42.918498516082764" lon="-1.726291179656982">
        <ele>648.78997803000004</ele>
      </trkpt>
      <trkpt lat="42.918459121137857" lon="-1.726297717541456">
        <ele>648.63000488</ele>
      </trkpt>
      <trkpt lat="42.91828041896224" lon="-1.726327557116747">
        <ele>647.85998534999999</ele>
      </trkpt>
      <trkpt lat="42.918241024017334" lon="-1.726334095001221">
        <ele>647.67999268000005</ele>
      </trkpt>
      <trkpt lat="42.918069362640381" lon="-1.726291179656982">
        <ele>646.84002685999997</ele>
      </trkpt>
      <trkpt lat="42.917919158935547" lon="-1.726183891296387">
        <ele>645.89001465000001</ele>
      </trkpt>
      <trkpt lat="42.917907759547234" lon="-1.726165870204568">
        <ele>645.65997314000003</ele>
      </trkpt>
      <trkpt lat="42.917790412902832" lon="-1.725980043411255">
        <ele>644</ele>
      </trkpt>
      <trkpt lat="42.91767306625843" lon="-1.725794216617942">
        <ele>642.65002441000001</ele>
      </trkpt>
      <trkpt lat="42.917661666870117" lon="-1.725776195526123">
        <ele>642.38000488</ele>
      </trkpt>
      <trkpt lat="42.917657643556595" lon="-1.725773680955172">
        <ele>642.38000488</ele>
      </trkpt>
      <trkpt lat="42.917494028806686" lon="-1.725671421736479">
        <ele>640.53997803000004</ele>
      </trkpt>
      <trkpt lat="42.917490005493164" lon="-1.725668907165527">
        <ele>640.22998046999999</ele>
      </trkpt>
      <trkpt lat="42.917361259460449" lon="-1.725647449493408">
        <ele>638.77001953000001</ele>
      </trkpt>
      <trkpt lat="42.917232513427734" lon="-1.725647449493408">
        <ele>637.41998291000004</ele>
      </trkpt>
      <trkpt lat="42.917228573933244" lon="-1.725649461150169">
        <ele>637.41998291000004</ele>
      </trkpt>
      <trkpt lat="42.917059510946274" lon="-1.725733950734139">
        <ele>635.60998534999999</ele>
      </trkpt>
      <trkpt lat="42.916890531778336" lon="-1.725818440318108">
        <ele>634.03002930000002</ele>
      </trkpt>
      <trkpt lat="42.916721468791366" lon="-1.725902929902077">
        <ele>632.71002196999996</ele>
      </trkpt>
      <trkpt lat="42.916717529296875" lon="-1.725904941558838">
        <ele>632.59002685999997</ele>
      </trkpt>
      <trkpt lat="42.916677379980683" lon="-1.725914999842644">
        <ele>632.34002685999997</ele>
      </trkpt>
      <trkpt lat="42.916500186547637" lon="-1.72595925629139">
        <ele>631.14001465000001</ele>
      </trkpt>
      <trkpt lat="42.916460037231445" lon="-1.725969314575195">
        <ele>630.91998291000004</ele>
      </trkpt>
      <trkpt lat="42.916397340595722" lon="-1.725948108360171">
        <ele>630.53997803000004</ele>
      </trkpt>
      <trkpt lat="42.916222577914596" lon="-1.725889015942812">
        <ele>629.01000977000001</ele>
      </trkpt>
      <trkpt lat="42.916047815233469" lon="-1.725830007344484">
        <ele>627.40002441000001</ele>
      </trkpt>
      <trkpt lat="42.915873052552342" lon="-1.725770914927125">
        <ele>625.82000731999995</ele>
      </trkpt>
      <trkpt lat="42.915698289871216" lon="-1.725711822509766">
        <ele>624.39001465000001</ele>
      </trkpt>
      <trkpt lat="42.915523527190089" lon="-1.725652730092406">
        <ele>622.98999022999999</ele>
      </trkpt>
      <trkpt lat="42.915348764508963" lon="-1.725593637675047">
        <ele>621.75</ele>
      </trkpt>
      <trkpt lat="42.915174001827836" lon="-1.725534629076719">
        <ele>620.52001953000001</ele>
      </trkpt>
      <trkpt lat="42.914999239146709" lon="-1.72547553665936">
        <ele>619.46997069999998</ele>
      </trkpt>
      <trkpt lat="42.914936542510986" lon="-1.725454330444336">
        <ele>619.21997069999998</ele>
      </trkpt>
      <trkpt lat="42.914829254150391" lon="-1.725368499755859">
        <ele>618.52001953000001</ele>
      </trkpt>
      <trkpt lat="42.914721965789795" lon="-1.725196838378906">
        <ele>617.71002196999996</ele>
      </trkpt>
      <trkpt lat="42.914721965789795" lon="-1.725196838378906">
        <ele>617.71002196999996</ele>
      </trkpt>
      <trkpt lat="42.91476714424789" lon="-1.725154174491763">
        <ele>617.26000977000001</ele>
      </trkpt>
      <trkpt lat="42.914915084838867" lon="-1.725014448165894">
        <ele>615.88000488</ele>
      </trkpt>
      <trkpt lat="42.915063025429845" lon="-1.724874721840024">
        <ele>614.63000488</ele>
      </trkpt>
      <trkpt lat="42.915108203887939" lon="-1.724832057952881">
        <ele>614.27001953000001</ele>
      </trkpt>
      <trkpt lat="42.915215492248535" lon="-1.724638938903809">
        <ele>613.19000243999994</ele>
      </trkpt>
      <trkpt lat="42.915236949920654" lon="-1.724531650543213">
        <ele>612.65002441000001</ele>
      </trkpt>
      <trkpt lat="42.915258407592773" lon="-1.724381446838379">
        <ele>611.67999268000005</ele>
      </trkpt>
      <trkpt lat="42.915236949920654" lon="-1.724188327789307">
        <ele>610.09002685999997</ele>
      </trkpt>
      <trkpt lat="42.915214989334345" lon="-1.724109789356589">
        <ele>609.53997803000004</ele>
      </trkpt>
      <trkpt lat="42.915150867775083" lon="-1.723880879580975">
        <ele>607.92999268000005</ele>
      </trkpt>
      <trkpt lat="42.91508674621582" lon="-1.723651885986328">
        <ele>606.84997558999999</ele>
      </trkpt>
      <trkpt lat="42.915022624656558" lon="-1.723422892391682">
        <ele>605.90997314000003</ele>
      </trkpt>
      <trkpt lat="42.914958503097296" lon="-1.723193982616067">
        <ele>604.88000488</ele>
      </trkpt>
      <trkpt lat="42.914936542510986" lon="-1.72311544418335">
        <ele>604.48999022999999</ele>
      </trkpt>
      <trkpt lat="42.914935117587447" lon="-1.723107062280178">
        <ele>604.48999022999999</ele>
      </trkpt>
      <trkpt lat="42.914893627166748" lon="-1.72286868095398">
        <ele>603.34997558999999</ele>
      </trkpt>
      <trkpt lat="42.914852136746049" lon="-1.722630299627781">
        <ele>601.91998291000004</ele>
      </trkpt>
      <trkpt lat="42.91485071182251" lon="-1.722621917724609">
        <ele>601.91998291000004</ele>
      </trkpt>
      <trkpt lat="42.914835289120674" lon="-1.72252619639039">
        <ele>601.35998534999999</ele>
      </trkpt>
      <trkpt lat="42.914796816185117" lon="-1.722286809235811">
        <ele>599.76000977000001</ele>
      </trkpt>
      <trkpt lat="42.914758259430528" lon="-1.722047505900264">
        <ele>598.11999512</ele>
      </trkpt>
      <trkpt lat="42.91471978649497" lon="-1.721808202564716">
        <ele>596.70001220999995</ele>
      </trkpt>
      <trkpt lat="42.914681229740381" lon="-1.721568815410137">
        <ele>595.28002930000002</ele>
      </trkpt>
      <trkpt lat="42.914642756804824" lon="-1.72132951207459">
        <ele>593.72998046999999</ele>
      </trkpt>
      <trkpt lat="42.914604200050235" lon="-1.721090208739042">
        <ele>592.21002196999996</ele>
      </trkpt>
      <trkpt lat="42.914565727114677" lon="-1.720850821584463">
        <ele>590.59002685999997</ele>
      </trkpt>
      <trkpt lat="42.914550304412842" lon="-1.720755100250244">
        <ele>589.97998046999999</ele>
      </trkpt>
      <trkpt lat="42.914529936388135" lon="-1.72064839862287">
        <ele>589.38000488</ele>
      </trkpt>
      <trkpt lat="42.914484841749072" lon="-1.720411190763116">
        <ele>587.84997558999999</ele>
      </trkpt>
      <trkpt lat="42.914464473724365" lon="-1.720304489135742">
        <ele>587.26000977000001</ele>
      </trkpt>
      <trkpt lat="42.914463635534048" lon="-1.720301304012537">
        <ele>587.26000977000001</ele>
      </trkpt>
      <trkpt lat="42.914400938898325" lon="-1.720071639865637">
        <ele>586.09997558999999</ele>
      </trkpt>
      <trkpt lat="42.914400100708008" lon="-1.720068454742432">
        <ele>586.09997558999999</ele>
      </trkpt>
      <trkpt lat="42.914397083222866" lon="-1.720062419772148">
        <ele>586.09997558999999</ele>
      </trkpt>
      <trkpt lat="42.914295829832554" lon="-1.719859912991524">
        <ele>585.77001953000001</ele>
      </trkpt>
      <trkpt lat="42.914292812347412" lon="-1.71985387802124">
        <ele>585.83001708999996</ele>
      </trkpt>
      <trkpt lat="42.914206981658936" lon="-1.719725131988525">
        <ele>585.34002685999997</ele>
      </trkpt>
      <trkpt lat="42.914203209802508" lon="-1.719720270484686">
        <ele>585.34002685999997</ele>
      </trkpt>
      <trkpt lat="42.914071949198842" lon="-1.719552548602223">
        <ele>584.77001953000001</ele>
      </trkpt>
      <trkpt lat="42.913940604776144" lon="-1.719384826719761">
        <ele>584.22998046999999</ele>
      </trkpt>
      <trkpt lat="42.913809344172478" lon="-1.719217104837298">
        <ele>583.65997314000003</ele>
      </trkpt>
      <trkpt lat="42.913805572316051" lon="-1.719212243333459">
        <ele>583.65997314000003</ele>
      </trkpt>
      <trkpt lat="42.913751341402531" lon="-1.71914292499423">
        <ele>583.38000488</ele>
      </trkpt>
      <trkpt lat="42.913620080798864" lon="-1.718975119292736">
        <ele>582.71997069999998</ele>
      </trkpt>
      <trkpt lat="42.913488820195198" lon="-1.718807397410274">
        <ele>582.15002441000001</ele>
      </trkpt>
      <trkpt lat="42.913434505462646" lon="-1.718738079071045">
        <ele>581.85998534999999</ele>
      </trkpt>
      <trkpt lat="42.913395361974835" lon="-1.71877596527338">
        <ele>581.60998534999999</ele>
      </trkpt>
      <trkpt lat="42.913248678669333" lon="-1.718917954713106">
        <ele>581.04998779000005</ele>
      </trkpt>
      <trkpt lat="42.9131019115448" lon="-1.719059944152832">
        <ele>580.42999268000005</ele>
      </trkpt>
      <trkpt lat="42.912955144420266" lon="-1.719201933592558">
        <ele>580.10998534999999</ele>
      </trkpt>
      <trkpt lat="42.912808461114764" lon="-1.719343923032284">
        <ele>580.02001953000001</ele>
      </trkpt>
      <trkpt lat="42.912769317626953" lon="-1.719381809234619">
        <ele>579.98999022999999</ele>
      </trkpt>
      <trkpt lat="42.912683486938477" lon="-1.719446182250977">
        <ele>579.86999512</ele>
      </trkpt>
      <trkpt lat="42.912576198577881" lon="-1.719489097595215">
        <ele>579.51000977000001</ele>
      </trkpt>
      <trkpt lat="42.912404537200928" lon="-1.719467639923096">
        <ele>578.66998291000004</ele>
      </trkpt>
      <trkpt lat="42.912387857213616" lon="-1.719463029876351">
        <ele>578.58001708999996</ele>
      </trkpt>
      <trkpt lat="42.912211418151855" lon="-1.719413995742798">
        <ele>577.79998779000005</ele>
      </trkpt>
      <trkpt lat="42.912034979090095" lon="-1.719364961609244">
        <ele>577.21002196999996</ele>
      </trkpt>
      <trkpt lat="42.912018299102783" lon="-1.7193603515625">
        <ele>577.27001953000001</ele>
      </trkpt>
      <trkpt lat="42.911968845874071" lon="-1.7193603515625">
        <ele>576.97998046999999</ele>
      </trkpt>
      <trkpt lat="42.911788802593946" lon="-1.7193603515625">
        <ele>576.39001465000001</ele>
      </trkpt>
      <trkpt lat="42.911739349365234" lon="-1.7193603515625">
        <ele>576.21002196999996</ele>
      </trkpt>
      <trkpt lat="42.911734404042363" lon="-1.719361525028944">
        <ele>576.21002196999996</ele>
      </trkpt>
      <trkpt lat="42.911556959152222" lon="-1.719403266906738">
        <ele>575.86999512</ele>
      </trkpt>
      <trkpt lat="42.91137951426208" lon="-1.719445008784533">
        <ele>575.42999268000005</ele>
      </trkpt>
      <trkpt lat="42.911374568939209" lon="-1.719446182250977">
        <ele>575.42999268000005</ele>
      </trkpt>
      <trkpt lat="42.911202907562256" lon="-1.719446182250977">
        <ele>574.78002930000002</ele>
      </trkpt>
      <trkpt lat="42.911135433241725" lon="-1.719443080946803">
        <ele>574.51000977000001</ele>
      </trkpt>
      <trkpt lat="42.910955473780632" lon="-1.719434782862663">
        <ele>573.82000731999995</ele>
      </trkpt>
      <trkpt lat="42.910775514319539" lon="-1.719426484778523">
        <ele>573.23999022999999</ele>
      </trkpt>
      <trkpt lat="42.910595554858446" lon="-1.719418186694384">
        <ele>572.54998779000005</ele>
      </trkpt>
      <trkpt lat="42.910415511578321" lon="-1.719409804791212">
        <ele>571.84997558999999</ele>
      </trkpt>
      <trkpt lat="42.910235552117229" lon="-1.719401506707072">
        <ele>570.98999022999999</ele>
      </trkpt>
      <trkpt lat="42.910055592656136" lon="-1.719393208622932">
        <ele>570.25</ele>
      </trkpt>
      <trkpt lat="42.909875633195043" lon="-1.719384910538793">
        <ele>569.53997803000004</ele>
      </trkpt>
      <trkpt lat="42.909808158874512" lon="-1.719381809234619">
        <ele>569.26000977000001</ele>
      </trkpt>
      <trkpt lat="42.909801369532943" lon="-1.719381054863334">
        <ele>569.22998046999999</ele>
      </trkpt>
      <trkpt lat="42.909621829167008" lon="-1.719361105933785">
        <ele>568.35998534999999</ele>
      </trkpt>
      <trkpt lat="42.909615039825439" lon="-1.7193603515625">
        <ele>568.34002685999997</ele>
      </trkpt>
      <trkpt lat="42.909576315432787" lon="-1.7193603515625">
        <ele>568.11999512</ele>
      </trkpt>
      <trkpt lat="42.909396272152662" lon="-1.7193603515625">
        <ele>567.30999756000006</ele>
      </trkpt>
      <trkpt lat="42.90935754776001" lon="-1.7193603515625">
        <ele>567.20001220999995</ele>
      </trkpt>
      <trkpt lat="42.909207344055176" lon="-1.719424724578857">
        <ele>566.77001953000001</ele>
      </trkpt>
      <trkpt lat="42.909161327406764" lon="-1.719451546669006">
        <ele>566.61999512</ele>
      </trkpt>
      <trkpt lat="42.908995868638158" lon="-1.719548106193543">
        <ele>566.45001220999995</ele>
      </trkpt>
      <trkpt lat="42.908949851989746" lon="-1.719574928283691">
        <ele>566.21002196999996</ele>
      </trkpt>
      <trkpt lat="42.908799648284912" lon="-1.719596385955811">
        <ele>565.30999756000006</ele>
      </trkpt>
      <trkpt lat="42.908756732940674" lon="-1.719596385955811">
        <ele>565.17999268000005</ele>
      </trkpt>
      <trkpt lat="42.908585071563721" lon="-1.719532012939453">
        <ele>564.21997069999998</ele>
      </trkpt>
      <trkpt lat="42.908524805679917" lon="-1.719493540003896">
        <ele>563.89001465000001</ele>
      </trkpt>
      <trkpt lat="42.908361861482263" lon="-1.719389352947474">
        <ele>562.69000243999994</ele>
      </trkpt>
      <trkpt lat="42.908198833465576" lon="-1.719285249710083">
        <ele>561.69000243999994</ele>
      </trkpt>
      <trkpt lat="42.90803580544889" lon="-1.719181146472693">
        <ele>560.84002685999997</ele>
      </trkpt>
      <trkpt lat="42.907872861251235" lon="-1.71907695941627">
        <ele>559.94000243999994</ele>
      </trkpt>
      <trkpt lat="42.907812595367432" lon="-1.719038486480713">
        <ele>559.46997069999998</ele>
      </trkpt>
      <trkpt lat="42.907640933990479" lon="-1.718995571136475">
        <ele>558.76000977000001</ele>
      </trkpt>
      <trkpt lat="42.90763414464891" lon="-1.71899632550776">
        <ele>558.64001465000001</ele>
      </trkpt>
      <trkpt lat="42.907454604282975" lon="-1.719016274437308">
        <ele>558.09002685999997</ele>
      </trkpt>
      <trkpt lat="42.907447814941406" lon="-1.719017028808594">
        <ele>558.09002685999997</ele>
      </trkpt>
      <trkpt lat="42.907403558492661" lon="-1.719039157032967">
        <ele>557.92999268000005</ele>
      </trkpt>
      <trkpt lat="42.907234579324722" lon="-1.719123646616936">
        <ele>557.53002930000002</ele>
      </trkpt>
      <trkpt lat="42.907190322875977" lon="-1.719145774841309">
        <ele>557.34997558999999</ele>
      </trkpt>
      <trkpt lat="42.907163333147764" lon="-1.719158766791225">
        <ele>557.36999512</ele>
      </trkpt>
      <trkpt lat="42.906993515789509" lon="-1.719240238890052">
        <ele>556.82000731999995</ele>
      </trkpt>
      <trkpt lat="42.906823698431253" lon="-1.719321794807911">
        <ele>556.22998046999999</ele>
      </trkpt>
      <trkpt lat="42.906653881072998" lon="-1.719403266906738">
        <ele>555.53002930000002</ele>
      </trkpt>
      <trkpt lat="42.906484063714743" lon="-1.719484822824597">
        <ele>554.53997803000004</ele>
      </trkpt>
      <trkpt lat="42.906314246356487" lon="-1.719566294923425">
        <ele>553.85998534999999</ele>
      </trkpt>
      <trkpt lat="42.906144428998232" lon="-1.719647767022252">
        <ele>553.33001708999996</ele>
      </trkpt>
      <trkpt lat="42.90611743927002" lon="-1.719660758972168">
        <ele>553.27001953000001</ele>
      </trkpt>
      <trkpt lat="42.906010150909424" lon="-1.719682216644287">
        <ele>553.04998779000005</ele>
      </trkpt>
      <trkpt lat="42.905924320220947" lon="-1.719660758972168">
        <ele>552.71002196999996</ele>
      </trkpt>
      <trkpt lat="42.905838489532471" lon="-1.719596385955811">
        <ele>552.28997803000004</ele>
      </trkpt>
      <trkpt lat="42.905798843130469" lon="-1.719530336558819">
        <ele>551.84997558999999</ele>
      </trkpt>
      <trkpt lat="42.9056850168854" lon="-1.719340570271015">
        <ele>551.32000731999995</ele>
      </trkpt>
      <trkpt lat="42.905645370483398" lon="-1.719274520874023">
        <ele>551.11999512</ele>
      </trkpt>
      <trkpt lat="42.905538082122803" lon="-1.719188690185547">
        <ele>550.89001465000001</ele>
      </trkpt>
      <trkpt lat="42.905430793762207" lon="-1.71912431716919">
        <ele>550.96997069999998</ele>
      </trkpt>
      <trkpt lat="42.905365331098437" lon="-1.719105457887054">
        <ele>550.98999022999999</ele>
      </trkpt>
      <trkpt lat="42.905189143493772" lon="-1.719054831191897">
        <ele>550.83001708999996</ele>
      </trkpt>
      <trkpt lat="42.905012955889106" lon="-1.719004204496741">
        <ele>550.67999268000005</ele>
      </trkpt>
      <trkpt lat="42.90483676828444" lon="-1.718953493982554">
        <ele>550.46997069999998</ele>
      </trkpt>
      <trkpt lat="42.904660580679774" lon="-1.718902867287397">
        <ele>550.26000977000001</ele>
      </trkpt>
      <trkpt lat="42.904484393075109" lon="-1.718852240592241">
        <ele>549.86999512</ele>
      </trkpt>
      <trkpt lat="42.904308205470443" lon="-1.718801530078054">
        <ele>549.39001465000001</ele>
      </trkpt>
      <trkpt lat="42.904132017865777" lon="-1.718750903382897">
        <ele>548.85998534999999</ele>
      </trkpt>
      <trkpt lat="42.903955830261111" lon="-1.718700276687741">
        <ele>548.33001708999996</ele>
      </trkpt>
      <trkpt lat="42.903779642656446" lon="-1.718649649992585">
        <ele>547.90997314000003</ele>
      </trkpt>
      <trkpt lat="42.903714179992676" lon="-1.718630790710449">
        <ele>547.82000731999995</ele>
      </trkpt>
      <trkpt lat="42.903710156679153" lon="-1.718628276139498">
        <ele>547.71997069999998</ele>
      </trkpt>
      <trkpt lat="42.903546541929245" lon="-1.718526016920805">
        <ele>547.08001708999996</ele>
      </trkpt>
      <trkpt lat="42.903542518615723" lon="-1.718523502349854">
        <ele>547.13000488</ele>
      </trkpt>
      <trkpt lat="42.903481414541602" lon="-1.718476479873061">
        <ele>546.92999268000005</ele>
      </trkpt>
      <trkpt lat="42.903324672952294" lon="-1.718355948105454">
        <ele>546.44000243999994</ele>
      </trkpt>
      <trkpt lat="42.903263568878174" lon="-1.718308925628662">
        <ele>546.28997803000004</ele>
      </trkpt>
      <trkpt lat="42.903214618563652" lon="-1.718269111588597">
        <ele>546.14001465000001</ele>
      </trkpt>
      <trkpt lat="42.903060056269169" lon="-1.718143466860056">
        <ele>545.70001220999995</ele>
      </trkpt>
      <trkpt lat="42.902905493974686" lon="-1.718017738312483">
        <ele>544.96997069999998</ele>
      </trkpt>
      <trkpt lat="42.902750931680202" lon="-1.717892093583942">
        <ele>544.19000243999994</ele>
      </trkpt>
      <trkpt lat="42.902596369385719" lon="-1.717766365036368">
        <ele>543.35998534999999</ele>
      </trkpt>
      <trkpt lat="42.902441807091236" lon="-1.717640636488795">
        <ele>542.63000488</ele>
      </trkpt>
      <trkpt lat="42.902287244796753" lon="-1.717514991760254">
        <ele>541.88000488</ele>
      </trkpt>
      <trkpt lat="42.90213268250227" lon="-1.717389263212681">
        <ele>541.21002196999996</ele>
      </trkpt>
      <trkpt lat="42.901978120207787" lon="-1.717263618484139">
        <ele>540.60998534999999</ele>
      </trkpt>
      <trkpt lat="42.901823557913303" lon="-1.717137889936566">
        <ele>539.98999022999999</ele>
      </trkpt>
      <trkpt lat="42.90166899561882" lon="-1.717012245208025">
        <ele>539.52001953000001</ele>
      </trkpt>
      <trkpt lat="42.901514433324337" lon="-1.716886516660452">
        <ele>539.20001220999995</ele>
      </trkpt>
      <trkpt lat="42.901359871029854" lon="-1.716760871931911">
        <ele>538.92999268000005</ele>
      </trkpt>
      <trkpt lat="42.901310920715332" lon="-1.716721057891846">
        <ele>538.83001708999996</ele>
      </trkpt>
      <trkpt lat="42.901246547698975" lon="-1.716678142547607">
        <ele>538.76000977000001</ele>
      </trkpt>
      <trkpt lat="42.901240848004818" lon="-1.716673616319895">
        <ele>538.76000977000001</ele>
      </trkpt>
      <trkpt lat="42.901085615158081" lon="-1.716549396514893">
        <ele>538.65002441000001</ele>
      </trkpt>
      <trkpt lat="42.900930382311344" lon="-1.71642517670989">
        <ele>538.63000488</ele>
      </trkpt>
      <trkpt lat="42.900924682617188" lon="-1.716420650482178">
        <ele>538.58001708999996</ele>
      </trkpt>
      <trkpt lat="42.900911355391145" lon="-1.716407323256135">
        <ele>538.59002685999997</ele>
      </trkpt>
      <trkpt lat="42.900766348466277" lon="-1.716262316331267">
        <ele>538.53002930000002</ele>
      </trkpt>
      <trkpt lat="42.900753021240234" lon="-1.716248989105225">
        <ele>538.53997803000004</ele>
      </trkpt>
      <trkpt lat="42.900726199150085" lon="-1.716219149529934">
        <ele>538.54998779000005</ele>
      </trkpt>
      <trkpt lat="42.900586724281311" lon="-1.716064251959324">
        <ele>538.40997314000003</ele>
      </trkpt>
      <trkpt lat="42.900559902191162" lon="-1.716034412384033">
        <ele>538.46997069999998</ele>
      </trkpt>
      <trkpt lat="42.900537857785821" lon="-1.716008177027106">
        <ele>538.44000243999994</ele>
      </trkpt>
      <trkpt lat="42.900402322411537" lon="-1.715846825391054">
        <ele>537.75</ele>
      </trkpt>
      <trkpt lat="42.900266870856285" lon="-1.715685557574034">
        <ele>537.10998534999999</ele>
      </trkpt>
      <trkpt lat="42.900131335482001" lon="-1.715524205937982">
        <ele>536.44000243999994</ele>
      </trkpt>
      <trkpt lat="42.90010929107666" lon="-1.715497970581055">
        <ele>536.36999512</ele>
      </trkpt>
      <trkpt lat="42.900002002716064" lon="-1.715390682220459">
        <ele>536.03997803000004</ele>
      </trkpt>
      <trkpt lat="42.899894714355469" lon="-1.715326309204102">
        <ele>535.71997069999998</ele>
      </trkpt>
      <trkpt lat="42.899723052978516" lon="-1.715283393859863">
        <ele>535.46002196999996</ele>
      </trkpt>
      <trkpt lat="42.899644179269671" lon="-1.715257745236158">
        <ele>535.44000243999994</ele>
      </trkpt>
      <trkpt lat="42.899469081312418" lon="-1.715200832113624">
        <ele>534.91998291000004</ele>
      </trkpt>
      <trkpt lat="42.899293899536133" lon="-1.715143918991089">
        <ele>534.54998779000005</ele>
      </trkpt>
      <trkpt lat="42.899118717759848" lon="-1.715087005868554">
        <ele>534.11999512</ele>
      </trkpt>
      <trkpt lat="42.898943619802594" lon="-1.715030092746019">
        <ele>533.63000488</ele>
      </trkpt>
      <trkpt lat="42.89886474609375" lon="-1.715004444122315">
        <ele>533.53997803000004</ele>
      </trkpt>
      <trkpt lat="42.898855274543166" lon="-1.715001342818141">
        <ele>533.51000977000001</ele>
      </trkpt>
      <trkpt lat="42.898680176585913" lon="-1.714944010600448">
        <ele>533.23999022999999</ele>
      </trkpt>
      <trkpt lat="42.898505078628659" lon="-1.714886594563723">
        <ele>532.96997069999998</ele>
      </trkpt>
      <trkpt lat="42.898329980671406" lon="-1.714829262346029">
        <ele>532.85998534999999</ele>
      </trkpt>
      <trkpt lat="42.898154966533184" lon="-1.714771930128336">
        <ele>532.88000488</ele>
      </trkpt>
      <trkpt lat="42.897979868575931" lon="-1.714714597910643">
        <ele>532.82000731999995</ele>
      </trkpt>
      <trkpt lat="42.897804770618677" lon="-1.714657181873918">
        <ele>532.83001708999996</ele>
      </trkpt>
      <trkpt lat="42.897629672661424" lon="-1.714599849656224">
        <ele>532.84002685999997</ele>
      </trkpt>
      <trkpt lat="42.89762020111084" lon="-1.714596748352051">
        <ele>532.96002196999996</ele>
      </trkpt>
      <trkpt lat="42.897609220817685" lon="-1.714591886848211">
        <ele>532.90002441000001</ele>
      </trkpt>
      <trkpt lat="42.897438062354922" lon="-1.714515779167414">
        <ele>532.90002441000001</ele>
      </trkpt>
      <trkpt lat="42.897427082061768" lon="-1.714510917663574">
        <ele>533.02001953000001</ele>
      </trkpt>
      <trkpt lat="42.897394644096494" lon="-1.71448627486825">
        <ele>532.96002196999996</ele>
      </trkpt>
      <trkpt lat="42.897237483412027" lon="-1.714366832748056">
        <ele>532.92999268000005</ele>
      </trkpt>
      <trkpt lat="42.897080238908529" lon="-1.714247306808829">
        <ele>532.21997069999998</ele>
      </trkpt>
      <trkpt lat="42.896923078224063" lon="-1.714127864688635">
        <ele>531.69000243999994</ele>
      </trkpt>
      <trkpt lat="42.896890640258789" lon="-1.714103221893311">
        <ele>531.53997803000004</ele>
      </trkpt>
      <trkpt lat="42.89686574600637" lon="-1.714088302105665">
        <ele>531.52001953000001</ele>
      </trkpt>
      <trkpt lat="42.896700957790017" lon="-1.713989395648241">
        <ele>531.08001708999996</ele>
      </trkpt>
      <trkpt lat="42.896676063537598" lon="-1.713974475860596">
        <ele>531.02001953000001</ele>
      </trkpt>
      <trkpt lat="42.896547317504883" lon="-1.713953018188477">
        <ele>530.77001953000001</ele>
      </trkpt>
      <trkpt lat="42.896522339433432" lon="-1.713949078693986">
        <ele>530.91998291000004</ele>
      </trkpt>
      <trkpt lat="42.896343469619751" lon="-1.713920831680298">
        <ele>530.90002441000001</ele>
      </trkpt>
      <trkpt lat="42.89616459980607" lon="-1.71389258466661">
        <ele>530.96002196999996</ele>
      </trkpt>
      <trkpt lat="42.896139621734619" lon="-1.713888645172119">
        <ele>530.92999268000005</ele>
      </trkpt>
      <trkpt lat="42.896032333374023" lon="-1.7138671875">
        <ele>530.96997069999998</ele>
      </trkpt>
      <trkpt lat="42.895882129669189" lon="-1.713781356811523">
        <ele>530.54998779000005</ele>
      </trkpt>
      <trkpt lat="42.8958625998348" lon="-1.713756965473294">
        <ele>530.44000243999994</ele>
      </trkpt>
      <trkpt lat="42.895729998126626" lon="-1.713591171428561">
        <ele>529.85998534999999</ele>
      </trkpt>
      <trkpt lat="42.895710468292236" lon="-1.713566780090332">
        <ele>529.69000243999994</ele>
      </trkpt>
      <trkpt lat="42.895700745284557" lon="-1.713554039597511">
        <ele>529.59002685999997</ele>
      </trkpt>
      <trkpt lat="42.895571328699589" lon="-1.713383719325066">
        <ele>528.69000243999994</ele>
      </trkpt>
      <trkpt lat="42.89544191211462" lon="-1.71321339905262">
        <ele>528.01000977000001</ele>
      </trkpt>
      <trkpt lat="42.895312495529652" lon="-1.713043078780174">
        <ele>527.21997069999998</ele>
      </trkpt>
      <trkpt lat="42.895302772521973" lon="-1.713030338287354">
        <ele>527.19000243999994</ele>
      </trkpt>
      <trkpt lat="42.89525767788291" lon="-1.71296906657517">
        <ele>526.90997314000003</ele>
      </trkpt>
      <trkpt lat="42.895130272954702" lon="-1.712795896455646">
        <ele>526.08001708999996</ele>
      </trkpt>
      <trkpt lat="42.895002868026495" lon="-1.712622810155153">
        <ele>525.73999022999999</ele>
      </trkpt>
      <trkpt lat="42.894875546917319" lon="-1.712449723854661">
        <ele>525.73999022999999</ele>
      </trkpt>
      <trkpt lat="42.894748141989112" lon="-1.712276553735137">
        <ele>525.57000731999995</ele>
      </trkpt>
      <trkpt lat="42.894620737060905" lon="-1.712103467434645">
        <ele>524.96997069999998</ele>
      </trkpt>
      <trkpt lat="42.894493332132697" lon="-1.711930297315121">
        <ele>524.41998291000004</ele>
      </trkpt>
      <trkpt lat="42.894366011023521" lon="-1.711757211014628">
        <ele>523.80999756000006</ele>
      </trkpt>
      <trkpt lat="42.894238606095314" lon="-1.711584124714136">
        <ele>523.14001465000001</ele>
      </trkpt>
      <trkpt lat="42.894111201167107" lon="-1.711410954594612">
        <ele>522.63000488</ele>
      </trkpt>
      <trkpt lat="42.893983796238899" lon="-1.71123786829412">
        <ele>522.08001708999996</ele>
      </trkpt>
      <trkpt lat="42.893856391310692" lon="-1.711064781993628">
        <ele>521.83001708999996</ele>
      </trkpt>
      <trkpt lat="42.893729070201516" lon="-1.710891611874104">
        <ele>521.46002196999996</ele>
      </trkpt>
      <trkpt lat="42.893601665273309" lon="-1.710718525573611">
        <ele>521.22998046999999</ele>
      </trkpt>
      <trkpt lat="42.893474260345101" lon="-1.710545439273119">
        <ele>520.85998534999999</ele>
      </trkpt>
      <trkpt lat="42.893346855416894" lon="-1.710372269153595">
        <ele>520.21997069999998</ele>
      </trkpt>
      <trkpt lat="42.893219450488687" lon="-1.710199182853103">
        <ele>519.53997803000004</ele>
      </trkpt>
      <trkpt lat="42.893092129379511" lon="-1.71002609655261">
        <ele>519</ele>
      </trkpt>
      <trkpt lat="42.892964724451303" lon="-1.709852926433086">
        <ele>518.27001953000001</ele>
      </trkpt>
      <trkpt lat="42.892837319523096" lon="-1.709679840132594">
        <ele>517.59997558999999</ele>
      </trkpt>
      <trkpt lat="42.892792224884033" lon="-1.70961856842041">
        <ele>517.33001708999996</ele>
      </trkpt>
      <trkpt lat="42.89275492541492" lon="-1.709581268951297">
        <ele>517.15997314000003</ele>
      </trkpt>
      <trkpt lat="42.892609834671021" lon="-1.709436178207398">
        <ele>516.40002441000001</ele>
      </trkpt>
      <trkpt lat="42.892464743927121" lon="-1.709291087463498">
        <ele>515.92999268000005</ele>
      </trkpt>
      <trkpt lat="42.892427444458008" lon="-1.709253787994385">
        <ele>515.78002930000002</ele>
      </trkpt>
      <trkpt lat="42.892403472214937" lon="-1.709231827408075">
        <ele>515.71997069999998</ele>
      </trkpt>
      <trkpt lat="42.892254274338484" lon="-1.709094699472189">
        <ele>515.14001465000001</ele>
      </trkpt>
      <trkpt lat="42.89210507646203" lon="-1.708957571536303">
        <ele>514.53002930000002</ele>
      </trkpt>
      <trkpt lat="42.891955878585577" lon="-1.708820443600416">
        <ele>514.07000731999995</ele>
      </trkpt>
      <trkpt lat="42.891806680709124" lon="-1.70868331566453">
        <ele>513.59002685999997</ele>
      </trkpt>
      <trkpt lat="42.89165748283267" lon="-1.708546187728643">
        <ele>513.19000243999994</ele>
      </trkpt>
      <trkpt lat="42.8916335105896" lon="-1.708524227142334">
        <ele>513.04998779000005</ele>
      </trkpt>
      <trkpt lat="42.891526222229004" lon="-1.708395481109619">
        <ele>512.70001220999995</ele>
      </trkpt>
      <trkpt lat="42.891397476196289" lon="-1.708245277404785">
        <ele>512.03002930000002</ele>
      </trkpt>
      <trkpt lat="42.891333103179932" lon="-1.70811653137207">
        <ele>511.75</ele>
      </trkpt>
      <trkpt lat="42.891290187835693" lon="-1.707966327667236">
        <ele>511.42999268</ele>
      </trkpt>
      <trkpt lat="42.8912880923599" lon="-1.707951407879591">
        <ele>511.39001465000001</ele>
      </trkpt>
      <trkpt lat="42.891253726556897" lon="-1.707711014896631">
        <ele>510.86999512</ele>
      </trkpt>
      <trkpt lat="42.891219360753894" lon="-1.707470621913672">
        <ele>510.36999512</ele>
      </trkpt>
      <trkpt lat="42.891184994950891" lon="-1.707230228930712">
        <ele>510.01000977000001</ele>
      </trkpt>
      <trkpt lat="42.891182899475098" lon="-1.707215309143066">
        <ele>509.88000488</ele>
      </trkpt>
      <trkpt lat="42.891168817877769" lon="-1.707107098773122">
        <ele>509.64999390000003</ele>
      </trkpt>
      <trkpt lat="42.891137469559908" lon="-1.706865951418877">
        <ele>509.25</ele>
      </trkpt>
      <trkpt lat="42.891106121242046" lon="-1.7066247202456">
        <ele>508.76000977000001</ele>
      </trkpt>
      <trkpt lat="42.891074772924185" lon="-1.706383572891355">
        <ele>508.23999022999999</ele>
      </trkpt>
      <trkpt lat="42.891043424606323" lon="-1.706142425537109">
        <ele>507.76998901000002</ele>
      </trkpt>
      <trkpt lat="42.891012076288462" lon="-1.705901278182864">
        <ele>507.26000977000001</ele>
      </trkpt>
      <trkpt lat="42.8909807279706" lon="-1.705660047009587">
        <ele>506.69000244</ele>
      </trkpt>
      <trkpt lat="42.890949379652739" lon="-1.705418899655342">
        <ele>506.20001221000001</ele>
      </trkpt>
      <trkpt lat="42.890918031334877" lon="-1.705177752301097">
        <ele>505.82000732</ele>
      </trkpt>
      <trkpt lat="42.890903949737549" lon="-1.705069541931152">
        <ele>505.60998534999999</ele>
      </trkpt>
      <trkpt lat="42.890893639996648" lon="-1.705033499747515">
        <ele>505.57998657000002</ele>
      </trkpt>
      <trkpt lat="42.890828428789973" lon="-1.704805176705122">
        <ele>505.07998657000002</ele>
      </trkpt>
      <trkpt lat="42.890818119049072" lon="-1.704769134521484">
        <ele>505.04000853999997</ele>
      </trkpt>
      <trkpt lat="42.890775203704834" lon="-1.704661846160889">
        <ele>504.69000244</ele>
      </trkpt>
      <trkpt lat="42.890732288360596" lon="-1.704511642456055">
        <ele>504.39001465000001</ele>
      </trkpt>
      <trkpt lat="42.890712423250079" lon="-1.704470152035356">
        <ele>504.29998778999999</ele>
      </trkpt>
      <trkpt lat="42.89061427116394" lon="-1.704264879226685">
        <ele>503.79000853999997</ele>
      </trkpt>
      <trkpt lat="42.890516119077802" lon="-1.704059606418014">
        <ele>503.35998534999999</ele>
      </trkpt>
      <trkpt lat="42.890496253967285" lon="-1.704018115997315">
        <ele>503.17999268</ele>
      </trkpt>
      <trkpt lat="42.890388965606689" lon="-1.703846454620361">
        <ele>502.77999878000003</ele>
      </trkpt>
      <trkpt lat="42.890375973656774" lon="-1.703827846795321">
        <ele>502.76998901000002</ele>
      </trkpt>
      <trkpt lat="42.890251753851771" lon="-1.703650485724211">
        <ele>502.23999022999999</ele>
      </trkpt>
      <trkpt lat="42.890238761901855" lon="-1.70363187789917">
        <ele>502.33999634000003</ele>
      </trkpt>
      <trkpt lat="42.890203977003694" lon="-1.703597093001008">
        <ele>502.11999512</ele>
      </trkpt>
      <trkpt lat="42.890058970078826" lon="-1.70345208607614">
        <ele>501.76998901000002</ele>
      </trkpt>
      <trkpt lat="42.890024185180664" lon="-1.703417301177979">
        <ele>501.69000244</ele>
      </trkpt>
      <trkpt lat="42.89001471363008" lon="-1.703410344198346">
        <ele>501.69000244</ele>
      </trkpt>
      <trkpt lat="42.889856547117233" lon="-1.703293416649103">
        <ele>501.35998534999999</ele>
      </trkpt>
      <trkpt lat="42.889698296785355" lon="-1.703176405280829">
        <ele>501.01000977000001</ele>
      </trkpt>
      <trkpt lat="42.889540130272508" lon="-1.703059477731586">
        <ele>500.70999146000003</ele>
      </trkpt>
      <trkpt lat="42.889530658721924" lon="-1.703052520751953">
        <ele>500.70999146000003</ele>
      </trkpt>
      <trkpt lat="42.889401912689209" lon="-1.702945232391357">
        <ele>500.14001465000001</ele>
      </trkpt>
      <trkpt lat="42.889273166656494" lon="-1.702795028686523">
        <ele>499.91000365999997</ele>
      </trkpt>
      <trkpt lat="42.889230251312256" lon="-1.702687740325928">
        <ele>499.63000488</ele>
      </trkpt>
      <trkpt lat="42.889222120866179" lon="-1.702661253511906">
        <ele>499.61999512</ele>
      </trkpt>
      <trkpt lat="42.889152551069856" lon="-1.702435277402401">
        <ele>499.29000853999997</ele>
      </trkpt>
      <trkpt lat="42.889144420623779" lon="-1.702408790588379">
        <ele>499.32000732</ele>
      </trkpt>
      <trkpt lat="42.889133272692561" lon="-1.702345507219434">
        <ele>499.14999390000003</ele>
      </trkpt>
      <trkpt lat="42.88909119553864" lon="-1.702107293531299">
        <ele>498.54998778999999</ele>
      </trkpt>
      <trkpt lat="42.889080047607422" lon="-1.702044010162354">
        <ele>498.36999512</ele>
      </trkpt>
      <trkpt lat="42.889077281579375" lon="-1.702025569975376">
        <ele>498.27999878000003</ele>
      </trkpt>
      <trkpt lat="42.889041323214769" lon="-1.701785596087575">
        <ele>497.72000121999997</ele>
      </trkpt>
      <trkpt lat="42.889005281031132" lon="-1.701545622199774">
        <ele>497.08999634000003</ele>
      </trkpt>
      <trkpt lat="42.888969322666526" lon="-1.701305648311973">
        <ele>496.33999634000003</ele>
      </trkpt>
      <trkpt lat="42.888933280482888" lon="-1.701065758243203">
        <ele>494.98999022999999</ele>
      </trkpt>
      <trkpt lat="42.888897322118282" lon="-1.700825784355402">
        <ele>495.57000732</ele>
      </trkpt>
      <trkpt lat="42.888861279934645" lon="-1.700585810467601">
        <ele>495.57000732</ele>
      </trkpt>
      <trkpt lat="42.888825321570039" lon="-1.7003458365798">
        <ele>495.38000488</ele>
      </trkpt>
      <trkpt lat="42.888822555541992" lon="-1.700327396392822">
        <ele>495.38000488</ele>
      </trkpt>
      <trkpt lat="42.888817358762026" lon="-1.700213570147753">
        <ele>495.32998657000002</ele>
      </trkpt>
      <trkpt lat="42.888806294649839" lon="-1.699969153851271">
        <ele>495.17999268</ele>
      </trkpt>
      <trkpt lat="42.888801097869873" lon="-1.699855327606201">
        <ele>495.08999634000003</ele>
      </trkpt>
      <trkpt lat="42.888803109526634" lon="-1.699826996773481">
        <ele>495.04998778999999</ele>
      </trkpt>
      <trkpt lat="42.888820543885231" lon="-1.699583251029253">
        <ele>494.92999268</ele>
      </trkpt>
      <trkpt lat="42.888822555541992" lon="-1.699554920196533">
        <ele>494.94000244</ele>
      </trkpt>
      <trkpt lat="42.888842923566699" lon="-1.699448134750128">
        <ele>494.91000365999997</ele>
      </trkpt>
      <trkpt lat="42.888888018205762" lon="-1.699211094528437">
        <ele>494.70001221000001</ele>
      </trkpt>
      <trkpt lat="42.888908386230469" lon="-1.699104309082031">
        <ele>494.57998657000002</ele>
      </trkpt>
      <trkpt lat="42.888913415372372" lon="-1.699080085381866">
        <ele>494.61999512</ele>
      </trkpt>
      <trkpt lat="42.88896270096302" lon="-1.698844553902745">
        <ele>494.5</ele>
      </trkpt>
      <trkpt lat="42.889011902734637" lon="-1.698608938604593">
        <ele>494.32000732</ele>
      </trkpt>
      <trkpt lat="42.889061104506254" lon="-1.698373407125473">
        <ele>494</ele>
      </trkpt>
      <trkpt lat="42.889110390096903" lon="-1.698137791827321">
        <ele>493.41000365999997</ele>
      </trkpt>
      <trkpt lat="42.88915959186852" lon="-1.697902260348201">
        <ele>492.69000244</ele>
      </trkpt>
      <trkpt lat="42.889208793640137" lon="-1.697666645050049">
        <ele>492.10000609999997</ele>
      </trkpt>
      <trkpt lat="42.889257995411754" lon="-1.697431113570929">
        <ele>491.5</ele>
      </trkpt>
      <trkpt lat="42.889307281002402" lon="-1.697195498272777">
        <ele>491.08999634000003</ele>
      </trkpt>
      <trkpt lat="42.889356482774019" lon="-1.696959966793656">
        <ele>490.64001465000001</ele>
      </trkpt>
      <trkpt lat="42.889405684545636" lon="-1.696724351495504">
        <ele>490.35998534999999</ele>
      </trkpt>
      <trkpt lat="42.889454886317253" lon="-1.696488820016384">
        <ele>490.01000977000001</ele>
      </trkpt>
      <trkpt lat="42.889504171907902" lon="-1.696253204718232">
        <ele>489.79998778999999</ele>
      </trkpt>
      <trkpt lat="42.889509201049805" lon="-1.696228981018066">
        <ele>489.79998778999999</ele>
      </trkpt>
      <trkpt lat="42.889509201049805" lon="-1.696100234985352">
        <ele>489.5</ele>
      </trkpt>
      <trkpt lat="42.889509201049805" lon="-1.695864200592041">
        <ele>489.55999756</ele>
      </trkpt>
      <trkpt lat="42.889444828033447" lon="-1.695671081542969">
        <ele>489.63000488</ele>
      </trkpt>
      <trkpt lat="42.889434099197388" lon="-1.695651384070516">
        <ele>489.58999634000003</ele>
      </trkpt>
      <trkpt lat="42.889326810836792" lon="-1.695454744622111">
        <ele>489.45001221000001</ele>
      </trkpt>
      <trkpt lat="42.889316082000732" lon="-1.695435047149658">
        <ele>489.33999634000003</ele>
      </trkpt>
      <trkpt lat="42.889187335968018" lon="-1.695306301116943">
        <ele>488.26998901000002</ele>
      </trkpt>
      <trkpt lat="42.889080047607422" lon="-1.695241928100586">
        <ele>488.07000732</ele>
      </trkpt>
      <trkpt lat="42.888994216918945" lon="-1.695241928100586">
        <ele>487.67001342999998</ele>
      </trkpt>
      <trkpt lat="42.888962449505925" lon="-1.695246454328299">
        <ele>487.57000732</ele>
      </trkpt>
      <trkpt lat="42.888783328235149" lon="-1.695272019132972">
        <ele>486.85998534999999</ele>
      </trkpt>
      <trkpt lat="42.888604290783405" lon="-1.695297667756677">
        <ele>486.05999756</ele>
      </trkpt>
      <trkpt lat="42.888393402099609" lon="-1.695327758789063">
        <ele>485.92578125</ele>
      </trkpt>
      <trkpt lat="42.88837194442749" lon="-1.695477962493897">
        <ele>487.74609375</ele>
      </trkpt>
      <trkpt lat="42.88813591003418" lon="-1.695692539215088">
        <ele>488.9453125</ele>
      </trkpt>
      <trkpt lat="42.888071537017822" lon="-1.695821285247803">
        <ele>489.80078125</ele>
      </trkpt>
      <trkpt lat="42.888028621673584" lon="-1.695992946624756">
        <ele>491.34765625</ele>
      </trkpt>
      <trkpt lat="42.888050079345703" lon="-1.696250438690186">
        <ele>494.48828125</ele>
      </trkpt>
      <trkpt lat="42.888243198394775" lon="-1.696979999542236">
        <ele>503.03125</ele>
      </trkpt>
      <trkpt lat="42.888286113739014" lon="-1.697087287902832">
        <ele>504.23828125</ele>
      </trkpt>
      <trkpt lat="42.888500690460205" lon="-1.6973876953125">
        <ele>507.38671875</ele>
      </trkpt>
      <trkpt lat="42.888522148132324" lon="-1.697473526000977">
        <ele>507.9453125</ele>
      </trkpt>
      <trkpt lat="42.888543605804443" lon="-1.697580814361572">
        <ele>508.5625</ele>
      </trkpt>
      <trkpt lat="42.888500690460205" lon="-1.697795391082764">
        <ele>509.5546875</ele>
      </trkpt>
      <trkpt lat="42.888414859771729" lon="-1.697945594787598">
        <ele>511.3046875</ele>
      </trkpt>
      <trkpt lat="42.888286113739014" lon="-1.698074340820313">
        <ele>513.9140625</ele>
      </trkpt>
      <trkpt lat="42.888221740722656" lon="-1.698203086853027">
        <ele>515.62109375</ele>
      </trkpt>
      <trkpt lat="42.888114452362061" lon="-1.698524951934815">
        <ele>520.06640625</ele>
      </trkpt>
      <trkpt lat="42.888007164001465" lon="-1.698975563049316">
        <ele>525.47265625</ele>
      </trkpt>
      <trkpt lat="42.887899875640869" lon="-1.699275970458984">
        <ele>528.83984375</ele>
      </trkpt>
      <trkpt lat="42.887792587280273" lon="-1.699426174163818">
        <ele>531.12109375</ele>
      </trkpt>
      <trkpt lat="42.887599468231201" lon="-1.699683666229248">
        <ele>532.6484375</ele>
      </trkpt>
      <trkpt lat="42.887535095214844" lon="-1.699726581573486">
        <ele>533.1875</ele>
      </trkpt>
      <trkpt lat="42.887341976165771" lon="-1.699833869934082">
        <ele>535.6171875</ele>
      </trkpt>
      <trkpt lat="42.887316159904003" lon="-1.699859602376819">
        <ele>535.921875</ele>
      </trkpt>
      <trkpt lat="42.887277603149414" lon="-1.69989824295044">
        <ele>536.45703125</ele>
      </trkpt>
      <trkpt lat="42.887234687805176" lon="-1.699962615966797">
        <ele>537.1171875</ele>
      </trkpt>
      <trkpt lat="42.887191772460938" lon="-1.700091361999512">
        <ele>538.02734375</ele>
      </trkpt>
      <trkpt lat="42.887191772460938" lon="-1.700820922851563">
        <ele>541.96484375</ele>
      </trkpt>
      <trkpt lat="42.887213230133057" lon="-1.701207160949707">
        <ele>545.296875</ele>
      </trkpt>
      <trkpt lat="42.887191772460938" lon="-1.701979637145996">
        <ele>553.6796875</ele>
      </trkpt>
      <trkpt lat="42.887213230133057" lon="-1.702473163604736">
        <ele>556.33984375</ele>
      </trkpt>
      <trkpt lat="42.887170314788818" lon="-1.702558994293213">
        <ele>558.31640625</ele>
      </trkpt>
      <trkpt lat="42.88712739944458" lon="-1.702601909637451">
        <ele>559.90625</ele>
      </trkpt>
      <trkpt lat="42.887063026428223" lon="-1.70262336730957">
        <ele>562.01171875</ele>
      </trkpt>
      <trkpt lat="42.886998653411865" lon="-1.702601909637451">
        <ele>563.765625</ele>
      </trkpt>
      <trkpt lat="42.88689136505127" lon="-1.702558994293213">
        <ele>566.4140625</ele>
      </trkpt>
      <trkpt lat="42.886526584625244" lon="-1.702108383178711">
        <ele>568.6640625</ele>
      </trkpt>
      <trkpt lat="42.886483669281006" lon="-1.702086925506592">
        <ele>568.99609375</ele>
      </trkpt>
      <trkpt lat="42.886440753936768" lon="-1.702086925506592">
        <ele>569.5859375</ele>
      </trkpt>
      <trkpt lat="42.886419296264648" lon="-1.702172756195068">
        <ele>570.9765625</ele>
      </trkpt>
      <trkpt lat="42.886354923248291" lon="-1.702580451965332">
        <ele>577.0078125</ele>
      </trkpt>
      <trkpt lat="42.886333465576172" lon="-1.703009605407715">
        <ele>583.16796875</ele>
      </trkpt>
      <trkpt lat="42.886333465576172" lon="-1.703310012817383">
        <ele>586.9375</ele>
      </trkpt>
      <trkpt lat="42.886354923248291" lon="-1.703588962554932">
        <ele>590.0546875</ele>
      </trkpt>
      <trkpt lat="42.88637638092041" lon="-1.7038893699646">
        <ele>593.2734375</ele>
      </trkpt>
      <trkpt lat="42.886333465576172" lon="-1.704425811767578">
        <ele>600.84765625</ele>
      </trkpt>
      <trkpt lat="42.886312007904053" lon="-1.704661846160889">
        <ele>603.2734375</ele>
      </trkpt>
      <trkpt lat="42.886226177215576" lon="-1.705069541931152">
        <ele>606.94921875</ele>
      </trkpt>
      <trkpt lat="42.886033058166504" lon="-1.705541610717773">
        <ele>612.4765625</ele>
      </trkpt>
      <trkpt lat="42.885904312133789" lon="-1.70588493347168">
        <ele>616.640625</ele>
      </trkpt>
      <trkpt lat="42.885861396789551" lon="-1.706185340881348">
        <ele>619.56640625</ele>
      </trkpt>
      <trkpt lat="42.88588285446167" lon="-1.706528663635254">
        <ele>623.57421875</ele>
      </trkpt>
      <trkpt lat="42.885990142822266" lon="-1.706936359405518">
        <ele>626.9921875</ele>
      </trkpt>
      <trkpt lat="42.886075973510742" lon="-1.707279682159424">
        <ele>629.25</ele>
      </trkpt>
      <trkpt lat="42.88611888885498" lon="-1.707472801208496">
        <ele>630.8515625</ele>
      </trkpt>
      <trkpt lat="42.886075973510742" lon="-1.707901954650879">
        <ele>635.35546875</ele>
      </trkpt>
      <trkpt lat="42.886011600494385" lon="-1.708223819732666">
        <ele>638.9765625</ele>
      </trkpt>
      <trkpt lat="42.885968685150146" lon="-1.708481311798096">
        <ele>641.6015625</ele>
      </trkpt>
      <trkpt lat="42.885942617431283" lon="-1.708872830495238">
        <ele>646.43359375</ele>
      </trkpt>
      <trkpt lat="42.885925769805908" lon="-1.70912504196167">
        <ele>649.1484375</ele>
      </trkpt>
      <trkpt lat="42.885775566101074" lon="-1.70961856842041">
        <ele>654.23046875</ele>
      </trkpt>
      <trkpt lat="42.885603904724121" lon="-1.710047721862793">
        <ele>656.54296875</ele>
      </trkpt>
      <trkpt lat="42.885496616363525" lon="-1.710433959960938">
        <ele>658.84765625</ele>
      </trkpt>
      <trkpt lat="42.885282039642334" lon="-1.71086311340332">
        <ele>661.4375</ele>
      </trkpt>
      <trkpt lat="42.885153293609619" lon="-1.711206436157227">
        <ele>663.81640625</ele>
      </trkpt>
      <trkpt lat="42.884981632232666" lon="-1.711807250976563">
        <ele>670.57421875</ele>
      </trkpt>
      <trkpt lat="42.884724140167236" lon="-1.712536811828613">
        <ele>679.3515625</ele>
      </trkpt>
      <trkpt lat="42.884616851806641" lon="-1.713137626647949">
        <ele>687.07421875</ele>
      </trkpt>
      <trkpt lat="42.884552478790283" lon="-1.713395118713379">
        <ele>690.01953125</ele>
      </trkpt>
      <trkpt lat="42.884488105773926" lon="-1.713652610778809">
        <ele>693.296875</ele>
      </trkpt>
      <trkpt lat="42.884423732757568" lon="-1.713845729827881">
        <ele>696.22265625</ele>
      </trkpt>
      <trkpt lat="42.884252071380615" lon="-1.714231967926025">
        <ele>700.4453125</ele>
      </trkpt>
      <trkpt lat="42.883522510528564" lon="-1.715283393859863">
        <ele>710.1328125</ele>
      </trkpt>
      <trkpt lat="42.883479595184326" lon="-1.71536922454834">
        <ele>710.65625</ele>
      </trkpt>
      <trkpt lat="42.883350849151611" lon="-1.715970039367676">
        <ele>714.09765625</ele>
      </trkpt>
      <trkpt lat="42.883329391479492" lon="-1.716055870056152">
        <ele>714.92578125</ele>
      </trkpt>
      <trkpt lat="42.883243560791016" lon="-1.71637773513794">
        <ele>717.265625</ele>
      </trkpt>
      <trkpt lat="42.883230401203036" lon="-1.716427691280842">
        <ele>717.6875</ele>
      </trkpt>
      <trkpt lat="42.883201315999031" lon="-1.716473288834095">
        <ele>717.734375</ele>
      </trkpt>
      <trkpt lat="42.883093357086182" lon="-1.716635227203369">
        <ele>717.6796875</ele>
      </trkpt>
      <trkpt lat="42.883007526397705" lon="-1.716699600219727">
        <ele>717.67578125</ele>
      </trkpt>
      <trkpt lat="42.882921695709229" lon="-1.716763973236084">
        <ele>717.6953125</ele>
      </trkpt>
      <trkpt lat="42.882771492004395" lon="-1.716828346252441">
        <ele>717.6015625</ele>
      </trkpt>
      <trkpt lat="42.882578372955322" lon="-1.716914176940918">
        <ele>717.28515625</ele>
      </trkpt>
      <trkpt lat="42.882041931152344" lon="-1.716978549957275">
        <ele>715.44140625</ele>
      </trkpt>
      <trkpt lat="42.881805896759033" lon="-1.717085838317871">
        <ele>714.81640625</ele>
      </trkpt>
      <trkpt lat="42.881698608398437" lon="-1.71710729598999">
        <ele>714.6328125</ele>
      </trkpt>
      <trkpt lat="42.881441116333008" lon="-1.717150211334229">
        <ele>713.90625</ele>
      </trkpt>
      <trkpt lat="42.881162166595459" lon="-1.717236042022705">
        <ele>713.796875</ele>
      </trkpt>
      <trkpt lat="42.880840301513672" lon="-1.717257499694824">
        <ele>713.125</ele>
      </trkpt>
      <trkpt lat="42.880733013153076" lon="-1.717300415039063">
        <ele>713.0703125</ele>
      </trkpt>
      <trkpt lat="42.880754470825195" lon="-1.717193126678467">
        <ele>712.58984375</ele>
      </trkpt>
      <trkpt lat="42.880775928497314" lon="-1.717085838317871">
        <ele>712.0546875</ele>
      </trkpt>
      <trkpt lat="42.880668640136719" lon="-1.716527938842773">
        <ele>706.734375</ele>
      </trkpt>
      <trkpt lat="42.880561351776123" lon="-1.716163158416748">
        <ele>701.8984375</ele>
      </trkpt>
      <trkpt lat="42.880454063415527" lon="-1.715819835662842">
        <ele>697.11328125</ele>
      </trkpt>
      <trkpt lat="42.880368232727051" lon="-1.715691089630127">
        <ele>694.50390625</ele>
      </trkpt>
      <trkpt lat="42.880282402038574" lon="-1.715648174285889">
        <ele>692.64453125</ele>
      </trkpt>
      <trkpt lat="42.88013219833374" lon="-1.71560525894165">
        <ele>689.1484375</ele>
      </trkpt>
      <trkpt lat="42.879745960235596" lon="-1.71560525894165">
        <ele>681.15625</ele>
      </trkpt>
      <trkpt lat="42.879595756530762" lon="-1.71562671661377">
        <ele>678.8984375</ele>
      </trkpt>
      <trkpt lat="42.879531383514404" lon="-1.71560525894165">
        <ele>677.40234375</ele>
      </trkpt>
      <trkpt lat="42.879488468170166" lon="-1.715562343597412">
        <ele>675.85546875</ele>
      </trkpt>
      <trkpt lat="42.879424095153809" lon="-1.715433597564697">
        <ele>672.265625</ele>
      </trkpt>
      <trkpt lat="42.878994941711426" lon="-1.714682579040527">
        <ele>656.37890625</ele>
      </trkpt>
      <trkpt lat="42.87888765335083" lon="-1.714575290679932">
        <ele>653.5546875</ele>
      </trkpt>
      <trkpt lat="42.878758907318115" lon="-1.714274883270264">
        <ele>648.79296875</ele>
      </trkpt>
      <trkpt lat="42.878351211547852" lon="-1.713953018188477">
        <ele>640.4765625</ele>
      </trkpt>
      <trkpt lat="42.878029346466064" lon="-1.713845729827881">
        <ele>635.15625</ele>
      </trkpt>
      <trkpt lat="42.877964973449707" lon="-1.713781356811523">
        <ele>633.57421875</ele>
      </trkpt>
      <trkpt lat="42.877771854400635" lon="-1.71363115310669">
        <ele>629.01171875</ele>
      </trkpt>
      <trkpt lat="42.87764310836792" lon="-1.713459491729736">
        <ele>624.90625</ele>
      </trkpt>
      <trkpt lat="42.877535820007324" lon="-1.713352203369141">
        <ele>622.234375</ele>
      </trkpt>
      <trkpt lat="42.877235412597656" lon="-1.713266372680664">
        <ele>616.3671875</ele>
      </trkpt>
      <trkpt lat="42.876935005187988" lon="-1.713137626647949">
        <ele>609.359375</ele>
      </trkpt>
      <trkpt lat="42.876677513122559" lon="-1.713008880615234">
        <ele>603.02734375</ele>
      </trkpt>
      <trkpt lat="42.876570224761963" lon="-1.712944507598877">
        <ele>600.7578125</ele>
      </trkpt>
      <trkpt lat="42.876312732696533" lon="-1.712837219238281">
        <ele>596.0625</ele>
      </trkpt>
      <trkpt lat="42.875969409942627" lon="-1.712687015533447">
        <ele>591.29296875</ele>
      </trkpt>
      <trkpt lat="42.875797748565674" lon="-1.712644100189209">
        <ele>589.44140625</ele>
      </trkpt>
      <trkpt lat="42.875540256500244" lon="-1.712708473205566">
        <ele>583.26953125</ele>
      </trkpt>
      <trkpt lat="42.875497341156006" lon="-1.712687015533447">
        <ele>582.59765625</ele>
      </trkpt>
      <trkpt lat="42.875411510467529" lon="-1.712579727172852">
        <ele>582.30078125</ele>
      </trkpt>
      <trkpt lat="42.875325679779053" lon="-1.712472438812256">
        <ele>581.19140625</ele>
      </trkpt>
      <trkpt lat="42.875175476074219" lon="-1.712408065795898">
        <ele>577.1328125</ele>
      </trkpt>
      <trkpt lat="42.87489652633667" lon="-1.712172031402588">
        <ele>571.6171875</ele>
      </trkpt>
      <trkpt lat="42.874574661254883" lon="-1.712043285369873">
        <ele>566.31640625</ele>
      </trkpt>
      <trkpt lat="42.874424457550049" lon="-1.712043285369873">
        <ele>563.76953125</ele>
      </trkpt>
      <trkpt lat="42.874231338500977" lon="-1.712064743041992">
        <ele>560.9609375</ele>
      </trkpt>
      <trkpt lat="42.874016761779785" lon="-1.712043285369873">
        <ele>558.33984375</ele>
      </trkpt>
      <trkpt lat="42.873823642730713" lon="-1.712064743041992">
        <ele>555.546875</ele>
      </trkpt>
      <trkpt lat="42.873630523681641" lon="-1.712150573730469">
        <ele>553.20703125</ele>
      </trkpt>
      <trkpt lat="42.873330116271973" lon="-1.712408065795898">
        <ele>548.76171875</ele>
      </trkpt>
      <trkpt lat="42.873244285583496" lon="-1.712493896484375">
        <ele>545.90234375</ele>
      </trkpt>
      <trkpt lat="42.87320589646697" lon="-1.712506636977196">
        <ele>545.1875</ele>
      </trkpt>
      <trkpt lat="42.87315845489502" lon="-1.712558269500732">
        <ele>543.8046875</ele>
      </trkpt>
      <trkpt lat="42.873179912567139" lon="-1.712601184844971">
        <ele>543.0859375</ele>
      </trkpt>
      <trkpt lat="42.873630523681641" lon="-1.712665557861328">
        <ele>540.60546875</ele>
      </trkpt>
      <trkpt lat="42.873823642730713" lon="-1.712729930877686">
        <ele>539.171875</ele>
      </trkpt>
      <trkpt lat="42.873866558074951" lon="-1.712751388549805">
        <ele>538.68359375</ele>
      </trkpt>
      <trkpt lat="42.873909473419189" lon="-1.712837219238281">
        <ele>536.8515625</ele>
      </trkpt>
      <trkpt lat="42.874209880828857" lon="-1.713416576385498">
        <ele>527.62890625</ele>
      </trkpt>
      <trkpt lat="42.874274253845215" lon="-1.713802814483643">
        <ele>524.15234375</ele>
      </trkpt>
      <trkpt lat="42.874274253845215" lon="-1.713953018188477">
        <ele>523.140625</ele>
      </trkpt>
      <trkpt lat="42.874188423156738" lon="-1.714038848876953">
        <ele>523.12890625</ele>
      </trkpt>
      <trkpt lat="42.873737812042236" lon="-1.714296340942383">
        <ele>519.96875</ele>
      </trkpt>
      <trkpt lat="42.873179912567139" lon="-1.714811325073242">
        <ele>517.68359375</ele>
      </trkpt>
      <trkpt lat="42.872965335845947" lon="-1.714918613433838">
        <ele>515.86328125</ele>
      </trkpt>
      <trkpt lat="42.872729301452637" lon="-1.715240478515625">
        <ele>518.38671875</ele>
      </trkpt>
      <trkpt lat="42.872600555419922" lon="-1.71536922454834">
        <ele>519.40234375</ele>
      </trkpt>
      <trkpt lat="42.872428894042969" lon="-1.715455055236816">
        <ele>519.43359375</ele>
      </trkpt>
      <trkpt lat="42.872021198272705" lon="-1.715583801269531">
        <ele>519.1328125</ele>
      </trkpt>
      <trkpt lat="42.871935367584229" lon="-1.71560525894165">
        <ele>518.67578125</ele>
      </trkpt>
      <trkpt lat="42.871849536895752" lon="-1.715669631958008">
        <ele>519.19140625</ele>
      </trkpt>
      <trkpt lat="42.871785163879395" lon="-1.715648174285889">
        <ele>518.4140625</ele>
      </trkpt>
      <trkpt lat="42.871592044830322" lon="-1.71562671661377">
        <ele>516.7109375</ele>
      </trkpt>
      <trkpt lat="42.871162891387939" lon="-1.715562343597412">
        <ele>512.40234375</ele>
      </trkpt>
      <trkpt lat="42.871055603027344" lon="-1.715562343597412">
        <ele>511.2109375</ele>
      </trkpt>
      <trkpt lat="42.87090539932251" lon="-1.715648174285889">
        <ele>508.76171875</ele>
      </trkpt>
      <trkpt lat="42.870776653289795" lon="-1.715648174285889">
        <ele>506.14453125</ele>
      </trkpt>
      <trkpt lat="42.870712280273438" lon="-1.715497970581055">
        <ele>504.66796875</ele>
      </trkpt>
      <trkpt lat="42.870433330535889" lon="-1.715347766876221">
        <ele>499.42578125</ele>
      </trkpt>
      <trkpt lat="42.870347499847412" lon="-1.715347766876221">
        <ele>498.390625</ele>
      </trkpt>
      <trkpt lat="42.870175838470459" lon="-1.715240478515625">
        <ele>496.04296875</ele>
      </trkpt>
      <trkpt lat="42.870111465454102" lon="-1.715154647827148">
        <ele>495.15234375</ele>
      </trkpt>
      <trkpt lat="42.870004177093506" lon="-1.714961528778076">
        <ele>493.6796875</ele>
      </trkpt>
      <trkpt lat="42.869918346405029" lon="-1.71461820602417">
        <ele>491.6640625</ele>
      </trkpt>
      <trkpt lat="42.869832515716553" lon="-1.714489459991455">
        <ele>490.83203125</ele>
      </trkpt>
      <trkpt lat="42.869703769683838" lon="-1.714382171630859">
        <ele>489.98828125</ele>
      </trkpt>
      <trkpt lat="42.869811058044434" lon="-1.714081764221191">
        <ele>488.03125</ele>
      </trkpt>
      <trkpt lat="42.869832515716553" lon="-1.713802814483643">
        <ele>486.00390625</ele>
      </trkpt>
      <trkpt lat="42.869875431060791" lon="-1.713566780090332">
        <ele>484.8515625</ele>
      </trkpt>
      <trkpt lat="42.86989688873291" lon="-1.713416576385498">
        <ele>484.64453125</ele>
      </trkpt>
      <trkpt lat="42.869918346405029" lon="-1.713244915008545">
        <ele>484.4296875</ele>
      </trkpt>
      <trkpt lat="42.869918346405029" lon="-1.712429523468018">
        <ele>486.10546875</ele>
      </trkpt>
      <trkpt lat="42.86989688873291" lon="-1.712236404418945">
        <ele>486.4296875</ele>
      </trkpt>
      <trkpt lat="42.869746685028076" lon="-1.711657047271729">
        <ele>485.5625</ele>
      </trkpt>
      <trkpt lat="42.8696608543396" lon="-1.710820198059082">
        <ele>482.10546875</ele>
      </trkpt>
      <trkpt lat="42.869682312011719" lon="-1.710584163665772">
        <ele>481.234375</ele>
      </trkpt>
      <trkpt lat="42.869768142700195" lon="-1.710155010223389">
        <ele>479.99609375</ele>
      </trkpt>
      <trkpt lat="42.869918346405029" lon="-1.709854602813721">
        <ele>480.81640625</ele>
      </trkpt>
      <trkpt lat="42.869961261749268" lon="-1.709704399108887">
        <ele>481.31640625</ele>
      </trkpt>
      <trkpt lat="42.869961261749268" lon="-1.709146499633789">
        <ele>481.64453125</ele>
      </trkpt>
      <trkpt lat="42.870025634765625" lon="-1.708803176879883">
        <ele>482.12890625</ele>
      </trkpt>
      <trkpt lat="42.870068550109863" lon="-1.708674430847168">
        <ele>482.28515625</ele>
      </trkpt>
      <trkpt lat="42.870261669158936" lon="-1.708459854125977">
        <ele>484.02734375</ele>
      </trkpt>
      <trkpt lat="42.870304584503174" lon="-1.708245277404785">
        <ele>483.921875</ele>
      </trkpt>
      <trkpt lat="42.870326042175293" lon="-1.708052158355713">
        <ele>484.32421875</ele>
      </trkpt>
      <trkpt lat="42.870304584503174" lon="-1.707944869995117">
        <ele>484.34375</ele>
      </trkpt>
      <trkpt lat="42.87015438079834" lon="-1.707258224487305">
        <ele>484.0703125</ele>
      </trkpt>
      <trkpt lat="42.870132923126221" lon="-1.706957817077637">
        <ele>483.05078125</ele>
      </trkpt>
      <trkpt lat="42.870132923126221" lon="-1.706786155700684">
        <ele>482.28125</ele>
      </trkpt>
      <trkpt lat="42.870132923126221" lon="-1.706678867340088">
        <ele>481.703125</ele>
      </trkpt>
      <trkpt lat="42.869853973388672" lon="-1.706571578979492">
        <ele>478.8828125</ele>
      </trkpt>
      <trkpt lat="42.869703769683838" lon="-1.706528663635254">
        <ele>477.5625</ele>
      </trkpt>
      <trkpt lat="42.869596481323242" lon="-1.706442832946777">
        <ele>477.08984375</ele>
      </trkpt>
      <trkpt lat="42.869553565979004" lon="-1.706335544586182">
        <ele>476.85546875</ele>
      </trkpt>
      <trkpt lat="42.869489192962646" lon="-1.706314086914063">
        <ele>476.59765625</ele>
      </trkpt>
      <trkpt lat="42.869381904602051" lon="-1.706314086914063">
        <ele>476.16015625</ele>
      </trkpt>
      <trkpt lat="42.869274616241455" lon="-1.706335544586182">
        <ele>475.6875</ele>
      </trkpt>
      <trkpt lat="42.869188785552979" lon="-1.706335544586182">
        <ele>475.3125</ele>
      </trkpt>
      <trkpt lat="42.868866920471191" lon="-1.706249713897705">
        <ele>473.9296875</ele>
      </trkpt>
      <trkpt lat="42.86865234375" lon="-1.706185340881348">
        <ele>473.6953125</ele>
      </trkpt>
      <trkpt lat="42.868480682373047" lon="-1.706099510192871">
        <ele>473.5546875</ele>
      </trkpt>
      <trkpt lat="42.868373394012451" lon="-1.705970764160156">
        <ele>473.58984375</ele>
      </trkpt>
      <trkpt lat="42.868330478668213" lon="-1.705906391143799">
        <ele>473.6484375</ele>
      </trkpt>
      <trkpt lat="42.868287563323975" lon="-1.70588493347168">
        <ele>473.37890625</ele>
      </trkpt>
      <trkpt lat="42.867965698242187" lon="-1.705820560455322">
        <ele>471.15625</ele>
      </trkpt>
      <trkpt lat="42.867922782897949" lon="-1.705799102783203">
        <ele>470.59375</ele>
      </trkpt>
      <trkpt lat="42.867879867553711" lon="-1.705691814422607">
        <ele>469.9453125</ele>
      </trkpt>
      <trkpt lat="42.867858409881592" lon="-1.705455780029297">
        <ele>469.52734375</ele>
      </trkpt>
      <trkpt lat="42.867815494537354" lon="-1.704554557800293">
        <ele>467.0078125</ele>
      </trkpt>
      <trkpt lat="42.867558002471924" lon="-1.700756549835205">
        <ele>470.83984375</ele>
      </trkpt>
      <trkpt lat="42.867450714111328" lon="-1.698954105377197">
        <ele>463.6015625</ele>
      </trkpt>
      <trkpt lat="42.867429256439209" lon="-1.698567867279053">
        <ele>464.21484375</ele>
      </trkpt>
      <trkpt lat="42.86740779876709" lon="-1.698160171508789">
        <ele>463.828125</ele>
      </trkpt>
      <trkpt lat="42.867515087127686" lon="-1.69215202331543">
        <ele>449.1875</ele>
      </trkpt>
      <trkpt lat="42.867536544799805" lon="-1.690413951873779">
        <ele>451.83984375</ele>
      </trkpt>
      <trkpt lat="42.867579460144043" lon="-1.690435409545898">
        <ele>451.78515625</ele>
      </trkpt>
      <trkpt lat="42.867579460144043" lon="-1.690435409545898">
        <ele>451.78515625</ele>
      </trkpt>
      <trkpt lat="42.86940336227417" lon="-1.690843105316162">
        <ele>453.48828125</ele>
      </trkpt>
      <trkpt lat="42.86940336227417" lon="-1.689834594726563">
        <ele>456.9140625</ele>
      </trkpt>
      <trkpt lat="42.869424819946289" lon="-1.68940544128418">
        <ele>458.0234375</ele>
      </trkpt>
      <trkpt lat="42.869467735290527" lon="-1.689126491546631">
        <ele>458.46875</ele>
      </trkpt>
      <trkpt lat="42.869596481323242" lon="-1.688826084136963">
        <ele>459.29296875</ele>
      </trkpt>
      <trkpt lat="42.869768142700195" lon="-1.688525676727295">
        <ele>459.2265625</ele>
      </trkpt>
      <trkpt lat="42.869982719421387" lon="-1.688268184661865">
        <ele>459.49609375</ele>
      </trkpt>
      <trkpt lat="42.87015438079834" lon="-1.68813943862915">
        <ele>459.13671875</ele>
      </trkpt>
      <trkpt lat="42.87090539932251" lon="-1.687753200531006">
        <ele>460.203125</ele>
      </trkpt>
      <trkpt lat="42.872707843780518" lon="-1.68689489364624">
        <ele>465.0078125</ele>
      </trkpt>
      <trkpt lat="42.872965335845947" lon="-1.686744689941406">
        <ele>466</ele>
      </trkpt>
      <trkpt lat="42.873244285583496" lon="-1.686487197875977">
        <ele>466.859375</ele>
      </trkpt>
      <trkpt lat="42.874574661254883" lon="-1.684963703155518">
        <ele>470.640625</ele>
      </trkpt>
      <trkpt lat="42.874789237976074" lon="-1.684813499450684">
        <ele>470.99609375</ele>
      </trkpt>
      <trkpt lat="42.87489652633667" lon="-1.684770584106445">
        <ele>471.26171875</ele>
      </trkpt>
      <trkpt lat="42.875089645385742" lon="-1.684727668762207">
        <ele>471.6953125</ele>
      </trkpt>
      <trkpt lat="42.875347137451172" lon="-1.684684753417969">
        <ele>472.07421875</ele>
      </trkpt>
      <trkpt lat="42.87614107131958" lon="-1.684641838073731">
        <ele>474.296875</ele>
      </trkpt>
      <trkpt lat="42.876591682434082" lon="-1.684792041778565">
        <ele>476.25</ele>
      </trkpt>
      <trkpt lat="42.877428531646729" lon="-1.685092449188232">
        <ele>478.23828125</ele>
      </trkpt>
      <trkpt lat="42.87764310836792" lon="-1.685178279876709">
        <ele>479.0546875</ele>
      </trkpt>
      <trkpt lat="42.878050804138184" lon="-1.685307025909424">
        <ele>479.90234375</ele>
      </trkpt>
      <trkpt lat="42.878115177154541" lon="-1.685307025909424">
        <ele>480.1171875</ele>
      </trkpt>
      <trkpt lat="42.878308296203613" lon="-1.685221195220947">
        <ele>479.99609375</ele>
      </trkpt>
      <trkpt lat="42.878479957580566" lon="-1.685135364532471">
        <ele>480.05078125</ele>
      </trkpt>
      <trkpt lat="42.878673076629639" lon="-1.685049533843994">
        <ele>480.22265625</ele>
      </trkpt>
      <trkpt lat="42.878715991973877" lon="-1.685006618499756">
        <ele>480.1953125</ele>
      </trkpt>
      <trkpt lat="42.878780364990234" lon="-1.68489933013916">
        <ele>479.91015625</ele>
      </trkpt>
      <trkpt lat="42.878844738006592" lon="-1.684749126434326">
        <ele>479.5859375</ele>
      </trkpt>
      <trkpt lat="42.878866195678711" lon="-1.684534549713135">
        <ele>479.421875</ele>
      </trkpt>
      <trkpt lat="42.878873739391565" lon="-1.684493897482753">
        <ele>479.59375</ele>
      </trkpt>
      <trkpt lat="42.878866195678711" lon="-1.684534549713135">
        <ele>479.421875</ele>
      </trkpt>
      <trkpt lat="42.87914514541626" lon="-1.683032512664795">
        <ele>491.640625</ele>
      </trkpt>
      <trkpt lat="42.879316806793213" lon="-1.680607795715332">
        <ele>505.6953125</ele>
      </trkpt>
      <trkpt lat="42.879767417907715" lon="-1.675500869750977">
        <ele>524.828125</ele>
      </trkpt>
      <trkpt lat="42.87989616394043" lon="-1.674084663391113">
        <ele>528.734375</ele>
      </trkpt>
      <trkpt lat="42.879874706268311" lon="-1.673955917358398">
        <ele>529.08984375</ele>
      </trkpt>
      <trkpt lat="42.879853248596191" lon="-1.673827171325684">
        <ele>529.5859375</ele>
      </trkpt>
      <trkpt lat="42.879788875579834" lon="-1.673612594604492">
        <ele>530.1328125</ele>
      </trkpt>
      <trkpt lat="42.879724502563477" lon="-1.673505306243897">
        <ele>530.2109375</ele>
      </trkpt>
      <trkpt lat="42.879638671875" lon="-1.673398017883301">
        <ele>530.82421875</ele>
      </trkpt>
      <trkpt lat="42.879531383514404" lon="-1.673355102539063">
        <ele>531.1640625</ele>
      </trkpt>
      <trkpt lat="42.879445552825928" lon="-1.673355102539063">
        <ele>531.1171875</ele>
      </trkpt>
      <trkpt lat="42.879359722137451" lon="-1.673376560211182">
        <ele>531.15625</ele>
      </trkpt>
      <trkpt lat="42.878930568695068" lon="-1.673548221588135">
        <ele>528.90234375</ele>
      </trkpt>
      <trkpt lat="42.878866195678711" lon="-1.673569679260254">
        <ele>528.2734375</ele>
      </trkpt>
      <trkpt lat="42.878758907318115" lon="-1.673548221588135">
        <ele>527.1171875</ele>
      </trkpt>
      <trkpt lat="42.878712471574545" lon="-1.673501953482628">
        <ele>527.375</ele>
      </trkpt>
      <trkpt lat="42.8786301612854" lon="-1.67341947555542">
        <ele>527.83203125</ele>
      </trkpt>
      <trkpt lat="42.878351211547852" lon="-1.673033237457275">
        <ele>527.28515625</ele>
      </trkpt>
      <trkpt lat="42.878179550170898" lon="-1.672754287719727">
        <ele>527.20703125</ele>
      </trkpt>
      <trkpt lat="42.878115177154541" lon="-1.672582626342773">
        <ele>526.91015625</ele>
      </trkpt>
      <trkpt lat="42.878115177154541" lon="-1.67243242263794">
        <ele>526.0546875</ele>
      </trkpt>
      <trkpt lat="42.878115177154541" lon="-1.672325134277344">
        <ele>525.44140625</ele>
      </trkpt>
      <trkpt lat="42.878201007843018" lon="-1.672046184539795">
        <ele>524.51171875</ele>
      </trkpt>
      <trkpt lat="42.878501415252686" lon="-1.671123504638672">
        <ele>520.11328125</ele>
      </trkpt>
      <trkpt lat="42.878501415252686" lon="-1.671080589294434">
        <ele>519.92578125</ele>
      </trkpt>
      <trkpt lat="42.878544330596924" lon="-1.670908927917481">
        <ele>519.58984375</ele>
      </trkpt>
      <trkpt lat="42.878544330596924" lon="-1.670780181884766">
        <ele>519.6796875</ele>
      </trkpt>
      <trkpt lat="42.878544330596924" lon="-1.670780181884766">
        <ele>519.6796875</ele>
      </trkpt>
      <trkpt lat="42.878501415252686" lon="-1.670436859130859">
        <ele>520.8125</ele>
      </trkpt>
      <trkpt lat="42.877278327941895" lon="-1.665737628936768">
        <ele>530.2578125</ele>
      </trkpt>
      <trkpt lat="42.877171039581299" lon="-1.665372848510742">
        <ele>531.38671875</ele>
      </trkpt>
      <trkpt lat="42.877042293548584" lon="-1.665072441101074">
        <ele>532.19921875</ele>
      </trkpt>
      <trkpt lat="42.876741886138916" lon="-1.664471626281738">
        <ele>533.32421875</ele>
      </trkpt>
      <trkpt lat="42.875454425811768" lon="-1.662068367004395">
        <ele>533.33203125</ele>
      </trkpt>
      <trkpt lat="42.874917984008789" lon="-1.661102771759033">
        <ele>534.65625</ele>
      </trkpt>
      <trkpt lat="42.873630523681641" lon="-1.658935546875">
        <ele>530.21875</ele>
      </trkpt>
      <trkpt lat="42.873330116271973" lon="-1.658420562744141">
        <ele>530.4921875</ele>
      </trkpt>
      <trkpt lat="42.873201370239258" lon="-1.658098697662354">
        <ele>530.359375</ele>
      </trkpt>
      <trkpt lat="42.873187623918056" lon="-1.658009430393577">
        <ele>530.76171875</ele>
      </trkpt>
      <trkpt lat="42.87315845489502" lon="-1.657819747924805">
        <ele>531.3203125</ele>
      </trkpt>
      <trkpt lat="42.87315845489502" lon="-1.657626628875732">
        <ele>531.78515625</ele>
      </trkpt>
      <trkpt lat="42.873179912567139" lon="-1.657218933105469">
        <ele>532.61328125</ele>
      </trkpt>
      <trkpt lat="42.873222827911377" lon="-1.656961441040039">
        <ele>533.23828125</ele>
      </trkpt>
      <trkpt lat="42.873330116271973" lon="-1.656639575958252">
        <ele>533.1640625</ele>
      </trkpt>
      <trkpt lat="42.873630523681641" lon="-1.656081676483154">
        <ele>532.06640625</ele>
      </trkpt>
      <trkpt lat="42.873759269714355" lon="-1.655845642089844">
        <ele>532.2265625</ele>
      </trkpt>
      <trkpt lat="42.873802185058594" lon="-1.655673980712891">
        <ele>532.4375</ele>
      </trkpt>
      <trkpt lat="42.873845100402832" lon="-1.655373573303223">
        <ele>533.88671875</ele>
      </trkpt>
      <trkpt lat="42.873866558074951" lon="-1.654837131500244">
        <ele>535.61328125</ele>
      </trkpt>
      <trkpt lat="42.873866558074951" lon="-1.654601097106934">
        <ele>536.62890625</ele>
      </trkpt>
      <trkpt lat="42.873845100402832" lon="-1.654407978057861">
        <ele>537.23046875</ele>
      </trkpt>
      <trkpt lat="42.873802185058594" lon="-1.654236316680908">
        <ele>537.3359375</ele>
      </trkpt>
      <trkpt lat="42.873737812042236" lon="-1.654086112976074">
        <ele>536.9765625</ele>
      </trkpt>
      <trkpt lat="42.873179912567139" lon="-1.653056144714356">
        <ele>539.36328125</ele>
      </trkpt>
      <trkpt lat="42.873152084648609" lon="-1.652993531897664">
        <ele>539.71484375</ele>
      </trkpt>
      <trkpt lat="42.873094081878662" lon="-1.652863025665283">
        <ele>540.32421875</ele>
      </trkpt>
      <trkpt lat="42.873051166534424" lon="-1.65269136428833">
        <ele>540.41796875</ele>
      </trkpt>
      <trkpt lat="42.873008251190186" lon="-1.652476787567139">
        <ele>540.58984375</ele>
      </trkpt>
      <trkpt lat="42.872986793518066" lon="-1.652240753173828">
        <ele>540.68359375</ele>
      </trkpt>
      <trkpt lat="42.873008251190186" lon="-1.651318073272705">
        <ele>539.9140625</ele>
      </trkpt>
      <trkpt lat="42.873008251190186" lon="-1.651017665863037">
        <ele>540.79296875</ele>
      </trkpt>
      <trkpt lat="42.872965335845947" lon="-1.650760173797607">
        <ele>540.87890625</ele>
      </trkpt>
      <trkpt lat="42.872922420501709" lon="-1.650502681732178">
        <ele>541.55078125</ele>
      </trkpt>
      <trkpt lat="42.872021198272705" lon="-1.647648811340332">
        <ele>544.37890625</ele>
      </trkpt>
      <trkpt lat="42.871034145355225" lon="-1.644837856292725">
        <ele>539.04296875</ele>
      </trkpt>
      <trkpt lat="42.870862483978271" lon="-1.644494533538818">
        <ele>538.27734375</ele>
      </trkpt>
      <trkpt lat="42.870604991912842" lon="-1.644065380096436">
        <ele>538.87890625</ele>
      </trkpt>
      <trkpt lat="42.870607003569603" lon="-1.644072337076068">
        <ele>539.078125</ele>
      </trkpt>
      <trkpt lat="42.870608763769269" lon="-1.644067475572228">
        <ele>538.87890625</ele>
      </trkpt>
      <trkpt lat="42.870819568634033" lon="-1.644022464752197">
        <ele>541.86328125</ele>
      </trkpt>
      <trkpt lat="42.87114143371582" lon="-1.643936634063721">
        <ele>546.5546875</ele>
      </trkpt>
      <trkpt lat="42.871034145355225" lon="-1.643850803375244">
        <ele>546.86328125</ele>
      </trkpt>
      <trkpt lat="42.870926856994629" lon="-1.643807888031006">
        <ele>546.46484375</ele>
      </trkpt>
      <trkpt lat="42.87090539932251" lon="-1.643722057342529">
        <ele>547.67578125</ele>
      </trkpt>
      <trkpt lat="42.870862483978271" lon="-1.643657684326172">
        <ele>547.7890625</ele>
      </trkpt>
      <trkpt lat="42.870819568634033" lon="-1.643507480621338">
        <ele>548.5859375</ele>
      </trkpt>
      <trkpt lat="42.870690822601318" lon="-1.643292903900147">
        <ele>546.6640625</ele>
      </trkpt>
      <trkpt lat="42.870476245880127" lon="-1.642820835113525">
        <ele>544.1640625</ele>
      </trkpt>
      <trkpt lat="42.870368957519531" lon="-1.642391681671143">
        <ele>542.7734375</ele>
      </trkpt>
      <trkpt lat="42.870368957519531" lon="-1.642262935638428">
        <ele>542.8359375</ele>
      </trkpt>
      <trkpt lat="42.870240211486816" lon="-1.641876697540283">
        <ele>541.65625</ele>
      </trkpt>
      <trkpt lat="42.87015438079834" lon="-1.641662120819092">
        <ele>541.265625</ele>
      </trkpt>
      <trkpt lat="42.869982719421387" lon="-1.641426086425781">
        <ele>540.33203125</ele>
      </trkpt>
      <trkpt lat="42.86963939666748" lon="-1.640846729278565">
        <ele>539.97265625</ele>
      </trkpt>
      <trkpt lat="42.869596481323242" lon="-1.640782356262207">
        <ele>539.55078125</ele>
      </trkpt>
      <trkpt lat="42.869575023651123" lon="-1.640653610229492">
        <ele>539.640625</ele>
      </trkpt>
      <trkpt lat="42.869596481323242" lon="-1.640567779541016">
        <ele>539.9765625</ele>
      </trkpt>
      <trkpt lat="42.869703769683838" lon="-1.639838218688965">
        <ele>540.859375</ele>
      </trkpt>
      <trkpt lat="42.869703769683838" lon="-1.639580726623535">
        <ele>541.09765625</ele>
      </trkpt>
      <trkpt lat="42.869682312011719" lon="-1.639387607574463">
        <ele>541.72265625</ele>
      </trkpt>
      <trkpt lat="42.869553565979004" lon="-1.638765335083008">
        <ele>543.80078125</ele>
      </trkpt>
      <trkpt lat="42.869338989257813" lon="-1.637864112854004">
        <ele>547.234375</ele>
      </trkpt>
      <trkpt lat="42.869210243225098" lon="-1.637477874755859">
        <ele>547.4140625</ele>
      </trkpt>
      <trkpt lat="42.869124412536621" lon="-1.637349128723145">
        <ele>546.50390625</ele>
      </trkpt>
      <trkpt lat="42.869038581848145" lon="-1.637241840362549">
        <ele>545.79296875</ele>
      </trkpt>
      <trkpt lat="42.86865234375" lon="-1.636898517608643">
        <ele>543.203125</ele>
      </trkpt>
      <trkpt lat="42.868437767028809" lon="-1.636683940887451">
        <ele>542.60546875</ele>
      </trkpt>
      <trkpt lat="42.868244647979736" lon="-1.636426448822022">
        <ele>542.44140625</ele>
      </trkpt>
      <trkpt lat="42.868137359619141" lon="-1.636168956756592">
        <ele>542.23828125</ele>
      </trkpt>
      <trkpt lat="42.867922782897949" lon="-1.635310649871826">
        <ele>541.95703125</ele>
      </trkpt>
      <trkpt lat="42.867858409881592" lon="-1.635160446166992">
        <ele>542.44921875</ele>
      </trkpt>
      <trkpt lat="42.86766529083252" lon="-1.634817123413086">
        <ele>542.29296875</ele>
      </trkpt>
      <trkpt lat="42.867612820118666" lon="-1.634754175320268">
        <ele>541.953125</ele>
      </trkpt>
      <trkpt lat="42.86766529083252" lon="-1.634817123413086">
        <ele>542.29296875</ele>
      </trkpt>
      <trkpt lat="42.867348371073604" lon="-1.634436920285225">
        <ele>541.09765625</ele>
      </trkpt>
      <trkpt lat="42.867364883422852" lon="-1.634409427642822">
        <ele>541.7265625</ele>
      </trkpt>
      <trkpt lat="42.867579460144043" lon="-1.634538173675537">
        <ele>544.0625</ele>
      </trkpt>
      <trkpt lat="42.867836952209473" lon="-1.634645462036133">
        <ele>547.3203125</ele>
      </trkpt>
      <trkpt lat="42.868051528930664" lon="-1.634624004364014">
        <ele>551.578125</ele>
      </trkpt>
      <trkpt lat="42.868148759007454" lon="-1.634554518386722">
        <ele>554.11328125</ele>
      </trkpt>
      <trkpt lat="42.868201732635498" lon="-1.634516716003418">
        <ele>555.2734375</ele>
      </trkpt>
      <trkpt lat="42.868416309356689" lon="-1.634194850921631">
        <ele>559.51953125</ele>
      </trkpt>
      <trkpt lat="42.868459224700928" lon="-1.63398027420044">
        <ele>561.28515625</ele>
      </trkpt>
      <trkpt lat="42.868480682373047" lon="-1.633701324462891">
        <ele>564.3984375</ele>
      </trkpt>
      <trkpt lat="42.868437767028809" lon="-1.633186340332031">
        <ele>569.75</ele>
      </trkpt>
      <trkpt lat="42.868416309356689" lon="-1.632993221282959">
        <ele>570.87890625</ele>
      </trkpt>
      <trkpt lat="42.868416309356689" lon="-1.632928848266602">
        <ele>571.32421875</ele>
      </trkpt>
      <trkpt lat="42.868523597717285" lon="-1.632864475250244">
        <ele>573.50390625</ele>
      </trkpt>
      <trkpt lat="42.868738174438477" lon="-1.632800102233887">
        <ele>577.48828125</ele>
      </trkpt>
      <trkpt lat="42.86890983581543" lon="-1.632778644561768">
        <ele>581.05859375</ele>
      </trkpt>
      <trkpt lat="42.868995666503906" lon="-1.632821559906006">
        <ele>582.625</ele>
      </trkpt>
      <trkpt lat="42.869317531585693" lon="-1.633036136627197">
        <ele>588.07421875</ele>
      </trkpt>
      <trkpt lat="42.869530264288187" lon="-1.633249036967754">
        <ele>591.2890625</ele>
      </trkpt>
      <trkpt lat="42.869725227355957" lon="-1.633443832397461">
        <ele>593.99609375</ele>
      </trkpt>
      <trkpt lat="42.869875431060791" lon="-1.633636951446533">
        <ele>596.26171875</ele>
      </trkpt>
      <trkpt lat="42.870025634765625" lon="-1.633808612823486">
        <ele>597.8984375</ele>
      </trkpt>
      <trkpt lat="42.87015438079834" lon="-1.633915901184082">
        <ele>600.21484375</ele>
      </trkpt>
      <trkpt lat="42.870347499847412" lon="-1.634087562561035">
        <ele>602.6640625</ele>
      </trkpt>
      <trkpt lat="42.870862483978271" lon="-1.634452342987061">
        <ele>610.4453125</ele>
      </trkpt>
      <trkpt lat="42.871248722076416" lon="-1.634795665740967">
        <ele>619.92578125</ele>
      </trkpt>
      <trkpt lat="42.871506214141846" lon="-1.635074615478516">
        <ele>628.17578125</ele>
      </trkpt>
      <trkpt lat="42.871613502502441" lon="-1.635417938232422">
        <ele>631.36328125</ele>
      </trkpt>
      <trkpt lat="42.871699333190918" lon="-1.635546684265137">
        <ele>633.62109375</ele>
      </trkpt>
      <trkpt lat="42.871785163879395" lon="-1.635589599609375">
        <ele>635.57421875</ele>
      </trkpt>
      <trkpt lat="42.871828079223633" lon="-1.635568141937256">
        <ele>636.80078125</ele>
      </trkpt>
      <trkpt lat="42.871870994567871" lon="-1.635546684265137">
        <ele>638.0390625</ele>
      </trkpt>
      <trkpt lat="42.871935367584229" lon="-1.635439395904541">
        <ele>640.3828125</ele>
      </trkpt>
      <trkpt lat="42.871999740600586" lon="-1.635246276855469">
        <ele>641.8515625</ele>
      </trkpt>
      <trkpt lat="42.872021198272705" lon="-1.635160446166992">
        <ele>642.25390625</ele>
      </trkpt>
      <trkpt lat="42.872089259326458" lon="-1.635115602985025">
        <ele>642.75</ele>
      </trkpt>
      <trkpt lat="42.872171401977539" lon="-1.635074615478516">
        <ele>643.484375</ele>
      </trkpt>
      <trkpt lat="42.872278690338135" lon="-1.635117530822754">
        <ele>642.40234375</ele>
      </trkpt>
      <trkpt lat="42.87264347076416" lon="-1.635332107543945">
        <ele>639.19921875</ele>
      </trkpt>
      <trkpt lat="42.87290096282959" lon="-1.635525226593018">
        <ele>636.140625</ele>
      </trkpt>
      <trkpt lat="42.873115539550781" lon="-1.635761260986328">
        <ele>632.8515625</ele>
      </trkpt>
      <trkpt lat="42.873330116271973" lon="-1.636104583740234">
        <ele>629.3515625</ele>
      </trkpt>
      <trkpt lat="42.873458862304688" lon="-1.636254787445068">
        <ele>627.33203125</ele>
      </trkpt>
      <trkpt lat="42.87365198135376" lon="-1.636404991149902">
        <ele>625.98828125</ele>
      </trkpt>
      <trkpt lat="42.87388801574707" lon="-1.636490821838379">
        <ele>622.52734375</ele>
      </trkpt>
      <trkpt lat="42.874102592468262" lon="-1.636619567871094">
        <ele>619.37890625</ele>
      </trkpt>
      <trkpt lat="42.874510288238525" lon="-1.637156009674072">
        <ele>614.125</ele>
      </trkpt>
      <trkpt lat="42.874617576599121" lon="-1.637327671051025">
        <ele>612.3359375</ele>
      </trkpt>
      <trkpt lat="42.875003814697266" lon="-1.637821197509766">
        <ele>608.15234375</ele>
      </trkpt>
      <trkpt lat="42.875218391418457" lon="-1.638057231903076">
        <ele>605.765625</ele>
      </trkpt>
      <trkpt lat="42.875583171844482" lon="-1.638422012329102">
        <ele>603.55078125</ele>
      </trkpt>
      <trkpt lat="42.875690460205078" lon="-1.63846492767334">
        <ele>602.90625</ele>
      </trkpt>
      <trkpt lat="42.875776290893555" lon="-1.638507843017578">
        <ele>602.3046875</ele>
      </trkpt>
      <trkpt lat="42.875840663909912" lon="-1.638486385345459">
        <ele>601.9375</ele>
      </trkpt>
      <trkpt lat="42.875862121582031" lon="-1.638443470001221">
        <ele>602.1015625</ele>
      </trkpt>
      <trkpt lat="42.875862121582031" lon="-1.638314723968506">
        <ele>601.9453125</ele>
      </trkpt>
      <trkpt lat="42.875626087188721" lon="-1.637477874755859">
        <ele>597.00390625</ele>
      </trkpt>
      <trkpt lat="42.875561714172363" lon="-1.637113094329834">
        <ele>593.73046875</ele>
      </trkpt>
      <trkpt lat="42.875325679779053" lon="-1.636168956756592">
        <ele>585.0234375</ele>
      </trkpt>
      <trkpt lat="42.875239849090576" lon="-1.635997295379639">
        <ele>582.85546875</ele>
      </trkpt>
      <trkpt lat="42.875175476074219" lon="-1.635804176330566">
        <ele>582.3125</ele>
      </trkpt>
      <trkpt lat="42.875089645385742" lon="-1.635375022888184">
        <ele>579.6171875</ele>
      </trkpt>
      <trkpt lat="42.875068187713623" lon="-1.634988784790039">
        <ele>577.50390625</ele>
      </trkpt>
      <trkpt lat="42.874960899353027" lon="-1.63470983505249">
        <ele>573.95703125</ele>
      </trkpt>
      <trkpt lat="42.874939441680908" lon="-1.634581089019775">
        <ele>573.6640625</ele>
      </trkpt>
      <trkpt lat="42.874917984008789" lon="-1.634130477905273">
        <ele>572.54296875</ele>
      </trkpt>
      <trkpt lat="42.874939441680908" lon="-1.633830070495606">
        <ele>571.2890625</ele>
      </trkpt>
      <trkpt lat="42.874960899353027" lon="-1.633636951446533">
        <ele>569.87109375</ele>
      </trkpt>
      <trkpt lat="42.874982357025146" lon="-1.633143424987793">
        <ele>565.63671875</ele>
      </trkpt>
      <trkpt lat="42.87489652633667" lon="-1.632757186889648">
        <ele>564.24609375</ele>
      </trkpt>
      <trkpt lat="42.874875068664551" lon="-1.632521152496338">
        <ele>563.1015625</ele>
      </trkpt>
      <trkpt lat="42.874917984008789" lon="-1.632177829742432">
        <ele>561.69140625</ele>
      </trkpt>
      <trkpt lat="42.874917984008789" lon="-1.631989488378167">
        <ele>559.98828125</ele>
      </trkpt>
      <trkpt lat="42.874917984008789" lon="-1.631662845611572">
        <ele>556.234375</ele>
      </trkpt>
      <trkpt lat="42.874939441680908" lon="-1.631512641906738">
        <ele>554.61328125</ele>
      </trkpt>
      <trkpt lat="42.875003814697266" lon="-1.631362438201904">
        <ele>553.91796875</ele>
      </trkpt>
      <trkpt lat="42.875196933746338" lon="-1.630997657775879">
        <ele>554.44140625</ele>
      </trkpt>
      <trkpt lat="42.875325679779053" lon="-1.63071870803833">
        <ele>552.984375</ele>
      </trkpt>
      <trkpt lat="42.875561714172363" lon="-1.630311012268066">
        <ele>551.0625</ele>
      </trkpt>
      <trkpt lat="42.875583171844482" lon="-1.630182266235352">
        <ele>550.1484375</ele>
      </trkpt>
      <trkpt lat="42.875690460205078" lon="-1.629495620727539">
        <ele>542.98046875</ele>
      </trkpt>
      <trkpt lat="42.875776290893555" lon="-1.629323959350586">
        <ele>540.390625</ele>
      </trkpt>
      <trkpt lat="42.875926494598389" lon="-1.629173755645752">
        <ele>539.734375</ele>
      </trkpt>
      <trkpt lat="42.876119613647461" lon="-1.629045009613037">
        <ele>537.1484375</ele>
      </trkpt>
      <trkpt lat="42.876377105712891" lon="-1.628701686859131">
        <ele>534.36328125</ele>
      </trkpt>
      <trkpt lat="42.876505851745605" lon="-1.628530025482178">
        <ele>533.0390625</ele>
      </trkpt>
      <trkpt lat="42.876784801483154" lon="-1.628572940826416">
        <ele>534.15625</ele>
      </trkpt>
      <trkpt lat="42.87689208984375" lon="-1.628680229187012">
        <ele>535.0078125</ele>
      </trkpt>
      <trkpt lat="42.876935005187988" lon="-1.62872314453125">
        <ele>535.2890625</ele>
      </trkpt>
      <trkpt lat="42.877106666564941" lon="-1.62872314453125">
        <ele>539.2890625</ele>
      </trkpt>
      <trkpt lat="42.877278327941895" lon="-1.629195213317871">
        <ele>541.8203125</ele>
      </trkpt>
      <trkpt lat="42.877793312072754" lon="-1.630289554595947">
        <ele>551.20703125</ele>
      </trkpt>
      <trkpt lat="42.877922058105469" lon="-1.630868911743164">
        <ele>553.94140625</ele>
      </trkpt>
      <trkpt lat="42.878007888793945" lon="-1.631083488464356">
        <ele>556.125</ele>
      </trkpt>
      <trkpt lat="42.878243923187256" lon="-1.631512641906738">
        <ele>561.5</ele>
      </trkpt>
      <trkpt lat="42.878265380859375" lon="-1.631598472595215">
        <ele>562.33984375</ele>
      </trkpt>
      <trkpt lat="42.878308296203613" lon="-1.632628440856934">
        <ele>569.68359375</ele>
      </trkpt>
      <trkpt lat="42.878415584564209" lon="-1.633100509643555">
        <ele>575.0625</ele>
      </trkpt>
      <trkpt lat="42.878351211547852" lon="-1.63346529006958">
        <ele>577.91796875</ele>
      </trkpt>
      <trkpt lat="42.878308296203613" lon="-1.634774208068848">
        <ele>590.35546875</ele>
      </trkpt>
      <trkpt lat="42.878458499908447" lon="-1.635417938232422">
        <ele>597.58984375</ele>
      </trkpt>
      <trkpt lat="42.878544330596924" lon="-1.635632514953613">
        <ele>598.90625</ele>
      </trkpt>
      <trkpt lat="42.878694534301758" lon="-1.63597583770752">
        <ele>602.87109375</ele>
      </trkpt>
      <trkpt lat="42.878844738006592" lon="-1.636383533477783">
        <ele>606.22265625</ele>
      </trkpt>
      <trkpt lat="42.878994941711426" lon="-1.636769771575928">
        <ele>608.546875</ele>
      </trkpt>
      <trkpt lat="42.879059314727783" lon="-1.636877059936523">
        <ele>609.25390625</ele>
      </trkpt>
      <trkpt lat="42.879111031070352" lon="-1.63695459254086">
        <ele>608.953125</ele>
      </trkpt>
      <trkpt lat="42.87914514541626" lon="-1.637005805969238">
        <ele>608.30078125</ele>
      </trkpt>
      <trkpt lat="42.879338264465332" lon="-1.637156009674072">
        <ele>610.14453125</ele>
      </trkpt>
      <trkpt lat="42.879445552825928" lon="-1.637198925018311">
        <ele>610.40625</ele>
      </trkpt>
      <trkpt lat="42.879574298858643" lon="-1.637241840362549">
        <ele>611.609375</ele>
      </trkpt>
      <trkpt lat="42.879745960235596" lon="-1.637241840362549">
        <ele>613.85546875</ele>
      </trkpt>
      <trkpt lat="42.880046367645264" lon="-1.637156009674072">
        <ele>622.08984375</ele>
      </trkpt>
      <trkpt lat="42.880175113677979" lon="-1.637177467346191">
        <ele>625.38671875</ele>
      </trkpt>
      <trkpt lat="42.880282402038574" lon="-1.637263298034668">
        <ele>626.24609375</ele>
      </trkpt>
      <trkpt lat="42.880475521087646" lon="-1.63745641708374">
        <ele>630.5234375</ele>
      </trkpt>
      <trkpt lat="42.880604267120361" lon="-1.637542247772217">
        <ele>633.83984375</ele>
      </trkpt>
      <trkpt lat="42.880947589874268" lon="-1.637692451477051">
        <ele>641.140625</ele>
      </trkpt>
      <trkpt lat="42.881226539611816" lon="-1.637778282165527">
        <ele>647.2265625</ele>
      </trkpt>
      <trkpt lat="42.88137674331665" lon="-1.637885570526123">
        <ele>648.30859375</ele>
      </trkpt>
      <trkpt lat="42.881505489349365" lon="-1.638014316558838">
        <ele>651.58203125</ele>
      </trkpt>
      <trkpt lat="42.881827354431152" lon="-1.638143062591553">
        <ele>657.98046875</ele>
      </trkpt>
      <trkpt lat="42.882363796234131" lon="-1.638185977935791">
        <ele>667.41796875</ele>
      </trkpt>
      <trkpt lat="42.882857322692871" lon="-1.638336181640625">
        <ele>674.5078125</ele>
      </trkpt>
      <trkpt lat="42.883114814758301" lon="-1.638486385345459">
        <ele>676.98046875</ele>
      </trkpt>
      <trkpt lat="42.88337230682373" lon="-1.638743877410889">
        <ele>679.7265625</ele>
      </trkpt>
      <trkpt lat="42.883565425872803" lon="-1.638915538787842">
        <ele>683.6484375</ele>
      </trkpt>
      <trkpt lat="42.88388729095459" lon="-1.639022827148438">
        <ele>688.20703125</ele>
      </trkpt>
      <trkpt lat="42.884402275085449" lon="-1.639044284820557">
        <ele>696.27734375</ele>
      </trkpt>
      <trkpt lat="42.884724140167236" lon="-1.639130115509033">
        <ele>699.984375</ele>
      </trkpt>
      <trkpt lat="42.885046005249023" lon="-1.639173030853272">
        <ele>703.0546875</ele>
      </trkpt>
      <trkpt lat="42.8851318359375" lon="-1.639173030853272">
        <ele>703.8359375</ele>
      </trkpt>
      <trkpt lat="42.885303497314453" lon="-1.639130115509033">
        <ele>706.49609375</ele>
      </trkpt>
      <trkpt lat="42.885432243347168" lon="-1.639108657836914">
        <ele>708.4921875</ele>
      </trkpt>
      <trkpt lat="42.885839939117432" lon="-1.639151573181152">
        <ele>715.32421875</ele>
      </trkpt>
      <trkpt lat="42.886054515838623" lon="-1.639280319213867">
        <ele>719.1875</ele>
      </trkpt>
      <trkpt lat="42.8861403465271" lon="-1.639366149902344">
        <ele>721</ele>
      </trkpt>
      <trkpt lat="42.886247634887695" lon="-1.639537811279297">
        <ele>722.171875</ele>
      </trkpt>
      <trkpt lat="42.88637638092041" lon="-1.639730930328369">
        <ele>723.1171875</ele>
      </trkpt>
      <trkpt lat="42.886462211608887" lon="-1.639816761016846">
        <ele>724.359375</ele>
      </trkpt>
      <trkpt lat="42.887020111083984" lon="-1.64020299911499">
        <ele>733.71484375</ele>
      </trkpt>
      <trkpt lat="42.887084484100342" lon="-1.640267372131348">
        <ele>734.22265625</ele>
      </trkpt>
      <trkpt lat="42.887256145477295" lon="-1.640524864196777">
        <ele>732.5234375</ele>
      </trkpt>
      <trkpt lat="42.887363433837891" lon="-1.640589237213135">
        <ele>733.75</ele>
      </trkpt>
      <trkpt lat="42.887449264526367" lon="-1.640610694885254">
        <ele>735.5859375</ele>
      </trkpt>
      <trkpt lat="42.887685298919678" lon="-1.640610694885254">
        <ele>738.9921875</ele>
      </trkpt>
      <trkpt lat="42.887942790985107" lon="-1.640653610229492">
        <ele>738.99609375</ele>
      </trkpt>
      <trkpt lat="42.888028621673584" lon="-1.640653610229492">
        <ele>739.17578125</ele>
      </trkpt>
      <trkpt lat="42.888243198394775" lon="-1.64046049118042">
        <ele>743.359375</ele>
      </trkpt>
      <trkpt lat="42.888522148132324" lon="-1.640353202819824">
        <ele>744.7109375</ele>
      </trkpt>
      <trkpt lat="42.888844013214111" lon="-1.640267372131348">
        <ele>746.3359375</ele>
      </trkpt>
      <trkpt lat="42.888929843902588" lon="-1.64020299911499">
        <ele>747.29296875</ele>
      </trkpt>
      <trkpt lat="42.889144420623779" lon="-1.640031337738037">
        <ele>748.88671875</ele>
      </trkpt>
      <trkpt lat="42.889831066131592" lon="-1.639666557312012">
        <ele>756.296875</ele>
      </trkpt>
      <trkpt lat="42.890453338623047" lon="-1.639280319213867">
        <ele>761.72265625</ele>
      </trkpt>
      <trkpt lat="42.890839576721191" lon="-1.639258861541748">
        <ele>764.99609375</ele>
      </trkpt>
      <trkpt lat="42.891268730163574" lon="-1.639173030853272">
        <ele>768.22265625</ele>
      </trkpt>
      <trkpt lat="42.891697883605957" lon="-1.639087200164795">
        <ele>772.7421875</ele>
      </trkpt>
      <trkpt lat="42.891998291015625" lon="-1.639108657836914">
        <ele>775.6171875</ele>
      </trkpt>
      <trkpt lat="42.892062664031982" lon="-1.639108657836914">
        <ele>775.625</ele>
      </trkpt>
      <trkpt lat="42.89212703704834" lon="-1.639151573181152">
        <ele>775.78515625</ele>
      </trkpt>
      <trkpt lat="42.892341613769531" lon="-1.639323234558106">
        <ele>774.06640625</ele>
      </trkpt>
      <trkpt lat="42.892577648162842" lon="-1.639730930328369">
        <ele>775.0078125</ele>
      </trkpt>
      <trkpt lat="42.892706394195557" lon="-1.639859676361084">
        <ele>774.80859375</ele>
      </trkpt>
      <trkpt lat="42.892813682556152" lon="-1.63996696472168">
        <ele>774.59765625</ele>
      </trkpt>
      <trkpt lat="42.89337158203125" lon="-1.640331745147705">
        <ele>773.2265625</ele>
      </trkpt>
      <trkpt lat="42.893908023834229" lon="-1.640567779541016">
        <ele>770.4140625</ele>
      </trkpt>
      <trkpt lat="42.894144058227539" lon="-1.640739440917969">
        <ele>767.7421875</ele>
      </trkpt>
      <trkpt lat="42.894229888916016" lon="-1.640868186950684">
        <ele>766.109375</ele>
      </trkpt>
      <trkpt lat="42.894315719604492" lon="-1.641039848327637">
        <ele>764.4921875</ele>
      </trkpt>
      <trkpt lat="42.894551753997803" lon="-1.641683578491211">
        <ele>757.07421875</ele>
      </trkpt>
      <trkpt lat="42.894809246063232" lon="-1.642348766326904">
        <ele>747.1953125</ele>
      </trkpt>
      <trkpt lat="42.8951096534729" lon="-1.642799377441406">
        <ele>737.0859375</ele>
      </trkpt>
      <trkpt lat="42.895216941833496" lon="-1.642885208129883">
        <ele>734.1640625</ele>
      </trkpt>
      <trkpt lat="42.895281314849854" lon="-1.642906665802002">
        <ele>732.43359375</ele>
      </trkpt>
      <trkpt lat="42.895452976226807" lon="-1.642842292785645">
        <ele>728.8125</ele>
      </trkpt>
      <trkpt lat="42.895495891571045" lon="-1.642777919769287">
        <ele>728.484375</ele>
      </trkpt>
      <trkpt lat="42.89562463760376" lon="-1.642563343048096">
        <ele>726</ele>
      </trkpt>
      <trkpt lat="42.895710468292236" lon="-1.642413139343262">
        <ele>722.88671875</ele>
      </trkpt>
      <trkpt lat="42.895753383636475" lon="-1.642155647277832">
        <ele>722.31640625</ele>
      </trkpt>
      <trkpt lat="42.895796298980713" lon="-1.642048358917236">
        <ele>721.40625</ele>
      </trkpt>
      <trkpt lat="42.895903587341309" lon="-1.641941070556641">
        <ele>719.703125</ele>
      </trkpt>
      <trkpt lat="42.896032333374023" lon="-1.641855239868164">
        <ele>716.97265625</ele>
      </trkpt>
      <trkpt lat="42.896246910095215" lon="-1.641662120819092">
        <ele>712.87890625</ele>
      </trkpt>
      <trkpt lat="42.896568775177002" lon="-1.6414475440979">
        <ele>706.13671875</ele>
      </trkpt>
      <trkpt lat="42.896718978881836" lon="-1.641318798065186">
        <ele>703.15625</ele>
      </trkpt>
      <trkpt lat="42.896773209795356" lon="-1.641254592686892">
        <ele>702.203125</ele>
      </trkpt>
      <trkpt lat="42.896859711036086" lon="-1.641227100044489">
        <ele>700.60546875</ele>
      </trkpt>
      <trkpt lat="42.896918132901192" lon="-1.641308823600411">
        <ele>699.515625</ele>
      </trkpt>
      <trkpt lat="42.897011339664459" lon="-1.641409574076533">
        <ele>698.65234375</ele>
      </trkpt>
      <trkpt lat="42.897064564749599" lon="-1.64147294126451">
        <ele>697.98046875</ele>
      </trkpt>
      <trkpt lat="42.897123070433736" lon="-1.641540080308914">
        <ele>696.875</ele>
      </trkpt>
      <trkpt lat="42.897078897804022" lon="-1.641641668975353">
        <ele>696.41015625</ele>
      </trkpt>
      <trkpt lat="42.897010082378983" lon="-1.641768487170339">
        <ele>696.046875</ele>
      </trkpt>
      <trkpt lat="42.896955013275146" lon="-1.641790866851807">
        <ele>696.46875</ele>
      </trkpt>
      <trkpt lat="42.896912097930908" lon="-1.641919612884522">
        <ele>695.44140625</ele>
      </trkpt>
      <trkpt lat="42.896901536732912" lon="-1.641965294256806">
        <ele>695.0234375</ele>
      </trkpt>
      <trkpt lat="42.896654605865479" lon="-1.643035411834717">
        <ele>688.89453125</ele>
      </trkpt>
      <trkpt lat="42.896418571472168" lon="-1.643636226654053">
        <ele>686.7421875</ele>
      </trkpt>
      <trkpt lat="42.896397113800049" lon="-1.643743515014648">
        <ele>686.15625</ele>
      </trkpt>
      <trkpt lat="42.89637565612793" lon="-1.643893718719482">
        <ele>685.44140625</ele>
      </trkpt>
      <trkpt lat="42.896397113800049" lon="-1.644022464752197">
        <ele>684.58203125</ele>
      </trkpt>
      <trkpt lat="42.896440029144287" lon="-1.644129753112793">
        <ele>684.28125</ele>
      </trkpt>
      <trkpt lat="42.896547317504883" lon="-1.644301414489746">
        <ele>683.90234375</ele>
      </trkpt>
      <trkpt lat="42.898006439208984" lon="-1.645267009735107">
        <ele>675.25390625</ele>
      </trkpt>
      <trkpt lat="42.89811372756958" lon="-1.645331382751465">
        <ele>674.91796875</ele>
      </trkpt>
      <trkpt lat="42.898242473602295" lon="-1.645352840423584">
        <ele>674.12890625</ele>
      </trkpt>
      <trkpt lat="42.898757457733154" lon="-1.645374298095703">
        <ele>670.87890625</ele>
      </trkpt>
      <trkpt lat="42.899165153503418" lon="-1.645567417144775">
        <ele>668.94921875</ele>
      </trkpt>
      <trkpt lat="42.899272441864014" lon="-1.645610332489014">
        <ele>668.3984375</ele>
      </trkpt>
      <trkpt lat="42.899808883666992" lon="-1.645739078521729">
        <ele>665.46875</ele>
      </trkpt>
      <trkpt lat="42.900731563568115" lon="-1.645932197570801">
        <ele>659.25390625</ele>
      </trkpt>
      <trkpt lat="42.900774478912354" lon="-1.64595365524292">
        <ele>658.7734375</ele>
      </trkpt>
      <trkpt lat="42.90086030960083" lon="-1.646103858947754">
        <ele>659.69921875</ele>
      </trkpt>
      <trkpt lat="42.901139259338379" lon="-1.646661758422852">
        <ele>656.1640625</ele>
      </trkpt>
      <trkpt lat="42.901203632354736" lon="-1.646726131439209">
        <ele>656.09765625</ele>
      </trkpt>
      <trkpt lat="42.901332378387451" lon="-1.646790504455566">
        <ele>656.15625</ele>
      </trkpt>
      <trkpt lat="42.901482582092285" lon="-1.646833419799805">
        <ele>657.203125</ele>
      </trkpt>
      <trkpt lat="42.90186882019043" lon="-1.646811962127686">
        <ele>655.91015625</ele>
      </trkpt>
      <trkpt lat="42.902019023895264" lon="-1.646876335144043">
        <ele>656.1953125</ele>
      </trkpt>
      <trkpt lat="42.902233600616455" lon="-1.647005081176758">
        <ele>656.61328125</ele>
      </trkpt>
      <trkpt lat="42.902340888977051" lon="-1.647047996520996">
        <ele>656.82421875</ele>
      </trkpt>
      <trkpt lat="42.902920246124268" lon="-1.647005081176758">
        <ele>652.15625</ele>
      </trkpt>
      <trkpt lat="42.903199195861816" lon="-1.647133827209473">
        <ele>651.28515625</ele>
      </trkpt>
      <trkpt lat="42.90360689163208" lon="-1.647284030914307">
        <ele>650.046875</ele>
      </trkpt>
      <trkpt lat="42.903735637664795" lon="-1.647369861602783">
        <ele>650.37109375</ele>
      </trkpt>
      <trkpt lat="42.904014587402344" lon="-1.647584438323975">
        <ele>652.32421875</ele>
      </trkpt>
      <trkpt lat="42.904121875762939" lon="-1.647627353668213">
        <ele>650.8984375</ele>
      </trkpt>
      <trkpt lat="42.904314994812012" lon="-1.647605895996094">
        <ele>651.5</ele>
      </trkpt>
      <trkpt lat="42.904486656188965" lon="-1.647498607635498">
        <ele>651.02734375</ele>
      </trkpt>
      <trkpt lat="42.904710033908486" lon="-1.647173641249538">
        <ele>644.51953125</ele>
      </trkpt>
      <trkpt lat="42.904787063598633" lon="-1.647133827209473">
        <ele>644.2109375</ele>
      </trkpt>
      <trkpt lat="42.904937267303467" lon="-1.647069454193115">
        <ele>643.6015625</ele>
      </trkpt>
      <trkpt lat="42.905216217041016" lon="-1.647026538848877">
        <ele>644.19921875</ele>
      </trkpt>
      <trkpt lat="42.905302047729492" lon="-1.646983623504639">
        <ele>643.828125</ele>
      </trkpt>
      <trkpt lat="42.905473709106445" lon="-1.646876335144043">
        <ele>642.5234375</ele>
      </trkpt>
      <trkpt lat="42.905709743499756" lon="-1.646640300750732">
        <ele>638.06640625</ele>
      </trkpt>
      <trkpt lat="42.906031608581543" lon="-1.646425724029541">
        <ele>633.640625</ele>
      </trkpt>
      <trkpt lat="42.906332015991211" lon="-1.646382808685303">
        <ele>632.2578125</ele>
      </trkpt>
      <trkpt lat="42.906932830810547" lon="-1.646361351013184">
        <ele>630.80078125</ele>
      </trkpt>
      <trkpt lat="42.907233238220215" lon="-1.646232604980469">
        <ele>625.85546875</ele>
      </trkpt>
      <trkpt lat="42.907340526580811" lon="-1.646254062652588">
        <ele>626.2421875</ele>
      </trkpt>
      <trkpt lat="42.907469272613525" lon="-1.646382808685303">
        <ele>628.4296875</ele>
      </trkpt>
      <trkpt lat="42.907512187957764" lon="-1.646382808685303">
        <ele>630.4765625</ele>
      </trkpt>
      <trkpt lat="42.907576560974121" lon="-1.646339893341065">
        <ele>632.71484375</ele>
      </trkpt>
      <trkpt lat="42.90759801864624" lon="-1.646232604980469">
        <ele>631.67578125</ele>
      </trkpt>
      <trkpt lat="42.907640933990479" lon="-1.645674705505371">
        <ele>622.71875</ele>
      </trkpt>
      <trkpt lat="42.907662391662598" lon="-1.645524501800537">
        <ele>620.859375</ele>
      </trkpt>
      <trkpt lat="42.907662391662598" lon="-1.645481586456299">
        <ele>619.97265625</ele>
      </trkpt>
      <trkpt lat="42.907705307006836" lon="-1.645395755767822">
        <ele>620.015625</ele>
      </trkpt>
      <trkpt lat="42.908198833465576" lon="-1.645009517669678">
        <ele>615.5625</ele>
      </trkpt>
      <trkpt lat="42.908413410186768" lon="-1.64494514465332">
        <ele>617.43359375</ele>
      </trkpt>
      <trkpt lat="42.908520698547363" lon="-1.644859313964844">
        <ele>616.26171875</ele>
      </trkpt>
      <trkpt lat="42.908627986907959" lon="-1.644752025604248">
        <ele>614.7734375</ele>
      </trkpt>
      <trkpt lat="42.908949851989746" lon="-1.644430160522461">
        <ele>611.9296875</ele>
      </trkpt>
      <trkpt lat="42.909336090087891" lon="-1.644043922424316">
        <ele>608.046875</ele>
      </trkpt>
      <trkpt lat="42.909507751464844" lon="-1.643936634063721">
        <ele>607.921875</ele>
      </trkpt>
      <trkpt lat="42.909786701202393" lon="-1.643786430358887">
        <ele>607.09765625</ele>
      </trkpt>
      <trkpt lat="42.909958362579346" lon="-1.643614768981934">
        <ele>603.828125</ele>
      </trkpt>
      <trkpt lat="42.910323143005371" lon="-1.64320707321167">
        <ele>598.39453125</ele>
      </trkpt>
      <trkpt lat="42.911567687988281" lon="-1.642262935638428">
        <ele>590.13671875</ele>
      </trkpt>
      <trkpt lat="42.911932468414307" lon="-1.641833782196045">
        <ele>584.88671875</ele>
      </trkpt>
      <trkpt lat="42.912061214447021" lon="-1.64170503616333">
        <ele>582.6640625</ele>
      </trkpt>
      <trkpt lat="42.912147045135498" lon="-1.641662120819092">
        <ele>582.55078125</ele>
      </trkpt>
      <trkpt lat="42.912297248840332" lon="-1.641619205474854">
        <ele>581.57421875</ele>
      </trkpt>
      <trkpt lat="42.91309118270874" lon="-1.641597747802734">
        <ele>578.69140625</ele>
      </trkpt>
      <trkpt lat="42.913820743560791" lon="-1.641318798065186">
        <ele>573.59375</ele>
      </trkpt>
      <trkpt lat="42.91433572769165" lon="-1.641275882720947">
        <ele>571.05859375</ele>
      </trkpt>
      <trkpt lat="42.914915084838867" lon="-1.641254425048828">
        <ele>568.16015625</ele>
      </trkpt>
      <trkpt lat="42.915172576904297" lon="-1.64121150970459">
        <ele>566.9375</ele>
      </trkpt>
      <trkpt lat="42.915322780609131" lon="-1.64121150970459">
        <ele>565.94921875</ele>
      </trkpt>
      <trkpt lat="42.915751934051514" lon="-1.641275882720947">
        <ele>562.9375</ele>
      </trkpt>
      <trkpt lat="42.91583776473999" lon="-1.641254425048828">
        <ele>562.11328125</ele>
      </trkpt>
      <trkpt lat="42.916456768289208" lon="-1.641051331534982">
        <ele>558.421875</ele>
      </trkpt>
      <trkpt lat="42.917211055755615" lon="-1.640803813934326">
        <ele>555.68359375</ele>
      </trkpt>
      <trkpt lat="42.917704582214355" lon="-1.640632152557373">
        <ele>554.11328125</ele>
      </trkpt>
      <trkpt lat="42.918605804443359" lon="-1.64046049118042">
        <ele>548.53515625</ele>
      </trkpt>
      <trkpt lat="42.919313907623291" lon="-1.640396118164063">
        <ele>545.96875</ele>
      </trkpt>
      <trkpt lat="42.919871807098389" lon="-1.640396118164063">
        <ele>543.30078125</ele>
      </trkpt>
      <trkpt lat="42.920429706573486" lon="-1.640417575836182">
        <ele>541.390625</ele>
      </trkpt>
      <trkpt lat="42.92057991027832" lon="-1.640374660491943">
        <ele>540.078125</ele>
      </trkpt>
      <trkpt lat="42.921717166900635" lon="-1.639881134033203">
        <ele>529.52734375</ele>
      </trkpt>
      <trkpt lat="42.922189235687256" lon="-1.63945198059082">
        <ele>524.98046875</ele>
      </trkpt>
      <trkpt lat="42.922790050506592" lon="-1.639387607574463">
        <ele>523.76171875</ele>
      </trkpt>
      <trkpt lat="42.923069000244141" lon="-1.639280319213867">
        <ele>523.96484375</ele>
      </trkpt>
      <trkpt lat="42.923755645751953" lon="-1.638979911804199">
        <ele>522.609375</ele>
      </trkpt>
      <trkpt lat="42.924721240997314" lon="-1.638336181640625">
        <ele>519.62109375</ele>
      </trkpt>
      <trkpt lat="42.925407886505127" lon="-1.637907028198242">
        <ele>516.8125</ele>
      </trkpt>
      <trkpt lat="42.92557954788208" lon="-1.637778282165527">
        <ele>515.27734375</ele>
      </trkpt>
      <trkpt lat="42.926158905029297" lon="-1.637048721313477">
        <ele>510.24609375</ele>
      </trkpt>
      <trkpt lat="42.926652431488037" lon="-1.636447906494141">
        <ele>506.8046875</ele>
      </trkpt>
      <trkpt lat="42.926802635192871" lon="-1.636319160461426">
        <ele>506.41796875</ele>
      </trkpt>
      <trkpt lat="42.927145957946777" lon="-1.636104583740234">
        <ele>504.67578125</ele>
      </trkpt>
      <trkpt lat="42.927199602127075" lon="-1.636072313413024">
        <ele>504.171875</ele>
      </trkpt>
      <trkpt lat="42.927253246307373" lon="-1.636040210723877">
        <ele>503.5859375</ele>
      </trkpt>
      <trkpt lat="42.927424907684326" lon="-1.635997295379639">
        <ele>502.6953125</ele>
      </trkpt>
      <trkpt lat="42.927510738372803" lon="-1.635997295379639">
        <ele>502.19921875</ele>
      </trkpt>
      <trkpt lat="42.927660942077637" lon="-1.636018753051758">
        <ele>501.3046875</ele>
      </trkpt>
      <trkpt lat="42.927789688110352" lon="-1.636083126068115">
        <ele>501.35546875</ele>
      </trkpt>
      <trkpt lat="42.928218841552734" lon="-1.636297702789307">
        <ele>500.07421875</ele>
      </trkpt>
      <trkpt lat="42.928283214569092" lon="-1.636319160461426">
        <ele>499.51953125</ele>
      </trkpt>
      <trkpt lat="42.928390502929688" lon="-1.636297702789307">
        <ele>498.421875</ele>
      </trkpt>
      <trkpt lat="42.928433418273926" lon="-1.636276245117188">
        <ele>497.9296875</ele>
      </trkpt>
      <trkpt lat="42.928497791290283" lon="-1.636147499084473">
        <ele>496.6015625</ele>
      </trkpt>
      <trkpt lat="42.92858362197876" lon="-1.636340618133545">
        <ele>496.85546875</ele>
      </trkpt>
      <trkpt lat="42.928690910339355" lon="-1.636598110198975">
        <ele>496.8046875</ele>
      </trkpt>
      <trkpt lat="42.928862571716309" lon="-1.636812686920166">
        <ele>495.37109375</ele>
      </trkpt>
      <trkpt lat="42.92881965637207" lon="-1.636877059936523">
        <ele>496.27734375</ele>
      </trkpt>
      <trkpt lat="42.928776741027832" lon="-1.637005805969238">
        <ele>497.53515625</ele>
      </trkpt>
      <trkpt lat="42.928755283355713" lon="-1.637156009674072">
        <ele>498.6171875</ele>
      </trkpt>
      <trkpt lat="42.928755283355713" lon="-1.637263298034668">
        <ele>499.2890625</ele>
      </trkpt>
      <trkpt lat="42.928712368011475" lon="-1.637306213378906">
        <ele>499.796875</ele>
      </trkpt>
      <trkpt lat="42.928712368011475" lon="-1.637349128723145">
        <ele>500.06640625</ele>
      </trkpt>
      <trkpt lat="42.928669452667236" lon="-1.637628078460693">
        <ele>501.9296875</ele>
      </trkpt>
      <trkpt lat="42.928665429353714" lon="-1.637670239433646">
        <ele>502.07421875</ele>
      </trkpt>
      <trkpt lat="42.928626537322998" lon="-1.638078689575195">
        <ele>503.625</ele>
      </trkpt>
      <trkpt lat="42.92858362197876" lon="-1.638271808624268">
        <ele>505.08984375</ele>
      </trkpt>
      <trkpt lat="42.928519248962402" lon="-1.638422012329102">
        <ele>506.53125</ele>
      </trkpt>
      <trkpt lat="42.928369045257568" lon="-1.638679504394531">
        <ele>509.62890625</ele>
      </trkpt>
      <trkpt lat="42.928240299224854" lon="-1.639044284820557">
        <ele>514.57421875</ele>
      </trkpt>
      <trkpt lat="42.927982807159424" lon="-1.639430522918701">
        <ele>515.86328125</ele>
      </trkpt>
      <trkpt lat="42.927939891815186" lon="-1.639537811279297">
        <ele>516.6796875</ele>
      </trkpt>
      <trkpt lat="42.927789688110352" lon="-1.64020299911499">
        <ele>519.3203125</ele>
      </trkpt>
      <trkpt lat="42.92757511138916" lon="-1.640739440917969">
        <ele>520.00390625</ele>
      </trkpt>
      <trkpt lat="42.927532196044922" lon="-1.640996932983398">
        <ele>520.984375</ele>
      </trkpt>
      <trkpt lat="42.927510738372803" lon="-1.641490459442139">
        <ele>523.5390625</ele>
      </trkpt>
      <trkpt lat="42.927467823028564" lon="-1.64196252822876">
        <ele>524.89453125</ele>
      </trkpt>
      <trkpt lat="42.927467823028564" lon="-1.642649173736572">
        <ele>529.9453125</ele>
      </trkpt>
      <trkpt lat="42.927403450012207" lon="-1.643486022949219">
        <ele>535.27734375</ele>
      </trkpt>
      <trkpt lat="42.92733907699585" lon="-1.643872261047363">
        <ele>534.703125</ele>
      </trkpt>
      <trkpt lat="42.92731761932373" lon="-1.644086837768555">
        <ele>535.015625</ele>
      </trkpt>
      <trkpt lat="42.92731761932373" lon="-1.644515991210938">
        <ele>536.94921875</ele>
      </trkpt>
      <trkpt lat="42.927360534667969" lon="-1.64496660232544">
        <ele>539.1484375</ele>
      </trkpt>
      <trkpt lat="42.927360534667969" lon="-1.645095348358154">
        <ele>539.58203125</ele>
      </trkpt>
      <trkpt lat="42.927360534667969" lon="-1.645245552062988">
        <ele>540.5234375</ele>
      </trkpt>
      <trkpt lat="42.927210330963135" lon="-1.645846366882324">
        <ele>541.4921875</ele>
      </trkpt>
      <trkpt lat="42.927146125584841" lon="-1.646520690992475">
        <ele>548.953125</ele>
      </trkpt>
      <trkpt lat="42.927124500274658" lon="-1.646747589111328">
        <ele>550.73828125</ele>
      </trkpt>
      <trkpt lat="42.927017211914063" lon="-1.647369861602783">
        <ele>554.94921875</ele>
      </trkpt>
      <trkpt lat="42.926931381225586" lon="-1.647648811340332">
        <ele>556.55078125</ele>
      </trkpt>
      <trkpt lat="42.926630973815918" lon="-1.648271083831787">
        <ele>560.9140625</ele>
      </trkpt>
      <trkpt lat="42.926244735717773" lon="-1.649215221405029">
        <ele>567.265625</ele>
      </trkpt>
      <trkpt lat="42.926244735717773" lon="-1.64945125579834">
        <ele>570.984375</ele>
      </trkpt>
      <trkpt lat="42.926180362701416" lon="-1.649880409240723">
        <ele>576.1171875</ele>
      </trkpt>
      <trkpt lat="42.926051616668701" lon="-1.650266647338867">
        <ele>580.01171875</ele>
      </trkpt>
      <trkpt lat="42.925944328308105" lon="-1.65095329284668">
        <ele>590.9375</ele>
      </trkpt>
      <trkpt lat="42.925815582275391" lon="-1.651425361633301">
        <ele>595.05859375</ele>
      </trkpt>
      <trkpt lat="42.925729751586914" lon="-1.65194034576416">
        <ele>601.3984375</ele>
      </trkpt>
      <trkpt lat="42.925691194832325" lon="-1.65209474042058">
        <ele>602.953125</ele>
      </trkpt>
      <trkpt lat="42.925643920898438" lon="-1.652283668518066">
        <ele>604.79296875</ele>
      </trkpt>
      <trkpt lat="42.925622463226318" lon="-1.652498245239258">
        <ele>607.56640625</ele>
      </trkpt>
      <trkpt lat="42.925601005554199" lon="-1.652734279632568">
        <ele>610.671875</ele>
      </trkpt>
      <trkpt lat="42.925622463226318" lon="-1.653141975402832">
        <ele>616.60546875</ele>
      </trkpt>
      <trkpt lat="42.925558090209961" lon="-1.653528213500977">
        <ele>620.19921875</ele>
      </trkpt>
      <trkpt lat="42.925536632537842" lon="-1.653678417205811">
        <ele>621.72265625</ele>
      </trkpt>
      <trkpt lat="42.925493717193604" lon="-1.654171943664551">
        <ele>627.546875</ele>
      </trkpt>
      <trkpt lat="42.925515174865723" lon="-1.654622554779053">
        <ele>634.609375</ele>
      </trkpt>
      <trkpt lat="42.925493717193604" lon="-1.654815673828125">
        <ele>637.03125</ele>
      </trkpt>
      <trkpt lat="42.925450801849365" lon="-1.655030250549316">
        <ele>638.84375</ele>
      </trkpt>
      <trkpt lat="42.925364971160889" lon="-1.65518045425415">
        <ele>639.53515625</ele>
      </trkpt>
      <trkpt lat="42.924957275390625" lon="-1.655502319335938">
        <ele>640.00390625</ele>
      </trkpt>
      <trkpt lat="42.924807071685791" lon="-1.655716896057129">
        <ele>640.328125</ele>
      </trkpt>
      <trkpt lat="42.924742698669434" lon="-1.655888557434082">
        <ele>641.4453125</ele>
      </trkpt>
      <trkpt lat="42.924699783325195" lon="-1.656081676483154">
        <ele>642.90625</ele>
      </trkpt>
      <trkpt lat="42.92457103729248" lon="-1.656703948974609">
        <ele>647.62890625</ele>
      </trkpt>
      <trkpt lat="42.924528121948242" lon="-1.656875610351563">
        <ele>649.77734375</ele>
      </trkpt>
      <trkpt lat="42.924442291259766" lon="-1.657068729400635">
        <ele>651.359375</ele>
      </trkpt>
      <trkpt lat="42.924227714538574" lon="-1.657862663269043">
        <ele>662.62890625</ele>
      </trkpt>
      <trkpt lat="42.924175746738911" lon="-1.657992666587234">
        <ele>664.02734375</ele>
      </trkpt>
      <trkpt lat="42.924056053161621" lon="-1.658291816711426">
        <ele>667.5234375</ele>
      </trkpt>
      <trkpt lat="42.923970222473145" lon="-1.65869951248169">
        <ele>674.609375</ele>
      </trkpt>
      <trkpt lat="42.923884391784668" lon="-1.658871173858643">
        <ele>676.44140625</ele>
      </trkpt>
      <trkpt lat="42.923820018768311" lon="-1.659107208251953">
        <ele>679.88671875</ele>
      </trkpt>
      <trkpt lat="42.923755645751953" lon="-1.659493446350098">
        <ele>686.40625</ele>
      </trkpt>
      <trkpt lat="42.923712730407715" lon="-1.659622192382813">
        <ele>688.65234375</ele>
      </trkpt>
      <trkpt lat="42.923455238342285" lon="-1.660094261169434">
        <ele>698.0625</ele>
      </trkpt>
      <trkpt lat="42.923219203948975" lon="-1.660373210906982">
        <ele>701.55078125</ele>
      </trkpt>
      <trkpt lat="42.923197746276855" lon="-1.66043758392334">
        <ele>701.4609375</ele>
      </trkpt>
      <trkpt lat="42.923154830932617" lon="-1.660823822021484">
        <ele>699.3359375</ele>
      </trkpt>
      <trkpt lat="42.92309045791626" lon="-1.660995483398438">
        <ele>696.74609375</ele>
      </trkpt>
      <trkpt lat="42.92283296585083" lon="-1.661660671234131">
        <ele>687</ele>
      </trkpt>
      <trkpt lat="42.922661304473877" lon="-1.662046909332275">
        <ele>680.40234375</ele>
      </trkpt>
      <trkpt lat="42.922189235687256" lon="-1.662797927856445">
        <ele>667.51953125</ele>
      </trkpt>
      <trkpt lat="42.922103404998779" lon="-1.66292667388916">
        <ele>665.6015625</ele>
      </trkpt>
      <trkpt lat="42.921974658966064" lon="-1.663012504577637">
        <ele>662.70703125</ele>
      </trkpt>
      <trkpt lat="42.921867370605469" lon="-1.663141250610352">
        <ele>659.87109375</ele>
      </trkpt>
      <trkpt lat="42.921695709228516" lon="-1.663699150085449">
        <ele>655.48828125</ele>
      </trkpt>
      <trkpt lat="42.921609878540039" lon="-1.664063930511475">
        <ele>651.8203125</ele>
      </trkpt>
      <trkpt lat="42.921566963195801" lon="-1.664471626281738">
        <ele>648.95703125</ele>
      </trkpt>
      <trkpt lat="42.921545505523682" lon="-1.664643287658691">
        <ele>647.2265625</ele>
      </trkpt>
      <trkpt lat="42.92133092880249" lon="-1.665415763854981">
        <ele>633.4453125</ele>
      </trkpt>
      <trkpt lat="42.921202182769775" lon="-1.665544509887695">
        <ele>630.56640625</ele>
      </trkpt>
      <trkpt lat="42.921180725097656" lon="-1.665608882904053">
        <ele>629.72265625</ele>
      </trkpt>
      <trkpt lat="42.921104617416859" lon="-1.665970645844936">
        <ele>625.55859375</ele>
      </trkpt>
      <trkpt lat="42.92109489440918" lon="-1.666016578674316">
        <ele>624.92578125</ele>
      </trkpt>
      <trkpt lat="42.921116352081299" lon="-1.666059494018555">
        <ele>624.484375</ele>
      </trkpt>
      <trkpt lat="42.921223640441895" lon="-1.666209697723389">
        <ele>622.19140625</ele>
      </trkpt>
      <trkpt lat="42.921481132507324" lon="-1.666359901428223">
        <ele>620.60546875</ele>
      </trkpt>
      <trkpt lat="42.921867370605469" lon="-1.666510105133057">
        <ele>616.9609375</ele>
      </trkpt>
      <trkpt lat="42.922403812408447" lon="-1.66668176651001">
        <ele>613.6484375</ele>
      </trkpt>
      <trkpt lat="42.92259693145752" lon="-1.66668176651001">
        <ele>611.4765625</ele>
      </trkpt>
      <trkpt lat="42.922790050506592" lon="-1.666660308837891">
        <ele>610.47265625</ele>
      </trkpt>
      <trkpt lat="42.922918796539307" lon="-1.666660308837891">
        <ele>611</ele>
      </trkpt>
      <trkpt lat="42.923283576965332" lon="-1.666874885559082">
        <ele>609.42578125</ele>
      </trkpt>
      <trkpt lat="42.923712730407715" lon="-1.667025089263916">
        <ele>611.55859375</ele>
      </trkpt>
      <trkpt lat="42.923970222473145" lon="-1.667132377624512">
        <ele>612.87109375</ele>
      </trkpt>
      <trkpt lat="42.92433500289917" lon="-1.667368412017822">
        <ele>610.89453125</ele>
      </trkpt>
      <trkpt lat="42.92457103729248" lon="-1.667561531066895">
        <ele>607.1171875</ele>
      </trkpt>
      <trkpt lat="42.924914360046387" lon="-1.667625904083252">
        <ele>604.484375</ele>
      </trkpt>
      <trkpt lat="42.925536632537842" lon="-1.667819023132324">
        <ele>597.828125</ele>
      </trkpt>
      <trkpt lat="42.925751209259033" lon="-1.667861938476563">
        <ele>596.44921875</ele>
      </trkpt>
      <trkpt lat="42.926244735717773" lon="-1.667797565460205">
        <ele>593.125</ele>
      </trkpt>
      <trkpt lat="42.92682409286499" lon="-1.667797565460205">
        <ele>586.3359375</ele>
      </trkpt>
      <trkpt lat="42.927103042602539" lon="-1.667754650115967">
        <ele>584.4140625</ele>
      </trkpt>
      <trkpt lat="42.927253246307373" lon="-1.667776107788086">
        <ele>583.15234375</ele>
      </trkpt>
      <trkpt lat="42.928240299224854" lon="-1.668076515197754">
        <ele>575.2734375</ele>
      </trkpt>
      <trkpt lat="42.929184436798096" lon="-1.668097972869873">
        <ele>567.94140625</ele>
      </trkpt>
      <trkpt lat="42.929720878601074" lon="-1.668334007263184">
        <ele>566.42578125</ele>
      </trkpt>
      <trkpt lat="42.929849624633789" lon="-1.668355464935303">
        <ele>565.47265625</ele>
      </trkpt>
      <trkpt lat="42.930021286010742" lon="-1.668312549591065">
        <ele>565.1640625</ele>
      </trkpt>
      <trkpt lat="42.930364608764648" lon="-1.66818380355835">
        <ele>563.80859375</ele>
      </trkpt>
      <trkpt lat="42.930557727813721" lon="-1.668119430541992">
        <ele>562.9921875</ele>
      </trkpt>
      <trkpt lat="42.930851094424725" lon="-1.668067127466202">
        <ele>561.765625</ele>
      </trkpt>
      <trkpt lat="42.932360172271729" lon="-1.667797565460205">
        <ele>557.75390625</ele>
      </trkpt>
      <trkpt lat="42.934463024139404" lon="-1.667840480804443">
        <ele>551.30859375</ele>
      </trkpt>
      <trkpt lat="42.935750484466553" lon="-1.66743278503418">
        <ele>552.84375</ele>
      </trkpt>
      <trkpt lat="42.936222553253174" lon="-1.667261123657227">
        <ele>554.12890625</ele>
      </trkpt>
      <trkpt lat="42.936480045318604" lon="-1.667196750640869">
        <ele>555.875</ele>
      </trkpt>
      <trkpt lat="42.937381267547607" lon="-1.666789054870606">
        <ele>557.65234375</ele>
      </trkpt>
      <trkpt lat="42.937595844268799" lon="-1.666660308837891">
        <ele>556.24609375</ele>
      </trkpt>
      <trkpt lat="42.937724590301514" lon="-1.666617393493652">
        <ele>556.265625</ele>
      </trkpt>
      <trkpt lat="42.937917709350586" lon="-1.666595935821533">
        <ele>555.69921875</ele>
      </trkpt>
      <trkpt lat="42.938239574432373" lon="-1.666617393493652">
        <ele>555.7890625</ele>
      </trkpt>
      <trkpt lat="42.938454151153564" lon="-1.666574478149414">
        <ele>554.42578125</ele>
      </trkpt>
      <trkpt lat="42.938668727874756" lon="-1.666445732116699">
        <ele>551.8203125</ele>
      </trkpt>
      <trkpt lat="42.938754558563232" lon="-1.666445732116699">
        <ele>551.5078125</ele>
      </trkpt>
      <trkpt lat="42.939033508300781" lon="-1.666488647460938">
        <ele>549.74609375</ele>
      </trkpt>
      <trkpt lat="42.939097881317139" lon="-1.666445732116699">
        <ele>548.95703125</ele>
      </trkpt>
      <trkpt lat="42.939097881317139" lon="-1.666553020477295">
        <ele>549.00390625</ele>
      </trkpt>
      <trkpt lat="42.93907642364502" lon="-1.666703224182129">
        <ele>549.17578125</ele>
      </trkpt>
      <trkpt lat="42.939205169677734" lon="-1.667068004608154">
        <ele>546.37890625</ele>
      </trkpt>
      <trkpt lat="42.939226627349854" lon="-1.667261123657227">
        <ele>544.453125</ele>
      </trkpt>
      <trkpt lat="42.939226627349854" lon="-1.66743278503418">
        <ele>542.5390625</ele>
      </trkpt>
      <trkpt lat="42.939205169677734" lon="-1.667625904083252">
        <ele>540.484375</ele>
      </trkpt>
      <trkpt lat="42.939291000366211" lon="-1.667647361755371">
        <ele>538.18359375</ele>
      </trkpt>
      <trkpt lat="42.939591407775879" lon="-1.667647361755371">
        <ele>535.9921875</ele>
      </trkpt>
      <trkpt lat="42.940170764923096" lon="-1.667969226837158">
        <ele>531.72265625</ele>
      </trkpt>
      <trkpt lat="42.940385341644287" lon="-1.668033599853516">
        <ele>530.65625</ele>
      </trkpt>
      <trkpt lat="42.940471172332764" lon="-1.668033599853516">
        <ele>530.76171875</ele>
      </trkpt>
      <trkpt lat="42.940599918365479" lon="-1.668012142181397">
        <ele>530.65234375</ele>
      </trkpt>
      <trkpt lat="42.940900325775146" lon="-1.667883396148682">
        <ele>529.48046875</ele>
      </trkpt>
      <trkpt lat="42.941200733184814" lon="-1.667282581329346">
        <ele>532.0078125</ele>
      </trkpt>
      <trkpt lat="42.941436767578125" lon="-1.666724681854248">
        <ele>528.8671875</ele>
      </trkpt>
      <trkpt lat="42.941436767578125" lon="-1.666595935821533">
        <ele>529.01171875</ele>
      </trkpt>
      <trkpt lat="42.941458225250244" lon="-1.666402816772461">
        <ele>528.3828125</ele>
      </trkpt>
      <trkpt lat="42.941415309906006" lon="-1.665909290313721">
        <ele>529.44921875</ele>
      </trkpt>
      <trkpt lat="42.941458225250244" lon="-1.665694713592529">
        <ele>528.87109375</ele>
      </trkpt>
      <trkpt lat="42.941501140594482" lon="-1.665630340576172">
        <ele>527.91796875</ele>
      </trkpt>
      <trkpt lat="42.941780090332031" lon="-1.665372848510742">
        <ele>524.98046875</ele>
      </trkpt>
      <trkpt lat="42.941930294036865" lon="-1.665265560150147">
        <ele>524.01953125</ele>
      </trkpt>
      <trkpt lat="42.942187786102295" lon="-1.665158271789551">
        <ele>524.109375</ele>
      </trkpt>
      <trkpt lat="42.942960262298584" lon="-1.665008068084717">
        <ele>524.10546875</ele>
      </trkpt>
      <trkpt lat="42.94306755065918" lon="-1.664943695068359">
        <ele>524.0390625</ele>
      </trkpt>
      <trkpt lat="42.943432331085205" lon="-1.66468620300293">
        <ele>523.6484375</ele>
      </trkpt>
      <trkpt lat="42.943711280822754" lon="-1.664557456970215">
        <ele>522.734375</ele>
      </trkpt>
      <trkpt lat="42.944290637969971" lon="-1.664471626281738">
        <ele>523.83203125</ele>
      </trkpt>
      <trkpt lat="42.944955825805664" lon="-1.664299964904785">
        <ele>525.40625</ele>
      </trkpt>
      <trkpt lat="42.945449352264404" lon="-1.664042472839356">
        <ele>525.828125</ele>
      </trkpt>
      <trkpt lat="42.946071624755859" lon="-1.663591861724854">
        <ele>525.96875</ele>
      </trkpt>
      <trkpt lat="42.946715354919434" lon="-1.663033962249756">
        <ele>526.25390625</ele>
      </trkpt>
      <trkpt lat="42.947144508361816" lon="-1.662604808807373">
        <ele>526.5390625</ele>
      </trkpt>
      <trkpt lat="42.947402000427246" lon="-1.662325859069824">
        <ele>525.32421875</ele>
      </trkpt>
      <trkpt lat="42.947680950164795" lon="-1.661918163299561">
        <ele>524.82421875</ele>
      </trkpt>
      <trkpt lat="42.948517799377441" lon="-1.660308837890625">
        <ele>518.94921875</ele>
      </trkpt>
      <trkpt lat="42.94856951572001" lon="-1.660229209810495">
        <ele>517.90625</ele>
      </trkpt>
      <trkpt lat="42.94879674911499" lon="-1.659879684448242">
        <ele>514.09765625</ele>
      </trkpt>
      <trkpt lat="42.948946952819824" lon="-1.659579277038574">
        <ele>512.359375</ele>
      </trkpt>
      <trkpt lat="42.949118614196777" lon="-1.659450531005859">
        <ele>511.41015625</ele>
      </trkpt>
      <trkpt lat="42.949182987213135" lon="-1.659364700317383">
        <ele>511.52734375</ele>
      </trkpt>
      <trkpt lat="42.949204444885254" lon="-1.659235954284668">
        <ele>511.25</ele>
      </trkpt>
      <trkpt lat="42.949247360229492" lon="-1.658999919891357">
        <ele>511.4453125</ele>
      </trkpt>
      <trkpt lat="42.94929027557373" lon="-1.658806800842285">
        <ele>511.0625</ele>
      </trkpt>
      <trkpt lat="42.94954776763916" lon="-1.658248901367188">
        <ele>510.3125</ele>
      </trkpt>
      <trkpt lat="42.949719429016113" lon="-1.657733917236328">
        <ele>509.52734375</ele>
      </trkpt>
      <trkpt lat="42.94980525970459" lon="-1.657540798187256">
        <ele>509.12109375</ele>
      </trkpt>
      <trkpt lat="42.949955463409424" lon="-1.657326221466065">
        <ele>508.7578125</ele>
      </trkpt>
      <trkpt lat="42.950105667114258" lon="-1.657154560089111">
        <ele>508.98046875</ele>
      </trkpt>
      <trkpt lat="42.950320243835449" lon="-1.656789779663086">
        <ele>508.6796875</ele>
      </trkpt>
      <trkpt lat="42.950642108917236" lon="-1.656339168548584">
        <ele>508.4296875</ele>
      </trkpt>
      <trkpt lat="42.951071262359619" lon="-1.655802726745606">
        <ele>507.359375</ele>
      </trkpt>
      <trkpt lat="42.951178550720215" lon="-1.65569543838501">
        <ele>507.5625</ele>
      </trkpt>
      <trkpt lat="42.951393127441406" lon="-1.655523777008057">
        <ele>509.5546875</ele>
      </trkpt>
      <trkpt lat="42.951521873474121" lon="-1.655416488647461">
        <ele>512.82421875</ele>
      </trkpt>
      <trkpt lat="42.951586246490479" lon="-1.655545234680176">
        <ele>512.91015625</ele>
      </trkpt>
      <trkpt lat="42.951843738555908" lon="-1.656060218811035">
        <ele>512.359375</ele>
      </trkpt>
      <trkpt lat="42.95255184173584" lon="-1.657218933105469">
        <ele>510.76171875</ele>
      </trkpt>
      <trkpt lat="42.953882217407227" lon="-1.659343242645264">
        <ele>510.9296875</ele>
      </trkpt>
      <trkpt lat="42.954268455505371" lon="-1.6599440574646">
        <ele>510.95703125</ele>
      </trkpt>
      <trkpt lat="42.95454740524292" lon="-1.660416126251221">
        <ele>511.015625</ele>
      </trkpt>
      <trkpt lat="42.955985069274902" lon="-1.662669181823731">
        <ele>512.6953125</ele>
      </trkpt>
      <trkpt lat="42.955985069274902" lon="-1.662669181823731">
        <ele>512.6953125</ele>
      </trkpt>
      <trkpt lat="42.956156730651855" lon="-1.662604808807373">
        <ele>512.96484375</ele>
      </trkpt>
      <trkpt lat="42.957894802093506" lon="-1.662132740020752">
        <ele>515.35546875</ele>
      </trkpt>
      <trkpt lat="42.958066463470459" lon="-1.662025451660156">
        <ele>516.25</ele>
      </trkpt>
      <trkpt lat="42.958323955535889" lon="-1.661767959594727">
        <ele>517.1796875</ele>
      </trkpt>
      <trkpt lat="42.959954738616943" lon="-1.660051345825195">
        <ele>519.2109375</ele>
      </trkpt>
      <trkpt lat="42.960619926452637" lon="-1.659235954284668">
        <ele>521.01171875</ele>
      </trkpt>
      <trkpt lat="42.960748672485352" lon="-1.659085750579834">
        <ele>521.78125</ele>
      </trkpt>
      <trkpt lat="42.960834503173828" lon="-1.658999919891357">
        <ele>522.08203125</ele>
      </trkpt>
      <trkpt lat="42.961113452911377" lon="-1.658806800842285">
        <ele>522.26171875</ele>
      </trkpt>
      <trkpt lat="42.962894439697266" lon="-1.657605171203613">
        <ele>530.51171875</ele>
      </trkpt>
      <trkpt lat="42.963109016418457" lon="-1.657540798187256">
        <ele>532.05078125</ele>
      </trkpt>
      <trkpt lat="42.963709831237793" lon="-1.657476425170898">
        <ele>536.02734375</ele>
      </trkpt>
      <trkpt lat="42.964804172515869" lon="-1.657369136810303">
        <ele>545.0078125</ele>
      </trkpt>
      <trkpt lat="42.964975833892822" lon="-1.657347679138184">
        <ele>546.53515625</ele>
      </trkpt>
      <trkpt lat="42.965211868286133" lon="-1.657369136810303">
        <ele>547.8359375</ele>
      </trkpt>
      <trkpt lat="42.965362071990967" lon="-1.65743350982666">
        <ele>548.4140625</ele>
      </trkpt>
      <trkpt lat="42.965555191040039" lon="-1.657583713531494">
        <ele>549.578125</ele>
      </trkpt>
      <trkpt lat="42.96576976776123" lon="-1.657862663269043">
        <ele>551.62109375</ele>
      </trkpt>
      <trkpt lat="42.965984344482422" lon="-1.658205986022949">
        <ele>553.9765625</ele>
      </trkpt>
      <trkpt lat="42.966156005859375" lon="-1.658377647399902">
        <ele>555.4765625</ele>
      </trkpt>
      <trkpt lat="42.966370582580566" lon="-1.658506393432617">
        <ele>557.671875</ele>
      </trkpt>
      <trkpt lat="42.966713905334473" lon="-1.658613681793213">
        <ele>560.36328125</ele>
      </trkpt>
      <trkpt lat="42.966907024383545" lon="-1.658613681793213">
        <ele>562.203125</ele>
      </trkpt>
      <trkpt lat="42.967185974121094" lon="-1.658549308776856">
        <ele>564</ele>
      </trkpt>
      <trkpt lat="42.967400550842285" lon="-1.658463478088379">
        <ele>565.609375</ele>
      </trkpt>
      <trkpt lat="42.967615127563477" lon="-1.658356189727783">
        <ele>566.19921875</ele>
      </trkpt>
      <trkpt lat="42.967765331268311" lon="-1.658248901367188">
        <ele>567.0078125</ele>
      </trkpt>
      <trkpt lat="42.967894077301025" lon="-1.658098697662354">
        <ele>568.09765625</ele>
      </trkpt>
      <trkpt lat="42.96802282333374" lon="-1.6579270362854">
        <ele>569.5625</ele>
      </trkpt>
      <trkpt lat="42.968194484710693" lon="-1.657626628875732">
        <ele>570.625</ele>
      </trkpt>
      <trkpt lat="42.968194484710693" lon="-1.65769100189209">
        <ele>569.77734375</ele>
      </trkpt>
      <trkpt lat="42.968108654022217" lon="-1.658334732055664">
        <ele>561.7890625</ele>
      </trkpt>
      <trkpt lat="42.968001365661621" lon="-1.658978462219238">
        <ele>557.0859375</ele>
      </trkpt>
      <trkpt lat="42.967765331268311" lon="-1.659708023071289">
        <ele>553.08203125</ele>
      </trkpt>
      <trkpt lat="42.967722415924072" lon="-1.659879684448242">
        <ele>551.57421875</ele>
      </trkpt>
      <trkpt lat="42.967722415924072" lon="-1.660115718841553">
        <ele>550.2734375</ele>
      </trkpt>
      <trkpt lat="42.96778678894043" lon="-1.660952568054199">
        <ele>547.61328125</ele>
      </trkpt>
      <trkpt lat="42.967915534973145" lon="-1.662819385528565">
        <ele>546.90234375</ele>
      </trkpt>
      <trkpt lat="42.967979907989502" lon="-1.663119792938232">
        <ele>546.53515625</ele>
      </trkpt>
      <trkpt lat="42.968108654022217" lon="-1.663720607757568">
        <ele>548.0078125</ele>
      </trkpt>
      <trkpt lat="42.968859672546387" lon="-1.666381359100342">
        <ele>549.8203125</ele>
      </trkpt>
      <trkpt lat="42.968902587890625" lon="-1.666553020477295">
        <ele>550.171875</ele>
      </trkpt>
      <trkpt lat="42.968902587890625" lon="-1.666595935821533">
        <ele>550.296875</ele>
      </trkpt>
      <trkpt lat="42.968966960906982" lon="-1.666789054870606">
        <ele>551.40234375</ele>
      </trkpt>
      <trkpt lat="42.969138622283936" lon="-1.667068004608154">
        <ele>553.8203125</ele>
      </trkpt>
      <trkpt lat="42.969396114349365" lon="-1.667411327362061">
        <ele>559.36328125</ele>
      </trkpt>
      <trkpt lat="42.969353199005127" lon="-1.667497158050537">
        <ele>559.50390625</ele>
      </trkpt>
      <trkpt lat="42.969310283660889" lon="-1.667540073394775">
        <ele>559.2890625</ele>
      </trkpt>
      <trkpt lat="42.969160079956055" lon="-1.667754650115967">
        <ele>558.58984375</ele>
      </trkpt>
      <trkpt lat="42.968859672546387" lon="-1.668462753295898">
        <ele>553.6328125</ele>
      </trkpt>
      <trkpt lat="42.968688011169434" lon="-1.66893482208252">
        <ele>549.640625</ele>
      </trkpt>
      <trkpt lat="42.968645095825195" lon="-1.669106483459473">
        <ele>547.6640625</ele>
      </trkpt>
      <trkpt lat="42.968688011169434" lon="-1.669278144836426">
        <ele>546.40625</ele>
      </trkpt>
      <trkpt lat="42.968752384185791" lon="-1.66942834854126">
        <ele>545.65234375</ele>
      </trkpt>
      <trkpt lat="42.969739437103271" lon="-1.670908927917481">
        <ele>545.49609375</ele>
      </trkpt>
      <trkpt lat="42.970190048217773" lon="-1.671488285064697">
        <ele>544.5625</ele>
      </trkpt>
      <trkpt lat="42.971413135528564" lon="-1.673119068145752">
        <ele>547.75</ele>
      </trkpt>
      <trkpt lat="42.971477508544922" lon="-1.673011779785156">
        <ele>548.57421875</ele>
      </trkpt>
      <trkpt lat="42.97203540802002" lon="-1.672132015228272">
        <ele>554.93359375</ele>
      </trkpt>
      <trkpt lat="42.972121238708496" lon="-1.672003269195557">
        <ele>555.81640625</ele>
      </trkpt>
      <trkpt lat="42.972421646118164" lon="-1.67168140411377">
        <ele>559.10546875</ele>
      </trkpt>
      <trkpt lat="42.972636222839355" lon="-1.671509742736816">
        <ele>561.3203125</ele>
      </trkpt>
      <trkpt lat="42.972936630249023" lon="-1.671359539031982">
        <ele>564</ele>
      </trkpt>
      <trkpt lat="42.9730224609375" lon="-1.671295166015625">
        <ele>564.6875</ele>
      </trkpt>
      <trkpt lat="42.973194122314453" lon="-1.670994758605957">
        <ele>567.328125</ele>
      </trkpt>
      <trkpt lat="42.973301410675049" lon="-1.670758724212647">
        <ele>569.91015625</ele>
      </trkpt>
      <trkpt lat="42.973322868347168" lon="-1.670651435852051">
        <ele>571.1875</ele>
      </trkpt>
      <trkpt lat="42.974631786346436" lon="-1.673440933227539">
        <ele>557.56640625</ele>
      </trkpt>
      <trkpt lat="42.97478199005127" lon="-1.673719882965088">
        <ele>557.3515625</ele>
      </trkpt>
      <trkpt lat="42.975983619689941" lon="-1.675243377685547">
        <ele>558.09375</ele>
      </trkpt>
      <trkpt lat="42.976348400115967" lon="-1.675565242767334">
        <ele>556.703125</ele>
      </trkpt>
      <trkpt lat="42.976434230804443" lon="-1.675693988800049">
        <ele>556.125</ele>
      </trkpt>
      <trkpt lat="42.976477146148682" lon="-1.67567253112793">
        <ele>556.26171875</ele>
      </trkpt>
      <trkpt lat="42.977056503295898" lon="-1.676380634307861">
        <ele>552.7421875</ele>
      </trkpt>
      <trkpt lat="42.97727108001709" lon="-1.676681041717529">
        <ele>550.48046875</ele>
      </trkpt>
      <trkpt lat="42.977485656738281" lon="-1.676681041717529">
        <ele>550.48046875</ele>
      </trkpt>
      <trkpt lat="42.977700233459473" lon="-1.676702499389648">
        <ele>550.38671875</ele>
      </trkpt>
      <trkpt lat="42.978000640869141" lon="-1.676831245422363">
        <ele>549.87109375</ele>
      </trkpt>
      <trkpt lat="42.979481220245361" lon="-1.67766809463501">
        <ele>551.40625</ele>
      </trkpt>
      <trkpt lat="42.979717254638672" lon="-1.677861213684082">
        <ele>551.72265625</ele>
      </trkpt>
      <trkpt lat="42.979931831359863" lon="-1.678097248077393">
        <ele>552.3515625</ele>
      </trkpt>
      <trkpt lat="42.979996204376221" lon="-1.67816162109375">
        <ele>552.87109375</ele>
      </trkpt>
      <trkpt lat="42.98025369644165" lon="-1.678397655487061">
        <ele>554.6796875</ele>
      </trkpt>
      <trkpt lat="42.980318069458008" lon="-1.678440570831299">
        <ele>554.9765625</ele>
      </trkpt>
      <trkpt lat="42.980489730834961" lon="-1.678526401519775">
        <ele>555.92578125</ele>
      </trkpt>
      <trkpt lat="42.980618476867676" lon="-1.678547859191895">
        <ele>556.0859375</ele>
      </trkpt>
      <trkpt lat="42.98076868057251" lon="-1.678526401519775">
        <ele>556.4140625</ele>
      </trkpt>
      <trkpt lat="42.981219291687012" lon="-1.678376197814941">
        <ele>554.97265625</ele>
      </trkpt>
      <trkpt lat="42.981412410736084" lon="-1.678333282470703">
        <ele>554.73046875</ele>
      </trkpt>
      <trkpt lat="42.981562614440918" lon="-1.678333282470703">
        <ele>554.5078125</ele>
      </trkpt>
      <trkpt lat="42.98175573348999" lon="-1.678354740142822">
        <ele>554.61328125</ele>
      </trkpt>
      <trkpt lat="42.981970310211182" lon="-1.678440570831299">
        <ele>553.90625</ele>
      </trkpt>
      <trkpt lat="42.982935905456543" lon="-1.678934097290039">
        <ele>552.140625</ele>
      </trkpt>
      <trkpt lat="42.983129024505615" lon="-1.679019927978516">
        <ele>551.7109375</ele>
      </trkpt>
      <trkpt lat="42.983300685882568" lon="-1.679041385650635">
        <ele>551.671875</ele>
      </trkpt>
      <trkpt lat="42.983472347259521" lon="-1.679019927978516">
        <ele>551.671875</ele>
      </trkpt>
      <trkpt lat="42.983558177947998" lon="-1.678977012634277">
        <ele>551.84375</ele>
      </trkpt>
      <trkpt lat="42.983644008636475" lon="-1.67891263961792">
        <ele>551.66796875</ele>
      </trkpt>
      <trkpt lat="42.983837127685547" lon="-1.678740978240967">
        <ele>551.04296875</ele>
      </trkpt>
      <trkpt lat="42.984116077423096" lon="-1.678483486175537">
        <ele>550.08984375</ele>
      </trkpt>
      <trkpt lat="42.984330654144287" lon="-1.678333282470703">
        <ele>550.7734375</ele>
      </trkpt>
      <trkpt lat="42.98450231552124" lon="-1.678268909454346">
        <ele>550.85546875</ele>
      </trkpt>
      <trkpt lat="42.985360622406006" lon="-1.678075790405273">
        <ele>546.6953125</ele>
      </trkpt>
      <trkpt lat="42.98551082611084" lon="-1.678075790405273">
        <ele>546.16015625</ele>
      </trkpt>
      <trkpt lat="42.985639572143555" lon="-1.678118705749512">
        <ele>545.36328125</ele>
      </trkpt>
      <trkpt lat="42.98574686050415" lon="-1.678183078765869">
        <ele>544.71484375</ele>
      </trkpt>
      <trkpt lat="42.986047267913818" lon="-1.678440570831299">
        <ele>545.20703125</ele>
      </trkpt>
      <trkpt lat="42.986197471618652" lon="-1.678504943847656">
        <ele>545.1328125</ele>
      </trkpt>
      <trkpt lat="42.986347675323486" lon="-1.678526401519775">
        <ele>545.00390625</ele>
      </trkpt>
      <trkpt lat="42.986476421356201" lon="-1.678504943847656">
        <ele>544.56640625</ele>
      </trkpt>
      <trkpt lat="42.986690998077393" lon="-1.678462028503418">
        <ele>544.0546875</ele>
      </trkpt>
      <trkpt lat="42.986948490142822" lon="-1.678376197814941">
        <ele>543.640625</ele>
      </trkpt>
      <trkpt lat="42.987163066864014" lon="-1.678225994110107">
        <ele>543.48828125</ele>
      </trkpt>
      <trkpt lat="42.987527847290039" lon="-1.677968502044678">
        <ele>542.43359375</ele>
      </trkpt>
      <trkpt lat="42.987720966339111" lon="-1.677839756011963">
        <ele>541.7421875</ele>
      </trkpt>
      <trkpt lat="42.991862297058105" lon="-1.675543785095215">
        <ele>538.07421875</ele>
      </trkpt>
      <trkpt lat="42.9939866065979" lon="-1.674363613128662">
        <ele>543.51171875</ele>
      </trkpt>
      <trkpt lat="42.994050979614258" lon="-1.674814224243164">
        <ele>541.71875</ele>
      </trkpt>
      <trkpt lat="42.994136810302734" lon="-1.67517900466919">
        <ele>540.29296875</ele>
      </trkpt>
      <trkpt lat="42.994222640991211" lon="-1.675436496734619">
        <ele>539.29296875</ele>
      </trkpt>
      <trkpt lat="42.994308471679688" lon="-1.675758361816406">
        <ele>538.50390625</ele>
      </trkpt>
      <trkpt lat="42.994394302368164" lon="-1.676123142242432">
        <ele>537.7890625</ele>
      </trkpt>
      <trkpt lat="42.994458675384521" lon="-1.676380634307861">
        <ele>537.22265625</ele>
      </trkpt>
      <trkpt lat="42.994544506072998" lon="-1.676616668701172">
        <ele>537.046875</ele>
      </trkpt>
      <trkpt lat="42.994716167449951" lon="-1.676938533782959">
        <ele>536.35546875</ele>
      </trkpt>
      <trkpt lat="42.994887828826904" lon="-1.677324771881104">
        <ele>535.796875</ele>
      </trkpt>
      <trkpt lat="42.995209693908691" lon="-1.678268909454346">
        <ele>536.08984375</ele>
      </trkpt>
      <trkpt lat="42.995295524597168" lon="-1.678547859191895">
        <ele>538.37890625</ele>
      </trkpt>
      <trkpt lat="42.995188236236572" lon="-1.67865514755249">
        <ele>539.08984375</ele>
      </trkpt>
      <trkpt lat="42.994866371154785" lon="-1.67917013168335">
        <ele>541.328125</ele>
      </trkpt>
      <trkpt lat="42.995080947875977" lon="-1.68015718460083">
        <ele>543.23828125</ele>
      </trkpt>
      <trkpt lat="42.995080947875977" lon="-1.68067216873169">
        <ele>545.15625</ele>
      </trkpt>
      <trkpt lat="42.995080947875977" lon="-1.680822372436523">
        <ele>545.48828125</ele>
      </trkpt>
      <trkpt lat="42.995123863220215" lon="-1.681079864501953">
        <ele>546.50390625</ele>
      </trkpt>
      <trkpt lat="42.995274066925049" lon="-1.681680679321289">
        <ele>551.34375</ele>
      </trkpt>
      <trkpt lat="42.995295524597168" lon="-1.682002544403076">
        <ele>548.84765625</ele>
      </trkpt>
      <trkpt lat="42.995316982269287" lon="-1.682088375091553">
        <ele>547.78515625</ele>
      </trkpt>
      <trkpt lat="42.995681762695313" lon="-1.682775020599365">
        <ele>539.9140625</ele>
      </trkpt>
      <trkpt lat="42.995831966400146" lon="-1.683096885681152">
        <ele>538.23046875</ele>
      </trkpt>
      <trkpt lat="42.995896339416504" lon="-1.683247089385986">
        <ele>537.8515625</ele>
      </trkpt>
      <trkpt lat="42.995939254760742" lon="-1.683461666107178">
        <ele>537.14453125</ele>
      </trkpt>
      <trkpt lat="42.99598217010498" lon="-1.683633327484131">
        <ele>537.09375</ele>
      </trkpt>
      <trkpt lat="42.99598217010498" lon="-1.683804988861084">
        <ele>537.046875</ele>
      </trkpt>
      <trkpt lat="42.995896339416504" lon="-1.684191226959229">
        <ele>537.26953125</ele>
      </trkpt>
      <trkpt lat="42.995896339416504" lon="-1.684491634368897">
        <ele>537.98046875</ele>
      </trkpt>
      <trkpt lat="42.995960712432861" lon="-1.685006618499756">
        <ele>539.3046875</ele>
      </trkpt>
      <trkpt lat="42.996068000793457" lon="-1.685435771942139">
        <ele>540.3125</ele>
      </trkpt>
      <trkpt lat="42.996068000793457" lon="-1.685543060302734">
        <ele>540.62890625</ele>
      </trkpt>
      <trkpt lat="42.99598217010498" lon="-1.685929298400879">
        <ele>542.07421875</ele>
      </trkpt>
      <trkpt lat="42.995681762695313" lon="-1.686916351318359">
        <ele>548.85546875</ele>
      </trkpt>
      <trkpt lat="42.99548864364624" lon="-1.687667369842529">
        <ele>555.125</ele>
      </trkpt>
      <trkpt lat="42.9949951171875" lon="-1.687302589416504">
        <ele>553.70703125</ele>
      </trkpt>
      <trkpt lat="42.992377281188965" lon="-1.686058044433594">
        <ele>540.47265625</ele>
      </trkpt>
      <trkpt lat="42.992055416107178" lon="-1.685929298400879">
        <ele>540.625</ele>
      </trkpt>
      <trkpt lat="42.991819381713867" lon="-1.685886383056641">
        <ele>540.19921875</ele>
      </trkpt>
      <trkpt lat="42.991626262664795" lon="-1.685822010040283">
        <ele>539.48046875</ele>
      </trkpt>
      <trkpt lat="42.991540431976318" lon="-1.685779094696045">
        <ele>539.13671875</ele>
      </trkpt>
      <trkpt lat="42.99126148223877" lon="-1.685543060302734">
        <ele>537.51953125</ele>
      </trkpt>
      <trkpt lat="42.991175651550293" lon="-1.685478687286377">
        <ele>536.94140625</ele>
      </trkpt>
      <trkpt lat="42.991025447845459" lon="-1.685264110565186">
        <ele>535.69921875</ele>
      </trkpt>
      <trkpt lat="42.990338802337646" lon="-1.683676242828369">
        <ele>535.1015625</ele>
      </trkpt>
      <trkpt lat="42.989909648895264" lon="-1.682796478271484">
        <ele>536.953125</ele>
      </trkpt>
      <trkpt lat="42.989802360534668" lon="-1.682624816894531">
        <ele>536.3125</ele>
      </trkpt>
      <trkpt lat="42.989673614501953" lon="-1.682388782501221">
        <ele>535.1875</ele>
      </trkpt>
      <trkpt lat="42.989673614501953" lon="-1.682281494140625">
        <ele>534.953125</ele>
      </trkpt>
      <trkpt lat="42.989587783813477" lon="-1.682431697845459">
        <ele>535.01953125</ele>
      </trkpt>
      <trkpt lat="42.989501953125" lon="-1.682560443878174">
        <ele>534.890625</ele>
      </trkpt>
      <trkpt lat="42.989137172698975" lon="-1.682968139648438">
        <ele>534.87890625</ele>
      </trkpt>
      <trkpt lat="42.98774242401123" lon="-1.684513092041016">
        <ele>533.90625</ele>
      </trkpt>
      <trkpt lat="42.98750638961792" lon="-1.684727668762207">
        <ele>533.28515625</ele>
      </trkpt>
      <trkpt lat="42.985703945159912" lon="-1.68616533279419">
        <ele>530.0390625</ele>
      </trkpt>
      <trkpt lat="42.985446453094482" lon="-1.686379909515381">
        <ele>530.94921875</ele>
      </trkpt>
      <trkpt lat="42.984867095947266" lon="-1.686916351318359">
        <ele>536.81640625</ele>
      </trkpt>
      <trkpt lat="42.984201908111572" lon="-1.68764591217041">
        <ele>542.109375</ele>
      </trkpt>
      <trkpt lat="42.983880043029785" lon="-1.688096523284912">
        <ele>543.765625</ele>
      </trkpt>
      <trkpt lat="42.983729839324951" lon="-1.68839693069458">
        <ele>543.72265625</ele>
      </trkpt>
      <trkpt lat="42.983665466308594" lon="-1.688847541809082">
        <ele>543.265625</ele>
      </trkpt>
      <trkpt lat="42.983622550964355" lon="-1.688933372497559">
        <ele>542.58203125</ele>
      </trkpt>
      <trkpt lat="42.983579635620117" lon="-1.688997745513916">
        <ele>542.15625</ele>
      </trkpt>
      <trkpt lat="42.983493804931641" lon="-1.689083576202393">
        <ele>541.92578125</ele>
      </trkpt>
      <trkpt lat="42.983365058898926" lon="-1.689169406890869">
        <ele>542.02734375</ele>
      </trkpt>
      <trkpt lat="42.9830002784729" lon="-1.689319610595703">
        <ele>542.5859375</ele>
      </trkpt>
      <trkpt lat="42.982549667358398" lon="-1.689448356628418">
        <ele>544</ele>
      </trkpt>
      <trkpt lat="42.981691360473633" lon="-1.689577102661133">
        <ele>543.60546875</ele>
      </trkpt>
      <trkpt lat="42.980940341949463" lon="-1.68964147567749">
        <ele>540.0390625</ele>
      </trkpt>
      <trkpt lat="42.980704307556152" lon="-1.68964147567749">
        <ele>540.04296875</ele>
      </trkpt>
      <trkpt lat="42.980318069458008" lon="-1.689555644989014">
        <ele>540.33203125</ele>
      </trkpt>
      <trkpt lat="42.980103492736816" lon="-1.689577102661133">
        <ele>540.50390625</ele>
      </trkpt>
      <trkpt lat="42.979674339294434" lon="-1.689298152923584">
        <ele>539.6484375</ele>
      </trkpt>
      <trkpt lat="42.979567050933838" lon="-1.689276695251465">
        <ele>539.76953125</ele>
      </trkpt>
      <trkpt lat="42.97926664352417" lon="-1.689276695251465">
        <ele>540.2734375</ele>
      </trkpt>
      <trkpt lat="42.978923320770264" lon="-1.689105033874512">
        <ele>540.10546875</ele>
      </trkpt>
      <trkpt lat="42.978579998016357" lon="-1.688976287841797">
        <ele>540.34765625</ele>
      </trkpt>
      <trkpt lat="42.977786064147949" lon="-1.688976287841797">
        <ele>538.65625</ele>
      </trkpt>
      <trkpt lat="42.9775071144104" lon="-1.68889045715332">
        <ele>537.82421875</ele>
      </trkpt>
      <trkpt lat="42.976734638214111" lon="-1.688783168792725">
        <ele>537.3203125</ele>
      </trkpt>
      <trkpt lat="42.976069450378418" lon="-1.688697338104248">
        <ele>537.9921875</ele>
      </trkpt>
      <trkpt lat="42.975533008575439" lon="-1.688568592071533">
        <ele>538.59375</ele>
      </trkpt>
      <trkpt lat="42.97527551651001" lon="-1.688439846038818">
        <ele>539.28125</ele>
      </trkpt>
      <trkpt lat="42.974953651428223" lon="-1.688225269317627">
        <ele>539.5234375</ele>
      </trkpt>
      <trkpt lat="42.974674701690674" lon="-1.688117980957031">
        <ele>538.3046875</ele>
      </trkpt>
      <trkpt lat="42.974395751953125" lon="-1.688075065612793">
        <ele>537.61328125</ele>
      </trkpt>
      <trkpt lat="42.974116802215576" lon="-1.688096523284912">
        <ele>537.609375</ele>
      </trkpt>
      <trkpt lat="42.973859310150146" lon="-1.687946319580078">
        <ele>534.8515625</ele>
      </trkpt>
      <trkpt lat="42.973730564117432" lon="-1.687839031219482">
        <ele>533.08203125</ele>
      </trkpt>
      <trkpt lat="42.973344326019287" lon="-1.687302589416504">
        <ele>527.73046875</ele>
      </trkpt>
      <trkpt lat="42.972636222839355" lon="-1.686465740203857">
        <ele>526.046875</ele>
      </trkpt>
      <trkpt lat="42.97252893447876" lon="-1.686358451843262">
        <ele>526.046875</ele>
      </trkpt>
      <trkpt lat="42.971949577331543" lon="-1.685886383056641">
        <ele>526.09765625</ele>
      </trkpt>
      <trkpt lat="42.97102689743042" lon="-1.685242652893066">
        <ele>525.92578125</ele>
      </trkpt>
      <trkpt lat="42.970898151397705" lon="-1.685135364532471">
        <ele>525.44140625</ele>
      </trkpt>
      <trkpt lat="42.970855236053467" lon="-1.685028076171875">
        <ele>525.1796875</ele>
      </trkpt>
      <trkpt lat="42.97076940536499" lon="-1.684813499450684">
        <ele>525.16015625</ele>
      </trkpt>
      <trkpt lat="42.970683574676514" lon="-1.684470176696777">
        <ele>523.72265625</ele>
      </trkpt>
      <trkpt lat="42.970619201660156" lon="-1.684362888336182">
        <ele>523.65625</ele>
      </trkpt>
      <trkpt lat="42.970383167266846" lon="-1.684234142303467">
        <ele>524.1875</ele>
      </trkpt>
      <trkpt lat="42.96926736831665" lon="-1.683762073516846">
        <ele>524.140625</ele>
      </trkpt>
      <trkpt lat="42.969138622283936" lon="-1.683762073516846">
        <ele>524.20703125</ele>
      </trkpt>
      <trkpt lat="42.968881130218506" lon="-1.683826446533203">
        <ele>524.84375</ele>
      </trkpt>
      <trkpt lat="42.96877384185791" lon="-1.683847904205322">
        <ele>525.41796875</ele>
      </trkpt>
      <trkpt lat="42.9685378074646" lon="-1.683762073516846">
        <ele>525.80859375</ele>
      </trkpt>
      <trkpt lat="42.968409061431885" lon="-1.683762073516846">
        <ele>526.328125</ele>
      </trkpt>
      <trkpt lat="42.968323230743408" lon="-1.683783531188965">
        <ele>527.10546875</ele>
      </trkpt>
      <trkpt lat="42.968194484710693" lon="-1.683826446533203">
        <ele>528.37109375</ele>
      </trkpt>
      <trkpt lat="42.968065738677979" lon="-1.683933734893799">
        <ele>530.40234375</ele>
      </trkpt>
      <trkpt lat="42.967979907989502" lon="-1.683998107910156">
        <ele>531.35546875</ele>
      </trkpt>
      <trkpt lat="42.967936992645264" lon="-1.684083938598633">
        <ele>532.52734375</ele>
      </trkpt>
      <trkpt lat="42.967936992645264" lon="-1.684126853942871">
        <ele>533.26953125</ele>
      </trkpt>
      <trkpt lat="42.967936992645264" lon="-1.684169769287109">
        <ele>534.01171875</ele>
      </trkpt>
      <trkpt lat="42.967872619628906" lon="-1.684255599975586">
        <ele>534.57421875</ele>
      </trkpt>
      <trkpt lat="42.967851161956787" lon="-1.684298515319824">
        <ele>534.94921875</ele>
      </trkpt>
      <trkpt lat="42.967743873596191" lon="-1.68440580368042">
        <ele>534.80859375</ele>
      </trkpt>
      <trkpt lat="42.967658042907715" lon="-1.684298515319824">
        <ele>532.62109375</ele>
      </trkpt>
      <trkpt lat="42.967550754547119" lon="-1.684062480926514">
        <ele>530.33984375</ele>
      </trkpt>
      <trkpt lat="42.967400550842285" lon="-1.68365478515625">
        <ele>527.68359375</ele>
      </trkpt>
      <trkpt lat="42.967379093170166" lon="-1.683611869812012">
        <ele>527.42578125</ele>
      </trkpt>
      <trkpt lat="42.967057228088379" lon="-1.68266773223877">
        <ele>523.6953125</ele>
      </trkpt>
      <trkpt lat="42.966928482055664" lon="-1.682388782501221">
        <ele>523.39453125</ele>
      </trkpt>
      <trkpt lat="42.966821193695068" lon="-1.682217121124268">
        <ele>523.29296875</ele>
      </trkpt>
      <trkpt lat="42.965018749237061" lon="-1.679813861846924">
        <ele>522.5390625</ele>
      </trkpt>
      <trkpt lat="42.963688373565674" lon="-1.681530475616455">
        <ele>528.00390625</ele>
      </trkpt>
      <trkpt lat="42.963516712188721" lon="-1.681680679321289">
        <ele>529.59765625</ele>
      </trkpt>
      <trkpt lat="42.963452339172363" lon="-1.681809425354004">
        <ele>531.65625</ele>
      </trkpt>
      <trkpt lat="42.963645458221436" lon="-1.682002544403076">
        <ele>531.8828125</ele>
      </trkpt>
      <trkpt lat="42.964181900024414" lon="-1.682560443878174">
        <ele>531.49609375</ele>
      </trkpt>
      <trkpt lat="42.966628074645996" lon="-1.685135364532471">
        <ele>534.92578125</ele>
      </trkpt>
      <trkpt lat="42.966885566711426" lon="-1.68541431427002">
        <ele>535.6015625</ele>
      </trkpt>
      <trkpt lat="42.966885566711426" lon="-1.68541431427002">
        <ele>535.6015625</ele>
      </trkpt>
      <trkpt lat="42.966735363006592" lon="-1.685585975646973">
        <ele>535.2109375</ele>
      </trkpt>
      <trkpt lat="42.966628074645996" lon="-1.685628890991211">
        <ele>534.75</ele>
      </trkpt>
      <trkpt lat="42.966456413269043" lon="-1.685693264007568">
        <ele>533.75</ele>
      </trkpt>
      <trkpt lat="42.966070175170898" lon="-1.685736179351807">
        <ele>532.140625</ele>
      </trkpt>
      <trkpt lat="42.965490818023682" lon="-1.685843467712402">
        <ele>531.1171875</ele>
      </trkpt>
      <trkpt lat="42.965126037597656" lon="-1.685929298400879">
        <ele>530.203125</ele>
      </trkpt>
      <trkpt lat="42.964975833892822" lon="-1.685972213745117">
        <ele>529.89453125</ele>
      </trkpt>
      <trkpt lat="42.964632511138916" lon="-1.686100959777832">
        <ele>529.4296875</ele>
      </trkpt>
      <trkpt lat="42.963988780975342" lon="-1.686444282531738">
        <ele>528.94140625</ele>
      </trkpt>
      <trkpt lat="42.963838577270508" lon="-1.686508655548096">
        <ele>528.73046875</ele>
      </trkpt>
      <trkpt lat="42.963752746582031" lon="-1.686573028564453">
        <ele>528.72265625</ele>
      </trkpt>
      <trkpt lat="42.963688373565674" lon="-1.68665885925293">
        <ele>528.6015625</ele>
      </trkpt>
      <trkpt lat="42.963624000549316" lon="-1.686744689941406">
        <ele>528.44140625</ele>
      </trkpt>
      <trkpt lat="42.963602542877197" lon="-1.686851978302002">
        <ele>528.0703125</ele>
      </trkpt>
      <trkpt lat="42.963581085205078" lon="-1.686980724334717">
        <ele>527.55859375</ele>
      </trkpt>
      <trkpt lat="42.963559627532959" lon="-1.68790340423584">
        <ele>524.7890625</ele>
      </trkpt>
      <trkpt lat="42.963559627532959" lon="-1.688804626464844">
        <ele>523.56640625</ele>
      </trkpt>
      <trkpt lat="42.963516712188721" lon="-1.688933372497559">
        <ele>523.859375</ele>
      </trkpt>
      <trkpt lat="42.963988780975342" lon="-1.689512729644775">
        <ele>523.94140625</ele>
      </trkpt>
      <trkpt lat="42.964053153991699" lon="-1.689620018005371">
        <ele>523.94140625</ele>
      </trkpt>
      <trkpt lat="42.964053153991699" lon="-1.690113544464111">
        <ele>523.94140625</ele>
      </trkpt>
      <trkpt lat="42.964053153991699" lon="-1.691486835479736">
        <ele>524.859375</ele>
      </trkpt>
      <trkpt lat="42.964010238647461" lon="-1.69215202331543">
        <ele>525.46875</ele>
      </trkpt>
      <trkpt lat="42.96403169631958" lon="-1.692302227020264">
        <ele>526.07421875</ele>
      </trkpt>
      <trkpt lat="42.96403169631958" lon="-1.692302227020264">
        <ele>526.07421875</ele>
      </trkpt>
      <trkpt lat="42.96403169631958" lon="-1.692302227020264">
        <ele>526.07421875</ele>
      </trkpt>
      <trkpt lat="42.963924407958984" lon="-1.692323684692383">
        <ele>526.08984375</ele>
      </trkpt>
      <trkpt lat="42.963860034942627" lon="-1.69238805770874">
        <ele>526.15625</ele>
      </trkpt>
      <trkpt lat="42.962830066680908" lon="-1.693568229675293">
        <ele>528.93359375</ele>
      </trkpt>
      <trkpt lat="42.962701320648193" lon="-1.69365406036377">
        <ele>528.984375</ele>
      </trkpt>
      <trkpt lat="42.962572574615479" lon="-1.693718433380127">
        <ele>529.61328125</ele>
      </trkpt>
      <trkpt lat="42.962315082550049" lon="-1.693761348724365">
        <ele>530.57421875</ele>
      </trkpt>
      <trkpt lat="42.961671352386475" lon="-1.693718433380127">
        <ele>531.18359375</ele>
      </trkpt>
      <trkpt lat="42.961413860321045" lon="-1.69363260269165">
        <ele>532.65234375</ele>
      </trkpt>
      <trkpt lat="42.961177825927734" lon="-1.693611145019531">
        <ele>534.74609375</ele>
      </trkpt>
      <trkpt lat="42.960813045501709" lon="-1.69365406036377">
        <ele>538.3203125</ele>
      </trkpt>
      <trkpt lat="42.96029806137085" lon="-1.693954467773438">
        <ele>541.0234375</ele>
      </trkpt>
      <trkpt lat="42.960233688354492" lon="-1.694061756134033">
        <ele>541.55078125</ele>
      </trkpt>
      <trkpt lat="42.960169315338135" lon="-1.694233417510986">
        <ele>542.26953125</ele>
      </trkpt>
      <trkpt lat="42.960147857666016" lon="-1.694276332855225">
        <ele>542.484375</ele>
      </trkpt>
      <trkpt lat="42.959804534912109" lon="-1.69464111328125">
        <ele>543.875</ele>
      </trkpt>
      <trkpt lat="42.959525585174561" lon="-1.694769859313965">
        <ele>544.55078125</ele>
      </trkpt>
      <trkpt lat="42.959225177764893" lon="-1.694920063018799">
        <ele>547.390625</ele>
      </trkpt>
      <trkpt lat="42.95879602432251" lon="-1.695070266723633">
        <ele>552.25390625</ele>
      </trkpt>
      <trkpt lat="42.958624362945557" lon="-1.69513463973999">
        <ele>554.3515625</ele>
      </trkpt>
      <trkpt lat="42.958259582519531" lon="-1.695091724395752">
        <ele>556.765625</ele>
      </trkpt>
      <trkpt lat="42.958087921142578" lon="-1.695091724395752">
        <ele>558.25390625</ele>
      </trkpt>
      <trkpt lat="42.958023548126221" lon="-1.69513463973999">
        <ele>559.10546875</ele>
      </trkpt>
      <trkpt lat="42.957830429077148" lon="-1.695306301116943">
        <ele>562.06640625</ele>
      </trkpt>
      <trkpt lat="42.95778751373291" lon="-1.695327758789063">
        <ele>562.640625</ele>
      </trkpt>
      <trkpt lat="42.957508563995361" lon="-1.695284843444824">
        <ele>565.05859375</ele>
      </trkpt>
      <trkpt lat="42.95729398727417" lon="-1.695284843444824">
        <ele>567.92578125</ele>
      </trkpt>
      <trkpt lat="42.957251071929932" lon="-1.695327758789063">
        <ele>568.9375</ele>
      </trkpt>
      <trkpt lat="42.957186698913574" lon="-1.695327758789063">
        <ele>569.91796875</ele>
      </trkpt>
      <trkpt lat="42.957100868225098" lon="-1.695241928100586">
        <ele>570.46484375</ele>
      </trkpt>
      <trkpt lat="42.957015037536621" lon="-1.695070266723633">
        <ele>569.9765625</ele>
      </trkpt>
      <trkpt lat="42.956972122192383" lon="-1.694962978363037">
        <ele>569.63671875</ele>
      </trkpt>
      <trkpt lat="42.956907749176025" lon="-1.694769859313965">
        <ele>568.81640625</ele>
      </trkpt>
      <trkpt lat="42.956736087799072" lon="-1.694447994232178">
        <ele>569.48828125</ele>
      </trkpt>
      <trkpt lat="42.956585884094238" lon="-1.69389009475708">
        <ele>567.71875</ele>
      </trkpt>
      <trkpt lat="42.956435680389404" lon="-1.693418025970459">
        <ele>567.41796875</ele>
      </trkpt>
      <trkpt lat="42.956328392028809" lon="-1.693203449249268">
        <ele>567.8828125</ele>
      </trkpt>
      <trkpt lat="42.956156730651855" lon="-1.692967414855957">
        <ele>568.56640625</ele>
      </trkpt>
      <trkpt lat="42.956006526947021" lon="-1.692581176757813">
        <ele>567.51953125</ele>
      </trkpt>
      <trkpt lat="42.955834865570068" lon="-1.692044734954834">
        <ele>567.4609375</ele>
      </trkpt>
      <trkpt lat="42.955620288848877" lon="-1.691443920135498">
        <ele>567.33203125</ele>
      </trkpt>
      <trkpt lat="42.955319881439209" lon="-1.690456867218018">
        <ele>563.24609375</ele>
      </trkpt>
      <trkpt lat="42.95529842376709" lon="-1.690263748168945">
        <ele>562.578125</ele>
      </trkpt>
      <trkpt lat="42.955319881439209" lon="-1.689920425415039">
        <ele>562.10546875</ele>
      </trkpt>
      <trkpt lat="42.955319881439209" lon="-1.689727306365967">
        <ele>562.4453125</ele>
      </trkpt>
      <trkpt lat="42.95529842376709" lon="-1.689276695251465">
        <ele>563.12109375</ele>
      </trkpt>
      <trkpt lat="42.955276966094971" lon="-1.689105033874512">
        <ele>563.06640625</ele>
      </trkpt>
      <trkpt lat="42.955362796783447" lon="-1.688997745513916">
        <ele>561.69921875</ele>
      </trkpt>
      <trkpt lat="42.955362796783447" lon="-1.68891191482544">
        <ele>561.41015625</ele>
      </trkpt>
      <trkpt lat="42.955362796783447" lon="-1.688826084136963">
        <ele>561.078125</ele>
      </trkpt>
      <trkpt lat="42.955169677734375" lon="-1.688203811645508">
        <ele>558.625</ele>
      </trkpt>
      <trkpt lat="42.955126762390137" lon="-1.68790340423584">
        <ele>554.65625</ele>
      </trkpt>
      <trkpt lat="42.954890727996826" lon="-1.687581539154053">
        <ele>552.1484375</ele>
      </trkpt>
      <trkpt lat="42.954847812652588" lon="-1.687495708465576">
        <ele>551.8515625</ele>
      </trkpt>
      <trkpt lat="42.95480489730835" lon="-1.687366962432861">
        <ele>551.1953125</ele>
      </trkpt>
      <trkpt lat="42.95478343963623" lon="-1.687023639678955">
        <ele>549.19140625</ele>
      </trkpt>
      <trkpt lat="42.954761981964111" lon="-1.686701774597168">
        <ele>548.57421875</ele>
      </trkpt>
      <trkpt lat="42.954761981964111" lon="-1.6864013671875">
        <ele>546.87890625</ele>
      </trkpt>
      <trkpt lat="42.954740524291992" lon="-1.686229705810547">
        <ele>546.0546875</ele>
      </trkpt>
      <trkpt lat="42.954697608947754" lon="-1.685993671417236">
        <ele>545.140625</ele>
      </trkpt>
      <trkpt lat="42.954697608947754" lon="-1.685607433319092">
        <ele>542.4140625</ele>
      </trkpt>
      <trkpt lat="42.954676151275635" lon="-1.685435771942139">
        <ele>541.7109375</ele>
      </trkpt>
      <trkpt lat="42.954654693603516" lon="-1.68515682220459">
        <ele>540.2421875</ele>
      </trkpt>
      <trkpt lat="42.954633235931396" lon="-1.685006618499756">
        <ele>539.58203125</ele>
      </trkpt>
      <trkpt lat="42.95454740524292" lon="-1.684706211090088">
        <ele>539.51171875</ele>
      </trkpt>
      <trkpt lat="42.954525947570801" lon="-1.684577465057373">
        <ele>539.15625</ele>
      </trkpt>
      <trkpt lat="42.954461574554443" lon="-1.68440580368042">
        <ele>540.59765625</ele>
      </trkpt>
      <trkpt lat="42.954461574554443" lon="-1.684234142303467">
        <ele>540.76171875</ele>
      </trkpt>
      <trkpt lat="42.954418659210205" lon="-1.683998107910156">
        <ele>541.87109375</ele>
      </trkpt>
      <trkpt lat="42.954354286193848" lon="-1.683847904205322">
        <ele>542.22265625</ele>
      </trkpt>
      <trkpt lat="42.954304162412882" lon="-1.683797864243388">
        <ele>543.0078125</ele>
      </trkpt>
      <trkpt lat="42.954354286193848" lon="-1.683847904205322">
        <ele>542.22265625</ele>
      </trkpt>
      <trkpt lat="42.954246997833252" lon="-1.683740615844727">
        <ele>543.97265625</ele>
      </trkpt>
      <trkpt lat="42.954225540161133" lon="-1.683676242828369">
        <ele>544.140625</ele>
      </trkpt>
      <trkpt lat="42.954118251800537" lon="-1.682882308959961">
        <ele>540.6015625</ele>
      </trkpt>
      <trkpt lat="42.953882217407227" lon="-1.682345867156982">
        <ele>539.984375</ele>
      </trkpt>
      <trkpt lat="42.95384575612843" lon="-1.682218126952648">
        <ele>540.12890625</ele>
      </trkpt>
      <trkpt lat="42.953882217407227" lon="-1.682345867156982">
        <ele>539.984375</ele>
      </trkpt>
      <trkpt lat="42.953624725341797" lon="-1.681444644927979">
        <ele>540.94921875</ele>
      </trkpt>
      <trkpt lat="42.953603267669678" lon="-1.681358814239502">
        <ele>541.06640625</ele>
      </trkpt>
      <trkpt lat="42.953624725341797" lon="-1.680779457092285">
        <ele>536.55078125</ele>
      </trkpt>
      <trkpt lat="42.953624725341797" lon="-1.680371761322022">
        <ele>533.6484375</ele>
      </trkpt>
      <trkpt lat="42.953613493591547" lon="-1.680304370820522">
        <ele>533.37890625</ele>
      </trkpt>
      <trkpt lat="42.953624725341797" lon="-1.680371761322022">
        <ele>533.6484375</ele>
      </trkpt>
      <trkpt lat="42.953581809997559" lon="-1.680114269256592">
        <ele>532.61328125</ele>
      </trkpt>
      <trkpt lat="42.953495979309082" lon="-1.679835319519043">
        <ele>532.7578125</ele>
      </trkpt>
      <trkpt lat="42.953410148620605" lon="-1.679277420043945">
        <ele>531.70703125</ele>
      </trkpt>
      <trkpt lat="42.953410148620605" lon="-1.679084300994873">
        <ele>530.85546875</ele>
      </trkpt>
      <trkpt lat="42.953324317932129" lon="-1.67865514755249">
        <ele>531.5703125</ele>
      </trkpt>
      <trkpt lat="42.953367233276367" lon="-1.67841911315918">
        <ele>530.72265625</ele>
      </trkpt>
      <trkpt lat="42.95353889465332" lon="-1.677989959716797">
        <ele>527.64453125</ele>
      </trkpt>
      <trkpt lat="42.953593796119094" lon="-1.67775652371347">
        <ele>527.03515625</ele>
      </trkpt>
      <trkpt lat="42.953624725341797" lon="-1.677625179290772">
        <ele>526.625</ele>
      </trkpt>
      <trkpt lat="42.953667640686035" lon="-1.677024364471436">
        <ele>526.09375</ele>
      </trkpt>
      <trkpt lat="42.953689098358154" lon="-1.676852703094482">
        <ele>526.375</ele>
      </trkpt>
      <trkpt lat="42.953732013702393" lon="-1.676745414733887">
        <ele>526.171875</ele>
      </trkpt>
      <trkpt lat="42.953882217407227" lon="-1.676466464996338">
        <ele>524.90625</ele>
      </trkpt>
      <trkpt lat="42.954032421112061" lon="-1.676123142242432">
        <ele>522.3984375</ele>
      </trkpt>
      <trkpt lat="42.954075336456299" lon="-1.676208972930908">
        <ele>521.7734375</ele>
      </trkpt>
      <trkpt lat="42.954246997833252" lon="-1.676359176635742">
        <ele>519.65234375</ele>
      </trkpt>
      <trkpt lat="42.954397201538086" lon="-1.676445007324219">
        <ele>518.08984375</ele>
      </trkpt>
      <trkpt lat="42.954611778259277" lon="-1.676552295684815">
        <ele>517.1484375</ele>
      </trkpt>
      <trkpt lat="42.954697608947754" lon="-1.676187515258789">
        <ele>516.8125</ele>
      </trkpt>
      <trkpt lat="42.95478343963623" lon="-1.675844192504883">
        <ele>516.94140625</ele>
      </trkpt>
      <trkpt lat="42.954890727996826" lon="-1.675543785095215">
        <ele>516.8359375</ele>
      </trkpt>
      <trkpt lat="42.955191135406494" lon="-1.674942970275879">
        <ele>515.80859375</ele>
      </trkpt>
      <trkpt lat="42.955234050750732" lon="-1.674814224243164">
        <ele>515.671875</ele>
      </trkpt>
      <trkpt lat="42.955247797071934" lon="-1.674704253673554">
        <ele>515.53515625</ele>
      </trkpt>
      <trkpt lat="42.955255508422852" lon="-1.674642562866211">
        <ele>515.46484375</ele>
      </trkpt>
      <trkpt lat="42.955255508422852" lon="-1.674449443817139">
        <ele>515.36328125</ele>
      </trkpt>
      <trkpt lat="42.955234050750732" lon="-1.674299240112305">
        <ele>515.38671875</ele>
      </trkpt>
      <trkpt lat="42.954998016357422" lon="-1.673784255981445">
        <ele>515.671875</ele>
      </trkpt>
      <trkpt lat="42.954847812652588" lon="-1.673398017883301">
        <ele>515.390625</ele>
      </trkpt>
      <trkpt lat="42.954761981964111" lon="-1.673140525817871">
        <ele>515.4765625</ele>
      </trkpt>
      <trkpt lat="42.954719066619873" lon="-1.67292594909668">
        <ele>515.1484375</ele>
      </trkpt>
      <trkpt lat="42.954761981964111" lon="-1.672604084014893">
        <ele>514.9921875</ele>
      </trkpt>
      <trkpt lat="42.954826354980469" lon="-1.672368049621582">
        <ele>514.52734375</ele>
      </trkpt>
      <trkpt lat="42.955169677734375" lon="-1.671445369720459">
        <ele>514.01171875</ele>
      </trkpt>
      <trkpt lat="42.955191135406494" lon="-1.671316623687744">
        <ele>514.0859375</ele>
      </trkpt>
      <trkpt lat="42.955191135406494" lon="-1.671123504638672">
        <ele>514.09765625</ele>
      </trkpt>
      <trkpt lat="42.955148220062256" lon="-1.670951843261719">
        <ele>513.91015625</ele>
      </trkpt>
      <trkpt lat="42.955181999132037" lon="-1.671086959540844">
        <ele>514.05859375</ele>
      </trkpt>
      <trkpt lat="42.955148220062256" lon="-1.670951843261719">
        <ele>513.91015625</ele>
      </trkpt>
      <trkpt lat="42.95504093170166" lon="-1.670651435852051">
        <ele>513.359375</ele>
      </trkpt>
      <trkpt lat="42.954847812652588" lon="-1.670286655426025">
        <ele>513.109375</ele>
      </trkpt>
      <trkpt lat="42.954654693603516" lon="-1.669943332672119">
        <ele>512.96875</ele>
      </trkpt>
      <trkpt lat="42.954590320587158" lon="-1.669836044311523">
        <ele>512.96875</ele>
      </trkpt>
      <trkpt lat="42.954311370849609" lon="-1.669814586639404">
        <ele>513.046875</ele>
      </trkpt>
      <trkpt lat="42.953946590423584" lon="-1.669728755950928">
        <ele>514.828125</ele>
      </trkpt>
      <trkpt lat="42.95379638671875" lon="-1.669621467590332">
        <ele>516.0390625</ele>
      </trkpt>
      <trkpt lat="42.953560352325439" lon="-1.669278144836426">
        <ele>516.16796875</ele>
      </trkpt>
      <trkpt lat="42.953474521636963" lon="-1.669192314147949">
        <ele>516.5546875</ele>
      </trkpt>
      <trkpt lat="42.95255184173584" lon="-1.668741703033447">
        <ele>522.23046875</ele>
      </trkpt>
      <trkpt lat="42.952165603637695" lon="-1.668548583984375">
        <ele>524.58203125</ele>
      </trkpt>
      <trkpt lat="42.951972484588623" lon="-1.668484210968018">
        <ele>526.7578125</ele>
      </trkpt>
      <trkpt lat="42.951886653900146" lon="-1.668698787689209">
        <ele>529.06640625</ele>
      </trkpt>
      <trkpt lat="42.951779365539551" lon="-1.669127941131592">
        <ele>533.72265625</ele>
      </trkpt>
      <trkpt lat="42.951736450195312" lon="-1.669363975524902">
        <ele>536.0546875</ele>
      </trkpt>
      <trkpt lat="42.951822280883789" lon="-1.669621467590332">
        <ele>537.52734375</ele>
      </trkpt>
      <trkpt lat="42.952144145965576" lon="-1.670243740081787">
        <ele>542.8203125</ele>
      </trkpt>
      <trkpt lat="42.952144145965576" lon="-1.670329570770264">
        <ele>543.12109375</ele>
      </trkpt>
      <trkpt lat="42.952144145965576" lon="-1.670393943786621">
        <ele>543.19921875</ele>
      </trkpt>
      <trkpt lat="42.95203685760498" lon="-1.670501232147217">
        <ele>543.7421875</ele>
      </trkpt>
      <trkpt lat="42.95154333114624" lon="-1.670780181884766">
        <ele>550.84765625</ele>
      </trkpt>
      <trkpt lat="42.951393127441406" lon="-1.670780181884766">
        <ele>553.63671875</ele>
      </trkpt>
      <trkpt lat="42.951242923736572" lon="-1.670737266540527">
        <ele>555.9140625</ele>
      </trkpt>
      <trkpt lat="42.951178550720215" lon="-1.67067289352417">
        <ele>556.40625</ele>
      </trkpt>
      <trkpt lat="42.951071262359619" lon="-1.670544147491455">
        <ele>557.140625</ele>
      </trkpt>
      <trkpt lat="42.950856685638428" lon="-1.670200824737549">
        <ele>558.4765625</ele>
      </trkpt>
      <trkpt lat="42.950663566589355" lon="-1.669771671295166">
        <ele>560.8359375</ele>
      </trkpt>
      <trkpt lat="42.950427532196045" lon="-1.669406890869141">
        <ele>566.66796875</ele>
      </trkpt>
      <trkpt lat="42.950277328491211" lon="-1.6689133644104">
        <ele>569.14453125</ele>
      </trkpt>
      <trkpt lat="42.949912548065186" lon="-1.668226718902588">
        <ele>573.9609375</ele>
      </trkpt>
      <trkpt lat="42.94980525970459" lon="-1.667990684509277">
        <ele>574.8359375</ele>
      </trkpt>
      <trkpt lat="42.94980525970459" lon="-1.668055057525635">
        <ele>575.1875</ele>
      </trkpt>
      <trkpt lat="42.949783802032471" lon="-1.668226718902588">
        <ele>577.4609375</ele>
      </trkpt>
      <trkpt lat="42.949998378753662" lon="-1.668634414672852">
        <ele>576.53125</ele>
      </trkpt>
      <trkpt lat="42.950019836425781" lon="-1.668870449066162">
        <ele>577.9609375</ele>
      </trkpt>
      <trkpt lat="42.950019836425781" lon="-1.669149398803711">
        <ele>580.13671875</ele>
      </trkpt>
      <trkpt lat="42.949955463409424" lon="-1.669793128967285">
        <ele>585.25390625</ele>
      </trkpt>
      <trkpt lat="42.949934005737305" lon="-1.670157909393311">
        <ele>588.28125</ele>
      </trkpt>
      <trkpt lat="42.949998378753662" lon="-1.671144962310791">
        <ele>597.8828125</ele>
      </trkpt>
      <trkpt lat="42.949998378753662" lon="-1.671617031097412">
        <ele>599.8125</ele>
      </trkpt>
      <trkpt lat="42.949976921081543" lon="-1.671788692474365">
        <ele>600.19140625</ele>
      </trkpt>
      <trkpt lat="42.949826717376709" lon="-1.672303676605225">
        <ele>602.0703125</ele>
      </trkpt>
      <trkpt lat="42.949699647724628" lon="-1.672621434554458">
        <ele>601.30859375</ele>
      </trkpt>
      <trkpt lat="42.948861122131348" lon="-1.674213409423828">
        <ele>603.90234375</ele>
      </trkpt>
      <trkpt lat="42.948732376098633" lon="-1.6744065284729">
        <ele>605.875</ele>
      </trkpt>
      <trkpt lat="42.94856071472168" lon="-1.674578189849854">
        <ele>609.1171875</ele>
      </trkpt>
      <trkpt lat="42.948260307312012" lon="-1.67492151260376">
        <ele>613.390625</ele>
      </trkpt>
      <trkpt lat="42.948002815246582" lon="-1.675200462341309">
        <ele>616.578125</ele>
      </trkpt>
      <trkpt lat="42.947831153869629" lon="-1.6754150390625">
        <ele>617.78515625</ele>
      </trkpt>
      <trkpt lat="42.947509288787842" lon="-1.675844192504883">
        <ele>621.1953125</ele>
      </trkpt>
      <trkpt lat="42.947306698188186" lon="-1.675971262156963">
        <ele>627.26953125</ele>
      </trkpt>
      <trkpt lat="42.946972846984863" lon="-1.676080226898193">
        <ele>628.08203125</ele>
      </trkpt>
      <trkpt lat="42.946393489837646" lon="-1.676144599914551">
        <ele>631.93359375</ele>
      </trkpt>
      <trkpt lat="42.946114540100098" lon="-1.676251888275147">
        <ele>634.4296875</ele>
      </trkpt>
      <trkpt lat="42.945899963378906" lon="-1.676380634307861">
        <ele>637.0859375</ele>
      </trkpt>
      <trkpt lat="42.945552114397287" lon="-1.676472080871463">
        <ele>640.00390625</ele>
      </trkpt>
      <trkpt lat="42.945492267608643" lon="-1.676487922668457">
        <ele>640.57421875</ele>
      </trkpt>
      <trkpt lat="42.945384979248047" lon="-1.676509380340576">
        <ele>641.90625</ele>
      </trkpt>
      <trkpt lat="42.945342063903809" lon="-1.676509380340576">
        <ele>642.32421875</ele>
      </trkpt>
      <trkpt lat="42.944977283477783" lon="-1.676595211029053">
        <ele>645.6015625</ele>
      </trkpt>
      <trkpt lat="42.944832863286138" lon="-1.676636366173625">
        <ele>643.96875</ele>
      </trkpt>
      <trkpt lat="42.944977283477783" lon="-1.676595211029053">
        <ele>645.6015625</ele>
      </trkpt>
      <trkpt lat="42.944827079772949" lon="-1.676638126373291">
        <ele>643.87890625</ele>
      </trkpt>
      <trkpt lat="42.944462299346924" lon="-1.676981449127197">
        <ele>643.90625</ele>
      </trkpt>
      <trkpt lat="42.94432139955461" lon="-1.677087061107159">
        <ele>643.1796875</ele>
      </trkpt>
      <trkpt lat="42.944290637969971" lon="-1.677110195159912">
        <ele>642.9375</ele>
      </trkpt>
      <trkpt lat="42.944247722625732" lon="-1.677131652832031">
        <ele>642.46484375</ele>
      </trkpt>
      <trkpt lat="42.943861484527588" lon="-1.677110195159912">
        <ele>636.94921875</ele>
      </trkpt>
      <trkpt lat="42.943641124293208" lon="-1.677198288962245">
        <ele>632.93359375</ele>
      </trkpt>
      <trkpt lat="42.943539619445801" lon="-1.677238941192627">
        <ele>630.74609375</ele>
      </trkpt>
      <trkpt lat="42.943475246429443" lon="-1.677303314208984">
        <ele>629.265625</ele>
      </trkpt>
      <trkpt lat="42.943453788757324" lon="-1.67741060256958">
        <ele>628.23046875</ele>
      </trkpt>
      <trkpt lat="42.943453788757324" lon="-1.677582263946533">
        <ele>627.54296875</ele>
      </trkpt>
      <trkpt lat="42.943410873413086" lon="-1.677603721618652">
        <ele>626.375</ele>
      </trkpt>
      <trkpt lat="42.943367958068848" lon="-1.677560806274414">
        <ele>625.46875</ele>
      </trkpt>
      <trkpt lat="42.943239212036133" lon="-1.677367687225342">
        <ele>621.7578125</ele>
      </trkpt>
      <trkpt lat="42.943157153204083" lon="-1.677326867356896">
        <ele>619.41015625</ele>
      </trkpt>
      <trkpt lat="42.94306755065918" lon="-1.677367687225342">
        <ele>617.23828125</ele>
      </trkpt>
      <trkpt lat="42.942917346954346" lon="-1.677496433258057">
        <ele>615.94140625</ele>
      </trkpt>
      <trkpt lat="42.942874431610107" lon="-1.677517890930176">
        <ele>615.8203125</ele>
      </trkpt>
      <trkpt lat="42.942874431610107" lon="-1.677517890930176">
        <ele>615.8203125</ele>
      </trkpt>
      <trkpt lat="42.942659854888916" lon="-1.677496433258057">
        <ele>615.01953125</ele>
      </trkpt>
      <trkpt lat="42.942531108856201" lon="-1.677432060241699">
        <ele>615.67578125</ele>
      </trkpt>
      <trkpt lat="42.942359447479248" lon="-1.677324771881104">
        <ele>617.88671875</ele>
      </trkpt>
      <trkpt lat="42.942209243774414" lon="-1.67717456817627">
        <ele>617.671875</ele>
      </trkpt>
      <trkpt lat="42.942209243774414" lon="-1.67717456817627">
        <ele>617.671875</ele>
      </trkpt>
      <trkpt lat="42.942123413085938" lon="-1.677131652832031">
        <ele>617.91796875</ele>
      </trkpt>
      <trkpt lat="42.941672801971436" lon="-1.67717456817627">
        <ele>621.5546875</ele>
      </trkpt>
      <trkpt lat="42.941136360168457" lon="-1.677303314208984">
        <ele>621.11328125</ele>
      </trkpt>
      <trkpt lat="42.940771579742432" lon="-1.677260398864746">
        <ele>618.0234375</ele>
      </trkpt>
      <trkpt lat="42.940621376037598" lon="-1.677110195159912">
        <ele>617.58984375</ele>
      </trkpt>
      <trkpt lat="42.940299510955811" lon="-1.676895618438721">
        <ele>618.62890625</ele>
      </trkpt>
      <trkpt lat="42.940192222595215" lon="-1.676874160766602">
        <ele>618.859375</ele>
      </trkpt>
      <trkpt lat="42.939996840432286" lon="-1.676891846582294">
        <ele>618.17578125</ele>
      </trkpt>
      <trkpt lat="42.939999103546143" lon="-1.676938533782959">
        <ele>618.3125</ele>
      </trkpt>
      <trkpt lat="42.939996840432286" lon="-1.676891846582294">
        <ele>618.17578125</ele>
      </trkpt>
      <trkpt lat="42.940192222595215" lon="-1.676874160766602">
        <ele>618.859375</ele>
      </trkpt>
      <trkpt lat="42.939956188201904" lon="-1.676895618438721">
        <ele>618.00390625</ele>
      </trkpt>
      <trkpt lat="42.939741611480713" lon="-1.677002906799316">
        <ele>617.58203125</ele>
      </trkpt>
      <trkpt lat="42.939612865447998" lon="-1.677260398864746">
        <ele>615.96484375</ele>
      </trkpt>
      <trkpt lat="42.939439527690411" lon="-1.677673794329166">
        <ele>615.05078125</ele>
      </trkpt>
      <trkpt lat="42.939612865447998" lon="-1.677260398864746">
        <ele>615.96484375</ele>
      </trkpt>
      <trkpt lat="42.939333915710449" lon="-1.67792558670044">
        <ele>616.04296875</ele>
      </trkpt>
      <trkpt lat="42.939205169677734" lon="-1.678462028503418">
        <ele>615.21484375</ele>
      </trkpt>
      <trkpt lat="42.938990592956543" lon="-1.679213047027588">
        <ele>614.50390625</ele>
      </trkpt>
      <trkpt lat="42.938947677612305" lon="-1.679513454437256">
        <ele>613.94921875</ele>
      </trkpt>
      <trkpt lat="42.938883304595947" lon="-1.679770946502686">
        <ele>614.3203125</ele>
      </trkpt>
      <trkpt lat="42.938636541366577" lon="-1.680412665009499">
        <ele>612.23046875</ele>
      </trkpt>
      <trkpt lat="42.93856143951416" lon="-1.680607795715332">
        <ele>610.20703125</ele>
      </trkpt>
      <trkpt lat="42.938475608825684" lon="-1.680929660797119">
        <ele>607.76953125</ele>
      </trkpt>
      <trkpt lat="42.938368320465088" lon="-1.681079864501953">
        <ele>609.44140625</ele>
      </trkpt>
      <trkpt lat="42.938356753438711" lon="-1.681145746260881">
        <ele>608.96875</ele>
      </trkpt>
      <trkpt lat="42.93830394744873" lon="-1.681444644927979">
        <ele>606.57421875</ele>
      </trkpt>
      <trkpt lat="42.938132286071777" lon="-1.681938171386719">
        <ele>604.53125</ele>
      </trkpt>
      <trkpt lat="42.938046455383301" lon="-1.682131290435791">
        <ele>604.08203125</ele>
      </trkpt>
      <trkpt lat="42.937982082366943" lon="-1.682431697845459">
        <ele>600.75</ele>
      </trkpt>
      <trkpt lat="42.937960624694824" lon="-1.682624816894531">
        <ele>597.69140625</ele>
      </trkpt>
      <trkpt lat="42.937932377681136" lon="-1.682841740548611">
        <ele>595.18359375</ele>
      </trkpt>
      <trkpt lat="42.937896251678467" lon="-1.683118343353272">
        <ele>591.2578125</ele>
      </trkpt>
      <trkpt lat="42.937724590301514" lon="-1.683590412139893">
        <ele>585.59375</ele>
      </trkpt>
      <trkpt lat="42.937660217285156" lon="-1.683719158172607">
        <ele>583.07421875</ele>
      </trkpt>
      <trkpt lat="42.93757438659668" lon="-1.683933734893799">
        <ele>579.6328125</ele>
      </trkpt>
      <trkpt lat="42.937552928924561" lon="-1.684041023254395">
        <ele>578.1484375</ele>
      </trkpt>
      <trkpt lat="42.93757438659668" lon="-1.684234142303467">
        <ele>576.25</ele>
      </trkpt>
      <trkpt lat="42.937617301940918" lon="-1.684319972991943">
        <ele>575.9609375</ele>
      </trkpt>
      <trkpt lat="42.937510013580322" lon="-1.684470176696777">
        <ele>573.8046875</ele>
      </trkpt>
      <trkpt lat="42.937467098236084" lon="-1.684577465057373">
        <ele>572.796875</ele>
      </trkpt>
      <trkpt lat="42.937467098236084" lon="-1.684684753417969">
        <ele>572.05859375</ele>
      </trkpt>
      <trkpt lat="42.937467098236084" lon="-1.684749126434326">
        <ele>571.6171875</ele>
      </trkpt>
      <trkpt lat="42.937552928924561" lon="-1.68489933013916">
        <ele>570.3203125</ele>
      </trkpt>
      <trkpt lat="42.937617301940918" lon="-1.685028076171875">
        <ele>568.828125</ele>
      </trkpt>
      <trkpt lat="42.937660217285156" lon="-1.685178279876709">
        <ele>566.22265625</ele>
      </trkpt>
      <trkpt lat="42.937638759613037" lon="-1.685221195220947">
        <ele>565.41796875</ele>
      </trkpt>
      <trkpt lat="42.937488555908203" lon="-1.685242652893066">
        <ele>565.55859375</ele>
      </trkpt>
      <trkpt lat="42.937359809875488" lon="-1.685199737548828">
        <ele>564.95703125</ele>
      </trkpt>
      <trkpt lat="42.937273979187012" lon="-1.68515682220459">
        <ele>564.00390625</ele>
      </trkpt>
      <trkpt lat="42.937252521514893" lon="-1.685113906860352">
        <ele>563.9921875</ele>
      </trkpt>
      <trkpt lat="42.937231063842773" lon="-1.685371398925781">
        <ele>561.56640625</ele>
      </trkpt>
      <trkpt lat="42.937123775482178" lon="-1.685607433319092">
        <ele>556.78515625</ele>
      </trkpt>
      <trkpt lat="42.937016487121582" lon="-1.685800552368164">
        <ele>552.66796875</ele>
      </trkpt>
      <trkpt lat="42.936887741088867" lon="-1.686015129089356">
        <ele>549.98046875</ele>
      </trkpt>
      <trkpt lat="42.936716079711914" lon="-1.686251163482666">
        <ele>548.39453125</ele>
      </trkpt>
      <trkpt lat="42.936651706695557" lon="-1.686294078826904">
        <ele>548.0625</ele>
      </trkpt>
      <trkpt lat="42.936651706695557" lon="-1.686294078826904">
        <ele>548.0625</ele>
      </trkpt>
      <trkpt lat="42.936844825744629" lon="-1.686766147613525">
        <ele>547.80078125</ele>
      </trkpt>
      <trkpt lat="42.937488555908203" lon="-1.688504219055176">
        <ele>549.921875</ele>
      </trkpt>
      <trkpt lat="42.937552928924561" lon="-1.688740253448486">
        <ele>549.96484375</ele>
      </trkpt>
      <trkpt lat="42.937595844268799" lon="-1.688954830169678">
        <ele>550.05078125</ele>
      </trkpt>
      <trkpt lat="42.937617301940918" lon="-1.689212322235107">
        <ele>549.94921875</ele>
      </trkpt>
      <trkpt lat="42.937638759613037" lon="-1.689662933349609">
        <ele>550.08203125</ele>
      </trkpt>
      <trkpt lat="42.937445640563965" lon="-1.6929030418396">
        <ele>552.31640625</ele>
      </trkpt>
      <trkpt lat="42.937445640563965" lon="-1.692881584167481">
        <ele>552.29296875</ele>
      </trkpt>
    </trkseg>
  </trk>

</gpx>