<gpx xmlns="http://www.topografix.com/GPX/1/1" xmlns:xsi="http://www.w3.org/2001/XMLSchema-instance" xsi:schemaLocation="http://www.topografix.com/GPX/1/1 http://www.topografix.com/GPX/1/1/gpx.xsd" version="1.1" creator="OpenLayers"><trk><name>Camping Izarpe_MTB_Ruta 3_Atetz y Ultzama</name><trkseg><trkpt lat="42.93744564056396" lon="-1.6928815841674805"><ele>552.53997803</ele></trkpt><trkpt lat="42.93744693198566" lon="-1.6928600655566504"><ele>552.48999023</ele></trkpt><trkpt lat="42.93746159180112" lon="-1.6926157882160924"><ele>552.11999512</ele></trkpt><trkpt lat="42.937476251093614" lon="-1.6923715107722859"><ele>551.76000977</ele></trkpt><trkpt lat="42.93749090986311" lon="-1.6921272332252884"><ele>551.40002441</ele></trkpt><trkpt lat="42.93750556810965" lon="-1.691882955575051"><ele>551.01000977</ele></trkpt><trkpt lat="42.937520225833204" lon="-1.6916386778216268"><ele>550.63000488</ele></trkpt><trkpt lat="42.93753488303377" lon="-1.691394399964981"><ele>550.38000488</ele></trkpt><trkpt lat="42.93754953971136" lon="-1.6911501220051484"><ele>550.15002441</ele></trkpt><trkpt lat="42.937564195865974" lon="-1.6909058439421285"><ele>549.96002197</ele></trkpt><trkpt lat="42.937578851497605" lon="-1.690661565775922"><ele>549.84997559</ele></trkpt><trkpt lat="42.937593506606255" lon="-1.690417287506551"><ele>549.75</ele></trkpt><trkpt lat="42.93760816119192" lon="-1.6901730091340021"><ele>549.70001221</ele></trkpt><trkpt lat="42.93762281525459" lon="-1.6899287306582755"><ele>549.70001221</ele></trkpt><trkpt lat="42.937637468794286" lon="-1.689684452079411"><ele>549.69000244</ele></trkpt><trkpt lat="42.93763875961304" lon="-1.6896629333496043"><ele>549.61999512</ele></trkpt><trkpt lat="42.93763385422392" lon="-1.68955991686894"><ele>549.77001953</ele></trkpt><trkpt lat="42.937622207642185" lon="-1.6893153386529232"><ele>549.63000488</ele></trkpt><trkpt lat="42.937617301940904" lon="-1.6892123222351103"><ele>549.71002197</ele></trkpt><trkpt lat="42.937616720191" lon="-1.6892053411422605"><ele>549.71002197</ele></trkpt><trkpt lat="42.93759642603392" lon="-1.6889618112574425"><ele>549.88000488</ele></trkpt><trkpt lat="42.93759584426879" lon="-1.6889548301696768"><ele>549.88000488</ele></trkpt><trkpt lat="42.93755292892455" lon="-1.6887402534484885"><ele>550</ele></trkpt><trkpt lat="42.93755207502089" lon="-1.6887371224536147"><ele>550</ele></trkpt><trkpt lat="42.93748940981815" lon="-1.6885073500434848"><ele>549.94000244</ele></trkpt><trkpt lat="42.9374885559082" lon="-1.688504219055182"><ele>549.94000244</ele></trkpt><trkpt lat="42.937450394201264" lon="-1.6884011794665472"><ele>549.82000732</ele></trkpt><trkpt lat="42.93736933753728" lon="-1.6881823213904887"><ele>549.7199707</ele></trkpt><trkpt lat="42.93728828046125" lon="-1.687963463896383"><ele>549.52001953</ele></trkpt><trkpt lat="42.93720722297321" lon="-1.6877446069842492"><ele>549.33001709</ele></trkpt><trkpt lat="42.93712616507312" lon="-1.6875257506540524"><ele>549.17999268</ele></trkpt><trkpt lat="42.93704510676101" lon="-1.687306894905821"><ele>548.91998291</ele></trkpt><trkpt lat="42.936964048036906" lon="-1.6870880397395485"><ele>548.80999756</ele></trkpt><trkpt lat="42.93688298890076" lon="-1.6868691851552466"><ele>548.71002197</ele></trkpt><trkpt lat="42.93684482574463" lon="-1.6867661476135176"><ele>548.71002197</ele></trkpt><trkpt lat="42.93681821532197" lon="-1.6867010943215337"><ele>548.58001709</ele></trkpt><trkpt lat="42.93673062035005" lon="-1.6864869558990592"><ele>548.15002441</ele></trkpt><trkpt lat="42.93670400977136" lon="-1.6864219028502776"><ele>548.14001465</ele></trkpt><trkpt lat="42.93665170669555" lon="-1.6862940788269118"><ele>547.9699707</ele></trkpt><trkpt lat="42.93663798914211" lon="-1.686266643614546"><ele>547.89001465</ele></trkpt><trkpt lat="42.936536678270336" lon="-1.686064021870968"><ele>547.5300293</ele></trkpt><trkpt lat="42.936522960662835" lon="-1.686036586761477"><ele>547.44000244</ele></trkpt><trkpt lat="42.936509477705954" lon="-1.6860108463884331"><ele>547.33001709</ele></trkpt><trkpt lat="42.936404943683414" lon="-1.685811280771167"><ele>547.07000732</ele></trkpt><trkpt lat="42.93630040932" lon="-1.6856117158334172"><ele>546.67999268</ele></trkpt><trkpt lat="42.93628692626952" lon="-1.685585975646976"><ele>546.65997314</ele></trkpt><trkpt lat="42.93627021537745" lon="-1.6855563513922562"><ele>546.60998535</ele></trkpt><trkpt lat="42.93616055416257" lon="-1.6853619500666137"><ele>546.41998291</ele></trkpt><trkpt lat="42.93605089262461" lon="-1.685167549434418"><ele>546.26000977</ele></trkpt><trkpt lat="42.935941230763554" lon="-1.6849731494956242"><ele>546.20001221</ele></trkpt><trkpt lat="42.935831568579424" lon="-1.6847787502502785"><ele>546.0300293</ele></trkpt><trkpt lat="42.9358148574829" lon="-1.6847491264343237"><ele>546.01000977</ele></trkpt><trkpt lat="42.93579534049286" lon="-1.6847247301121369"><ele>546.0300293</ele></trkpt><trkpt lat="42.93566271313546" lon="-1.684558945915361"><ele>545.64001465</ele></trkpt><trkpt lat="42.93564319610597" lon="-1.6845345497131265"><ele>545.61999512</ele></trkpt><trkpt lat="42.93561919505034" lon="-1.6845105485749876"><ele>545.63000488</ele></trkpt><trkpt lat="42.93547407814692" lon="-1.684365431671574"><ele>545.54998779</ele></trkpt><trkpt lat="42.935450077056885" lon="-1.6843414306640654"><ele>545.60998535</ele></trkpt><trkpt lat="42.935450077056885" lon="-1.6843414306640654"><ele>545.60998535</ele></trkpt><trkpt lat="42.935449853750946" lon="-1.6843413329671537"><ele>545.60998535</ele></trkpt><trkpt lat="42.93527841570431" lon="-1.684266328608266"><ele>545.34997559</ele></trkpt><trkpt lat="42.93510697760905" lon="-1.6841913246550924"><ele>545.16998291</ele></trkpt><trkpt lat="42.935106754303" lon="-1.6841912269592374"><ele>545.16998291</ele></trkpt><trkpt lat="42.935022243292636" lon="-1.684156013488785"><ele>545.03997803</ele></trkpt><trkpt lat="42.93485005415794" lon="-1.6840842672004535"><ele>544.7199707</ele></trkpt><trkpt lat="42.934677864978546" lon="-1.68401252130127"><ele>544.23999023</ele></trkpt><trkpt lat="42.93450567575445" lon="-1.6839407757912261"><ele>544.03997803</ele></trkpt><trkpt lat="42.93433348648563" lon="-1.683869030670339"><ele>543.78997803</ele></trkpt><trkpt lat="42.9341612971721" lon="-1.6837972859385941"><ele>543.44000244</ele></trkpt><trkpt lat="42.93407678604125" lon="-1.683762073516854"><ele>543.40002441</ele></trkpt><trkpt lat="42.934058670537866" lon="-1.683848122830399"><ele>543.46002197</ele></trkpt><trkpt lat="42.934009071100746" lon="-1.6840837201566845"><ele>543.59002686</ele></trkpt><trkpt lat="42.93399095535279" lon="-1.6841697692871036"><ele>543.54998779</ele></trkpt><trkpt lat="42.93381929397583" lon="-1.6841483116149956"><ele>542.33001709</ele></trkpt><trkpt lat="42.93375863746173" lon="-1.6841569768682163"><ele>542.38000488</ele></trkpt><trkpt lat="42.93357954308625" lon="-1.6841825617789932"><ele>542.60998535</ele></trkpt><trkpt lat="42.93351888656616" lon="-1.684191226959232"><ele>542.84002686</ele></trkpt><trkpt lat="42.93351888656616" lon="-1.684191226959232"><ele>542.84002686</ele></trkpt><trkpt lat="42.933475971221924" lon="-1.6841912269592283"><ele>543.05999756</ele></trkpt><trkpt lat="42.93336868286133" lon="-1.6843628883361905"><ele>543.04998779</ele></trkpt><trkpt lat="42.93336170427256" lon="-1.684395455293021"><ele>543.09997559</ele></trkpt><trkpt lat="42.93331128851083" lon="-1.684630728847794"><ele>544.34002686</ele></trkpt><trkpt lat="42.93330430984497" lon="-1.6846632957458538"><ele>544.23999023</ele></trkpt><trkpt lat="42.93328551547455" lon="-1.6847187156586019"><ele>544.41998291</ele></trkpt><trkpt lat="42.93321005337831" lon="-1.6849412334210045"><ele>546.17999268</ele></trkpt><trkpt lat="42.933134590841185" lon="-1.685163750648302"><ele>547.7800293</ele></trkpt><trkpt lat="42.933059127863224" lon="-1.6853862673404987"><ele>549.76000977</ele></trkpt><trkpt lat="42.932983664444414" lon="-1.6856087834975961"><ele>549.58001709</ele></trkpt><trkpt lat="42.932908200584755" lon="-1.6858312991195732"><ele>549.59002686</ele></trkpt><trkpt lat="42.93288940563798" lon="-1.685886718332769"><ele>550.36999512</ele></trkpt><trkpt lat="42.93283224105835" lon="-1.6860365867614735"><ele>549.71002197</ele></trkpt><trkpt lat="42.93281120649869" lon="-1.68608155818794"><ele>550.19000244</ele></trkpt><trkpt lat="42.93271450698232" lon="-1.6862882987396213"><ele>551.34002686</ele></trkpt><trkpt lat="42.93261780708227" lon="-1.6864950386496982"><ele>552.65997314</ele></trkpt><trkpt lat="42.932521106798575" lon="-1.686701777918188"><ele>553.96002197</ele></trkpt><trkpt lat="42.932424406131204" lon="-1.6869085165450979"><ele>553.88000488</ele></trkpt><trkpt lat="42.932327705080155" lon="-1.6871152545304016"><ele>553.85998535</ele></trkpt><trkpt lat="42.93223100364546" lon="-1.6873219918741338"><ele>554.59997559</ele></trkpt><trkpt lat="42.93220996856691" lon="-1.6873669624328587"><ele>554.70001221</ele></trkpt><trkpt lat="42.93215244829683" lon="-1.687455858390635"><ele>555.9699707</ele></trkpt><trkpt lat="42.93203343936127" lon="-1.687639782472944"><ele>556.34997559</ele></trkpt><trkpt lat="42.9319144301183" lon="-1.6878237058484278"><ele>557.5300293</ele></trkpt><trkpt lat="42.93179542056791" lon="-1.688007628517125"><ele>556.79998779</ele></trkpt><trkpt lat="42.931737899780266" lon="-1.6880965232849179"><ele>556.40002441</ele></trkpt><trkpt lat="42.93163061141966" lon="-1.688203811645501"><ele>555.40997314</ele></trkpt><trkpt lat="42.93160339118935" lon="-1.6882228658737215"><ele>555.69000244</ele></trkpt><trkpt lat="42.93144325495304" lon="-1.6883349612391625"><ele>555.19000244</ele></trkpt><trkpt lat="42.93141603469847" lon="-1.6883540153503442"><ele>555.09997559</ele></trkpt><trkpt lat="42.931381630800445" lon="-1.6883895870086851"><ele>554.90997314</ele></trkpt><trkpt lat="42.93123824209162" lon="-1.6885378421538408"><ele>554.70001221</ele></trkpt><trkpt lat="42.931094853178074" lon="-1.6886860966075403"><ele>555.5300293</ele></trkpt><trkpt lat="42.930951464059866" lon="-1.6888343503697572"><ele>554.78997803</ele></trkpt><trkpt lat="42.93091706000268" lon="-1.6888699214905545"><ele>554.94000244</ele></trkpt><trkpt lat="42.93089208874627" lon="-1.688899803686896"><ele>554.64001465</ele></trkpt><trkpt lat="42.93075685645373" lon="-1.6890616306721773"><ele>555.09997559</ele></trkpt><trkpt lat="42.930621623919855" lon="-1.6892234569475415"><ele>555.36999512</ele></trkpt><trkpt lat="42.93048639114462" lon="-1.6893852825129887"><ele>555.84002686</ele></trkpt><trkpt lat="42.93046141974627" lon="-1.6894151642918542"><ele>555.89001465</ele></trkpt><trkpt lat="42.93040601918727" lon="-1.6894803593957335"><ele>555.61999512</ele></trkpt><trkpt lat="42.93026980575444" lon="-1.6896406539953541"><ele>554.7800293</ele></trkpt><trkpt lat="42.930214405059814" lon="-1.6897058486938574"><ele>554.79998779</ele></trkpt><trkpt lat="42.93012857437134" lon="-1.6898345947265687"><ele>555.0300293</ele></trkpt><trkpt lat="42.93010669190868" lon="-1.6898752337508163"><ele>555.10998535</ele></trkpt><trkpt lat="42.93000025321651" lon="-1.6900729056076673"><ele>554.7800293</ele></trkpt><trkpt lat="42.9299783706665" lon="-1.6901135444641047"><ele>555.01000977</ele></trkpt><trkpt lat="42.92992611462492" lon="-1.6901800524422819"><ele>554.86999512</ele></trkpt><trkpt lat="42.92979459245759" lon="-1.6903474442916486"><ele>555.40002441</ele></trkpt><trkpt lat="42.92974233627319" lon="-1.6904139518737777"><ele>555.35998535</ele></trkpt><trkpt lat="42.92965650558471" lon="-1.690499782562253"><ele>555.51000977</ele></trkpt><trkpt lat="42.929651266250204" lon="-1.690502729705917"><ele>555.51000977</ele></trkpt><trkpt lat="42.92948484425456" lon="-1.690596342359856"><ele>556.11999512</ele></trkpt><trkpt lat="42.92931842217093" lon="-1.6906899545005032"><ele>556.5300293</ele></trkpt><trkpt lat="42.929313182830796" lon="-1.6906929016113248"><ele>556.5300293</ele></trkpt><trkpt lat="42.92925395925807" lon="-1.6907339027149715"><ele>556.85998535</ele></trkpt><trkpt lat="42.929093456726605" lon="-1.690845019852146"><ele>557.4699707</ele></trkpt><trkpt lat="42.92903423309328" lon="-1.6908860206604022"><ele>557.75</ele></trkpt><trkpt lat="42.9289746211663" lon="-1.690936866800946"><ele>558.01000977</ele></trkpt><trkpt lat="42.92882203722633" lon="-1.691067013103939"><ele>558.84997559</ele></trkpt><trkpt lat="42.92866945312588" lon="-1.6911971587586607"><ele>559.08001709</ele></trkpt><trkpt lat="42.92851686886493" lon="-1.691327303765118"><ele>560.25</ele></trkpt><trkpt lat="42.928364284443475" lon="-1.6914574481233176"><ele>560.79998779</ele></trkpt><trkpt lat="42.928304672241204" lon="-1.6915082931518635"><ele>560.76000977</ele></trkpt><trkpt lat="42.928197383880615" lon="-1.6915941238403343"><ele>560.86999512</ele></trkpt><trkpt lat="42.92817461059713" lon="-1.6916055105209753"><ele>560.69000244</ele></trkpt><trkpt lat="42.928005580454126" lon="-1.6916900255924807"><ele>560.69000244</ele></trkpt><trkpt lat="42.92798280715942" lon="-1.6917014122009337"><ele>561.14001465</ele></trkpt><trkpt lat="42.92795462912866" lon="-1.6917039738499435"><ele>560.82000732</ele></trkpt><trkpt lat="42.92777495079853" lon="-1.6917203082435992"><ele>561.40002441</ele></trkpt><trkpt lat="42.927746772766106" lon="-1.6917228698730575"><ele>561.40002441</ele></trkpt><trkpt lat="42.92761802673338" lon="-1.6917443275451736"><ele>561.71002197</ele></trkpt><trkpt lat="42.92744636535643" lon="-1.691744327545171"><ele>561.54998779</ele></trkpt><trkpt lat="42.92729616165161" lon="-1.6916584968566912"><ele>561.51000977</ele></trkpt><trkpt lat="42.927168002352104" lon="-1.6915625240653824"><ele>561.44000244</ele></trkpt><trkpt lat="42.927124500274644" lon="-1.6915297508239757"><ele>561.47998047</ele></trkpt><trkpt lat="42.92708158493042" lon="-1.6915726661682051"><ele>561.46002197</ele></trkpt><trkpt lat="42.92708158493041" lon="-1.6916155815124543"><ele>561.29998779</ele></trkpt><trkpt lat="42.92712450027465" lon="-1.691701412200927"><ele>561.38000488</ele></trkpt><trkpt lat="42.92715923345133" lon="-1.6917361452506077"><ele>561.46002197</ele></trkpt><trkpt lat="42.92730434387214" lon="-1.6918812556714264"><ele>562.04998779</ele></trkpt><trkpt lat="42.927339076995835" lon="-1.6919159889221136"><ele>561.98999023</ele></trkpt><trkpt lat="42.92733907699584" lon="-1.6920018196106037"><ele>562.21002197</ele></trkpt><trkpt lat="42.9273819923401" lon="-1.6920447349548366"><ele>562.08001709</ele></trkpt><trkpt lat="42.92741172570034" lon="-1.6920528440265985"><ele>561.98999023</ele></trkpt><trkpt lat="42.92758829337748" lon="-1.692100998847635"><ele>561.35998535</ele></trkpt><trkpt lat="42.9276180267334" lon="-1.6921091079711836"><ele>561.35998535</ele></trkpt><trkpt lat="42.92763122615016" lon="-1.6921164409578133"><ele>561.30999756</ele></trkpt><trkpt lat="42.92779794637196" lon="-1.6922090633032645"><ele>561.59002686</ele></trkpt><trkpt lat="42.92781114578247" lon="-1.6922163963317898"><ele>561.59002686</ele></trkpt><trkpt lat="42.927858764694534" lon="-1.6922425865618795"><ele>561.97998047</ele></trkpt><trkpt lat="42.928025722563" lon="-1.6923344131263394"><ele>563.28997803</ele></trkpt><trkpt lat="42.9281926803596" lon="-1.6924262401776635"><ele>564.77001953</ele></trkpt><trkpt lat="42.92824029922483" lon="-1.6924524307250957"><ele>565.04998779</ele></trkpt><trkpt lat="42.92825868678105" lon="-1.6924667321112952"><ele>565.19000244</ele></trkpt><trkpt lat="42.928415030734165" lon="-1.6925883329637295"><ele>566.30999756</ele></trkpt><trkpt lat="42.928433418273926" lon="-1.692602634429932"><ele>566.38000488</ele></trkpt><trkpt lat="42.928468399189974" lon="-1.6926351347876445"><ele>566.52001953</ele></trkpt><trkpt lat="42.92861712125861" lon="-1.6927733112132477"><ele>566.7800293</ele></trkpt><trkpt lat="42.92865210212765" lon="-1.6928058117628102"><ele>566.59997559</ele></trkpt><trkpt lat="42.92873382568359" lon="-1.692881584167471"><ele>566.25</ele></trkpt><trkpt lat="42.928737834024226" lon="-1.6928840893729904"><ele>566.17999268</ele></trkpt><trkpt lat="42.92890147872213" lon="-1.6929863673091783"><ele>565.95001221</ele></trkpt><trkpt lat="42.928905487060554" lon="-1.6929888725280813"><ele>565.95001221</ele></trkpt><trkpt lat="42.92890811794776" lon="-1.6929901879641096"><ele>565.95001221</ele></trkpt><trkpt lat="42.92907714846905" lon="-1.693074702983202"><ele>566.82000732</ele></trkpt><trkpt lat="42.929246178929155" lon="-1.69315921845481"><ele>568.40002441</ele></trkpt><trkpt lat="42.92924880981444" lon="-1.6931605339050328"><ele>568.40002441</ele></trkpt><trkpt lat="42.9293131828308" lon="-1.6932034492492711"><ele>568.65997314</ele></trkpt><trkpt lat="42.92939901351929" lon="-1.6933321952819735"><ele>569.03997803</ele></trkpt><trkpt lat="42.92943376086479" lon="-1.6934265089818161"><ele>569.2800293</ele></trkpt><trkpt lat="42.929514470132894" lon="-1.693645576995264"><ele>569.40002441</ele></trkpt><trkpt lat="42.92954921722412" lon="-1.6937398910522445"><ele>569.40002441</ele></trkpt><trkpt lat="42.929552069764064" lon="-1.6937472600291836"><ele>569.40002441</ele></trkpt><trkpt lat="42.929635999177314" lon="-1.6939640760397825"><ele>569.44000244</ele></trkpt><trkpt lat="42.92971992818638" lon="-1.6941808926465667"><ele>569.45001221</ele></trkpt><trkpt lat="42.92980385679129" lon="-1.6943977098495295"><ele>569.4699707</ele></trkpt><trkpt lat="42.92980670928956" lon="-1.6944050788879483"><ele>569.4699707</ele></trkpt><trkpt lat="42.92982728196396" lon="-1.6944770824938513"><ele>569.42999268</ele></trkpt><trkpt lat="42.92989254036741" lon="-1.6947054858721873"><ele>568.73999023</ele></trkpt><trkpt lat="42.929957798320686" lon="-1.6949338897423798"><ele>567.09002686</ele></trkpt><trkpt lat="42.929978370666504" lon="-1.6950058937072807"><ele>566.54998779</ele></trkpt><trkpt lat="42.929982244292795" lon="-1.6950117041280122"><ele>566.54998779</ele></trkpt><trkpt lat="42.9301032430822" lon="-1.6951932023120855"><ele>565.2199707</ele></trkpt><trkpt lat="42.930107116699226" lon="-1.6951990127563445"><ele>565.2199707</ele></trkpt><trkpt lat="42.930235862731934" lon="-1.6952848434448309"><ele>566.20001221</ele></trkpt><trkpt lat="42.930300235748284" lon="-1.6953706741332986"><ele>566.69000244</ele></trkpt><trkpt lat="42.930364608764656" lon="-1.6954994201660092"><ele>567.33001709</ele></trkpt><trkpt lat="42.93040752410889" lon="-1.695628166198734"><ele>567.52001953</ele></trkpt><trkpt lat="42.93041290677041" lon="-1.6956685357644388"><ele>568.92999268</ele></trkpt><trkpt lat="42.93044505689028" lon="-1.6959096616634268"><ele>568.89001465</ele></trkpt><trkpt lat="42.930450439453125" lon="-1.6959500312805253"><ele>570.55999756</ele></trkpt><trkpt lat="42.93045043953286" lon="-1.6960098898778728"><ele>569.97998047</ele></trkpt><trkpt lat="42.93045043953286" lon="-1.6962549531053068"><ele>571.27001953</ele></trkpt><trkpt lat="42.93045043945312" lon="-1.6963148117065463"><ele>571.33001709</ele></trkpt><trkpt lat="42.93049335479736" lon="-1.6965508460998522"><ele>575.25</ele></trkpt><trkpt lat="42.93049335481676" lon="-1.6965677892547482"><ele>575.05999756</ele></trkpt><trkpt lat="42.93049335481677" lon="-1.6968128526815556"><ele>575.19000244</ele></trkpt><trkpt lat="42.93049335479737" lon="-1.696829795837395"><ele>575.09997559</ele></trkpt><trkpt lat="42.930517802441976" lon="-1.696943842637504"><ele>576.09002686</ele></trkpt><trkpt lat="42.93056823305009" lon="-1.6971791003604668"><ele>578.08001709</ele></trkpt><trkpt lat="42.93059268034994" lon="-1.6972931474447297"><ele>579.2199707</ele></trkpt><trkpt lat="42.93061437920206" lon="-1.6973944467269666"><ele>580.23999023</ele></trkpt><trkpt lat="42.930664775289365" lon="-1.6976297185411562"><ele>584.65002441</ele></trkpt><trkpt lat="42.930686473846436" lon="-1.6977310180664102"><ele>585.13000488</ele></trkpt><trkpt lat="42.93069077021677" lon="-1.69781264687355"><ele>586.38000488</ele></trkpt><trkpt lat="42.930703635380205" lon="-1.6980570849785404"><ele>586.90997314</ele></trkpt><trkpt lat="42.930707931518555" lon="-1.6981387138366624"><ele>588.78997803</ele></trkpt><trkpt lat="42.930711117420636" lon="-1.698151457378205"><ele>588.14001465</ele></trkpt><trkpt lat="42.93076911865976" lon="-1.6983834623347205"><ele>589.97998047</ele></trkpt><trkpt lat="42.9307723045349" lon="-1.698396205902097"><ele>589.95001221</ele></trkpt><trkpt lat="42.93083667755124" lon="-1.6986107826232981"><ele>593.2199707</ele></trkpt><trkpt lat="42.9308392710167" lon="-1.6986496838730136"><ele>594.27001953</ele></trkpt><trkpt lat="42.930855541853795" lon="-1.6988937464292746"><ele>596.01000977</ele></trkpt><trkpt lat="42.930858135223374" lon="-1.6989326477050704"><ele>596.95001221</ele></trkpt><trkpt lat="42.930858135223374" lon="-1.6991686820983865"><ele>599.65002441</ele></trkpt><trkpt lat="42.930856780758916" lon="-1.699186290404024"><ele>600.85998535</ele></trkpt><trkpt lat="42.93083803205609" lon="-1.6994300235407913"><ele>602.86999512</ele></trkpt><trkpt lat="42.93083667755127" lon="-1.6994476318359346"><ele>603.28997803</ele></trkpt><trkpt lat="42.93083667761441" lon="-1.6994967607406264"><ele>603.76000977</ele></trkpt><trkpt lat="42.93083667761441" lon="-1.699741825682085"><ele>605.22998047</ele></trkpt><trkpt lat="42.93083667755127" lon="-1.699790954589841"><ele>605.39001465</ele></trkpt><trkpt lat="42.93085727938061" lon="-1.699879247045516"><ele>606.2800293</ele></trkpt><trkpt lat="42.93091177985163" lon="-1.700112819270531"><ele>608.5300293</ele></trkpt><trkpt lat="42.930966279850864" lon="-1.7003463919180053"><ele>611.86999512</ele></trkpt><trkpt lat="42.93098688125611" lon="-1.700434684753417"><ele>612.5</ele></trkpt><trkpt lat="42.93098782201061" lon="-1.7004582022916652"><ele>612.71002197</ele></trkpt><trkpt lat="42.930997610405875" lon="-1.7007029056006928"><ele>616.21002197</ele></trkpt><trkpt lat="42.931007398278936" lon="-1.7009476089999755"><ele>617.76000977</ele></trkpt><trkpt lat="42.93100833892822" lon="-1.7009711265563927"><ele>617.77001953</ele></trkpt><trkpt lat="42.931020609248066" lon="-1.7010447478122035"><ele>619.15997314</ele></trkpt><trkpt lat="42.931060441824336" lon="-1.7012837432699448"><ele>621.67999268</ele></trkpt><trkpt lat="42.931072711944566" lon="-1.7013573646545446"><ele>621.86999512</ele></trkpt><trkpt lat="42.93107391421464" lon="-1.7013623239423827"><ele>621.86999512</ele></trkpt><trkpt lat="42.931130333638514" lon="-1.7015950516992457"><ele>623.5300293</ele></trkpt><trkpt lat="42.93118675259416" lon="-1.701827779891319"><ele>625.17999268</ele></trkpt><trkpt lat="42.93124317108159" lon="-1.7020605085186216"><ele>626.2199707</ele></trkpt><trkpt lat="42.931244373321526" lon="-1.702065467834483"><ele>626.2199707</ele></trkpt><trkpt lat="42.931245025970554" lon="-1.702067366124413"><ele>626.2199707</ele></trkpt><trkpt lat="42.93132134159253" lon="-1.702289338057704"><ele>628.19000244</ele></trkpt><trkpt lat="42.931397656790196" lon="-1.702511310547445"><ele>630.26000977</ele></trkpt><trkpt lat="42.931473971563534" lon="-1.7027332835936284"><ele>631.83001709</ele></trkpt><trkpt lat="42.93147462420164" lon="-1.7027351818978749"><ele>631.83001709</ele></trkpt><trkpt lat="42.93151351396595" lon="-1.7028232619368504"><ele>632.75</ele></trkpt><trkpt lat="42.93160626237245" lon="-1.7030333255525316"><ele>634.76000977</ele></trkpt><trkpt lat="42.93169901040021" lon="-1.703243389804783"><ele>637.04998779</ele></trkpt><trkpt lat="42.93173789978027" lon="-1.7033314704895013"><ele>638.71002197</ele></trkpt><trkpt lat="42.93174084726594" lon="-1.7033392075792966"><ele>638.71002197</ele></trkpt><trkpt lat="42.93182373068706" lon="-1.7035567757298775"><ele>638.9699707</ele></trkpt><trkpt lat="42.931906613701024" lon="-1.7037743444714408"><ele>641.20001221</ele></trkpt><trkpt lat="42.931909561157205" lon="-1.7037820816040117"><ele>641.19000244</ele></trkpt><trkpt lat="42.93192384568514" lon="-1.703822078095656"><ele>641.7199707</ele></trkpt><trkpt lat="42.93200256507953" lon="-1.7040424923999362"><ele>644.5300293</ele></trkpt><trkpt lat="42.932016849517815" lon="-1.7040824890136723"><ele>644.54998779</ele></trkpt><trkpt lat="42.932056081127456" lon="-1.7041707596904536"><ele>645</ele></trkpt><trkpt lat="42.93214927951087" lon="-1.704380456053138"><ele>647.25</ele></trkpt><trkpt lat="42.932188510894775" lon="-1.7044687271118113"><ele>648.5</ele></trkpt><trkpt lat="42.93219060295447" lon="-1.7044722574283437"><ele>648.5</ele></trkpt><trkpt lat="42.93230364948277" lon="-1.7046630222193238"><ele>653.07000732</ele></trkpt><trkpt lat="42.93241669570006" lon="-1.7048537877109942"><ele>656.58001709</ele></trkpt><trkpt lat="42.93252974160635" lon="-1.7050445539033654"><ele>657.40997314</ele></trkpt><trkpt lat="42.93253183364868" lon="-1.7050480842590259"><ele>657.23999023</ele></trkpt><trkpt lat="42.93248732574284" lon="-1.7049730662256537"><ele>657.57000732</ele></trkpt><trkpt lat="42.93253183364868" lon="-1.7050480842590259"><ele>657.23999023</ele></trkpt><trkpt lat="42.93257474899292" lon="-1.7052412033081012"><ele>654</ele></trkpt><trkpt lat="42.932510375976555" lon="-1.7053270339965763"><ele>655.34002686</ele></trkpt><trkpt lat="42.932510375976555" lon="-1.70541286468506"><ele>655.85998535</ele></trkpt><trkpt lat="42.93251308449503" lon="-1.7054480743590652"><ele>655.9699707</ele></trkpt><trkpt lat="42.932531833987404" lon="-1.7056918143175925"><ele>655.32000732</ele></trkpt><trkpt lat="42.932550582962556" lon="-1.7059355544364774"><ele>655.29998779</ele></trkpt><trkpt lat="42.9325532913208" lon="-1.7059707641601622"><ele>655.33001709</ele></trkpt><trkpt lat="42.93256656192507" lon="-1.706054810500985"><ele>655.46002197</ele></trkpt><trkpt lat="42.93260439396887" lon="-1.706294413445088"><ele>655.90997314</ele></trkpt><trkpt lat="42.93261766433717" lon="-1.7063784599304186"><ele>656.2199707</ele></trkpt><trkpt lat="42.93255329132081" lon="-1.706593036651616"><ele>658.41998291</ele></trkpt><trkpt lat="42.9325532913208" lon="-1.7067217826843282"><ele>659.88000488</ele></trkpt><trkpt lat="42.93257134189388" lon="-1.7068165462119855"><ele>660.7199707</ele></trkpt><trkpt lat="42.932616529345715" lon="-1.70705377741639"><ele>663.27001953</ele></trkpt><trkpt lat="42.93266171631" lon="-1.7072910089788553"><ele>664.90997314</ele></trkpt><trkpt lat="42.93270690278672" lon="-1.7075282408994101"><ele>666.44000244</ele></trkpt><trkpt lat="42.93272495269775" lon="-1.7076230049133252"><ele>666.9699707</ele></trkpt><trkpt lat="42.932735028708436" lon="-1.7077338377589386"><ele>668.34002686</ele></trkpt><trkpt lat="42.93275713975126" lon="-1.7079770563058136"><ele>669.96002197</ele></trkpt><trkpt lat="42.93277925027938" lon="-1.7082202750390612"><ele>670.92999268</ele></trkpt><trkpt lat="42.93278932571411" lon="-1.708331108093261"><ele>671.03997803</ele></trkpt><trkpt lat="42.93278932571413" lon="-1.7083954811096203"><ele>671.15997314</ele></trkpt><trkpt lat="42.93278932571411" lon="-1.7084813117980948"><ele>671.19000244</ele></trkpt><trkpt lat="42.932787971557936" lon="-1.7084989160957826"><ele>671.29998779</ele></trkpt><trkpt lat="42.9327692222385" lon="-1.708742657248446"><ele>671.61999512</ele></trkpt><trkpt lat="42.93276786804197" lon="-1.7087602615356445"><ele>671.61999512</ele></trkpt><trkpt lat="42.932771177011794" lon="-1.7088694480860485"><ele>671.65997314</ele></trkpt><trkpt lat="42.93277859742491" lon="-1.7091143130509094"><ele>671.57000732</ele></trkpt><trkpt lat="42.932786017314875" lon="-1.7093591780872373"><ele>671.2199707</ele></trkpt><trkpt lat="42.932789325714126" lon="-1.7094683647155844"><ele>670.84002686</ele></trkpt><trkpt lat="42.93278932572094" lon="-1.7094745741458834"><ele>670.7800293</ele></trkpt><trkpt lat="42.93278932572093" lon="-1.7097196473503793"><ele>670.2199707</ele></trkpt><trkpt lat="42.932789325714126" lon="-1.709725856781008"><ele>670.2199707</ele></trkpt><trkpt lat="42.93279654868715" lon="-1.7097872513264996"><ele>670.09002686</ele></trkpt><trkpt lat="42.932825018247186" lon="-1.7100292425867738"><ele>669.5300293</ele></trkpt><trkpt lat="42.93283224105836" lon="-1.7100906372070284"><ele>669.30999756</ele></trkpt><trkpt lat="42.93285369873047" lon="-1.7101979255676276"><ele>669.14001465</ele></trkpt><trkpt lat="42.93285886851734" lon="-1.7103116569361412"><ele>669.51000977</ele></trkpt><trkpt lat="42.93286998697102" lon="-1.7105562629172095"><ele>671.66998291</ele></trkpt><trkpt lat="42.932875156402574" lon="-1.7106699943542563"><ele>672.71002197</ele></trkpt><trkpt lat="42.932881188237374" lon="-1.710715835055723"><ele>673.33001709</ele></trkpt><trkpt lat="42.93291293040861" lon="-1.7109570714560312"><ele>677.03997803</ele></trkpt><trkpt lat="42.9329446720744" lon="-1.7111983081160755"><ele>680.64001465</ele></trkpt><trkpt lat="42.932976413234776" lon="-1.711439545035853"><ele>683.2199707</ele></trkpt><trkpt lat="42.93298244476319" lon="-1.711485385894772"><ele>684.32000732</ele></trkpt><trkpt lat="42.93300095076849" lon="-1.7115939489926613"><ele>685.25</ele></trkpt><trkpt lat="42.93304164578626" lon="-1.711832683421787"><ele>686.38000488</ele></trkpt><trkpt lat="42.93308234030985" lon="-1.7120714181767416"><ele>687.51000977</ele></trkpt><trkpt lat="42.93312303433927" lon="-1.7123101532575213"><ele>688.85998535</ele></trkpt><trkpt lat="42.93316372787449" lon="-1.7125488886641196"><ele>689.63000488</ele></trkpt><trkpt lat="42.933204420915516" lon="-1.7127876243965507"><ele>690.65002441</ele></trkpt><trkpt lat="42.933245113462355" lon="-1.7130263604547808"><ele>691.13000488</ele></trkpt><trkpt lat="42.933285805515" lon="-1.7132650968388292"><ele>690.67999268</ele></trkpt><trkpt lat="42.93330430984497" lon="-1.7133736610412622"><ele>690.07000732</ele></trkpt><trkpt lat="42.93330714084799" lon="-1.7134614152505487"><ele>689.9699707</ele></trkpt><trkpt lat="42.93331503916356" lon="-1.7137062548897237"><ele>689.09002686</ele></trkpt><trkpt lat="42.93332293695615" lon="-1.713951094604105"><ele>688.40997314</ele></trkpt><trkpt lat="42.93332576751709" lon="-1.7140388488769553"><ele>688.40002441</ele></trkpt><trkpt lat="42.93332991572344" lon="-1.7140712276122723"><ele>688.48999023</ele></trkpt><trkpt lat="42.933360846694605" lon="-1.7143126610259187"><ele>689.40002441</ele></trkpt><trkpt lat="42.933364994823926" lon="-1.7143450397998083"><ele>689.98999023</ele></trkpt><trkpt lat="42.93336526158779" lon="-1.7143983151865645"><ele>690.55999756</ele></trkpt><trkpt lat="42.93336648839856" lon="-1.714643385245179"><ele>693.60998535</ele></trkpt><trkpt lat="42.93336675502358" lon="-1.7146966606378569"><ele>694.07000732</ele></trkpt><trkpt lat="42.93336884369447" lon="-1.7147249005821947"><ele>694.15002441</ele></trkpt><trkpt lat="42.933386878463025" lon="-1.7149687442641566"><ele>695.96002197</ele></trkpt><trkpt lat="42.933388967067" lon="-1.7149969842284847"><ele>696.09997559</ele></trkpt><trkpt lat="42.93339126672159" lon="-1.7150109397439335"><ele>696.11999512</ele></trkpt><trkpt lat="42.933430672434696" lon="-1.7152500761285536"><ele>696.70001221</ele></trkpt><trkpt lat="42.93343297205866" lon="-1.715264031663537"><ele>696.70001221</ele></trkpt><trkpt lat="42.93343512871301" lon="-1.7152954959157787"><ele>696.70001221</ele></trkpt><trkpt lat="42.93345185405676" lon="-1.7155395126843855"><ele>697.17999268</ele></trkpt><trkpt lat="42.93345401063561" lon="-1.7155709769576786"><ele>696.96002197</ele></trkpt><trkpt lat="42.93344713747501" lon="-1.7157791834324614"><ele>697.45001221</ele></trkpt><trkpt lat="42.93344533888772" lon="-1.7158094685990306"><ele>697.65997314</ele></trkpt><trkpt lat="42.933430831224314" lon="-1.7160537480984652"><ele>698.25</ele></trkpt><trkpt lat="42.93342903256416" lon="-1.7160840332508005"><ele>698.90002441</ele></trkpt><trkpt lat="42.93342265863222" lon="-1.716169118297929"><ele>698.65002441</ele></trkpt><trkpt lat="42.93340439369979" lon="-1.7164129304633609"><ele>698.92999268</ele></trkpt><trkpt lat="42.93339801952243" lon="-1.7164980154484517"><ele>699.52001953</ele></trkpt><trkpt lat="42.933398358309674" lon="-1.7165034111169404"><ele>699.52001953</ele></trkpt><trkpt lat="42.93341369018196" lon="-1.7167475972714412"><ele>699.38000488</ele></trkpt><trkpt lat="42.93341402895747" lon="-1.7167529929429386"><ele>699.38000488</ele></trkpt><trkpt lat="42.93341628006819" lon="-1.7167728686815709"><ele>699.63000488</ele></trkpt><trkpt lat="42.933443712943145" lon="-1.717015084406819"><ele>699.09002686</ele></trkpt><trkpt lat="42.93344596400857" lon="-1.7170349601656272"><ele>699.26000977</ele></trkpt><trkpt lat="42.933454334873915" lon="-1.7170976263243254"><ele>699.57000732</ele></trkpt><trkpt lat="42.933486543623076" lon="-1.7173387507274127"><ele>699.17999268</ele></trkpt><trkpt lat="42.9334949143231" lon="-1.7174014169722855"><ele>699.55999756</ele></trkpt><trkpt lat="42.9334917512248" lon="-1.7174743898126168"><ele>699.82000732</ele></trkpt><trkpt lat="42.93348114617994" lon="-1.717719040847408"><ele>701.86999512</ele></trkpt><trkpt lat="42.933477982878685" lon="-1.7177920136600702"><ele>701.7199707</ele></trkpt><trkpt lat="42.93348287021274" lon="-1.7178612697643916"><ele>701.57000732</ele></trkpt><trkpt lat="42.933500085461745" lon="-1.7181052237434047"><ele>701.45001221</ele></trkpt><trkpt lat="42.9335049726069" lon="-1.7181744799017855"><ele>700.70001221</ele></trkpt><trkpt lat="42.9335063044363" lon="-1.7182451045734393"><ele>700.29998779</ele></trkpt><trkpt lat="42.93351092419297" lon="-1.7184901004248665"><ele>699.15002441</ele></trkpt><trkpt lat="42.933515543425635" lon="-1.7187350963255126"><ele>696.88000488</ele></trkpt><trkpt lat="42.933516874909394" lon="-1.7188057210296455"><ele>696.33001709</ele></trkpt><trkpt lat="42.93350962877361" lon="-1.7189056028204264"><ele>697.15002441</ele></trkpt><trkpt lat="42.93349193483811" lon="-1.7191494934472176"><ele>694.66998291</ele></trkpt><trkpt lat="42.933484688401236" lon="-1.7192493751645124"><ele>693.27001953</ele></trkpt><trkpt lat="42.93348267347282" lon="-1.7193301267894558"><ele>692.66998291</ele></trkpt><trkpt lat="42.93347656145686" lon="-1.719575062040089"><ele>689.45001221</ele></trkpt><trkpt lat="42.93347454629838" lon="-1.7196558136492919"><ele>688.38000488</ele></trkpt><trkpt lat="42.93347999453543" lon="-1.7198930215090475"><ele>685.84997559</ele></trkpt><trkpt lat="42.93347864104543" lon="-1.7198966632491957"><ele>685.84997559</ele></trkpt><trkpt lat="42.9333973613629" lon="-1.7201153558880002"><ele>683.94000244</ele></trkpt><trkpt lat="42.93339600786566" lon="-1.720118997618552"><ele>683.94000244</ele></trkpt><trkpt lat="42.933386214622736" lon="-1.7201587909232752"><ele>683.19000244</ele></trkpt><trkpt lat="42.9333290229714" lon="-1.7203911788341375"><ele>680.03997803</ele></trkpt><trkpt lat="42.93331922963261" lon="-1.7204309720545967"><ele>679.17999268</ele></trkpt><trkpt lat="42.933225017040975" lon="-1.720586707815535"><ele>676.75</ele></trkpt><trkpt lat="42.93319325822104" lon="-1.7205909408785849"><ele>676.90997314</ele></trkpt><trkpt lat="42.93301403594758" lon="-1.7206148289302108"><ele>676.10998535</ele></trkpt><trkpt lat="42.9329822771251" lon="-1.7206190619617676"><ele>676.04998779</ele></trkpt><trkpt lat="42.93294163729737" lon="-1.720605235855657"><ele>675.44000244</ele></trkpt><trkpt lat="42.932766933639094" lon="-1.720545800000737"><ele>674.27001953</ele></trkpt><trkpt lat="42.93272629380226" lon="-1.7205319739878187"><ele>673.54998779</ele></trkpt><trkpt lat="42.932724944025566" lon="-1.7205316819740297"><ele>673.54998779</ele></trkpt><trkpt lat="42.93254709738473" lon="-1.7204932063312284"><ele>670.14001465</ele></trkpt><trkpt lat="42.93254574760794" lon="-1.7204929143190373"><ele>670.14001465</ele></trkpt><trkpt lat="42.932536732565445" lon="-1.7204972648957477"><ele>670.02001953</ele></trkpt><trkpt lat="42.93236700802326" lon="-1.7205791721413297"><ele>668.61999512</ele></trkpt><trkpt lat="42.932357992976904" lon="-1.72058352269232"><ele>667.98999023</ele></trkpt><trkpt lat="42.93233710957795" lon="-1.7206172379210711"><ele>667.73999023</ele></trkpt><trkpt lat="42.932221045206674" lon="-1.7208046174689746"><ele>667.45001221</ele></trkpt><trkpt lat="42.93220016174018" lon="-1.7208383325487364"><ele>666.59002686</ele></trkpt><trkpt lat="42.932170657441006" lon="-1.7210664879530628"><ele>665.73999023</ele></trkpt><trkpt lat="42.93217081739156" lon="-1.7210742551347695"><ele>665.73999023</ele></trkpt><trkpt lat="42.93217586192562" lon="-1.7213192303202212"><ele>664.09997559</ele></trkpt><trkpt lat="42.93217602185903" lon="-1.7213269975036467"><ele>663.78997803</ele></trkpt><trkpt lat="42.932070996612296" lon="-1.7215119861066266"><ele>664.20001221</ele></trkpt><trkpt lat="42.93199899606407" lon="-1.7216910235583789"><ele>662.80999756</ele></trkpt><trkpt lat="42.931972006335855" lon="-1.7219119705259827"><ele>658.16998291</ele></trkpt><trkpt lat="42.93206596747039" lon="-1.722048008814457"><ele>653.75</ele></trkpt><trkpt lat="42.9321650415659" lon="-1.722201984375708"><ele>653.89001465</ele></trkpt><trkpt lat="42.93227802962065" lon="-1.7222500126808848"><ele>652.55999756</ele></trkpt><trkpt lat="42.93242387473583" lon="-1.7222467437386522"><ele>651.09002686</ele></trkpt><trkpt lat="42.9325585719198" lon="-1.722290413454176"><ele>647.41998291</ele></trkpt><trkpt lat="42.93268136680127" lon="-1.7223350889980695"><ele>646.7199707</ele></trkpt><trkpt lat="42.93268920901531" lon="-1.7223283015833484"><ele>646.7199707</ele></trkpt><trkpt lat="42.93284116265951" lon="-1.7221967857042997"><ele>643.40002441</ele></trkpt><trkpt lat="42.93284900486469" lon="-1.7221899982541893"><ele>643.15997314</ele></trkpt><trkpt lat="42.93287921616999" lon="-1.7221817160901607"><ele>641.97998047</ele></trkpt><trkpt lat="42.933055749967934" lon="-1.722133320726383"><ele>640.23999023</ele></trkpt><trkpt lat="42.93308596126736" lon="-1.722125038504611"><ele>639</ele></trkpt><trkpt lat="42.93323457241058" lon="-1.7220972944051025"><ele>636.73999023</ele></trkpt><trkpt lat="42.93335602618753" lon="-1.722160996869212"><ele>638.13000488</ele></trkpt><trkpt lat="42.93337247835758" lon="-1.722160996869837"><ele>638.07000732</ele></trkpt><trkpt lat="42.93355255817762" lon="-1.72216099686985"><ele>634.39001465</ele></trkpt><trkpt lat="42.933569010347114" lon="-1.7221609968692142"><ele>634.39001465</ele></trkpt><trkpt lat="42.933583935747514" lon="-1.7221732443580862"><ele>633.47998047</ele></trkpt><trkpt lat="42.933738151554806" lon="-1.7222997912090436"><ele>630.14001465</ele></trkpt><trkpt lat="42.933753076940775" lon="-1.7223120387643516"><ele>629.57000732</ele></trkpt><trkpt lat="42.933909986168125" lon="-1.72235000878572"><ele>627.90002441</ele></trkpt><trkpt lat="42.93403001502158" lon="-1.7224240209907318"><ele>624.88000488</ele></trkpt><trkpt lat="42.93414115905761" lon="-1.722493171691898"><ele>624.80999756</ele></trkpt><trkpt lat="42.93421778521425" lon="-1.722476409897926"><ele>624.47998047</ele></trkpt><trkpt lat="42.934395582977885" lon="-1.7224375168776145"><ele>625.15002441</ele></trkpt><trkpt lat="42.934573380719996" lon="-1.7223986236215192"><ele>623.90997314</ele></trkpt><trkpt lat="42.93475117844059" lon="-1.7223597301296627"><ele>624.14001465</ele></trkpt><trkpt lat="42.93482780456542" lon="-1.7223429679870574"><ele>623.27001953</ele></trkpt><trkpt lat="42.93489770773127" lon="-1.7223247325125135"><ele>622.47998047</ele></trkpt><trkpt lat="42.93507456782143" lon="-1.7222785952391593"><ele>620.26000977</ele></trkpt><trkpt lat="42.93525142788423" lon="-1.722232457689999"><ele>616.64001465</ele></trkpt><trkpt lat="42.93532133102417" lon="-1.7222142219543455"><ele>615.09997559</ele></trkpt><trkpt lat="42.93533953625512" lon="-1.722210580920618"><ele>614.80999756</ele></trkpt><trkpt lat="42.93551770251656" lon="-1.722174947668337"><ele>613.25</ele></trkpt><trkpt lat="42.935535907745354" lon="-1.7221713066101054"><ele>613.23999023</ele></trkpt><trkpt lat="42.935535907745354" lon="-1.7221713066101054"><ele>613.23999023</ele></trkpt><trkpt lat="42.93559517499585" lon="-1.7221374398496603"><ele>613.01000977</ele></trkpt><trkpt lat="42.93576121338543" lon="-1.7220425610549708"><ele>610.75</ele></trkpt><trkpt lat="42.93592725168506" lon="-1.7219476817415416"><ele>609.21002197</ele></trkpt><trkpt lat="42.93598651885985" lon="-1.7219138145446726"><ele>608.13000488</ele></trkpt><trkpt lat="42.93607234954832" lon="-1.7217850685119547"><ele>607.9699707</ele></trkpt><trkpt lat="42.936158180236816" lon="-1.7216348648071258"><ele>606.90997314</ele></trkpt><trkpt lat="42.93626546859741" lon="-1.7215275764465259"><ele>605.7800293</ele></trkpt><trkpt lat="42.93628280842892" lon="-1.7215084059431638"><ele>605.78997803</ele></trkpt><trkpt lat="42.936422582378185" lon="-1.721353874673158"><ele>604.25</ele></trkpt><trkpt lat="42.93656235610641" lon="-1.721199342701381"><ele>604.04998779</ele></trkpt><trkpt lat="42.936702129613565" lon="-1.7210448100278453"><ele>605.17999268</ele></trkpt><trkpt lat="42.93684190289968" lon="-1.7208902766525407"><ele>604.94000244</ele></trkpt><trkpt lat="42.936859242618084" lon="-1.7208711057901425"><ele>605.07000732</ele></trkpt><trkpt lat="42.936918837949634" lon="-1.7207183875143512"><ele>604.64001465</ele></trkpt><trkpt lat="42.93693065643312" lon="-1.7206907272338872"><ele>604.78997803</ele></trkpt><trkpt lat="42.936969716101885" lon="-1.720514874905345"><ele>603.13000488</ele></trkpt><trkpt lat="42.937015062198036" lon="-1.7203945945948358"><ele>603.70001221</ele></trkpt><trkpt lat="42.93715353123846" lon="-1.7202490847557816"><ele>605.70001221</ele></trkpt><trkpt lat="42.93724807910619" lon="-1.7201839573681397"><ele>606.71002197</ele></trkpt><trkpt lat="42.93739459477366" lon="-1.7200553789734767"><ele>606.9699707</ele></trkpt><trkpt lat="42.93739995276747" lon="-1.7200527846369476"><ele>606.9699707</ele></trkpt><trkpt lat="42.93756961533835" lon="-1.7199706338939946"><ele>605.34002686</ele></trkpt><trkpt lat="42.9375749733299" lon="-1.7199680395424422"><ele>605.34002686</ele></trkpt><trkpt lat="42.93759513316348" lon="-1.719960413445362"><ele>605.26000977</ele></trkpt><trkpt lat="42.93776863585241" lon="-1.7198947803231173"><ele>605.28997803</ele></trkpt><trkpt lat="42.93778879567981" lon="-1.7198871541768326"><ele>605.40002441</ele></trkpt><trkpt lat="42.93792902491985" lon="-1.719842981547122"><ele>609.15002441</ele></trkpt><trkpt lat="42.9380063060671" lon="-1.7198090348392705"><ele>604.73999023</ele></trkpt><trkpt lat="42.938129520043724" lon="-1.71985840424896"><ele>605.92999268</ele></trkpt><trkpt lat="42.93820420280098" lon="-1.7199221067130492"><ele>606.90997314</ele></trkpt><trkpt lat="42.938265223056064" lon="-1.7199464980512769"><ele>607.2199707</ele></trkpt><trkpt lat="42.93840201571584" lon="-1.7199366912245722"><ele>607.05999756</ele></trkpt><trkpt lat="42.938512992113836" lon="-1.719922022894022"><ele>607.42999268</ele></trkpt><trkpt lat="42.938526794567984" lon="-1.7199139440196758"><ele>606.89001465</ele></trkpt><trkpt lat="42.93869222489815" lon="-1.7198171137612739"><ele>607.86999512</ele></trkpt><trkpt lat="42.93870602734387" lon="-1.7198090348392647"><ele>607.70001221</ele></trkpt><trkpt lat="42.938795126974576" lon="-1.719785565510394"><ele>608.5</ele></trkpt><trkpt lat="42.9389289021492" lon="-1.7197423148900288"><ele>608.30999756</ele></trkpt><trkpt lat="42.939008949324474" lon="-1.7197549715638167"><ele>607.57000732</ele></trkpt><trkpt lat="42.93914146721364" lon="-1.7198325041681535"><ele>608.67999268</ele></trkpt><trkpt lat="42.939238697290406" lon="-1.7198804486542862"><ele>608.35998535</ele></trkpt><trkpt lat="42.93931346386671" lon="-1.7199416365474405"><ele>609.29998779</ele></trkpt><trkpt lat="42.9393573012203" lon="-1.7200149782002023"><ele>609.64001465</ele></trkpt><trkpt lat="42.93944313190877" lon="-1.7200973723083788"><ele>610.11999512</ele></trkpt><trkpt lat="42.93955083936453" lon="-1.7201923392713088"><ele>610.14001465</ele></trkpt><trkpt lat="42.93962401337922" lon="-1.720238020643585"><ele>610.27001953</ele></trkpt><trkpt lat="42.93972258456052" lon="-1.7202842887490946"><ele>611.4699707</ele></trkpt><trkpt lat="42.93980011716485" lon="-1.7202797625213913"><ele>612.25</ele></trkpt><trkpt lat="42.93991696089506" lon="-1.7202619928866671"><ele>612.90002441</ele></trkpt><trkpt lat="42.94000924564897" lon="-1.7201863881200492"><ele>613.75</ele></trkpt><trkpt lat="42.940113097429276" lon="-1.7201011441648053"><ele>612.65002441</ele></trkpt><trkpt lat="42.94022876769304" lon="-1.7199910059571355"><ele>611.60998535</ele></trkpt><trkpt lat="42.94031476601957" lon="-1.719966279342774"><ele>611.76000977</ele></trkpt><trkpt lat="42.940456336364136" lon="-1.7199485097080378"><ele>610.11999512</ele></trkpt><trkpt lat="42.940514087677" lon="-1.719961166381842"><ele>609.85998535</ele></trkpt><trkpt lat="42.94058077139651" lon="-1.719961166387365"><ele>608.61999512</ele></trkpt><trkpt lat="42.940760850911595" lon="-1.7199611663936687"><ele>605.54998779</ele></trkpt><trkpt lat="42.94094093042111" lon="-1.7199611663873575"><ele>602.90997314</ele></trkpt><trkpt lat="42.94100761413574" lon="-1.7199611663818277"><ele>601.79998779</ele></trkpt><trkpt lat="42.94095288030803" lon="-1.7199611663818348"><ele>602.78997803</ele></trkpt><trkpt lat="42.94100761413574" lon="-1.7199611663818277"><ele>601.79998779</ele></trkpt><trkpt lat="42.941095833255815" lon="-1.7199646951285723"><ele>600.70001221</ele></trkpt><trkpt lat="42.94127583504328" lon="-1.7199718951852565"><ele>597.54998779</ele></trkpt><trkpt lat="42.9414558368253" lon="-1.7199790952713556"><ele>594.64001465</ele></trkpt><trkpt lat="42.94154405593873" lon="-1.7199826240539484"><ele>593.39001465</ele></trkpt><trkpt lat="42.94161299348332" lon="-1.719997610377659"><ele>592.65002441</ele></trkpt><trkpt lat="42.94179081918309" lon="-1.720036268031481"><ele>590.48999023</ele></trkpt><trkpt lat="42.94196864486728" lon="-1.7200749258959078"><ele>588.03997803</ele></trkpt><trkpt lat="42.942037582397454" lon="-1.7200899124145543"><ele>587.17999268</ele></trkpt><trkpt lat="42.94204006106888" lon="-1.720090058218078"><ele>587.11999512</ele></trkpt><trkpt lat="42.94221997261341" lon="-1.7201006412253819"><ele>584.7800293</ele></trkpt><trkpt lat="42.94239988415222" lon="-1.720111224281791"><ele>583.30999756</ele></trkpt><trkpt lat="42.94240236282349" lon="-1.7201113700866741"><ele>583.30999756</ele></trkpt><trkpt lat="42.942336061969385" lon="-1.7201075144112077"><ele>583.64001465</ele></trkpt><trkpt lat="42.94240236282349" lon="-1.7201113700866741"><ele>583.30999756</ele></trkpt><trkpt lat="42.94246691234579" lon="-1.7201480058402836"><ele>582.66998291</ele></trkpt><trkpt lat="42.94263312119795" lon="-1.720242339781393"><ele>581.34002686</ele></trkpt><trkpt lat="42.94279932997419" lon="-1.7203366742212942"><ele>579.20001221</ele></trkpt><trkpt lat="42.942965538674535" lon="-1.7204310091599757"><ele>578.48999023</ele></trkpt><trkpt lat="42.94313174729898" lon="-1.720525344597478"><ele>578.65002441</ele></trkpt><trkpt lat="42.94319629669189" lon="-1.720561981201168"><ele>578.29998779</ele></trkpt><trkpt lat="42.94323921203613" lon="-1.7205834388732963"><ele>578.17999268</ele></trkpt><trkpt lat="42.943264860659845" lon="-1.7205577902495863"><ele>577.75</ele></trkpt><trkpt lat="42.94327641394843" lon="-1.7205387579920473"><ele>577.35998535</ele></trkpt><trkpt lat="42.94339111808643" lon="-1.7203497999725652"><ele>574.61999512</ele></trkpt><trkpt lat="42.94350582190111" lon="-1.72016084125367"><ele>572.63000488</ele></trkpt><trkpt lat="42.943620525392454" lon="-1.7199718818353729"><ele>570.46002197</ele></trkpt><trkpt lat="42.943735228560456" lon="-1.719782921717667"><ele>570</ele></trkpt><trkpt lat="42.94384993140513" lon="-1.71959396090056"><ele>569.80999756</ele></trkpt><trkpt lat="42.94386148452759" lon="-1.7195749282836865"><ele>569.7800293</ele></trkpt><trkpt lat="42.94388998047198" lon="-1.7195333404315192"><ele>569.70001221</ele></trkpt><trkpt lat="42.944012804937245" lon="-1.7193540859514527"><ele>569.72998047</ele></trkpt><trkpt lat="42.944135629109915" lon="-1.7191748307593695"><ele>569.95001221</ele></trkpt><trkpt lat="42.944258452990006" lon="-1.7189955748552874"><ele>570.34997559</ele></trkpt><trkpt lat="42.94438127657748" lon="-1.7188163182391778"><ele>571.01000977</ele></trkpt><trkpt lat="42.94450409987237" lon="-1.718637060911041"><ele>571.96002197</ele></trkpt><trkpt lat="42.94462692287465" lon="-1.7184578028708923"><ele>573.96002197</ele></trkpt><trkpt lat="42.944655418395996" lon="-1.7184162139892543"><ele>574.55999756</ele></trkpt><trkpt lat="42.9447841644287" lon="-1.7182874679565405"><ele>577.83001709</ele></trkpt><trkpt lat="42.94482707977294" lon="-1.7182016372680655"><ele>579.15002441</ele></trkpt><trkpt lat="42.94487710751" lon="-1.7182607607143885"><ele>579.47998047</ele></trkpt><trkpt lat="42.945013086539745" lon="-1.7184214632040742"><ele>580.08001709</ele></trkpt><trkpt lat="42.94506311416626" lon="-1.7184805870056148"><ele>580.2800293</ele></trkpt><trkpt lat="42.94510214611795" lon="-1.718533565581142"><ele>580.40002441</ele></trkpt><trkpt lat="42.94522966280002" lon="-1.7187066463246292"><ele>580.15997314</ele></trkpt><trkpt lat="42.94535717922681" lon="-1.7188797277827472"><ele>579.80999756</ele></trkpt><trkpt lat="42.9453962109983" lon="-1.7189327068626954"><ele>579.65002441</ele></trkpt><trkpt lat="42.94542521304864" lon="-1.7189720632218326"><ele>579.58001709</ele></trkpt><trkpt lat="42.9455527438169" lon="-1.719145125661986"><ele>579.25</ele></trkpt><trkpt lat="42.945680274329916" lon="-1.7193181888167537"><ele>578.90002441</ele></trkpt><trkpt lat="42.94580780458772" lon="-1.7194912526861785"><ele>578.59997559</ele></trkpt><trkpt lat="42.945935334590274" lon="-1.7196643172702382"><ele>578.17999268</ele></trkpt><trkpt lat="42.94596433639527" lon="-1.7197036743163998"><ele>578.19000244</ele></trkpt><trkpt lat="42.946009305678764" lon="-1.7197655066338438"><ele>577.95001221</ele></trkpt><trkpt lat="42.94613599800965" lon="-1.7199397080535845"><ele>577.4699707</ele></trkpt><trkpt lat="42.94626269008186" lon="-1.7201139101881127"><ele>576.86999512</ele></trkpt><trkpt lat="42.94630765914916" lon="-1.7201757431030347"><ele>576.69000244</ele></trkpt><trkpt lat="42.946372032165534" lon="-1.7202401161193905"><ele>576.41998291</ele></trkpt><trkpt lat="42.946399247981056" lon="-1.7202591671257663"><ele>576.20001221</ele></trkpt><trkpt lat="42.946559393092414" lon="-1.7203712687037096"><ele>575.2800293</ele></trkpt><trkpt lat="42.946586608886726" lon="-1.7203903198242199"><ele>575.16998291</ele></trkpt><trkpt lat="42.94671535491941" lon="-1.72054052352906"><ele>574.40997314</ele></trkpt><trkpt lat="42.9468011856079" lon="-1.7206692695617622"><ele>574.20001221</ele></trkpt><trkpt lat="42.94682264328003" lon="-1.720798015594483"><ele>574.0300293</ele></trkpt><trkpt lat="42.94682620431079" lon="-1.7208710114099668"><ele>574.03997803</ele></trkpt><trkpt lat="42.94683813609771" lon="-1.7211156022432028"><ele>574.33001709</ele></trkpt><trkpt lat="42.94685006736311" lon="-1.7213601931833993"><ele>574.84002686</ele></trkpt><trkpt lat="42.94686199810694" lon="-1.7216047842305695"><ele>575.78997803</ele></trkpt><trkpt lat="42.946865558624275" lon="-1.7216777801513723"><ele>575.89001465</ele></trkpt><trkpt lat="42.94693956959346" lon="-1.7216143424622057"><ele>576.33001709</ele></trkpt><trkpt lat="42.94709195518121" lon="-1.7214837262441154"><ele>577.63000488</ele></trkpt><trkpt lat="42.947165966033936" lon="-1.7214202880859404"><ele>577.65997314</ele></trkpt><trkpt lat="42.94727325439453" lon="-1.721355915069582"><ele>578.20001221</ele></trkpt><trkpt lat="42.947333542124504" lon="-1.7213516088228324"><ele>578.42999268</ele></trkpt><trkpt lat="42.94751337407775" lon="-1.7213387636833106"><ele>579.26000977</ele></trkpt><trkpt lat="42.94757366180419" lon="-1.7213344573974578"><ele>579.60998535</ele></trkpt><trkpt lat="42.94764551104214" lon="-1.7213488271895"><ele>579.85998535</ele></trkpt><trkpt lat="42.947823677655904" lon="-1.7213844605122601"><ele>580.23999023</ele></trkpt><trkpt lat="42.947895526886" lon="-1.7213988304138153"><ele>580.51000977</ele></trkpt><trkpt lat="42.947895526885986" lon="-1.7214632034301809"><ele>580.54998779</ele></trkpt><trkpt lat="42.94787406921384" lon="-1.7215275764465379"><ele>580.79998779</ele></trkpt><trkpt lat="42.94787121688188" lon="-1.7215322439295957"><ele>580.79998779</ele></trkpt><trkpt lat="42.947756052186094" lon="-1.7217206958634363"><ele>582.86999512</ele></trkpt><trkpt lat="42.947640887168646" lon="-1.7219091470967556"><ele>586.14001465</ele></trkpt><trkpt lat="42.94763803482055" lon="-1.7219138145446857"><ele>586.40997314</ele></trkpt><trkpt lat="42.947616577148445" lon="-1.7220211029052739"><ele>587.71002197</ele></trkpt><trkpt lat="42.94761657714844" lon="-1.7221498489379907"><ele>589.01000977</ele></trkpt><trkpt lat="42.947647674009204" lon="-1.7221656069159486"><ele>589.2800293</ele></trkpt><trkpt lat="42.94765487244288" lon="-1.7221691979009366"><ele>589.59002686</ele></trkpt><trkpt lat="42.94782395543866" lon="-1.7222535462935273"><ele>594.07000732</ele></trkpt><trkpt lat="42.94783115386961" lon="-1.7222571372985889"><ele>594.07000732</ele></trkpt><trkpt lat="42.94791698455809" lon="-1.722385883331302"><ele>596.48999023</ele></trkpt><trkpt lat="42.94802427291869" lon="-1.7224287986755418"><ele>597.16998291</ele></trkpt><trkpt lat="42.94806718826294" lon="-1.7224287986755389"><ele>597.76000977</ele></trkpt><trkpt lat="42.948088645935066" lon="-1.7223644256591832"><ele>598.90997314</ele></trkpt><trkpt lat="42.9482388496399" lon="-1.7223215103149447"><ele>600.84002686</ele></trkpt><trkpt lat="42.9483675956726" lon="-1.7223429679870617"><ele>603.65002441</ele></trkpt><trkpt lat="42.94839983101324" lon="-1.7223859482769726"><ele>604.20001221</ele></trkpt><trkpt lat="42.948528479459576" lon="-1.7225574795387513"><ele>606.7199707</ele></trkpt><trkpt lat="42.94856071472167" lon="-1.722600460052499"><ele>607.44000244</ele></trkpt><trkpt lat="42.948631450251554" lon="-1.7226610897159258"><ele>608.85998535</ele></trkpt><trkpt lat="42.94878383740971" lon="-1.72279170613524"><ele>611.10998535</ele></trkpt><trkpt lat="42.94893622442314" lon="-1.722922323193725"><ele>613.92999268</ele></trkpt><trkpt lat="42.94908861129186" lon="-1.7230529408913475"><ele>616.03997803</ele></trkpt><trkpt lat="42.94924099801585" lon="-1.7231835592281521"><ele>618.13000488</ele></trkpt><trkpt lat="42.949311733245835" lon="-1.723244190216062"><ele>619.27001953</ele></trkpt><trkpt lat="42.94941902160645" lon="-1.7232871055603103"><ele>621.21002197</ele></trkpt><trkpt lat="42.94954776763914" lon="-1.723351478576665"><ele>623.20001221</ele></trkpt><trkpt lat="42.9495140723884" lon="-1.723334714770311"><ele>623.09002686</ele></trkpt><trkpt lat="42.94954640726131" lon="-1.7233740231503083"><ele>623.7800293</ele></trkpt><trkpt lat="42.94968072396457" lon="-1.7235373079041105"><ele>625.09997559</ele></trkpt><trkpt lat="42.94971305876972" lon="-1.7235766164958426"><ele>625.77001953</ele></trkpt><trkpt lat="42.949840966612115" lon="-1.7237440031021827"><ele>628.30999756</ele></trkpt><trkpt lat="42.94989100657402" lon="-1.7239109706133586"><ele>629.58001709</ele></trkpt><trkpt lat="42.949916527772835" lon="-1.7239734532508166"><ele>629.72998047</ele></trkpt><trkpt lat="42.950004038383284" lon="-1.7241877033660382"><ele>632.2800293</ele></trkpt><trkpt lat="42.95002955943346" lon="-1.7242501862347208"><ele>632.05999756</ele></trkpt><trkpt lat="42.95004848272072" lon="-1.7243033046903586"><ele>632.34997559</ele></trkpt><trkpt lat="42.95012706090643" lon="-1.7245238780136813"><ele>633.67999268</ele></trkpt><trkpt lat="42.9501459840685" lon="-1.7245769966393691"><ele>633.91998291</ele></trkpt><trkpt lat="42.95025201514365" lon="-1.7247670143842704"><ele>636.33001709</ele></trkpt><trkpt lat="42.95040003955362" lon="-1.724782017990951"><ele>638.51000977</ele></trkpt><trkpt lat="42.95052635483442" lon="-1.7248017154633952"><ele>641.61999512</ele></trkpt><trkpt lat="42.95054076339649" lon="-1.7248165582653339"><ele>642.27001953</ele></trkpt><trkpt lat="42.9506843620411" lon="-1.7249644851140982"><ele>648.0300293</ele></trkpt><trkpt lat="42.95069877058266" lon="-1.724979327991602"><ele>648.19000244</ele></trkpt><trkpt lat="42.95070003551744" lon="-1.7249801974694055"><ele>648.19000244</ele></trkpt><trkpt lat="42.95086078512249" lon="-1.7250906921927602"><ele>650.71002197</ele></trkpt><trkpt lat="42.95086205005646" lon="-1.725091561675067"><ele>650.71002197</ele></trkpt><trkpt lat="42.95088982738975" lon="-1.7251155485585972"><ele>651.11999512</ele></trkpt><trkpt lat="42.951041892496356" lon="-1.7252468635618396"><ele>653.42999268</ele></trkpt><trkpt lat="42.951069669798024" lon="-1.7252708505839145"><ele>654.05999756</ele></trkpt><trkpt lat="42.95119699090719" lon="-1.7254153545945845"><ele>655.92999268</ele></trkpt><trkpt lat="42.95121828618072" lon="-1.7254458252475067"><ele>656.2800293</ele></trkpt><trkpt lat="42.95134241174182" lon="-1.7256234327622721"><ele>657.73999023</ele></trkpt><trkpt lat="42.95136370696126" lon="-1.7256539035588434"><ele>657.86999512</ele></trkpt><trkpt lat="42.95136402343595" lon="-1.7256543560588693"><ele>657.86999512</ele></trkpt><trkpt lat="42.9514881970255" lon="-1.725831901775526"><ele>658.96002197</ele></trkpt><trkpt lat="42.9514885134995" lon="-1.7258323542773752"><ele>658.96002197</ele></trkpt><trkpt lat="42.951495445953626" lon="-1.7258420970053236"><ele>658.96002197</ele></trkpt><trkpt lat="42.95162073816926" lon="-1.726018180672563"><ele>659.90002441</ele></trkpt><trkpt lat="42.951746030120475" lon="-1.7261942650547393"><ele>660.86999512</ele></trkpt><trkpt lat="42.95175296254454" lon="-1.7262040078639989"><ele>661</ele></trkpt><trkpt lat="42.95178559718637" lon="-1.7262481346046499"><ele>661.0300293</ele></trkpt><trkpt lat="42.95191336321433" lon="-1.7264208933588894"><ele>662.10998535</ele></trkpt><trkpt lat="42.951945997774594" lon="-1.7264650203287524"><ele>661.65002441</ele></trkpt><trkpt lat="42.95203803107143" lon="-1.726649003103383"><ele>661.82000732</ele></trkpt><trkpt lat="42.952063953520636" lon="-1.7267178967738201"><ele>661.71002197</ele></trkpt><trkpt lat="42.9521460516051" lon="-1.7269360886165603"><ele>661.58001709</ele></trkpt><trkpt lat="42.95217197388411" lon="-1.7270049825310747"><ele>661.82000732</ele></trkpt><trkpt lat="42.952209405807714" lon="-1.727086896764161"><ele>661.28997803</ele></trkpt><trkpt lat="42.95230452716077" lon="-1.7272950568060388"><ele>661.20001221</ele></trkpt><trkpt lat="42.95234195888043" lon="-1.7273769713938285"><ele>660.90002441</ele></trkpt><trkpt lat="42.952441032975905" lon="-1.7275740299373876"><ele>660.86999512</ele></trkpt><trkpt lat="42.952506998553865" lon="-1.7277730163186724"><ele>660.16998291</ele></trkpt><trkpt lat="42.95250794454234" lon="-1.7277778098413439"><ele>660.16998291</ele></trkpt><trkpt lat="42.95255466761383" lon="-1.7280145669226"><ele>659.9699707</ele></trkpt><trkpt lat="42.952555613592246" lon="-1.7280193604528982"><ele>659.9699707</ele></trkpt><trkpt lat="42.95266700908542" lon="-1.7282080370932817"><ele>659.70001221</ele></trkpt><trkpt lat="42.95274403877556" lon="-1.728410962969061"><ele>659.41998291</ele></trkpt><trkpt lat="42.95284805819392" lon="-1.7285935208201393"><ele>659.29998779</ele></trkpt><trkpt lat="42.95286437335202" lon="-1.7286354488331839"><ele>659.38000488</ele></trkpt><trkpt lat="42.95294867067831" lon="-1.7288520838975416"><ele>659.67999268</ele></trkpt><trkpt lat="42.95296498574316" lon="-1.7288940120488394"><ele>659.97998047</ele></trkpt><trkpt lat="42.95297676504856" lon="-1.728931711937135"><ele>659.7800293</ele></trkpt><trkpt lat="42.953047251476974" lon="-1.729157306201299"><ele>660.61999512</ele></trkpt><trkpt lat="42.95305903069676" lon="-1.7291950061917267"><ele>660.64001465</ele></trkpt><trkpt lat="42.95307202264666" lon="-1.7294000275432997"><ele>662.65002441</ele></trkpt><trkpt lat="42.953070169170914" lon="-1.7294143100796582"><ele>662.65002441</ele></trkpt><trkpt lat="42.95303883979929" lon="-1.7296557261227243"><ele>664.34002686</ele></trkpt><trkpt lat="42.953036986291416" lon="-1.729670008644467"><ele>664.65997314</ele></trkpt><trkpt lat="42.953033441116936" lon="-1.729710001276478"><ele>664.91998291</ele></trkpt><trkpt lat="42.9530118654565" lon="-1.7299533898670167"><ele>666.57000732</ele></trkpt><trkpt lat="42.95300832018256" lon="-1.7299933824688185"><ele>667.11999512</ele></trkpt><trkpt lat="42.95296515338123" lon="-1.7301654629409309"><ele>667.97998047</ele></trkpt><trkpt lat="42.95295400545001" lon="-1.7302780319005333"><ele>668.41998291</ele></trkpt><trkpt lat="42.95300563797352" lon="-1.730447430163631"><ele>669.72998047</ele></trkpt><trkpt lat="42.95303472317754" lon="-1.7305900063365647"><ele>670.58001709</ele></trkpt><trkpt lat="42.95305400155483" lon="-1.7307979613542608"><ele>671.21002197</ele></trkpt><trkpt lat="42.953095994889736" lon="-1.73097599297762"><ele>672.19000244</ele></trkpt><trkpt lat="42.95310563407838" lon="-1.731158467009663"><ele>672.09997559</ele></trkpt><trkpt lat="42.95312901958824" lon="-1.7313029710203507"><ele>672.26000977</ele></trkpt><trkpt lat="42.95316766016185" lon="-1.7313873767852728"><ele>672.4699707</ele></trkpt><trkpt lat="42.95318903401494" lon="-1.7314720340073115"><ele>672.64001465</ele></trkpt><trkpt lat="42.95318098738789" lon="-1.7315820045769195"><ele>671.67999268</ele></trkpt><trkpt lat="42.95321753248573" lon="-1.731731789186594"><ele>670.84997559</ele></trkpt><trkpt lat="42.9532600287348" lon="-1.731888027861715"><ele>670.58001709</ele></trkpt><trkpt lat="42.953262620256105" lon="-1.7319120511327164"><ele>670.42999268</ele></trkpt><trkpt lat="42.953288785587034" lon="-1.7321546051499774"><ele>671.73999023</ele></trkpt><trkpt lat="42.95329137705265" lon="-1.732178628444665"><ele>671.76000977</ele></trkpt><trkpt lat="42.95328936539589" lon="-1.7322847433388222"><ele>671.90002441</ele></trkpt><trkpt lat="42.953289791762614" lon="-1.7322929362474122"><ele>671.85998535</ele></trkpt><trkpt lat="42.95330251773035" lon="-1.732537479072063"><ele>672.20001221</ele></trkpt><trkpt lat="42.95330294407903" lon="-1.7325456719845538"><ele>672.20001221</ele></trkpt><trkpt lat="42.953330017626286" lon="-1.7326480150222763"><ele>672.2800293</ele></trkpt><trkpt lat="42.953354995697744" lon="-1.7327920161187682"><ele>671.84002686</ele></trkpt><trkpt lat="42.95339883305133" lon="-1.732958983629942"><ele>671.89001465</ele></trkpt><trkpt lat="42.953453734517105" lon="-1.7331422120332622"><ele>671.36999512</ele></trkpt><trkpt lat="42.95352900400758" lon="-1.7333152145147273"><ele>671.28997803</ele></trkpt><trkpt lat="42.953590610995874" lon="-1.7334804218262423"><ele>670.54998779</ele></trkpt><trkpt lat="42.953624809160836" lon="-1.7336494009941783"><ele>669.36999512</ele></trkpt><trkpt lat="42.953674010932446" lon="-1.7338140215724749"><ele>668.59997559</ele></trkpt><trkpt lat="42.95367570511939" lon="-1.7338219577333964"><ele>668.59997559</ele></trkpt><trkpt lat="42.95372596094253" lon="-1.7340573748549097"><ele>666.71002197</ele></trkpt><trkpt lat="42.95372765511275" lon="-1.7340653110295594"><ele>666.71002197</ele></trkpt><trkpt lat="42.95376252382994" lon="-1.734292209148402"><ele>666.15997314</ele></trkpt><trkpt lat="42.95377903617918" lon="-1.7344423290342137"><ele>666.46002197</ele></trkpt><trkpt lat="42.953767972067" lon="-1.734599992632866"><ele>666.4699707</ele></trkpt><trkpt lat="42.95375900343059" lon="-1.7348226159810984"><ele>666.51000977</ele></trkpt><trkpt lat="42.95370996929705" lon="-1.734958989545702"><ele>665.9699707</ele></trkpt><trkpt lat="42.95360117219387" lon="-1.7350575607269951"><ele>663.84002686</ele></trkpt><trkpt lat="42.953586000949144" lon="-1.735146995633845"><ele>664.98999023</ele></trkpt><trkpt lat="42.953463373705745" lon="-1.735252356156717"><ele>664.51000977</ele></trkpt><trkpt lat="42.95336664654314" lon="-1.7353403661400113"><ele>663.90002441</ele></trkpt><trkpt lat="42.9532346315682" lon="-1.7354906536638794"><ele>662.71002197</ele></trkpt><trkpt lat="42.95317620970307" lon="-1.7355828545987697"><ele>661.80999756</ele></trkpt><trkpt lat="42.95305903069675" lon="-1.7357169650495115"><ele>659.90997314</ele></trkpt><trkpt lat="42.95302701182663" lon="-1.7357710283249557"><ele>659.59997559</ele></trkpt><trkpt lat="42.952983174473054" lon="-1.7358007002621865"><ele>659.09997559</ele></trkpt><trkpt lat="42.95294998213647" lon="-1.7358619719743669"><ele>658.67999268</ele></trkpt><trkpt lat="42.95294562354683" lon="-1.7359563522040795"><ele>658.54998779</ele></trkpt><trkpt lat="42.95292802155017" lon="-1.7360919713974017"><ele>657.84997559</ele></trkpt><trkpt lat="42.95289332047105" lon="-1.7362913768738562"><ele>656.59997559</ele></trkpt><trkpt lat="42.95288946479559" lon="-1.7364286724477946"><ele>655.46002197</ele></trkpt><trkpt lat="42.95288502238691" lon="-1.7365200351923737"><ele>655.59002686</ele></trkpt><trkpt lat="42.952864151448004" lon="-1.7366044409573145"><ele>656.5300293</ele></trkpt><trkpt lat="42.952768011018634" lon="-1.7367330193519588"><ele>655.35998535</ele></trkpt><trkpt lat="42.952668434008956" lon="-1.7368598375469408"><ele>655.71002197</ele></trkpt><trkpt lat="42.95266099209483" lon="-1.7368685438322478"><ele>655.84997559</ele></trkpt><trkpt lat="42.95252441494628" lon="-1.737028324735411"><ele>656.64001465</ele></trkpt><trkpt lat="42.95251697301864" lon="-1.7370370309799967"><ele>656.73999023</ele></trkpt><trkpt lat="42.95245603658258" lon="-1.7371119651943425"><ele>656.34002686</ele></trkpt><trkpt lat="42.952407170087106" lon="-1.737215733155614"><ele>655.82000732</ele></trkpt><trkpt lat="42.95235101133584" lon="-1.7372816149145378"><ele>655.32000732</ele></trkpt><trkpt lat="42.9522319883108" lon="-1.7374149709939997"><ele>653.26000977</ele></trkpt><trkpt lat="42.9521368537098" lon="-1.737511949613682"><ele>652.15002441</ele></trkpt><trkpt lat="42.95203534886241" lon="-1.7376760672777924"><ele>650.07000732</ele></trkpt><trkpt lat="42.95199695974588" lon="-1.7377960123121767"><ele>648.80999756</ele></trkpt><trkpt lat="42.9519539605826" lon="-1.7378720361739468"><ele>648.04998779</ele></trkpt><trkpt lat="42.95188765972853" lon="-1.7379432823509058"><ele>646.65002441</ele></trkpt><trkpt lat="42.951804595068076" lon="-1.7380385845899544"><ele>645.07000732</ele></trkpt><trkpt lat="42.95185396447778" lon="-1.738049983978271"><ele>646.20001221</ele></trkpt><trkpt lat="42.95197298750281" lon="-1.7380732856690833"><ele>647.42999268</ele></trkpt><trkpt lat="42.952024787664406" lon="-1.7380955815315335"><ele>648.32000732</ele></trkpt><trkpt lat="42.952122101560235" lon="-1.7381716053932867"><ele>649.23999023</ele></trkpt><trkpt lat="42.9521910008043" lon="-1.7382270097732544"><ele>650.52001953</ele></trkpt><trkpt lat="42.952280603349195" lon="-1.7382744513452084"><ele>651.01000977</ele></trkpt><trkpt lat="42.952394010499106" lon="-1.7383291851729064"><ele>651.03997803</ele></trkpt><trkpt lat="42.95244681648911" lon="-1.7383534926921191"><ele>650.88000488</ele></trkpt><trkpt lat="42.95248998329041" lon="-1.7383829969912772"><ele>650.69000244</ele></trkpt><trkpt lat="42.95251512545729" lon="-1.7383923088747"><ele>650.16998291</ele></trkpt><trkpt lat="42.952688889401415" lon="-1.7384566658910465"><ele>650.42999268</ele></trkpt><trkpt lat="42.9527140315622" lon="-1.7384659778326828"><ele>650.39001465</ele></trkpt><trkpt lat="42.95271906086726" lon="-1.738465208384958"><ele>650.75</ele></trkpt><trkpt lat="42.952898014174096" lon="-1.7384378297193868"><ele>654.05999756</ele></trkpt><trkpt lat="42.95290304347875" lon="-1.7384370602667276"><ele>654.05999756</ele></trkpt><trkpt lat="42.953052995726445" lon="-1.7385330330580548"><ele>655.65997314</ele></trkpt><trkpt lat="42.95315500348807" lon="-1.7385939694941064"><ele>656.14001465</ele></trkpt><trkpt lat="42.95330202206968" lon="-1.7385819833725746"><ele>659.09002686</ele></trkpt><trkpt lat="42.95343202538788" lon="-1.7386379744857525"><ele>659.55999756</ele></trkpt><trkpt lat="42.9535417445004" lon="-1.7385994177311692"><ele>662.15002441</ele></trkpt><trkpt lat="42.9535701148941" lon="-1.7386039089391092"><ele>662.55999756</ele></trkpt><trkpt lat="42.953748989406755" lon="-1.7386322259644151"><ele>663.95001221</ele></trkpt><trkpt lat="42.95377735979855" lon="-1.7386367172002781"><ele>663.82000732</ele></trkpt><trkpt lat="42.953795111169626" lon="-1.7386367172009474"><ele>663.64001465</ele></trkpt><trkpt lat="42.953975190977644" lon="-1.7386367172009543"><ele>664.7800293</ele></trkpt><trkpt lat="42.95399294234812" lon="-1.738636717200272"><ele>665.01000977</ele></trkpt><trkpt lat="42.9540469513291" lon="-1.7386238090421156"><ele>665.5</ele></trkpt><trkpt lat="42.9542243186369" lon="-1.7385814180469052"><ele>666.96002197</ele></trkpt><trkpt lat="42.95440168592053" lon="-1.738539026796503"><ele>668.11999512</ele></trkpt><trkpt lat="42.95457905317995" lon="-1.7384966352908615"><ele>668.83001709</ele></trkpt><trkpt lat="42.95475642041519" lon="-1.738454243530021"><ele>669.51000977</ele></trkpt><trkpt lat="42.95481042936443" lon="-1.7384413350373498"><ele>669.7800293</ele></trkpt><trkpt lat="42.95481902402887" lon="-1.7384333269954937"><ele>670.28997803</ele></trkpt><trkpt lat="42.95496763205903" lon="-1.7382948616548555"><ele>671.45001221</ele></trkpt><trkpt lat="42.95511623990937" lon="-1.7381563956432278"><ele>673.86999512</ele></trkpt><trkpt lat="42.95512483455242" lon="-1.7381483875215016"><ele>673.86999512</ele></trkpt><trkpt lat="42.95514725121731" lon="-1.738121579414708"><ele>674.05999756</ele></trkpt><trkpt lat="42.9552825450332" lon="-1.737959780854037"><ele>675.89001465</ele></trkpt><trkpt lat="42.95530496165156" lon="-1.7379329726099895"><ele>676.57000732</ele></trkpt><trkpt lat="42.955311480540765" lon="-1.7379302268908075"><ele>676.57000732</ele></trkpt><trkpt lat="42.95548351518655" lon="-1.7378577666459805"><ele>677.2800293</ele></trkpt><trkpt lat="42.95549003407356" lon="-1.7378550209105093"><ele>677.41998291</ele></trkpt><trkpt lat="42.95550715073592" lon="-1.7378468270603487"><ele>677.57000732</ele></trkpt><trkpt lat="42.9556770343748" lon="-1.7377655024616345"><ele>678.70001221</ele></trkpt><trkpt lat="42.95584691794523" lon="-1.73768417740569"><ele>678.83001709</ele></trkpt><trkpt lat="42.95586403459309" lon="-1.7376759834587623"><ele>679.41998291</ele></trkpt><trkpt lat="42.9559498714902" lon="-1.7376509710853643"><ele>679.08001709</ele></trkpt><trkpt lat="42.956125962881835" lon="-1.7375996588432703"><ele>678.94000244</ele></trkpt><trkpt lat="42.95621179975569" lon="-1.7375746462494197"><ele>679.02001953</ele></trkpt><trkpt lat="42.95626658416433" lon="-1.7375630185852804"><ele>679.78997803</ele></trkpt><trkpt lat="42.95644451463415" lon="-1.7375252537508723"><ele>678.84997559</ele></trkpt><trkpt lat="42.956499299034476" lon="-1.7375136259943265"><ele>679.05999756</ele></trkpt><trkpt lat="42.95654656389043" lon="-1.737451964938432"><ele>679.27001953</ele></trkpt><trkpt lat="42.95667658549503" lon="-1.7372823398887514"><ele>679.64001465</ele></trkpt><trkpt lat="42.95672385022044" lon="-1.7372206784784787"><ele>679.55999756</ele></trkpt><trkpt lat="42.956773123413846" lon="-1.7371614306314056"><ele>679.79998779</ele></trkpt><trkpt lat="42.95690809697016" lon="-1.7369991329236794"><ele>678.51000977</ele></trkpt><trkpt lat="42.9569573700428" lon="-1.7369398847222264"><ele>677.14001465</ele></trkpt><trkpt lat="42.95696998982965" lon="-1.7369227420961584"><ele>676.2800293</ele></trkpt><trkpt lat="42.95709746856154" lon="-1.736749575322623"><ele>674.34997559</ele></trkpt><trkpt lat="42.9571100883186" lon="-1.7367324326187408"><ele>674.2199707</ele></trkpt><trkpt lat="42.957144361810506" lon="-1.7366994385096612"><ele>674.41998291</ele></trkpt><trkpt lat="42.957291397430104" lon="-1.736557891000264"><ele>673.16998291</ele></trkpt><trkpt lat="42.95732567086815" lon="-1.7365248966962068"><ele>674.07000732</ele></trkpt><trkpt lat="42.95736533431964" lon="-1.7364615371497671"><ele>674.65002441</ele></trkpt><trkpt lat="42.95748214409442" lon="-1.7362749410223717"><ele>676.15002441</ele></trkpt><trkpt lat="42.95752180740236" lon="-1.7362115811556635"><ele>676.90997314</ele></trkpt><trkpt lat="42.957565016751865" lon="-1.7361489590619397"><ele>677.48999023</ele></trkpt><trkpt lat="42.95768831417398" lon="-1.7359702668134527"><ele>678.45001221</ele></trkpt><trkpt lat="42.95781161130537" lon="-1.7357915738520155"><ele>678.14001465</ele></trkpt><trkpt lat="42.95785482041538" lon="-1.735728951171037"><ele>677</ele></trkpt><trkpt lat="42.957896636172805" lon="-1.735678451424347"><ele>676.30999756</ele></trkpt><trkpt lat="42.958031353334604" lon="-1.7355157565333652"><ele>675.4699707</ele></trkpt><trkpt lat="42.95807316899299" lon="-1.735465256497267"><ele>674.64001465</ele></trkpt><trkpt lat="42.95811235862403" lon="-1.7354432743601134"><ele>673.67999268</ele></trkpt><trkpt lat="42.95827886096352" lon="-1.7353498799912528"><ele>670.65002441</ele></trkpt><trkpt lat="42.95844536321561" lon="-1.735256485109802"><ele>666.40997314</ele></trkpt><trkpt lat="42.958484552800655" lon="-1.7352345027029517"><ele>666.04998779</ele></trkpt><trkpt lat="42.95851823731444" lon="-1.7351993006384014"><ele>665.36999512</ele></trkpt><trkpt lat="42.95866108647876" lon="-1.735050015287639"><ele>663.20001221</ele></trkpt><trkpt lat="42.9586947709322" lon="-1.7350148130208274"><ele>663.36999512</ele></trkpt><trkpt lat="42.95871602778789" lon="-1.7349783118422828"><ele>663.80999756</ele></trkpt><trkpt lat="42.95882790880831" lon="-1.734786194758842"><ele>664.2800293</ele></trkpt><trkpt lat="42.95884916558861" lon="-1.734749693423507"><ele>663.95001221</ele></trkpt><trkpt lat="42.95897103846072" lon="-1.7346330173313647"><ele>663.17999268</ele></trkpt><trkpt lat="42.959089726209655" lon="-1.7345685604959746"><ele>661.30999756</ele></trkpt><trkpt lat="42.95918201096356" lon="-1.7345858272165038"><ele>661.64001465</ele></trkpt><trkpt lat="42.959325425326824" lon="-1.7346057761460538"><ele>660.76000977</ele></trkpt><trkpt lat="42.959419721737504" lon="-1.7346130684018075"><ele>660.72998047</ele></trkpt><trkpt lat="42.95942588900154" lon="-1.7346114986074013"><ele>660.72998047</ele></trkpt><trkpt lat="42.95960290166707" lon="-1.734566442262717"><ele>660.25</ele></trkpt><trkpt lat="42.95960906893015" lon="-1.7345648724585805"><ele>660.09002686</ele></trkpt><trkpt lat="42.95975122600795" lon="-1.734481221064917"><ele>660.48999023</ele></trkpt><trkpt lat="42.959864381700754" lon="-1.7343787103891413"><ele>660.58001709</ele></trkpt><trkpt lat="42.960008215159185" lon="-1.7342528980225318"><ele>660.65002441</ele></trkpt><trkpt lat="42.960013855455095" lon="-1.7342483391295904"><ele>660.65002441</ele></trkpt><trkpt lat="42.96016870418976" lon="-1.734123178850601"><ele>660.72998047</ele></trkpt><trkpt lat="42.96017434448004" lon="-1.7341186199337286"><ele>660.72998047</ele></trkpt><trkpt lat="42.96026872470974" lon="-1.734042931348086"><ele>660.79998779</ele></trkpt><trkpt lat="42.96040216460823" lon="-1.7339457850903206"><ele>660.84002686</ele></trkpt><trkpt lat="42.96040705953924" lon="-1.7339416631885218"><ele>660.84002686</ele></trkpt><trkpt lat="42.960560213880086" lon="-1.7338126952584927"><ele>660.39001465</ele></trkpt><trkpt lat="42.960565108805895" lon="-1.733808573335402"><ele>660.39001465</ele></trkpt><trkpt lat="42.960571318225654" lon="-1.7338035379290382"><ele>659.88000488</ele></trkpt><trkpt lat="42.96072603454161" lon="-1.733678073393979"><ele>657.80999756</ele></trkpt><trkpt lat="42.96073224395513" lon="-1.7336730379611203"><ele>658.21002197</ele></trkpt><trkpt lat="42.960745977662995" lon="-1.7336637051740795"><ele>658.21002197</ele></trkpt><trkpt lat="42.96090710307941" lon="-1.733554211502242"><ele>658.04998779</ele></trkpt><trkpt lat="42.9609208367765" lon="-1.733544878661633"><ele>657.60998535</ele></trkpt><trkpt lat="42.96092649659823" lon="-1.7335404138312376"><ele>657.60998535</ele></trkpt><trkpt lat="42.961082312109426" lon="-1.7334174961787205"><ele>660.94000244</ele></trkpt><trkpt lat="42.96108797192572" lon="-1.733413031324743"><ele>660.94000244</ele></trkpt><trkpt lat="42.96121462248264" lon="-1.7333068326115604"><ele>662.48999023</ele></trkpt><trkpt lat="42.961216254847415" lon="-1.7333051071621952"><ele>662.48999023</ele></trkpt><trkpt lat="42.96135849995937" lon="-1.733154750145816"><ele>663.60998535</ele></trkpt><trkpt lat="42.961360132321715" lon="-1.7331530246883577"><ele>663.60998535</ele></trkpt><trkpt lat="42.96141419559717" lon="-1.732949092984206"><ele>663.57000732</ele></trkpt><trkpt lat="42.96143221668898" lon="-1.7327928543090723"><ele>663.11999512</ele></trkpt><trkpt lat="42.96144847319366" lon="-1.7327486609096154"><ele>663.15002441</ele></trkpt><trkpt lat="42.961529115980916" lon="-1.732529431999082"><ele>661.76000977</ele></trkpt><trkpt lat="42.961545372381806" lon="-1.732485238462682"><ele>661.15002441</ele></trkpt><trkpt lat="42.961565202507245" lon="-1.7324582978333372"><ele>661.84997559</ele></trkpt><trkpt lat="42.961692677454835" lon="-1.7322851134636954"><ele>663.01000977</ele></trkpt><trkpt lat="42.96171250753103" lon="-1.7322581727057749"><ele>663.04998779</ele></trkpt><trkpt lat="42.96181292273103" lon="-1.7322009243071044"><ele>664.2199707</ele></trkpt><trkpt lat="42.96181482245904" lon="-1.732200089883661"><ele>664.32000732</ele></trkpt><trkpt lat="42.96198620478002" lon="-1.7321248128642355"><ele>663.83001709</ele></trkpt><trkpt lat="42.96198810450734" lon="-1.7321239784360003"><ele>663.83001709</ele></trkpt><trkpt lat="42.96214979141949" lon="-1.732058096677069"><ele>663.67999268</ele></trkpt><trkpt lat="42.962279208004475" lon="-1.7319262493401872"><ele>666.57000732</ele></trkpt><trkpt lat="42.9623438324779" lon="-1.7318347189575447"><ele>667.64001465</ele></trkpt><trkpt lat="42.962411306798465" lon="-1.7316918075084613"><ele>670.21002197</ele></trkpt><trkpt lat="42.962449025362716" lon="-1.7315709404647417"><ele>671.22998047</ele></trkpt><trkpt lat="42.962467389075556" lon="-1.7314650742917195"><ele>672.30999756</ele></trkpt><trkpt lat="42.96250878130893" lon="-1.7312264471781829"><ele>673.05999756</ele></trkpt><trkpt lat="42.96252714470027" lon="-1.731120580807335"><ele>673.40002441</ele></trkpt><trkpt lat="42.962526551070276" lon="-1.7311109041534993"><ele>673.70001221</ele></trkpt><trkpt lat="42.96251156127856" lon="-1.7308665627820063"><ele>674.46002197</ele></trkpt><trkpt lat="42.96251096762715" lon="-1.7308568861335594"><ele>674.46002197</ele></trkpt><trkpt lat="42.962511347153495" lon="-1.7308508728116527"><ele>674.46002197</ele></trkpt><trkpt lat="42.96252676518712" lon="-1.730606580859235"><ele>675.01000977</ele></trkpt><trkpt lat="42.96252714470027" lon="-1.730600567534562"><ele>675.13000488</ele></trkpt><trkpt lat="42.96253661256022" lon="-1.7305018140903776"><ele>675.95001221</ele></trkpt><trkpt lat="42.962559921928744" lon="-1.7302586844269887"><ele>677.23999023</ele></trkpt><trkpt lat="42.96256938949226" lon="-1.730159930884833"><ele>677.55999756</ele></trkpt><trkpt lat="42.96258288435638" lon="-1.7300500441342623"><ele>677.33001709</ele></trkpt><trkpt lat="42.962647592648864" lon="-1.7299036122858507"><ele>677.61999512</ele></trkpt><trkpt lat="42.96272277832032" lon="-1.7297673225402737"><ele>677.85998535</ele></trkpt><trkpt lat="42.962730778803056" lon="-1.7297623222693685"><ele>678.04998779</ele></trkpt><trkpt lat="42.962894439753924" lon="-1.7296600344825364"><ele>678.45001221</ele></trkpt><trkpt lat="42.96305810060182" lon="-1.7295577461451397"><ele>677.82000732</ele></trkpt><trkpt lat="42.96306610107422" lon="-1.7295527458190891"><ele>677.70001221</ele></trkpt><trkpt lat="42.963116105662" lon="-1.7295450528366907"><ele>677.67999268</ele></trkpt><trkpt lat="42.96329504622902" lon="-1.7295175235186817"><ele>676.97998047</ele></trkpt><trkpt lat="42.963345050811746" lon="-1.7295098304748513"><ele>677.2800293</ele></trkpt><trkpt lat="42.963349991872555" lon="-1.7295109930708255"><ele>677.2800293</ele></trkpt><trkpt lat="42.963527441034024" lon="-1.7295527456984991"><ele>677.34002686</ele></trkpt><trkpt lat="42.96370489017797" lon="-1.7295944985544662"><ele>676.40997314</ele></trkpt><trkpt lat="42.96370983123779" lon="-1.729595661163337"><ele>676.40997314</ele></trkpt><trkpt lat="42.96374541167423" lon="-1.7296009981971159"><ele>676.22998047</ele></trkpt><trkpt lat="42.96392440796602" lon="-1.7296278475683897"><ele>675.61999512</ele></trkpt><trkpt lat="42.964103404247986" lon="-1.7296546970831816"><ele>675.17999268</ele></trkpt><trkpt lat="42.964138984680176" lon="-1.7296600341796828"><ele>674.9699707</ele></trkpt><trkpt lat="42.96420327387749" lon="-1.7296600341796824"><ele>674.52001953</ele></trkpt><trkpt lat="42.96426999987132" lon="-1.7296600341851762"><ele>674.17999268</ele></trkpt><trkpt lat="42.96445007902159" lon="-1.729660034191435"><ele>673.20001221</ele></trkpt><trkpt lat="42.96463015816633" lon="-1.7296600341851782"><ele>672.82000732</ele></trkpt><trkpt lat="42.96469688415528" lon="-1.7296600341796906"><ele>672.2800293</ele></trkpt><trkpt lat="42.964774381345535" lon="-1.729656805159655"><ele>671.67999268</ele></trkpt><trkpt lat="42.964954376227475" lon="-1.729649305401154"><ele>670.44000244</ele></trkpt><trkpt lat="42.96513437110279" lon="-1.7296418055864433"><ele>669.2199707</ele></trkpt><trkpt lat="42.96521186828614" lon="-1.7296385765075717"><ele>668.13000488</ele></trkpt><trkpt lat="42.96536207199096" lon="-1.7296385765075633"><ele>667.39001465</ele></trkpt><trkpt lat="42.965404719310555" lon="-1.7296563461609196"><ele>667.17999268</ele></trkpt><trkpt lat="42.96557691675067" lon="-1.7297280950943146"><ele>666.35998535</ele></trkpt><trkpt lat="42.965619564056375" lon="-1.729745864868173"><ele>666.67999268</ele></trkpt><trkpt lat="42.96562756326217" lon="-1.7297508643422492"><ele>666.15002441</ele></trkpt><trkpt lat="42.96579122548232" lon="-1.7298531529348598"><ele>664.80999756</ele></trkpt><trkpt lat="42.96595488761343" lon="-1.7299554420617733"><ele>660.89001465</ele></trkpt><trkpt lat="42.96596288681028" lon="-1.7299604415893592"><ele>660.89001465</ele></trkpt><trkpt lat="42.96599506044316" lon="-1.7299893977558414"><ele>660.94000244</ele></trkpt><trkpt lat="42.966145289938964" lon="-1.7301246043020553"><ele>660.48999023</ele></trkpt><trkpt lat="42.96617746353148" lon="-1.730153560638422"><ele>659.79998779</ele></trkpt><trkpt lat="42.966170159045205" lon="-1.73014699140815"><ele>659.79998779</ele></trkpt><trkpt lat="42.96601989599027" lon="-1.7300118539682996"><ele>660.39001465</ele></trkpt><trkpt lat="42.9660125914961" lon="-1.730005284771325"><ele>660.39001465</ele></trkpt><trkpt lat="42.96601989599027" lon="-1.7300118539682996"><ele>660.39001465</ele></trkpt><trkpt lat="42.966170159045205" lon="-1.73014699140815"><ele>659.79998779</ele></trkpt><trkpt lat="42.96617746353148" lon="-1.730153560638422"><ele>659.79998779</ele></trkpt><trkpt lat="42.966220378875725" lon="-1.7301750183105369"><ele>659.17999268</ele></trkpt><trkpt lat="42.96632766723633" lon="-1.7301106452941837"><ele>658.7199707</ele></trkpt><trkpt lat="42.96634856634472" lon="-1.730102285679175"><ele>658.40997314</ele></trkpt><trkpt lat="42.96652134485615" lon="-1.7300331742746116"><ele>657.2800293</ele></trkpt><trkpt lat="42.96654224395752" lon="-1.7300248146057073"><ele>656.65002441</ele></trkpt><trkpt lat="42.96660289958674" lon="-1.730016149552665"><ele>656.82000732</ele></trkpt><trkpt lat="42.96678199574389" lon="-1.7299905643873712"><ele>658.17999268</ele></trkpt><trkpt lat="42.96684265136719" lon="-1.7299818992614657"><ele>659.04998779</ele></trkpt><trkpt lat="42.96688556671142" lon="-1.730024814605708"><ele>659.75</ele></trkpt><trkpt lat="42.966887954936645" lon="-1.7300293522030459"><ele>660.29998779</ele></trkpt><trkpt lat="42.96699285525003" lon="-1.7302286621343885"><ele>662.13000488</ele></trkpt><trkpt lat="42.967097755223065" lon="-1.730427972747259"><ele>664.08001709</ele></trkpt><trkpt lat="42.96710014343262" lon="-1.7304325103759755"><ele>664.08001709</ele></trkpt><trkpt lat="42.96713873920975" lon="-1.7304605799308923"><ele>664.58001709</ele></trkpt><trkpt lat="42.96729758208301" lon="-1.730576102020508"><ele>666.86999512</ele></trkpt><trkpt lat="42.96733617782593" lon="-1.7306041717529221"><ele>666.82000732</ele></trkpt><trkpt lat="42.96744346618651" lon="-1.7306256294250546"><ele>667.77001953</ele></trkpt><trkpt lat="42.967486381530755" lon="-1.7306041717529272"><ele>668.23999023</ele></trkpt><trkpt lat="42.96752929687499" lon="-1.7305612564086965"><ele>669.46002197</ele></trkpt><trkpt lat="42.96753199477857" lon="-1.7305261847286735"><ele>669.41998291</ele></trkpt><trkpt lat="42.96755075488838" lon="-1.7302823067601412"><ele>672.39001465</ele></trkpt><trkpt lat="42.9675695144765" lon="-1.730038428655557"><ele>672.94000244</ele></trkpt><trkpt lat="42.96757221221924" lon="-1.7300033569335993"><ele>673.34997559</ele></trkpt><trkpt lat="42.967577585401166" lon="-1.7299630584668126"><ele>673.26000977</ele></trkpt><trkpt lat="42.96760975448136" lon="-1.7297217903653401"><ele>673.4699707</ele></trkpt><trkpt lat="42.96761512756348" lon="-1.7296814918518153"><ele>673.45001221</ele></trkpt><trkpt lat="42.967615967784106" lon="-1.7296784110576202"><ele>673.45001221</ele></trkpt><trkpt lat="42.96767866036558" lon="-1.729448538258916"><ele>673.57000732</ele></trkpt><trkpt lat="42.967679500579834" lon="-1.7294454574585052"><ele>673.57000732</ele></trkpt><trkpt lat="42.96771675229741" lon="-1.7293662979451883"><ele>674.16998291</ele></trkpt><trkpt lat="42.96781391044206" lon="-1.7291598368878136"><ele>674.35998535</ele></trkpt><trkpt lat="42.96785116195679" lon="-1.7290806770324727"><ele>675.51000977</ele></trkpt><trkpt lat="42.96785116211291" lon="-1.7289779781602368"><ele>675.09997559</ele></trkpt><trkpt lat="42.967851162112915" lon="-1.7287327647827775"><ele>674.9699707</ele></trkpt><trkpt lat="42.9678511619568" lon="-1.728630065917968"><ele>675.01000977</ele></trkpt><trkpt lat="42.967855774753616" lon="-1.7285378127263378"><ele>675.0300293</ele></trkpt><trkpt lat="42.96786800710434" lon="-1.7282931657111373"><ele>675.2800293</ele></trkpt><trkpt lat="42.9678726196289" lon="-1.7282009124755964"><ele>675.13000488</ele></trkpt><trkpt lat="42.96787915751338" lon="-1.7280640359967958"><ele>675.23999023</ele></trkpt><trkpt lat="42.967880799019206" lon="-1.7280295191584212"><ele>675.28997803</ele></trkpt><trkpt lat="42.96789243587959" lon="-1.7277848182123032"><ele>676.04998779</ele></trkpt><trkpt lat="42.967894077301025" lon="-1.7277503013610847"><ele>676.0300293</ele></trkpt><trkpt lat="42.96791553497312" lon="-1.727514266967768"><ele>676.65997314</ele></trkpt><trkpt lat="42.967921875135566" lon="-1.7274889065870878"><ele>676.78997803</ele></trkpt><trkpt lat="42.96797990828299" lon="-1.7272567751648151"><ele>677.52001953</ele></trkpt><trkpt lat="42.968037940953366" lon="-1.7270246433158933"><ele>677.84997559</ele></trkpt><trkpt lat="42.96804428100586" lon="-1.7269992828369116"><ele>677.89001465</ele></trkpt><trkpt lat="42.96805240177672" lon="-1.7269728904605246"><ele>677.91998291</ele></trkpt><trkpt lat="42.96812199098269" lon="-1.7267467255410696"><ele>678.26000977</ele></trkpt><trkpt lat="42.96813011169433" lon="-1.7267203330993683"><ele>678.34997559</ele></trkpt><trkpt lat="42.968151569366434" lon="-1.7266130447387678"><ele>678.90997314</ele></trkpt><trkpt lat="42.968146956866185" lon="-1.7265207919956844"><ele>679.13000488</ele></trkpt><trkpt lat="42.96813472446552" lon="-1.7262761439826646"><ele>679.34997559</ele></trkpt><trkpt lat="42.968130111694315" lon="-1.7261838912963816"><ele>679.79998779</ele></trkpt><trkpt lat="42.968131641604394" lon="-1.7261747119021364"><ele>679.79998779</ele></trkpt><trkpt lat="42.9681714971486" lon="-1.7259355786370745"><ele>680.90997314</ele></trkpt><trkpt lat="42.968173027038574" lon="-1.725926399230961"><ele>680.90997314</ele></trkpt><trkpt lat="42.968215942382805" lon="-1.7258405685424862"><ele>681.46002197</ele></trkpt><trkpt lat="42.968238415556925" lon="-1.7258096680425559"><ele>681.60998535</ele></trkpt><trkpt lat="42.968365130643534" lon="-1.725635434798477"><ele>682.70001221</ele></trkpt><trkpt lat="42.96838760375976" lon="-1.7256045341491693"><ele>682.90997314</ele></trkpt><trkpt lat="42.96839851260637" lon="-1.725597034363757"><ele>683.11999512</ele></trkpt><trkpt lat="42.96855926520431" lon="-1.7254865172850222"><ele>684.77001953</ele></trkpt><trkpt lat="42.968720017683694" lon="-1.7253759996230984"><ele>685.92999268</ele></trkpt><trkpt lat="42.96873092651367" lon="-1.7253684997558558"><ele>686.09002686</ele></trkpt><trkpt lat="42.968859672546394" lon="-1.7252397537231363"><ele>687.65997314</ele></trkpt><trkpt lat="42.968924045562744" lon="-1.7251110076904377"><ele>687.7800293</ele></trkpt><trkpt lat="42.9689884185791" lon="-1.7248964309692312"><ele>689.0300293</ele></trkpt><trkpt lat="42.969009876251214" lon="-1.7247247695922834"><ele>690.09997559</ele></trkpt><trkpt lat="42.9689880874324" lon="-1.7246463293584202"><ele>690.34002686</ele></trkpt><trkpt lat="42.968924376917926" lon="-1.7244169715063389"><ele>690.94000244</ele></trkpt><trkpt lat="42.9689025878906" lon="-1.724338531494137"><ele>691.26000977</ele></trkpt><trkpt lat="42.96888842075541" lon="-1.7242440829315997"><ele>691.52001953</ele></trkpt><trkpt lat="42.968852382283835" lon="-1.7240038264542865"><ele>692.64001465</ele></trkpt><trkpt lat="42.96883821487426" lon="-1.72390937805175"><ele>693.09997559</ele></trkpt><trkpt lat="42.96885523013769" lon="-1.7240232042968238"><ele>692.40002441</ele></trkpt><trkpt lat="42.96883821487426" lon="-1.72390937805175"><ele>693.09997559</ele></trkpt><trkpt lat="42.96883821487426" lon="-1.7237806320190399"><ele>693.88000488</ele></trkpt><trkpt lat="42.96885967254637" lon="-1.7237162590026935"><ele>694.45001221</ele></trkpt><trkpt lat="42.968945503234856" lon="-1.7235445976257244"><ele>695.9699707</ele></trkpt><trkpt lat="42.9690124055749" lon="-1.7234776955829858"><ele>696.7800293</ele></trkpt><trkpt lat="42.96915755076468" lon="-1.7233325503932078"><ele>698.90002441</ele></trkpt><trkpt lat="42.96922445297239" lon="-1.7232656478881876"><ele>699.46002197</ele></trkpt><trkpt lat="42.96918153762817" lon="-1.7230725288391116"><ele>700.39001465</ele></trkpt><trkpt lat="42.969177245511695" lon="-1.7229909763982314"><ele>701.21002197</ele></trkpt><trkpt lat="42.96916437230437" lon="-1.7227463854588378"><ele>702.32000732</ele></trkpt><trkpt lat="42.96916007995606" lon="-1.7226648330688559"><ele>702.39001465</ele></trkpt><trkpt lat="42.96931028366089" lon="-1.722579002380378"><ele>703.7800293</ele></trkpt><trkpt lat="42.96935122202153" lon="-1.7225490861793562"><ele>704.08001709</ele></trkpt><trkpt lat="42.96950989643857" lon="-1.7224331324955164"><ele>705.69000244</ele></trkpt><trkpt lat="42.969668570726135" lon="-1.7223171782084783"><ele>707.36999512</ele></trkpt><trkpt lat="42.96982724488419" lon="-1.7222012233181911"><ele>708.82000732</ele></trkpt><trkpt lat="42.96986818313598" lon="-1.722171306610106"><ele>709.17999268</ele></trkpt><trkpt lat="42.96990079337617" lon="-1.722156483826932"><ele>709.66998291</ele></trkpt><trkpt lat="42.97007160730346" lon="-1.7220788411327055"><ele>712.10998535</ele></trkpt><trkpt lat="42.970104217529276" lon="-1.722064018249512"><ele>712.59997559</ele></trkpt><trkpt lat="42.97019004821778" lon="-1.721999645233154"><ele>713.78997803</ele></trkpt><trkpt lat="42.97027204721599" lon="-1.721989395406388"><ele>714.67999268</ele></trkpt><trkpt lat="42.97045137198118" lon="-1.7219669798107449"><ele>716.66998291</ele></trkpt><trkpt lat="42.97053337097168" lon="-1.721956729888926"><ele>717.7199707</ele></trkpt><trkpt lat="42.97060684619774" lon="-1.7219322382526974"><ele>718.70001221</ele></trkpt><trkpt lat="42.97078176085078" lon="-1.7218739333683546"><ele>720.09997559</ele></trkpt><trkpt lat="42.97085523605346" lon="-1.721849441528314"><ele>719.69000244</ele></trkpt><trkpt lat="42.97093099194515" lon="-1.7218847941317945"><ele>720.59002686</ele></trkpt><trkpt lat="42.97110134527859" lon="-1.7219642923540581"><ele>723.66998291</ele></trkpt><trkpt lat="42.97117710113526" lon="-1.721999645233152"><ele>724.98999023</ele></trkpt><trkpt lat="42.97126293182372" lon="-1.7220211029052799"><ele>726.40997314</ele></trkpt><trkpt lat="42.971413135528564" lon="-1.7218923568725701"><ele>726.86999512</ele></trkpt><trkpt lat="42.971455137655795" lon="-1.721837229480949"><ele>726.54998779</ele></trkpt><trkpt lat="42.97158479713792" lon="-1.7216670519424837"><ele>727.98999023</ele></trkpt><trkpt lat="42.97171445635487" lon="-1.7214968736884002"><ele>727.86999512</ele></trkpt><trkpt lat="42.97175645828246" lon="-1.7214417457580597"><ele>727.83001709</ele></trkpt><trkpt lat="42.97177483224295" lon="-1.721427454948002"><ele>727.95001221</ele></trkpt><trkpt lat="42.971931203389616" lon="-1.7213058329450492"><ele>730.15002441</ele></trkpt><trkpt lat="42.97194957733154" lon="-1.7212915420532235"><ele>730.85998535</ele></trkpt><trkpt lat="42.972078323364244" lon="-1.7212057113647523"><ele>731.91998291</ele></trkpt><trkpt lat="42.97212376678478" lon="-1.7211602681257492"><ele>733.89001465</ele></trkpt><trkpt lat="42.972268914417825" lon="-1.7210151204927036"><ele>734.71002197</ele></trkpt><trkpt lat="42.97231435775757" lon="-1.7209696769714298"><ele>734</ele></trkpt><trkpt lat="42.97231577920051" lon="-1.7209683570681644"><ele>734.88000488</ele></trkpt><trkpt lat="42.97246456155372" lon="-1.7208302024445097"><ele>734.61999512</ele></trkpt><trkpt lat="42.97261334372775" lon="-1.7206920471500275"><ele>735.28997803</ele></trkpt><trkpt lat="42.972614765167236" lon="-1.7206907272338818"><ele>735.28997803</ele></trkpt><trkpt lat="42.97267737798393" lon="-1.7206176370382276"><ele>735.59997559</ele></trkpt><trkpt lat="42.97270242870179" lon="-1.7205884146413457"><ele>735.65002441</ele></trkpt><trkpt lat="42.97283919078896" lon="-1.7204288770751417"><ele>736.29998779</ele></trkpt><trkpt lat="42.9729759526414" lon="-1.7202693387998236"><ele>736.84002686</ele></trkpt><trkpt lat="42.97300100326538" lon="-1.7202401161193788"><ele>737.0300293</ele></trkpt><trkpt lat="42.97303317451435" lon="-1.7202111621016762"><ele>737.38000488</ele></trkpt><trkpt lat="42.97318340878235" lon="-1.7200759512604893"><ele>737.88000488</ele></trkpt><trkpt lat="42.97321557998657" lon="-1.7200469970703152"><ele>737.7800293</ele></trkpt><trkpt lat="42.97322521134845" lon="-1.7200346139321927"><ele>738.21002197</ele></trkpt><trkpt lat="42.97335615235004" lon="-1.7198662612158544"><ele>736.82000732</ele></trkpt><trkpt lat="42.97336578369141" lon="-1.7198538780212438"><ele>736.7199707</ele></trkpt><trkpt lat="42.973430156707764" lon="-1.719768047332759"><ele>736.36999512</ele></trkpt><trkpt lat="42.97351598739623" lon="-1.7195534706115765"><ele>736.26000977</ele></trkpt><trkpt lat="42.973550711544306" lon="-1.7194592198841006"><ele>736.27001953</ele></trkpt><trkpt lat="42.973631467216414" lon="-1.7192400259169405"><ele>738.19000244</ele></trkpt><trkpt lat="42.973666191101074" lon="-1.7191457748413164"><ele>737.15002441</ele></trkpt><trkpt lat="42.973672714802056" lon="-1.7191345067071422"><ele>736.86999512</ele></trkpt><trkpt lat="42.973784208485526" lon="-1.7189419273444209"><ele>737.0300293</ele></trkpt><trkpt lat="42.97389570183379" lon="-1.7187493472886706"><ele>739.59997559</ele></trkpt><trkpt lat="42.973902225494385" lon="-1.7187380790710374"><ele>739.36999512</ele></trkpt><trkpt lat="42.973945140838616" lon="-1.718609333038327"><ele>740.03997803</ele></trkpt><trkpt lat="42.97396263175017" lon="-1.718607583953484"><ele>740.13000488</ele></trkpt><trkpt lat="42.9741422266493" lon="-1.7185896244635712"><ele>741.30999756</ele></trkpt><trkpt lat="42.974159717559814" lon="-1.7185878753662063"><ele>741.45001221</ele></trkpt><trkpt lat="42.974161842942785" lon="-1.718587622348523"><ele>741.58001709</ele></trkpt><trkpt lat="42.97434123725771" lon="-1.7185662661583172"><ele>741.86999512</ele></trkpt><trkpt lat="42.97452063156156" lon="-1.7185449098314902"><ele>741.75</ele></trkpt><trkpt lat="42.97470002585432" lon="-1.718523553368075"><ele>741.14001465</ele></trkpt><trkpt lat="42.97487942013596" lon="-1.7185021967680478"><ele>740.29998779</ele></trkpt><trkpt lat="42.97505881440652" lon="-1.7184808400314158"><ele>739.0300293</ele></trkpt><trkpt lat="42.97506093978882" lon="-1.718480587005622"><ele>739</ele></trkpt><trkpt lat="42.97512472607196" lon="-1.7184934951365"><ele>738.84997559</ele></trkpt><trkpt lat="42.97516822814939" lon="-1.7185020446777344"><ele>738.72998047</ele></trkpt><trkpt lat="42.975211143493645" lon="-1.7185664176940922"><ele>738.73999023</ele></trkpt><trkpt lat="42.97525405883789" lon="-1.7186951637268029"><ele>738.5</ele></trkpt><trkpt lat="42.97525552260898" lon="-1.718699288752268"><ele>738.5</ele></trkpt><trkpt lat="42.975333877144976" lon="-1.7189200990732492"><ele>738.4699707</ele></trkpt><trkpt lat="42.97541223126112" lon="-1.7191409099628843"><ele>738.51000977</ele></trkpt><trkpt lat="42.975490584957384" lon="-1.7193617214211874"><ele>738.33001709</ele></trkpt><trkpt lat="42.97556893823377" lon="-1.7195825334481425"><ele>737.95001221</ele></trkpt><trkpt lat="42.975647291090276" lon="-1.7198033460437425"><ele>738.75</ele></trkpt><trkpt lat="42.97572564352691" lon="-1.7200241592079835"><ele>739.40997314</ele></trkpt><trkpt lat="42.97580399554367" lon="-1.7202449729408795"><ele>739.9699707</ele></trkpt><trkpt lat="42.97588234714051" lon="-1.7204657872424332"><ele>740.21002197</ele></trkpt><trkpt lat="42.97596069831748" lon="-1.7206866021126133"><ele>740.40997314</ele></trkpt><trkpt lat="42.97596216201783" lon="-1.7206907272338912"><ele>740.40997314</ele></trkpt><trkpt lat="42.975978587522036" lon="-1.7207400034991853"><ele>740.5300293</ele></trkpt><trkpt lat="42.976053024989966" lon="-1.7209633159030056"><ele>741.15002441</ele></trkpt><trkpt lat="42.97606945037842" lon="-1.7210125923156674"><ele>741.26000977</ele></trkpt><trkpt lat="42.97609537453213" lon="-1.7210857886670639"><ele>741.53997803</ele></trkpt><trkpt lat="42.976173608342876" lon="-1.7213066815009574"><ele>742.08001709</ele></trkpt><trkpt lat="42.97625184173341" lon="-1.721527574902865"><ele>742.57000732</ele></trkpt><trkpt lat="42.97633007470373" lon="-1.7217484688728002"><ele>743.11999512</ele></trkpt><trkpt lat="42.976408307253855" lon="-1.7219693634107378"><ele>743.36999512</ele></trkpt><trkpt lat="42.97643423080443" lon="-1.7220425605773904"><ele>743.35998535</ele></trkpt><trkpt lat="42.9764601541758" lon="-1.7221157547198243"><ele>743.21002197</ele></trkpt><trkpt lat="42.97653838837772" lon="-1.722336648658196"><ele>742.64001465</ele></trkpt><trkpt lat="42.97661662215943" lon="-1.7225575431645872"><ele>742.15997314</ele></trkpt><trkpt lat="42.97669485552094" lon="-1.722778438239008"><ele>742.80999756</ele></trkpt><trkpt lat="42.97677308846221" lon="-1.722999333881443"><ele>745.2800293</ele></trkpt><trkpt lat="42.97679901123047" lon="-1.723072528839106"><ele>745.69000244</ele></trkpt><trkpt lat="42.97684192657472" lon="-1.7232441902160631"><ele>746.40002441</ele></trkpt><trkpt lat="42.976863384246826" lon="-1.7233943939209015"><ele>746.53997803</ele></trkpt><trkpt lat="42.976863384246826" lon="-1.7235016822814926"><ele>746.77001953</ele></trkpt><trkpt lat="42.97690629959106" lon="-1.7237377166748025"><ele>746.46002197</ele></trkpt><trkpt lat="42.97692219465757" lon="-1.7238069718046747"><ele>746.39001465</ele></trkpt><trkpt lat="42.9769759192096" lon="-1.7240410523856435"><ele>745.96002197</ele></trkpt><trkpt lat="42.97702964328756" lon="-1.724275133384588"><ele>745.45001221</ele></trkpt><trkpt lat="42.97708336689144" lon="-1.7245092148015018"><ele>745.02001953</ele></trkpt><trkpt lat="42.977137090021266" lon="-1.724743296636413"><ele>745.14001465</ele></trkpt><trkpt lat="42.97719081267701" lon="-1.7249773788892855"><ele>744.89001465</ele></trkpt><trkpt lat="42.97720670700073" lon="-1.7250466346740727"><ele>744.59997559</ele></trkpt><trkpt lat="42.97721077812114" lon="-1.7250667349973967"><ele>744.52001953</ele></trkpt><trkpt lat="42.977258662545594" lon="-1.7253031560388978"><ele>744.94000244</ele></trkpt><trkpt lat="42.97730654648594" lon="-1.725539577458145"><ele>745.51000977</ele></trkpt><trkpt lat="42.97735442994216" lon="-1.725775999255158"><ele>745.69000244</ele></trkpt><trkpt lat="42.977402312914265" lon="-1.7260124214299133"><ele>745.44000244</ele></trkpt><trkpt lat="42.977450195402255" lon="-1.726248843982416"><ele>745.10998535</ele></trkpt><trkpt lat="42.97749807740612" lon="-1.7264852669126607"><ele>745.38000488</ele></trkpt><trkpt lat="42.97754595892582" lon="-1.7267216902206266"><ele>745.4699707</ele></trkpt><trkpt lat="42.97755002975464" lon="-1.7267417907714853"><ele>745.30999756</ele></trkpt><trkpt lat="42.977555983374465" lon="-1.7267724088078396"><ele>745.54998779</ele></trkpt><trkpt lat="42.977602082748774" lon="-1.7270094884346667"><ele>745.72998047</ele></trkpt><trkpt lat="42.977648181636106" lon="-1.7272465684266727"><ele>745.34002686</ele></trkpt><trkpt lat="42.97769428003645" lon="-1.7274836487838594"><ele>745.01000977</ele></trkpt><trkpt lat="42.97770023345947" lon="-1.7275142669677734"><ele>745.0300293</ele></trkpt><trkpt lat="42.97771049759318" lon="-1.7275501912472824"><ele>745.09997559</ele></trkpt><trkpt lat="42.97777580009628" lon="-1.7277787500082484"><ele>745.21002197</ele></trkpt><trkpt lat="42.97778606414795" lon="-1.7278146743774443"><ele>745.41998291</ele></trkpt><trkpt lat="42.97779458753149" lon="-1.7278572909977243"><ele>745.63000488</ele></trkpt><trkpt lat="42.977841913883836" lon="-1.7280939227594965"><ele>745.47998047</ele></trkpt><trkpt lat="42.9778504371643" lon="-1.7281365394592305"><ele>745.41998291</ele></trkpt><trkpt lat="42.977864602032554" lon="-1.7282309709197419"><ele>745.40002441</ele></trkpt><trkpt lat="42.97790064558676" lon="-1.728471261281099"><ele>745.27001953</ele></trkpt><trkpt lat="42.977914810180664" lon="-1.7285656929016118"><ele>745.07000732</ele></trkpt><trkpt lat="42.977925514945156" lon="-1.7286128872177207"><ele>745.01000977</ele></trkpt><trkpt lat="42.97797866552186" lon="-1.7288472147689167"><ele>745.04998779</ele></trkpt><trkpt lat="42.97803181562345" lon="-1.729081542734211"><ele>745.02001953</ele></trkpt><trkpt lat="42.97808496524989" lon="-1.7293158711135548"><ele>744.90997314</ele></trkpt><trkpt lat="42.978138114401176" lon="-1.7295501999069856"><ele>744.86999512</ele></trkpt><trkpt lat="42.97819126307733" lon="-1.7297845291144747"><ele>744.79998779</ele></trkpt><trkpt lat="42.97824441127833" lon="-1.7300188587360334"><ele>744.65002441</ele></trkpt><trkpt lat="42.97825511544943" lon="-1.7300660535693113"><ele>744.65997314</ele></trkpt><trkpt lat="42.97826785657713" lon="-1.7301222370541467"><ele>744.65002441</ele></trkpt><trkpt lat="42.97832099757353" lon="-1.7303565700150705"><ele>744.44000244</ele></trkpt><trkpt lat="42.97837413809476" lon="-1.7305909033900044"><ele>744.26000977</ele></trkpt><trkpt lat="42.97838687896729" lon="-1.7306470870971598"><ele>744.39001465</ele></trkpt><trkpt lat="42.978391140874294" lon="-1.7306769201813499"><ele>744.54998779</ele></trkpt><trkpt lat="42.978425532474624" lon="-1.7309176613836679"><ele>744.39001465</ele></trkpt><trkpt lat="42.97842979431152" lon="-1.730947494506842"><ele>744.46002197</ele></trkpt><trkpt lat="42.97845125198364" lon="-1.7310547828674239"><ele>744.63000488</ele></trkpt><trkpt lat="42.978486107832104" lon="-1.7311628348732686"><ele>744.76000977</ele></trkpt><trkpt lat="42.97855854082113" lon="-1.731387376197615"><ele>744.22998047</ele></trkpt><trkpt lat="42.978630973375445" lon="-1.7316119180576623"><ele>744.02001953</ele></trkpt><trkpt lat="42.97866582870481" lon="-1.7317199707031257"><ele>743.86999512</ele></trkpt><trkpt lat="42.978705414418464" lon="-1.7317859466074328"><ele>743.72998047</ele></trkpt><trkpt lat="42.97881936218463" lon="-1.7319758595510433"><ele>744.41998291</ele></trkpt><trkpt lat="42.97885894775392" lon="-1.7320418357849034"><ele>744.01000977</ele></trkpt><trkpt lat="42.97889408682479" lon="-1.7321082088493471"><ele>743.59002686</ele></trkpt><trkpt lat="42.97899940727501" lon="-1.732307146153929"><ele>743.15002441</ele></trkpt><trkpt lat="42.979104727386186" lon="-1.7325060841417115"><ele>742.59002686</ele></trkpt><trkpt lat="42.97921004715832" lon="-1.7327050228126637"><ele>743.73999023</ele></trkpt><trkpt lat="42.97924518585207" lon="-1.7327713966369571"><ele>742.69000244</ele></trkpt><trkpt lat="42.979328837245674" lon="-1.7329506855457926"><ele>742</ele></trkpt><trkpt lat="42.9793953895569" lon="-1.733093261718756"><ele>741.65997314</ele></trkpt><trkpt lat="42.97943928887077" lon="-1.7331761822541436"><ele>741.32000732</ele></trkpt><trkpt lat="42.97954460949231" lon="-1.7333751212059247"><ele>741.7800293</ele></trkpt><trkpt lat="42.97958850860596" lon="-1.7334580421447758"><ele>742.10998535</ele></trkpt><trkpt lat="42.97959771380236" lon="-1.7334801345270165"><ele>742.35998535</ele></trkpt><trkpt lat="42.97968659181484" lon="-1.7336934417569805"><ele>745.79998779</ele></trkpt><trkpt lat="42.97969579696655" lon="-1.733715534210211"><ele>746.20001221</ele></trkpt><trkpt lat="42.979717254638665" lon="-1.7338442802429217"><ele>747.4699707</ele></trkpt><trkpt lat="42.97970686107874" lon="-1.7337820865213895"><ele>747.01000977</ele></trkpt><trkpt lat="42.97973871231078" lon="-1.7339515686035147"><ele>747.90002441</ele></trkpt><trkpt lat="42.97976016998292" lon="-1.7341017723083478"><ele>747.19000244</ele></trkpt><trkpt lat="42.97973871231079" lon="-1.7342948913574194"><ele>746.71002197</ele></trkpt><trkpt lat="42.97971961998209" lon="-1.734327621190046"><ele>746.5300293</ele></trkpt><trkpt lat="42.97960760100114" lon="-1.7345196537287912"><ele>745.09002686</ele></trkpt><trkpt lat="42.97958850860596" lon="-1.7345523834228573"><ele>744.80999756</ele></trkpt><trkpt lat="42.979561704441124" lon="-1.7346098211788368"><ele>744.80999756</ele></trkpt><trkpt lat="42.97946510920218" lon="-1.7348168109765643"><ele>743.72998047</ele></trkpt><trkpt lat="42.97943830490112" lon="-1.7348742485046422"><ele>743.90997314</ele></trkpt><trkpt lat="42.97943548026548" lon="-1.7349618190926692"><ele>744.16998291</ele></trkpt><trkpt lat="42.97942757654913" lon="-1.7352068424688962"><ele>744.59997559</ele></trkpt><trkpt lat="42.97941967230734" lon="-1.7354518657947497"><ele>744.23999023</ele></trkpt><trkpt lat="42.979416847229" lon="-1.735539436340329"><ele>744.39001465</ele></trkpt><trkpt lat="42.97943361821857" lon="-1.7355792063603657"><ele>744.34002686</ele></trkpt><trkpt lat="42.979523304221765" lon="-1.7357918848977987"><ele>743.7800293</ele></trkpt><trkpt lat="42.979612989836205" lon="-1.7360045640598882"><ele>743.80999756</ele></trkpt><trkpt lat="42.97970267506189" lon="-1.736217243846607"><ele>743.69000244</ele></trkpt><trkpt lat="42.9797923598988" lon="-1.736429924257979"><ele>743.11999512</ele></trkpt><trkpt lat="42.97988204434696" lon="-1.7366426052939938"><ele>742.15997314</ele></trkpt><trkpt lat="42.97997172840634" lon="-1.7368552869546414"><ele>742</ele></trkpt><trkpt lat="42.980061412076964" lon="-1.737067969239942"><ele>742.03997803</ele></trkpt><trkpt lat="42.980151095358785" lon="-1.7372806521498934"><ele>741.14001465</ele></trkpt><trkpt lat="42.980167865753174" lon="-1.7373204231262134"><ele>741.13000488</ele></trkpt><trkpt lat="42.98018492440518" lon="-1.7373886569552588"><ele>740.95001221</ele></trkpt><trkpt lat="42.980242967995714" lon="-1.7376208301619318"><ele>740.61999512</ele></trkpt><trkpt lat="42.980301011120204" lon="-1.7378530038153341"><ele>740.83001709</ele></trkpt><trkpt lat="42.98031806945801" lon="-1.7379212379455502"><ele>741.15997314</ele></trkpt><trkpt lat="42.98033863120538" lon="-1.7380093586225378"><ele>740.64001465</ele></trkpt><trkpt lat="42.98039317175856" lon="-1.7382431026258773"><ele>741.7199707</ele></trkpt><trkpt lat="42.980447711839055" lon="-1.7384768470526775"><ele>741.26000977</ele></trkpt><trkpt lat="42.98046827316284" lon="-1.7385649681091273"><ele>740.70001221</ele></trkpt><trkpt lat="42.98043281771243" lon="-1.7384130880236588"><ele>741.69000244</ele></trkpt><trkpt lat="42.98046827316284" lon="-1.7385649681091273"><ele>740.70001221</ele></trkpt><trkpt lat="42.98046827321029" lon="-1.7386032686361688"><ele>740.44000244</ele></trkpt><trkpt lat="42.98046827321029" lon="-1.7388485326616447"><ele>739.61999512</ele></trkpt><trkpt lat="42.98046827316285" lon="-1.738886833190926"><ele>739.58001709</ele></trkpt><trkpt lat="42.9804590684814" lon="-1.738908924516966"><ele>739.59002686</ele></trkpt><trkpt lat="42.980370189530184" lon="-1.7391222339998327"><ele>740.54998779</ele></trkpt><trkpt lat="42.98036098480225" lon="-1.7391443252563532"><ele>740.83001709</ele></trkpt><trkpt lat="42.98034485436324" lon="-1.7391696731820774"><ele>741.10998535</ele></trkpt><trkpt lat="42.98022691158485" lon="-1.7393550118338355"><ele>742.51000977</ele></trkpt><trkpt lat="42.98021078109741" lon="-1.7393803596496598"><ele>742.57000732</ele></trkpt><trkpt lat="42.980124950408936" lon="-1.7395949363708458"><ele>743.58001709</ele></trkpt><trkpt lat="42.98012495050618" lon="-1.7396654240604974"><ele>743.52001953</ele></trkpt><trkpt lat="42.98012495050621" lon="-1.7399106867747638"><ele>743.63000488</ele></trkpt><trkpt lat="42.980124950408964" lon="-1.7399811744689995"><ele>743.63000488</ele></trkpt><trkpt lat="42.98011652729889" lon="-1.740016271152081"><ele>743.66998291</ele></trkpt><trkpt lat="42.98006057771085" lon="-1.740249395643749"><ele>744.21002197</ele></trkpt><trkpt lat="42.98000462764198" lon="-1.7404825197225706"><ele>745.40002441</ele></trkpt><trkpt lat="42.97999620437623" lon="-1.7405176162719758"><ele>745.5300293</ele></trkpt><trkpt lat="42.979968210924916" lon="-1.740563105814119"><ele>746.26000977</ele></trkpt><trkpt lat="42.97985253654676" lon="-1.740751076678606"><ele>749.08001709</ele></trkpt><trkpt lat="42.979824542999275" lon="-1.7407965660095248"><ele>749.66998291</ele></trkpt><trkpt lat="42.979817330845606" lon="-1.7408578700443225"><ele>749.67999268</ele></trkpt><trkpt lat="42.979788839972215" lon="-1.7411000424679812"><ele>748.55999756</ele></trkpt><trkpt lat="42.97978162765503" lon="-1.741161346435544"><ele>748.48999023</ele></trkpt><trkpt lat="42.97974940840007" lon="-1.7412043056104278"><ele>748.09997559</ele></trkpt><trkpt lat="42.979620727945175" lon="-1.7413758795502627"><ele>746.96002197</ele></trkpt><trkpt lat="42.97958850860596" lon="-1.7414188385009821"><ele>747.09002686</ele></trkpt><trkpt lat="42.97956193789763" lon="-1.741463804645254"><ele>747.33001709</ele></trkpt><trkpt lat="42.97944903398905" lon="-1.7416548734258988"><ele>748.73999023</ele></trkpt><trkpt lat="42.979336129750365" lon="-1.7418459415098344"><ele>750.22998047</ele></trkpt><trkpt lat="42.97930955886839" lon="-1.7418909072876034"><ele>750.7199707</ele></trkpt><trkpt lat="42.97928310901473" lon="-1.741976135475258"><ele>750.98999023</ele></trkpt><trkpt lat="42.9792129997738" lon="-1.7422020440121233"><ele>751.2800293</ele></trkpt><trkpt lat="42.979142890079544" lon="-1.742427952044171"><ele>751.25</ele></trkpt><trkpt lat="42.979116439819315" lon="-1.7425131797790572"><ele>751.54998779</ele></trkpt><trkpt lat="42.97912335089866" lon="-1.7424909001123334"><ele>751.47998047</ele></trkpt><trkpt lat="42.97919343163984" lon="-1.742264975485111"><ele>751.2800293</ele></trkpt><trkpt lat="42.97920034267007" lon="-1.7422426957637136"><ele>751.11999512</ele></trkpt><trkpt lat="42.97919343163985" lon="-1.7422649754851107"><ele>751.2800293</ele></trkpt><trkpt lat="42.97912335089867" lon="-1.7424909001123334"><ele>751.47998047</ele></trkpt><trkpt lat="42.979116439819315" lon="-1.7425131797790572"><ele>751.54998779</ele></trkpt><trkpt lat="42.97910638089127" lon="-1.7426238312699722"><ele>751.83001709</ele></trkpt><trkpt lat="42.979084253861295" lon="-1.7428672315410423"><ele>751.52001953</ele></trkpt><trkpt lat="42.979062126311305" lon="-1.7431106316495122"><ele>750.84997559</ele></trkpt><trkpt lat="42.979052066802964" lon="-1.7432212829589804"><ele>750.83001709</ele></trkpt><trkpt lat="42.97905558824729" lon="-1.7433410011925194"><ele>750.7199707</ele></trkpt><trkpt lat="42.97906279621965" lon="-1.74358606330791"><ele>750.5</ele></trkpt><trkpt lat="42.97907000366791" lon="-1.7438311254928927"><ele>750.5</ele></trkpt><trkpt lat="42.9790735244751" lon="-1.7439508438110298"><ele>750.34997559</ele></trkpt><trkpt lat="42.97907344041926" lon="-1.743952777191282"><ele>750.34997559</ele></trkpt><trkpt lat="42.97906279590564" lon="-1.7441976070770926"><ele>751.09997559</ele></trkpt><trkpt lat="42.97905215086712" lon="-1.744442436890681"><ele>751.65002441</ele></trkpt><trkpt lat="42.97905206680297" lon="-1.7444443702697814"><ele>751.65002441</ele></trkpt><trkpt lat="42.979052066959085" lon="-1.7445470464757062"><ele>751.32000732</ele></trkpt><trkpt lat="42.979052066959085" lon="-1.7447923051710332"><ele>751.04998779</ele></trkpt><trkpt lat="42.979052066803" lon="-1.744894981384285"><ele>751.30999756</ele></trkpt><trkpt lat="42.97904581648729" lon="-1.7449087321312948"><ele>751.46002197</ele></trkpt><trkpt lat="42.97895102878547" lon="-1.7451172650752302"><ele>752.75</ele></trkpt><trkpt lat="42.978944778442376" lon="-1.7451310157775848"><ele>752.96002197</ele></trkpt><trkpt lat="42.97888860931675" lon="-1.7451871851401917"><ele>753.63000488</ele></trkpt><trkpt lat="42.97874345560797" lon="-1.745332338848978"><ele>754.5300293</ele></trkpt><trkpt lat="42.97868728637695" lon="-1.7453885078430071"><ele>754.70001221</ele></trkpt><trkpt lat="42.978674314203836" lon="-1.7454070395837118"><ele>755.7199707</ele></trkpt><trkpt lat="42.978550054878326" lon="-1.745584552905897"><ele>755.66998291</ele></trkpt><trkpt lat="42.97853708267212" lon="-1.745603084564214"><ele>755.7800293</ele></trkpt><trkpt lat="42.978537082705" lon="-1.7456306599169615"><ele>755.85998535</ele></trkpt><trkpt lat="42.978537082705" lon="-1.7458759166195692"><ele>756.71002197</ele></trkpt><trkpt lat="42.97853708267212" lon="-1.7459034919738712"><ele>756.7800293</ele></trkpt><trkpt lat="42.978529870243634" lon="-1.7459647983445328"><ele>756.96002197</ele></trkpt><trkpt lat="42.97850137991988" lon="-1.7462069660964692"><ele>757.19000244</ele></trkpt><trkpt lat="42.97849416732788" lon="-1.746268272399905"><ele>757.16998291</ele></trkpt><trkpt lat="42.97846980987121" lon="-1.7463596139142277"><ele>756.91998291</ele></trkpt><trkpt lat="42.97840833709834" lon="-1.7465901379202569"><ele>756.63000488</ele></trkpt><trkpt lat="42.978346863854625" lon="-1.7468206614763448"><ele>755.96002197</ele></trkpt><trkpt lat="42.97832250595092" lon="-1.74691200256347"><ele>755.82000732</ele></trkpt><trkpt lat="42.978319984637054" lon="-1.7469236007399944"><ele>755.82000732</ele></trkpt><trkpt lat="42.97826886203964" lon="-1.7471587660017158"><ele>756.25</ele></trkpt><trkpt lat="42.978217738953575" lon="-1.7473939308840474"><ele>757.15002441</ele></trkpt><trkpt lat="42.97821521759033" lon="-1.747405529022222"><ele>757.2800293</ele></trkpt><trkpt lat="42.978217228487075" lon="-1.7474336810994717"><ele>757.38000488</ele></trkpt><trkpt lat="42.97823466443248" lon="-1.747677784335341"><ele>758.45001221</ele></trkpt><trkpt lat="42.978236675262444" lon="-1.7477059364318852"><ele>758.59002686</ele></trkpt><trkpt lat="42.978236675262444" lon="-1.7477059364318852"><ele>758.59002686</ele></trkpt><trkpt lat="42.978247354775306" lon="-1.747725515467853"><ele>758.73999023</ele></trkpt><trkpt lat="42.9783547418186" lon="-1.7479223917138966"><ele>762.05999756</ele></trkpt><trkpt lat="42.978365421295166" lon="-1.7479419708251935"><ele>762.63000488</ele></trkpt><trkpt lat="42.97837996707979" lon="-1.7479496714885636"><ele>762.83001709</ele></trkpt><trkpt lat="42.978547811548154" lon="-1.748038530069638"><ele>763.45001221</ele></trkpt><trkpt lat="42.9787156559488" lon="-1.7481273891251043"><ele>763.65002441</ele></trkpt><trkpt lat="42.97873020172119" lon="-1.7481350898742731"><ele>763.73999023</ele></trkpt><trkpt lat="42.978802049979805" lon="-1.74814945947031"><ele>763.88000488</ele></trkpt><trkpt lat="42.97898021855226" lon="-1.7481850931847986"><ele>763.09002686</ele></trkpt><trkpt lat="42.97905206680298" lon="-1.7481994628906206"><ele>763.07000732</ele></trkpt><trkpt lat="42.97909094121985" lon="-1.748196223369066"><ele>763.13000488</ele></trkpt><trkpt lat="42.97927068445381" lon="-1.7481812447662464"><ele>763.0300293</ele></trkpt><trkpt lat="42.97930955886842" lon="-1.7481780052185045"><ele>762.83001709</ele></trkpt><trkpt lat="42.97932494879696" lon="-1.7481745852564292"><ele>762.79998779</ele></trkpt><trkpt lat="42.97950267793042" lon="-1.7481350900155044"><ele>762.7800293</ele></trkpt><trkpt lat="42.979680407041975" lon="-1.7480955945353271"><ele>762.7800293</ele></trkpt><trkpt lat="42.979695796966546" lon="-1.7480921745300222"><ele>762.79998779</ele></trkpt><trkpt lat="42.97976668983006" lon="-1.74809217453341"><ele>762.7800293</ele></trkpt><trkpt lat="42.97994676918789" lon="-1.7480921745334062"><ele>762.47998047</ele></trkpt><trkpt lat="42.98001766204834" lon="-1.7480921745300355"><ele>762.40002441</ele></trkpt><trkpt lat="42.98003085137734" lon="-1.748092907267009"><ele>762.40002441</ele></trkpt><trkpt lat="42.98021078110069" lon="-1.7481029033395798"><ele>761.76000977</ele></trkpt><trkpt lat="42.980390710818334" lon="-1.748112899458177"><ele>761.29998779</ele></trkpt><trkpt lat="42.98040390014646" lon="-1.748113632202144"><ele>761.25</ele></trkpt><trkpt lat="42.98040687910776" lon="-1.7481132817383984"><ele>761.25</ele></trkpt><trkpt lat="42.98058629036516" lon="-1.748092174599742"><ele>760.54998779</ele></trkpt><trkpt lat="42.980765701611574" lon="-1.748071067326182"><ele>760.33001709</ele></trkpt><trkpt lat="42.98076868057251" lon="-1.7480707168579117"><ele>760.33001709</ele></trkpt><trkpt lat="42.980772484267774" lon="-1.7480713880945298"><ele>760.33001709</ele></trkpt><trkpt lat="42.980951070791676" lon="-1.748102903277151"><ele>761.44000244</ele></trkpt><trkpt lat="42.981129657303754" lon="-1.748134418630302"><ele>763.89001465</ele></trkpt><trkpt lat="42.98113346099852" lon="-1.7481350898742685"><ele>763.89001465</ele></trkpt><trkpt lat="42.98117637634277" lon="-1.748178005218511"><ele>763.75</ele></trkpt><trkpt lat="42.981262207031236" lon="-1.7483925819396968"><ele>762.78997803</ele></trkpt><trkpt lat="42.98127861733584" lon="-1.7484110434706313"><ele>762.65997314</ele></trkpt><trkpt lat="42.981417458131034" lon="-1.7485672393652207"><ele>761.59997559</ele></trkpt><trkpt lat="42.9814338684082" lon="-1.7485857009887762"><ele>761.59002686</ele></trkpt><trkpt lat="42.98146349346099" lon="-1.7486381141558065"><ele>761.22998047</ele></trkpt><trkpt lat="42.98157334353765" lon="-1.7488324636576824"><ele>760.09002686</ele></trkpt><trkpt lat="42.98168319329089" lon="-1.7490268138548704"><ele>759.34002686</ele></trkpt><trkpt lat="42.98171281814575" lon="-1.74907922744751"><ele>758.97998047</ele></trkpt><trkpt lat="42.98174002428155" lon="-1.7490982716779986"><ele>758.82000732</ele></trkpt><trkpt lat="42.98190018875237" lon="-1.749210386807582"><ele>758.14001465</ele></trkpt><trkpt lat="42.98192739486693" lon="-1.7492294311523433"><ele>757.84002686</ele></trkpt><trkpt lat="42.98194318241759" lon="-1.7492486016270439"><ele>757.71002197</ele></trkpt><trkpt lat="42.98207759871344" lon="-1.7494118209221186"><ele>756.55999756</ele></trkpt><trkpt lat="42.98221201478238" lon="-1.7495750409271202"><ele>755.45001221</ele></trkpt><trkpt lat="42.98222780227662" lon="-1.7495942115783663"><ele>755.34997559</ele></trkpt><trkpt lat="42.982256599439125" lon="-1.7496854020486128"><ele>755.59997559</ele></trkpt><trkpt lat="42.98232775139579" lon="-1.7499107165780712"><ele>756.47998047</ele></trkpt><trkpt lat="42.98235654830932" lon="-1.7500019073486264"><ele>758.19000244</ele></trkpt><trkpt lat="42.98239191029082" lon="-1.7500951335241006"><ele>759.59002686</ele></trkpt><trkpt lat="42.982474565922644" lon="-1.7503130429918414"><ele>760.79998779</ele></trkpt><trkpt lat="42.98255722114573" lon="-1.750530953050678"><ele>761.5</ele></trkpt><trkpt lat="42.98259258270264" lon="-1.750624179840095"><ele>761.44000244</ele></trkpt><trkpt lat="42.98262172403648" lon="-1.7507380940161699"><ele>761.30999756</ele></trkpt><trkpt lat="42.982680975340976" lon="-1.7509697104843494"><ele>760.95001221</ele></trkpt><trkpt lat="42.982740226181676" lon="-1.7512013274071123"><ele>761.35998535</ele></trkpt><trkpt lat="42.982799476558604" lon="-1.751432944784458"><ele>760.20001221</ele></trkpt><trkpt lat="42.98282861709593" lon="-1.75154685974121"><ele>759.82000732</ele></trkpt><trkpt lat="42.982852870807605" lon="-1.751645334486373"><ele>759.59997559</ele></trkpt><trkpt lat="42.982910143284215" lon="-1.7518778734483516"><ele>758.64001465</ele></trkpt><trkpt lat="42.98293439671398" lon="-1.7519763484597213"><ele>758.34997559</ele></trkpt><trkpt lat="42.98294887311423" lon="-1.7519935846280499"><ele>758.46002197</ele></trkpt><trkpt lat="42.983084452869484" lon="-1.7521550117253246"><ele>757.84997559</ele></trkpt><trkpt lat="42.983220032402805" lon="-1.7523164395305793"><ele>756.82000732</ele></trkpt><trkpt lat="42.983355611714195" lon="-1.7524778680438198"><ele>755.95001221</ele></trkpt><trkpt lat="42.983370088040836" lon="-1.7524951044470016"><ele>755.80999756</ele></trkpt><trkpt lat="42.98344091059432" lon="-1.7525587692352749"><ele>755.33001709</ele></trkpt><trkpt lat="42.98359120728232" lon="-1.752693876593916"><ele>754.73999023</ele></trkpt><trkpt lat="42.98366202972827" lon="-1.752757541835301"><ele>754.7199707</ele></trkpt><trkpt lat="42.983740930709246" lon="-1.7527689872428964"><ele>754.58001709</ele></trkpt><trkpt lat="42.98391999744182" lon="-1.752794962835107"><ele>754.90997314</ele></trkpt><trkpt lat="42.98399889841676" lon="-1.7528064083308081"><ele>754.86999512</ele></trkpt><trkpt lat="42.984002422608924" lon="-1.752808249673664"><ele>754.86999512</ele></trkpt><trkpt lat="42.98417055600228" lon="-1.7528960973605223"><ele>755.05999756</ele></trkpt><trkpt lat="42.98417408019303" lon="-1.7528979387134263"><ele>755.23999023</ele></trkpt><trkpt lat="42.98424899660159" lon="-1.7528696655621345"><ele>755.34002686</ele></trkpt><trkpt lat="42.98442253763803" lon="-1.7528041715888256"><ele>754.79998779</ele></trkpt><trkpt lat="42.984497454017394" lon="-1.7527758982032593"><ele>754.15002441</ele></trkpt><trkpt lat="42.984549961434034" lon="-1.7527506690847985"><ele>753.66998291</ele></trkpt><trkpt lat="42.98471978405795" lon="-1.7526690712405828"><ele>751.76000977</ele></trkpt><trkpt lat="42.9848896066131" lon="-1.752587472937506"><ele>749.58001709</ele></trkpt><trkpt lat="42.98494211398065" lon="-1.7525622434914137"><ele>748.96002197</ele></trkpt><trkpt lat="42.98501101600248" lon="-1.75254352558652"><ele>747.9699707</ele></trkpt><trkpt lat="42.985187617162474" lon="-1.7524955499581507"><ele>745.30999756</ele></trkpt><trkpt lat="42.985256519168615" lon="-1.7524768318980948"><ele>743.66998291</ele></trkpt><trkpt lat="42.9852617186568" lon="-1.7524758224938084"><ele>743.66998291</ele></trkpt><trkpt lat="42.985439996321404" lon="-1.7524412123918787"><ele>739.97998047</ele></trkpt><trkpt lat="42.985445195809014" lon="-1.752440202981229"><ele>739.97998047</ele></trkpt><trkpt lat="42.98562037758531" lon="-1.7524279654025996"><ele>739.7800293</ele></trkpt><trkpt lat="42.98563959492707" lon="-1.7524201884345953"><ele>739.59997559</ele></trkpt><trkpt lat="42.985812216571894" lon="-1.7523503308269484"><ele>738.38000488</ele></trkpt><trkpt lat="42.98583143390715" lon="-1.7523425538092905"><ele>738.02001953</ele></trkpt><trkpt lat="42.98583957285118" lon="-1.7523314915264192"><ele>738.02001953</ele></trkpt><trkpt lat="42.98596704462112" lon="-1.7521582339778625"><ele>735.29998779</ele></trkpt><trkpt lat="42.985975183546536" lon="-1.7521471716463561"><ele>734.5300293</ele></trkpt><trkpt lat="42.98609202727676" lon="-1.7520287353545434"><ele>732.73999023</ele></trkpt><trkpt lat="42.986119036649576" lon="-1.7520162540231823"><ele>732.36999512</ele></trkpt><trkpt lat="42.986289569101764" lon="-1.7519374488063715"><ele>730.29998779</ele></trkpt><trkpt lat="42.98631657846272" lon="-1.751924967393281"><ele>730.15997314</ele></trkpt><trkpt lat="42.98636150546372" lon="-1.751705193892112"><ele>726.94000244</ele></trkpt><trkpt lat="42.986356979236014" lon="-1.7515526432543926"><ele>724.78997803</ele></trkpt><trkpt lat="42.986359943996376" lon="-1.7515245099009518"><ele>723.67999268</ele></trkpt><trkpt lat="42.98638553049854" lon="-1.751281710327204"><ele>719.78997803</ele></trkpt><trkpt lat="42.986388495191925" lon="-1.7512535769492474"><ele>719.4699707</ele></trkpt><trkpt lat="42.98639397662501" lon="-1.7511470530933484"><ele>718.13000488</ele></trkpt><trkpt lat="42.986406567234475" lon="-1.7509023651277662"><ele>715.65997314</ele></trkpt><trkpt lat="42.986412048339844" lon="-1.750795841217043"><ele>714.90997314</ele></trkpt><trkpt lat="42.986412048658345" lon="-1.7506763490333166"><ele>713.45001221</ele></trkpt><trkpt lat="42.986412048921245" lon="-1.750431060777422"><ele>709.71002197</ele></trkpt><trkpt lat="42.98641204865835" lon="-1.7501857725338068"><ele>705.66998291</ele></trkpt><trkpt lat="42.98641204833986" lon="-1.7500662803649858"><ele>704.07000732</ele></trkpt><trkpt lat="42.9864115325974" lon="-1.7500477114301773"><ele>703.70001221</ele></trkpt><trkpt lat="42.986404724433406" lon="-1.7498025985830736"><ele>701.64001465</ele></trkpt><trkpt lat="42.98639791574503" lon="-1.74955748580236"><ele>701.22998047</ele></trkpt><trkpt lat="42.986391106532324" lon="-1.7493123730880356"><ele>702.16998291</ele></trkpt><trkpt lat="42.986390590667696" lon="-1.7492938041687023"><ele>702.4699707</ele></trkpt><trkpt lat="42.98641089405307" lon="-1.7491872123546073"><ele>702.82000732</ele></trkpt><trkpt lat="42.986456118294385" lon="-1.7489497850877798"><ele>702.63000488</ele></trkpt><trkpt lat="42.9864764213562" lon="-1.7488431930541994"><ele>702.2199707</ele></trkpt><trkpt lat="42.98649540110719" lon="-1.7487989071649905"><ele>701.70001221</ele></trkpt><trkpt lat="42.986586187739384" lon="-1.7485870716898564"><ele>700.25</ele></trkpt><trkpt lat="42.986605167388916" lon="-1.7485427856445275"><ele>700.08001709</ele></trkpt><trkpt lat="42.98661446047046" lon="-1.748523270316982"><ele>700.05999756</ele></trkpt><trkpt lat="42.98671245597724" lon="-1.7483174804762054"><ele>699.79998779</ele></trkpt><trkpt lat="42.986810451104034" lon="-1.7481116899865135"><ele>699.35998535</ele></trkpt><trkpt lat="42.98681974411011" lon="-1.7480921745300388"><ele>699.35998535</ele></trkpt><trkpt lat="42.98682713859932" lon="-1.7480798504242807"><ele>699.19000244</ele></trkpt><trkpt lat="42.98694109567615" lon="-1.7478899219629407"><ele>699.05999756</ele></trkpt><trkpt lat="42.98694849014283" lon="-1.7478775978088412"><ele>698.96002197</ele></trkpt><trkpt lat="42.98695759079309" lon="-1.7478745642684699"><ele>698.96002197</ele></trkpt><trkpt lat="42.98713250854378" lon="-1.747816258351569"><ele>697.66998291</ele></trkpt><trkpt lat="42.987141609191895" lon="-1.7478132247924805"><ele>697.66998291</ele></trkpt><trkpt lat="42.98696793615818" lon="-1.747871059924358"><ele>698.7800293</ele></trkpt><trkpt lat="42.987141609191895" lon="-1.7478132247924805"><ele>697.66998291</ele></trkpt><trkpt lat="42.98731327056885" lon="-1.7477917671203662"><ele>696.46002197</ele></trkpt><trkpt lat="42.987342039764066" lon="-1.747796997866455"><ele>696.17999268</ele></trkpt><trkpt lat="42.98752053576924" lon="-1.7478294516855781"><ele>694.22998047</ele></trkpt><trkpt lat="42.98754930496216" lon="-1.747834682464604"><ele>694.11999512</ele></trkpt><trkpt lat="42.987623768219535" lon="-1.7478732923285114"><ele>693.2199707</ele></trkpt><trkpt lat="42.98779206637733" lon="-1.7479605567875471"><ele>690.32000732</ele></trkpt><trkpt lat="42.987960364469735" lon="-1.7480478217136393"><ele>688.28997803</ele></trkpt><trkpt lat="42.98812866249677" lon="-1.7481350871067807"><ele>685.67999268</ele></trkpt><trkpt lat="42.98829696045841" lon="-1.7482223529669951"><ele>683.34002686</ele></trkpt><trkpt lat="42.98846525835469" lon="-1.7483096192942866"><ele>680.26000977</ele></trkpt><trkpt lat="42.98863355618558" lon="-1.7483968860886625"><ele>678.85998535</ele></trkpt><trkpt lat="42.98870801925659" lon="-1.748435497283927"><ele>678.51000977</ele></trkpt><trkpt lat="42.98876867452988" lon="-1.7484441622917075"><ele>677.95001221</ele></trkpt><trkpt lat="42.988947771397186" lon="-1.7484697475584783"><ele>676.73999023</ele></trkpt><trkpt lat="42.989008426666246" lon="-1.7484784126281674"><ele>674.94000244</ele></trkpt><trkpt lat="42.98903815647899" lon="-1.7484703045264431"><ele>674.55999756</ele></trkpt><trkpt lat="42.98921473125253" lon="-1.7484221477700317"><ele>672.53997803</ele></trkpt><trkpt lat="42.98924446105956" lon="-1.7484140396118224"><ele>672.14001465</ele></trkpt><trkpt lat="42.989316669938034" lon="-1.7483573043146052"><ele>670.75</ele></trkpt><trkpt lat="42.9894726596878" lon="-1.7482347409397765"><ele>668.53997803</ele></trkpt><trkpt lat="42.98954486846924" lon="-1.7481780052185056"><ele>666.85998535</ele></trkpt><trkpt lat="42.98955605505481" lon="-1.748166286048499"><ele>666.59002686</ele></trkpt><trkpt lat="42.98969880126028" lon="-1.7480167433176796"><ele>662.53997803</ele></trkpt><trkpt lat="42.98984154725811" lon="-1.7478671998913984"><ele>660.69000244</ele></trkpt><trkpt lat="42.98998429304825" lon="-1.7477176557696508"><ele>659.72998047</ele></trkpt><trkpt lat="42.989995479583726" lon="-1.7477059364318819"><ele>659.65002441</ele></trkpt><trkpt lat="42.990013847618116" lon="-1.7476916502310191"><ele>659.5</ele></trkpt><trkpt lat="42.990170230616975" lon="-1.7475700190096897"><ele>657.97998047</ele></trkpt><trkpt lat="42.99018859863281" lon="-1.7475557327270457"><ele>657.79998779</ele></trkpt><trkpt lat="42.99021814051892" lon="-1.7475196261138635"><ele>657.64001465</ele></trkpt><trkpt lat="42.990352175862114" lon="-1.747355805138817"><ele>655.58001709</ele></trkpt><trkpt lat="42.99038171768188" lon="-1.74731969833374"><ele>655.17999268</ele></trkpt><trkpt lat="42.99048900604245" lon="-1.7471265792846733"><ele>652.86999512</ele></trkpt><trkpt lat="42.99048983595014" lon="-1.7471235363044055"><ele>652.75</ele></trkpt><trkpt lat="42.990552549157435" lon="-1.7468935878777774"><ele>651.01000977</ele></trkpt><trkpt lat="42.99055337905883" lon="-1.7468905448913574"><ele>651.01000977</ele></trkpt><trkpt lat="42.99056095270442" lon="-1.7468425795865543"><ele>650.64001465</ele></trkpt><trkpt lat="42.99059881956625" lon="-1.746602759619944"><ele>650.30999756</ele></trkpt><trkpt lat="42.990636685921494" lon="-1.7463629393700892"><ele>649.54998779</ele></trkpt><trkpt lat="42.99067455177017" lon="-1.7461231188369546"><ele>648.29998779</ele></trkpt><trkpt lat="42.99068212509155" lon="-1.7460751533508345"><ele>648.17999268</ele></trkpt><trkpt lat="42.990713840931825" lon="-1.74596414866646"><ele>647.84997559</ele></trkpt><trkpt lat="42.990779155618384" lon="-1.7457355472634504"><ele>647.36999512</ele></trkpt><trkpt lat="42.99081087112427" lon="-1.7456245422363184"><ele>647.01000977</ele></trkpt><trkpt lat="42.990850757233666" lon="-1.745527321101096"><ele>646.65997314</ele></trkpt><trkpt lat="42.990938608035975" lon="-1.7453131863728695"><ele>646.02001953</ele></trkpt><trkpt lat="42.99102645842853" lon="-1.7450990510410254"><ele>645.72998047</ele></trkpt><trkpt lat="42.99111430841133" lon="-1.7448849151055172"><ele>645.35998535</ele></trkpt><trkpt lat="42.991154193878174" lon="-1.7447876930236748"><ele>645.26000977</ele></trkpt><trkpt lat="42.99108596518636" lon="-1.7449541576206697"><ele>645.5</ele></trkpt><trkpt lat="42.991154193878174" lon="-1.7447876930236748"><ele>645.26000977</ele></trkpt><trkpt lat="42.99115470714149" lon="-1.7447868046980268"><ele>645.26000977</ele></trkpt><trkpt lat="42.99126608240403" lon="-1.7445940423691852"><ele>644.34997559</ele></trkpt><trkpt lat="42.99137745733094" lon="-1.7444012793469832"><ele>642.07000732</ele></trkpt><trkpt lat="42.99148883192219" lon="-1.7442085156313591"><ele>639.84002686</ele></trkpt><trkpt lat="42.99160020617777" lon="-1.7440157512223635"><ele>638.14001465</ele></trkpt><trkpt lat="42.99171158009771" lon="-1.7438229861199646"><ele>635.96002197</ele></trkpt><trkpt lat="42.99171209335326" lon="-1.7438220977783172"><ele>635.96002197</ele></trkpt><trkpt lat="42.99173887988289" lon="-1.7437923350764633"><ele>635.48999023</ele></trkpt><trkpt lat="42.99187842592359" lon="-1.7436372839201195"><ele>633.07000732</ele></trkpt><trkpt lat="42.991905212402344" lon="-1.7436075210571342"><ele>632.65997314</ele></trkpt><trkpt lat="42.99192089796292" lon="-1.7435970640512555"><ele>632.4699707</ele></trkpt><trkpt lat="42.99208264590286" lon="-1.743489232091271"><ele>630.82000732</ele></trkpt><trkpt lat="42.992098331451395" lon="-1.7434787750244127"><ele>630.65002441</ele></trkpt><trkpt lat="42.99215694031703" lon="-1.743448460399675"><ele>630.29998779</ele></trkpt><trkpt lat="42.99232529201086" lon="-1.7433613824619627"><ele>629.29998779</ele></trkpt><trkpt lat="42.992493643627576" lon="-1.743274304039512"><ele>628.28997803</ele></trkpt><trkpt lat="42.992661995167154" lon="-1.7431872251323606"><ele>627.73999023</ele></trkpt><trkpt lat="42.99272060394287" lon="-1.743156909942619"><ele>627.82000732</ele></trkpt><trkpt lat="42.99274310572649" lon="-1.7431410264329839"><ele>627.9699707</ele></trkpt><trkpt lat="42.99290299423597" lon="-1.7430281642953598"><ele>629.28997803</ele></trkpt><trkpt lat="42.99306288262235" lon="-1.7429153015653094"><ele>631.07000732</ele></trkpt><trkpt lat="42.993085384368875" lon="-1.7428994178771986"><ele>631.15002441</ele></trkpt><trkpt lat="42.993214130401604" lon="-1.7428350448608374"><ele>631.70001221</ele></trkpt><trkpt lat="42.993385791778564" lon="-1.7427921295165991"><ele>631.47998047</ele></trkpt><trkpt lat="42.99349308013916" lon="-1.7427492141723604"><ele>631.25</ele></trkpt><trkpt lat="42.993565287809396" lon="-1.742692479824514"><ele>631.11999512</ele></trkpt><trkpt lat="42.99372127997562" lon="-1.742569914551025"><ele>631.54998779</ele></trkpt><trkpt lat="42.99379348754881" lon="-1.7425131797790503"><ele>631.4699707</ele></trkpt><trkpt lat="42.99385786056519" lon="-1.742448806762697"><ele>631.46002197</ele></trkpt><trkpt lat="42.993922233581515" lon="-1.7423415184021058"><ele>631.28997803</ele></trkpt><trkpt lat="42.99396514892579" lon="-1.74221277236938"><ele>631.92999268</ele></trkpt><trkpt lat="42.993965977314076" lon="-1.7422097349601668"><ele>631.92999268</ele></trkpt><trkpt lat="42.99402869356012" lon="-1.7419797753914135"><ele>632.84997559</ele></trkpt><trkpt lat="42.99402952194214" lon="-1.7419767379760767"><ele>632.84997559</ele></trkpt><trkpt lat="42.99407243728638" lon="-1.7418479919433552"><ele>633.69000244</ele></trkpt><trkpt lat="42.994136810302734" lon="-1.7417836189270053"><ele>633.96002197</ele></trkpt><trkpt lat="42.99418468186946" lon="-1.7417517046736213"><ele>634.03997803</ele></trkpt><trkpt lat="42.99434643084486" lon="-1.7416438720233494"><ele>634.45001221</ele></trkpt><trkpt lat="42.99439430236814" lon="-1.7416119575500564"><ele>634.16998291</ele></trkpt><trkpt lat="42.99445867538453" lon="-1.7415475845336932"><ele>633.77001953</ele></trkpt><trkpt lat="42.99448709617052" lon="-1.7415565594639237"><ele>633.82000732</ele></trkpt><trkpt lat="42.99466252328861" lon="-1.7416119573447384"><ele>633.91998291</ele></trkpt><trkpt lat="42.99483795037864" lon="-1.7416673555296447"><ele>634.15997314</ele></trkpt><trkpt lat="42.994866371154785" lon="-1.7416763305663985"><ele>634.14001465</ele></trkpt><trkpt lat="42.99489454883648" lon="-1.7416788921662607"><ele>634.03997803</ele></trkpt><trkpt lat="42.99507422786759" lon="-1.741695226623631"><ele>634.85998535</ele></trkpt><trkpt lat="42.995102405548074" lon="-1.7416977882385334"><ele>634.86999512</ele></trkpt><trkpt lat="42.995151984289514" lon="-1.741693974505649"><ele>635.08001709</ele></trkpt><trkpt lat="42.995331776547104" lon="-1.7416801443319965"><ele>635.42999268</ele></trkpt><trkpt lat="42.99538135528564" lon="-1.7416763305664062"><ele>635.34002686</ele></trkpt><trkpt lat="42.995398845927085" lon="-1.7416745815085541"><ele>635.29998779</ele></trkpt><trkpt lat="42.99557844136641" lon="-1.7416566219646314"><ele>634.84997559</ele></trkpt><trkpt lat="42.995595932006815" lon="-1.7416548728942953"><ele>634.76000977</ele></trkpt><trkpt lat="42.995600661940344" lon="-1.7416533962681011"><ele>634.63000488</ele></trkpt><trkpt lat="42.99577619067729" lon="-1.741598598216567"><ele>633.42999268</ele></trkpt><trkpt lat="42.995780920609825" lon="-1.7415971215814352"><ele>633.42999268</ele></trkpt><trkpt lat="42.99588418565691" lon="-1.7415726464241787"><ele>632.5</ele></trkpt><trkpt lat="42.99595043015932" lon="-1.7415718825490043"><ele>632.02001953</ele></trkpt><trkpt lat="42.99613050232664" lon="-1.741569806093327"><ele>630.48999023</ele></trkpt><trkpt lat="42.99619674682617" lon="-1.7415690422058163"><ele>629.5300293</ele></trkpt><trkpt lat="42.99620676008934" lon="-1.7415731652899948"><ele>629.5300293</ele></trkpt><trkpt lat="42.99637913706385" lon="-1.7416441438418393"><ele>627.63000488</ele></trkpt><trkpt lat="42.99655151399429" lon="-1.7417151227802679"><ele>625.59002686</ele></trkpt><trkpt lat="42.99656152725218" lon="-1.741719245910652"><ele>625.15997314</ele></trkpt><trkpt lat="42.996618945976316" lon="-1.7417545803724708"><ele>624.84997559</ele></trkpt><trkpt lat="42.996783058306654" lon="-1.7418555725757292"><ele>623.39001465</ele></trkpt><trkpt lat="42.996840476989725" lon="-1.7418909072876012"><ele>622.07000732</ele></trkpt><trkpt lat="42.99688261114598" lon="-1.7419403686310413"><ele>621.52001953</ele></trkpt><trkpt lat="42.99701903082075" lon="-1.7421005125034887"><ele>620.35998535</ele></trkpt><trkpt lat="42.997155450277226" lon="-1.7422606570828107"><ele>618.97998047</ele></trkpt><trkpt lat="42.99729186951535" lon="-1.7424208023689707"><ele>618.84997559</ele></trkpt><trkpt lat="42.9973340034485" lon="-1.7424702644348111"><ele>618.64001465</ele></trkpt><trkpt lat="42.997462749481194" lon="-1.7425346374511759"><ele>618.86999512</ele></trkpt><trkpt lat="42.99752712249755" lon="-1.7425346374511677"><ele>619.09002686</ele></trkpt><trkpt lat="42.99761295318603" lon="-1.7425131797790603"><ele>619.97998047</ele></trkpt><trkpt lat="42.9976697763674" lon="-1.7424705626960233"><ele>620.70001221</ele></trkpt><trkpt lat="42.99782753003142" lon="-1.7423522478044038"><ele>622.72998047</ele></trkpt><trkpt lat="42.997985283561185" lon="-1.7422339323006786"><ele>624.46002197</ele></trkpt><trkpt lat="42.99804210662842" lon="-1.7421913146972619"><ele>624.94000244</ele></trkpt><trkpt lat="42.9980842539132" lon="-1.7421365234535195"><ele>625.58001709</ele></trkpt><trkpt lat="42.99821453617729" lon="-1.741967156510183"><ele>627.02001953</ele></trkpt><trkpt lat="42.99825668334961" lon="-1.7419123649597128"><ele>627.34997559</ele></trkpt><trkpt lat="42.99842834472656" lon="-1.7418479919433667"><ele>627.40997314</ele></trkpt><trkpt lat="42.99853563308713" lon="-1.7418265342712327"><ele>626.92999268</ele></trkpt><trkpt lat="42.99854414899537" lon="-1.741869113515094"><ele>626.79998779</ele></trkpt><trkpt lat="42.99859149029831" lon="-1.7421058200297443"><ele>625.64001465</ele></trkpt><trkpt lat="42.998600006103516" lon="-1.7421483993530278"><ele>625.55999756</ele></trkpt><trkpt lat="42.998606245596896" lon="-1.7421621261869342"><ele>625.47998047</ele></trkpt><trkpt lat="42.99870105499695" lon="-1.7423707068670509"><ele>623.57000732</ele></trkpt><trkpt lat="42.998707294464126" lon="-1.7423844337463426"><ele>623.27001953</ele></trkpt><trkpt lat="42.99873315708542" lon="-1.7424930559340839"><ele>622.55999756</ele></trkpt><trkpt lat="42.99878872052476" lon="-1.7427264223793257"><ele>620.60998535</ele></trkpt><trkpt lat="42.99881458282469" lon="-1.7428350448608312"><ele>619.84997559</ele></trkpt><trkpt lat="42.99882268873884" lon="-1.7428613889547033"><ele>619.54998779</ele></trkpt><trkpt lat="42.99889230765648" lon="-1.7430876504369663"><ele>618.01000977</ele></trkpt><trkpt lat="42.998900413513184" lon="-1.743113994598383"><ele>616.95001221</ele></trkpt><trkpt lat="42.9989028513916" lon="-1.743119412067161"><ele>616.95001221</ele></trkpt><trkpt lat="42.998996973235464" lon="-1.7433285709805355"><ele>613.0300293</ele></trkpt><trkpt lat="42.99909109470357" lon="-1.7435377305381776"><ele>610.36999512</ele></trkpt><trkpt lat="42.999093532562256" lon="-1.7435431480407657"><ele>609.91998291</ele></trkpt><trkpt lat="42.999121316186454" lon="-1.7436264977564726"><ele>609.15997314</ele></trkpt><trkpt lat="42.99919577762686" lon="-1.7438498802393432"><ele>607.65002441</ele></trkpt><trkpt lat="42.99927023863706" lon="-1.7440732632699611"><ele>607.15002441</ele></trkpt><trkpt lat="42.999344699217076" lon="-1.7442966468483265"><ele>605.7800293</ele></trkpt><trkpt lat="42.999372482299805" lon="-1.7443799972534193"><ele>605.17999268</ele></trkpt><trkpt lat="42.999386164198896" lon="-1.7444073609461639"><ele>604.84002686</ele></trkpt><trkpt lat="42.99948754648743" lon="-1.744610125523269"><ele>602.2199707</ele></trkpt><trkpt lat="42.99950122833253" lon="-1.7446374893188445"><ele>602</ele></trkpt><trkpt lat="42.99950125103839" lon="-1.7446375195932378"><ele>602</ele></trkpt><trkpt lat="42.999629951659415" lon="-1.7448091204212866"><ele>600.53997803</ele></trkpt><trkpt lat="42.99962997436524" lon="-1.7448091506958068"><ele>600.53997803</ele></trkpt><trkpt lat="42.99969434738159" lon="-1.7448306083679115"><ele>600.11999512</ele></trkpt><trkpt lat="42.99975872039795" lon="-1.7448091506958041"><ele>599.30999756</ele></trkpt><trkpt lat="42.99984455108642" lon="-1.744744777679437"><ele>598.36999512</ele></trkpt><trkpt lat="42.99988746643065" lon="-1.7447233200073238"><ele>597.7800293</ele></trkpt><trkpt lat="42.999922169417644" lon="-1.7446886171512321"><ele>597.48999023</ele></trkpt><trkpt lat="43.00006734022304" lon="-1.744543446345829"><ele>596.2800293</ele></trkpt><trkpt lat="43.00010204315185" lon="-1.7445087432861348"><ele>596.09002686</ele></trkpt><trkpt lat="43.00013158033741" lon="-1.7444726424180723"><ele>595.67999268</ele></trkpt><trkpt lat="43.000265625081695" lon="-1.744308809952829"><ele>593.77001953</ele></trkpt><trkpt lat="43.00029516220092" lon="-1.7442727088928178"><ele>593.30999756</ele></trkpt><trkpt lat="43.00035953521727" lon="-1.744165420532226"><ele>591.96002197</ele></trkpt><trkpt lat="43.00036017486303" lon="-1.7441635016110466"><ele>591.96002197</ele></trkpt><trkpt lat="43.00043463729547" lon="-1.7439401152453227"><ele>589.32000732</ele></trkpt><trkpt lat="43.000509099284024" lon="-1.7437167283480959"><ele>587.04998779</ele></trkpt><trkpt lat="43.00050973892212" lon="-1.743714809417734"><ele>587.04998779</ele></trkpt><trkpt lat="43.00051031035426" lon="-1.7437079523247883"><ele>586.76000977</ele></trkpt><trkpt lat="43.00053062517718" lon="-1.7434641744495383"><ele>584.34997559</ele></trkpt><trkpt lat="43.000531196594224" lon="-1.7434573173522978"><ele>584.11999512</ele></trkpt><trkpt lat="43.0005422711957" lon="-1.7433953005026668"><ele>583.86999512</ele></trkpt><trkpt lat="43.000584841172405" lon="-1.7431569101953148"><ele>582.42999268</ele></trkpt><trkpt lat="43.000627410648015" lon="-1.742918519569717"><ele>581.32000732</ele></trkpt><trkpt lat="43.00063848495483" lon="-1.7428565025329656"><ele>581.25</ele></trkpt><trkpt lat="43.00072431564331" lon="-1.7426848411560028"><ele>581.39001465</ele></trkpt><trkpt lat="43.00076723098755" lon="-1.7426204681396538"><ele>581.4699707</ele></trkpt><trkpt lat="43.00091743469237" lon="-1.7425346374511694"><ele>581.44000244</ele></trkpt><trkpt lat="43.00096055499218" lon="-1.742495437331557"><ele>581.71002197</ele></trkpt><trkpt lat="43.001110348850496" lon="-1.7423592610967173"><ele>584.03997803</ele></trkpt><trkpt lat="43.0011534690857" lon="-1.7423200607299854"><ele>584.5</ele></trkpt><trkpt lat="43.00123929977416" lon="-1.7422986030578558"><ele>584.91998291</ele></trkpt><trkpt lat="43.0013036727905" lon="-1.7421913146972667"><ele>588.09002686</ele></trkpt><trkpt lat="43.0013061080392" lon="-1.7421859030729268"><ele>588.09002686</ele></trkpt><trkpt lat="43.001400232521306" lon="-1.7419767383092277"><ele>590.7800293</ele></trkpt><trkpt lat="43.00149435661147" lon="-1.7417675729124098"><ele>596.03997803</ele></trkpt><trkpt lat="43.00149679183963" lon="-1.741762161254873"><ele>596.03997803</ele></trkpt><trkpt lat="43.00162553787229" lon="-1.7416334152221578"><ele>597.58001709</ele></trkpt><trkpt lat="43.00173282623291" lon="-1.7414832115173424"><ele>601.67999268</ele></trkpt><trkpt lat="43.00173282623958" lon="-1.7414771398581061"><ele>601.67999268</ele></trkpt><trkpt lat="43.001732826239575" lon="-1.7412317911108146"><ele>602.9699707</ele></trkpt><trkpt lat="43.0017328262329" lon="-1.7412257194519016"><ele>603.47998047</ele></trkpt><trkpt lat="43.00181865692139" lon="-1.7410111427307118"><ele>605.4699707</ele></trkpt><trkpt lat="43.0018401145935" lon="-1.7409467697143575"><ele>606.57000732</ele></trkpt><trkpt lat="43.001883029937744" lon="-1.7409038543701143"><ele>607.0300293</ele></trkpt><trkpt lat="43.00186115317048" lon="-1.740925731137398"><ele>606.85998535</ele></trkpt><trkpt lat="43.001883029937744" lon="-1.7409038543701143"><ele>607.0300293</ele></trkpt><trkpt lat="43.0019005206421" lon="-1.7409021053059854"><ele>607.19000244</ele></trkpt><trkpt lat="43.0020801159556" lon="-1.7408841457746405"><ele>607.84997559</ele></trkpt><trkpt lat="43.002097606658914" lon="-1.7408823966980074"><ele>607.86999512</ele></trkpt><trkpt lat="43.00224781036377" lon="-1.740882396697994"><ele>608.71002197</ele></trkpt><trkpt lat="43.00233364105223" lon="-1.740860939025871"><ele>608.35998535</ele></trkpt><trkpt lat="43.00248384475706" lon="-1.740753650665289"><ele>607.5300293</ele></trkpt><trkpt lat="43.00248902490645" lon="-1.7407312034826192"><ele>607.46002197</ele></trkpt><trkpt lat="43.00254303767496" lon="-1.7404971481524465"><ele>606.76000977</ele></trkpt><trkpt lat="43.00254821777344" lon="-1.7404747009277428"><ele>606.70001221</ele></trkpt><trkpt lat="43.00259113311767" lon="-1.7403674125671433"><ele>606.77001953</ele></trkpt><trkpt lat="43.00259400517166" lon="-1.7403598734849106"><ele>606.77001953</ele></trkpt><trkpt lat="43.00267696403257" lon="-1.7401421073197871"><ele>607.15002441</ele></trkpt><trkpt lat="43.00275992247043" lon="-1.7399243405756653"><ele>607.84002686</ele></trkpt><trkpt lat="43.00276279449462" lon="-1.7399168014526412"><ele>607.84002686</ele></trkpt><trkpt lat="43.00284862518311" lon="-1.7397451400756818"><ele>607.03997803</ele></trkpt><trkpt lat="43.00285067927924" lon="-1.739742769979461"><ele>607.03997803</ele></trkpt><trkpt lat="43.002988100171336" lon="-1.7395842078999841"><ele>605.29998779</ele></trkpt><trkpt lat="43.00312552083149" lon="-1.7394256451114716"><ele>603.23999023</ele></trkpt><trkpt lat="43.00312757492063" lon="-1.7394232749938936"><ele>603.23999023</ele></trkpt><trkpt lat="43.003155555742346" lon="-1.7393778063424103"><ele>602.75</ele></trkpt><trkpt lat="43.003271255572045" lon="-1.7391897941191619"><ele>601.57000732</ele></trkpt><trkpt lat="43.00329923629759" lon="-1.739144325256355"><ele>601.38000488</ele></trkpt><trkpt lat="43.00334273837507" lon="-1.7391007393598557"><ele>601.21002197</ele></trkpt><trkpt lat="43.003449440002434" lon="-1.7390370368957553"><ele>600.83001709</ele></trkpt><trkpt lat="43.00362110137939" lon="-1.738972663879389"><ele>600.52001953</ele></trkpt><trkpt lat="43.00362791967128" lon="-1.738971906293947"><ele>600.52001953</ele></trkpt><trkpt lat="43.00380740213698" lon="-1.7389519637977713"><ele>600.19000244</ele></trkpt><trkpt lat="43.00381422042847" lon="-1.7389512062072785"><ele>600.19000244</ele></trkpt><trkpt lat="43.00382965231099" lon="-1.7389516471150943"><ele>600.15997314</ele></trkpt><trkpt lat="43.00400969100934" lon="-1.7389567910511994"><ele>599.9699707</ele></trkpt><trkpt lat="43.004189729702276" lon="-1.7389619350049457"><ele>599.79998779</ele></trkpt><trkpt lat="43.00436976838983" lon="-1.738967078976344"><ele>599.55999756</ele></trkpt><trkpt lat="43.004549807071974" lon="-1.7389722229654019"><ele>598.84997559</ele></trkpt><trkpt lat="43.004565238952615" lon="-1.7389726638793892"><ele>598.7800293</ele></trkpt><trkpt lat="43.004625894391566" lon="-1.7389639988535688"><ele>598.47998047</ele></trkpt><trkpt lat="43.00480499092931" lon="-1.7389384136338915"><ele>596.97998047</ele></trkpt><trkpt lat="43.004865646362305" lon="-1.7389297485351574"><ele>596.82000732</ele></trkpt><trkpt lat="43.0049729347229" lon="-1.738908290863036"><ele>596.25</ele></trkpt><trkpt lat="43.00508022308348" lon="-1.7388653755187902"><ele>595.16998291</ele></trkpt><trkpt lat="43.00511880827856" lon="-1.7388373136637947"><ele>594.79998779</ele></trkpt><trkpt lat="43.00527767232055" lon="-1.7387217761787164"><ele>593.7199707</ele></trkpt><trkpt lat="43.00531625747681" lon="-1.7386937141418488"><ele>593.53997803</ele></trkpt><trkpt lat="43.00538063049314" lon="-1.738693714141843"><ele>593.40997314</ele></trkpt><trkpt lat="43.00538416591389" lon="-1.7386336133690572"><ele>593.26000977</ele></trkpt><trkpt lat="43.00539855290503" lon="-1.738389034519798"><ele>591.88000488</ele></trkpt><trkpt lat="43.00540208816528" lon="-1.7383289337158183"><ele>592.77001953</ele></trkpt><trkpt lat="43.005359172821045" lon="-1.7382001876831126"><ele>592.04998779</ele></trkpt><trkpt lat="43.00534670113451" lon="-1.7381727497667574"><ele>591.98999023</ele></trkpt><trkpt lat="43.005251884699646" lon="-1.7379641528754017"><ele>593.04998779</ele></trkpt><trkpt lat="43.005157067891155" lon="-1.7377555566313558"><ele>594.42999268</ele></trkpt><trkpt lat="43.00514459609985" lon="-1.7377281188964842"><ele>594.65002441</ele></trkpt><trkpt lat="43.00513891416177" lon="-1.7377110730067282"><ele>594.83001709</ele></trkpt><trkpt lat="43.00506444738479" lon="-1.7374876726758077"><ele>596.44000244</ele></trkpt><trkpt lat="43.00505876541137" lon="-1.7374706268310558"><ele>596.72998047</ele></trkpt><trkpt lat="43.00505876541138" lon="-1.7374062538146915"><ele>597.23999023</ele></trkpt><trkpt lat="43.005058765411384" lon="-1.7373418807983476"><ele>597.86999512</ele></trkpt><trkpt lat="43.00508022308348" lon="-1.7372775077819882"><ele>598.72998047</ele></trkpt><trkpt lat="43.00514459609986" lon="-1.7372131347656292"><ele>599.61999512</ele></trkpt><trkpt lat="43.00523042678833" lon="-1.7371058464050295"><ele>601.26000977</ele></trkpt><trkpt lat="43.00530895603103" lon="-1.7370587290688182"><ele>602.48999023</ele></trkpt><trkpt lat="43.00547376269553" lon="-1.7369598450701231"><ele>604.63000488</ele></trkpt><trkpt lat="43.005552291870096" lon="-1.7369127273559632"><ele>605.26000977</ele></trkpt><trkpt lat="43.00565958023071" lon="-1.7368698120117139"><ele>605.89001465</ele></trkpt><trkpt lat="43.00569667397381" lon="-1.7368678069746826"><ele>606.19000244</ele></trkpt><trkpt lat="43.00587661058154" lon="-1.7368580807759137"><ele>606.65997314</ele></trkpt><trkpt lat="43.00605654718217" lon="-1.736848354507952"><ele>606.65002441</ele></trkpt><trkpt lat="43.006236483775716" lon="-1.7368386281708303"><ele>606.22998047</ele></trkpt><trkpt lat="43.00641642036217" lon="-1.7368289017645089"><ele>605.59997559</ele></trkpt><trkpt lat="43.00645351409912" lon="-1.7368268966674818"><ele>605.34002686</ele></trkpt><trkpt lat="43.006471717952245" lon="-1.736823255909339"><ele>605.34002686</ele></trkpt><trkpt lat="43.00664988696933" lon="-1.736787622105926"><ele>604.28997803</ele></trkpt><trkpt lat="43.006668090820305" lon="-1.7367839813232417"><ele>604</ele></trkpt><trkpt lat="43.006705313982316" lon="-1.7367646806118058"><ele>604.09002686</ele></trkpt><trkpt lat="43.00687361768591" lon="-1.7366774125508355"><ele>603.15997314</ele></trkpt><trkpt lat="43.007041921312045" lon="-1.736590144003959"><ele>602.01000977</ele></trkpt><trkpt lat="43.007210224860714" lon="-1.736502874971187"><ele>600.67999268</ele></trkpt><trkpt lat="43.007247447967536" lon="-1.7364835739135789"><ele>600.77001953</ele></trkpt><trkpt lat="43.00732808187604" lon="-1.7364375572651631"><ele>600.40002441</ele></trkpt><trkpt lat="43.00733114981905" lon="-1.7364358039021035"><ele>600.40002441</ele></trkpt><trkpt lat="43.00749721213804" lon="-1.7363408971750292"><ele>600.04998779</ele></trkpt><trkpt lat="43.0076632743671" lon="-1.7362459899278193"><ele>599.32000732</ele></trkpt><trkpt lat="43.007829336506205" lon="-1.7361510821604298"><ele>598.63000488</ele></trkpt><trkpt lat="43.007995398555366" lon="-1.736056173872884"><ele>597.89001465</ele></trkpt><trkpt lat="43.007998466491706" lon="-1.7360544204711914"><ele>597.82000732</ele></trkpt><trkpt lat="43.008022437487774" lon="-1.7360304495601673"><ele>597.63000488</ele></trkpt><trkpt lat="43.0081676145825" lon="-1.735885272465432"><ele>596.90997314</ele></trkpt><trkpt lat="43.00819158554077" lon="-1.735861301422119"><ele>596.77001953</ele></trkpt><trkpt lat="43.00824985303646" lon="-1.7357981785750425"><ele>595.96002197</ele></trkpt><trkpt lat="43.008390810236754" lon="-1.7356454749413892"><ele>592.04998779</ele></trkpt><trkpt lat="43.0084490776062" lon="-1.7355823516845776"><ele>590.61999512</ele></trkpt><trkpt lat="43.00847705556268" lon="-1.7355368876891086"><ele>589.90002441</ele></trkpt><trkpt lat="43.00859276112284" lon="-1.735348866153822"><ele>586.4699707</ele></trkpt><trkpt lat="43.008620738983154" lon="-1.7353034019470228"><ele>585.63000488</ele></trkpt><trkpt lat="43.008642196655266" lon="-1.7352819442748952"><ele>585.17999268</ele></trkpt><trkpt lat="43.00864506239841" lon="-1.7352744217585439"><ele>585.17999268</ele></trkpt><trkpt lat="43.00872802757019" lon="-1.7350566390276034"><ele>582.67999268</ele></trkpt><trkpt lat="43.00881099231883" lon="-1.7348388557174454"><ele>582.58001709</ele></trkpt><trkpt lat="43.008813858032234" lon="-1.7348313331604026"><ele>582.61999512</ele></trkpt><trkpt lat="43.00883531570434" lon="-1.734595298767092"><ele>582.98999023</ele></trkpt><trkpt lat="43.00882306959126" lon="-1.7345218214262135"><ele>582.66998291</ele></trkpt><trkpt lat="43.008783189000404" lon="-1.7342825378810298"><ele>581.16998291</ele></trkpt><trkpt lat="43.00877094268799" lon="-1.7342090606689482"><ele>580.51000977</ele></trkpt><trkpt lat="43.00877094273538" lon="-1.7341708163243517"><ele>580.4699707</ele></trkpt><trkpt lat="43.00877094273538" lon="-1.7339254399295105"><ele>579.25</ele></trkpt><trkpt lat="43.00877094268799" lon="-1.7338871955871504"><ele>579.55999756</ele></trkpt><trkpt lat="43.00872802734373" lon="-1.7336940765380786"><ele>578.96002197</ele></trkpt><trkpt lat="43.008728027343736" lon="-1.7335009574890206"><ele>578.55999756</ele></trkpt><trkpt lat="43.00870656967164" lon="-1.7334151268005298"><ele>578.52001953</ele></trkpt><trkpt lat="43.008642196655266" lon="-1.733329296112067"><ele>578.65002441</ele></trkpt><trkpt lat="43.00857782363892" lon="-1.7332863807678258"><ele>578.95001221</ele></trkpt><trkpt lat="43.008534908294685" lon="-1.733243465423583"><ele>578.91998291</ele></trkpt><trkpt lat="43.00853490829466" lon="-1.7332005500793473"><ele>578.55999756</ele></trkpt><trkpt lat="43.0085778236389" lon="-1.733114719390869"><ele>578.7800293</ele></trkpt><trkpt lat="43.00859928131104" lon="-1.733028888702399"><ele>578.15997314</ele></trkpt><trkpt lat="43.00866365432739" lon="-1.7328786849975577"><ele>577.77001953</ele></trkpt><trkpt lat="43.008728027343736" lon="-1.7327928543090811"><ele>578.42999268</ele></trkpt><trkpt lat="43.00883531570433" lon="-1.7326641082763712"><ele>579.14001465</ele></trkpt><trkpt lat="43.008964061737046" lon="-1.7325782775878988"><ele>580.89001465</ele></trkpt><trkpt lat="43.00909280776978" lon="-1.7325139045715274"><ele>583.13000488</ele></trkpt><trkpt lat="43.00909975856386" lon="-1.732508691492363"><ele>582.63000488</ele></trkpt><trkpt lat="43.00925751835881" lon="-1.7323903716461522"><ele>582.79998779</ele></trkpt><trkpt lat="43.00926446914673" lon="-1.732385158538814"><ele>582.33001709</ele></trkpt><trkpt lat="43.009274082519745" lon="-1.732372798529175"><ele>582.46002197</ele></trkpt><trkpt lat="43.00940505949901" lon="-1.732204399555832"><ele>583.97998047</ele></trkpt><trkpt lat="43.00941467285156" lon="-1.7321920394897397"><ele>583.75</ele></trkpt><trkpt lat="43.00947904586792" lon="-1.7319989204406832"><ele>584.40002441</ele></trkpt><trkpt lat="43.00950050354003" lon="-1.7318701744079685"><ele>587.5300293</ele></trkpt><trkpt lat="43.00950050357284" lon="-1.7318426602930304"><ele>587.48999023</ele></trkpt><trkpt lat="43.00950050357283" lon="-1.73159728111167"><ele>587.77001953</ele></trkpt><trkpt lat="43.00950050354002" lon="-1.731569766998289"><ele>587.76000977</ele></trkpt><trkpt lat="43.009527641095794" lon="-1.7314883547943858"><ele>589.21002197</ele></trkpt><trkpt lat="43.00960211223777" lon="-1.7312649413684302"><ele>588.97998047</ele></trkpt><trkpt lat="43.00962924957275" lon="-1.7311835289001545"><ele>589.28997803</ele></trkpt><trkpt lat="43.00964313094906" lon="-1.7311280037412684"><ele>588.90997314</ele></trkpt><trkpt lat="43.00970119902641" lon="-1.7308957314318356"><ele>589.39001465</ele></trkpt><trkpt lat="43.00971508026124" lon="-1.730840206146241"><ele>589.58001709</ele></trkpt><trkpt lat="43.00971508028046" lon="-1.7308234212689417"><ele>589.67999268</ele></trkpt><trkpt lat="43.00971508028046" lon="-1.730578041285085"><ele>591.51000977</ele></trkpt><trkpt lat="43.00971508026123" lon="-1.7305612564086916"><ele>591.71002197</ele></trkpt><trkpt lat="43.00971816869373" lon="-1.7305118425203674"><ele>592.25</ele></trkpt><trkpt lat="43.00973344962814" lon="-1.7302673475695711"><ele>596.20001221</ele></trkpt><trkpt lat="43.00973653793335" lon="-1.7302179336547878"><ele>596.54998779</ele></trkpt><trkpt lat="43.00975799560547" lon="-1.7301321029663188"><ele>596.94000244</ele></trkpt><trkpt lat="43.00980091094971" lon="-1.7300677299499558"><ele>596.78997803</ele></trkpt><trkpt lat="43.00986528396605" lon="-1.7300033569335878"><ele>596.0300293</ele></trkpt><trkpt lat="43.00992965698242" lon="-1.7299604415893508"><ele>595.25</ele></trkpt><trkpt lat="43.01005840301513" lon="-1.7298316955566453"><ele>593.59997559</ele></trkpt><trkpt lat="43.0100720790971" lon="-1.72980434350002"><ele>593.47998047</ele></trkpt><trkpt lat="43.01017347302246" lon="-1.7296015556492967"><ele>591.83001709</ele></trkpt><trkpt lat="43.01018714904786" lon="-1.7295742034912112"><ele>591.5300293</ele></trkpt><trkpt lat="43.01027297973633" lon="-1.7293810844421422"><ele>590.45001221</ele></trkpt><trkpt lat="43.01027297973633" lon="-1.72927379608155"><ele>590.23999023</ele></trkpt><trkpt lat="43.01027297973632" lon="-1.729123592376716"><ele>589.95001221</ele></trkpt><trkpt lat="43.010274496686705" lon="-1.7291144907401075"><ele>589.95001221</ele></trkpt><trkpt lat="43.01031437815011" lon="-1.7288752019596578"><ele>589.55999756</ele></trkpt><trkpt lat="43.010315895080566" lon="-1.7288661003112724"><ele>589.55999756</ele></trkpt><trkpt lat="43.01032806003637" lon="-1.7288204819897952"><ele>589.80999756</ele></trkpt><trkpt lat="43.01038956092491" lon="-1.728589853657784"><ele>590.7199707</ele></trkpt><trkpt lat="43.01040172576903" lon="-1.728544235229501"><ele>590.84997559</ele></trkpt><trkpt lat="43.0104074051437" lon="-1.7285271971820233"><ele>590.95001221</ele></trkpt><trkpt lat="43.01048187711932" lon="-1.7283037812551856"><ele>592.15997314</ele></trkpt><trkpt lat="43.01048755645752" lon="-1.728286743164068"><ele>592.2800293</ele></trkpt><trkpt lat="43.010496346479506" lon="-1.7282631203610983"><ele>592.35998535</ele></trkpt><trkpt lat="43.01057778284506" lon="-1.728044262707168"><ele>593.4699707</ele></trkpt><trkpt lat="43.01065921878348" lon="-1.7278254044821812"><ele>594.5300293</ele></trkpt><trkpt lat="43.010740654294736" lon="-1.7276065456861593"><ele>595.53997803</ele></trkpt><trkpt lat="43.01082208937885" lon="-1.7273876863191044"><ele>596.84997559</ele></trkpt><trkpt lat="43.01083087921143" lon="-1.7273640632629446"><ele>596.94000244</ele></trkpt><trkpt lat="43.010830879211426" lon="-1.7271924018859917"><ele>597.94000244</ele></trkpt><trkpt lat="43.0108094215393" lon="-1.72706365585327"><ele>598.77001953</ele></trkpt><trkpt lat="43.010786169847705" lon="-1.7269752988388802"><ele>599.40002441</ele></trkpt><trkpt lat="43.010725385114135" lon="-1.7267443168512864"><ele>600.7199707</ele></trkpt><trkpt lat="43.0107021331787" lon="-1.7266559600830005"><ele>601.21002197</ele></trkpt><trkpt lat="43.010702133178704" lon="-1.7264842987060505"><ele>601.67999268</ele></trkpt><trkpt lat="43.010723590850844" lon="-1.726312637329106"><ele>602.20001221</ele></trkpt><trkpt lat="43.01078796386719" lon="-1.726140975952155"><ele>602.69000244</ele></trkpt><trkpt lat="43.010680675506585" lon="-1.7260766029357895"><ele>602.21002197</ele></trkpt><trkpt lat="43.01059951470832" lon="-1.7260667051606435"><ele>601.98999023</ele></trkpt><trkpt lat="43.01042015398437" lon="-1.7260448317276584"><ele>601.45001221</ele></trkpt><trkpt lat="43.01024079325238" lon="-1.7260229584096891"><ele>601.03997803</ele></trkpt><trkpt lat="43.010061432512316" lon="-1.7260010852066903"><ele>600.66998291</ele></trkpt><trkpt lat="43.00988207176424" lon="-1.7259792121186697"><ele>600.01000977</ele></trkpt><trkpt lat="43.009800910949714" lon="-1.7259693145751878"><ele>599.70001221</ele></trkpt><trkpt lat="43.00971508026123" lon="-1.7259263992309573"><ele>599.34002686</ele></trkpt><trkpt lat="43.009629249572754" lon="-1.725819110870362"><ele>598.75</ele></trkpt><trkpt lat="43.00960953961747" lon="-1.7257402852033719"><ele>598.64001465</ele></trkpt><trkpt lat="43.009551461993" lon="-1.7255080179614026"><ele>598.4699707</ele></trkpt><trkpt lat="43.00949338390211" lon="-1.7252757511671657"><ele>598.17999268</ele></trkpt><trkpt lat="43.00943530534478" lon="-1.7250434848206542"><ele>597.75</ele></trkpt><trkpt lat="43.00941559486092" lon="-1.7249646596610555"><ele>597.59997559</ele></trkpt><trkpt lat="43.009393215179436" lon="-1.7248749732971165"><ele>597.42999268</ele></trkpt><trkpt lat="43.00939321517944" lon="-1.724746227264409"><ele>597.15002441</ele></trkpt><trkpt lat="43.00943613052368" lon="-1.7245745658874558"><ele>596.84002686</ele></trkpt><trkpt lat="43.00945376663319" lon="-1.7245260677854486"><ele>596.77001953</ele></trkpt><trkpt lat="43.009533719794284" lon="-1.724306200962107"><ele>595.96002197</ele></trkpt><trkpt lat="43.00961367252451" lon="-1.7240863335758583"><ele>594.14001465</ele></trkpt><trkpt lat="43.009693624823804" lon="-1.7238664656267235"><ele>591.70001221</ele></trkpt><trkpt lat="43.00977357669221" lon="-1.7236465971146921"><ele>589.45001221</ele></trkpt><trkpt lat="43.009853528129696" lon="-1.7234267280397804"><ele>587.88000488</ele></trkpt><trkpt lat="43.00993347913628" lon="-1.7232068584019735"><ele>586.0300293</ele></trkpt><trkpt lat="43.00995111465454" lon="-1.7231583595275919"><ele>585.65997314</ele></trkpt><trkpt lat="43.00999402999878" lon="-1.7230296134948802"><ele>584.72998047</ele></trkpt><trkpt lat="43.00999402999878" lon="-1.7228364944457994"><ele>583.75</ele></trkpt><trkpt lat="43.00999263945714" lon="-1.7228284987232685"><ele>583.75</ele></trkpt><trkpt lat="43.00995111491855" lon="-1.7225897310385796"><ele>583.47998047</ele></trkpt><trkpt lat="43.00990958988558" lon="-1.7223509636869163"><ele>583.70001221</ele></trkpt><trkpt lat="43.00990819931029" lon="-1.722342967987056"><ele>583.70001221</ele></trkpt><trkpt lat="43.00986528396607" lon="-1.722214221954348"><ele>584.29998779</ele></trkpt><trkpt lat="43.00984417733782" lon="-1.7221614549418478"><ele>584.66998291</ele></trkpt><trkpt lat="43.00975799591481" lon="-1.7219460005806049"><ele>586.01000977</ele></trkpt><trkpt lat="43.00967181409261" lon="-1.7217305468288022"><ele>586.47998047</ele></trkpt><trkpt lat="43.00965070724487" lon="-1.721677780151368"><ele>586.57000732</ele></trkpt><trkpt lat="43.0096229447026" lon="-1.721566728611771"><ele>586.64001465</ele></trkpt><trkpt lat="43.009564877065934" lon="-1.7213344569084128"><ele>587</ele></trkpt><trkpt lat="43.00950680896282" lon="-1.7211021856527275"><ele>587.34002686</ele></trkpt><trkpt lat="43.00947904586791" lon="-1.720991134643559"><ele>587.41998291</ele></trkpt><trkpt lat="43.009328842163065" lon="-1.72103404998779"><ele>586.9699707</ele></trkpt><trkpt lat="43.009308315504974" lon="-1.7210499294421673"><ele>586.85998535</ele></trkpt><trkpt lat="43.009151715472555" lon="-1.7211710750556164"><ele>586.22998047</ele></trkpt><trkpt lat="43.00899511529977" lon="-1.7212922200469434"><ele>585.55999756</ele></trkpt><trkpt lat="43.00883851498659" lon="-1.7214133644161287"><ele>584.90997314</ele></trkpt><trkpt lat="43.00868191453304" lon="-1.7215345081632172"><ele>584.59002686</ele></trkpt><trkpt lat="43.0085253139391" lon="-1.721655651288182"><ele>584.29998779</ele></trkpt><trkpt lat="43.00836871320478" lon="-1.7217767937910446"><ele>583.57000732</ele></trkpt><trkpt lat="43.0082121123301" lon="-1.721897935671791"><ele>582.45001221</ele></trkpt><trkpt lat="43.00819158554078" lon="-1.7219138145446793"><ele>582.5</ele></trkpt><trkpt lat="43.008146064034946" lon="-1.721936575453402"><ele>581.89001465</ele></trkpt><trkpt lat="43.007977008878626" lon="-1.7220211032865524"><ele>580.95001221</ele></trkpt><trkpt lat="43.00780795364899" lon="-1.7221056306463807"><ele>580.25</ele></trkpt><trkpt lat="43.007762432098396" lon="-1.722128391265872"><ele>580.09002686</ele></trkpt><trkpt lat="43.00770823664689" lon="-1.7221534046507427"><ele>579.94000244</ele></trkpt><trkpt lat="43.00753767783943" lon="-1.7222321241003316"><ele>579.41998291</ele></trkpt><trkpt lat="43.00748348236084" lon="-1.722257137298575"><ele>579.29998779</ele></trkpt><trkpt lat="43.00748207867145" lon="-1.7222575823776243"><ele>579.29998779</ele></trkpt><trkpt lat="43.00730668730884" lon="-1.7223131949517496"><ele>578.91998291</ele></trkpt><trkpt lat="43.00713129590988" lon="-1.722368807198062"><ele>578.65002441</ele></trkpt><trkpt lat="43.00695590447455" lon="-1.7224244191165752"><ele>578.92999268</ele></trkpt><trkpt lat="43.00678051300286" lon="-1.7224800307072932"><ele>578.07000732</ele></trkpt><trkpt lat="43.0066051214948" lon="-1.7225356419702165"><ele>577.01000977</ele></trkpt><trkpt lat="43.00660371780395" lon="-1.722536087036128"><ele>576.90002441</ele></trkpt><trkpt lat="43.006550040846555" lon="-1.7225686769437656"><ele>576.65997314</ele></trkpt><trkpt lat="43.00638555401271" lon="-1.7226685445513807"><ele>576.08001709</ele></trkpt><trkpt lat="43.00622106708022" lon="-1.7227684116175481"><ele>575.52001953</ele></trkpt><trkpt lat="43.006056580049076" lon="-1.7228682781422489"><ele>574.96002197</ele></trkpt><trkpt lat="43.00600290298461" lon="-1.722900867462159"><ele>574.75</ele></trkpt><trkpt lat="43.00591707229614" lon="-1.7229652404785207"><ele>574.34997559</ele></trkpt><trkpt lat="43.00583124160765" lon="-1.7231154441833485"><ele>574.05999756</ele></trkpt><trkpt lat="43.00574312999851" lon="-1.7230940835847746"><ele>573.91998291</ele></trkpt><trkpt lat="43.00556583670693" lon="-1.7230511031529576"><ele>573.53997803</ele></trkpt><trkpt lat="43.00538854339701" lon="-1.7230081229566157"><ele>573.55999756</ele></trkpt><trkpt lat="43.00521125006874" lon="-1.7229651429957453"><ele>573.40997314</ele></trkpt><trkpt lat="43.00512313842775" lon="-1.7229437828063907"><ele>573.47998047</ele></trkpt><trkpt lat="43.00505876541137" lon="-1.722900867462161"><ele>573.4699707</ele></trkpt><trkpt lat="43.00501585006713" lon="-1.7228150367736825"><ele>573.40997314</ele></trkpt><trkpt lat="43.0049729347229" lon="-1.7226004600524996"><ele>573.55999756</ele></trkpt><trkpt lat="43.00497024820259" lon="-1.7225655342299564"><ele>573.55999756</ele></trkpt><trkpt lat="43.004951477389575" lon="-1.7223215102097975"><ele>573.51000977</ele></trkpt><trkpt lat="43.004932706058014" lon="-1.7220774863505905"><ele>573.7800293</ele></trkpt><trkpt lat="43.00493001937864" lon="-1.7220425605774001"><ele>573.67999268</ele></trkpt><trkpt lat="43.00493182922147" lon="-1.721943045110121"><ele>573.75</ele></trkpt><trkpt lat="43.00493628974264" lon="-1.7216977598967595"><ele>573.65002441</ele></trkpt><trkpt lat="43.00494074973755" lon="-1.7214524746604691"><ele>573.76000977</ele></trkpt><trkpt lat="43.00494520920619" lon="-1.7212071894012528"><ele>574.02001953</ele></trkpt><trkpt lat="43.004949668148576" lon="-1.7209619041191033"><ele>574.75</ele></trkpt><trkpt lat="43.00495147705079" lon="-1.7208623886108474"><ele>575.46002197</ele></trkpt><trkpt lat="43.004933272878326" lon="-1.7208660294578304"><ele>575.57000732</ele></trkpt><trkpt lat="43.00475510450418" lon="-1.7209016631326504"><ele>575.09997559</ele></trkpt><trkpt lat="43.00473690032957" lon="-1.7209053039550715"><ele>575.19000244</ele></trkpt><trkpt lat="43.004629611968994" lon="-1.7209053039550832"><ele>575.13000488</ele></trkpt><trkpt lat="43.004613929075035" lon="-1.7208948486592597"><ele>575.04998779</ele></trkpt><trkpt lat="43.00445217582438" lon="-1.7207870131588223"><ele>574.61999512</ele></trkpt><trkpt lat="43.00443649291992" lon="-1.7207765579223704"><ele>574.55999756</ele></trkpt><trkpt lat="43.00436163476304" lon="-1.7207156258891112"><ele>574.5</ele></trkpt><trkpt lat="43.00420704238556" lon="-1.7205897934150818"><ele>574.11999512</ele></trkpt><trkpt lat="43.00405244987374" lon="-1.720463961566268"><ele>573.76000977</ele></trkpt><trkpt lat="43.00389785722761" lon="-1.720338130342663"><ele>573.40997314</ele></trkpt><trkpt lat="43.00374326444715" lon="-1.7202122997442784"><ele>573.10998535</ele></trkpt><trkpt lat="43.003588671532384" lon="-1.7200864697711076"><ele>572.7199707</ele></trkpt><trkpt lat="43.0035138130188" lon="-1.7200255393981871"><ele>572.48999023</ele></trkpt><trkpt lat="43.00344944000245" lon="-1.7199182510376083"><ele>572.45001221</ele></trkpt><trkpt lat="43.00344861567954" lon="-1.7199152285059662"><ele>572.45001221</ele></trkpt><trkpt lat="43.00338589131507" lon="-1.7196852391695743"><ele>572.35998535</ele></trkpt><trkpt lat="43.00338506698608" lon="-1.7196822166442804"><ele>572.17999268</ele></trkpt><trkpt lat="43.003299236297586" lon="-1.7195534706115745"><ele>572.04998779</ele></trkpt><trkpt lat="43.00321340560913" lon="-1.7194890975952104"><ele>571.76000977</ele></trkpt><trkpt lat="43.00321319939818" lon="-1.7194890073774147"><ele>571.76000977</ele></trkpt><trkpt lat="43.00304174425664" lon="-1.7194139955387855"><ele>571.4699707</ele></trkpt><trkpt lat="43.00287028906628" lon="-1.7193389841071962"><ele>571.03997803</ele></trkpt><trkpt lat="43.002870082855225" lon="-1.7193388938903789"><ele>571.03997803</ele></trkpt><trkpt lat="43.00281477132441" lon="-1.7193125548908352"><ele>570.94000244</ele></trkpt><trkpt lat="43.002644777347555" lon="-1.7192316051462992"><ele>570.55999756</ele></trkpt><trkpt lat="43.00247478331424" lon="-1.7191506558383836"><ele>570.28997803</ele></trkpt><trkpt lat="43.00241947174072" lon="-1.7191243171691923"><ele>570.21002197</ele></trkpt><trkpt lat="43.00239951459677" lon="-1.719116556010953"><ele>570.11999512</ele></trkpt><trkpt lat="43.002226352716455" lon="-1.7190492150881578"><ele>569.84997559</ele></trkpt><trkpt lat="43.00205319079625" lon="-1.7189818745329761"><ele>569.44000244</ele></trkpt><trkpt lat="43.00203323364258" lon="-1.7189741134643624"><ele>569.41998291</ele></trkpt><trkpt lat="43.0020221698393" lon="-1.7189708120281473"><ele>569.40997314</ele></trkpt><trkpt lat="43.00184626177034" lon="-1.718918321260113"><ele>569.15002441</ele></trkpt><trkpt lat="43.001670353675856" lon="-1.7188658307802054"><ele>568.83001709</ele></trkpt><trkpt lat="43.00149444555589" lon="-1.7188133405884414"><ele>568.4699707</ele></trkpt><trkpt lat="43.00131853741041" lon="-1.7187608506847707"><ele>568.08001709</ele></trkpt><trkpt lat="43.001142629239425" lon="-1.7187083610692355"><ele>567.84997559</ele></trkpt><trkpt lat="43.00096672104294" lon="-1.718655871741794"><ele>567.44000244</ele></trkpt><trkpt lat="43.00079081282096" lon="-1.718603382702472"><ele>567.2199707</ele></trkpt><trkpt lat="43.00061490457348" lon="-1.7185508939512535"><ele>566.94000244</ele></trkpt><trkpt lat="43.00043899630051" lon="-1.7184984054881163"><ele>566.70001221</ele></trkpt><trkpt lat="43.000263088002036" lon="-1.7184459173130915"><ele>566.34997559</ele></trkpt><trkpt lat="43.00008717967806" lon="-1.7183934294261531"><ele>566.0300293</ele></trkpt><trkpt lat="42.9999112713286" lon="-1.7183409418273023"><ele>565.63000488</ele></trkpt><trkpt lat="42.99973536295363" lon="-1.71828845451654"><ele>565.35998535</ele></trkpt><trkpt lat="42.999559454553165" lon="-1.718235967493831"><ele>565.02001953</ele></trkpt><trkpt lat="42.9993835461272" lon="-1.7181834807592191"><ele>564.71002197</ele></trkpt><trkpt lat="42.999372482299805" lon="-1.7181801795959457"><ele>564.71002197</ele></trkpt><trkpt lat="42.999308109283454" lon="-1.7182445526123118"><ele>565.03997803</ele></trkpt><trkpt lat="42.99926891500591" lon="-1.7183327401894406"><ele>564.59002686</ele></trkpt><trkpt lat="42.99917564241952" lon="-1.7185426035088245"><ele>564.29998779</ele></trkpt><trkpt lat="42.999136447906494" lon="-1.718630790710444"><ele>564.7800293</ele></trkpt><trkpt lat="42.99912226808959" lon="-1.7186699851289446"><ele>564.4699707</ele></trkpt><trkpt lat="42.99904265470954" lon="-1.7188900433646541"><ele>564.34997559</ele></trkpt><trkpt lat="42.99896304089784" lon="-1.719110101039648"><ele>563.92999268</ele></trkpt><trkpt lat="42.99894886091351" lon="-1.7191492952406466"><ele>563.61999512</ele></trkpt><trkpt lat="42.998903933912494" lon="-1.7191053740680249"><ele>563.55999756</ele></trkpt><trkpt lat="42.998874174821495" lon="-1.7190552539037944"><ele>563.66998291</ele></trkpt><trkpt lat="42.998760920587955" lon="-1.718864512267095"><ele>563.54998779</ele></trkpt><trkpt lat="42.998647666043325" lon="-1.7186737713338522"><ele>563.60998535</ele></trkpt><trkpt lat="42.99853441118759" lon="-1.71848303110404"><ele>563.26000977</ele></trkpt><trkpt lat="42.9984211560208" lon="-1.718292291577659"><ele>563.14001465</ele></trkpt><trkpt lat="42.99830790054291" lon="-1.7181015527547259"><ele>562.98999023</ele></trkpt><trkpt lat="42.99827814102173" lon="-1.7180514335632395"><ele>562.77001953</ele></trkpt><trkpt lat="42.99827811727601" lon="-1.7180514019021746"><ele>562.77001953</ele></trkpt><trkpt lat="42.998149418734776" lon="-1.7178798038472152"><ele>562.16998291</ele></trkpt><trkpt lat="42.998149394989014" lon="-1.7178797721862835"><ele>562.16998291</ele></trkpt><trkpt lat="42.998147523110745" lon="-1.7178774510290395"><ele>562.16998291</ele></trkpt><trkpt lat="42.9980143489506" lon="-1.7177123135703334"><ele>561.77001953</ele></trkpt><trkpt lat="42.99788117455832" lon="-1.717547176823857"><ele>561.25</ele></trkpt><trkpt lat="42.9977479999339" lon="-1.7173820407896407"><ele>561.14001465</ele></trkpt><trkpt lat="42.99761482507738" lon="-1.7172169054676445"><ele>560.90997314</ele></trkpt><trkpt lat="42.99761295318604" lon="-1.7172145843505933"><ele>560.90997314</ele></trkpt><trkpt lat="42.99759999053717" lon="-1.717196066217406"><ele>560.92999268</ele></trkpt><trkpt lat="42.99747571216102" lon="-1.7170185256800627"><ele>560.65002441</ele></trkpt><trkpt lat="42.997462749481194" lon="-1.7170000076294014"><ele>560.67999268</ele></trkpt><trkpt lat="42.997423173965124" lon="-1.7169340481508495"><ele>560.65002441</ele></trkpt><trkpt lat="42.997309206092496" lon="-1.7167441016964282"><ele>560.41998291</ele></trkpt><trkpt lat="42.99726963043213" lon="-1.716678142547597"><ele>560.45001221</ele></trkpt><trkpt lat="42.997221892257414" lon="-1.7165773614369255"><ele>560.27001953</ele></trkpt><trkpt lat="42.997124249823095" lon="-1.716371227408946"><ele>560.09997559</ele></trkpt><trkpt lat="42.997076511383035" lon="-1.7162704467773464"><ele>559.97998047</ele></trkpt><trkpt lat="42.997043731509926" lon="-1.7161877828223342"><ele>560.11999512</ele></trkpt><trkpt lat="42.99695813913388" lon="-1.7159719379453222"><ele>560.04998779</ele></trkpt><trkpt lat="42.99687254635719" lon="-1.7157560936745528"><ele>560.17999268</ele></trkpt><trkpt lat="42.99678695317987" lon="-1.715540250010029"><ele>560.40002441</ele></trkpt><trkpt lat="42.99670135960193" lon="-1.7153244069517226"><ele>560.42999268</ele></trkpt><trkpt lat="42.99661576562334" lon="-1.7151085644996662"><ele>560.46002197</ele></trkpt><trkpt lat="42.9965829849243" lon="-1.7150259017944363"><ele>560.64001465</ele></trkpt><trkpt lat="42.996577298532806" lon="-1.7150088425444034"><ele>560.59002686</ele></trkpt><trkpt lat="42.996502840662686" lon="-1.7147854689340019"><ele>560.55999756</ele></trkpt><trkpt lat="42.996497154235826" lon="-1.714768409729001"><ele>560.55999756</ele></trkpt><trkpt lat="42.99641132354738" lon="-1.7145967483520463"><ele>560.52001953</ele></trkpt><trkpt lat="42.99639958143574" lon="-1.7145669411019053"><ele>560.55999756</ele></trkpt><trkpt lat="42.99631442672411" lon="-1.7143507775174465"><ele>560.66998291</ele></trkpt><trkpt lat="42.99622927161067" lon="-1.7141346145371152"><ele>560.67999268</ele></trkpt><trkpt lat="42.99614411609535" lon="-1.713918452160867"><ele>560.36999512</ele></trkpt><trkpt lat="42.99613237380983" lon="-1.7138886451721127"><ele>560.28997803</ele></trkpt><trkpt lat="42.99610399437673" lon="-1.7137972268561814"><ele>560.17999268</ele></trkpt><trkpt lat="42.99603385147912" lon="-1.7135712777732077"><ele>559.83001709</ele></trkpt><trkpt lat="42.9960054717958" lon="-1.7134798597544525"><ele>559.75</ele></trkpt><trkpt lat="42.99593925476072" lon="-1.7132663726806594"><ele>559.5300293</ele></trkpt><trkpt lat="42.995853424072266" lon="-1.71309471130371"><ele>559.28997803</ele></trkpt><trkpt lat="42.99574613571166" lon="-1.712901592254647"><ele>559.15002441</ele></trkpt><trkpt lat="42.995695947018746" lon="-1.712814678028861"><ele>558.97998047</ele></trkpt><trkpt lat="42.995584607100746" lon="-1.7126218661282993"><ele>558.63000488</ele></trkpt><trkpt lat="42.995473266864764" lon="-1.7124290549270986"><ele>558.34002686</ele></trkpt><trkpt lat="42.99536192631083" lon="-1.7122362444252366"><ele>557.97998047</ele></trkpt><trkpt lat="42.995250585438946" lon="-1.7120434346227194"><ele>557.65002441</ele></trkpt><trkpt lat="42.9951392442491" lon="-1.7118506255195378"><ele>557.32000732</ele></trkpt><trkpt lat="42.99502790274129" lon="-1.711657817115698"><ele>557.05999756</ele></trkpt><trkpt lat="42.994916560915556" lon="-1.71146500941119"><ele>556.83001709</ele></trkpt><trkpt lat="42.99486637115477" lon="-1.7113780975341897"><ele>556.71002197</ele></trkpt><trkpt lat="42.99486189824688" lon="-1.7113711012919588"><ele>556.69000244</ele></trkpt><trkpt lat="42.99474362722084" lon="-1.7111861097713725"><ele>556.45001221</ele></trkpt><trkpt lat="42.99462535590257" lon="-1.7110011189622132"><ele>556.17999268</ele></trkpt><trkpt lat="42.99450708429207" lon="-1.7108161288644896"><ele>555.88000488</ele></trkpt><trkpt lat="42.99438881238935" lon="-1.7106311394781915"><ele>555.59002686</ele></trkpt><trkpt lat="42.994270540194385" lon="-1.710446150803316"><ele>555.34002686</ele></trkpt><trkpt lat="42.99415226770722" lon="-1.7102611628398519"><ele>555.21002197</ele></trkpt><trkpt lat="42.99403399492784" lon="-1.7100761755878002"><ele>554.90002441</ele></trkpt><trkpt lat="42.99402952194215" lon="-1.710069179534921"><ele>554.90002441</ele></trkpt><trkpt lat="42.993879318237305" lon="-1.7100691795349092"><ele>554.52001953</ele></trkpt><trkpt lat="42.99379348754883" lon="-1.7100477218627936"><ele>554.34002686</ele></trkpt><trkpt lat="42.993643283843994" lon="-1.7100262641906665"><ele>553.86999512</ele></trkpt><trkpt lat="42.99359536679948" lon="-1.7100148552984007"><ele>553.72998047</ele></trkpt><trkpt lat="42.9934179783011" lon="-1.7099726198239944"><ele>553.30999756</ele></trkpt><trkpt lat="42.993240589784925" lon="-1.7099303845806542"><ele>552.80999756</ele></trkpt><trkpt lat="42.993192672729485" lon="-1.7099189758300717"><ele>552.72998047</ele></trkpt><trkpt lat="42.99312829971312" lon="-1.7098975181579537"><ele>552.57000732</ele></trkpt><trkpt lat="42.99312177894967" lon="-1.7098975181581975"><ele>552.57000732</ele></trkpt><trkpt lat="42.99294170142772" lon="-1.7098975181581875"><ele>552.13000488</ele></trkpt><trkpt lat="42.99293518066405" lon="-1.709897518157956"><ele>552.07000732</ele></trkpt><trkpt lat="42.99278497695926" lon="-1.7099404335021946"><ele>551.53997803</ele></trkpt><trkpt lat="42.99278098291749" lon="-1.709942929785987"><ele>551.53997803</ele></trkpt><trkpt lat="42.99261730962661" lon="-1.7100452255927856"><ele>551.26000977</ele></trkpt><trkpt lat="42.992613315582275" lon="-1.7100477218628"><ele>551.27001953</ele></trkpt><trkpt lat="42.99256558922604" lon="-1.710100608691797"><ele>551.26000977</ele></trkpt><trkpt lat="42.99242589351957" lon="-1.7102554085364383"><ele>551.26000977</ele></trkpt><trkpt lat="42.99228619759122" lon="-1.7104102076771117"><ele>551.38000488</ele></trkpt><trkpt lat="42.99214650144102" lon="-1.7105650061138309"><ele>551.5</ele></trkpt><trkpt lat="42.99200680506894" lon="-1.7107198038465874"><ele>551.66998291</ele></trkpt><trkpt lat="42.99186710847499" lon="-1.710874600875388"><ele>552.02001953</ele></trkpt><trkpt lat="42.99181938171385" lon="-1.710927486419684"><ele>552.16998291</ele></trkpt><trkpt lat="42.99179989227271" lon="-1.7109031245335722"><ele>552.10998535</ele></trkpt><trkpt lat="42.9916672098175" lon="-1.7107372714645417"><ele>551.73999023</ele></trkpt><trkpt lat="42.9916477203369" lon="-1.7107129096984828"><ele>551.72998047</ele></trkpt><trkpt lat="42.99162500377465" lon="-1.7106822420405787"><ele>551.71002197</ele></trkpt><trkpt lat="42.991497097303856" lon="-1.710509567245829"><ele>551.65002441</ele></trkpt><trkpt lat="42.99136919057902" lon="-1.7103368931672964"><ele>551.63000488</ele></trkpt><trkpt lat="42.99124128360014" lon="-1.7101642198049776"><ele>551.5</ele></trkpt><trkpt lat="42.99121856689454" lon="-1.7101335525512629"><ele>551.4699707</ele></trkpt><trkpt lat="42.991205600810495" lon="-1.7101150295106984"><ele>551.4699707</ele></trkpt><trkpt lat="42.991081329304684" lon="-1.7099374987881228"><ele>551.52001953</ele></trkpt><trkpt lat="42.991068363189704" lon="-1.70991897583007"><ele>551.57000732</ele></trkpt><trkpt lat="42.99100399017333" lon="-1.7098331451416022"><ele>551.52001953</ele></trkpt><trkpt lat="42.990984500320906" lon="-1.7098087827413906"><ele>551.54998779</ele></trkpt><trkpt lat="42.99085181868825" lon="-1.7096429307005743"><ele>551.63000488</ele></trkpt><trkpt lat="42.990832328796394" lon="-1.7096185684204053"><ele>551.60998535</ele></trkpt><trkpt lat="42.9908249360094" lon="-1.7096062470666742"><ele>551.71002197</ele></trkpt><trkpt lat="42.99071097557198" lon="-1.7094163130042928"><ele>551.67999268</ele></trkpt><trkpt lat="42.99070358276368" lon="-1.7094039916992207"><ele>552.14001465</ele></trkpt><trkpt lat="42.99063594080508" lon="-1.7092179972678394"><ele>551.86999512</ele></trkpt><trkpt lat="42.99063594080508" lon="-1.7092179972678394"><ele>551.86999512</ele></trkpt><trkpt lat="42.9906177520752" lon="-1.7091679573059173"><ele>551.85998535</ele></trkpt><trkpt lat="42.990604564306715" lon="-1.7091752838677756"><ele>551.88000488</ele></trkpt><trkpt lat="42.99043782080198" lon="-1.709267919148175"><ele>551.30999756</ele></trkpt><trkpt lat="42.99042463302612" lon="-1.7092752456665106"><ele>551.34997559</ele></trkpt><trkpt lat="42.9904052762726" lon="-1.709281052712278"><ele>551.38000488</ele></trkpt><trkpt lat="42.990229413062536" lon="-1.7093338116752734"><ele>551.88000488</ele></trkpt><trkpt lat="42.990210056304925" lon="-1.709339618682857"><ele>551.96002197</ele></trkpt><trkpt lat="42.9902009551596" lon="-1.7093426524076767"><ele>551.96002197</ele></trkpt><trkpt lat="42.99002603840334" lon="-1.7094009579931049"><ele>552.42999268</ele></trkpt><trkpt lat="42.990016937255874" lon="-1.7094039916992125"><ele>552.42999268</ele></trkpt><trkpt lat="42.98995256423951" lon="-1.7094039916992294"><ele>552.48999023</ele></trkpt><trkpt lat="42.989909648895264" lon="-1.7094039916992183"><ele>552.61999512</ele></trkpt><trkpt lat="42.98982381820679" lon="-1.7093610763549747"><ele>553.08001709</ele></trkpt><trkpt lat="42.98965215682983" lon="-1.7093396186828562"><ele>553.95001221</ele></trkpt><trkpt lat="42.989609241485574" lon="-1.709361076354989"><ele>554.02001953</ele></trkpt><trkpt lat="42.98954486846924" lon="-1.7092967033386168"><ele>554.4699707</ele></trkpt><trkpt lat="42.98945903778076" lon="-1.709232330322262"><ele>556.05999756</ele></trkpt><trkpt lat="42.989373207092285" lon="-1.7092537879943925"><ele>557.70001221</ele></trkpt><trkpt lat="42.98937119775176" lon="-1.7092256567504294"><ele>557.90997314</ele></trkpt><trkpt lat="42.98935375882737" lon="-1.7089815118093423"><ele>559.83001709</ele></trkpt><trkpt lat="42.98935174942014" lon="-1.7089533805847223"><ele>559.94000244</ele></trkpt><trkpt lat="42.98930883407592" lon="-1.708824634552001"><ele>561.53997803</ele></trkpt><trkpt lat="42.98924446105955" lon="-1.7086744308471655"><ele>562.34997559</ele></trkpt><trkpt lat="42.98918008804321" lon="-1.7085671424865718"><ele>563.0300293</ele></trkpt><trkpt lat="42.989173131091306" lon="-1.7085619247568091"><ele>563.10998535</ele></trkpt><trkpt lat="42.98901538362364" lon="-1.70844361415606"><ele>565.71002197</ele></trkpt><trkpt lat="42.989008426666274" lon="-1.7084383964538572"><ele>565.69000244</ele></trkpt><trkpt lat="42.98894405364989" lon="-1.7083525657653906"><ele>566.40997314</ele></trkpt><trkpt lat="42.988858222961426" lon="-1.7082238197326731"><ele>567.85998535</ele></trkpt><trkpt lat="42.98882921508613" lon="-1.7081575157058948"><ele>568.55999756</ele></trkpt><trkpt lat="42.988737027289616" lon="-1.7079468007424357"><ele>568.02001953</ele></trkpt><trkpt lat="42.9887080192566" lon="-1.7078804969787578"><ele>567.75</ele></trkpt><trkpt lat="42.988672873363" lon="-1.7078102048703658"><ele>567.54998779</ele></trkpt><trkpt lat="42.98857150393775" lon="-1.7076074660198797"><ele>567.17999268</ele></trkpt><trkpt lat="42.988536357879646" lon="-1.7075371742248533"><ele>566.96002197</ele></trkpt><trkpt lat="42.9884979715859" lon="-1.7074808739218317"><ele>567.10998535</ele></trkpt><trkpt lat="42.98837542557634" lon="-1.7073011392147939"><ele>566.61999512</ele></trkpt><trkpt lat="42.98825287929123" lon="-1.707121405223004"><ele>566.72998047</ele></trkpt><trkpt lat="42.98821449279784" lon="-1.707065105438227"><ele>566.17999268</ele></trkpt><trkpt lat="42.988190513324085" lon="-1.7070411258818659"><ele>565.94000244</ele></trkpt><trkpt lat="42.98804535325696" lon="-1.7068959658147453"><ele>567.16998291</ele></trkpt><trkpt lat="42.988021373748786" lon="-1.7068719863891693"><ele>568.20001221</ele></trkpt><trkpt lat="42.98799600861179" lon="-1.706852589397802"><ele>567.92999268</ele></trkpt><trkpt lat="42.987838983618225" lon="-1.7067325111123726"><ele>566.70001221</ele></trkpt><trkpt lat="42.9876819585024" lon="-1.7066124334317971"><ele>567.7199707</ele></trkpt><trkpt lat="42.98765659332273" lon="-1.7065930366516102"><ele>568.67999268</ele></trkpt><trkpt lat="42.987627974414885" lon="-1.7065605148531853"><ele>568.33001709</ele></trkpt><trkpt lat="42.98748969768084" lon="-1.7064033812601034"><ele>566.9699707</ele></trkpt><trkpt lat="42.987351420736985" lon="-1.7062462483693408"><ele>566.01000977</ele></trkpt><trkpt lat="42.98721314358327" lon="-1.70608911618091"><ele>566.80999756</ele></trkpt><trkpt lat="42.98718452453614" lon="-1.7060565948486397"><ele>567.42999268</ele></trkpt><trkpt lat="42.987130883668854" lon="-1.706013997150226"><ele>567.59997559</ele></trkpt><trkpt lat="42.986975314132" lon="-1.7058904555561152"><ele>569.2199707</ele></trkpt><trkpt lat="42.98681974446578" lon="-1.7057669145789647"><ele>570.19000244</ele></trkpt><trkpt lat="42.98666417467015" lon="-1.7056433742187802"><ele>570.21002197</ele></trkpt><trkpt lat="42.98650860474517" lon="-1.7055198344755433"><ele>571.4699707</ele></trkpt><trkpt lat="42.98645496368408" lon="-1.7054772377014134"><ele>571.69000244</ele></trkpt><trkpt lat="42.986438555039946" lon="-1.705458777915044"><ele>572.44000244</ele></trkpt><trkpt lat="42.98629971097867" lon="-1.7053025783461062"><ele>571.27001953</ele></trkpt><trkpt lat="42.98628330230712" lon="-1.7052841186523509"><ele>571.30999756</ele></trkpt><trkpt lat="42.98626083809652" lon="-1.705253230250917"><ele>571.40002441</ele></trkpt><trkpt lat="42.98613410519477" lon="-1.705078972510993"><ele>571</ele></trkpt><trkpt lat="42.986111640930176" lon="-1.705048084259037"><ele>570.85998535</ele></trkpt><trkpt lat="42.986051618602296" lon="-1.7049598154449337"><ele>570.54998779</ele></trkpt><trkpt lat="42.98592925102399" lon="-1.704779862563285"><ele>570.20001221</ele></trkpt><trkpt lat="42.98580688316946" lon="-1.7045999103966791"><ele>569.7199707</ele></trkpt><trkpt lat="42.985746860504136" lon="-1.7045116424560642"><ele>569.07000732</ele></trkpt><trkpt lat="42.98573946485857" lon="-1.704499316338022"><ele>569.42999268</ele></trkpt><trkpt lat="42.985625510138334" lon="-1.7043093918042285"><ele>567.65002441</ele></trkpt><trkpt lat="42.98561811447146" lon="-1.7042970657348573"><ele>567.65002441</ele></trkpt><trkpt lat="42.98558087256991" lon="-1.7042179263142012"><ele>566.7800293</ele></trkpt><trkpt lat="42.9854836951899" lon="-1.704011424381709"><ele>564.64001465</ele></trkpt><trkpt lat="42.98544645309447" lon="-1.7039322853088323"><ele>564</ele></trkpt><trkpt lat="42.98540353775026" lon="-1.7038249969482389"><ele>561.48999023</ele></trkpt><trkpt lat="42.9854035377977" lon="-1.703786705331356"><ele>561.09002686</ele></trkpt><trkpt lat="42.985403537797694" lon="-1.703541423481045"><ele>555.16998291</ele></trkpt><trkpt lat="42.98540353775025" lon="-1.703503131866455"><ele>554.09997559</ele></trkpt><trkpt lat="42.98544645309447" lon="-1.703395843505866"><ele>551.65002441</ele></trkpt><trkpt lat="42.98529624938965" lon="-1.703395843505866"><ele>553.54998779</ele></trkpt><trkpt lat="42.985167503356934" lon="-1.7033743858337356"><ele>555.01000977</ele></trkpt><trkpt lat="42.98506021499633" lon="-1.7033314704894964"><ele>556.4699707</ele></trkpt><trkpt lat="42.98495292663573" lon="-1.7032670974731412"><ele>557.80999756</ele></trkpt><trkpt lat="42.98484563827515" lon="-1.703159809112551"><ele>558.01000977</ele></trkpt><trkpt lat="42.98473834991455" lon="-1.7030310630798347"><ele>557.04998779</ele></trkpt><trkpt lat="42.98468643570651" lon="-1.7029939809302213"><ele>557.34002686</ele></trkpt><trkpt lat="42.98452695720213" lon="-1.7028800663920207"><ele>557.46002197</ele></trkpt><trkpt lat="42.98436747858774" lon="-1.702766152435635"><ele>557.55999756</ele></trkpt><trkpt lat="42.98420799986331" lon="-1.7026522390610488"><ele>557.86999512</ele></trkpt><trkpt lat="42.984048521028846" lon="-1.702538326268269"><ele>557.32000732</ele></trkpt><trkpt lat="42.98388904208436" lon="-1.7024244140572717"><ele>556.82000732</ele></trkpt><trkpt lat="42.98383712768555" lon="-1.7023873329162549"><ele>556.30999756</ele></trkpt><trkpt lat="42.98383100056686" lon="-1.7023803304729956"><ele>556.30999756</ele></trkpt><trkpt lat="42.98369305110918" lon="-1.7022226739499564"><ele>555.5300293</ele></trkpt><trkpt lat="42.983686923980684" lon="-1.7022156715393044"><ele>555.5300293</ele></trkpt><trkpt lat="42.98360109329223" lon="-1.7021727561950644"><ele>555.88000488</ele></trkpt><trkpt lat="42.98349380493164" lon="-1.7021512985229457"><ele>558.04998779</ele></trkpt><trkpt lat="42.98336505889893" lon="-1.702215671539305"><ele>561.77001953</ele></trkpt><trkpt lat="42.98325777053831" lon="-1.7022371292114344"><ele>565.52001953</ele></trkpt><trkpt lat="42.983150482177734" lon="-1.7022371292114327"><ele>568.34997559</ele></trkpt><trkpt lat="42.98306465148926" lon="-1.7021942138671948"><ele>570.08001709</ele></trkpt><trkpt lat="42.98300027847289" lon="-1.7021298408508307"><ele>569.4699707</ele></trkpt><trkpt lat="42.98297584447674" lon="-1.70208300867513"><ele>569.80999756</ele></trkpt><trkpt lat="42.98287153270092" lon="-1.7018830771032096"><ele>568.34002686</ele></trkpt><trkpt lat="42.98276722058277" lon="-1.7016831462116926"><ele>569.90002441</ele></trkpt><trkpt lat="42.982742786407464" lon="-1.7016363143920872"><ele>570.11999512</ele></trkpt><trkpt lat="42.98267841339111" lon="-1.7015933990478527"><ele>572.59997559</ele></trkpt><trkpt lat="42.982667974473905" lon="-1.7015875270883525"><ele>573.11999512</ele></trkpt><trkpt lat="42.98250153267237" lon="-1.701493902767677"><ele>576.11999512</ele></trkpt><trkpt lat="42.98233509079613" lon="-1.7014002789431892"><ele>578.40002441</ele></trkpt><trkpt lat="42.98216864884519" lon="-1.7013066556148924"><ele>579.86999512</ele></trkpt><trkpt lat="42.98200220681952" lon="-1.7012130327827635"><ele>581.42999268</ele></trkpt><trkpt lat="42.981991767883294" lon="-1.7012071609497037"><ele>581.40002441</ele></trkpt><trkpt lat="42.98193971007185" lon="-1.7011733231455135"><ele>582.33001709</ele></trkpt><trkpt lat="42.98177719124468" lon="-1.7010676856027611"><ele>585.63000488</ele></trkpt><trkpt lat="42.98161467232278" lon="-1.7009620486086114"><ele>587.84002686</ele></trkpt><trkpt lat="42.98156261444092" lon="-1.700928211212154"><ele>589.13000488</ele></trkpt><trkpt lat="42.98141241073608" lon="-1.7008852958679164"><ele>592.75</ele></trkpt><trkpt lat="42.98134803771972" lon="-1.7008423805236768"><ele>593.05999756</ele></trkpt><trkpt lat="42.98128366470338" lon="-1.7007780075073287"><ele>594.39001465</ele></trkpt><trkpt lat="42.981176376342766" lon="-1.7007136344909655"><ele>597.69000244</ele></trkpt><trkpt lat="42.981102901427064" lon="-1.7006891427541273"><ele>597.84002686</ele></trkpt><trkpt lat="42.98092798619494" lon="-1.7006308376767543"><ele>599.34997559</ele></trkpt><trkpt lat="42.98085451126098" lon="-1.700606346130376"><ele>601.0300293</ele></trkpt><trkpt lat="42.980704307556145" lon="-1.7004776000976494"><ele>602.5300293</ele></trkpt><trkpt lat="42.98057556152344" lon="-1.7003917694091797"><ele>601.28997803</ele></trkpt><trkpt lat="42.98042535781859" lon="-1.7002630233764653"><ele>600.09002686</ele></trkpt><trkpt lat="42.980382442474365" lon="-1.700198650360104"><ele>598.05999756</ele></trkpt><trkpt lat="42.980318069458015" lon="-1.7000484466552814"><ele>596.84002686</ele></trkpt><trkpt lat="42.98025369644166" lon="-1.6999626159668013"><ele>596.35998535</ele></trkpt><trkpt lat="42.980210781097405" lon="-1.6999197006225557"><ele>596.40002441</ele></trkpt><trkpt lat="42.980124950408936" lon="-1.6999197006225488"><ele>600.2199707</ele></trkpt><trkpt lat="42.9800820350647" lon="-1.6998982429504312"><ele>600.54998779</ele></trkpt><trkpt lat="42.98001766204833" lon="-1.6998553276062043"><ele>602.67999268</ele></trkpt><trkpt lat="42.97995328903198" lon="-1.6996836662292496"><ele>601.34002686</ele></trkpt><trkpt lat="42.979921119932875" lon="-1.6996547139369709"><ele>602.7199707</ele></trkpt><trkpt lat="42.97977088145019" lon="-1.699519499302557"><ele>602.27001953</ele></trkpt><trkpt lat="42.97973871231078" lon="-1.6994905471801847"><ele>602.01000977</ele></trkpt><trkpt lat="42.97958850860596" lon="-1.6993618011474634"><ele>600.34997559</ele></trkpt><trkpt lat="42.97943830490112" lon="-1.6992759704589768"><ele>598.96002197</ele></trkpt><trkpt lat="42.979266643524156" lon="-1.699211597442619"><ele>597.53997803</ele></trkpt><trkpt lat="42.97918081283569" lon="-1.699211597442632"><ele>596.72998047</ele></trkpt><trkpt lat="42.97905206680297" lon="-1.6992545127868657"><ele>597.65997314</ele></trkpt><trkpt lat="42.97896623611448" lon="-1.6992545127868732"><ele>598.02001953</ele></trkpt><trkpt lat="42.97895148047677" lon="-1.6992473584546401"><ele>598.02001953</ele></trkpt><trkpt lat="42.978781832592965" lon="-1.6991651042292786"><ele>598.32000732</ele></trkpt><trkpt lat="42.97861218465105" lon="-1.6990828504463655"><ele>599.2199707</ele></trkpt><trkpt lat="42.978442536651016" lon="-1.6990005971059123"><ele>600.09997559</ele></trkpt><trkpt lat="42.97827288859291" lon="-1.6989183442079143"><ele>601.94000244</ele></trkpt><trkpt lat="42.97825813293457" lon="-1.6989111900329577"><ele>602.08001709</ele></trkpt><trkpt lat="42.978176415680565" lon="-1.6989060826870208"><ele>602.59997559</ele></trkpt><trkpt lat="42.97799652743847" lon="-1.698894839671891"><ele>605.10998535</ele></trkpt><trkpt lat="42.977914810180664" lon="-1.6988897323608452"><ele>606.36999512</ele></trkpt><trkpt lat="42.97783281072917" lon="-1.6988794823898423"><ele>605.7199707</ele></trkpt><trkpt lat="42.977653486883696" lon="-1.6988570669091592"><ele>608.64001465</ele></trkpt><trkpt lat="42.97757148742675" lon="-1.698846817016595"><ele>610.11999512</ele></trkpt><trkpt lat="42.977554237856076" lon="-1.6988468170172732"><ele>610.40997314</ele></trkpt><trkpt lat="42.977374160276845" lon="-1.698846817017283"><ele>615.90997314</ele></trkpt><trkpt lat="42.97735691070557" lon="-1.6988468170166098"><ele>616.40002441</ele></trkpt><trkpt lat="42.977215759456136" lon="-1.6988764889538213"><ele>620.32000732</ele></trkpt><trkpt lat="42.97735691070557" lon="-1.6988468170166098"><ele>616.40002441</ele></trkpt><trkpt lat="42.97733102668809" lon="-1.6988522663197585"><ele>616.89001465</ele></trkpt><trkpt lat="42.977153062833885" lon="-1.69888973251065"><ele>623.14001465</ele></trkpt><trkpt lat="42.97697509895918" lon="-1.6989271984731957"><ele>625</ele></trkpt><trkpt lat="42.976949214935274" lon="-1.6989326477050815"><ele>624.66998291</ele></trkpt><trkpt lat="42.97686338424683" lon="-1.6989541053771908"><ele>625.08001709</ele></trkpt><trkpt lat="42.976809333213176" lon="-1.699003652362453"><ele>626.35998535</ele></trkpt><trkpt lat="42.976659943301975" lon="-1.699140593114394"><ele>630.85998535</ele></trkpt><trkpt lat="42.97660589218138" lon="-1.6991901397705178"><ele>633.09997559</ele></trkpt><trkpt lat="42.97652006149292" lon="-1.6992974281311002"><ele>636.61999512</ele></trkpt><trkpt lat="42.97647714614865" lon="-1.699340343475347"><ele>638.79998779</ele></trkpt><trkpt lat="42.976391315460205" lon="-1.6993618011474536"><ele>641.02001953</ele></trkpt><trkpt lat="42.97633206279566" lon="-1.699395660053097"><ele>642.41998291</ele></trkpt><trkpt lat="42.97616600998588" lon="-1.6994905476585627"><ele>646.7800293</ele></trkpt><trkpt lat="42.975999957086" lon="-1.6995854347443224"><ele>651.70001221</ele></trkpt><trkpt lat="42.9759407043457" lon="-1.6996192932128842"><ele>653.57000732</ele></trkpt><trkpt lat="42.97579050064086" lon="-1.6996622085571245"><ele>655.97998047</ele></trkpt><trkpt lat="42.97577731002698" lon="-1.699669536699754"><ele>656.35998535</ele></trkpt><trkpt lat="42.97561057221305" lon="-1.6997621688186166"><ele>660.11999512</ele></trkpt><trkpt lat="42.97559738159179" lon="-1.6997694969177284"><ele>660.60998535</ele></trkpt><trkpt lat="42.9755115509033" lon="-1.6998553276062036"><ele>663.36999512</ele></trkpt><trkpt lat="42.97549205339323" lon="-1.6998796995806007"><ele>664.15002441</ele></trkpt><trkpt lat="42.975359387079" lon="-1.700045532473396"><ele>669.0300293</ele></trkpt><trkpt lat="42.97533988952635" lon="-1.7000699043274015"><ele>670.39001465</ele></trkpt><trkpt lat="42.975307622215176" lon="-1.7001206104743107"><ele>671.21002197</ele></trkpt><trkpt lat="42.97518968607441" lon="-1.7003059392938356"><ele>677.76000977</ele></trkpt><trkpt lat="42.97507174962185" lon="-1.7004912674067096"><ele>682.60998535</ele></trkpt><trkpt lat="42.97503948211669" lon="-1.7005419731140212"><ele>684.90997314</ele></trkpt><trkpt lat="42.975036954887315" lon="-1.7005445003512036"><ele>685.9699707</ele></trkpt><trkpt lat="42.97489180564472" lon="-1.7006896495938315"><ele>690.86999512</ele></trkpt><trkpt lat="42.97488927841187" lon="-1.7006921768188552"><ele>690.86999512</ele></trkpt><trkpt lat="42.97484663156609" lon="-1.7007099464049882"><ele>692.40997314</ele></trkpt><trkpt lat="42.974674433209294" lon="-1.70078169572033"><ele>694.98999023</ele></trkpt><trkpt lat="42.97463178634643" lon="-1.7007994651794407"><ele>696.94000244</ele></trkpt><trkpt lat="42.97452449798584" lon="-1.7008638381957994"><ele>698.5</ele></trkpt><trkpt lat="42.974417209625244" lon="-1.7009711265563925"><ele>701.72998047</ele></trkpt><trkpt lat="42.974411078202266" lon="-1.7009781339194256"><ele>702.0300293</ele></trkpt><trkpt lat="42.97427313735404" lon="-1.70113578060315"><ele>703.89001465</ele></trkpt><trkpt lat="42.97426700592042" lon="-1.7011427879333472"><ele>703.55999756</ele></trkpt><trkpt lat="42.97426447838826" lon="-1.7011453154733467"><ele>703.55999756</ele></trkpt><trkpt lat="42.97411932975125" lon="-1.7012904641103506"><ele>707.59997559</ele></trkpt><trkpt lat="42.974116802215576" lon="-1.701292991638178"><ele>707.59997559</ele></trkpt><trkpt lat="42.97400951385497" lon="-1.7014431953430256"><ele>712.2199707</ele></trkpt><trkpt lat="42.97397985997595" lon="-1.701466918531433"><ele>712.5300293</ele></trkpt><trkpt lat="42.97382459104629" lon="-1.7015911336751628"><ele>716.07000732</ele></trkpt><trkpt lat="42.973794937133775" lon="-1.701614856719968"><ele>717.32000732</ele></trkpt><trkpt lat="42.973737705192924" lon="-1.7016448355670295"><ele>717.54998779</ele></trkpt><trkpt lat="42.97356963164737" lon="-1.7017328743560793"><ele>722.73999023</ele></trkpt><trkpt lat="42.97340155802299" lon="-1.7018209126560198"><ele>726.42999268</ele></trkpt><trkpt lat="42.97334432601929" lon="-1.7018508911132757"><ele>727.20001221</ele></trkpt><trkpt lat="42.973237037658656" lon="-1.7019367218017603"><ele>729.59002686</ele></trkpt><trkpt lat="42.973205655987506" lon="-1.701957643053956"><ele>731.04998779</ele></trkpt><trkpt lat="42.97304391869051" lon="-1.7020654682430014"><ele>736.09002686</ele></trkpt><trkpt lat="42.97288218128002" lon="-1.7021732928589646"><ele>738.57000732</ele></trkpt><trkpt lat="42.97285079956055" lon="-1.702194213867195"><ele>738.19000244</ele></trkpt><trkpt lat="42.97278642654418" lon="-1.7022156715393013"><ele>741.11999512</ele></trkpt><trkpt lat="42.972722053527825" lon="-1.7021942138671953"><ele>743.16998291</ele></trkpt><trkpt lat="42.972679138183594" lon="-1.7022156715393066"><ele>744.69000244</ele></trkpt><trkpt lat="42.972636222839355" lon="-1.7023015022277828"><ele>746.32000732</ele></trkpt><trkpt lat="42.972550392150886" lon="-1.7025160789489837"><ele>750.01000977</ele></trkpt><trkpt lat="42.97252576632053" lon="-1.702614582976171"><ele>751.09002686</ele></trkpt><trkpt lat="42.972467729909084" lon="-1.7028467286219784"><ele>754</ele></trkpt><trkpt lat="42.97244310379028" lon="-1.7029452323913594"><ele>754.44000244</ele></trkpt><trkpt lat="42.97244310379028" lon="-1.7030954360961963"><ele>755.34997559</ele></trkpt><trkpt lat="42.972464561462395" lon="-1.7032885551452608"><ele>757.51000977</ele></trkpt><trkpt lat="42.97252893447877" lon="-1.7035031318664526"><ele>759.90997314</ele></trkpt><trkpt lat="42.9726147651672" lon="-1.7036962509155227"><ele>761.5</ele></trkpt><trkpt lat="42.97270059585571" lon="-1.7038464546203627"><ele>762.28997803</ele></trkpt><trkpt lat="42.97272205352783" lon="-1.7039322853088328"><ele>762.63000488</ele></trkpt><trkpt lat="42.97270059585569" lon="-1.703996658325195"><ele>762.79998779</ele></trkpt><trkpt lat="42.972691189766635" lon="-1.704013707037807"><ele>762.95001221</ele></trkpt><trkpt lat="42.97258301995265" lon="-1.704209766138234"><ele>764.80999756</ele></trkpt><trkpt lat="42.97247484979176" lon="-1.7044058245548315"><ele>766.58001709</ele></trkpt><trkpt lat="42.97236667928397" lon="-1.7046018822876143"><ele>769.48999023</ele></trkpt><trkpt lat="42.97235727310178" lon="-1.7046189308166582"><ele>769.53997803</ele></trkpt><trkpt lat="42.972344016019534" lon="-1.704632187942935"><ele>769.89001465</ele></trkpt><trkpt lat="42.972198868826716" lon="-1.7047773351357762"><ele>772.14001465</ele></trkpt><trkpt lat="42.97218561172485" lon="-1.704790592193609"><ele>772.19000244</ele></trkpt><trkpt lat="42.97203540802001" lon="-1.7048978805542068"><ele>774.41998291</ele></trkpt><trkpt lat="42.971949577331536" lon="-1.7049837112426738"><ele>776.03997803</ele></trkpt><trkpt lat="42.97190064714563" lon="-1.7050619999002437"><ele>777.5</ele></trkpt><trkpt lat="42.971783930984465" lon="-1.7052487457581083"><ele>779.92999268</ele></trkpt><trkpt lat="42.97173500061035" lon="-1.7053270339965774"><ele>779.65997314</ele></trkpt><trkpt lat="42.97173500061035" lon="-1.7053270339965774"><ele>779.65997314</ele></trkpt><trkpt lat="42.97173500061035" lon="-1.7053270339965774"><ele>779.65997314</ele></trkpt><trkpt lat="42.97160625457764" lon="-1.7051982879638639"><ele>778.47998047</ele></trkpt><trkpt lat="42.97156333923338" lon="-1.7051124572753968"><ele>778.5300293</ele></trkpt><trkpt lat="42.97155510055782" lon="-1.7050770775011157"><ele>778.42999268</ele></trkpt><trkpt lat="42.97150066709046" lon="-1.7048433224337856"><ele>778.10998535</ele></trkpt><trkpt lat="42.971492428332546" lon="-1.704807942733177"><ele>778.08001709</ele></trkpt><trkpt lat="42.97148499585463" lon="-1.7047815125162769"><ele>778.11999512</ele></trkpt><trkpt lat="42.971420595704025" lon="-1.7045525039307732"><ele>778.36999512</ele></trkpt><trkpt lat="42.971356195100675" lon="-1.7043234958327453"><ele>778.53997803</ele></trkpt><trkpt lat="42.971348762512214" lon="-1.7042970657348642"><ele>778.64001465</ele></trkpt><trkpt lat="42.97133449830699" lon="-1.7042571257738246"><ele>778.65002441</ele></trkpt><trkpt lat="42.971255738446374" lon="-1.7040365981641161"><ele>778.47998047</ele></trkpt><trkpt lat="42.97124147415161" lon="-1.703996658325188"><ele>778.55999756</ele></trkpt><trkpt lat="42.97123850491107" lon="-1.7039907198234017"><ele>778.59997559</ele></trkpt><trkpt lat="42.97113715504216" lon="-1.7037880200855633"><ele>778.15002441</ele></trkpt><trkpt lat="42.97113418579102" lon="-1.7037820816040024"><ele>778.15002441</ele></trkpt><trkpt lat="42.97112793068669" lon="-1.703768320322884"><ele>778.22998047</ele></trkpt><trkpt lat="42.97103315256096" lon="-1.703559808446334"><ele>779.02001953</ele></trkpt><trkpt lat="42.97102689743039" lon="-1.7035460472106951"><ele>779.07000732</ele></trkpt><trkpt lat="42.970995172550076" lon="-1.703435009382043"><ele>779.73999023</ele></trkpt><trkpt lat="42.97092987660346" lon="-1.7032064735689023"><ele>781.46002197</ele></trkpt><trkpt lat="42.970898151397705" lon="-1.7030954360961874"><ele>782.34002686</ele></trkpt><trkpt lat="42.97088271014496" lon="-1.7030298103345107"><ele>782.92999268</ele></trkpt><trkpt lat="42.970827762131755" lon="-1.7027962812783894"><ele>784.78997803</ele></trkpt><trkpt lat="42.97081232070923" lon="-1.7027306556701718"><ele>785.5300293</ele></trkpt><trkpt lat="42.970769405365" lon="-1.7026662826538073"><ele>786.34002686</ele></trkpt><trkpt lat="42.97072649002075" lon="-1.7026233673095645"><ele>786.66998291</ele></trkpt><trkpt lat="42.970662117004395" lon="-1.702580451965337"><ele>787.2199707</ele></trkpt><trkpt lat="42.97064391195355" lon="-1.7025768109441104"><ele>787.15002441</ele></trkpt><trkpt lat="42.970465745335595" lon="-1.7025411776205257"><ele>786.85998535</ele></trkpt><trkpt lat="42.97044754028319" lon="-1.7025375366210933"><ele>786.76000977</ele></trkpt><trkpt lat="42.97038526274262" lon="-1.7025375366210938"><ele>786.26000977</ele></trkpt><trkpt lat="42.97037117390045" lon="-1.7025375366221311"><ele>786.34002686</ele></trkpt><trkpt lat="42.970191095958874" lon="-1.7025375366285196"><ele>785.10998535</ele></trkpt><trkpt lat="42.970011018011796" lon="-1.7025375366221285"><ele>782.98999023</ele></trkpt><trkpt lat="42.9699969291687" lon="-1.7025375366210915"><ele>782.66998291</ele></trkpt><trkpt lat="42.96992592789979" lon="-1.7025422700619055"><ele>781.82000732</ele></trkpt><trkpt lat="42.96974606536006" lon="-1.702554260897887"><ele>779.78997803</ele></trkpt><trkpt lat="42.96967506408691" lon="-1.7025589942932144"><ele>779.15002441</ele></trkpt><trkpt lat="42.96956777572632" lon="-1.7025589942932133"><ele>778.48999023</ele></trkpt><trkpt lat="42.96946048736571" lon="-1.702537536621102"><ele>778.23999023</ele></trkpt><trkpt lat="42.969331741333" lon="-1.70247316360474"><ele>776.98999023</ele></trkpt><trkpt lat="42.96922445297239" lon="-1.7024302482605007"><ele>775.58001709</ele></trkpt><trkpt lat="42.969117164611795" lon="-1.702430248260491"><ele>774.52001953</ele></trkpt><trkpt lat="42.96909967343272" lon="-1.702431997384719"><ele>774.25</ele></trkpt><trkpt lat="42.96892007907075" lon="-1.7024499568209148"><ele>773.95001221</ele></trkpt><trkpt lat="42.968902587890625" lon="-1.7024517059326234"><ele>773.9699707</ele></trkpt><trkpt lat="42.96877384185791" lon="-1.702494621276859"><ele>775.67999268</ele></trkpt><trkpt lat="42.96868801116943" lon="-1.702494621276854"><ele>776.55999756</ele></trkpt><trkpt lat="42.968667111775474" lon="-1.7024862614926366"><ele>776.58001709</ele></trkpt><trkpt lat="42.96849433384783" lon="-1.7024171503215804"><ele>778.67999268</ele></trkpt><trkpt lat="42.96847343444824" lon="-1.7024087905883885"><ele>778.94000244</ele></trkpt><trkpt lat="42.968442407904966" lon="-1.7023975081713512"><ele>779.36999512</ele></trkpt><trkpt lat="42.968268426605654" lon="-1.7023342422443073"><ele>782.47998047</ele></trkpt><trkpt lat="42.96823740005494" lon="-1.7023229598998906"><ele>782.40997314</ele></trkpt><trkpt lat="42.968166077966416" lon="-1.7023324695542383"><ele>783.79998779</ele></trkpt><trkpt lat="42.96798685706848" lon="-1.7023563656739635"><ele>785.45001221</ele></trkpt><trkpt lat="42.96791553497314" lon="-1.7023658752441344"><ele>785.89001465</ele></trkpt><trkpt lat="42.967786788940444" lon="-1.7024087905883851"><ele>786.25</ele></trkpt><trkpt lat="42.967747414970184" lon="-1.7024153529419723"><ele>785.90997314</ele></trkpt><trkpt lat="42.967568670849424" lon="-1.702445143628754"><ele>785.88000488</ele></trkpt><trkpt lat="42.96752929687502" lon="-1.7024517059326252"><ele>785.78997803</ele></trkpt><trkpt lat="42.96745829563369" lon="-1.702456439371595"><ele>785.40997314</ele></trkpt><trkpt lat="42.9672784330388" lon="-1.7024684302112485"><ele>783.15997314</ele></trkpt><trkpt lat="42.96720743179321" lon="-1.7024731636047394"><ele>782.29998779</ele></trkpt><trkpt lat="42.96719973570494" lon="-1.7024748738521043"><ele>782.29998779</ele></trkpt><trkpt lat="42.96702200883342" lon="-1.702514368712428"><ele>780.22998047</ele></trkpt><trkpt lat="42.96701431274414" lon="-1.702516078948977"><ele>780.22998047</ele></trkpt><trkpt lat="42.96697251362254" lon="-1.702532798711105"><ele>780.5</ele></trkpt><trkpt lat="42.96679973606298" lon="-1.7026019099441387"><ele>780.29998779</ele></trkpt><trkpt lat="42.96662695845152" lon="-1.7026710207795046"><ele>780.82000732</ele></trkpt><trkpt lat="42.966585159301765" lon="-1.7026877403259335"><ele>781.13000488</ele></trkpt><trkpt lat="42.96650344226421" lon="-1.7026928476667815"><ele>780.65997314</ele></trkpt><trkpt lat="42.96632355359038" lon="-1.7027040907088968"><ele>778.85998535</ele></trkpt><trkpt lat="42.96624183654786" lon="-1.7027091979980529"><ele>778.14001465</ele></trkpt><trkpt lat="42.96617083532579" lon="-1.702704464567397"><ele>777.53997803</ele></trkpt><trkpt lat="42.96599097269138" lon="-1.7026924737251"><ele>776.48999023</ele></trkpt><trkpt lat="42.96591997146607" lon="-1.702687740325933"><ele>776.13000488</ele></trkpt><trkpt lat="42.96583414077759" lon="-1.7027091979980529"><ele>775.65002441</ele></trkpt><trkpt lat="42.965811373338646" lon="-1.7027205817564537"><ele>775.51000977</ele></trkpt><trkpt lat="42.96564233150654" lon="-1.7028051026724866"><ele>774.64001465</ele></trkpt><trkpt lat="42.9656195640564" lon="-1.7028164863586415"><ele>774.5300293</ele></trkpt><trkpt lat="42.965512275695794" lon="-1.7028594017028762"><ele>773.77001953</ele></trkpt><trkpt lat="42.96534061431885" lon="-1.70285940170288"><ele>772.29998779</ele></trkpt><trkpt lat="42.96529154882495" lon="-1.7028734205131626"><ele>771.70001221</ele></trkpt><trkpt lat="42.96511530878712" lon="-1.7029237749637676"><ele>770.59997559</ele></trkpt><trkpt lat="42.964939068718046" lon="-1.7029741291151332"><ele>771.0300293</ele></trkpt><trkpt lat="42.96489000320435" lon="-1.702988147735602"><ele>771.26000977</ele></trkpt><trkpt lat="42.96483999812786" lon="-1.7029958408554482"><ele>771.36999512</ele></trkpt><trkpt lat="42.96466105854835" lon="-1.7030233700215236"><ele>771.45001221</ele></trkpt><trkpt lat="42.96461105346679" lon="-1.703031063079839"><ele>771.34002686</ele></trkpt><trkpt lat="42.96456862995834" lon="-1.7030413824464066"><ele>770.7800293</ele></trkpt><trkpt lat="42.96439135828907" lon="-1.7030845029807329"><ele>771.03997803</ele></trkpt><trkpt lat="42.964214086594936" lon="-1.7031276232553965"><ele>771.69000244</ele></trkpt><trkpt lat="42.96403681487594" lon="-1.7031707432703953"><ele>771.69000244</ele></trkpt><trkpt lat="42.96385954313206" lon="-1.7032138630257565"><ele>771.77001953</ele></trkpt><trkpt lat="42.963817119598396" lon="-1.7032241821288967"><ele>771.70001221</ele></trkpt><trkpt lat="42.963764293300024" lon="-1.7032445000162932"><ele>772.32000732</ele></trkpt><trkpt lat="42.96359099617866" lon="-1.7033111527552816"><ele>773.21002197</ele></trkpt><trkpt lat="42.96353816986085" lon="-1.7033314704894955"><ele>773.11999512</ele></trkpt><trkpt lat="42.963366508483894" lon="-1.7033743858337331"><ele>774</ele></trkpt><trkpt lat="42.963228626176715" lon="-1.703417887911195"><ele>774.88000488</ele></trkpt><trkpt lat="42.96318142837669" lon="-1.7034327994825964"><ele>775.34997559</ele></trkpt><trkpt lat="42.96300601052603" lon="-1.7034882204065267"><ele>776.13000488</ele></trkpt><trkpt lat="42.96295881271363" lon="-1.7035031318664606"><ele>776.0300293</ele></trkpt><trkpt lat="42.96280860900877" lon="-1.7035031318664593"><ele>776.38000488</ele></trkpt><trkpt lat="42.96263694763184" lon="-1.7035460472106914"><ele>776.71002197</ele></trkpt><trkpt lat="42.96252965927125" lon="-1.7036104202270528"><ele>776.52001953</ele></trkpt><trkpt lat="42.962443828582764" lon="-1.703653335571291"><ele>776.54998779</ele></trkpt><trkpt lat="42.96238317246138" lon="-1.7036620007683947"><ele>776.54998779</ele></trkpt><trkpt lat="42.96220407730044" lon="-1.7036875857913925"><ele>776.58001709</ele></trkpt><trkpt lat="42.962143421173074" lon="-1.7036962509155278"><ele>776.69000244</ele></trkpt><trkpt lat="42.96210590494775" lon="-1.7037083098203207"><ele>776.85998535</ele></trkpt><trkpt lat="42.961930644203896" lon="-1.7037646439740868"><ele>778.07000732</ele></trkpt><trkpt lat="42.961755383422854" lon="-1.7038209777965512"><ele>779.80999756</ele></trkpt><trkpt lat="42.961580122604666" lon="-1.7038773112877412"><ele>781.71002197</ele></trkpt><trkpt lat="42.96154260635376" lon="-1.703889369964596"><ele>782.34002686</ele></trkpt><trkpt lat="42.96151383607556" lon="-1.7038946009432687"><ele>782.79998779</ele></trkpt><trkpt lat="42.961335342241824" lon="-1.7039270543675784"><ele>784.14001465</ele></trkpt><trkpt lat="42.96130657196044" lon="-1.7039322853088317"><ele>784.47998047</ele></trkpt><trkpt lat="42.961177825927734" lon="-1.7039966583251938"><ele>784.32000732</ele></trkpt><trkpt lat="42.96111345291138" lon="-1.7040395736694316"><ele>784.08001709</ele></trkpt><trkpt lat="42.96104907989501" lon="-1.7040610313415574"><ele>783.90997314</ele></trkpt><trkpt lat="42.96096324920656" lon="-1.7041683197021518"><ele>783.58001709</ele></trkpt><trkpt lat="42.96087741851807" lon="-1.7042541503906252"><ele>783.65002441</ele></trkpt><trkpt lat="42.96079579629384" lon="-1.7042541503948305"><ele>782.67999268</ele></trkpt><trkpt lat="42.960615717992034" lon="-1.7042541503948294"><ele>777.33001709</ele></trkpt><trkpt lat="42.96053409576416" lon="-1.7042541503906228"><ele>775.48999023</ele></trkpt><trkpt lat="42.960502331130996" lon="-1.7042586882412327"><ele>774.63000488</ele></trkpt><trkpt lat="42.96032323596227" lon="-1.7042842734281516"><ele>771.58001709</ele></trkpt><trkpt lat="42.96014414078041" lon="-1.7043098584541234"><ele>770.11999512</ele></trkpt><trkpt lat="42.9599650455854" lon="-1.7043354433191809"><ele>769.25</ele></trkpt><trkpt lat="42.95993328094483" lon="-1.7043399810791036"><ele>769.01000977</ele></trkpt><trkpt lat="42.95980453491211" lon="-1.7042970657348604"><ele>767.76000977</ele></trkpt><trkpt lat="42.959697246551514" lon="-1.7042756080627435"><ele>766.97998047</ele></trkpt><trkpt lat="42.95968841432776" lon="-1.704275608063694"><ele>766.97998047</ele></trkpt><trkpt lat="42.959508335991046" lon="-1.7042756080764498"><ele>766.09002686</ele></trkpt><trkpt lat="42.95932825764881" lon="-1.7042756080764565"><ele>764.66998291</ele></trkpt><trkpt lat="42.95914817930101" lon="-1.7042756080636974"><ele>763.26000977</ele></trkpt><trkpt lat="42.95913934707644" lon="-1.7042756080627428"><ele>763.07000732</ele></trkpt><trkpt lat="42.958967685699456" lon="-1.704297065734869"><ele>762.02001953</ele></trkpt><trkpt lat="42.95883893966675" lon="-1.704297065734864"><ele>761.09002686</ele></trkpt><trkpt lat="42.95871019363404" lon="-1.7042756080627381"><ele>759.7800293</ele></trkpt><trkpt lat="42.958650729902615" lon="-1.704259390575333"><ele>759.59002686</ele></trkpt><trkpt lat="42.95847415926035" lon="-1.7042112348107836"><ele>758.60998535</ele></trkpt><trkpt lat="42.958297588596125" lon="-1.704163079309932"><ele>758.09002686</ele></trkpt><trkpt lat="42.958238124847405" lon="-1.7041468620300253"><ele>757.7199707</ele></trkpt><trkpt lat="42.95815229415893" lon="-1.7041254043579124"><ele>757.73999023</ele></trkpt><trkpt lat="42.95802354812622" lon="-1.70410394668579"><ele>758.54998779</ele></trkpt><trkpt lat="42.95798089955175" lon="-1.7040861763833375"><ele>758.60998535</ele></trkpt><trkpt lat="42.95780870464911" lon="-1.7040144285072407"><ele>759.32000732</ele></trkpt><trkpt lat="42.957766056060784" lon="-1.703996658325201"><ele>759.89001465</ele></trkpt><trkpt lat="42.95765876770021" lon="-1.703932285308832"><ele>761.28997803</ele></trkpt><trkpt lat="42.9575514793396" lon="-1.7037820816040001"><ele>761.84002686</ele></trkpt><trkpt lat="42.957519302216475" lon="-1.703753122090151"><ele>762.30999756</ele></trkpt><trkpt lat="42.95736907978184" lon="-1.7036179218989775"><ele>764.47998047</ele></trkpt><trkpt lat="42.957336902618415" lon="-1.703588962554932"><ele>764.40997314</ele></trkpt><trkpt lat="42.95720815658569" lon="-1.7035031318664595"><ele>766.05999756</ele></trkpt><trkpt lat="42.95719905315222" lon="-1.703500097379621"><ele>766.55999756</ele></trkpt><trkpt lat="42.95702414097178" lon="-1.7034417933194632"><ele>769.14001465</ele></trkpt><trkpt lat="42.95701503753661" lon="-1.703438758850096"><ele>769.14001465</ele></trkpt><trkpt lat="42.956969053832275" lon="-1.7034119349240255"><ele>769.65002441</ele></trkpt><trkpt lat="42.95680352920368" lon="-1.7033153788906679"><ele>771.95001221</ele></trkpt><trkpt lat="42.956757545471184" lon="-1.7032885551452608"><ele>772.54998779</ele></trkpt><trkpt lat="42.95671440840134" lon="-1.7032493394790915"><ele>773.15997314</ele></trkpt><trkpt lat="42.95656464820605" lon="-1.7031131938469994"><ele>775.59997559</ele></trkpt><trkpt lat="42.95652151107789" lon="-1.7030739784240663"><ele>775.85998535</ele></trkpt><trkpt lat="42.95648889880104" lon="-1.7030591546114964"><ele>776.55999756</ele></trkpt><trkpt lat="42.95631808897323" lon="-1.7029815137806845"><ele>778.82000732</ele></trkpt><trkpt lat="42.956285476684556" lon="-1.702966690063478"><ele>779.38000488</ele></trkpt><trkpt lat="42.956252032890916" lon="-1.702947579324255"><ele>779.70001221</ele></trkpt><trkpt lat="42.95613527297973" lon="-1.7028808593749973"><ele>781.0300293</ele></trkpt><trkpt lat="42.95608539111005" lon="-1.7028434478298442"><ele>780.98999023</ele></trkpt><trkpt lat="42.95592766283337" lon="-1.7027251516223334"><ele>781.91998291</ele></trkpt><trkpt lat="42.955877780914314" lon="-1.7026877403259306"><ele>782.11999512</ele></trkpt><trkpt lat="42.95585867502236" lon="-1.7026549872445076"><ele>782.01000977</ele></trkpt><trkpt lat="42.95574668316436" lon="-1.7024630012022444"><ele>781.15997314</ele></trkpt><trkpt lat="42.95572757720947" lon="-1.7024302482604925"><ele>781</ele></trkpt><trkpt lat="42.95566446584167" lon="-1.702407708399371"><ele>780.98999023</ele></trkpt><trkpt lat="42.95549028118458" lon="-1.7023454995932645"><ele>780.75</ele></trkpt><trkpt lat="42.95542716979981" lon="-1.7023229598999092"><ele>780.79998779</ele></trkpt><trkpt lat="42.95541147467071" lon="-1.7023124964473555"><ele>780.79998779</ele></trkpt><trkpt lat="42.95524974589033" lon="-1.7022046772604278"><ele>779.32000732</ele></trkpt><trkpt lat="42.95523405075072" lon="-1.7021942138671908"><ele>779.28997803</ele></trkpt><trkpt lat="42.955193208196896" lon="-1.7021607971091013"><ele>778.84002686</ele></trkpt><trkpt lat="42.95503885895649" lon="-1.7020345113669224"><ele>775.2800293</ele></trkpt><trkpt lat="42.95499801635743" lon="-1.7020010948181072"><ele>775.03997803</ele></trkpt><trkpt lat="42.954974023387756" lon="-1.7019771017658376"><ele>774.59997559</ele></trkpt><trkpt lat="42.95482889031249" lon="-1.7018319686905936"><ele>773.7199707</ele></trkpt><trkpt lat="42.95480489730836" lon="-1.7018079757690452"><ele>773.90002441</ele></trkpt><trkpt lat="42.95476978212907" lon="-1.70176408122837"><ele>773.79998779</ele></trkpt><trkpt lat="42.95463713643072" lon="-1.701598272599915"><ele>773.52001953</ele></trkpt><trkpt lat="42.95450449049847" lon="-1.7014324646827808"><ele>773.25</ele></trkpt><trkpt lat="42.95437184433236" lon="-1.7012666574769753"><ele>773.16998291</ele></trkpt><trkpt lat="42.954239197932324" lon="-1.701100850982464"><ele>773.16998291</ele></trkpt><trkpt lat="42.954204082489" lon="-1.7010569572448633"><ele>773.21002197</ele></trkpt><trkpt lat="42.95416094445124" lon="-1.7010177406987936"><ele>773.19000244</ele></trkpt><trkpt lat="42.95401118619175" lon="-1.70088159682654"><ele>773.40002441</ele></trkpt><trkpt lat="42.953968048095696" lon="-1.7008423805236892"><ele>773.69000244</ele></trkpt><trkpt lat="42.9539646522601" lon="-1.7008376245577528"><ele>773.53997803</ele></trkpt><trkpt lat="42.95383913456381" lon="-1.7006618339522446"><ele>773.26000977</ele></trkpt><trkpt lat="42.95371361660418" lon="-1.7004860440617717"><ele>772.98999023</ele></trkpt><trkpt lat="42.95371022075414" lon="-1.7004812881350564"><ele>772.98999023</ele></trkpt><trkpt lat="42.953646183013895" lon="-1.700391769409186"><ele>772.73999023</ele></trkpt><trkpt lat="42.95356035232543" lon="-1.7001986503601079"><ele>772.02001953</ele></trkpt><trkpt lat="42.9535445361586" lon="-1.7001794448920646"><ele>772.15997314</ele></trkpt><trkpt lat="42.95341014876204" lon="-1.7000162597043287"><ele>772.34997559</ele></trkpt><trkpt lat="42.95327576113903" lon="-1.6998530752254641"><ele>772.16998291</ele></trkpt><trkpt lat="42.953259944915764" lon="-1.699833869934086"><ele>771.92999268</ele></trkpt><trkpt lat="42.953246958865805" lon="-1.69981531837075"><ele>772.03997803</ele></trkpt><trkpt lat="42.953122727291884" lon="-1.6996378446937008"><ele>771.91998291</ele></trkpt><trkpt lat="42.95310974121094" lon="-1.699619293212887"><ele>771.61999512</ele></trkpt><trkpt lat="42.95307248119894" lon="-1.6995401153075986"><ele>771.28997803</ele></trkpt><trkpt lat="42.952975340039885" lon="-1.6993336903446334"><ele>770.52001953</ele></trkpt><trkpt lat="42.95293807983397" lon="-1.6992545127868697"><ele>770.14001465</ele></trkpt><trkpt lat="42.952938032948495" lon="-1.6992544502727145"><ele>770.14001465</ele></trkpt><trkpt lat="42.95280938068682" lon="-1.6990829139238082"><ele>769.89001465</ele></trkpt><trkpt lat="42.95280933380127" lon="-1.699082851409919"><ele>769.89001465</ele></trkpt><trkpt lat="42.95270204544068" lon="-1.698997020721436"><ele>770.48999023</ele></trkpt><trkpt lat="42.95269432230675" lon="-1.6989854359458343"><ele>770.48999023</ele></trkpt><trkpt lat="42.952573299567035" lon="-1.6988039012690215"><ele>769.88000488</ele></trkpt><trkpt lat="42.95245227654621" lon="-1.6986223673050118"><ele>769.75</ele></trkpt><trkpt lat="42.952444553375265" lon="-1.698610782623297"><ele>769.72998047</ele></trkpt><trkpt lat="42.952429442385444" lon="-1.69857516345286"><ele>769.71002197</ele></trkpt><trkpt lat="42.95233938103104" lon="-1.69836287443668"><ele>769.53997803</ele></trkpt><trkpt lat="42.95224931928958" lon="-1.6981505860461592"><ele>770.90002441</ele></trkpt><trkpt lat="42.9521592571611" lon="-1.6979382982812592"><ele>772.80999756</ele></trkpt><trkpt lat="42.952144145965555" lon="-1.6979026794433634"><ele>772.88000488</ele></trkpt><trkpt lat="42.9521094106751" lon="-1.6978083974169476"><ele>773.59997559</ele></trkpt><trkpt lat="42.95202867780546" lon="-1.697589265342198"><ele>775.71002197</ele></trkpt><trkpt lat="42.95199394226075" lon="-1.6974949836731017"><ele>775.82000732</ele></trkpt><trkpt lat="42.951975912003924" lon="-1.6974003228454784"><ele>776.22998047</ele></trkpt><trkpt lat="42.95193071242448" lon="-1.6971630221335423"><ele>777.39001465</ele></trkpt><trkpt lat="42.95188551235716" lon="-1.696925721780228"><ele>778.26000977</ele></trkpt><trkpt lat="42.95184031180203" lon="-1.6966884217855034"><ele>779.20001221</ele></trkpt><trkpt lat="42.95182228088379" lon="-1.6965937614440922"><ele>779.67999268</ele></trkpt><trkpt lat="42.951822280883796" lon="-1.6964435577392591"><ele>779.39001465</ele></trkpt><trkpt lat="42.95180082321167" lon="-1.696379184722905"><ele>779.91998291</ele></trkpt><trkpt lat="42.951779365539544" lon="-1.6962504386901875"><ele>780.04998779</ele></trkpt><trkpt lat="42.95169353485106" lon="-1.6961216926574714"><ele>782.83001709</ele></trkpt><trkpt lat="42.95158624649047" lon="-1.6959285736083978"><ele>784.53997803</ele></trkpt><trkpt lat="42.95156977539968" lon="-1.6958928860989062"><ele>785</ele></trkpt><trkpt lat="42.951473971622995" lon="-1.695685311249439"><ele>785.97998047</ele></trkpt><trkpt lat="42.95145750045774" lon="-1.695649623870842"><ele>786.03997803</ele></trkpt><trkpt lat="42.95145363821553" lon="-1.6956438304888646"><ele>786.17999268</ele></trkpt><trkpt lat="42.95133261667648" lon="-1.695462298180297"><ele>788.22998047</ele></trkpt><trkpt lat="42.95132875442505" lon="-1.6954565048217825"><ele>788.22998047</ele></trkpt><trkpt lat="42.951314513028855" lon="-1.6954315795085102"><ele>788.65997314</ele></trkpt><trkpt lat="42.95120395232919" lon="-1.695238076712848"><ele>790.57000732</ele></trkpt><trkpt lat="42.95109339130938" lon="-1.6950445746132126"><ele>791.02001953</ele></trkpt><trkpt lat="42.95098282996945" lon="-1.6948510732096551"><ele>791.7199707</ele></trkpt><trkpt lat="42.95087226830938" lon="-1.694657572502121"><ele>792.34997559</ele></trkpt><trkpt lat="42.95085802674295" lon="-1.6946326475590494"><ele>792.05999756</ele></trkpt><trkpt lat="42.95081377029416" lon="-1.6945552825927728"><ele>792.25</ele></trkpt><trkpt lat="42.950798779275104" lon="-1.6945221440651737"><ele>792.2800293</ele></trkpt><trkpt lat="42.950704351464516" lon="-1.6943134066991723"><ele>792.48999023</ele></trkpt><trkpt lat="42.95060992328009" lon="-1.694104669977322"><ele>792.55999756</ele></trkpt><trkpt lat="42.95051549472187" lon="-1.6938959338996318"><ele>791.86999512</ele></trkpt><trkpt lat="42.95042106578981" lon="-1.6936871984660817"><ele>791.19000244</ele></trkpt><trkpt lat="42.950406074523926" lon="-1.6936540603637675"><ele>791.15002441</ele></trkpt><trkpt lat="42.95040011251057" lon="-1.6936421362538963"><ele>791.15002441</ele></trkpt><trkpt lat="42.950298786360555" lon="-1.693439483267137"><ele>791.73999023</ele></trkpt><trkpt lat="42.95019745985869" lon="-1.6932368309501156"><ele>791.86999512</ele></trkpt><trkpt lat="42.95019149780273" lon="-1.6932249069213843"><ele>791.86999512</ele></trkpt><trkpt lat="42.95006275177002" lon="-1.6930747032165472"><ele>793.19000244</ele></trkpt><trkpt lat="42.94999837875366" lon="-1.6929244995117112"><ele>793.94000244</ele></trkpt><trkpt lat="42.949955463409424" lon="-1.6927957534789977"><ele>794.26000977</ele></trkpt><trkpt lat="42.94989109039305" lon="-1.6926884651184013"><ele>794.54998779</ele></trkpt><trkpt lat="42.94982671737671" lon="-1.6925597190857007"><ele>794.71002197</ele></trkpt><trkpt lat="42.94980525970457" lon="-1.6924738883972235"><ele>794.11999512</ele></trkpt><trkpt lat="42.94978408806032" lon="-1.692420958843972"><ele>794.09997559</ele></trkpt><trkpt lat="42.94969797165313" lon="-1.6922056670243215"><ele>792.83001709</ele></trkpt><trkpt lat="42.949611854847596" lon="-1.6919903758120947"><ele>792.14001465</ele></trkpt><trkpt lat="42.9495906829834" lon="-1.6919374465942314"><ele>791.90997314</ele></trkpt><trkpt lat="42.9495467666625" lon="-1.6918544931530548"><ele>791.30999756</ele></trkpt><trkpt lat="42.949441480455306" lon="-1.6916556192061671"><ele>791.65002441</ele></trkpt><trkpt lat="42.949397563934305" lon="-1.691572666168219"><ele>791.84002686</ele></trkpt><trkpt lat="42.949354648590074" lon="-1.6914010047912649"><ele>791.59997559</ele></trkpt><trkpt lat="42.94931173324583" lon="-1.6912078857421862"><ele>790.97998047</ele></trkpt><trkpt lat="42.94928012427021" lon="-1.6911198309881998"><ele>790.84002686</ele></trkpt><trkpt lat="42.949201061724025" lon="-1.690899583589022"><ele>790.83001709</ele></trkpt><trkpt lat="42.949121998760376" lon="-1.690679336761702"><ele>789.69000244</ele></trkpt><trkpt lat="42.94904293537923" lon="-1.6904590905062429"><ele>788.67999268</ele></trkpt><trkpt lat="42.94901132583617" lon="-1.6903710365295466"><ele>787.67999268</ele></trkpt><trkpt lat="42.94900263974981" lon="-1.6902885175522677"><ele>787.29998779</ele></trkpt><trkpt lat="42.948977096811625" lon="-1.6900458596394574"><ele>785.78997803</ele></trkpt><trkpt lat="42.94896841049194" lon="-1.6899633407592811"><ele>785.01000977</ele></trkpt><trkpt lat="42.94898986816406" lon="-1.6897487640380822"><ele>784.13000488</ele></trkpt><trkpt lat="42.94898525372695" lon="-1.6896564725572867"><ele>783.73999023</ele></trkpt><trkpt lat="42.948973025200054" lon="-1.689411902019511"><ele>781.69000244</ele></trkpt><trkpt lat="42.94896841049193" lon="-1.689319610595708"><ele>780.82000732</ele></trkpt><trkpt lat="42.94896389876323" lon="-1.6892979540389155"><ele>780.75</ele></trkpt><trkpt lat="42.9489147665986" lon="-1.689062118300068"><ele>777.83001709</ele></trkpt><trkpt lat="42.948865633952515" lon="-1.6888262829474368"><ele>774.42999268</ele></trkpt><trkpt lat="42.94886112213134" lon="-1.6888046264648386"><ele>773.90997314</ele></trkpt><trkpt lat="42.948852436010256" lon="-1.6887221071576648"><ele>773.15997314</ele></trkpt><trkpt lat="42.94882689314151" lon="-1.688479449904632"><ele>770.61999512</ele></trkpt><trkpt lat="42.94881820678711" lon="-1.6883969306945832"><ele>770.17999268</ele></trkpt><trkpt lat="42.9488088171013" lon="-1.688296771225221"><ele>769.08001709</ele></trkpt><trkpt lat="42.94878602079162" lon="-1.6880536077492847"><ele>767.70001221</ele></trkpt><trkpt lat="42.94876322396756" lon="-1.6878104444653659"><ele>766.09002686</ele></trkpt><trkpt lat="42.94875383377075" lon="-1.6877102851867727"><ele>765.38000488</ele></trkpt><trkpt lat="42.94875193976032" lon="-1.6876387607148284"><ele>765.13000488</ele></trkpt><trkpt lat="42.94874545230468" lon="-1.6873937844692901"><ele>762.96002197</ele></trkpt><trkpt lat="42.948738964325294" lon="-1.6871488082881296"><ele>761.60998535</ele></trkpt><trkpt lat="42.94873706996441" lon="-1.6870772838592436"><ele>760.47998047</ele></trkpt><trkpt lat="42.94873237609863" lon="-1.6868948936462327"><ele>760.09002686</ele></trkpt><trkpt lat="42.948775291442864" lon="-1.6867232322692813"><ele>759.48999023</ele></trkpt><trkpt lat="42.94877838743501" lon="-1.68667369742853"><ele>759.77001953</ele></trkpt><trkpt lat="42.94879365325041" lon="-1.6864294443824963"><ele>760.35998535</ele></trkpt><trkpt lat="42.94879674911499" lon="-1.6863799095153866"><ele>760.44000244</ele></trkpt><trkpt lat="42.948793310306364" lon="-1.6863214452189867"><ele>760.72998047</ele></trkpt><trkpt lat="42.94877893736891" lon="-1.6860770918258174"><ele>761.44000244</ele></trkpt><trkpt lat="42.9487645639112" lon="-1.6858327385591645"><ele>760.90997314</ele></trkpt><trkpt lat="42.948750189933214" lon="-1.6855883854190068"><ele>759.72998047</ele></trkpt><trkpt lat="42.948735815434965" lon="-1.6853440324053872"><ele>759.88000488</ele></trkpt><trkpt lat="42.948732376098626" lon="-1.685285568237314"><ele>759.80999756</ele></trkpt><trkpt lat="42.94873237621455" lon="-1.6852042879390694"><ele>759.97998047</ele></trkpt><trkpt lat="42.948732376214544" lon="-1.6849591527595573"><ele>759.36999512</ele></trkpt><trkpt lat="42.94873237609861" lon="-1.684877872467032"><ele>759.13000488</ele></trkpt><trkpt lat="42.94872898507083" lon="-1.6848320921243116"><ele>758.90997314</ele></trkpt><trkpt lat="42.94871091879184" lon="-1.6845881937838307"><ele>757.36999512</ele></trkpt><trkpt lat="42.94869285199486" lon="-1.6843442955987245"><ele>755.91998291</ele></trkpt><trkpt lat="42.9486894607544" lon="-1.6842985153198164"><ele>755.65997314</ele></trkpt><trkpt lat="42.94864654541014" lon="-1.6841053962707502"><ele>754.57000732</ele></trkpt><trkpt lat="42.948668003082275" lon="-1.6840624809265097"><ele>754.52001953</ele></trkpt><trkpt lat="42.94868946075439" lon="-1.6839766502380358"><ele>754.5300293</ele></trkpt><trkpt lat="42.948708570823165" lon="-1.6839438902464696"><ele>754.33001709</ele></trkpt><trkpt lat="42.94882055445705" lon="-1.6837519183026777"><ele>753.19000244</ele></trkpt><trkpt lat="42.94883966445923" lon="-1.683719158172602"><ele>753.17999268</ele></trkpt><trkpt lat="42.9488488868135" lon="-1.6836970246130314"><ele>752.7199707</ele></trkpt><trkpt lat="42.94893773051215" lon="-1.6834837997362881"><ele>750.72998047</ele></trkpt><trkpt lat="42.94894695281982" lon="-1.6834616661071764"><ele>750.40997314</ele></trkpt><trkpt lat="42.94901132583618" lon="-1.6832685470581001"><ele>748.34002686</ele></trkpt><trkpt lat="42.94901627115906" lon="-1.683214232325563"><ele>747.63000488</ele></trkpt><trkpt lat="42.94901132583618" lon="-1.6832685470581001"><ele>748.34002686</ele></trkpt><trkpt lat="42.949021725485366" lon="-1.6831541529483762"><ele>747.34002686</ele></trkpt><trkpt lat="42.949043841890415" lon="-1.682910872492987"><ele>745.28997803</ele></trkpt><trkpt lat="42.949054241180406" lon="-1.6827964782714915"><ele>744.17999268</ele></trkpt><trkpt lat="42.94903278350831" lon="-1.6825819015502876"><ele>743.4699707</ele></trkpt><trkpt lat="42.949032783541234" lon="-1.6825542659605863"><ele>745.95001221</ele></trkpt><trkpt lat="42.94903278354122" lon="-1.6823091297286925"><ele>742.01000977</ele></trkpt><trkpt lat="42.94903278350828" lon="-1.6822814941406166"><ele>741.89001465</ele></trkpt><trkpt lat="42.9490542411804" lon="-1.6821098327636677"><ele>741.07000732</ele></trkpt><trkpt lat="42.94905424118041" lon="-1.681938171386724"><ele>740.40997314</ele></trkpt><trkpt lat="42.94901132583618" lon="-1.6817879676818814"><ele>740.17999268</ele></trkpt><trkpt lat="42.94894695281982" lon="-1.6817021369934078"><ele>739.5</ele></trkpt><trkpt lat="42.94892605111441" lon="-1.681693776284635"><ele>739.33001709</ele></trkpt><trkpt lat="42.94875327780968" lon="-1.6816246669627504"><ele>738.66998291</ele></trkpt><trkpt lat="42.94873237609861" lon="-1.6816163063049345"><ele>738.65002441</ele></trkpt><trkpt lat="42.948646545410156" lon="-1.6815519332885718"><ele>734.85998535</ele></trkpt><trkpt lat="42.948539257049575" lon="-1.6814875602722255"><ele>732.01000977</ele></trkpt><trkpt lat="42.94852916767873" lon="-1.681478732045225"><ele>732.01000977</ele></trkpt><trkpt lat="42.948377685054" lon="-1.6813461847485898"><ele>730.02001953</ele></trkpt><trkpt lat="42.94836759567259" lon="-1.6813373565673844"><ele>729.71002197</ele></trkpt><trkpt lat="42.94833549298346" lon="-1.6812915075570367"><ele>729.15997314</ele></trkpt><trkpt lat="42.94821739196778" lon="-1.6811227798461896"><ele>728.01000977</ele></trkpt><trkpt lat="42.94817447662353" lon="-1.6810369491577213"><ele>727.66998291</ele></trkpt><trkpt lat="42.94815104074138" lon="-1.6809744531627966"><ele>726.90997314</ele></trkpt><trkpt lat="42.94806916662388" lon="-1.6807561221827816"><ele>724.16998291</ele></trkpt><trkpt lat="42.948045730590806" lon="-1.6806936264038097"><ele>724.09997559</ele></trkpt><trkpt lat="42.94798135757445" lon="-1.6805005073547332"><ele>722.03997803</ele></trkpt><trkpt lat="42.94791698455808" lon="-1.6802859306335527"><ele>720.5300293</ele></trkpt><trkpt lat="42.94791063058517" lon="-1.680235098302058"><ele>719.84997559</ele></trkpt><trkpt lat="42.94788042331591" lon="-1.6799934401478192"><ele>718.02001953</ele></trkpt><trkpt lat="42.947874069213846" lon="-1.6799426078796402"><ele>718.11999512</ele></trkpt><trkpt lat="42.94786467914364" lon="-1.679842444309899"><ele>717.40002441</ele></trkpt><trkpt lat="42.947841883218345" lon="-1.6795992849342765"><ele>716.91998291</ele></trkpt><trkpt lat="42.947819086778736" lon="-1.6793561257507195"><ele>716.90997314</ele></trkpt><trkpt lat="42.94780969619751" lon="-1.6792559623718264"><ele>717.25</ele></trkpt><trkpt lat="42.94783115386961" lon="-1.6791701316833463"><ele>716.9699707</ele></trkpt><trkpt lat="42.94791698455811" lon="-1.6789984703064"><ele>715.77001953</ele></trkpt><trkpt lat="42.947938442230225" lon="-1.6789340972900375"><ele>714.75</ele></trkpt><trkpt lat="42.947895526886" lon="-1.6788697242736799"><ele>713.65997314</ele></trkpt><trkpt lat="42.94785261154175" lon="-1.6788911819457952"><ele>712.84997559</ele></trkpt><trkpt lat="42.947845792425994" lon="-1.67889193962788"><ele>712.5300293</ele></trkpt><trkpt lat="42.94766631160885" lon="-1.6789118819409052"><ele>709.7800293</ele></trkpt><trkpt lat="42.94765949249266" lon="-1.6789126396179157"><ele>709.7800293</ele></trkpt><trkpt lat="42.94765297183235" lon="-1.6789126396181673"><ele>709.7800293</ele></trkpt><trkpt lat="42.9474728941041" lon="-1.6789126396181646"><ele>705.83001709</ele></trkpt><trkpt lat="42.94746637344358" lon="-1.678912639617917"><ele>705.90997314</ele></trkpt><trkpt lat="42.94745199735833" lon="-1.6789150356478277"><ele>707.09997559</ele></trkpt><trkpt lat="42.947273254403584" lon="-1.678944826234101"><ele>702.90002441</ele></trkpt><trkpt lat="42.94709451143331" lon="-1.67897461663534"><ele>699.78997803</ele></trkpt><trkpt lat="42.94708013534546" lon="-1.6789770126342778"><ele>699.63000488</ele></trkpt><trkpt lat="42.94706288585959" lon="-1.6789770126349561"><ele>699.33001709</ele></trkpt><trkpt lat="42.946882808110686" lon="-1.6789770126349732"><ele>697.34002686</ele></trkpt><trkpt lat="42.946865558624246" lon="-1.678977012634284"><ele>697.10998535</ele></trkpt><trkpt lat="42.94675827026367" lon="-1.6789340972900417"><ele>695.22998047</ele></trkpt><trkpt lat="42.946629524230964" lon="-1.6788697242736803"><ele>692.7199707</ele></trkpt><trkpt lat="42.94661943414998" lon="-1.6788608954252877"><ele>692.71002197</ele></trkpt><trkpt lat="42.94646795294557" lon="-1.6787283493714356"><ele>689.26000977</ele></trkpt><trkpt lat="42.946457862854004" lon="-1.6787195205688428"><ele>689.04998779</ele></trkpt><trkpt lat="42.94645024532927" lon="-1.678711902975485"><ele>688.73999023</ele></trkpt><trkpt lat="42.946305120162314" lon="-1.6785667769518868"><ele>686</ele></trkpt><trkpt lat="42.94615999481683" lon="-1.6784216516064134"><ele>684.48999023</ele></trkpt><trkpt lat="42.94601486929284" lon="-1.6782765269390627"><ele>681.65002441</ele></trkpt><trkpt lat="42.9460072517395" lon="-1.6782689094543544"><ele>681.65002441</ele></trkpt><trkpt lat="42.945942878723145" lon="-1.678183078765867"><ele>679.07000732</ele></trkpt><trkpt lat="42.94587850570677" lon="-1.6781187057495117"><ele>677.69000244</ele></trkpt><trkpt lat="42.94586012318169" lon="-1.678104408183587"><ele>677.14001465</ele></trkpt><trkpt lat="42.94570376919924" lon="-1.6779827995305674"><ele>673.71002197</ele></trkpt><trkpt lat="42.945685386657715" lon="-1.6779685020446706"><ele>672.98999023</ele></trkpt><trkpt lat="42.94564275276725" lon="-1.6778619163284914"><ele>670.85998535</ele></trkpt><trkpt lat="42.945556641070056" lon="-1.6776466362840705"><ele>665.48999023</ele></trkpt><trkpt lat="42.94547052897465" lon="-1.677431356846994"><ele>659.65002441</ele></trkpt><trkpt lat="42.945427894592285" lon="-1.6773247718811115"><ele>656.80999756</ele></trkpt><trkpt lat="42.94538497924805" lon="-1.6770887374877927"><ele>651.04998779</ele></trkpt><trkpt lat="42.9453420639038" lon="-1.6768741607665936"><ele>646.5</ele></trkpt><trkpt lat="42.94534206390381" lon="-1.6766381263732897"><ele>642.03997803</ele></trkpt><trkpt lat="42.94534460344482" lon="-1.676635586840125"><ele>642.03997803</ele></trkpt><trkpt lat="42.94548972807114" lon="-1.676490462213819"><ele>639.08001709</ele></trkpt><trkpt lat="42.94549226760866" lon="-1.6764879226684553"><ele>639.08001709</ele></trkpt><trkpt lat="42.94542789459227" lon="-1.6765093803405822"><ele>639.67999268</ele></trkpt><trkpt lat="42.94532060623169" lon="-1.6765308380127006"><ele>639.77001953</ele></trkpt><trkpt lat="42.94527060058502" lon="-1.676538531220287"><ele>640.34997559</ele></trkpt><trkpt lat="42.94509166214589" lon="-1.6765660602109307"><ele>642.13000488</ele></trkpt><trkpt lat="42.94504165649412" lon="-1.6765737533569385"><ele>642.90002441</ele></trkpt><trkpt lat="42.94491291046142" lon="-1.6766166687011657"><ele>644.26000977</ele></trkpt><trkpt lat="42.94491159708145" lon="-1.6766173253931322"><ele>644.26000977</ele></trkpt><trkpt lat="42.94474256246503" lon="-1.6767018427013811"><ele>645.19000244</ele></trkpt><trkpt lat="42.94474124908448" lon="-1.6767024993896547"><ele>645.09997559</ele></trkpt><trkpt lat="42.94473362940804" lon="-1.6767101191368157"><ele>645.09997559</ele></trkpt><trkpt lat="42.94458850569477" lon="-1.6768552437327013"><ele>644.29998779</ele></trkpt><trkpt lat="42.94444338178474" lon="-1.6770003676427216"><ele>643.90997314</ele></trkpt><trkpt lat="42.94429825767796" lon="-1.677145490866904"><ele>644.54998779</ele></trkpt><trkpt lat="42.94429063796997" lon="-1.6771531105041488"><ele>644.65997314</ele></trkpt><trkpt lat="42.94427314648827" lon="-1.677151361351048"><ele>644.57000732</ele></trkpt><trkpt lat="42.9440935527312" lon="-1.677133401975339"><ele>641.48999023</ele></trkpt><trkpt lat="42.94407606124878" lon="-1.6771316528320295"><ele>641.23999023</ele></trkpt><trkpt lat="42.943904399871805" lon="-1.6771101951599106"><ele>638.5300293</ele></trkpt><trkpt lat="42.94384128712587" lon="-1.6771327355195698"><ele>637.52001953</ele></trkpt><trkpt lat="42.94366710522965" lon="-1.6771949433396403"><ele>634.40002441</ele></trkpt><trkpt lat="42.94360399246213" lon="-1.677217483520507"><ele>633.34002686</ele></trkpt><trkpt lat="42.94351816177368" lon="-1.6772603988647545"><ele>631.69000244</ele></trkpt><trkpt lat="42.943475246429415" lon="-1.677367687225342"><ele>631.07000732</ele></trkpt><trkpt lat="42.943453788757324" lon="-1.6774964332580506"><ele>627.94000244</ele></trkpt><trkpt lat="42.94345378875733" lon="-1.6775822639465372"><ele>626.80999756</ele></trkpt><trkpt lat="42.943367958068855" lon="-1.6775608062744132"><ele>625.63000488</ele></trkpt><trkpt lat="42.94332504272462" lon="-1.677517890930169"><ele>622.97998047</ele></trkpt><trkpt lat="42.943303585052504" lon="-1.6774535179138212"><ele>622.0300293</ele></trkpt><trkpt lat="42.94323921203613" lon="-1.6773462295532215"><ele>621.22998047</ele></trkpt><trkpt lat="42.94315338134767" lon="-1.6773247718810986"><ele>618.46002197</ele></trkpt><trkpt lat="42.943046092987075" lon="-1.677346229553215"><ele>617.09002686</ele></trkpt><trkpt lat="42.943027709598645" lon="-1.6773605277923425"><ele>616.86999512</ele></trkpt><trkpt lat="42.942871357345055" lon="-1.6774821351006952"><ele>614.14001465</ele></trkpt><trkpt lat="42.942852973938" lon="-1.6774964332580573"><ele>613.92999268</ele></trkpt><trkpt lat="42.942702770233154" lon="-1.6774964332580595"><ele>615.65002441</ele></trkpt><trkpt lat="42.942531108856194" lon="-1.6774320602416992"><ele>616.98999023</ele></trkpt><trkpt lat="42.942402362823465" lon="-1.6773676872253473"><ele>618.28997803</ele></trkpt><trkpt lat="42.942337989807115" lon="-1.6773247718811073"><ele>618.85998535</ele></trkpt><trkpt lat="42.94227361679077" lon="-1.677238941192621"><ele>619.60998535</ele></trkpt><trkpt lat="42.94220924377441" lon="-1.6771745681762744"><ele>620.61999512</ele></trkpt><trkpt lat="42.94210195541381" lon="-1.677131652832029"><ele>621.58001709</ele></trkpt><trkpt lat="42.94201612472534" lon="-1.6771316528320372"><ele>622.15002441</ele></trkpt><trkpt lat="42.94199181857492" lon="-1.6771342113920735"><ele>622.08001709</ele></trkpt><trkpt lat="42.941812276846704" lon="-1.6771531105832473"><ele>622.13000488</ele></trkpt><trkpt lat="42.94163273510839" lon="-1.677172009651695"><ele>621.70001221</ele></trkpt><trkpt lat="42.94160842895505" lon="-1.677174568176265"><ele>621.80999756</ele></trkpt><trkpt lat="42.941593904172606" lon="-1.6771787257533222"><ele>621.88000488</ele></trkpt><trkpt lat="42.94141768093167" lon="-1.6772291677671738"><ele>622.16998291</ele></trkpt><trkpt lat="42.9414031561464" lon="-1.677233325317499"><ele>622.0300293</ele></trkpt><trkpt lat="42.94130802154539" lon="-1.6772603988647394"><ele>621.0300293</ele></trkpt><trkpt lat="42.94127984311758" lon="-1.6772629605498617"><ele>620.76000977</ele></trkpt><trkpt lat="42.94110016558158" lon="-1.6772792948713149"><ele>619.34002686</ele></trkpt><trkpt lat="42.941071987152085" lon="-1.6772818565368608"><ele>619.04998779</ele></trkpt><trkpt lat="42.941065168042556" lon="-1.6772810988559732"><ele>619.04998779</ele></trkpt><trkpt lat="42.94088568721286" lon="-1.6772611565415685"><ele>618.94000244</ele></trkpt><trkpt lat="42.94087886810303" lon="-1.6772603988647432"><ele>618.94000244</ele></trkpt><trkpt lat="42.940771579742425" lon="-1.677217483520506"><ele>618.60998535</ele></trkpt><trkpt lat="42.94070110329063" lon="-1.6771671429877784"><ele>618.14001465</ele></trkpt><trkpt lat="42.94054164885453" lon="-1.6770532469620074"><ele>618.7199707</ele></trkpt><trkpt lat="42.94047117233275" lon="-1.6770029067993173"><ele>619.55999756</ele></trkpt><trkpt lat="42.9403209686279" lon="-1.676917076110848"><ele>620.82000732</ele></trkpt><trkpt lat="42.94031965456319" lon="-1.6769164190765873"><ele>620.82000732</ele></trkpt><trkpt lat="42.94015062131618" lon="-1.6768319024530685"><ele>620.17999268</ele></trkpt><trkpt lat="42.94014930725098" lon="-1.6768312454223573"><ele>620.17999268</ele></trkpt><trkpt lat="42.939999103546135" lon="-1.6768312454223693"><ele>618.66998291</ele></trkpt><trkpt lat="42.93989181518555" lon="-1.676852703094475"><ele>617.57000732</ele></trkpt><trkpt lat="42.93976306915283" lon="-1.6770029067993253"><ele>615.27001953</ele></trkpt><trkpt lat="42.93965578079224" lon="-1.6771745681762713"><ele>613.90002441</ele></trkpt><trkpt lat="42.939637378033204" lon="-1.677233457326679"><ele>613.75</ele></trkpt><trkpt lat="42.93956689533959" lon="-1.6774590019462456"><ele>612.67999268</ele></trkpt><trkpt lat="42.93954849243165" lon="-1.6775178909301738"><ele>612.20001221</ele></trkpt><trkpt lat="42.93952226433309" lon="-1.677588707443011"><ele>611.72998047</ele></trkpt><trkpt lat="42.93944120444537" lon="-1.6778075700000863"><ele>612.11999512</ele></trkpt><trkpt lat="42.93936014413028" lon="-1.6780264319905402"><ele>613.40997314</ele></trkpt><trkpt lat="42.939333915710435" lon="-1.6780972480773844"><ele>613.7199707</ele></trkpt><trkpt lat="42.9393287101162" lon="-1.678119805784302"><ele>613.9699707</ele></trkpt><trkpt lat="42.9392747483395" lon="-1.6783536401501125"><ele>614.2800293</ele></trkpt><trkpt lat="42.93926954269409" lon="-1.6783761978149432"><ele>614.2800293</ele></trkpt><trkpt lat="42.93926140781827" lon="-1.6784026362904243"><ele>614.07000732</ele></trkpt><trkpt lat="42.939191846940766" lon="-1.678628709142306"><ele>613.38000488</ele></trkpt><trkpt lat="42.939183712005615" lon="-1.6786551475524822"><ele>613.32000732</ele></trkpt><trkpt lat="42.93909788131713" lon="-1.678848266601565"><ele>613.38000488</ele></trkpt><trkpt lat="42.939080806723894" lon="-1.6789336407697752"><ele>612.91998291</ele></trkpt><trkpt lat="42.93903350875824" lon="-1.6791701320083543"><ele>613.32000732</ele></trkpt><trkpt lat="42.93898621029866" lon="-1.6794066228960318"><ele>613.67999268</ele></trkpt><trkpt lat="42.938969135284424" lon="-1.679491996765139"><ele>613.67999268</ele></trkpt><trkpt lat="42.93894196228019" lon="-1.6795735162413936"><ele>613.95001221</ele></trkpt><trkpt lat="42.93886756247704" lon="-1.679796715650818"><ele>614.30999756</ele></trkpt><trkpt lat="42.93884038925169" lon="-1.6798782348632804"><ele>614.26000977</ele></trkpt><trkpt lat="42.938803121120856" lon="-1.6799574300279299"><ele>614.2800293</ele></trkpt><trkpt lat="42.938705996208675" lon="-1.6801638204663187"><ele>614.5300293</ele></trkpt><trkpt lat="42.938668727874756" lon="-1.6802430152893018"><ele>614.5</ele></trkpt><trkpt lat="42.93864528700773" lon="-1.6803055245820233"><ele>613.21002197</ele></trkpt><trkpt lat="42.938563422865705" lon="-1.680523828960771"><ele>610.83001709</ele></trkpt><trkpt lat="42.93853998184204" lon="-1.680586338043211"><ele>609.91998291</ele></trkpt><trkpt lat="42.938525947017396" lon="-1.6806382676914464"><ele>609.34997559</ele></trkpt><trkpt lat="42.938463778576505" lon="-1.6808682931117915"><ele>608.75</ele></trkpt><trkpt lat="42.93840160966643" lon="-1.681098318079103"><ele>607.88000488</ele></trkpt><trkpt lat="42.938339440287166" lon="-1.6813283425933288"><ele>606.51000977</ele></trkpt><trkpt lat="42.938325405120864" lon="-1.6813802719116233"><ele>606.13000488</ele></trkpt><trkpt lat="42.938301964083934" lon="-1.6814427816574333"><ele>605.85998535</ele></trkpt><trkpt lat="42.938220100281676" lon="-1.6816610851300133"><ele>605.76000977</ele></trkpt><trkpt lat="42.93819665908811" lon="-1.6817235946655251"><ele>605.84002686</ele></trkpt><trkpt lat="42.938153743743904" lon="-1.6819167137146012"><ele>605.53997803</ele></trkpt><trkpt lat="42.938046455383294" lon="-1.6821098327636774"><ele>604.41998291</ele></trkpt><trkpt lat="42.93802499771118" lon="-1.6822171211242625"><ele>603.65997314</ele></trkpt><trkpt lat="42.93798208236692" lon="-1.6824102401733476"><ele>601.67999268</ele></trkpt><trkpt lat="42.937972199085436" lon="-1.682514016340043"><ele>600.35998535</ele></trkpt><trkpt lat="42.93794905062027" lon="-1.6827570752244754"><ele>596.58001709</ele></trkpt><trkpt lat="42.93793916702271" lon="-1.6828608512878465"><ele>595.04998779</ele></trkpt><trkpt lat="42.937896251678474" lon="-1.683096885681153"><ele>591.7199707</ele></trkpt><trkpt lat="42.93787784811623" lon="-1.6831557774018047"><ele>590.98999023</ele></trkpt><trkpt lat="42.93780736702899" lon="-1.683381316880906"><ele>588.01000977</ele></trkpt><trkpt lat="42.93778896331786" lon="-1.683440208435051"><ele>587.17999268</ele></trkpt><trkpt lat="42.9377411917376" lon="-1.6835410600775969"><ele>586.05999756</ele></trkpt><trkpt lat="42.937643616126984" lon="-1.6837470530333953"><ele>583.35998535</ele></trkpt><trkpt lat="42.93759584426882" lon="-1.6838479042053174"><ele>581.84997559</ele></trkpt><trkpt lat="42.93759499035294" lon="-1.6838510352451728"><ele>581.84997559</ele></trkpt><trkpt lat="42.93753232517474" lon="-1.68408080756508"><ele>578.33001709</ele></trkpt><trkpt lat="42.93753147125242" lon="-1.6840839385986253"><ele>578.33001709</ele></trkpt><trkpt lat="42.93753667755254" lon="-1.6841064991019015"><ele>578.07000732</ele></trkpt><trkpt lat="42.937590638018726" lon="-1.684340327788587"><ele>575.52001953</ele></trkpt><trkpt lat="42.93759584426882" lon="-1.6843628883361863"><ele>575.30999756</ele></trkpt><trkpt lat="42.937531471252434" lon="-1.684427261352543"><ele>574.29998779</ele></trkpt><trkpt lat="42.93746709823609" lon="-1.6845345497131339"><ele>573.40002441</ele></trkpt><trkpt lat="42.937424182891846" lon="-1.684684753417962"><ele>572.45001221</ele></trkpt><trkpt lat="42.93745712163104" lon="-1.684746513285616"><ele>572.23999023</ele></trkpt><trkpt lat="42.937562905667065" lon="-1.6849448583531283"><ele>570.09002686</ele></trkpt><trkpt lat="42.937595844268806" lon="-1.6850066184997599"><ele>569.52001953</ele></trkpt><trkpt lat="42.93763875961304" lon="-1.685135364532479"><ele>567.80999756</ele></trkpt><trkpt lat="42.93763875961304" lon="-1.6851997375488192"><ele>567.58001709</ele></trkpt><trkpt lat="42.937574386596665" lon="-1.6852641105651809"><ele>567.17999268</ele></trkpt><trkpt lat="42.9374670982361" lon="-1.6852426528930584"><ele>566.77001953</ele></trkpt><trkpt lat="42.93740272521972" lon="-1.6852211952209515"><ele>566.40997314</ele></trkpt><trkpt lat="42.93731689453123" lon="-1.6851782798767014"><ele>565.40002441</ele></trkpt><trkpt lat="42.93725252151489" lon="-1.6851139068603456"><ele>564.47998047</ele></trkpt><trkpt lat="42.937209606170654" lon="-1.6849851608276447"><ele>563.34002686</ele></trkpt><trkpt lat="42.93712377548218" lon="-1.6848134994506827"><ele>561.95001221</ele></trkpt><trkpt lat="42.93708086013794" lon="-1.6847491264343313"><ele>561.46002197</ele></trkpt><trkpt lat="42.93699502944945" lon="-1.6846847534179679"><ele>560.36999512</ele></trkpt><trkpt lat="42.93695689041623" lon="-1.6846626727836453"><ele>559.88000488</ele></trkpt><trkpt lat="42.93679118162355" lon="-1.684566735838717"><ele>558.09997559</ele></trkpt><trkpt lat="42.936625472752596" lon="-1.6844707993994459"><ele>556.38000488</ele></trkpt><trkpt lat="42.9365873336792" lon="-1.6844487190246624"><ele>556.0300293</ele></trkpt><trkpt lat="42.93656797367883" lon="-1.6844429110064505"><ele>555.88000488</ele></trkpt><trkpt lat="42.93639211696151" lon="-1.6843901539912478"><ele>553.92999268</ele></trkpt><trkpt lat="42.93637275695801" lon="-1.6843843460083026"><ele>553.78997803</ele></trkpt><trkpt lat="42.93628692626953" lon="-1.6843628883361885"><ele>552.90002441</ele></trkpt><trkpt lat="42.936270198577866" lon="-1.6843605972227018"><ele>552.7800293</ele></trkpt><trkpt lat="42.93609102530066" lon="-1.6843360567707"><ele>551.20001221</ele></trkpt><trkpt lat="42.93591185201462" lon="-1.684311516448337"><ele>549.66998291</ele></trkpt><trkpt lat="42.935732678719724" lon="-1.6842869762556376"><ele>547.95001221</ele></trkpt><trkpt lat="42.935715951025486" lon="-1.6842846851795892"><ele>547.85998535</ele></trkpt><trkpt lat="42.93554529547689" lon="-1.6842504870146546"><ele>546.40997314</ele></trkpt><trkpt lat="42.935451837256544" lon="-1.6843432746827602"><ele>545.47998047</ele></trkpt><trkpt lat="42.93549299240112" lon="-1.6843628883361843"><ele>545.59997559</ele></trkpt><trkpt lat="42.93554386481671" lon="-1.684421552745887"><ele>545.59002686</ele></trkpt><trkpt lat="42.935681255791174" lon="-1.684579988184402"><ele>545.76000977</ele></trkpt><trkpt lat="42.93573212809859" lon="-1.6846386529505344"><ele>545.7800293</ele></trkpt><trkpt lat="42.9358219821006" lon="-1.6847509704530264"><ele>545.98999023</ele></trkpt><trkpt lat="42.9358299500002" lon="-1.6847656430191655"><ele>545.98999023</ele></trkpt><trkpt lat="42.93593698200392" lon="-1.6849627388403108"><ele>546.16998291</ele></trkpt><trkpt lat="42.93604401367535" lon="-1.6851598353481108"><ele>546.2800293</ele></trkpt><trkpt lat="42.936051981523626" lon="-1.6851745080202891"><ele>546.27001953</ele></trkpt><trkpt lat="42.936089700087905" lon="-1.6852379590272937"><ele>546.33001709</ele></trkpt><trkpt lat="42.93611668981612" lon="-1.685277018696061"><ele>546.34002686</ele></trkpt><trkpt lat="42.93617963790892" lon="-1.6853928565979055"><ele>546.44000244</ele></trkpt><trkpt lat="42.93618581748621" lon="-1.6854037948786245"><ele>546.44000244</ele></trkpt><trkpt lat="42.93629558268005" lon="-1.685598087558724"><ele>546.65002441</ele></trkpt><trkpt lat="42.936301762238145" lon="-1.6856090258807022"><ele>546.67999268</ele></trkpt><trkpt lat="42.93634826579084" lon="-1.6857000617146947"><ele>546.83001709</ele></trkpt><trkpt lat="42.936451060171336" lon="-1.6859012940358071"><ele>547.11999512</ele></trkpt><trkpt lat="42.93649756349622" lon="-1.685992330312733"><ele>547.32000732</ele></trkpt><trkpt lat="42.93652652563183" lon="-1.6860468383067408"><ele>547.44000244</ele></trkpt><trkpt lat="42.936632048590525" lon="-1.6862454379263974"><ele>547.90002441</ele></trkpt><trkpt lat="42.93666101060808" lon="-1.6862999461591175"><ele>548.04998779</ele></trkpt><trkpt lat="42.936687103627705" lon="-1.6863663901570471"><ele>548.09997559</ele></trkpt><trkpt lat="42.936771987349275" lon="-1.6865825415108027"><ele>548.39001465</ele></trkpt><trkpt lat="42.93685687066925" lon="-1.6867986934656933"><ele>548.69000244</ele></trkpt><trkpt lat="42.93688296340406" lon="-1.6868651378899848"><ele>548.71002197</ele></trkpt><trkpt lat="42.93688759218686" lon="-1.6868776929866065"><ele>548.71002197</ele></trkpt><trkpt lat="42.93696835373998" lon="-1.6870967512805848"><ele>548.80999756</ele></trkpt><trkpt lat="42.937049114880274" lon="-1.6873158101549868"><ele>549.01000977</ele></trkpt><trkpt lat="42.937129875607766" lon="-1.687534869609818"><ele>549.17999268</ele></trkpt><trkpt lat="42.93713450431823" lon="-1.6875474248081523"><ele>549.20001221</ele></trkpt><trkpt lat="42.93715077209279" lon="-1.6875915241709916"><ele>549.2199707</ele></trkpt><trkpt lat="42.93723157090452" lon="-1.68781055798583"><ele>549.46002197</ele></trkpt><trkpt lat="42.93731236930352" lon="-1.6880295923812796"><ele>549.63000488</ele></trkpt><trkpt lat="42.93739316728981" lon="-1.6882486273573674"><ele>549.78997803</ele></trkpt><trkpt lat="42.93747396486338" lon="-1.68846766291406"><ele>549.89001465</ele></trkpt><trkpt lat="42.93749023228883" lon="-1.6885117627680273"><ele>549.94000244</ele></trkpt><trkpt lat="42.93755292892455" lon="-1.6887187957763703"><ele>550</ele></trkpt><trkpt lat="42.937574386596665" lon="-1.6888046264648395"><ele>550.09997559</ele></trkpt><trkpt lat="42.937579767477125" lon="-1.6888449826726215"><ele>549.90997314</ele></trkpt><trkpt lat="42.9376119211591" lon="-1.689086135287465"><ele>549.82000732</ele></trkpt><trkpt lat="42.93761730194091" lon="-1.6891264915466362"><ele>549.7800293</ele></trkpt><trkpt lat="42.93761831253951" lon="-1.68914826461002"><ele>549.7800293</ele></trkpt><trkpt lat="42.93762966555741" lon="-1.6893928683685309"><ele>549.57000732</ele></trkpt><trkpt lat="42.937641018053675" lon="-1.6896374722297236"><ele>549.65002441</ele></trkpt><trkpt lat="42.93764202855528" lon="-1.6896592453122132"><ele>549.61999512</ele></trkpt><trkpt lat="42.937638894415244" lon="-1.6897091310810386"><ele>549.73999023</ele></trkpt><trkpt lat="42.937623551891924" lon="-1.6899533312936694"><ele>549.67999268</ele></trkpt><trkpt lat="42.93760820884591" lon="-1.6901975313976976"><ele>549.67999268</ele></trkpt><trkpt lat="42.93759286527714" lon="-1.690441731393153"><ele>549.7199707</ele></trkpt><trkpt lat="42.93757752118567" lon="-1.6906859312799918"><ele>549.84997559</ele></trkpt><trkpt lat="42.93757438659668" lon="-1.690735816955564"><ele>549.79998779</ele></trkpt><trkpt lat="42.93757093965027" lon="-1.6907933343335473"><ele>549.90997314</ele></trkpt><trkpt lat="42.93755629992601" lon="-1.6910376142423542"><ele>550.0300293</ele></trkpt><trkpt lat="42.93754165967874" lon="-1.6912818940481014"><ele>550.23999023</ele></trkpt><trkpt lat="42.93752701890849" lon="-1.6915261737507676"><ele>550.44000244</ele></trkpt><trkpt lat="42.93751237761527" lon="-1.6917704533503815"><ele>550.78997803</ele></trkpt><trkpt lat="42.93749773579905" lon="-1.692014732846931"><ele>551.20001221</ele></trkpt><trkpt lat="42.93748309345984" lon="-1.6922590122403738"><ele>551.59997559</ele></trkpt><trkpt lat="42.93746845059765" lon="-1.6925032915307294"><ele>551.90002441</ele></trkpt><trkpt lat="42.937465002760284" lon="-1.6925608087331092"><ele>552.02001953</ele></trkpt><trkpt lat="42.9374626937887" lon="-1.6925990624894134"><ele>552.05999756</ele></trkpt><trkpt lat="42.93744794963028" lon="-1.6928433304299937"><ele>552.42999268</ele></trkpt><trkpt lat="42.93744564056396" lon="-1.6928815841674805"><ele>552.53997803</ele></trkpt></trkseg></trk></gpx>