<?xml version="1.0" encoding="utf-8"?><gpx creator="Garmin Desktop App" version="1.1" xsi:schemaLocation="http://www.topografix.com/GPX/1/1 http://www.topografix.com/GPX/1/1/gpx.xsd http://www.garmin.com/xmlschemas/WaypointExtension/v1 http://www8.garmin.com/xmlschemas/WaypointExtensionv1.xsd http://www.garmin.com/xmlschemas/TrackPointExtension/v1 http://www.garmin.com/xmlschemas/TrackPointExtensionv1.xsd http://www.garmin.com/xmlschemas/GpxExtensions/v3 http://www8.garmin.com/xmlschemas/GpxExtensionsv3.xsd http://www.garmin.com/xmlschemas/ActivityExtension/v1 http://www8.garmin.com/xmlschemas/ActivityExtensionv1.xsd http://www.garmin.com/xmlschemas/AdventuresExtensions/v1 http://www8.garmin.com/xmlschemas/AdventuresExtensionv1.xsd http://www.garmin.com/xmlschemas/PressureExtension/v1 http://www.garmin.com/xmlschemas/PressureExtensionv1.xsd http://www.garmin.com/xmlschemas/TripExtensions/v1 http://www.garmin.com/xmlschemas/TripExtensionsv1.xsd http://www.garmin.com/xmlschemas/TripMetaDataExtensions/v1 http://www.garmin.com/xmlschemas/TripMetaDataExtensionsv1.xsd http://www.garmin.com/xmlschemas/ViaPointTransportationModeExtensions/v1 http://www.garmin.com/xmlschemas/ViaPointTransportationModeExtensionsv1.xsd http://www.garmin.com/xmlschemas/CreationTimeExtension/v1 http://www.garmin.com/xmlschemas/CreationTimeExtensionsv1.xsd http://www.garmin.com/xmlschemas/AccelerationExtension/v1 http://www.garmin.com/xmlschemas/AccelerationExtensionv1.xsd http://www.garmin.com/xmlschemas/PowerExtension/v1 http://www.garmin.com/xmlschemas/PowerExtensionv1.xsd http://www.garmin.com/xmlschemas/VideoExtension/v1 http://www.garmin.com/xmlschemas/VideoExtensionv1.xsd" xmlns="http://www.topografix.com/GPX/1/1" xmlns:xsi="http://www.w3.org/2001/XMLSchema-instance" xmlns:wptx1="http://www.garmin.com/xmlschemas/WaypointExtension/v1" xmlns:gpxtrx="http://www.garmin.com/xmlschemas/GpxExtensions/v3" xmlns:gpxtpx="http://www.garmin.com/xmlschemas/TrackPointExtension/v1" xmlns:gpxx="http://www.garmin.com/xmlschemas/GpxExtensions/v3" xmlns:trp="http://www.garmin.com/xmlschemas/TripExtensions/v1" xmlns:adv="http://www.garmin.com/xmlschemas/AdventuresExtensions/v1" xmlns:prs="http://www.garmin.com/xmlschemas/PressureExtension/v1" xmlns:tmd="http://www.garmin.com/xmlschemas/TripMetaDataExtensions/v1" xmlns:vptm="http://www.garmin.com/xmlschemas/ViaPointTransportationModeExtensions/v1" xmlns:ctx="http://www.garmin.com/xmlschemas/CreationTimeExtension/v1" xmlns:gpxacc="http://www.garmin.com/xmlschemas/AccelerationExtension/v1" xmlns:gpxpx="http://www.garmin.com/xmlschemas/PowerExtension/v1" xmlns:vidx1="http://www.garmin.com/xmlschemas/VideoExtension/v1">

  <metadata>
    <link href="http://www.garmin.com">
      <text>Garmin International</text>
    </link>
    <time>2024-06-01T17:22:44Z</time>
    <bounds maxlat="43.003556728363037" maxlon="-1.502337455749512" minlat="42.838526694104075" minlon="-1.701829433441162" />
  </metadata>

  <trk>
    <name>Camping Izarpe_Carretera_Ruta 2_Ultzama y Esteribar</name>
    <extensions>
      <gpxx:TrackExtension>
        <gpxx:DisplayColor>DarkGray</gpxx:DisplayColor>
      </gpxx:TrackExtension>
    </extensions>
    <trkseg>
      <trkpt lat="42.937445640563965" lon="-1.692881584167481">
        <ele>552.29296875</ele>
      </trkpt>
      <trkpt lat="42.937638759613037" lon="-1.689662933349609">
        <ele>550.08203125</ele>
      </trkpt>
      <trkpt lat="42.937617301940918" lon="-1.689212322235107">
        <ele>549.94921875</ele>
      </trkpt>
      <trkpt lat="42.937595844268799" lon="-1.688954830169678">
        <ele>550.05078125</ele>
      </trkpt>
      <trkpt lat="42.937552928924561" lon="-1.688740253448486">
        <ele>549.96484375</ele>
      </trkpt>
      <trkpt lat="42.937488555908203" lon="-1.688504219055176">
        <ele>549.921875</ele>
      </trkpt>
      <trkpt lat="42.936844825744629" lon="-1.686766147613525">
        <ele>547.80078125</ele>
      </trkpt>
      <trkpt lat="42.936651706695557" lon="-1.686294078826904">
        <ele>548.0625</ele>
      </trkpt>
      <trkpt lat="42.936522960662842" lon="-1.686036586761475">
        <ele>547.60546875</ele>
      </trkpt>
      <trkpt lat="42.936286926269531" lon="-1.685585975646973">
        <ele>546.64453125</ele>
      </trkpt>
      <trkpt lat="42.93581485748291" lon="-1.684749126434326">
        <ele>546.01171875</ele>
      </trkpt>
      <trkpt lat="42.935643196105957" lon="-1.684534549713135">
        <ele>546.1640625</ele>
      </trkpt>
      <trkpt lat="42.935450077056885" lon="-1.684341430664063">
        <ele>546.1171875</ele>
      </trkpt>
      <trkpt lat="42.935106754302979" lon="-1.684191226959229">
        <ele>545.27734375</ele>
      </trkpt>
      <trkpt lat="42.93407678604126" lon="-1.683762073516846">
        <ele>542.6796875</ele>
      </trkpt>
      <trkpt lat="42.93407678604126" lon="-1.683762073516846">
        <ele>542.6796875</ele>
      </trkpt>
      <trkpt lat="42.93407678604126" lon="-1.683762073516846">
        <ele>543.39999999999998</ele>
      </trkpt>
      <trkpt lat="42.934081815183163" lon="-1.683671465143561">
        <ele>543.16999999999996</ele>
      </trkpt>
      <trkpt lat="42.934095393866301" lon="-1.683427132666111">
        <ele>542.92999999999995</ele>
      </trkpt>
      <trkpt lat="42.934108972549438" lon="-1.683182716369629">
        <ele>542.64999999999998</ele>
      </trkpt>
      <trkpt lat="42.934122551232576" lon="-1.682938300073147">
        <ele>542.36000000000001</ele>
      </trkpt>
      <trkpt lat="42.934136129915714" lon="-1.682693967595696">
        <ele>542.28999999999996</ele>
      </trkpt>
      <trkpt lat="42.934141159057617" lon="-1.682603359222412">
        <ele>542.19000000000005</ele>
      </trkpt>
      <trkpt lat="42.934145936742425" lon="-1.682496070861816">
        <ele>542.14999999999998</ele>
      </trkpt>
      <trkpt lat="42.93415691703558" lon="-1.682251486927271">
        <ele>541.99000000000001</ele>
      </trkpt>
      <trkpt lat="42.934167897328734" lon="-1.682006819173694">
        <ele>541.86000000000001</ele>
      </trkpt>
      <trkpt lat="42.934178793802857" lon="-1.681762235239148">
        <ele>541.66999999999996</ele>
      </trkpt>
      <trkpt lat="42.934189774096012" lon="-1.681517567485571">
        <ele>541.73000000000002</ele>
      </trkpt>
      <trkpt lat="42.934200754389167" lon="-1.681272983551025">
        <ele>541.53999999999996</ele>
      </trkpt>
      <trkpt lat="42.934205532073975" lon="-1.68116569519043">
        <ele>541.45000000000005</ele>
      </trkpt>
      <trkpt lat="42.934226989746094" lon="-1.680994033813477">
        <ele>541.39999999999998</ele>
      </trkpt>
      <trkpt lat="42.934238892048597" lon="-1.680963607504964">
        <ele>541.38</ele>
      </trkpt>
      <trkpt lat="42.93432354927063" lon="-1.680747270584106">
        <ele>541.17999999999995</ele>
      </trkpt>
      <trkpt lat="42.934408206492662" lon="-1.680530933663249">
        <ele>541.01999999999998</ele>
      </trkpt>
      <trkpt lat="42.934420108795166" lon="-1.680500507354736">
        <ele>541.08000000000004</ele>
      </trkpt>
      <trkpt lat="42.934440560638905" lon="-1.680455831810832">
        <ele>540.99000000000001</ele>
      </trkpt>
      <trkpt lat="42.934535862877965" lon="-1.680247876793146">
        <ele>540.86000000000001</ele>
      </trkpt>
      <trkpt lat="42.934631165117025" lon="-1.68003992177546">
        <ele>540.67999999999995</ele>
      </trkpt>
      <trkpt lat="42.934726551175117" lon="-1.679831966757774">
        <ele>540.53999999999996</ele>
      </trkpt>
      <trkpt lat="42.934821853414178" lon="-1.67962409555912">
        <ele>540.23000000000002</ele>
      </trkpt>
      <trkpt lat="42.934917155653238" lon="-1.679416140541434">
        <ele>540.08000000000004</ele>
      </trkpt>
      <trkpt lat="42.935012457892299" lon="-1.679208185523748">
        <ele>540.09000000000003</ele>
      </trkpt>
      <trkpt lat="42.935107760131359" lon="-1.679000230506063">
        <ele>539.90999999999997</ele>
      </trkpt>
      <trkpt lat="42.935128211975098" lon="-1.678955554962158">
        <ele>539.80999999999995</ele>
      </trkpt>
      <trkpt lat="42.935128882527351" lon="-1.678953459486365">
        <ele>539.80999999999995</ele>
      </trkpt>
      <trkpt lat="42.935203313827515" lon="-1.678730249404907">
        <ele>539.63</ele>
      </trkpt>
      <trkpt lat="42.935277745127678" lon="-1.678507039323449">
        <ele>539.50999999999999</ele>
      </trkpt>
      <trkpt lat="42.935278415679932" lon="-1.678504943847656">
        <ele>539.50999999999999</ele>
      </trkpt>
      <trkpt lat="42.935279924422503" lon="-1.678495723754168">
        <ele>539.50999999999999</ele>
      </trkpt>
      <trkpt lat="42.935319822281599" lon="-1.678256671875715">
        <ele>539.38999999999999</ele>
      </trkpt>
      <trkpt lat="42.93532133102417" lon="-1.678247451782227">
        <ele>539.38999999999999</ele>
      </trkpt>
      <trkpt lat="42.935342788696289" lon="-1.678011417388916">
        <ele>539.39999999999998</ele>
      </trkpt>
      <trkpt lat="42.93534086085856" lon="-1.677986858412623">
        <ele>539.38999999999999</ele>
      </trkpt>
      <trkpt lat="42.93532133102417" lon="-1.677743196487427">
        <ele>539.27999999999997</ele>
      </trkpt>
      <trkpt lat="42.93530180118978" lon="-1.67749953456223">
        <ele>539.03999999999996</ele>
      </trkpt>
      <trkpt lat="42.935299873352051" lon="-1.677474975585938">
        <ele>538.89999999999998</ele>
      </trkpt>
      <trkpt lat="42.935294676572084" lon="-1.6773612331599">
        <ele>538.87</ele>
      </trkpt>
      <trkpt lat="42.935283612459898" lon="-1.677116649225354">
        <ele>538.72000000000003</ele>
      </trkpt>
      <trkpt lat="42.935278415679932" lon="-1.677002906799316">
        <ele>538.63999999999999</ele>
      </trkpt>
      <trkpt lat="42.935279756784439" lon="-1.676985304802656">
        <ele>538.59000000000003</ele>
      </trkpt>
      <trkpt lat="42.935298532247543" lon="-1.676741559058428">
        <ele>538.35000000000002</ele>
      </trkpt>
      <trkpt lat="42.935299873352051" lon="-1.676723957061768">
        <ele>538.35000000000002</ele>
      </trkpt>
      <trkpt lat="42.935299957171082" lon="-1.676721861585975">
        <ele>538.41999999999996</ele>
      </trkpt>
      <trkpt lat="42.93531060218811" lon="-1.676477193832398">
        <ele>538.13</ele>
      </trkpt>
      <trkpt lat="42.935321247205138" lon="-1.67623252607882">
        <ele>538</ele>
      </trkpt>
      <trkpt lat="42.93532133102417" lon="-1.676230430603027">
        <ele>538.03999999999996</ele>
      </trkpt>
      <trkpt lat="42.935385704040527" lon="-1.676015853881836">
        <ele>537.83000000000004</ele>
      </trkpt>
      <trkpt lat="42.935462733730674" lon="-1.675874702632427">
        <ele>537.32000000000005</ele>
      </trkpt>
      <trkpt lat="42.935514450073242" lon="-1.675779819488525">
        <ele>537.17999999999995</ele>
      </trkpt>
      <trkpt lat="42.93551629409194" lon="-1.675777053460479">
        <ele>537.17999999999995</ele>
      </trkpt>
      <trkpt lat="42.935635736212134" lon="-1.675593573600054">
        <ele>536.69000000000005</ele>
      </trkpt>
      <trkpt lat="42.935755178332329" lon="-1.675410177558661">
        <ele>536.12</ele>
      </trkpt>
      <trkpt lat="42.935874536633492" lon="-1.675226781517267">
        <ele>535.57000000000005</ele>
      </trkpt>
      <trkpt lat="42.935993978753686" lon="-1.675043385475874">
        <ele>535.13</ele>
      </trkpt>
      <trkpt lat="42.93611342087388" lon="-1.674859905615449">
        <ele>534.69000000000005</ele>
      </trkpt>
      <trkpt lat="42.936115264892578" lon="-1.674857139587402">
        <ele>534.69000000000005</ele>
      </trkpt>
      <trkpt lat="42.936121132224798" lon="-1.674841716885567">
        <ele>534.70000000000005</ele>
      </trkpt>
      <trkpt lat="42.936204029247165" lon="-1.674624122679234">
        <ele>534.40999999999997</ele>
      </trkpt>
      <trkpt lat="42.936286926269531" lon="-1.6744065284729">
        <ele>534.25</ele>
      </trkpt>
      <trkpt lat="42.936369823291898" lon="-1.674188934266567">
        <ele>534.24000000000001</ele>
      </trkpt>
      <trkpt lat="42.936452720314264" lon="-1.673971340060234">
        <ele>534.23000000000002</ele>
      </trkpt>
      <trkpt lat="42.936458587646484" lon="-1.673955917358398">
        <ele>534.23000000000002</ele>
      </trkpt>
      <trkpt lat="42.936471495777369" lon="-1.67391886934638">
        <ele>534.25999999999999</ele>
      </trkpt>
      <trkpt lat="42.93654877692461" lon="-1.673697419464588">
        <ele>534.19000000000005</ele>
      </trkpt>
      <trkpt lat="42.93662597425282" lon="-1.673476053401828">
        <ele>534.25999999999999</ele>
      </trkpt>
      <trkpt lat="42.936703255400062" lon="-1.673254603520036">
        <ele>534.20000000000005</ele>
      </trkpt>
      <trkpt lat="42.936780452728271" lon="-1.673033237457275">
        <ele>534.13</ele>
      </trkpt>
      <trkpt lat="42.936857650056481" lon="-1.672811871394515">
        <ele>534.11000000000001</ele>
      </trkpt>
      <trkpt lat="42.936934931203723" lon="-1.672590421512723">
        <ele>534.03999999999996</ele>
      </trkpt>
      <trkpt lat="42.937012128531933" lon="-1.672369055449963">
        <ele>534.04999999999995</ele>
      </trkpt>
      <trkpt lat="42.937089409679174" lon="-1.672147605568171">
        <ele>534.08000000000004</ele>
      </trkpt>
      <trkpt lat="42.937102317810059" lon="-1.672110557556152">
        <ele>534.02999999999997</ele>
      </trkpt>
      <trkpt lat="42.937113046646118" lon="-1.672090943902731">
        <ele>533.98000000000002</ele>
      </trkpt>
      <trkpt lat="42.937220335006714" lon="-1.671894136816263">
        <ele>533.87</ele>
      </trkpt>
      <trkpt lat="42.937231063842773" lon="-1.671874523162842">
        <ele>533.77999999999997</ele>
      </trkpt>
      <trkpt lat="42.937231147661805" lon="-1.67187443934381">
        <ele>533.77999999999997</ele>
      </trkpt>
      <trkpt lat="42.937359726056457" lon="-1.67170294560492">
        <ele>533.76999999999998</ele>
      </trkpt>
      <trkpt lat="42.937359809875488" lon="-1.671702861785889">
        <ele>533.76999999999998</ele>
      </trkpt>
      <trkpt lat="42.93740532360971" lon="-1.671666149049997">
        <ele>533.71000000000004</ele>
      </trkpt>
      <trkpt lat="42.93756022118032" lon="-1.671541258692741">
        <ele>533.55999999999995</ele>
      </trkpt>
      <trkpt lat="42.93771511875093" lon="-1.671416284516454">
        <ele>533.38999999999999</ele>
      </trkpt>
      <trkpt lat="42.937870100140572" lon="-1.671291394159198">
        <ele>533.17999999999995</ele>
      </trkpt>
      <trkpt lat="42.938024997711182" lon="-1.67116641998291">
        <ele>533.12</ele>
      </trkpt>
      <trkpt lat="42.938179895281792" lon="-1.671041445806623">
        <ele>532.94000000000005</ele>
      </trkpt>
      <trkpt lat="42.938334876671433" lon="-1.670916555449367">
        <ele>532.72000000000003</ele>
      </trkpt>
      <trkpt lat="42.938489774242043" lon="-1.670791581273079">
        <ele>532.5</ele>
      </trkpt>
      <trkpt lat="42.938644671812654" lon="-1.670666690915823">
        <ele>532.22000000000003</ele>
      </trkpt>
      <trkpt lat="42.938690185546875" lon="-1.670629978179932">
        <ele>532.14999999999998</ele>
      </trkpt>
      <trkpt lat="42.938729077577591" lon="-1.670599551871419">
        <ele>532.19000000000005</ele>
      </trkpt>
      <trkpt lat="42.938885148614645" lon="-1.670477259904146">
        <ele>532.01999999999998</ele>
      </trkpt>
      <trkpt lat="42.939041219651699" lon="-1.670355051755905">
        <ele>531.70000000000005</ele>
      </trkpt>
      <trkpt lat="42.939197290688753" lon="-1.670232759788632">
        <ele>531.48000000000002</ele>
      </trkpt>
      <trkpt lat="42.939353361725807" lon="-1.670110551640391">
        <ele>531.26999999999998</ele>
      </trkpt>
      <trkpt lat="42.939509432762861" lon="-1.669988259673119">
        <ele>531.00999999999999</ele>
      </trkpt>
      <trkpt lat="42.939665503799915" lon="-1.669865967705846">
        <ele>530.70000000000005</ele>
      </trkpt>
      <trkpt lat="42.939821574836969" lon="-1.669743759557605">
        <ele>530.47000000000003</ele>
      </trkpt>
      <trkpt lat="42.939977645874023" lon="-1.669621467590332">
        <ele>530.25999999999999</ele>
      </trkpt>
      <trkpt lat="42.940133716911077" lon="-1.669499259442091">
        <ele>529.98000000000002</ele>
      </trkpt>
      <trkpt lat="42.940289787948132" lon="-1.669376967474818">
        <ele>529.76999999999998</ele>
      </trkpt>
      <trkpt lat="42.940445858985186" lon="-1.669254675507546">
        <ele>529.48000000000002</ele>
      </trkpt>
      <trkpt lat="42.94060193002224" lon="-1.669132467359304">
        <ele>529.26999999999998</ele>
      </trkpt>
      <trkpt lat="42.940758001059294" lon="-1.669010175392032">
        <ele>529.05999999999995</ele>
      </trkpt>
      <trkpt lat="42.940914072096348" lon="-1.668887883424759">
        <ele>528.80999999999995</ele>
      </trkpt>
      <trkpt lat="42.941070143133402" lon="-1.668765675276518">
        <ele>528.62</ele>
      </trkpt>
      <trkpt lat="42.941226214170456" lon="-1.668643383309245">
        <ele>528.52999999999997</ele>
      </trkpt>
      <trkpt lat="42.941265106201172" lon="-1.668612957000732">
        <ele>528.57000000000005</ele>
      </trkpt>
      <trkpt lat="42.941294359043241" lon="-1.668587476015091">
        <ele>528.62</ele>
      </trkpt>
      <trkpt lat="42.941445987671614" lon="-1.668455377221108">
        <ele>529.28999999999996</ele>
      </trkpt>
      <trkpt lat="42.941597700119019" lon="-1.668323278427124">
        <ele>530.11000000000001</ele>
      </trkpt>
      <trkpt lat="42.941749412566423" lon="-1.668191179633141">
        <ele>531.21000000000004</ele>
      </trkpt>
      <trkpt lat="42.941901041194797" lon="-1.668059080839157">
        <ele>532.25</ele>
      </trkpt>
      <trkpt lat="42.941930294036865" lon="-1.668033599853516">
        <ele>532.58000000000004</ele>
      </trkpt>
      <trkpt lat="42.941949656233191" lon="-1.668004598468542">
        <ele>532.74000000000001</ele>
      </trkpt>
      <trkpt lat="42.942070607095957" lon="-1.667823046445847">
        <ele>533.71000000000004</ele>
      </trkpt>
      <trkpt lat="42.942191641777754" lon="-1.667641578242183">
        <ele>534.66999999999996</ele>
      </trkpt>
      <trkpt lat="42.942312676459551" lon="-1.667460026219487">
        <ele>535.67999999999995</ele>
      </trkpt>
      <trkpt lat="42.942433711141348" lon="-1.667278558015823">
        <ele>536.5</ele>
      </trkpt>
      <trkpt lat="42.942554662004113" lon="-1.667097005993128">
        <ele>537.45000000000005</ele>
      </trkpt>
      <trkpt lat="42.942574024200439" lon="-1.667068004608154">
        <ele>537.52999999999997</ele>
      </trkpt>
      <trkpt lat="42.942619035020471" lon="-1.667006146162748">
        <ele>537.92999999999995</ele>
      </trkpt>
      <trkpt lat="42.942745685577393" lon="-1.666831970214844">
        <ele>538.83000000000004</ele>
      </trkpt>
      <trkpt lat="42.942872336134315" lon="-1.666657794266939">
        <ele>539.74000000000001</ele>
      </trkpt>
      <trkpt lat="42.942917346954346" lon="-1.666595935821533">
        <ele>540.08000000000004</ele>
      </trkpt>
      <trkpt lat="42.943046092987061" lon="-1.666488647460938">
        <ele>541.00999999999999</ele>
      </trkpt>
      <trkpt lat="42.943174839019775" lon="-1.666402816772461">
        <ele>542.02999999999997</ele>
      </trkpt>
      <trkpt lat="42.943346500396729" lon="-1.666338443756104">
        <ele>543.02999999999997</ele>
      </trkpt>
      <trkpt lat="42.943374663591385" lon="-1.66633584536612">
        <ele>543.13</ele>
      </trkpt>
      <trkpt lat="42.943554371595383" lon="-1.666319584473968">
        <ele>544.25999999999999</ele>
      </trkpt>
      <trkpt lat="42.943582534790039" lon="-1.666316986083984">
        <ele>544.46000000000004</ele>
      </trkpt>
      <trkpt lat="42.943600052967668" lon="-1.66631874628365">
        <ele>544.55999999999995</ele>
      </trkpt>
      <trkpt lat="42.943779593333602" lon="-1.666336683556438">
        <ele>545.85000000000002</ele>
      </trkpt>
      <trkpt lat="42.94379711151123" lon="-1.666338443756104">
        <ele>545.92999999999995</ele>
      </trkpt>
      <trkpt lat="42.943881014361978" lon="-1.666369875892997">
        <ele>546.41999999999996</ele>
      </trkpt>
      <trkpt lat="42.94405460357666" lon="-1.66643500328064">
        <ele>547.69000000000005</ele>
      </trkpt>
      <trkpt lat="42.944228192791343" lon="-1.666500130668283">
        <ele>548.61000000000001</ele>
      </trkpt>
      <trkpt lat="42.94431209564209" lon="-1.666531562805176">
        <ele>549.25</ele>
      </trkpt>
      <trkpt lat="42.944419384002686" lon="-1.666553020477295">
        <ele>549.94000000000005</ele>
      </trkpt>
      <trkpt lat="42.944497587159276" lon="-1.666543213650584">
        <ele>550.22000000000003</ele>
      </trkpt>
      <trkpt lat="42.944676876068115" lon="-1.666520833969116">
        <ele>551.28999999999996</ele>
      </trkpt>
      <trkpt lat="42.944856164976954" lon="-1.666498454287648">
        <ele>552.13999999999999</ele>
      </trkpt>
      <trkpt lat="42.944934368133545" lon="-1.666488647460938">
        <ele>552.50999999999999</ele>
      </trkpt>
      <trkpt lat="42.944958675652742" lon="-1.666491245850921">
        <ele>552.64999999999998</ele>
      </trkpt>
      <trkpt lat="42.945138216018677" lon="-1.666510105133057">
        <ele>553.84000000000003</ele>
      </trkpt>
      <trkpt lat="42.945317756384611" lon="-1.666528964415193">
        <ele>555.02999999999997</ele>
      </trkpt>
      <trkpt lat="42.945342063903809" lon="-1.666531562805176">
        <ele>555.26999999999998</ele>
      </trkpt>
      <trkpt lat="42.945349356159568" lon="-1.666528629139066">
        <ele>555.33000000000004</ele>
      </trkpt>
      <trkpt lat="42.94552193954587" lon="-1.66645897552371">
        <ele>556.63999999999999</ele>
      </trkpt>
      <trkpt lat="42.945694606751204" lon="-1.666389321908355">
        <ele>557.87</ele>
      </trkpt>
      <trkpt lat="42.945867273956537" lon="-1.666319668292999">
        <ele>559.08000000000004</ele>
      </trkpt>
      <trkpt lat="42.946039941161871" lon="-1.666249930858612">
        <ele>560.14999999999998</ele>
      </trkpt>
      <trkpt lat="42.946212608367205" lon="-1.666180277243257">
        <ele>561.33000000000004</ele>
      </trkpt>
      <trkpt lat="42.946385275572538" lon="-1.666110623627901">
        <ele>562.33000000000004</ele>
      </trkpt>
      <trkpt lat="42.94655785895884" lon="-1.666040970012546">
        <ele>563.35000000000002</ele>
      </trkpt>
      <trkpt lat="42.9465651512146" lon="-1.666038036346436">
        <ele>563.42999999999995</ele>
      </trkpt>
      <trkpt lat="42.946567581966519" lon="-1.66603627614677">
        <ele>563.41999999999996</ele>
      </trkpt>
      <trkpt lat="42.946726083755493" lon="-1.66592001914978">
        <ele>564.52999999999997</ele>
      </trkpt>
      <trkpt lat="42.946884585544467" lon="-1.665803762152791">
        <ele>565.35000000000002</ele>
      </trkpt>
      <trkpt lat="42.946887016296387" lon="-1.665802001953125">
        <ele>565.38</ele>
      </trkpt>
      <trkpt lat="42.947037220001221" lon="-1.665737628936768">
        <ele>566.17999999999995</ele>
      </trkpt>
      <trkpt lat="42.947187423706055" lon="-1.665716171264648">
        <ele>566.98000000000002</ele>
      </trkpt>
      <trkpt lat="42.94726487249136" lon="-1.665716171264648">
        <ele>567.53999999999996</ele>
      </trkpt>
      <trkpt lat="42.947444915771484" lon="-1.665716171264648">
        <ele>568.50999999999999</ele>
      </trkpt>
      <trkpt lat="42.947624959051609" lon="-1.665716171264648">
        <ele>569.51999999999998</ele>
      </trkpt>
      <trkpt lat="42.947702407836914" lon="-1.665716171264648">
        <ele>569.95000000000005</ele>
      </trkpt>
      <trkpt lat="42.947784131392837" lon="-1.665721284225583">
        <ele>570.45000000000005</ele>
      </trkpt>
      <trkpt lat="42.947964007034898" lon="-1.665732515975833">
        <ele>571.54999999999995</ele>
      </trkpt>
      <trkpt lat="42.94804573059082" lon="-1.665737628936768">
        <ele>572.15999999999997</ele>
      </trkpt>
      <trkpt lat="42.948080180212855" lon="-1.665756404399872">
        <ele>572.38999999999999</ele>
      </trkpt>
      <trkpt lat="42.948247315362096" lon="-1.665847599506378">
        <ele>573.10000000000002</ele>
      </trkpt>
      <trkpt lat="42.948281764984131" lon="-1.665866374969482">
        <ele>573.36000000000001</ele>
      </trkpt>
      <trkpt lat="42.948288721963763" lon="-1.665871571749449">
        <ele>573.36000000000001</ele>
      </trkpt>
      <trkpt lat="42.948446469381452" lon="-1.665989924222231">
        <ele>574.40999999999997</ele>
      </trkpt>
      <trkpt lat="42.948453426361084" lon="-1.665995121002197">
        <ele>574.40999999999997</ele>
      </trkpt>
      <trkpt lat="42.948603630065918" lon="-1.666038036346436">
        <ele>575.23000000000002</ele>
      </trkpt>
      <trkpt lat="42.948753833770752" lon="-1.666038036346436">
        <ele>575.99000000000001</ele>
      </trkpt>
      <trkpt lat="42.94880454428494" lon="-1.666026301681995">
        <ele>576.38999999999999</ele>
      </trkpt>
      <trkpt lat="42.948982072994113" lon="-1.665985397994518">
        <ele>577.42999999999995</ele>
      </trkpt>
      <trkpt lat="42.949032783508301" lon="-1.665973663330078">
        <ele>577.74000000000001</ele>
      </trkpt>
      <trkpt lat="42.949182987213135" lon="-1.665952205657959">
        <ele>578.33000000000004</ele>
      </trkpt>
      <trkpt lat="42.94931173324585" lon="-1.665973663330078">
        <ele>578.78999999999996</ele>
      </trkpt>
      <trkpt lat="42.949461936950684" lon="-1.666016578674316">
        <ele>579.33000000000004</ele>
      </trkpt>
      <trkpt lat="42.94954776763916" lon="-1.666059494018555">
        <ele>579.22000000000003</ele>
      </trkpt>
      <trkpt lat="42.949590682983398" lon="-1.666102409362793">
        <ele>579.05999999999995</ele>
      </trkpt>
      <trkpt lat="42.949655055999756" lon="-1.66618824005127">
        <ele>578.88999999999999</ele>
      </trkpt>
      <trkpt lat="42.949676513671875" lon="-1.666231155395508">
        <ele>578.74000000000001</ele>
      </trkpt>
      <trkpt lat="42.949740886688232" lon="-1.666338443756104">
        <ele>578.37</ele>
      </trkpt>
      <trkpt lat="42.949762344360352" lon="-1.666531562805176">
        <ele>578.02999999999997</ele>
      </trkpt>
      <trkpt lat="42.949762344360352" lon="-1.666620662435889">
        <ele>577.74000000000001</ele>
      </trkpt>
      <trkpt lat="42.949762344360352" lon="-1.666865749284625">
        <ele>576.83000000000004</ele>
      </trkpt>
      <trkpt lat="42.949762344360352" lon="-1.667110919952393">
        <ele>575.96000000000004</ele>
      </trkpt>
      <trkpt lat="42.949762344360352" lon="-1.66735609062016">
        <ele>575.34000000000003</ele>
      </trkpt>
      <trkpt lat="42.949762344360352" lon="-1.667601177468896">
        <ele>574.57000000000005</ele>
      </trkpt>
      <trkpt lat="42.949762344360352" lon="-1.667690277099609">
        <ele>574.27999999999997</ele>
      </trkpt>
      <trkpt lat="42.949766619130969" lon="-1.667720200493932">
        <ele>574.16999999999996</ele>
      </trkpt>
      <trkpt lat="42.949800984933972" lon="-1.667960761114955">
        <ele>573.16999999999996</ele>
      </trkpt>
      <trkpt lat="42.94980525970459" lon="-1.667990684509277">
        <ele>573.13</ele>
      </trkpt>
      <trkpt lat="42.949811546131968" lon="-1.668004430830479">
        <ele>572.97000000000003</ele>
      </trkpt>
      <trkpt lat="42.949906261637807" lon="-1.668212972581387">
        <ele>571.74000000000001</ele>
      </trkpt>
      <trkpt lat="42.949912548065186" lon="-1.668226718902588">
        <ele>571.79999999999995</ele>
      </trkpt>
      <trkpt lat="42.94993668794632" lon="-1.668272064998746">
        <ele>571.51999999999998</ele>
      </trkpt>
      <trkpt lat="42.950042216107249" lon="-1.668470716103911">
        <ele>570.54999999999995</ele>
      </trkpt>
      <trkpt lat="42.950147660449147" lon="-1.668669367209077">
        <ele>569.41999999999996</ele>
      </trkpt>
      <trkpt lat="42.950253188610077" lon="-1.668868018314242">
        <ele>568.24000000000001</ele>
      </trkpt>
      <trkpt lat="42.950277328491211" lon="-1.6689133644104">
        <ele>568.07000000000005</ele>
      </trkpt>
      <trkpt lat="42.950283531099558" lon="-1.668933648616076">
        <ele>568.00999999999999</ele>
      </trkpt>
      <trkpt lat="42.950352430343628" lon="-1.669160127639771">
        <ele>566.75</ele>
      </trkpt>
      <trkpt lat="42.950421329587698" lon="-1.669386606663466">
        <ele>565.29999999999995</ele>
      </trkpt>
      <trkpt lat="42.950427532196045" lon="-1.669406890869141">
        <ele>565.29999999999995</ele>
      </trkpt>
      <trkpt lat="42.950428370386362" lon="-1.669409992173314">
        <ele>565.29999999999995</ele>
      </trkpt>
      <trkpt lat="42.950491067022085" lon="-1.669639823958278">
        <ele>564.19000000000005</ele>
      </trkpt>
      <trkpt lat="42.950491905212402" lon="-1.669642925262451">
        <ele>564.19000000000005</ele>
      </trkpt>
      <trkpt lat="42.950534652918577" lon="-1.66974987834692">
        <ele>563.46000000000004</ele>
      </trkpt>
      <trkpt lat="42.950620818883181" lon="-1.669965125620365">
        <ele>562.42999999999995</ele>
      </trkpt>
      <trkpt lat="42.950663566589355" lon="-1.670072078704834">
        <ele>561.75</ele>
      </trkpt>
      <trkpt lat="42.950665997341275" lon="-1.670076688751578">
        <ele>561.75</ele>
      </trkpt>
      <trkpt lat="42.950770854949951" lon="-1.670275926589966">
        <ele>560.65999999999997</ele>
      </trkpt>
      <trkpt lat="42.950875712558627" lon="-1.670475164428353">
        <ele>559.46000000000004</ele>
      </trkpt>
      <trkpt lat="42.950878143310547" lon="-1.670479774475098">
        <ele>559.46000000000004</ele>
      </trkpt>
      <trkpt lat="42.950878227129579" lon="-1.670479858294129">
        <ele>559.38999999999999</ele>
      </trkpt>
      <trkpt lat="42.95100680552423" lon="-1.670651352033019">
        <ele>558.25999999999999</ele>
      </trkpt>
      <trkpt lat="42.951006889343262" lon="-1.670651435852051">
        <ele>558.25999999999999</ele>
      </trkpt>
      <trkpt lat="42.951006973162293" lon="-1.670651519671083">
        <ele>558.25999999999999</ele>
      </trkpt>
      <trkpt lat="42.951135551556945" lon="-1.670823013409972">
        <ele>557.07000000000005</ele>
      </trkpt>
      <trkpt lat="42.951135635375977" lon="-1.670823097229004">
        <ele>557.07000000000005</ele>
      </trkpt>
      <trkpt lat="42.951206127181649" lon="-1.670873472467065">
        <ele>556.63</ele>
      </trkpt>
      <trkpt lat="42.951365550979972" lon="-1.670987298712134">
        <ele>555.39999999999998</ele>
      </trkpt>
      <trkpt lat="42.951436042785645" lon="-1.671037673950195">
        <ele>554.90999999999997</ele>
      </trkpt>
      <trkpt lat="42.951500415802002" lon="-1.671123504638672">
        <ele>554.37</ele>
      </trkpt>
      <trkpt lat="42.951506115496159" lon="-1.671140603721142">
        <ele>554.15999999999997</ele>
      </trkpt>
      <trkpt lat="42.951580546796322" lon="-1.671363897621632">
        <ele>552.95000000000005</ele>
      </trkpt>
      <trkpt lat="42.951586246490479" lon="-1.671380996704102">
        <ele>552.77999999999997</ele>
      </trkpt>
      <trkpt lat="42.951604602858424" lon="-1.671439837664366">
        <ele>552.5</ele>
      </trkpt>
      <trkpt lat="42.951675178483129" lon="-1.671665478497744">
        <ele>551.29999999999995</ele>
      </trkpt>
      <trkpt lat="42.951693534851074" lon="-1.671724319458008">
        <ele>551.04999999999995</ele>
      </trkpt>
      <trkpt lat="42.951698731631041" lon="-1.671746866777539">
        <ele>550.91999999999996</ele>
      </trkpt>
      <trkpt lat="42.951752711087465" lon="-1.671980721876025">
        <ele>549.75999999999999</ele>
      </trkpt>
      <trkpt lat="42.951757907867432" lon="-1.672003269195557">
        <ele>549.75999999999999</ele>
      </trkpt>
      <trkpt lat="42.951759416610003" lon="-1.672019278630614">
        <ele>549.55999999999995</ele>
      </trkpt>
      <trkpt lat="42.951782718300819" lon="-1.672262353822589">
        <ele>548.30999999999995</ele>
      </trkpt>
      <trkpt lat="42.951806103810668" lon="-1.672505429014564">
        <ele>547.00999999999999</ele>
      </trkpt>
      <trkpt lat="42.951829405501485" lon="-1.672748504206538">
        <ele>545.78999999999996</ele>
      </trkpt>
      <trkpt lat="42.951852707192302" lon="-1.672991579398513">
        <ele>544.66999999999996</ele>
      </trkpt>
      <trkpt lat="42.951854215934873" lon="-1.673007588833571">
        <ele>544.66999999999996</ele>
      </trkpt>
      <trkpt lat="42.951857820153236" lon="-1.673045558854938">
        <ele>544.38999999999999</ele>
      </trkpt>
      <trkpt lat="42.951881205663085" lon="-1.673288634046912">
        <ele>543</ele>
      </trkpt>
      <trkpt lat="42.951904507353902" lon="-1.673531709238887">
        <ele>541.80999999999995</ele>
      </trkpt>
      <trkpt lat="42.951908111572266" lon="-1.673569679260254">
        <ele>541.67999999999995</ele>
      </trkpt>
      <trkpt lat="42.951916074380279" lon="-1.673641595989466">
        <ele>541.26999999999998</ele>
      </trkpt>
      <trkpt lat="42.951943064108491" lon="-1.673884000629187">
        <ele>540.33000000000004</ele>
      </trkpt>
      <trkpt lat="42.951951026916504" lon="-1.673955917358398">
        <ele>539.89999999999998</ele>
      </trkpt>
      <trkpt lat="42.951976424083114" lon="-1.67402783408761">
        <ele>539.51999999999998</ele>
      </trkpt>
      <trkpt lat="42.952054375782609" lon="-1.674248781055212">
        <ele>538.24000000000001</ele>
      </trkpt>
      <trkpt lat="42.952079772949219" lon="-1.674320697784424">
        <ele>537.97000000000003</ele>
      </trkpt>
      <trkpt lat="42.952101649716496" lon="-1.674361350014806">
        <ele>537.51999999999998</ele>
      </trkpt>
      <trkpt lat="42.952208099886775" lon="-1.674558995291591">
        <ele>536.39999999999998</ele>
      </trkpt>
      <trkpt lat="42.952229976654053" lon="-1.674599647521973">
        <ele>536.11000000000001</ele>
      </trkpt>
      <trkpt lat="42.952230060473084" lon="-1.674599731341004">
        <ele>536.11000000000001</ele>
      </trkpt>
      <trkpt lat="42.952358638867736" lon="-1.674771225079894">
        <ele>534.89999999999998</ele>
      </trkpt>
      <trkpt lat="42.952358722686768" lon="-1.674771308898926">
        <ele>534.89999999999998</ele>
      </trkpt>
      <trkpt lat="42.952423095703125" lon="-1.674835681915283">
        <ele>534.60000000000002</ele>
      </trkpt>
      <trkpt lat="42.952530384063721" lon="-1.674878597259522">
        <ele>533.69000000000005</ele>
      </trkpt>
      <trkpt lat="42.952609173953533" lon="-1.674891756847501">
        <ele>533.07000000000005</ele>
      </trkpt>
      <trkpt lat="42.95278787612915" lon="-1.67492151260376">
        <ele>531.66999999999996</ele>
      </trkpt>
      <trkpt lat="42.952966578304768" lon="-1.674951268360019">
        <ele>530.50999999999999</ele>
      </trkpt>
      <trkpt lat="42.95304536819458" lon="-1.674964427947998">
        <ele>529.94000000000005</ele>
      </trkpt>
      <trkpt lat="42.953174114227295" lon="-1.675028800964356">
        <ele>529.08000000000004</ele>
      </trkpt>
      <trkpt lat="42.953259944915771" lon="-1.675093173980713">
        <ele>528.37</ele>
      </trkpt>
      <trkpt lat="42.953321300446987" lon="-1.675157798454166">
        <ele>527.88999999999999</ele>
      </trkpt>
      <trkpt lat="42.953463792800903" lon="-1.675307750701904">
        <ele>526.57000000000005</ele>
      </trkpt>
      <trkpt lat="42.953606285154819" lon="-1.675457702949643">
        <ele>525.52999999999997</ele>
      </trkpt>
      <trkpt lat="42.953667640686035" lon="-1.675522327423096">
        <ele>524.87</ele>
      </trkpt>
      <trkpt lat="42.953677950426936" lon="-1.675539258867502">
        <ele>524.87</ele>
      </trkpt>
      <trkpt lat="42.953792698681355" lon="-1.67572827078402">
        <ele>523.74000000000001</ele>
      </trkpt>
      <trkpt lat="42.953907363116741" lon="-1.675917198881507">
        <ele>522.29999999999995</ele>
      </trkpt>
      <trkpt lat="42.95402211137116" lon="-1.676106210798025">
        <ele>521.32000000000005</ele>
      </trkpt>
      <trkpt lat="42.954032421112061" lon="-1.676123142242432">
        <ele>521.17999999999995</ele>
      </trkpt>
      <trkpt lat="42.954075336456299" lon="-1.676208972930908">
        <ele>520.86000000000001</ele>
      </trkpt>
      <trkpt lat="42.954085394740105" lon="-1.676217773929238">
        <ele>520.67999999999995</ele>
      </trkpt>
      <trkpt lat="42.954236939549446" lon="-1.676350375637412">
        <ele>519.50999999999999</ele>
      </trkpt>
      <trkpt lat="42.954246997833252" lon="-1.676359176635742">
        <ele>519.50999999999999</ele>
      </trkpt>
      <trkpt lat="42.954397201538086" lon="-1.676445007324219">
        <ele>518.35000000000002</ele>
      </trkpt>
      <trkpt lat="42.954420000314713" lon="-1.676456406712532">
        <ele>518.24000000000001</ele>
      </trkpt>
      <trkpt lat="42.954588979482651" lon="-1.676540896296501">
        <ele>517.97000000000003</ele>
      </trkpt>
      <trkpt lat="42.954611778259277" lon="-1.676552295684815">
        <ele>517.88999999999999</ele>
      </trkpt>
      <trkpt lat="42.95465687289834" lon="-1.676565706729889">
        <ele>517.91999999999996</ele>
      </trkpt>
      <trkpt lat="42.954832809045911" lon="-1.676618009805679">
        <ele>517.85000000000002</ele>
      </trkpt>
      <trkpt lat="42.955008745193481" lon="-1.67667031288147">
        <ele>516.40999999999997</ele>
      </trkpt>
      <trkpt lat="42.955184681341052" lon="-1.67672261595726">
        <ele>517.57000000000005</ele>
      </trkpt>
      <trkpt lat="42.955360617488623" lon="-1.676774919033051">
        <ele>517.28999999999996</ele>
      </trkpt>
      <trkpt lat="42.955405712127686" lon="-1.676788330078125">
        <ele>517.22000000000003</ele>
      </trkpt>
      <trkpt lat="42.95546748675406" lon="-1.676806267350912">
        <ele>517.13999999999999</ele>
      </trkpt>
      <trkpt lat="42.955643590539694" lon="-1.676857564598322">
        <ele>516.88</ele>
      </trkpt>
      <trkpt lat="42.955819694325328" lon="-1.6769087780267">
        <ele>516.67999999999995</ele>
      </trkpt>
      <trkpt lat="42.955995798110962" lon="-1.676959991455078">
        <ele>516.55999999999995</ele>
      </trkpt>
      <trkpt lat="42.956171901896596" lon="-1.677011204883456">
        <ele>516.64999999999998</ele>
      </trkpt>
      <trkpt lat="42.95634800568223" lon="-1.677062418311834">
        <ele>516.77999999999997</ele>
      </trkpt>
      <trkpt lat="42.956524109467864" lon="-1.677113715559244">
        <ele>517.01999999999998</ele>
      </trkpt>
      <trkpt lat="42.956585884094238" lon="-1.677131652832031">
        <ele>517.15999999999997</ele>
      </trkpt>
      <trkpt lat="42.956625614315271" lon="-1.677142884582281">
        <ele>517.19000000000005</ele>
      </trkpt>
      <trkpt lat="42.956801885738969" lon="-1.677192756906152">
        <ele>517.44000000000005</ele>
      </trkpt>
      <trkpt lat="42.956978240981698" lon="-1.677242713049054">
        <ele>517.72000000000003</ele>
      </trkpt>
      <trkpt lat="42.957154512405396" lon="-1.677292585372925">
        <ele>517.87</ele>
      </trkpt>
      <trkpt lat="42.957330783829093" lon="-1.677342457696796">
        <ele>517.99000000000001</ele>
      </trkpt>
      <trkpt lat="42.957507139071822" lon="-1.677392413839698">
        <ele>518.22000000000003</ele>
      </trkpt>
      <trkpt lat="42.95768341049552" lon="-1.677442286163569">
        <ele>518.47000000000003</ele>
      </trkpt>
      <trkpt lat="42.957723140716553" lon="-1.677453517913818">
        <ele>518.47000000000003</ele>
      </trkpt>
      <trkpt lat="42.957851886749268" lon="-1.677517890930176">
        <ele>518.50999999999999</ele>
      </trkpt>
      <trkpt lat="42.957959175109863" lon="-1.677582263946533">
        <ele>518.55999999999995</ele>
      </trkpt>
      <trkpt lat="42.95798247680068" lon="-1.677602464333177">
        <ele>518.59000000000003</ele>
      </trkpt>
      <trkpt lat="42.958134356886148" lon="-1.67773406021297">
        <ele>518.55999999999995</ele>
      </trkpt>
      <trkpt lat="42.958286236971617" lon="-1.677865739911795">
        <ele>518.45000000000005</ele>
      </trkpt>
      <trkpt lat="42.958438200876117" lon="-1.67799741961062">
        <ele>518.46000000000004</ele>
      </trkpt>
      <trkpt lat="42.958590080961585" lon="-1.678129015490413">
        <ele>518.60000000000002</ele>
      </trkpt>
      <trkpt lat="42.958742044866085" lon="-1.678260695189238">
        <ele>518.63999999999999</ele>
      </trkpt>
      <trkpt lat="42.958893924951553" lon="-1.678392374888063">
        <ele>518.73000000000002</ele>
      </trkpt>
      <trkpt lat="42.959045805037022" lon="-1.678523970767856">
        <ele>518.90999999999997</ele>
      </trkpt>
      <trkpt lat="42.959197768941522" lon="-1.678655650466681">
        <ele>519.27999999999997</ele>
      </trkpt>
      <trkpt lat="42.95934964902699" lon="-1.678787330165505">
        <ele>519.87</ele>
      </trkpt>
      <trkpt lat="42.95950161293149" lon="-1.678918926045299">
        <ele>520.63999999999999</ele>
      </trkpt>
      <trkpt lat="42.959653493016958" lon="-1.679050605744124">
        <ele>521.46000000000004</ele>
      </trkpt>
      <trkpt lat="42.959805373102427" lon="-1.679182285442948">
        <ele>522.04999999999995</ele>
      </trkpt>
      <trkpt lat="42.959957337006927" lon="-1.679313965141773">
        <ele>522.67999999999995</ele>
      </trkpt>
      <trkpt lat="42.960109217092395" lon="-1.679445561021566">
        <ele>522.86000000000001</ele>
      </trkpt>
      <trkpt lat="42.960261097177863" lon="-1.679577240720391">
        <ele>522.77999999999997</ele>
      </trkpt>
      <trkpt lat="42.960413061082363" lon="-1.679708920419216">
        <ele>522.69000000000005</ele>
      </trkpt>
      <trkpt lat="42.960564941167831" lon="-1.679840600118041">
        <ele>522.63999999999999</ele>
      </trkpt>
      <trkpt lat="42.960716905072331" lon="-1.679972195997834">
        <ele>523.04999999999995</ele>
      </trkpt>
      <trkpt lat="42.9608687851578" lon="-1.680103875696659">
        <ele>523.65999999999997</ele>
      </trkpt>
      <trkpt lat="42.961020665243268" lon="-1.680235555395484">
        <ele>524.48000000000002</ele>
      </trkpt>
      <trkpt lat="42.961172629147768" lon="-1.680367235094309">
        <ele>525.36000000000001</ele>
      </trkpt>
      <trkpt lat="42.961324509233236" lon="-1.680498914793134">
        <ele>526.19000000000005</ele>
      </trkpt>
      <trkpt lat="42.961476389318705" lon="-1.680630510672927">
        <ele>526.77999999999997</ele>
      </trkpt>
      <trkpt lat="42.961499691009521" lon="-1.68065071105957">
        <ele>526.82000000000005</ele>
      </trkpt>
      <trkpt lat="42.961506647989154" lon="-1.680655907839537">
        <ele>526.85000000000002</ele>
      </trkpt>
      <trkpt lat="42.961664395406842" lon="-1.680774260312319">
        <ele>527.14999999999998</ele>
      </trkpt>
      <trkpt lat="42.961671352386475" lon="-1.680779457092285">
        <ele>527.19000000000005</ele>
      </trkpt>
      <trkpt lat="42.961687194183469" lon="-1.680787755176425">
        <ele>527.10000000000002</ele>
      </trkpt>
      <trkpt lat="42.961855418980122" lon="-1.680875178426504">
        <ele>527.35000000000002</ele>
      </trkpt>
      <trkpt lat="42.962023727595806" lon="-1.680962685495615">
        <ele>527.47000000000003</ele>
      </trkpt>
      <trkpt lat="42.962191952392459" lon="-1.681050108745694">
        <ele>527.63</ele>
      </trkpt>
      <trkpt lat="42.962207794189453" lon="-1.681058406829834">
        <ele>527.66999999999996</ele>
      </trkpt>
      <trkpt lat="42.962263533845544" lon="-1.681083971634507">
        <ele>527.77999999999997</ele>
      </trkpt>
      <trkpt lat="42.962434105575085" lon="-1.681162426248193">
        <ele>527.85000000000002</ele>
      </trkpt>
      <trkpt lat="42.962604761123657" lon="-1.681240797042847">
        <ele>528.25</ele>
      </trkpt>
      <trkpt lat="42.96277541667223" lon="-1.681319167837501">
        <ele>528.58000000000004</ele>
      </trkpt>
      <trkpt lat="42.962945988401771" lon="-1.681397622451186">
        <ele>528.86000000000001</ele>
      </trkpt>
      <trkpt lat="42.963001728057861" lon="-1.681423187255859">
        <ele>528.98000000000002</ele>
      </trkpt>
      <trkpt lat="42.963051600381732" lon="-1.681460570544004">
        <ele>529.24000000000001</ele>
      </trkpt>
      <trkpt lat="42.96320934779942" lon="-1.681578923016787">
        <ele>529.60000000000002</ele>
      </trkpt>
      <trkpt lat="42.963259220123291" lon="-1.681616306304932">
        <ele>529.58000000000004</ele>
      </trkpt>
      <trkpt lat="42.963262237608433" lon="-1.681617228314281">
        <ele>529.67999999999995</ele>
      </trkpt>
      <trkpt lat="42.96343800611794" lon="-1.681671040132642">
        <ele>529.55999999999995</ele>
      </trkpt>
      <trkpt lat="42.963441023603082" lon="-1.681671962141991">
        <ele>529.49000000000001</ele>
      </trkpt>
      <trkpt lat="42.963489554822445" lon="-1.681650001555681">
        <ele>529.28999999999996</ele>
      </trkpt>
      <trkpt lat="42.963567674160004" lon="-1.681613372638822">
        <ele>528.88</ele>
      </trkpt>
      <trkpt lat="42.963688373565674" lon="-1.681530475616455">
        <ele>528.09000000000003</ele>
      </trkpt>
      <trkpt lat="42.963700024411082" lon="-1.681515472009778">
        <ele>528.00999999999999</ele>
      </trkpt>
      <trkpt lat="42.963830698281527" lon="-1.681346828117967">
        <ele>526.77999999999997</ele>
      </trkpt>
      <trkpt lat="42.963961455971003" lon="-1.681178184226155">
        <ele>525.64999999999998</ele>
      </trkpt>
      <trkpt lat="42.964092129841447" lon="-1.681009456515312">
        <ele>524.86000000000001</ele>
      </trkpt>
      <trkpt lat="42.964222887530923" lon="-1.680840812623501">
        <ele>524.45000000000005</ele>
      </trkpt>
      <trkpt lat="42.964353561401367" lon="-1.68067216873169">
        <ele>524.05999999999995</ele>
      </trkpt>
      <trkpt lat="42.964484235271811" lon="-1.680503524839878">
        <ele>523.78999999999996</ele>
      </trkpt>
      <trkpt lat="42.964614992961287" lon="-1.680334880948067">
        <ele>523.53999999999996</ele>
      </trkpt>
      <trkpt lat="42.964745666831732" lon="-1.680166237056255">
        <ele>523.24000000000001</ele>
      </trkpt>
      <trkpt lat="42.964876424521208" lon="-1.679997509345412">
        <ele>522.88</ele>
      </trkpt>
      <trkpt lat="42.965007098391652" lon="-1.679828865453601">
        <ele>522.60000000000002</ele>
      </trkpt>
      <trkpt lat="42.965018749237061" lon="-1.679813861846924">
        <ele>522.60000000000002</ele>
      </trkpt>
      <trkpt lat="42.96506074257195" lon="-1.679758708924055">
        <ele>522.44000000000005</ele>
      </trkpt>
      <trkpt lat="42.965190410614014" lon="-1.679588556289673">
        <ele>521.98000000000002</ele>
      </trkpt>
      <trkpt lat="42.965320078656077" lon="-1.679418403655291">
        <ele>521.5</ele>
      </trkpt>
      <trkpt lat="42.965362071990967" lon="-1.679363250732422">
        <ele>521.34000000000003</ele>
      </trkpt>
      <trkpt lat="42.96541596762836" lon="-1.679293345659971">
        <ele>521.21000000000004</ele>
      </trkpt>
      <trkpt lat="42.965546306222677" lon="-1.67912419885397">
        <ele>520.70000000000005</ele>
      </trkpt>
      <trkpt lat="42.965676644816995" lon="-1.678955052047968">
        <ele>520.38</ele>
      </trkpt>
      <trkpt lat="42.965807067230344" lon="-1.678785905241966">
        <ele>520.27999999999997</ele>
      </trkpt>
      <trkpt lat="42.965937405824661" lon="-1.678616758435965">
        <ele>520.26999999999998</ele>
      </trkpt>
      <trkpt lat="42.966067744418979" lon="-1.678447527810931">
        <ele>520.22000000000003</ele>
      </trkpt>
      <trkpt lat="42.966198083013296" lon="-1.67827838100493">
        <ele>520.15999999999997</ele>
      </trkpt>
      <trkpt lat="42.966328505426645" lon="-1.678109234198928">
        <ele>520.13999999999999</ele>
      </trkpt>
      <trkpt lat="42.966458844020963" lon="-1.677940087392926">
        <ele>520.16999999999996</ele>
      </trkpt>
      <trkpt lat="42.96658918261528" lon="-1.677770940586925">
        <ele>520.13999999999999</ele>
      </trkpt>
      <trkpt lat="42.966719605028629" lon="-1.677601793780923">
        <ele>520.12</ele>
      </trkpt>
      <trkpt lat="42.966849943622947" lon="-1.67743256315589">
        <ele>520.22000000000003</ele>
      </trkpt>
      <trkpt lat="42.966980282217264" lon="-1.677263416349888">
        <ele>517.25</ele>
      </trkpt>
      <trkpt lat="42.967110620811582" lon="-1.677094269543886">
        <ele>519.79999999999995</ele>
      </trkpt>
      <trkpt lat="42.967164516448975" lon="-1.677024364471436">
        <ele>520.52999999999997</ele>
      </trkpt>
      <trkpt lat="42.967174826189876" lon="-1.677010534331203">
        <ele>520.61000000000001</ele>
      </trkpt>
      <trkpt lat="42.967302985489368" lon="-1.676838286221027">
        <ele>521.13999999999999</ele>
      </trkpt>
      <trkpt lat="42.967313295230269" lon="-1.676824456080794">
        <ele>521.13999999999999</ele>
      </trkpt>
      <trkpt lat="42.967365430667996" lon="-1.676773242652416">
        <ele>521.30999999999995</ele>
      </trkpt>
      <trkpt lat="42.967424690723419" lon="-1.676699984818697">
        <ele>521.54999999999995</ele>
      </trkpt>
      <trkpt lat="42.967550754547119" lon="-1.676681041717529">
        <ele>521.87</ele>
      </trkpt>
      <trkpt lat="42.967635411769152" lon="-1.676662266254425">
        <ele>522.16999999999996</ele>
      </trkpt>
      <trkpt lat="42.967813108116388" lon="-1.676622703671455">
        <ele>522.66999999999996</ele>
      </trkpt>
      <trkpt lat="42.967990888282657" lon="-1.676583224907517">
        <ele>523.07000000000005</ele>
      </trkpt>
      <trkpt lat="42.968168584629893" lon="-1.67654374614358">
        <ele>523.51999999999998</ele>
      </trkpt>
      <trkpt lat="42.96834628097713" lon="-1.676504267379642">
        <ele>523.89999999999998</ele>
      </trkpt>
      <trkpt lat="42.968524061143398" lon="-1.676464788615704">
        <ele>524.30999999999995</ele>
      </trkpt>
      <trkpt lat="42.968701757490635" lon="-1.676425226032734">
        <ele>524.72000000000003</ele>
      </trkpt>
      <trkpt lat="42.968879537656903" lon="-1.676385747268796">
        <ele>525.54999999999995</ele>
      </trkpt>
      <trkpt lat="42.96905723400414" lon="-1.676346268504858">
        <ele>526.46000000000004</ele>
      </trkpt>
      <trkpt lat="42.969234930351377" lon="-1.67630678974092">
        <ele>527.65999999999997</ele>
      </trkpt>
      <trkpt lat="42.969412710517645" lon="-1.676267310976982">
        <ele>528.99000000000001</ele>
      </trkpt>
      <trkpt lat="42.969590406864882" lon="-1.676227748394013">
        <ele>530.17999999999995</ele>
      </trkpt>
      <trkpt lat="42.969675064086914" lon="-1.676208972930908">
        <ele>530.75</ele>
      </trkpt>
      <trkpt lat="42.969693252816796" lon="-1.676205368712544">
        <ele>530.87</ele>
      </trkpt>
      <trkpt lat="42.969871452078223" lon="-1.676169661805034">
        <ele>531.94000000000005</ele>
      </trkpt>
      <trkpt lat="42.969889640808105" lon="-1.67616605758667">
        <ele>532.01999999999998</ele>
      </trkpt>
      <trkpt lat="42.969907158985734" lon="-1.676167817786336">
        <ele>532.05999999999995</ele>
      </trkpt>
      <trkpt lat="42.970086699351668" lon="-1.676185755059123">
        <ele>532.54999999999995</ele>
      </trkpt>
      <trkpt lat="42.970104217529297" lon="-1.676187515258789">
        <ele>532.58000000000004</ele>
      </trkpt>
      <trkpt lat="42.970150150358677" lon="-1.676083328202367">
        <ele>532.84000000000003</ele>
      </trkpt>
      <trkpt lat="42.970242938026786" lon="-1.675873110070825">
        <ele>533.73000000000002</ele>
      </trkpt>
      <trkpt lat="42.970288870856166" lon="-1.675768923014402">
        <ele>534.14999999999998</ele>
      </trkpt>
      <trkpt lat="42.970288870856166" lon="-1.675768923014402">
        <ele>534.14999999999998</ele>
      </trkpt>
      <trkpt lat="42.970242938026786" lon="-1.675873110070825">
        <ele>533.73000000000002</ele>
      </trkpt>
      <trkpt lat="42.970150150358677" lon="-1.676083328202367">
        <ele>532.84000000000003</ele>
      </trkpt>
      <trkpt lat="42.970104217529297" lon="-1.676187515258789">
        <ele>532.58000000000004</ele>
      </trkpt>
      <trkpt lat="42.970140259712934" lon="-1.676192041486502">
        <ele>532.64999999999998</ele>
      </trkpt>
      <trkpt lat="42.970319548621774" lon="-1.67621442116797">
        <ele>532.92999999999995</ele>
      </trkpt>
      <trkpt lat="42.970498921349645" lon="-1.676236884668469">
        <ele>533.12</ele>
      </trkpt>
      <trkpt lat="42.970678210258484" lon="-1.676259264349937">
        <ele>533.38999999999999</ele>
      </trkpt>
      <trkpt lat="42.970857499167323" lon="-1.676281644031405">
        <ele>533.58000000000004</ele>
      </trkpt>
      <trkpt lat="42.971036871895194" lon="-1.676304107531905">
        <ele>533.90999999999997</ele>
      </trkpt>
      <trkpt lat="42.971216160804033" lon="-1.676326487213373">
        <ele>534.44000000000005</ele>
      </trkpt>
      <trkpt lat="42.971395533531904" lon="-1.676348950713873">
        <ele>535.13</ele>
      </trkpt>
      <trkpt lat="42.971574822440743" lon="-1.676371330395341">
        <ele>535.79999999999995</ele>
      </trkpt>
      <trkpt lat="42.971754195168614" lon="-1.676393793895841">
        <ele>536.53999999999996</ele>
      </trkpt>
      <trkpt lat="42.971933484077454" lon="-1.676416173577309">
        <ele>537.24000000000001</ele>
      </trkpt>
      <trkpt lat="42.972112772986293" lon="-1.676438553258777">
        <ele>537.89999999999998</ele>
      </trkpt>
      <trkpt lat="42.972292145714164" lon="-1.676461016759276">
        <ele>538.49000000000001</ele>
      </trkpt>
      <trkpt lat="42.972471434623003" lon="-1.676483396440744">
        <ele>539.19000000000005</ele>
      </trkpt>
      <trkpt lat="42.972507476806641" lon="-1.676487922668457">
        <ele>539.25999999999999</ele>
      </trkpt>
      <trkpt lat="42.972564809024334" lon="-1.676494963467121">
        <ele>539.51999999999998</ele>
      </trkpt>
      <trkpt lat="42.972744181752205" lon="-1.676517007872462">
        <ele>540.05999999999995</ele>
      </trkpt>
      <trkpt lat="42.972923470661044" lon="-1.676539052277803">
        <ele>540.46000000000004</ele>
      </trkpt>
      <trkpt lat="42.973102843388915" lon="-1.676561012864113">
        <ele>540.82000000000005</ele>
      </trkpt>
      <trkpt lat="42.973282216116786" lon="-1.676583057269454">
        <ele>541.27999999999997</ele>
      </trkpt>
      <trkpt lat="42.973461505025625" lon="-1.676605101674795">
        <ele>541.71000000000004</ele>
      </trkpt>
      <trkpt lat="42.973640877753496" lon="-1.676627146080136">
        <ele>542.21000000000004</ele>
      </trkpt>
      <trkpt lat="42.973820250481367" lon="-1.676649106666446">
        <ele>542.89999999999998</ele>
      </trkpt>
      <trkpt lat="42.973999623209238" lon="-1.676671151071787">
        <ele>543.54999999999995</ele>
      </trkpt>
      <trkpt lat="42.974178912118077" lon="-1.676693195477128">
        <ele>544.37</ele>
      </trkpt>
      <trkpt lat="42.974358284845948" lon="-1.676715239882469">
        <ele>545.50999999999999</ele>
      </trkpt>
      <trkpt lat="42.974537657573819" lon="-1.676737200468779">
        <ele>546.63999999999999</ele>
      </trkpt>
      <trkpt lat="42.974716946482658" lon="-1.67675924487412">
        <ele>547.80999999999995</ele>
      </trkpt>
      <trkpt lat="42.974896319210529" lon="-1.676781289279461">
        <ele>548.80999999999995</ele>
      </trkpt>
      <trkpt lat="42.974953651428223" lon="-1.676788330078125">
        <ele>549.15999999999997</ele>
      </trkpt>
      <trkpt lat="42.974988268688321" lon="-1.676790090277791">
        <ele>549.23000000000002</ele>
      </trkpt>
      <trkpt lat="42.975168228149414" lon="-1.676799058914185">
        <ele>549.61000000000001</ele>
      </trkpt>
      <trkpt lat="42.975348187610507" lon="-1.676808027550578">
        <ele>550.16999999999996</ele>
      </trkpt>
      <trkpt lat="42.975382804870605" lon="-1.676809787750244">
        <ele>550.17999999999995</ele>
      </trkpt>
      <trkpt lat="42.975428067147732" lon="-1.676809787750244">
        <ele>550.34000000000003</ele>
      </trkpt>
      <trkpt lat="42.975608110427856" lon="-1.676809787750244">
        <ele>550.88999999999999</ele>
      </trkpt>
      <trkpt lat="42.975788153707981" lon="-1.676809787750244">
        <ele>551.20000000000005</ele>
      </trkpt>
      <trkpt lat="42.975833415985107" lon="-1.676809787750244">
        <ele>551.26999999999998</ele>
      </trkpt>
      <trkpt lat="42.975833499804139" lon="-1.676809787750244">
        <ele>551.26999999999998</ele>
      </trkpt>
      <trkpt lat="42.976013207808137" lon="-1.676793694496155">
        <ele>551.34000000000003</ele>
      </trkpt>
      <trkpt lat="42.976192831993103" lon="-1.676777601242065">
        <ele>551.37</ele>
      </trkpt>
      <trkpt lat="42.976372539997101" lon="-1.676761507987976">
        <ele>551.33000000000004</ele>
      </trkpt>
      <trkpt lat="42.976552248001099" lon="-1.676745414733887">
        <ele>551.25999999999999</ele>
      </trkpt>
      <trkpt lat="42.976731956005096" lon="-1.676729321479797">
        <ele>551.22000000000003</ele>
      </trkpt>
      <trkpt lat="42.976911664009094" lon="-1.676713228225708">
        <ele>551.09000000000003</ele>
      </trkpt>
      <trkpt lat="42.97709128819406" lon="-1.676697134971619">
        <ele>550.72000000000003</ele>
      </trkpt>
      <trkpt lat="42.977270996198058" lon="-1.676681041717529">
        <ele>550.55999999999995</ele>
      </trkpt>
      <trkpt lat="42.97727108001709" lon="-1.676681041717529">
        <ele>550.55999999999995</ele>
      </trkpt>
      <trkpt lat="42.977288346737623" lon="-1.676681041717529">
        <ele>550.59000000000003</ele>
      </trkpt>
      <trkpt lat="42.977468390017748" lon="-1.676681041717529">
        <ele>550.33000000000004</ele>
      </trkpt>
      <trkpt lat="42.977485656738281" lon="-1.676681041717529">
        <ele>550.33000000000004</ele>
      </trkpt>
      <trkpt lat="42.97750317491591" lon="-1.676682801917195">
        <ele>550.30999999999995</ele>
      </trkpt>
      <trkpt lat="42.977682715281844" lon="-1.676700739189982">
        <ele>550.22000000000003</ele>
      </trkpt>
      <trkpt lat="42.977700233459473" lon="-1.676702499389648">
        <ele>550.22000000000003</ele>
      </trkpt>
      <trkpt lat="42.977764522656798" lon="-1.676730075851083">
        <ele>550.10000000000002</ele>
      </trkpt>
      <trkpt lat="42.977936351671815" lon="-1.676803668960929">
        <ele>550.37</ele>
      </trkpt>
      <trkpt lat="42.978000640869141" lon="-1.676831245422363">
        <ele>550.46000000000004</ele>
      </trkpt>
      <trkpt lat="42.978075658902526" lon="-1.676873657852411">
        <ele>550.61000000000001</ele>
      </trkpt>
      <trkpt lat="42.978241955861449" lon="-1.676967618986964">
        <ele>550.98000000000002</ele>
      </trkpt>
      <trkpt lat="42.978408252820373" lon="-1.677061663940549">
        <ele>551.34000000000003</ele>
      </trkpt>
      <trkpt lat="42.978574633598328" lon="-1.677155625075102">
        <ele>551.71000000000004</ele>
      </trkpt>
      <trkpt lat="42.978740930557251" lon="-1.677249670028687">
        <ele>551.88999999999999</ele>
      </trkpt>
      <trkpt lat="42.978907227516174" lon="-1.677343714982271">
        <ele>552.02999999999997</ele>
      </trkpt>
      <trkpt lat="42.979073608294129" lon="-1.677437676116824">
        <ele>551.95000000000005</ele>
      </trkpt>
      <trkpt lat="42.979239905253053" lon="-1.677531721070409">
        <ele>552.05999999999995</ele>
      </trkpt>
      <trkpt lat="42.979406202211976" lon="-1.677625682204962">
        <ele>552.13</ele>
      </trkpt>
      <trkpt lat="42.979481220245361" lon="-1.67766809463501">
        <ele>552.11000000000001</ele>
      </trkpt>
      <trkpt lat="42.979522040113807" lon="-1.677701538428664">
        <ele>552.13</ele>
      </trkpt>
      <trkpt lat="42.979676434770226" lon="-1.677827769890428">
        <ele>552.30999999999995</ele>
      </trkpt>
      <trkpt lat="42.979717254638672" lon="-1.677861213684082">
        <ele>552.50999999999999</ele>
      </trkpt>
      <trkpt lat="42.979754470288754" lon="-1.677902201190591">
        <ele>552.59000000000003</ele>
      </trkpt>
      <trkpt lat="42.979894615709782" lon="-1.678056260570884">
        <ele>552.89999999999998</ele>
      </trkpt>
      <trkpt lat="42.979931831359863" lon="-1.678097248077393">
        <ele>552.92999999999995</ele>
      </trkpt>
      <trkpt lat="42.979996204376221" lon="-1.67816162109375">
        <ele>553.16999999999996</ele>
      </trkpt>
      <trkpt lat="42.980050267651677" lon="-1.678211158141494">
        <ele>553.44000000000005</ele>
      </trkpt>
      <trkpt lat="42.980199633166194" lon="-1.678348118439317">
        <ele>554.02999999999997</ele>
      </trkpt>
      <trkpt lat="42.98025369644165" lon="-1.678397655487061">
        <ele>554.25999999999999</ele>
      </trkpt>
      <trkpt lat="42.980318069458008" lon="-1.678440570831299">
        <ele>554.58000000000004</ele>
      </trkpt>
      <trkpt lat="42.980319410562515" lon="-1.678441241383553">
        <ele>554.58000000000004</ele>
      </trkpt>
      <trkpt lat="42.980488389730453" lon="-1.678525730967522">
        <ele>555.30999999999995</ele>
      </trkpt>
      <trkpt lat="42.980489730834961" lon="-1.678526401519775">
        <ele>555.30999999999995</ele>
      </trkpt>
      <trkpt lat="42.980618476867676" lon="-1.678547859191895">
        <ele>555.75999999999999</ele>
      </trkpt>
      <trkpt lat="42.98076868057251" lon="-1.678526401519775">
        <ele>556.04999999999995</ele>
      </trkpt>
      <trkpt lat="42.980819055810571" lon="-1.678509637713432">
        <ele>555.97000000000003</ele>
      </trkpt>
      <trkpt lat="42.980993986129761" lon="-1.678451299667358">
        <ele>555.50999999999999</ele>
      </trkpt>
      <trkpt lat="42.981168916448951" lon="-1.678392961621285">
        <ele>554.95000000000005</ele>
      </trkpt>
      <trkpt lat="42.981219291687012" lon="-1.678376197814941">
        <ele>554.82000000000005</ele>
      </trkpt>
      <trkpt lat="42.98122700303793" lon="-1.678374521434307">
        <ele>554.82000000000005</ele>
      </trkpt>
      <trkpt lat="42.981404699385166" lon="-1.678334958851337">
        <ele>554.55999999999995</ele>
      </trkpt>
      <trkpt lat="42.981412410736084" lon="-1.678333282470703">
        <ele>554.66999999999996</ele>
      </trkpt>
      <trkpt lat="42.981562614440918" lon="-1.678333282470703">
        <ele>554.5</ele>
      </trkpt>
      <trkpt lat="42.981569403782487" lon="-1.678334036841989">
        <ele>554.5</ele>
      </trkpt>
      <trkpt lat="42.981748944148421" lon="-1.678353985771537">
        <ele>554.26999999999998</ele>
      </trkpt>
      <trkpt lat="42.98175573348999" lon="-1.678354740142822">
        <ele>554.25</ele>
      </trkpt>
      <trkpt lat="42.981776604428887" lon="-1.678363122045994">
        <ele>554.26999999999998</ele>
      </trkpt>
      <trkpt lat="42.981949439272285" lon="-1.678432188928127">
        <ele>553.87</ele>
      </trkpt>
      <trkpt lat="42.981970310211182" lon="-1.678440570831299">
        <ele>553.85000000000002</ele>
      </trkpt>
      <trkpt lat="42.982031581923366" lon="-1.67847191914916">
        <ele>553.74000000000001</ele>
      </trkpt>
      <trkpt lat="42.982200225815177" lon="-1.678558085113764">
        <ele>553.59000000000003</ele>
      </trkpt>
      <trkpt lat="42.982368785887957" lon="-1.678644251078367">
        <ele>553.37</ele>
      </trkpt>
      <trkpt lat="42.982537429779768" lon="-1.678730417042971">
        <ele>552.80999999999995</ele>
      </trkpt>
      <trkpt lat="42.982705989852548" lon="-1.678816583007574">
        <ele>552.37</ele>
      </trkpt>
      <trkpt lat="42.982874633744359" lon="-1.678902748972178">
        <ele>552.15999999999997</ele>
      </trkpt>
      <trkpt lat="42.982935905456543" lon="-1.678934097290039">
        <ele>552.11000000000001</ele>
      </trkpt>
      <trkpt lat="42.982946885749698" lon="-1.678938958793879">
        <ele>552.17999999999995</ele>
      </trkpt>
      <trkpt lat="42.983118044212461" lon="-1.679015066474676">
        <ele>552.05999999999995</ele>
      </trkpt>
      <trkpt lat="42.983129024505615" lon="-1.679019927978516">
        <ele>552.05999999999995</ele>
      </trkpt>
      <trkpt lat="42.983300685882568" lon="-1.679041385650635">
        <ele>552.00999999999999</ele>
      </trkpt>
      <trkpt lat="42.983472347259521" lon="-1.679019927978516">
        <ele>551.89999999999998</ele>
      </trkpt>
      <trkpt lat="42.983558177947998" lon="-1.678977012634277">
        <ele>551.90999999999997</ele>
      </trkpt>
      <trkpt lat="42.983644008636475" lon="-1.67891263961792">
        <ele>551.84000000000003</ele>
      </trkpt>
      <trkpt lat="42.983665131032467" lon="-1.678893864154816">
        <ele>551.76999999999998</ele>
      </trkpt>
      <trkpt lat="42.983816005289555" lon="-1.678759753704071">
        <ele>551.65999999999997</ele>
      </trkpt>
      <trkpt lat="42.983837127685547" lon="-1.678740978240967">
        <ele>551.55999999999995</ele>
      </trkpt>
      <trkpt lat="42.983902087435126" lon="-1.67868104763329">
        <ele>551.27999999999997</ele>
      </trkpt>
      <trkpt lat="42.984051117673516" lon="-1.678543416783214">
        <ele>550.58000000000004</ele>
      </trkpt>
      <trkpt lat="42.984116077423096" lon="-1.678483486175537">
        <ele>550.29999999999995</ele>
      </trkpt>
      <trkpt lat="42.984143318608403" lon="-1.678464459255338">
        <ele>550.29999999999995</ele>
      </trkpt>
      <trkpt lat="42.98430341295898" lon="-1.678352309390903">
        <ele>550.01999999999998</ele>
      </trkpt>
      <trkpt lat="42.984330654144287" lon="-1.678333282470703">
        <ele>549.99000000000001</ele>
      </trkpt>
      <trkpt lat="42.98450231552124" lon="-1.678268909454346">
        <ele>549.54999999999995</ele>
      </trkpt>
      <trkpt lat="42.984576160088181" lon="-1.678252313286066">
        <ele>549.32000000000005</ele>
      </trkpt>
      <trkpt lat="42.984753772616386" lon="-1.678212331607938">
        <ele>548.63999999999999</ele>
      </trkpt>
      <trkpt lat="42.984931468963623" lon="-1.67817234992981">
        <ele>548.10000000000002</ele>
      </trkpt>
      <trkpt lat="42.98510916531086" lon="-1.678132368251681">
        <ele>547.59000000000003</ele>
      </trkpt>
      <trkpt lat="42.985286777839065" lon="-1.678092386573553">
        <ele>547.07000000000005</ele>
      </trkpt>
      <trkpt lat="42.985360622406006" lon="-1.678075790405273">
        <ele>546.79999999999995</ele>
      </trkpt>
      <trkpt lat="42.98551082611084" lon="-1.678075790405273">
        <ele>546.10000000000002</ele>
      </trkpt>
      <trkpt lat="42.985639572143555" lon="-1.678118705749512">
        <ele>545.61000000000001</ele>
      </trkpt>
      <trkpt lat="42.98574686050415" lon="-1.678183078765869">
        <ele>545.37</ele>
      </trkpt>
      <trkpt lat="42.985820872709155" lon="-1.678246529772878">
        <ele>545.25</ele>
      </trkpt>
      <trkpt lat="42.985973255708814" lon="-1.67837711982429">
        <ele>545.19000000000005</ele>
      </trkpt>
      <trkpt lat="42.986047267913818" lon="-1.678440570831299">
        <ele>545.08000000000004</ele>
      </trkpt>
      <trkpt lat="42.986197471618652" lon="-1.678504943847656">
        <ele>544.91999999999996</ele>
      </trkpt>
      <trkpt lat="42.986347675323486" lon="-1.678526401519775">
        <ele>544.82000000000005</ele>
      </trkpt>
      <trkpt lat="42.986476421356201" lon="-1.678504943847656">
        <ele>544.64999999999998</ele>
      </trkpt>
      <trkpt lat="42.986494610086083" lon="-1.678501339629293">
        <ele>544.61000000000001</ele>
      </trkpt>
      <trkpt lat="42.98667280934751" lon="-1.678465632721782">
        <ele>544.42999999999995</ele>
      </trkpt>
      <trkpt lat="42.986690998077393" lon="-1.678462028503418">
        <ele>544.40999999999997</ele>
      </trkpt>
      <trkpt lat="42.986732320860028" lon="-1.678448282182217">
        <ele>544.39999999999998</ele>
      </trkpt>
      <trkpt lat="42.986907167360187" lon="-1.678389944136143">
        <ele>544.29999999999995</ele>
      </trkpt>
      <trkpt lat="42.986948490142822" lon="-1.678376197814941">
        <ele>544.25</ele>
      </trkpt>
      <trkpt lat="42.98697573132813" lon="-1.678357170894742">
        <ele>544.13999999999999</ele>
      </trkpt>
      <trkpt lat="42.987135825678706" lon="-1.678245021030307">
        <ele>543.98000000000002</ele>
      </trkpt>
      <trkpt lat="42.987163066864014" lon="-1.678225994110107">
        <ele>543.97000000000003</ele>
      </trkpt>
      <trkpt lat="42.987185614183545" lon="-1.678210068494082">
        <ele>543.98000000000002</ele>
      </trkpt>
      <trkpt lat="42.987345457077026" lon="-1.678097248077393">
        <ele>543.54999999999995</ele>
      </trkpt>
      <trkpt lat="42.987505299970508" lon="-1.677984427660704">
        <ele>543.00999999999999</ele>
      </trkpt>
      <trkpt lat="42.987527847290039" lon="-1.677968502044678">
        <ele>543</ele>
      </trkpt>
      <trkpt lat="42.98754352144897" lon="-1.677958024665713">
        <ele>542.84000000000003</ele>
      </trkpt>
      <trkpt lat="42.987705292180181" lon="-1.677850233390927">
        <ele>542.19000000000005</ele>
      </trkpt>
      <trkpt lat="42.987720966339111" lon="-1.677839756011963">
        <ele>542.10000000000002</ele>
      </trkpt>
      <trkpt lat="42.987725911661983" lon="-1.677836989983916">
        <ele>542.10000000000002</ele>
      </trkpt>
      <trkpt lat="42.987892711535096" lon="-1.677744537591934">
        <ele>541.21000000000004</ele>
      </trkpt>
      <trkpt lat="42.98805951140821" lon="-1.677652085199952">
        <ele>540.30999999999995</ele>
      </trkpt>
      <trkpt lat="42.988226311281323" lon="-1.67755963280797">
        <ele>539.60000000000002</ele>
      </trkpt>
      <trkpt lat="42.988393111154437" lon="-1.677467096596956">
        <ele>538.97000000000003</ele>
      </trkpt>
      <trkpt lat="42.988559911027551" lon="-1.677374644204974">
        <ele>538.50999999999999</ele>
      </trkpt>
      <trkpt lat="42.988726627081633" lon="-1.677282191812992">
        <ele>538.13</ele>
      </trkpt>
      <trkpt lat="42.988893426954746" lon="-1.67718973942101">
        <ele>537.71000000000004</ele>
      </trkpt>
      <trkpt lat="42.98906022682786" lon="-1.677097287029028">
        <ele>537.25999999999999</ele>
      </trkpt>
      <trkpt lat="42.989227026700974" lon="-1.677004750818014">
        <ele>536.77999999999997</ele>
      </trkpt>
      <trkpt lat="42.989393826574087" lon="-1.676912298426032">
        <ele>536.42999999999995</ele>
      </trkpt>
      <trkpt lat="42.989560626447201" lon="-1.67681984603405">
        <ele>536.32000000000005</ele>
      </trkpt>
      <trkpt lat="42.989565571770072" lon="-1.676817080006003">
        <ele>536.32000000000005</ele>
      </trkpt>
      <trkpt lat="42.989629777148366" lon="-1.676781456917524">
        <ele>536.29999999999995</ele>
      </trkpt>
      <trkpt lat="42.98979657702148" lon="-1.676689004525542">
        <ele>536.25999999999999</ele>
      </trkpt>
      <trkpt lat="42.989963376894593" lon="-1.67659655213356">
        <ele>536.41999999999996</ele>
      </trkpt>
      <trkpt lat="42.990130176767707" lon="-1.676504099741578">
        <ele>536.74000000000001</ele>
      </trkpt>
      <trkpt lat="42.990296976640821" lon="-1.676411647349596">
        <ele>537</ele>
      </trkpt>
      <trkpt lat="42.990463776513934" lon="-1.676319111138582">
        <ele>537.13999999999999</ele>
      </trkpt>
      <trkpt lat="42.990630576387048" lon="-1.6762266587466">
        <ele>537.22000000000003</ele>
      </trkpt>
      <trkpt lat="42.99079729244113" lon="-1.676134206354618">
        <ele>537.36000000000001</ele>
      </trkpt>
      <trkpt lat="42.990964092314243" lon="-1.676041753962636">
        <ele>537.44000000000005</ele>
      </trkpt>
      <trkpt lat="42.991130892187357" lon="-1.675949301570654">
        <ele>537.60000000000002</ele>
      </trkpt>
      <trkpt lat="42.991297692060471" lon="-1.67585676535964">
        <ele>537.70000000000005</ele>
      </trkpt>
      <trkpt lat="42.991464491933584" lon="-1.675764312967658">
        <ele>537.80999999999995</ele>
      </trkpt>
      <trkpt lat="42.991631291806698" lon="-1.675671860575676">
        <ele>537.94000000000005</ele>
      </trkpt>
      <trkpt lat="42.991798091679811" lon="-1.675579408183694">
        <ele>538.00999999999999</ele>
      </trkpt>
      <trkpt lat="42.991862297058105" lon="-1.675543785095215">
        <ele>538.07000000000005</ele>
      </trkpt>
      <trkpt lat="42.991923987865448" lon="-1.675509503111243">
        <ele>538.08000000000004</ele>
      </trkpt>
      <trkpt lat="42.99209070391953" lon="-1.675416883081198">
        <ele>538.21000000000004</ele>
      </trkpt>
      <trkpt lat="42.992257503792644" lon="-1.675324263051152">
        <ele>538.54999999999995</ele>
      </trkpt>
      <trkpt lat="42.992424219846725" lon="-1.675231643021107">
        <ele>538.90999999999997</ele>
      </trkpt>
      <trkpt lat="42.992590935900807" lon="-1.67513893917203">
        <ele>539.23000000000002</ele>
      </trkpt>
      <trkpt lat="42.992757735773921" lon="-1.675046319141984">
        <ele>540.11000000000001</ele>
      </trkpt>
      <trkpt lat="42.992924451828003" lon="-1.674953699111939">
        <ele>541.10000000000002</ele>
      </trkpt>
      <trkpt lat="42.993091167882085" lon="-1.674861079081893">
        <ele>542.13</ele>
      </trkpt>
      <trkpt lat="42.993257967755198" lon="-1.674768459051848">
        <ele>543.14999999999998</ele>
      </trkpt>
      <trkpt lat="42.99342468380928" lon="-1.674675839021802">
        <ele>543.95000000000005</ele>
      </trkpt>
      <trkpt lat="42.993591399863362" lon="-1.674583135172725">
        <ele>544</ele>
      </trkpt>
      <trkpt lat="42.993758199736476" lon="-1.674490515142679">
        <ele>543.88999999999999</ele>
      </trkpt>
      <trkpt lat="42.993924915790558" lon="-1.674397895112634">
        <ele>543.83000000000004</ele>
      </trkpt>
      <trkpt lat="42.9939866065979" lon="-1.674363613128662">
        <ele>543.84000000000003</ele>
      </trkpt>
      <trkpt lat="42.994022481143475" lon="-1.674344753846526">
        <ele>543.88999999999999</ele>
      </trkpt>
      <trkpt lat="42.994190454483032" lon="-1.674256324768066">
        <ele>543.75</ele>
      </trkpt>
      <trkpt lat="42.99435842782259" lon="-1.674167895689607">
        <ele>543.46000000000004</ele>
      </trkpt>
      <trkpt lat="42.994394302368164" lon="-1.674149036407471">
        <ele>543.38999999999999</ele>
      </trkpt>
      <trkpt lat="42.994468817487359" lon="-1.67411919683218">
        <ele>543.27999999999997</ele>
      </trkpt>
      <trkpt lat="42.994641652330756" lon="-1.674050129950047">
        <ele>542.90999999999997</ele>
      </trkpt>
      <trkpt lat="42.994716167449951" lon="-1.674020290374756">
        <ele>542.72000000000003</ele>
      </trkpt>
      <trkpt lat="42.994844913482666" lon="-1.673977375030518">
        <ele>542.34000000000003</ele>
      </trkpt>
      <trkpt lat="42.994858073070645" lon="-1.673976620659232">
        <ele>542.26999999999998</ele>
      </trkpt>
      <trkpt lat="42.995038032531738" lon="-1.673966646194458">
        <ele>541.64999999999998</ele>
      </trkpt>
      <trkpt lat="42.995217991992831" lon="-1.673956671729684">
        <ele>540.91999999999996</ele>
      </trkpt>
      <trkpt lat="42.995231151580811" lon="-1.673955917358398">
        <ele>540.87</ele>
      </trkpt>
      <trkpt lat="42.995298290625215" lon="-1.673956923186779">
        <ele>540.69000000000005</ele>
      </trkpt>
      <trkpt lat="42.995478333905339" lon="-1.673959689214826">
        <ele>540.21000000000004</ele>
      </trkpt>
      <trkpt lat="42.995658461004496" lon="-1.673962455242872">
        <ele>539.84000000000003</ele>
      </trkpt>
      <trkpt lat="42.99583850428462" lon="-1.673965221270919">
        <ele>539.5</ele>
      </trkpt>
      <trkpt lat="42.996018547564745" lon="-1.673968071117997">
        <ele>539.21000000000004</ele>
      </trkpt>
      <trkpt lat="42.99619859084487" lon="-1.673970837146044">
        <ele>539.12</ele>
      </trkpt>
      <trkpt lat="42.996378717944026" lon="-1.67397360317409">
        <ele>539.36000000000001</ele>
      </trkpt>
      <trkpt lat="42.996558761224151" lon="-1.673976369202137">
        <ele>535.88999999999999</ele>
      </trkpt>
      <trkpt lat="42.996625900268555" lon="-1.673977375030518">
        <ele>539.51999999999998</ele>
      </trkpt>
      <trkpt lat="42.996650040149689" lon="-1.673977710306644">
        <ele>539.51999999999998</ele>
      </trkpt>
      <trkpt lat="42.996830167248845" lon="-1.673980392515659">
        <ele>539.48000000000002</ele>
      </trkpt>
      <trkpt lat="42.99701021052897" lon="-1.673983074724674">
        <ele>539.48000000000002</ele>
      </trkpt>
      <trkpt lat="42.997034350410104" lon="-1.673983410000801">
        <ele>539.50999999999999</ele>
      </trkpt>
      <trkpt lat="42.997120264917612" lon="-1.673984667286277">
        <ele>539.52999999999997</ele>
      </trkpt>
      <trkpt lat="42.997300308197737" lon="-1.67398726567626">
        <ele>539.72000000000003</ele>
      </trkpt>
      <trkpt lat="42.997480351477861" lon="-1.673989864066243">
        <ele>540.13999999999999</ele>
      </trkpt>
      <trkpt lat="42.997660478577018" lon="-1.673992378637195">
        <ele>540.96000000000004</ele>
      </trkpt>
      <trkpt lat="42.997840521857142" lon="-1.673994977027178">
        <ele>541.88999999999999</ele>
      </trkpt>
      <trkpt lat="42.998020565137267" lon="-1.673997575417161">
        <ele>542.86000000000001</ele>
      </trkpt>
      <trkpt lat="42.998106479644775" lon="-1.673998832702637">
        <ele>543.22000000000003</ele>
      </trkpt>
      <trkpt lat="42.998158279806376" lon="-1.673997072502971">
        <ele>543.50999999999999</ele>
      </trkpt>
      <trkpt lat="42.9983383230865" lon="-1.673991121351719">
        <ele>544.69000000000005</ele>
      </trkpt>
      <trkpt lat="42.998518366366625" lon="-1.673985086381435">
        <ele>545.73000000000002</ele>
      </trkpt>
      <trkpt lat="42.998698409646749" lon="-1.673979135230184">
        <ele>546.75999999999999</ele>
      </trkpt>
      <trkpt lat="42.99875020980835" lon="-1.673977375030518">
        <ele>547.00999999999999</ele>
      </trkpt>
      <trkpt lat="42.998878955841064" lon="-1.673955917358398">
        <ele>547.52999999999997</ele>
      </trkpt>
      <trkpt lat="42.999007701873779" lon="-1.67391300201416">
        <ele>547.84000000000003</ele>
      </trkpt>
      <trkpt lat="42.999020861461759" lon="-1.673905709758401">
        <ele>547.88999999999999</ele>
      </trkpt>
      <trkpt lat="42.999187661334872" lon="-1.673813005909324">
        <ele>548.46000000000004</ele>
      </trkpt>
      <trkpt lat="42.999200820922852" lon="-1.673805713653565">
        <ele>548.48000000000002</ele>
      </trkpt>
      <trkpt lat="42.999286651611328" lon="-1.673741340637207">
        <ele>548.52999999999997</ele>
      </trkpt>
      <trkpt lat="42.999319424852729" lon="-1.673704460263252">
        <ele>548.59000000000003</ele>
      </trkpt>
      <trkpt lat="42.999458312988281" lon="-1.673548221588135">
        <ele>548.75</ele>
      </trkpt>
      <trkpt lat="42.999597201123834" lon="-1.673391982913017">
        <ele>548.83000000000004</ele>
      </trkpt>
      <trkpt lat="42.999629974365234" lon="-1.673355102539063">
        <ele>548.86000000000001</ele>
      </trkpt>
      <trkpt lat="42.999715805053711" lon="-1.673269271850586">
        <ele>548.91999999999996</ele>
      </trkpt>
      <trkpt lat="42.999844551086426" lon="-1.673140525817871">
        <ele>549.02999999999997</ele>
      </trkpt>
      <trkpt lat="42.999900877475739" lon="-1.673074811697006">
        <ele>549.04999999999995</ele>
      </trkpt>
      <trkpt lat="43.000037670135498" lon="-1.67291522026062">
        <ele>548.85000000000002</ele>
      </trkpt>
      <trkpt lat="43.000174462795258" lon="-1.672755628824234">
        <ele>548.32000000000005</ele>
      </trkpt>
      <trkpt lat="43.00023078918457" lon="-1.672689914703369">
        <ele>547.98000000000002</ele>
      </trkpt>
      <trkpt lat="43.000273117795587" lon="-1.672652279958129">
        <ele>547.75</ele>
      </trkpt>
      <trkpt lat="43.000423908233643" lon="-1.672518253326416">
        <ele>547.08000000000004</ele>
      </trkpt>
      <trkpt lat="43.000574698671699" lon="-1.672384226694703">
        <ele>546.47000000000003</ele>
      </trkpt>
      <trkpt lat="43.000617027282715" lon="-1.672346591949463">
        <ele>546.23000000000002</ele>
      </trkpt>
      <trkpt lat="43.000681400299072" lon="-1.672260761260986">
        <ele>545.88999999999999</ele>
      </trkpt>
      <trkpt lat="43.000688776373863" lon="-1.672248439863324">
        <ele>545.80999999999995</ele>
      </trkpt>
      <trkpt lat="43.000802770256996" lon="-1.672058505937457">
        <ele>545.24000000000001</ele>
      </trkpt>
      <trkpt lat="43.000810146331787" lon="-1.672046184539795">
        <ele>545.19000000000005</ele>
      </trkpt>
      <trkpt lat="43.000818276777864" lon="-1.672019865363836">
        <ele>545.13999999999999</ele>
      </trkpt>
      <trkpt lat="43.000887846574187" lon="-1.671793553978205">
        <ele>544.65999999999997</ele>
      </trkpt>
      <trkpt lat="43.000895977020264" lon="-1.671767234802246">
        <ele>544.59000000000003</ele>
      </trkpt>
      <trkpt lat="43.00090067088604" lon="-1.671738233417273">
        <ele>544.61000000000001</ele>
      </trkpt>
      <trkpt lat="43.000939730554819" lon="-1.67149867862463">
        <ele>544.12</ele>
      </trkpt>
      <trkpt lat="43.000978790223598" lon="-1.671259207651019">
        <ele>543.70000000000005</ele>
      </trkpt>
      <trkpt lat="43.001017849892378" lon="-1.671019652858377">
        <ele>543.50999999999999</ele>
      </trkpt>
      <trkpt lat="43.001056909561157" lon="-1.670780181884766">
        <ele>543.44000000000005</ele>
      </trkpt>
      <trkpt lat="43.001095969229937" lon="-1.670540710911155">
        <ele>543.41999999999996</ele>
      </trkpt>
      <trkpt lat="43.001135028898716" lon="-1.670301156118512">
        <ele>543.44000000000005</ele>
      </trkpt>
      <trkpt lat="43.001174088567495" lon="-1.670061685144901">
        <ele>543.53999999999996</ele>
      </trkpt>
      <trkpt lat="43.001213148236275" lon="-1.669822130352259">
        <ele>543.67999999999995</ele>
      </trkpt>
      <trkpt lat="43.001217842102051" lon="-1.669793128967285">
        <ele>543.67999999999995</ele>
      </trkpt>
      <trkpt lat="43.00123929977417" lon="-1.66966438293457">
        <ele>543.82000000000005</ele>
      </trkpt>
      <trkpt lat="43.001217842102051" lon="-1.669492721557617">
        <ele>543.10000000000002</ele>
      </trkpt>
      <trkpt lat="43.001212729141116" lon="-1.669450979679823">
        <ele>542.37</ele>
      </trkpt>
      <trkpt lat="43.001183141022921" lon="-1.669208994135261">
        <ele>543.86000000000001</ele>
      </trkpt>
      <trkpt lat="43.001153469085693" lon="-1.668967008590698">
        <ele>543.80999999999995</ele>
      </trkpt>
      <trkpt lat="43.001123797148466" lon="-1.668725023046136">
        <ele>544.02999999999997</ele>
      </trkpt>
      <trkpt lat="43.001094209030271" lon="-1.668483037501574">
        <ele>544.30999999999995</ele>
      </trkpt>
      <trkpt lat="43.001089096069336" lon="-1.668441295623779">
        <ele>544.35000000000002</ele>
      </trkpt>
      <trkpt lat="43.001088844612241" lon="-1.668438194319606">
        <ele>544.39999999999998</ele>
      </trkpt>
      <trkpt lat="43.001067638397217" lon="-1.668194532394409">
        <ele>544.63999999999999</ele>
      </trkpt>
      <trkpt lat="43.001046432182193" lon="-1.667950870469213">
        <ele>544.88999999999999</ele>
      </trkpt>
      <trkpt lat="43.001046180725098" lon="-1.667947769165039">
        <ele>544.90999999999997</ele>
      </trkpt>
      <trkpt lat="43.001046180725098" lon="-1.66793561540544">
        <ele>544.90999999999997</ele>
      </trkpt>
      <trkpt lat="43.001046180725098" lon="-1.667690277099609">
        <ele>545.12</ele>
      </trkpt>
      <trkpt lat="43.001046180725098" lon="-1.667444938793778">
        <ele>545.45000000000005</ele>
      </trkpt>
      <trkpt lat="43.001046180725098" lon="-1.66743278503418">
        <ele>545.42999999999995</ele>
      </trkpt>
      <trkpt lat="43.001048443838954" lon="-1.66737562045455">
        <ele>545.51999999999998</ele>
      </trkpt>
      <trkpt lat="43.00105799920857" lon="-1.667130617424846">
        <ele>545.71000000000004</ele>
      </trkpt>
      <trkpt lat="43.001067638397217" lon="-1.666885614395142">
        <ele>545.91999999999996</ele>
      </trkpt>
      <trkpt lat="43.001077277585864" lon="-1.666640611365438">
        <ele>546.12</ele>
      </trkpt>
      <trkpt lat="43.00108683295548" lon="-1.666395608335733">
        <ele>546.30999999999995</ele>
      </trkpt>
      <trkpt lat="43.001089096069336" lon="-1.666338443756104">
        <ele>546.34000000000003</ele>
      </trkpt>
      <trkpt lat="43.001091694459319" lon="-1.666285302489996">
        <ele>546.41999999999996</ele>
      </trkpt>
      <trkpt lat="43.001103512942791" lon="-1.666040467098355">
        <ele>546.62</ele>
      </trkpt>
      <trkpt lat="43.001115331426263" lon="-1.665795631706715">
        <ele>546.78999999999996</ele>
      </trkpt>
      <trkpt lat="43.001127233728766" lon="-1.665550880134106">
        <ele>546.89999999999998</ele>
      </trkpt>
      <trkpt lat="43.001139052212238" lon="-1.665306044742465">
        <ele>546.96000000000004</ele>
      </trkpt>
      <trkpt lat="43.00115087069571" lon="-1.665061209350824">
        <ele>547.11000000000001</ele>
      </trkpt>
      <trkpt lat="43.001153469085693" lon="-1.665008068084717">
        <ele>547.13999999999999</ele>
      </trkpt>
      <trkpt lat="43.001157408580184" lon="-1.664950735867024">
        <ele>547.23000000000002</ele>
      </trkpt>
      <trkpt lat="43.001174088567495" lon="-1.664706403389573">
        <ele>547.33000000000004</ele>
      </trkpt>
      <trkpt lat="43.001190684735775" lon="-1.664462154731154">
        <ele>547.47000000000003</ele>
      </trkpt>
      <trkpt lat="43.001207364723086" lon="-1.664217822253704">
        <ele>547.63</ele>
      </trkpt>
      <trkpt lat="43.001211304217577" lon="-1.664160490036011">
        <ele>547.69000000000005</ele>
      </trkpt>
      <trkpt lat="43.001217842102051" lon="-1.664063930511475">
        <ele>547.77999999999997</ele>
      </trkpt>
      <trkpt lat="43.001218512654305" lon="-1.6640436463058">
        <ele>547.76999999999998</ele>
      </trkpt>
      <trkpt lat="43.001226810738444" lon="-1.663798559457064">
        <ele>547.95000000000005</ele>
      </trkpt>
      <trkpt lat="43.001235108822584" lon="-1.663553472608328">
        <ele>548.21000000000004</ele>
      </trkpt>
      <trkpt lat="43.001243490725756" lon="-1.663308385759592">
        <ele>548.40999999999997</ele>
      </trkpt>
      <trkpt lat="43.001251788809896" lon="-1.663063298910856">
        <ele>548.50999999999999</ele>
      </trkpt>
      <trkpt lat="43.001260086894035" lon="-1.66281821206212">
        <ele>548.50999999999999</ele>
      </trkpt>
      <trkpt lat="43.001260757446289" lon="-1.662797927856445">
        <ele>548.54999999999995</ele>
      </trkpt>
      <trkpt lat="43.001260757446289" lon="-1.662647724151611">
        <ele>548.52999999999997</ele>
      </trkpt>
      <trkpt lat="43.001265535131097" lon="-1.662542950361967">
        <ele>548.48000000000002</ele>
      </trkpt>
      <trkpt lat="43.001276683062315" lon="-1.662298114970326">
        <ele>548.48000000000002</ele>
      </trkpt>
      <trkpt lat="43.001287747174501" lon="-1.662053195759654">
        <ele>548.60000000000002</ele>
      </trkpt>
      <trkpt lat="43.00129889510572" lon="-1.661808360368013">
        <ele>548.60000000000002</ele>
      </trkpt>
      <trkpt lat="43.001303672790527" lon="-1.661703586578369">
        <ele>548.74000000000001</ele>
      </trkpt>
      <trkpt lat="43.001306522637606" lon="-1.66165622882545">
        <ele>548.75</ele>
      </trkpt>
      <trkpt lat="43.001321190968156" lon="-1.661411644890904">
        <ele>548.88999999999999</ele>
      </trkpt>
      <trkpt lat="43.001335859298706" lon="-1.661167144775391">
        <ele>548.95000000000005</ele>
      </trkpt>
      <trkpt lat="43.001350527629256" lon="-1.660922644659877">
        <ele>549.10000000000002</ele>
      </trkpt>
      <trkpt lat="43.001365195959806" lon="-1.660678060725331">
        <ele>549.23000000000002</ele>
      </trkpt>
      <trkpt lat="43.001368045806885" lon="-1.660630702972412">
        <ele>549.25</ele>
      </trkpt>
      <trkpt lat="43.001371985301375" lon="-1.660519978031516">
        <ele>549.30999999999995</ele>
      </trkpt>
      <trkpt lat="43.001380786299706" lon="-1.660274975001812">
        <ele>549.47000000000003</ele>
      </trkpt>
      <trkpt lat="43.001389503479004" lon="-1.660029888153076">
        <ele>549.61000000000001</ele>
      </trkpt>
      <trkpt lat="43.001398220658302" lon="-1.65978480130434">
        <ele>549.62</ele>
      </trkpt>
      <trkpt lat="43.001407021656632" lon="-1.659539798274636">
        <ele>549.85000000000002</ele>
      </trkpt>
      <trkpt lat="43.001410961151123" lon="-1.65942907333374">
        <ele>549.89999999999998</ele>
      </trkpt>
      <trkpt lat="43.001417582854629" lon="-1.659319521859288">
        <ele>550.09000000000003</ele>
      </trkpt>
      <trkpt lat="43.001432418823242" lon="-1.659075021743774">
        <ele>550.27999999999997</ele>
      </trkpt>
      <trkpt lat="43.001447254791856" lon="-1.658830521628261">
        <ele>550.44000000000005</ele>
      </trkpt>
      <trkpt lat="43.001453876495361" lon="-1.658720970153809">
        <ele>550.5</ele>
      </trkpt>
      <trkpt lat="43.001456558704376" lon="-1.658668080344796">
        <ele>550.53999999999996</ele>
      </trkpt>
      <trkpt lat="43.001468880102038" lon="-1.658423328772187">
        <ele>550.73000000000002</ele>
      </trkpt>
      <trkpt lat="43.001481201499701" lon="-1.658178577199578">
        <ele>550.94000000000005</ele>
      </trkpt>
      <trkpt lat="43.001493606716394" lon="-1.657933741807938">
        <ele>551.11000000000001</ele>
      </trkpt>
      <trkpt lat="43.001505928114057" lon="-1.657688990235329">
        <ele>551.30999999999995</ele>
      </trkpt>
      <trkpt lat="43.001518249511719" lon="-1.65744423866272">
        <ele>551.50999999999999</ele>
      </trkpt>
      <trkpt lat="43.001530570909381" lon="-1.657199487090111">
        <ele>551.71000000000004</ele>
      </trkpt>
      <trkpt lat="43.001542976126075" lon="-1.656954735517502">
        <ele>551.89999999999998</ele>
      </trkpt>
      <trkpt lat="43.001555297523737" lon="-1.656709900125861">
        <ele>552.05999999999995</ele>
      </trkpt>
      <trkpt lat="43.001567618921399" lon="-1.656465148553252">
        <ele>552.32000000000005</ele>
      </trkpt>
      <trkpt lat="43.001579940319061" lon="-1.656220396980643">
        <ele>552.66999999999996</ele>
      </trkpt>
      <trkpt lat="43.001582622528076" lon="-1.656167507171631">
        <ele>552.63999999999999</ele>
      </trkpt>
      <trkpt lat="43.001584215089679" lon="-1.65606189519167">
        <ele>552.74000000000001</ele>
      </trkpt>
      <trkpt lat="43.001587903127074" lon="-1.65581664070487">
        <ele>552.92999999999995</ele>
      </trkpt>
      <trkpt lat="43.001591507345438" lon="-1.655571302399039">
        <ele>553.14999999999998</ele>
      </trkpt>
      <trkpt lat="43.001595195382833" lon="-1.65532604791224">
        <ele>553.38</ele>
      </trkpt>
      <trkpt lat="43.001598883420229" lon="-1.655080709606409">
        <ele>553.50999999999999</ele>
      </trkpt>
      <trkpt lat="43.001602487638593" lon="-1.65483545511961">
        <ele>553.75999999999999</ele>
      </trkpt>
      <trkpt lat="43.001604080200195" lon="-1.654729843139648">
        <ele>553.85000000000002</ele>
      </trkpt>
      <trkpt lat="43.001604080200195" lon="-1.654662620276213">
        <ele>553.95000000000005</ele>
      </trkpt>
      <trkpt lat="43.001604080200195" lon="-1.654417281970382">
        <ele>554.16999999999996</ele>
      </trkpt>
      <trkpt lat="43.001604080200195" lon="-1.654171943664551">
        <ele>554.39999999999998</ele>
      </trkpt>
      <trkpt lat="43.001604080200195" lon="-1.65392660535872">
        <ele>554.63999999999999</ele>
      </trkpt>
      <trkpt lat="43.001604080200195" lon="-1.653681267052889">
        <ele>554.90999999999997</ele>
      </trkpt>
      <trkpt lat="43.001604080200195" lon="-1.653614044189453">
        <ele>554.96000000000004</ele>
      </trkpt>
      <trkpt lat="43.0016038287431" lon="-1.653595268726349">
        <ele>554.97000000000003</ele>
      </trkpt>
      <trkpt lat="43.001600056886673" lon="-1.653349930420518">
        <ele>555.13</ele>
      </trkpt>
      <trkpt lat="43.001596285030246" lon="-1.653104675933719">
        <ele>555.38999999999999</ele>
      </trkpt>
      <trkpt lat="43.00159259699285" lon="-1.652859337627888">
        <ele>555.67999999999995</ele>
      </trkpt>
      <trkpt lat="43.001588825136423" lon="-1.652614083141089">
        <ele>555.86000000000001</ele>
      </trkpt>
      <trkpt lat="43.001585137099028" lon="-1.652368744835258">
        <ele>556.11000000000001</ele>
      </trkpt>
      <trkpt lat="43.0015813652426" lon="-1.652123490348458">
        <ele>556.29999999999995</ele>
      </trkpt>
      <trkpt lat="43.001577593386173" lon="-1.651878152042627">
        <ele>556.51999999999998</ele>
      </trkpt>
      <trkpt lat="43.001577341929078" lon="-1.651859376579523">
        <ele>556.52999999999997</ele>
      </trkpt>
      <trkpt lat="43.001577174291015" lon="-1.651849569752812">
        <ele>556.52999999999997</ele>
      </trkpt>
      <trkpt lat="43.001573486253619" lon="-1.651604315266013">
        <ele>556.74000000000001</ele>
      </trkpt>
      <trkpt lat="43.001569714397192" lon="-1.651358976960182">
        <ele>557.05999999999995</ele>
      </trkpt>
      <trkpt lat="43.001566026359797" lon="-1.651113722473383">
        <ele>557.38</ele>
      </trkpt>
      <trkpt lat="43.001562254503369" lon="-1.650868384167552">
        <ele>557.66999999999996</ele>
      </trkpt>
      <trkpt lat="43.001558566465974" lon="-1.650623129680753">
        <ele>558.10000000000002</ele>
      </trkpt>
      <trkpt lat="43.001554794609547" lon="-1.650377875193954">
        <ele>558.57000000000005</ele>
      </trkpt>
      <trkpt lat="43.001551022753119" lon="-1.650132536888123">
        <ele>559.21000000000004</ele>
      </trkpt>
      <trkpt lat="43.001547334715724" lon="-1.649887282401323">
        <ele>560.19000000000005</ele>
      </trkpt>
      <trkpt lat="43.001543562859297" lon="-1.649641944095492">
        <ele>561.38999999999999</ele>
      </trkpt>
      <trkpt lat="43.001539874821901" lon="-1.649396689608693">
        <ele>562.63</ele>
      </trkpt>
      <trkpt lat="43.001539707183838" lon="-1.649386882781982">
        <ele>562.85000000000002</ele>
      </trkpt>
      <trkpt lat="43.001539707183838" lon="-1.649337932467461">
        <ele>563.08000000000004</ele>
      </trkpt>
      <trkpt lat="43.001539707183838" lon="-1.649092510342598">
        <ele>564.44000000000005</ele>
      </trkpt>
      <trkpt lat="43.001539707183838" lon="-1.649043560028076">
        <ele>564.66999999999996</ele>
      </trkpt>
      <trkpt lat="43.001538952812552" lon="-1.649014391005039">
        <ele>564.75999999999999</ele>
      </trkpt>
      <trkpt lat="43.001532331109047" lon="-1.648769220337272">
        <ele>566</ele>
      </trkpt>
      <trkpt lat="43.00152562558651" lon="-1.648523965850473">
        <ele>567.38</ele>
      </trkpt>
      <trkpt lat="43.001519003883004" lon="-1.648278795182705">
        <ele>568.41999999999996</ele>
      </trkpt>
      <trkpt lat="43.001518249511719" lon="-1.648249626159668">
        <ele>568.45000000000005</ele>
      </trkpt>
      <trkpt lat="43.001561164855957" lon="-1.648099422454834">
        <ele>568.59000000000003</ele>
      </trkpt>
      <trkpt lat="43.001668453216553" lon="-1.647992134094238">
        <ele>568.39999999999998</ele>
      </trkpt>
      <trkpt lat="43.001775741577148" lon="-1.647863388061523">
        <ele>567.88</ele>
      </trkpt>
      <trkpt lat="43.001788733527064" lon="-1.647844864055514">
        <ele>567.74000000000001</ele>
      </trkpt>
      <trkpt lat="43.001912953332067" lon="-1.647667335346341">
        <ele>566.74000000000001</ele>
      </trkpt>
      <trkpt lat="43.001925945281982" lon="-1.647648811340332">
        <ele>566.66999999999996</ele>
      </trkpt>
      <trkpt lat="43.00195125862956" lon="-1.647610841318965">
        <ele>566.42999999999995</ele>
      </trkpt>
      <trkpt lat="43.002072293311357" lon="-1.647429289296269">
        <ele>565.58000000000004</ele>
      </trkpt>
      <trkpt lat="43.002097606658936" lon="-1.647391319274902">
        <ele>565.47000000000003</ele>
      </trkpt>
      <trkpt lat="43.002119064331055" lon="-1.647326946258545">
        <ele>565.14999999999998</ele>
      </trkpt>
      <trkpt lat="43.002097606658936" lon="-1.647262573242188">
        <ele>564.79999999999995</ele>
      </trkpt>
      <trkpt lat="43.002054691314697" lon="-1.647026538848877">
        <ele>564.20000000000005</ele>
      </trkpt>
      <trkpt lat="43.002042034640908" lon="-1.646925117820501">
        <ele>563.41999999999996</ele>
      </trkpt>
      <trkpt lat="43.002011775970459" lon="-1.646683216094971">
        <ele>562.14999999999998</ele>
      </trkpt>
      <trkpt lat="43.00198151730001" lon="-1.64644131436944">
        <ele>563.46000000000004</ele>
      </trkpt>
      <trkpt lat="43.001968860626221" lon="-1.646339893341065">
        <ele>564.15999999999997</ele>
      </trkpt>
      <trkpt lat="43.001957042142749" lon="-1.646255655214191">
        <ele>564.20000000000005</ele>
      </trkpt>
      <trkpt lat="43.001923095434904" lon="-1.646014675498009">
        <ele>564.32000000000005</ele>
      </trkpt>
      <trkpt lat="43.001889232546091" lon="-1.645773695781827">
        <ele>564.35000000000002</ele>
      </trkpt>
      <trkpt lat="43.001855369657278" lon="-1.645532799884677">
        <ele>564.54999999999995</ele>
      </trkpt>
      <trkpt lat="43.001821506768465" lon="-1.645291820168495">
        <ele>564.95000000000005</ele>
      </trkpt>
      <trkpt lat="43.00178756006062" lon="-1.645050840452313">
        <ele>565.34000000000003</ele>
      </trkpt>
      <trkpt lat="43.001775741577148" lon="-1.64496660232544">
        <ele>565.69000000000005</ele>
      </trkpt>
      <trkpt lat="43.001772556453943" lon="-1.64495394565165">
        <ele>565.69000000000005</ele>
      </trkpt>
      <trkpt lat="43.001714553683996" lon="-1.644721766933799">
        <ele>566.5</ele>
      </trkpt>
      <trkpt lat="43.001711368560791" lon="-1.64470911026001">
        <ele>566.5</ele>
      </trkpt>
      <trkpt lat="43.001604080200195" lon="-1.644537448883057">
        <ele>567.26999999999998</ele>
      </trkpt>
      <trkpt lat="43.001518249511719" lon="-1.644473075866699">
        <ele>567.79999999999995</ele>
      </trkpt>
      <trkpt lat="43.001368045806885" lon="-1.644408702850342">
        <ele>568.94000000000005</ele>
      </trkpt>
      <trkpt lat="43.001280874013901" lon="-1.644390178844333">
        <ele>569.49000000000001</ele>
      </trkpt>
      <trkpt lat="43.001102926209569" lon="-1.644352460280061">
        <ele>570.75</ele>
      </trkpt>
      <trkpt lat="43.000925062224269" lon="-1.644314741715789">
        <ele>571.92999999999995</ele>
      </trkpt>
      <trkpt lat="43.000747114419937" lon="-1.644277023151517">
        <ele>573.13</ele>
      </trkpt>
      <trkpt lat="43.000659942626953" lon="-1.644258499145508">
        <ele>573.65999999999997</ele>
      </trkpt>
      <trkpt lat="43.00048828125" lon="-1.64419412612915">
        <ele>574.78999999999996</ele>
      </trkpt>
      <trkpt lat="43.000380992889404" lon="-1.644151210784912">
        <ele>575.50999999999999</ele>
      </trkpt>
      <trkpt lat="43.000349644571543" lon="-1.644130256026983">
        <ele>575.69000000000005</ele>
      </trkpt>
      <trkpt lat="43.000187873840332" lon="-1.644022464752197">
        <ele>576.75</ele>
      </trkpt>
      <trkpt lat="43.000026103109121" lon="-1.643914673477411">
        <ele>577.94000000000005</ele>
      </trkpt>
      <trkpt lat="42.99999475479126" lon="-1.643893718719482">
        <ele>578.15999999999997</ele>
      </trkpt>
      <trkpt lat="42.999866008758545" lon="-1.643829345703125">
        <ele>579.02999999999997</ele>
      </trkpt>
      <trkpt lat="42.99973726272583" lon="-1.643786430358887">
        <ele>579.85000000000002</ele>
      </trkpt>
      <trkpt lat="42.999733490869403" lon="-1.643785759806633">
        <ele>579.98000000000002</ele>
      </trkpt>
      <trkpt lat="42.999554872512817" lon="-1.643754243850708">
        <ele>581.10000000000002</ele>
      </trkpt>
      <trkpt lat="42.999376254156232" lon="-1.643722727894783">
        <ele>582.20000000000005</ele>
      </trkpt>
      <trkpt lat="42.999372482299805" lon="-1.643722057342529">
        <ele>582.20000000000005</ele>
      </trkpt>
      <trkpt lat="42.999222278594971" lon="-1.643657684326172">
        <ele>583.17999999999995</ele>
      </trkpt>
      <trkpt lat="42.999212220311165" lon="-1.643648883327842">
        <ele>583.32000000000005</ele>
      </trkpt>
      <trkpt lat="42.999060675501823" lon="-1.643516281619668">
        <ele>584.48000000000002</ele>
      </trkpt>
      <trkpt lat="42.999050617218018" lon="-1.643507480621338">
        <ele>584.48000000000002</ele>
      </trkpt>
      <trkpt lat="42.999043241143227" lon="-1.643495159223676">
        <ele>584.62</ele>
      </trkpt>
      <trkpt lat="42.998929247260094" lon="-1.643305225297809">
        <ele>585.50999999999999</ele>
      </trkpt>
      <trkpt lat="42.998921871185303" lon="-1.643292903900147">
        <ele>585.50999999999999</ele>
      </trkpt>
      <trkpt lat="42.998915668576956" lon="-1.643279157578945">
        <ele>585.57000000000005</ele>
      </trkpt>
      <trkpt lat="42.998820785433054" lon="-1.643070615828037">
        <ele>585.67999999999995</ele>
      </trkpt>
      <trkpt lat="42.998814582824707" lon="-1.643056869506836">
        <ele>585.65999999999997</ele>
      </trkpt>
      <trkpt lat="42.998793125152588" lon="-1.642971038818359">
        <ele>585.58000000000004</ele>
      </trkpt>
      <trkpt lat="42.998793125152588" lon="-1.642863750457764">
        <ele>585.46000000000004</ele>
      </trkpt>
      <trkpt lat="42.998857498168945" lon="-1.642670631408691">
        <ele>585.34000000000003</ele>
      </trkpt>
      <trkpt lat="42.998964786529541" lon="-1.642520427703857">
        <ele>585.17999999999995</ele>
      </trkpt>
      <trkpt lat="42.999093532562256" lon="-1.642434597015381">
        <ele>584.87</ele>
      </trkpt>
      <trkpt lat="42.999105686321855" lon="-1.642428897321224">
        <ele>584.87</ele>
      </trkpt>
      <trkpt lat="42.999275922775269" lon="-1.642348766326904">
        <ele>584.28999999999996</ele>
      </trkpt>
      <trkpt lat="42.999446159228683" lon="-1.642268635332584">
        <ele>583.95000000000005</ele>
      </trkpt>
      <trkpt lat="42.999458312988281" lon="-1.642262935638428">
        <ele>583.90999999999997</ele>
      </trkpt>
      <trkpt lat="42.999506341293454" lon="-1.642244830727577">
        <ele>583.75999999999999</ele>
      </trkpt>
      <trkpt lat="42.999679846689105" lon="-1.642179368063808">
        <ele>583.41999999999996</ele>
      </trkpt>
      <trkpt lat="42.999853435903788" lon="-1.642113821581006">
        <ele>583.32000000000005</ele>
      </trkpt>
      <trkpt lat="43.000026941299438" lon="-1.642048358917236">
        <ele>583.46000000000004</ele>
      </trkpt>
      <trkpt lat="43.000200446695089" lon="-1.641982896253467">
        <ele>583.62</ele>
      </trkpt>
      <trkpt lat="43.000374035909772" lon="-1.641917349770665">
        <ele>583.78999999999996</ele>
      </trkpt>
      <trkpt lat="43.000547541305423" lon="-1.641851887106895">
        <ele>584.04999999999995</ele>
      </trkpt>
      <trkpt lat="43.000595569610596" lon="-1.641833782196045">
        <ele>584.17999999999995</ele>
      </trkpt>
      <trkpt lat="43.000608729198575" lon="-1.641826489940286">
        <ele>584.10000000000002</ele>
      </trkpt>
      <trkpt lat="43.000775529071689" lon="-1.641733786091209">
        <ele>584.47000000000003</ele>
      </trkpt>
      <trkpt lat="43.000788688659668" lon="-1.641726493835449">
        <ele>584.49000000000001</ele>
      </trkpt>
      <trkpt lat="43.000798746943474" lon="-1.641717692837119">
        <ele>584.51999999999998</ele>
      </trkpt>
      <trkpt lat="43.000950291752815" lon="-1.641585091128945">
        <ele>584.85000000000002</ele>
      </trkpt>
      <trkpt lat="43.000960350036621" lon="-1.641576290130615">
        <ele>584.92999999999995</ele>
      </trkpt>
      <trkpt lat="43.000981472432613" lon="-1.641557514667511">
        <ele>584.88999999999999</ele>
      </trkpt>
      <trkpt lat="43.001132346689701" lon="-1.641423404216766">
        <ele>585.39999999999998</ele>
      </trkpt>
      <trkpt lat="43.001153469085693" lon="-1.641404628753662">
        <ele>585.45000000000005</ele>
      </trkpt>
      <trkpt lat="43.001166461035609" lon="-1.641386104747653">
        <ele>585.39999999999998</ele>
      </trkpt>
      <trkpt lat="43.001290680840611" lon="-1.64120857603848">
        <ele>585.88999999999999</ele>
      </trkpt>
      <trkpt lat="43.001303672790527" lon="-1.641190052032471">
        <ele>585.94000000000005</ele>
      </trkpt>
      <trkpt lat="43.001311048865318" lon="-1.641177730634809">
        <ele>586.07000000000005</ele>
      </trkpt>
      <trkpt lat="43.001425042748451" lon="-1.640987796708942">
        <ele>586.53999999999996</ele>
      </trkpt>
      <trkpt lat="43.001432418823242" lon="-1.640975475311279">
        <ele>586.50999999999999</ele>
      </trkpt>
      <trkpt lat="43.001469634473324" lon="-1.64089635014534">
        <ele>586.90999999999997</ele>
      </trkpt>
      <trkpt lat="43.001566864550114" lon="-1.640689820051193">
        <ele>587.40999999999997</ele>
      </trkpt>
      <trkpt lat="43.001604080200195" lon="-1.640610694885254">
        <ele>587.64999999999998</ele>
      </trkpt>
      <trkpt lat="43.001623945310712" lon="-1.640566941350699">
        <ele>587.73000000000002</ele>
      </trkpt>
      <trkpt lat="43.001718576997519" lon="-1.640358148142695">
        <ele>588.13</ele>
      </trkpt>
      <trkpt lat="43.001813208684325" lon="-1.640149438753724">
        <ele>588.64999999999998</ele>
      </trkpt>
      <trkpt lat="43.001907840371132" lon="-1.639940729364753">
        <ele>589.05999999999995</ele>
      </trkpt>
      <trkpt lat="43.002002472057939" lon="-1.63973193615675">
        <ele>589.60000000000002</ele>
      </trkpt>
      <trkpt lat="43.002097103744745" lon="-1.639523226767778">
        <ele>590.04999999999995</ele>
      </trkpt>
      <trkpt lat="43.002191735431552" lon="-1.639314517378807">
        <ele>590.65999999999997</ele>
      </trkpt>
      <trkpt lat="43.002286367118359" lon="-1.639105724170804">
        <ele>591.14999999999998</ele>
      </trkpt>
      <trkpt lat="43.002380998805165" lon="-1.638897014781833">
        <ele>591.62</ele>
      </trkpt>
      <trkpt lat="43.002475630491972" lon="-1.638688305392861">
        <ele>592.16999999999996</ele>
      </trkpt>
      <trkpt lat="43.002570262178779" lon="-1.638479512184858">
        <ele>592.55999999999995</ele>
      </trkpt>
      <trkpt lat="43.002664810046554" lon="-1.638270802795887">
        <ele>592.92999999999995</ele>
      </trkpt>
      <trkpt lat="43.00275944173336" lon="-1.638062093406916">
        <ele>593.24000000000001</ele>
      </trkpt>
      <trkpt lat="43.002854073420167" lon="-1.637853300198913">
        <ele>593.54999999999995</ele>
      </trkpt>
      <trkpt lat="43.002948705106974" lon="-1.637644590809941">
        <ele>593.89999999999998</ele>
      </trkpt>
      <trkpt lat="43.00304333679378" lon="-1.637435797601938">
        <ele>594.22000000000003</ele>
      </trkpt>
      <trkpt lat="43.003063201904297" lon="-1.637392044067383">
        <ele>594.24000000000001</ele>
      </trkpt>
      <trkpt lat="43.003149032592773" lon="-1.637177467346191">
        <ele>594.34000000000003</ele>
      </trkpt>
      <trkpt lat="43.00316940061748" lon="-1.637115273624659">
        <ele>594.27999999999997</ele>
      </trkpt>
      <trkpt lat="43.003242826089263" lon="-1.636891225352883">
        <ele>594.27999999999997</ele>
      </trkpt>
      <trkpt lat="43.003316167742014" lon="-1.63666726090014">
        <ele>594.22000000000003</ele>
      </trkpt>
      <trkpt lat="43.003389593213797" lon="-1.636443212628365">
        <ele>594.05999999999995</ele>
      </trkpt>
      <trkpt lat="43.003462934866548" lon="-1.636219164356589">
        <ele>594.02999999999997</ele>
      </trkpt>
      <trkpt lat="43.00353636033833" lon="-1.635995116084814">
        <ele>594.38</ele>
      </trkpt>
      <trkpt lat="43.003556728363037" lon="-1.635932922363281">
        <ele>594.23000000000002</ele>
      </trkpt>
      <trkpt lat="43.003496462479234" lon="-1.635937197133899">
        <ele>594.17999999999995</ele>
      </trkpt>
      <trkpt lat="43.003316586837173" lon="-1.635950105264783">
        <ele>594.11000000000001</ele>
      </trkpt>
      <trkpt lat="43.003256320953369" lon="-1.6359543800354">
        <ele>594.21000000000004</ele>
      </trkpt>
      <trkpt lat="43.003236372023821" lon="-1.63595287129283">
        <ele>594.13</ele>
      </trkpt>
      <trkpt lat="43.003056580200791" lon="-1.635939544066787">
        <ele>594.45000000000005</ele>
      </trkpt>
      <trkpt lat="43.00287670455873" lon="-1.635926300659776">
        <ele>594.80999999999995</ele>
      </trkpt>
      <trkpt lat="43.002696912735701" lon="-1.635912973433733">
        <ele>595.10000000000002</ele>
      </trkpt>
      <trkpt lat="43.002676963806152" lon="-1.635911464691162">
        <ele>595.13</ele>
      </trkpt>
      <trkpt lat="43.002594485878944" lon="-1.635897718369961">
        <ele>595.29999999999995</ele>
      </trkpt>
      <trkpt lat="43.002415699884295" lon="-1.635867962613702">
        <ele>595.75</ele>
      </trkpt>
      <trkpt lat="43.002236997708678" lon="-1.635838123038411">
        <ele>596.47000000000003</ele>
      </trkpt>
      <trkpt lat="43.002058211714029" lon="-1.635808367282152">
        <ele>597.38</ele>
      </trkpt>
      <trkpt lat="43.001879509538412" lon="-1.635778527706862">
        <ele>598.33000000000004</ele>
      </trkpt>
      <trkpt lat="43.001700723543763" lon="-1.635748771950603">
        <ele>599.63999999999999</ele>
      </trkpt>
      <trkpt lat="43.001522021368146" lon="-1.635718932375312">
        <ele>601.16999999999996</ele>
      </trkpt>
      <trkpt lat="43.001343235373497" lon="-1.635689176619053">
        <ele>602.86000000000001</ele>
      </trkpt>
      <trkpt lat="43.001260757446289" lon="-1.635675430297852">
        <ele>603.62</ele>
      </trkpt>
      <trkpt lat="43.001242568716407" lon="-1.635669395327568">
        <ele>603.76999999999998</ele>
      </trkpt>
      <trkpt lat="43.001067638397217" lon="-1.635611057281494">
        <ele>605.09000000000003</ele>
      </trkpt>
      <trkpt lat="43.000892708078027" lon="-1.63555271923542">
        <ele>606.40999999999997</ele>
      </trkpt>
      <trkpt lat="43.000874519348145" lon="-1.635546684265137">
        <ele>606.59000000000003</ele>
      </trkpt>
      <trkpt lat="43.000859851017594" lon="-1.635539643466473">
        <ele>606.67999999999995</ele>
      </trkpt>
      <trkpt lat="43.000690201297402" lon="-1.635457584634423">
        <ele>608.04999999999995</ele>
      </trkpt>
      <trkpt lat="43.000520467758179" lon="-1.635375525802374">
        <ele>609.13999999999999</ele>
      </trkpt>
      <trkpt lat="43.000350734218955" lon="-1.635293550789356">
        <ele>609.84000000000003</ele>
      </trkpt>
      <trkpt lat="43.000181084498763" lon="-1.635211491957307">
        <ele>610.09000000000003</ele>
      </trkpt>
      <trkpt lat="43.000011350959539" lon="-1.635129433125258">
        <ele>610.01999999999998</ele>
      </trkpt>
      <trkpt lat="42.999841617420316" lon="-1.63504745811224">
        <ele>609.44000000000005</ele>
      </trkpt>
      <trkpt lat="42.999671883881092" lon="-1.634965399280191">
        <ele>608.69000000000005</ele>
      </trkpt>
      <trkpt lat="42.9995022341609" lon="-1.634883424267173">
        <ele>607.73000000000002</ele>
      </trkpt>
      <trkpt lat="42.999332500621676" lon="-1.634801365435123">
        <ele>606.74000000000001</ele>
      </trkpt>
      <trkpt lat="42.999162767082453" lon="-1.634719306603074">
        <ele>605.83000000000004</ele>
      </trkpt>
      <trkpt lat="42.998993033543229" lon="-1.634637331590056">
        <ele>604.84000000000003</ele>
      </trkpt>
      <trkpt lat="42.998823383823037" lon="-1.634555272758007">
        <ele>603.90999999999997</ele>
      </trkpt>
      <trkpt lat="42.998653650283813" lon="-1.634473297744989">
        <ele>602.94000000000005</ele>
      </trkpt>
      <trkpt lat="42.99848391674459" lon="-1.63439123891294">
        <ele>601.90999999999997</ele>
      </trkpt>
      <trkpt lat="42.998314267024398" lon="-1.634309180080891">
        <ele>601.25999999999999</ele>
      </trkpt>
      <trkpt lat="42.998299598693848" lon="-1.634302139282227">
        <ele>601.17999999999995</ele>
      </trkpt>
      <trkpt lat="42.998290713876486" lon="-1.634297780692577">
        <ele>601.51999999999998</ele>
      </trkpt>
      <trkpt lat="42.998121147975326" lon="-1.634215218946338">
        <ele>599.83000000000004</ele>
      </trkpt>
      <trkpt lat="42.997951582074165" lon="-1.634132657200098">
        <ele>598.98000000000002</ele>
      </trkpt>
      <trkpt lat="42.997782016173005" lon="-1.634050095453858">
        <ele>598.03999999999996</ele>
      </trkpt>
      <trkpt lat="42.997612450271845" lon="-1.633967533707619">
        <ele>597.27999999999997</ele>
      </trkpt>
      <trkpt lat="42.997442884370685" lon="-1.633884888142347">
        <ele>596.40999999999997</ele>
      </trkpt>
      <trkpt lat="42.997273318469524" lon="-1.633802326396108">
        <ele>595.53999999999996</ele>
      </trkpt>
      <trkpt lat="42.997103752568364" lon="-1.633719764649868">
        <ele>594.82000000000005</ele>
      </trkpt>
      <trkpt lat="42.996934186667204" lon="-1.633637202903628">
        <ele>594.19000000000005</ele>
      </trkpt>
      <trkpt lat="42.996764620766044" lon="-1.633554641157389">
        <ele>593.62</ele>
      </trkpt>
      <trkpt lat="42.996595054864883" lon="-1.633472079411149">
        <ele>593.07000000000005</ele>
      </trkpt>
      <trkpt lat="42.996425488963723" lon="-1.633389433845878">
        <ele>592.52999999999997</ele>
      </trkpt>
      <trkpt lat="42.996255923062563" lon="-1.633306872099638">
        <ele>592.15999999999997</ele>
      </trkpt>
      <trkpt lat="42.996086357161403" lon="-1.633224310353398">
        <ele>591.70000000000005</ele>
      </trkpt>
      <trkpt lat="42.995916791260242" lon="-1.633141748607159">
        <ele>591.27999999999997</ele>
      </trkpt>
      <trkpt lat="42.995747225359082" lon="-1.633059186860919">
        <ele>591.00999999999999</ele>
      </trkpt>
      <trkpt lat="42.995577659457922" lon="-1.632976625114679">
        <ele>590.92999999999995</ele>
      </trkpt>
      <trkpt lat="42.995408093556762" lon="-1.63289406336844">
        <ele>591.35000000000002</ele>
      </trkpt>
      <trkpt lat="42.995238527655602" lon="-1.6328115016222">
        <ele>592.33000000000004</ele>
      </trkpt>
      <trkpt lat="42.99506887793541" lon="-1.632728856056929">
        <ele>593.55999999999995</ele>
      </trkpt>
      <trkpt lat="42.994899312034249" lon="-1.632646294310689">
        <ele>594.44000000000005</ele>
      </trkpt>
      <trkpt lat="42.994729746133089" lon="-1.632563732564449">
        <ele>595.29999999999995</ele>
      </trkpt>
      <trkpt lat="42.994560180231929" lon="-1.63248117081821">
        <ele>597.15999999999997</ele>
      </trkpt>
      <trkpt lat="42.994390614330769" lon="-1.63239860907197">
        <ele>597.21000000000004</ele>
      </trkpt>
      <trkpt lat="42.994221048429608" lon="-1.63231604732573">
        <ele>598.60000000000002</ele>
      </trkpt>
      <trkpt lat="42.994051482528448" lon="-1.632233485579491">
        <ele>599.35000000000002</ele>
      </trkpt>
      <trkpt lat="42.993881916627288" lon="-1.632150923833251">
        <ele>600.79999999999995</ele>
      </trkpt>
      <trkpt lat="42.993712350726128" lon="-1.632068362087011">
        <ele>601.34000000000003</ele>
      </trkpt>
      <trkpt lat="42.993542784824967" lon="-1.631985800340772">
        <ele>602.39999999999998</ele>
      </trkpt>
      <trkpt lat="42.993373218923807" lon="-1.631903238594532">
        <ele>603.25999999999999</ele>
      </trkpt>
      <trkpt lat="42.993364334106445" lon="-1.631898880004883">
        <ele>603.33000000000004</ele>
      </trkpt>
      <trkpt lat="42.993287052959204" lon="-1.631863173097372">
        <ele>603.65999999999997</ele>
      </trkpt>
      <trkpt lat="42.993116481229663" lon="-1.631784467026591">
        <ele>604.52999999999997</ele>
      </trkpt>
      <trkpt lat="42.992945909500122" lon="-1.631705760955811">
        <ele>605.38999999999999</ele>
      </trkpt>
      <trkpt lat="42.992775337770581" lon="-1.63162705488503">
        <ele>606.33000000000004</ele>
      </trkpt>
      <trkpt lat="42.99260476604104" lon="-1.631548348814249">
        <ele>607.25999999999999</ele>
      </trkpt>
      <trkpt lat="42.992527484893799" lon="-1.631512641906738">
        <ele>607.63</ele>
      </trkpt>
      <trkpt lat="42.992462273687124" lon="-1.631482969969511">
        <ele>607.86000000000001</ele>
      </trkpt>
      <trkpt lat="42.992291450500488" lon="-1.631405353546143">
        <ele>608.66999999999996</ele>
      </trkpt>
      <trkpt lat="42.992120627313852" lon="-1.631327737122774">
        <ele>609.46000000000004</ele>
      </trkpt>
      <trkpt lat="42.992055416107178" lon="-1.631298065185547">
        <ele>609.75999999999999</ele>
      </trkpt>
      <trkpt lat="42.992036053910851" lon="-1.631295047700405">
        <ele>609.86000000000001</ele>
      </trkpt>
      <trkpt lat="42.991857100278139" lon="-1.631266884505749">
        <ele>610.5</ele>
      </trkpt>
      <trkpt lat="42.991837738081813" lon="-1.631263867020607">
        <ele>610.51999999999998</ele>
      </trkpt>
      <trkpt lat="42.991832122206688" lon="-1.631262945011258">
        <ele>610.51999999999998</ele>
      </trkpt>
      <trkpt lat="42.991653336212039" lon="-1.631234614178538">
        <ele>611.17999999999995</ele>
      </trkpt>
      <trkpt lat="42.991647720336914" lon="-1.63123369216919">
        <ele>611.17999999999995</ele>
      </trkpt>
      <trkpt lat="42.991591729223728" lon="-1.63123369216919">
        <ele>611.34000000000003</ele>
      </trkpt>
      <trkpt lat="42.991411685943604" lon="-1.63123369216919">
        <ele>612.32000000000005</ele>
      </trkpt>
      <trkpt lat="42.991231642663479" lon="-1.63123369216919">
        <ele>613.37</ele>
      </trkpt>
      <trkpt lat="42.991175651550293" lon="-1.63123369216919">
        <ele>613.75999999999999</ele>
      </trkpt>
      <trkpt lat="42.991156037896872" lon="-1.631235955283046">
        <ele>613.88</ele>
      </trkpt>
      <trkpt lat="42.990976581349969" lon="-1.63125665858388">
        <ele>614.76999999999998</ele>
      </trkpt>
      <trkpt lat="42.990797208622098" lon="-1.631277361884713">
        <ele>617.09000000000003</ele>
      </trkpt>
      <trkpt lat="42.990617752075195" lon="-1.631298065185547">
        <ele>616.25999999999999</ele>
      </trkpt>
      <trkpt lat="42.990438295528293" lon="-1.631318768486381">
        <ele>616.74000000000001</ele>
      </trkpt>
      <trkpt lat="42.990258922800422" lon="-1.631339471787214">
        <ele>617.23000000000002</ele>
      </trkpt>
      <trkpt lat="42.990079466253519" lon="-1.631360175088048">
        <ele>617.83000000000004</ele>
      </trkpt>
      <trkpt lat="42.990059852600098" lon="-1.631362438201904">
        <ele>617.88999999999999</ele>
      </trkpt>
      <trkpt lat="42.989888191223145" lon="-1.631405353546143">
        <ele>618.34000000000003</ele>
      </trkpt>
      <trkpt lat="42.989858435466886" lon="-1.631413483992219">
        <ele>618.50999999999999</ele>
      </trkpt>
      <trkpt lat="42.989681912586093" lon="-1.631461596116424">
        <ele>619.14999999999998</ele>
      </trkpt>
      <trkpt lat="42.989652156829834" lon="-1.6314697265625">
        <ele>619.29999999999995</ele>
      </trkpt>
      <trkpt lat="42.989640003070235" lon="-1.631475426256657">
        <ele>619.24000000000001</ele>
      </trkpt>
      <trkpt lat="42.989469766616821" lon="-1.631555557250977">
        <ele>619.96000000000004</ele>
      </trkpt>
      <trkpt lat="42.989299530163407" lon="-1.631635688245297">
        <ele>620.66999999999996</ele>
      </trkpt>
      <trkpt lat="42.989287376403809" lon="-1.631641387939453">
        <ele>620.84000000000003</ele>
      </trkpt>
      <trkpt lat="42.989240102469921" lon="-1.631668880581856">
        <ele>620.96000000000004</ele>
      </trkpt>
      <trkpt lat="42.989074476063251" lon="-1.631765188649297">
        <ele>621.88</ele>
      </trkpt>
      <trkpt lat="42.988908849656582" lon="-1.631861496716738">
        <ele>622.88</ele>
      </trkpt>
      <trkpt lat="42.988743223249912" lon="-1.631957720965147">
        <ele>623.77999999999997</ele>
      </trkpt>
      <trkpt lat="42.988577596843243" lon="-1.632054029032588">
        <ele>626.30999999999995</ele>
      </trkpt>
      <trkpt lat="42.988411970436573" lon="-1.632150337100029">
        <ele>625.47000000000003</ele>
      </trkpt>
      <trkpt lat="42.988364696502686" lon="-1.632177829742432">
        <ele>625.63999999999999</ele>
      </trkpt>
      <trkpt lat="42.988334689289331" lon="-1.632188893854618">
        <ele>625.80999999999995</ele>
      </trkpt>
      <trkpt lat="42.988160848617554" lon="-1.632252931594849">
        <ele>626</ele>
      </trkpt>
      <trkpt lat="42.987987007945776" lon="-1.632316969335079">
        <ele>625.99000000000001</ele>
      </trkpt>
      <trkpt lat="42.987957000732422" lon="-1.632328033447266">
        <ele>626</ele>
      </trkpt>
      <trkpt lat="42.987873936071992" lon="-1.632348820567131">
        <ele>625.94000000000005</ele>
      </trkpt>
      <trkpt lat="42.987696742638946" lon="-1.632393077015877">
        <ele>625.62</ele>
      </trkpt>
      <trkpt lat="42.987613677978516" lon="-1.632413864135742">
        <ele>625.47000000000003</ele>
      </trkpt>
      <trkpt lat="42.987442016601563" lon="-1.632435321807861">
        <ele>624.74000000000001</ele>
      </trkpt>
      <trkpt lat="42.987407483160496" lon="-1.632435321807861">
        <ele>624.54999999999995</ele>
      </trkpt>
      <trkpt lat="42.987227439880371" lon="-1.632435321807861">
        <ele>623.48000000000002</ele>
      </trkpt>
      <trkpt lat="42.987047396600246" lon="-1.632435321807861">
        <ele>622.26999999999998</ele>
      </trkpt>
      <trkpt lat="42.98701286315918" lon="-1.632435321807861">
        <ele>622.03999999999996</ele>
      </trkpt>
      <trkpt lat="42.986998446285725" lon="-1.632432891055942">
        <ele>622.03999999999996</ele>
      </trkpt>
      <trkpt lat="42.986819744110107" lon="-1.632403135299683">
        <ele>620.84000000000003</ele>
      </trkpt>
      <trkpt lat="42.98664104193449" lon="-1.632373379543424">
        <ele>619.64999999999998</ele>
      </trkpt>
      <trkpt lat="42.986626625061035" lon="-1.632370948791504">
        <ele>619.47000000000003</ele>
      </trkpt>
      <trkpt lat="42.986596869304776" lon="-1.632362818345428">
        <ele>619.23000000000002</ele>
      </trkpt>
      <trkpt lat="42.986420346423984" lon="-1.632314706221223">
        <ele>618.12</ele>
      </trkpt>
      <trkpt lat="42.986390590667725" lon="-1.632306575775147">
        <ele>617.86000000000001</ele>
      </trkpt>
      <trkpt lat="42.98631607554853" lon="-1.632276736199856">
        <ele>617.26999999999998</ele>
      </trkpt>
      <trkpt lat="42.986143240705132" lon="-1.632207669317722">
        <ele>615.99000000000001</ele>
      </trkpt>
      <trkpt lat="42.986068725585937" lon="-1.632177829742432">
        <ele>615.5</ele>
      </trkpt>
      <trkpt lat="42.986041819676757" lon="-1.632164921611548">
        <ele>615.34000000000003</ele>
      </trkpt>
      <trkpt lat="42.98587191849947" lon="-1.632083365693688">
        <ele>614.21000000000004</ele>
      </trkpt>
      <trkpt lat="42.985702101141214" lon="-1.632001893594861">
        <ele>613.25</ele>
      </trkpt>
      <trkpt lat="42.985532283782959" lon="-1.631920337677002">
        <ele>612.40999999999997</ele>
      </trkpt>
      <trkpt lat="42.985362466424704" lon="-1.631838781759143">
        <ele>611.44000000000005</ele>
      </trkpt>
      <trkpt lat="42.985192649066448" lon="-1.631757309660316">
        <ele>610.49000000000001</ele>
      </trkpt>
      <trkpt lat="42.985022747889161" lon="-1.631675753742456">
        <ele>609.49000000000001</ele>
      </trkpt>
      <trkpt lat="42.98499584197998" lon="-1.631662845611572">
        <ele>609.37</ele>
      </trkpt>
      <trkpt lat="42.984931552782655" lon="-1.631635269150138">
        <ele>609.62</ele>
      </trkpt>
      <trkpt lat="42.984759723767638" lon="-1.631561676040292">
        <ele>608.01999999999998</ele>
      </trkpt>
      <trkpt lat="42.984695434570313" lon="-1.631534099578857">
        <ele>607.59000000000003</ele>
      </trkpt>
      <trkpt lat="42.98468797467649" lon="-1.631530662998557">
        <ele>607.54999999999995</ele>
      </trkpt>
      <trkpt lat="42.984517319127917" lon="-1.631452459841967">
        <ele>606.50999999999999</ele>
      </trkpt>
      <trkpt lat="42.984346663579345" lon="-1.631374256685376">
        <ele>605.44000000000005</ele>
      </trkpt>
      <trkpt lat="42.984176008030772" lon="-1.631296053528786">
        <ele>604.62</ele>
      </trkpt>
      <trkpt lat="42.9840053524822" lon="-1.631217766553164">
        <ele>603.84000000000003</ele>
      </trkpt>
      <trkpt lat="42.983834613114595" lon="-1.631139563396573">
        <ele>603.22000000000003</ele>
      </trkpt>
      <trkpt lat="42.983663957566023" lon="-1.631061360239983">
        <ele>602.41999999999996</ele>
      </trkpt>
      <trkpt lat="42.98349330201745" lon="-1.63098307326436">
        <ele>601.80999999999995</ele>
      </trkpt>
      <trkpt lat="42.983322646468878" lon="-1.63090487010777">
        <ele>601.19000000000005</ele>
      </trkpt>
      <trkpt lat="42.983151990920305" lon="-1.63082666695118">
        <ele>600.40999999999997</ele>
      </trkpt>
      <trkpt lat="42.982981335371733" lon="-1.630748463794589">
        <ele>599.73000000000002</ele>
      </trkpt>
      <trkpt lat="42.982810596004128" lon="-1.630670260637999">
        <ele>598.82000000000005</ele>
      </trkpt>
      <trkpt lat="42.982639940455556" lon="-1.630591973662376">
        <ele>597.91999999999996</ele>
      </trkpt>
      <trkpt lat="42.982469284906983" lon="-1.630513770505786">
        <ele>596.97000000000003</ele>
      </trkpt>
      <trkpt lat="42.982298629358411" lon="-1.630435567349196">
        <ele>596.05999999999995</ele>
      </trkpt>
      <trkpt lat="42.982127973809838" lon="-1.630357364192605">
        <ele>595.17999999999995</ele>
      </trkpt>
      <trkpt lat="42.982120513916016" lon="-1.630353927612305">
        <ele>595.19000000000005</ele>
      </trkpt>
      <trkpt lat="42.982054464519024" lon="-1.630324674770236">
        <ele>594.89999999999998</ele>
      </trkpt>
      <trkpt lat="42.981883222237229" lon="-1.630248818546534">
        <ele>593.87</ele>
      </trkpt>
      <trkpt lat="42.981711979955435" lon="-1.630173046141863">
        <ele>592.75999999999999</ele>
      </trkpt>
      <trkpt lat="42.98154073767364" lon="-1.63009718991816">
        <ele>591.64999999999998</ele>
      </trkpt>
      <trkpt lat="42.981369495391846" lon="-1.630021333694458">
        <ele>590.75999999999999</ele>
      </trkpt>
      <trkpt lat="42.981198253110051" lon="-1.629945477470756">
        <ele>589.86000000000001</ele>
      </trkpt>
      <trkpt lat="42.981027010828257" lon="-1.629869621247053">
        <ele>589.09000000000003</ele>
      </trkpt>
      <trkpt lat="42.980855768546462" lon="-1.629793848842382">
        <ele>588.40999999999997</ele>
      </trkpt>
      <trkpt lat="42.980684526264668" lon="-1.62971799261868">
        <ele>587.75999999999999</ele>
      </trkpt>
      <trkpt lat="42.980618476867676" lon="-1.629688739776611">
        <ele>587.50999999999999</ele>
      </trkpt>
      <trkpt lat="42.980572544038296" lon="-1.629667030647397">
        <ele>587.40999999999997</ele>
      </trkpt>
      <trkpt lat="42.980402391403913" lon="-1.629586732015014">
        <ele>586.75999999999999</ele>
      </trkpt>
      <trkpt lat="42.980232238769531" lon="-1.629506349563599">
        <ele>586.10000000000002</ele>
      </trkpt>
      <trkpt lat="42.980062086135149" lon="-1.629425967112184">
        <ele>585.42999999999995</ele>
      </trkpt>
      <trkpt lat="42.979891933500767" lon="-1.6293456684798">
        <ele>584.89999999999998</ele>
      </trkpt>
      <trkpt lat="42.979846000671387" lon="-1.629323959350586">
        <ele>584.75</ele>
      </trkpt>
      <trkpt lat="42.979781543835998" lon="-1.629296047613025">
        <ele>584.53999999999996</ele>
      </trkpt>
      <trkpt lat="42.979609966278076" lon="-1.629221700131893">
        <ele>583.95000000000005</ele>
      </trkpt>
      <trkpt lat="42.979438304901123" lon="-1.62914726883173">
        <ele>583.32000000000005</ele>
      </trkpt>
      <trkpt lat="42.979266727343202" lon="-1.629072921350598">
        <ele>582.89999999999998</ele>
      </trkpt>
      <trkpt lat="42.979202270507812" lon="-1.629045009613037">
        <ele>582.70000000000005</ele>
      </trkpt>
      <trkpt lat="42.979186847805977" lon="-1.629037968814373">
        <ele>582.60000000000002</ele>
      </trkpt>
      <trkpt lat="42.979016108438373" lon="-1.628960017114878">
        <ele>582.22000000000003</ele>
      </trkpt>
      <trkpt lat="42.9788454528898" lon="-1.628881981596351">
        <ele>581.79999999999995</ele>
      </trkpt>
      <trkpt lat="42.978674713522196" lon="-1.628804029896855">
        <ele>581.34000000000003</ele>
      </trkpt>
      <trkpt lat="42.978503974154592" lon="-1.628725994378328">
        <ele>580.92999999999995</ele>
      </trkpt>
      <trkpt lat="42.978333234786987" lon="-1.628648042678833">
        <ele>580.35000000000002</ele>
      </trkpt>
      <trkpt lat="42.978162495419383" lon="-1.628570090979338">
        <ele>580</ele>
      </trkpt>
      <trkpt lat="42.977991756051779" lon="-1.628492055460811">
        <ele>579.62</ele>
      </trkpt>
      <trkpt lat="42.977821016684175" lon="-1.628414103761315">
        <ele>579.28999999999996</ele>
      </trkpt>
      <trkpt lat="42.977650361135602" lon="-1.628336068242788">
        <ele>578.88999999999999</ele>
      </trkpt>
      <trkpt lat="42.977479621767998" lon="-1.628258116543293">
        <ele>578.89999999999998</ele>
      </trkpt>
      <trkpt lat="42.977464199066162" lon="-1.628251075744629">
        <ele>578.80999999999995</ele>
      </trkpt>
      <trkpt lat="42.977447519078851" lon="-1.628243364393711">
        <ele>578.78999999999996</ele>
      </trkpt>
      <trkpt lat="42.97727694734931" lon="-1.628164825960994">
        <ele>578.54999999999995</ele>
      </trkpt>
      <trkpt lat="42.977106375619769" lon="-1.628086203709245">
        <ele>578.54999999999995</ele>
      </trkpt>
      <trkpt lat="42.976935803890228" lon="-1.628007665276527">
        <ele>578.41999999999996</ele>
      </trkpt>
      <trkpt lat="42.976765232160687" lon="-1.627929043024778">
        <ele>578.15999999999997</ele>
      </trkpt>
      <trkpt lat="42.976594660431147" lon="-1.627850504592061">
        <ele>571.5</ele>
      </trkpt>
      <trkpt lat="42.976424004882574" lon="-1.627771882340312">
        <ele>578.01999999999998</ele>
      </trkpt>
      <trkpt lat="42.976253433153033" lon="-1.627693343907595">
        <ele>578.20000000000005</ele>
      </trkpt>
      <trkpt lat="42.976082861423492" lon="-1.627614721655846">
        <ele>578.25999999999999</ele>
      </trkpt>
      <trkpt lat="42.975912289693952" lon="-1.627536183223128">
        <ele>578.38999999999999</ele>
      </trkpt>
      <trkpt lat="42.975741717964411" lon="-1.627457560971379">
        <ele>578.53999999999996</ele>
      </trkpt>
      <trkpt lat="42.97557114623487" lon="-1.627379022538662">
        <ele>578.63999999999999</ele>
      </trkpt>
      <trkpt lat="42.975554466247559" lon="-1.627371311187744">
        <ele>578.53999999999996</ele>
      </trkpt>
      <trkpt lat="42.975473161786795" lon="-1.627333257347345">
        <ele>578.55999999999995</ele>
      </trkpt>
      <trkpt lat="42.975302925333381" lon="-1.627253461629152">
        <ele>578.45000000000005</ele>
      </trkpt>
      <trkpt lat="42.975132605060935" lon="-1.627173749729991">
        <ele>578.20000000000005</ele>
      </trkpt>
      <trkpt lat="42.974962284788489" lon="-1.627093954011798">
        <ele>578.03999999999996</ele>
      </trkpt>
      <trkpt lat="42.974792048335075" lon="-1.627014242112637">
        <ele>577.75</ele>
      </trkpt>
      <trkpt lat="42.97462172806263" lon="-1.626934446394444">
        <ele>577.83000000000004</ele>
      </trkpt>
      <trkpt lat="42.974451491609216" lon="-1.626854734495282">
        <ele>577.54999999999995</ele>
      </trkpt>
      <trkpt lat="42.97428117133677" lon="-1.626774938777089">
        <ele>577.38999999999999</ele>
      </trkpt>
      <trkpt lat="42.974110851064324" lon="-1.626695226877928">
        <ele>577.33000000000004</ele>
      </trkpt>
      <trkpt lat="42.97394061461091" lon="-1.626615431159735">
        <ele>577.00999999999999</ele>
      </trkpt>
      <trkpt lat="42.973859310150146" lon="-1.626577377319336">
        <ele>576.90999999999997</ele>
      </trkpt>
      <trkpt lat="42.973782196640968" lon="-1.626536222174764">
        <ele>576.72000000000003</ele>
      </trkpt>
      <trkpt lat="42.973614558577538" lon="-1.626446871086955">
        <ele>576.36000000000001</ele>
      </trkpt>
      <trkpt lat="42.973537445068359" lon="-1.626405715942383">
        <ele>576.19000000000005</ele>
      </trkpt>
      <trkpt lat="42.973483046516776" lon="-1.626367662101984">
        <ele>576.16999999999996</ele>
      </trkpt>
      <trkpt lat="42.973322868347168" lon="-1.626255512237549">
        <ele>575.78999999999996</ele>
      </trkpt>
      <trkpt lat="42.97316269017756" lon="-1.626143362373114">
        <ele>575.39999999999998</ele>
      </trkpt>
      <trkpt lat="42.973108291625977" lon="-1.626105308532715">
        <ele>575.33000000000004</ele>
      </trkpt>
      <trkpt lat="42.973051713779569" lon="-1.626064907759428">
        <ele>575.22000000000003</ele>
      </trkpt>
      <trkpt lat="42.972892289981246" lon="-1.625950997695327">
        <ele>574.82000000000005</ele>
      </trkpt>
      <trkpt lat="42.972732782363892" lon="-1.625837087631226">
        <ele>574.47000000000003</ele>
      </trkpt>
      <trkpt lat="42.972573274746537" lon="-1.625723177567124">
        <ele>573.97000000000003</ele>
      </trkpt>
      <trkpt lat="42.972413850948215" lon="-1.625609267503023">
        <ele>573.65999999999997</ele>
      </trkpt>
      <trkpt lat="42.972357273101807" lon="-1.625568866729736">
        <ele>573.46000000000004</ele>
      </trkpt>
      <trkpt lat="42.972356183454394" lon="-1.625568028539419">
        <ele>573.46000000000004</ele>
      </trkpt>
      <trkpt lat="42.972199525684118" lon="-1.625446993857622">
        <ele>573.09000000000003</ele>
      </trkpt>
      <trkpt lat="42.972042951732874" lon="-1.625325959175825">
        <ele>572.58000000000004</ele>
      </trkpt>
      <trkpt lat="42.971886293962598" lon="-1.625204924494028">
        <ele>572.23000000000002</ele>
      </trkpt>
      <trkpt lat="42.971885204315186" lon="-1.625204086303711">
        <ele>572.23000000000002</ele>
      </trkpt>
      <trkpt lat="42.971858130767941" lon="-1.62518153898418">
        <ele>572.20000000000005</ele>
      </trkpt>
      <trkpt lat="42.971704490482807" lon="-1.62505354732275">
        <ele>571.75</ele>
      </trkpt>
      <trkpt lat="42.971550934016705" lon="-1.624925471842289">
        <ele>571.37</ele>
      </trkpt>
      <trkpt lat="42.97139729373157" lon="-1.62479748018086">
        <ele>571.13999999999999</ele>
      </trkpt>
      <trkpt lat="42.971370220184326" lon="-1.624774932861328">
        <ele>571.04999999999995</ele>
      </trkpt>
      <trkpt lat="42.971305847167969" lon="-1.624774932861328">
        <ele>571.02999999999997</ele>
      </trkpt>
      <trkpt lat="42.971264943480492" lon="-1.624745009467006">
        <ele>571.02999999999997</ele>
      </trkpt>
      <trkpt lat="42.971106274053454" lon="-1.624629087746143">
        <ele>570.83000000000004</ele>
      </trkpt>
      <trkpt lat="42.970947520807385" lon="-1.624513082206249">
        <ele>570.52999999999997</ele>
      </trkpt>
      <trkpt lat="42.970788851380348" lon="-1.624397160485387">
        <ele>569.25</ele>
      </trkpt>
      <trkpt lat="42.970747947692871" lon="-1.624367237091065">
        <ele>568.90999999999997</ele>
      </trkpt>
      <trkpt lat="42.970707044005394" lon="-1.624337313696742">
        <ele>568.40999999999997</ele>
      </trkpt>
      <trkpt lat="42.970548374578357" lon="-1.62422139197588">
        <ele>567.08000000000004</ele>
      </trkpt>
      <trkpt lat="42.970389621332288" lon="-1.624105386435986">
        <ele>565.69000000000005</ele>
      </trkpt>
      <trkpt lat="42.970230951905251" lon="-1.623989464715123">
        <ele>564.54999999999995</ele>
      </trkpt>
      <trkpt lat="42.970190048217773" lon="-1.623959541320801">
        <ele>564.28999999999996</ele>
      </trkpt>
      <trkpt lat="42.970168590545654" lon="-1.623895168304443">
        <ele>564.13999999999999</ele>
      </trkpt>
      <trkpt lat="42.970101702958345" lon="-1.623839428648353">
        <ele>563.75999999999999</ele>
      </trkpt>
      <trkpt lat="42.969948062673211" lon="-1.623711436986923">
        <ele>563.02999999999997</ele>
      </trkpt>
      <trkpt lat="42.969794422388077" lon="-1.623583445325494">
        <ele>562.49000000000001</ele>
      </trkpt>
      <trkpt lat="42.969727534800768" lon="-1.623527705669403">
        <ele>562.30999999999995</ele>
      </trkpt>
      <trkpt lat="42.969715381041169" lon="-1.623517563566566">
        <ele>562.25</ele>
      </trkpt>
      <trkpt lat="42.969561824575067" lon="-1.623389571905136">
        <ele>561.73000000000002</ele>
      </trkpt>
      <trkpt lat="42.969408268108964" lon="-1.623261580243707">
        <ele>561.17999999999995</ele>
      </trkpt>
      <trkpt lat="42.969396114349365" lon="-1.623251438140869">
        <ele>561.12</ele>
      </trkpt>
      <trkpt lat="42.969329562038183" lon="-1.623195614665747">
        <ele>560.96000000000004</ele>
      </trkpt>
      <trkpt lat="42.969176173210144" lon="-1.623067120090127">
        <ele>560.49000000000001</ele>
      </trkpt>
      <trkpt lat="42.969022784382105" lon="-1.622938625514507">
        <ele>560.13999999999999</ele>
      </trkpt>
      <trkpt lat="42.968869479373097" lon="-1.622810047119856">
        <ele>559.52999999999997</ele>
      </trkpt>
      <trkpt lat="42.968716090545058" lon="-1.622681552544236">
        <ele>559.13</ele>
      </trkpt>
      <trkpt lat="42.968562701717019" lon="-1.622553057968617">
        <ele>558.78999999999996</ele>
      </trkpt>
      <trkpt lat="42.968409396708012" lon="-1.622424479573965">
        <ele>558.38</ele>
      </trkpt>
      <trkpt lat="42.968256007879972" lon="-1.622295984998345">
        <ele>558.01999999999998</ele>
      </trkpt>
      <trkpt lat="42.968102702870965" lon="-1.622167490422726">
        <ele>557.64999999999998</ele>
      </trkpt>
      <trkpt lat="42.967949314042926" lon="-1.622038912028074">
        <ele>557.26999999999998</ele>
      </trkpt>
      <trkpt lat="42.967795925214887" lon="-1.621910417452455">
        <ele>556.82000000000005</ele>
      </trkpt>
      <trkpt lat="42.967642620205879" lon="-1.621781922876835">
        <ele>556.48000000000002</ele>
      </trkpt>
      <trkpt lat="42.96748923137784" lon="-1.621653344482184">
        <ele>556.16999999999996</ele>
      </trkpt>
      <trkpt lat="42.967335842549801" lon="-1.621524849906564">
        <ele>555.78999999999996</ele>
      </trkpt>
      <trkpt lat="42.967182537540793" lon="-1.621396355330944">
        <ele>555.41999999999996</ele>
      </trkpt>
      <trkpt lat="42.967029148712754" lon="-1.621267860755324">
        <ele>555.04999999999995</ele>
      </trkpt>
      <trkpt lat="42.966875759884715" lon="-1.621139282360673">
        <ele>554.67999999999995</ele>
      </trkpt>
      <trkpt lat="42.966722454875708" lon="-1.621010787785053">
        <ele>554.34000000000003</ele>
      </trkpt>
      <trkpt lat="42.966569066047668" lon="-1.620882293209434">
        <ele>553.98000000000002</ele>
      </trkpt>
      <trkpt lat="42.966415677219629" lon="-1.620753798633814">
        <ele>553.53999999999996</ele>
      </trkpt>
      <trkpt lat="42.966349124908447" lon="-1.620697975158691">
        <ele>553.39999999999998</ele>
      </trkpt>
      <trkpt lat="42.966309813782573" lon="-1.62066369317472">
        <ele>553.23000000000002</ele>
      </trkpt>
      <trkpt lat="42.9661581851542" lon="-1.620531510561705">
        <ele>552.75999999999999</ele>
      </trkpt>
      <trkpt lat="42.966006556525826" lon="-1.62039932794869">
        <ele>552.32000000000005</ele>
      </trkpt>
      <trkpt lat="42.965854844078422" lon="-1.620267061516643">
        <ele>551.88</ele>
      </trkpt>
      <trkpt lat="42.965703215450048" lon="-1.620134878903627">
        <ele>551.38999999999999</ele>
      </trkpt>
      <trkpt lat="42.965551586821675" lon="-1.620002696290612">
        <ele>550.96000000000004</ele>
      </trkpt>
      <trkpt lat="42.965512275695801" lon="-1.619968414306641">
        <ele>550.84000000000003</ele>
      </trkpt>
      <trkpt lat="42.965404987335205" lon="-1.619904041290283">
        <ele>550.58000000000004</ele>
      </trkpt>
      <trkpt lat="42.96539400704205" lon="-1.619899179786444">
        <ele>550.49000000000001</ele>
      </trkpt>
      <trkpt lat="42.965222848579288" lon="-1.619823072105646">
        <ele>550.22000000000003</ele>
      </trkpt>
      <trkpt lat="42.965211868286133" lon="-1.619818210601807">
        <ele>550.16999999999996</ele>
      </trkpt>
      <trkpt lat="42.965190997347236" lon="-1.619809828698635">
        <ele>550.03999999999996</ele>
      </trkpt>
      <trkpt lat="42.965018162503839" lon="-1.619740761816502">
        <ele>549.82000000000005</ele>
      </trkpt>
      <trkpt lat="42.964997291564941" lon="-1.61973237991333">
        <ele>549.78999999999996</ele>
      </trkpt>
      <trkpt lat="42.964969212189317" lon="-1.619721986353397">
        <ele>549.75</ele>
      </trkpt>
      <trkpt lat="42.964795539155602" lon="-1.619657445698977">
        <ele>549.5</ele>
      </trkpt>
      <trkpt lat="42.964621782302856" lon="-1.619592905044556">
        <ele>549.13</ele>
      </trkpt>
      <trkpt lat="42.96444802545011" lon="-1.619528364390135">
        <ele>548.84000000000003</ele>
      </trkpt>
      <trkpt lat="42.964274352416396" lon="-1.619463823735714">
        <ele>548.5</ele>
      </trkpt>
      <trkpt lat="42.964246273040771" lon="-1.619453430175781">
        <ele>548.42999999999995</ele>
      </trkpt>
      <trkpt lat="42.96419438906014" lon="-1.619433648884296">
        <ele>548.27999999999997</ele>
      </trkpt>
      <trkpt lat="42.964020967483521" lon="-1.619367599487305">
        <ele>547.77999999999997</ele>
      </trkpt>
      <trkpt lat="42.963847545906901" lon="-1.619301550090313">
        <ele>547.45000000000005</ele>
      </trkpt>
      <trkpt lat="42.96379566192627" lon="-1.619281768798828">
        <ele>547.34000000000003</ele>
      </trkpt>
      <trkpt lat="42.963731288909912" lon="-1.619260311126709">
        <ele>547.27999999999997</ele>
      </trkpt>
      <trkpt lat="42.963729947805405" lon="-1.619259640574455">
        <ele>547.28999999999996</ele>
      </trkpt>
      <trkpt lat="42.963560968637466" lon="-1.619175150990486">
        <ele>547.12</ele>
      </trkpt>
      <trkpt lat="42.963559627532959" lon="-1.619174480438232">
        <ele>547.12</ele>
      </trkpt>
      <trkpt lat="42.963528279215097" lon="-1.619153525680304">
        <ele>547.01999999999998</ele>
      </trkpt>
      <trkpt lat="42.963366508483887" lon="-1.619045734405518">
        <ele>546.58000000000004</ele>
      </trkpt>
      <trkpt lat="42.963204737752676" lon="-1.618937943130732">
        <ele>546.39999999999998</ele>
      </trkpt>
      <trkpt lat="42.963173389434814" lon="-1.618916988372803">
        <ele>546.27999999999997</ele>
      </trkpt>
      <trkpt lat="42.963132569566369" lon="-1.618883544579148">
        <ele>546.14999999999998</ele>
      </trkpt>
      <trkpt lat="42.962978174909949" lon="-1.618757313117385">
        <ele>545.73000000000002</ele>
      </trkpt>
      <trkpt lat="42.962937355041504" lon="-1.618723869323731">
        <ele>545.75999999999999</ele>
      </trkpt>
      <trkpt lat="42.962865103036165" lon="-1.618667123839259">
        <ele>545.64999999999998</ele>
      </trkpt>
      <trkpt lat="42.962709199637175" lon="-1.618544580414891">
        <ele>545.37</ele>
      </trkpt>
      <trkpt lat="42.962636947631836" lon="-1.61848783493042">
        <ele>545.36000000000001</ele>
      </trkpt>
      <trkpt lat="42.96252965927124" lon="-1.618423461914063">
        <ele>545.02999999999997</ele>
      </trkpt>
      <trkpt lat="42.962502418085933" lon="-1.618404434993863">
        <ele>544.99000000000001</ele>
      </trkpt>
      <trkpt lat="42.962342323735356" lon="-1.618292285129428">
        <ele>544.58000000000004</ele>
      </trkpt>
      <trkpt lat="42.962315082550049" lon="-1.618273258209229">
        <ele>544.54999999999995</ele>
      </trkpt>
      <trkpt lat="42.962308125570416" lon="-1.618268061429262">
        <ele>544.5</ele>
      </trkpt>
      <trkpt lat="42.962150378152728" lon="-1.61814970895648">
        <ele>544.10000000000002</ele>
      </trkpt>
      <trkpt lat="42.962143421173096" lon="-1.618144512176514">
        <ele>544.10000000000002</ele>
      </trkpt>
      <trkpt lat="42.962077120319009" lon="-1.618083072826266">
        <ele>543.97000000000003</ele>
      </trkpt>
      <trkpt lat="42.961928173899651" lon="-1.617945190519095">
        <ele>543.64999999999998</ele>
      </trkpt>
      <trkpt lat="42.961779311299324" lon="-1.617807392030954">
        <ele>543.32000000000005</ele>
      </trkpt>
      <trkpt lat="42.961630364879966" lon="-1.617669509723783">
        <ele>543.16999999999996</ele>
      </trkpt>
      <trkpt lat="42.961564064025879" lon="-1.617608070373535">
        <ele>543.24000000000001</ele>
      </trkpt>
      <trkpt lat="42.961499691009521" lon="-1.617565155029297">
        <ele>543.03999999999996</ele>
      </trkpt>
      <trkpt lat="42.961479490622878" lon="-1.617547469213605">
        <ele>542.96000000000004</ele>
      </trkpt>
      <trkpt lat="42.961328029632568" lon="-1.617414951324463">
        <ele>542.38999999999999</ele>
      </trkpt>
      <trkpt lat="42.961176568642259" lon="-1.617282433435321">
        <ele>542.11000000000001</ele>
      </trkpt>
      <trkpt lat="42.961156368255615" lon="-1.617264747619629">
        <ele>542.03999999999996</ele>
      </trkpt>
      <trkpt lat="42.961106495931745" lon="-1.617230381816626">
        <ele>541.95000000000005</ele>
      </trkpt>
      <trkpt lat="42.960945814847946" lon="-1.617119573056698">
        <ele>541.84000000000003</ele>
      </trkpt>
      <trkpt lat="42.960785217583179" lon="-1.61700876429677">
        <ele>541.70000000000005</ele>
      </trkpt>
      <trkpt lat="42.960624536499381" lon="-1.616897955536842">
        <ele>541.50999999999999</ele>
      </trkpt>
      <trkpt lat="42.960463939234614" lon="-1.616787230595946">
        <ele>541.29999999999995</ele>
      </trkpt>
      <trkpt lat="42.960303258150816" lon="-1.616676421836019">
        <ele>541.11000000000001</ele>
      </trkpt>
      <trkpt lat="42.960142660886049" lon="-1.616565613076091">
        <ele>540.89999999999998</ele>
      </trkpt>
      <trkpt lat="42.959981979802251" lon="-1.616454804316163">
        <ele>540.66999999999996</ele>
      </trkpt>
      <trkpt lat="42.959821382537484" lon="-1.616344079375267">
        <ele>540.51999999999998</ele>
      </trkpt>
      <trkpt lat="42.959660701453686" lon="-1.616233270615339">
        <ele>540.17999999999995</ele>
      </trkpt>
      <trkpt lat="42.959500104188919" lon="-1.616122461855412">
        <ele>540.01999999999998</ele>
      </trkpt>
      <trkpt lat="42.959339423105121" lon="-1.616011653095484">
        <ele>539.82000000000005</ele>
      </trkpt>
      <trkpt lat="42.95928955078125" lon="-1.615977287292481">
        <ele>539.79999999999995</ele>
      </trkpt>
      <trkpt lat="42.95928955078125" lon="-1.615977287292481">
        <ele>539.79999999999995</ele>
      </trkpt>
      <trkpt lat="42.959311008453369" lon="-1.615784168243408">
        <ele>540.27999999999997</ele>
      </trkpt>
      <trkpt lat="42.959312349557877" lon="-1.615733290091157">
        <ele>540.46000000000004</ele>
      </trkpt>
      <trkpt lat="42.959318635985255" lon="-1.615488287061453">
        <ele>541.12</ele>
      </trkpt>
      <trkpt lat="42.959324838593602" lon="-1.615243200212717">
        <ele>541.84000000000003</ele>
      </trkpt>
      <trkpt lat="42.959331125020981" lon="-1.614998197183013">
        <ele>542.63999999999999</ele>
      </trkpt>
      <trkpt lat="42.959332466125488" lon="-1.614947319030762">
        <ele>542.84000000000003</ele>
      </trkpt>
      <trkpt lat="42.959332466125488" lon="-1.614840030670166">
        <ele>545.22000000000003</ele>
      </trkpt>
      <trkpt lat="42.959332466125488" lon="-1.61473274230957">
        <ele>543.62</ele>
      </trkpt>
      <trkpt lat="42.959332466125488" lon="-1.614539623260498">
        <ele>544.39999999999998</ele>
      </trkpt>
      <trkpt lat="42.959332466125488" lon="-1.614452200010419">
        <ele>544.95000000000005</ele>
      </trkpt>
      <trkpt lat="42.959332466125488" lon="-1.614207029342651">
        <ele>546.10000000000002</ele>
      </trkpt>
      <trkpt lat="42.959332466125488" lon="-1.613961858674884">
        <ele>547.42999999999995</ele>
      </trkpt>
      <trkpt lat="42.959332466125488" lon="-1.613874435424805">
        <ele>548.00999999999999</ele>
      </trkpt>
      <trkpt lat="42.95928955078125" lon="-1.613638401031494">
        <ele>549.53999999999996</ele>
      </trkpt>
      <trkpt lat="42.959225177764893" lon="-1.613423824310303">
        <ele>551.25</ele>
      </trkpt>
      <trkpt lat="42.959160804748535" lon="-1.613295078277588">
        <ele>552.27999999999997</ele>
      </trkpt>
      <trkpt lat="42.959116883575916" lon="-1.613223161548376">
        <ele>552.90999999999997</ele>
      </trkpt>
      <trkpt lat="42.959001800045371" lon="-1.613034652546048">
        <ele>554.44000000000005</ele>
      </trkpt>
      <trkpt lat="42.958886716514826" lon="-1.612846059724689">
        <ele>555.53999999999996</ele>
      </trkpt>
      <trkpt lat="42.958771632984281" lon="-1.612657550722361">
        <ele>556.71000000000004</ele>
      </trkpt>
      <trkpt lat="42.958656549453735" lon="-1.612468957901001">
        <ele>557.74000000000001</ele>
      </trkpt>
      <trkpt lat="42.95854146592319" lon="-1.612280365079641">
        <ele>558.61000000000001</ele>
      </trkpt>
      <trkpt lat="42.958426382392645" lon="-1.612091856077313">
        <ele>559.47000000000003</ele>
      </trkpt>
      <trkpt lat="42.9583112988621" lon="-1.611903263255954">
        <ele>560.40999999999997</ele>
      </trkpt>
      <trkpt lat="42.958196215331554" lon="-1.611714754253626">
        <ele>561.20000000000005</ele>
      </trkpt>
      <trkpt lat="42.958152294158936" lon="-1.611642837524414">
        <ele>561.37</ele>
      </trkpt>
      <trkpt lat="42.958109378814697" lon="-1.611557006835938">
        <ele>561.63</ele>
      </trkpt>
      <trkpt lat="42.958087921142578" lon="-1.611428260803223">
        <ele>561.98000000000002</ele>
      </trkpt>
      <trkpt lat="42.958102924749255" lon="-1.61127126775682">
        <ele>562.37</ele>
      </trkpt>
      <trkpt lat="42.958105355501175" lon="-1.611246038228273">
        <ele>562.34000000000003</ele>
      </trkpt>
      <trkpt lat="42.958128405734897" lon="-1.611002879217267">
        <ele>562.94000000000005</ele>
      </trkpt>
      <trkpt lat="42.958130836486816" lon="-1.610977649688721">
        <ele>563.01999999999998</ele>
      </trkpt>
      <trkpt lat="42.958130836486816" lon="-1.61074161529541">
        <ele>563.54999999999995</ele>
      </trkpt>
      <trkpt lat="42.958121197298169" lon="-1.610689647495747">
        <ele>563.72000000000003</ele>
      </trkpt>
      <trkpt lat="42.958077192306519" lon="-1.610451936721802">
        <ele>564.47000000000003</ele>
      </trkpt>
      <trkpt lat="42.958033187314868" lon="-1.610214225947857">
        <ele>565.33000000000004</ele>
      </trkpt>
      <trkpt lat="42.958023548126221" lon="-1.610162258148193">
        <ele>565.38999999999999</ele>
      </trkpt>
      <trkpt lat="42.957980632781982" lon="-1.609947681427002">
        <ele>566.17999999999995</ele>
      </trkpt>
      <trkpt lat="42.958002090454102" lon="-1.609818935394287">
        <ele>566.50999999999999</ele>
      </trkpt>
      <trkpt lat="42.958023548126221" lon="-1.609776020050049">
        <ele>566.94000000000005</ele>
      </trkpt>
      <trkpt lat="42.958066463470459" lon="-1.609733104705811">
        <ele>567.25999999999999</ele>
      </trkpt>
      <trkpt lat="42.958130836486816" lon="-1.609733104705811">
        <ele>567.46000000000004</ele>
      </trkpt>
      <trkpt lat="42.958238124847412" lon="-1.60975456237793">
        <ele>567.77999999999997</ele>
      </trkpt>
      <trkpt lat="42.95823946595192" lon="-1.609755232930183">
        <ele>567.77999999999997</ele>
      </trkpt>
      <trkpt lat="42.958408445119858" lon="-1.609839722514153">
        <ele>568.51999999999998</ele>
      </trkpt>
      <trkpt lat="42.958409786224365" lon="-1.609840393066406">
        <ele>568.51999999999998</ele>
      </trkpt>
      <trkpt lat="42.958462173119187" lon="-1.609882554039359">
        <ele>568.84000000000003</ele>
      </trkpt>
      <trkpt lat="42.958617154508829" lon="-1.610007276758552">
        <ele>569.70000000000005</ele>
      </trkpt>
      <trkpt lat="42.958772135898471" lon="-1.610132083296776">
        <ele>570.34000000000003</ele>
      </trkpt>
      <trkpt lat="42.958927201107144" lon="-1.610256806015968">
        <ele>571.11000000000001</ele>
      </trkpt>
      <trkpt lat="42.959082182496786" lon="-1.610381612554193">
        <ele>571.76999999999998</ele>
      </trkpt>
      <trkpt lat="42.959237163886428" lon="-1.610506335273385">
        <ele>572.54999999999995</ele>
      </trkpt>
      <trkpt lat="42.95928955078125" lon="-1.610548496246338">
        <ele>572.75</ele>
      </trkpt>
      <trkpt lat="42.959353923797607" lon="-1.610569953918457">
        <ele>572.89999999999998</ele>
      </trkpt>
      <trkpt lat="42.959396839141846" lon="-1.610548496246338">
        <ele>572.99000000000001</ele>
      </trkpt>
      <trkpt lat="42.959461212158203" lon="-1.6105055809021">
        <ele>573.10000000000002</ele>
      </trkpt>
      <trkpt lat="42.959482669830322" lon="-1.610441207885742">
        <ele>573.21000000000004</ele>
      </trkpt>
      <trkpt lat="42.959482669830322" lon="-1.610291004180908">
        <ele>573.22000000000003</ele>
      </trkpt>
      <trkpt lat="42.959474707022309" lon="-1.610219087451696">
        <ele>573.25</ele>
      </trkpt>
      <trkpt lat="42.959447717294097" lon="-1.609976682811976">
        <ele>573.84000000000003</ele>
      </trkpt>
      <trkpt lat="42.959439754486084" lon="-1.609904766082764">
        <ele>574.07000000000005</ele>
      </trkpt>
      <trkpt lat="42.959429863840342" lon="-1.609851876273751">
        <ele>574.32000000000005</ele>
      </trkpt>
      <trkpt lat="42.959385272115469" lon="-1.60961433313787">
        <ele>574.97000000000003</ele>
      </trkpt>
      <trkpt lat="42.959375381469727" lon="-1.609561443328857">
        <ele>575.19000000000005</ele>
      </trkpt>
      <trkpt lat="42.959353923797607" lon="-1.609411239624023">
        <ele>575.70000000000005</ele>
      </trkpt>
      <trkpt lat="42.959375381469727" lon="-1.609325408935547">
        <ele>575.82000000000005</ele>
      </trkpt>
      <trkpt lat="42.959380578249693" lon="-1.609302861616015">
        <ele>575.80999999999995</ele>
      </trkpt>
      <trkpt lat="42.959434557706118" lon="-1.60906900651753">
        <ele>576.82000000000005</ele>
      </trkpt>
      <trkpt lat="42.959439754486084" lon="-1.609046459197998">
        <ele>576.89999999999998</ele>
      </trkpt>
      <trkpt lat="42.959461212158203" lon="-1.608939170837402">
        <ele>577.55999999999995</ele>
      </trkpt>
      <trkpt lat="42.959439754486084" lon="-1.608831882476807">
        <ele>577.99000000000001</ele>
      </trkpt>
      <trkpt lat="42.959419554099441" lon="-1.608763318508863">
        <ele>578.24000000000001</ele>
      </trkpt>
      <trkpt lat="42.959352666512132" lon="-1.608535666018724">
        <ele>579.04999999999995</ele>
      </trkpt>
      <trkpt lat="42.959332466125488" lon="-1.608467102050781">
        <ele>579.40999999999997</ele>
      </trkpt>
      <trkpt lat="42.959268093109131" lon="-1.608381271362305">
        <ele>579.66999999999996</ele>
      </trkpt>
      <trkpt lat="42.959228362888098" lon="-1.608333578333259">
        <ele>579.82000000000005</ele>
      </trkpt>
      <trkpt lat="42.959093246608973" lon="-1.608171472325921">
        <ele>580.39999999999998</ele>
      </trkpt>
      <trkpt lat="42.959053516387939" lon="-1.608123779296875">
        <ele>580.55999999999995</ele>
      </trkpt>
      <trkpt lat="42.958967685699463" lon="-1.607909202575684">
        <ele>581.25999999999999</ele>
      </trkpt>
      <trkpt lat="42.958961986005306" lon="-1.607892103493214">
        <ele>581.37</ele>
      </trkpt>
      <trkpt lat="42.958887554705143" lon="-1.607668809592724">
        <ele>582.25</ele>
      </trkpt>
      <trkpt lat="42.958881855010986" lon="-1.607651710510254">
        <ele>582.28999999999996</ele>
      </trkpt>
      <trkpt lat="42.958881855010986" lon="-1.60750150680542">
        <ele>582.64999999999998</ele>
      </trkpt>
      <trkpt lat="42.958903312683105" lon="-1.607286930084229">
        <ele>583.21000000000004</ele>
      </trkpt>
      <trkpt lat="42.958917561918497" lon="-1.6072469484061">
        <ele>583.26999999999998</ele>
      </trkpt>
      <trkpt lat="42.95899635180831" lon="-1.607026504352689">
        <ele>584.38</ele>
      </trkpt>
      <trkpt lat="42.959010601043701" lon="-1.606986522674561">
        <ele>584.71000000000004</ele>
      </trkpt>
      <trkpt lat="42.959010601043701" lon="-1.606980403885245">
        <ele>584.71000000000004</ele>
      </trkpt>
      <trkpt lat="42.959010601043701" lon="-1.606735149398446">
        <ele>585.86000000000001</ele>
      </trkpt>
      <trkpt lat="42.959010601043701" lon="-1.606729030609131">
        <ele>585.86000000000001</ele>
      </trkpt>
      <trkpt lat="42.958989143371582" lon="-1.606621742248535">
        <ele>586.47000000000003</ele>
      </trkpt>
      <trkpt lat="42.958960141986609" lon="-1.606555357575417">
        <ele>586.78999999999996</ele>
      </trkpt>
      <trkpt lat="42.958867941051722" lon="-1.606344804167748">
        <ele>587.87</ele>
      </trkpt>
      <trkpt lat="42.958838939666748" lon="-1.606278419494629">
        <ele>588.08000000000004</ele>
      </trkpt>
      <trkpt lat="42.958820583298802" lon="-1.606219578534365">
        <ele>588.30999999999995</ele>
      </trkpt>
      <trkpt lat="42.958750007674098" lon="-1.605993937700987">
        <ele>589.15999999999997</ele>
      </trkpt>
      <trkpt lat="42.958731651306152" lon="-1.605935096740723">
        <ele>589.40999999999997</ele>
      </trkpt>
      <trkpt lat="42.958730142563581" lon="-1.605925876647234">
        <ele>589.40999999999997</ele>
      </trkpt>
      <trkpt lat="42.958690244704485" lon="-1.605686824768782">
        <ele>590.11000000000001</ele>
      </trkpt>
      <trkpt lat="42.958688735961914" lon="-1.605677604675293">
        <ele>590.11000000000001</ele>
      </trkpt>
      <trkpt lat="42.958688735961914" lon="-1.605591773986816">
        <ele>590.53999999999996</ele>
      </trkpt>
      <trkpt lat="42.958710193634033" lon="-1.605527400970459">
        <ele>591.05999999999995</ele>
      </trkpt>
      <trkpt lat="42.958711534738541" lon="-1.605526730418205">
        <ele>591.05999999999995</ele>
      </trkpt>
      <trkpt lat="42.958880513906479" lon="-1.605442240834236">
        <ele>591.87</ele>
      </trkpt>
      <trkpt lat="42.958881855010986" lon="-1.605441570281982">
        <ele>591.96000000000004</ele>
      </trkpt>
      <trkpt lat="42.958967685699463" lon="-1.605377197265625">
        <ele>592.40999999999997</ele>
      </trkpt>
      <trkpt lat="42.959010601043701" lon="-1.605312824249268">
        <ele>592.80999999999995</ele>
      </trkpt>
      <trkpt lat="42.959037087857723" lon="-1.605227496474981">
        <ele>593.13999999999999</ele>
      </trkpt>
      <trkpt lat="42.959107160568237" lon="-1.60500168800354">
        <ele>594.32000000000005</ele>
      </trkpt>
      <trkpt lat="42.959177233278751" lon="-1.604775879532099">
        <ele>595.41999999999996</ele>
      </trkpt>
      <trkpt lat="42.959203720092773" lon="-1.604690551757813">
        <ele>595.76999999999998</ele>
      </trkpt>
      <trkpt lat="42.959215622395277" lon="-1.604660209268332">
        <ele>595.83000000000004</ele>
      </trkpt>
      <trkpt lat="42.95930027961731" lon="-1.604443788528442">
        <ele>596.85000000000002</ele>
      </trkpt>
      <trkpt lat="42.959384936839342" lon="-1.604227367788553">
        <ele>597.84000000000003</ele>
      </trkpt>
      <trkpt lat="42.959396839141846" lon="-1.604197025299072">
        <ele>597.99000000000001</ele>
      </trkpt>
      <trkpt lat="42.959413938224316" lon="-1.604111697524786">
        <ele>598.25</ele>
      </trkpt>
      <trkpt lat="42.959461212158203" lon="-1.603875160217285">
        <ele>599.14999999999998</ele>
      </trkpt>
      <trkpt lat="42.959508486092091" lon="-1.603638622909784">
        <ele>600.36000000000001</ele>
      </trkpt>
      <trkpt lat="42.959525585174561" lon="-1.603553295135498">
        <ele>600.63</ele>
      </trkpt>
      <trkpt lat="42.959530362859368" lon="-1.603518007323146">
        <ele>600.84000000000003</ele>
      </trkpt>
      <trkpt lat="42.959562968462706" lon="-1.603276859968901">
        <ele>601.41999999999996</ele>
      </trkpt>
      <trkpt lat="42.959595490247011" lon="-1.603035796433687">
        <ele>601.98000000000002</ele>
      </trkpt>
      <trkpt lat="42.959628095850348" lon="-1.602794649079442">
        <ele>602.96000000000004</ele>
      </trkpt>
      <trkpt lat="42.959632873535156" lon="-1.60275936126709">
        <ele>603.05999999999995</ele>
      </trkpt>
      <trkpt lat="42.959635471925139" lon="-1.602720553055406">
        <ele>603.25999999999999</ele>
      </trkpt>
      <trkpt lat="42.959651732817292" lon="-1.602476304396987">
        <ele>604.39999999999998</ele>
      </trkpt>
      <trkpt lat="42.959654331207275" lon="-1.602437496185303">
        <ele>604.66999999999996</ele>
      </trkpt>
      <trkpt lat="42.959652990102768" lon="-1.602419978007674">
        <ele>604.66999999999996</ele>
      </trkpt>
      <trkpt lat="42.959634214639664" lon="-1.602176064625382">
        <ele>605.66999999999996</ele>
      </trkpt>
      <trkpt lat="42.959632873535156" lon="-1.602158546447754">
        <ele>605.73000000000002</ele>
      </trkpt>
      <trkpt lat="42.959654331207275" lon="-1.60200834274292">
        <ele>606.40999999999997</ele>
      </trkpt>
      <trkpt lat="42.959697246551514" lon="-1.601858139038086">
        <ele>607.01999999999998</ele>
      </trkpt>
      <trkpt lat="42.959709400311112" lon="-1.601812457665801">
        <ele>607.38</ele>
      </trkpt>
      <trkpt lat="42.959770923480392" lon="-1.601581955328584">
        <ele>608.32000000000005</ele>
      </trkpt>
      <trkpt lat="42.95978307723999" lon="-1.601536273956299">
        <ele>608.46000000000004</ele>
      </trkpt>
      <trkpt lat="42.959814174100757" lon="-1.601460836827755">
        <ele>608.85000000000002</ele>
      </trkpt>
      <trkpt lat="42.959902184084058" lon="-1.601246930658817">
        <ele>609.91999999999996</ele>
      </trkpt>
      <trkpt lat="42.959933280944824" lon="-1.601171493530273">
        <ele>610.21000000000004</ele>
      </trkpt>
      <trkpt lat="42.959936214610934" lon="-1.601163865998387">
        <ele>610.21000000000004</ele>
      </trkpt>
      <trkpt lat="42.960019111633301" lon="-1.600946187973023">
        <ele>611.15999999999997</ele>
      </trkpt>
      <trkpt lat="42.960102008655667" lon="-1.600728509947658">
        <ele>612.10000000000002</ele>
      </trkpt>
      <trkpt lat="42.960104942321777" lon="-1.600720882415772">
        <ele>612.10000000000002</ele>
      </trkpt>
      <trkpt lat="42.960104942321777" lon="-1.600549221038818">
        <ele>613</ele>
      </trkpt>
      <trkpt lat="42.960079628974199" lon="-1.600511251017451">
        <ele>613.23000000000002</ele>
      </trkpt>
      <trkpt lat="42.959958594292402" lon="-1.600329698994756">
        <ele>614.19000000000005</ele>
      </trkpt>
      <trkpt lat="42.959933280944824" lon="-1.600291728973389">
        <ele>614.38999999999999</ele>
      </trkpt>
      <trkpt lat="42.959890365600586" lon="-1.600055694580078">
        <ele>615.51999999999998</ele>
      </trkpt>
      <trkpt lat="42.959890365600586" lon="-1.600038846954703">
        <ele>615.51999999999998</ele>
      </trkpt>
      <trkpt lat="42.959890365600586" lon="-1.599793592467904">
        <ele>616.86000000000001</ele>
      </trkpt>
      <trkpt lat="42.959890365600586" lon="-1.599776744842529">
        <ele>617.04999999999995</ele>
      </trkpt>
      <trkpt lat="42.959900004789233" lon="-1.599724777042866">
        <ele>617.23000000000002</ele>
      </trkpt>
      <trkpt lat="42.959944009780884" lon="-1.599487066268921">
        <ele>618.42999999999995</ele>
      </trkpt>
      <trkpt lat="42.959988014772534" lon="-1.599249355494976">
        <ele>619.40999999999997</ele>
      </trkpt>
      <trkpt lat="42.959997653961182" lon="-1.599197387695313">
        <ele>619.75999999999999</ele>
      </trkpt>
      <trkpt lat="42.959997653961182" lon="-1.599047183990479">
        <ele>620.65999999999997</ele>
      </trkpt>
      <trkpt lat="42.959980806335807" lon="-1.598971411585808">
        <ele>621.05999999999995</ele>
      </trkpt>
      <trkpt lat="42.95992867089808" lon="-1.598736718297005">
        <ele>621.98000000000002</ele>
      </trkpt>
      <trkpt lat="42.959911823272705" lon="-1.598660945892334">
        <ele>622.25</ele>
      </trkpt>
      <trkpt lat="42.959890365600586" lon="-1.598467826843262">
        <ele>623.04999999999995</ele>
      </trkpt>
      <trkpt lat="42.959890365600586" lon="-1.598360538482666">
        <ele>623.60000000000002</ele>
      </trkpt>
      <trkpt lat="42.959933280944824" lon="-1.598210334777832">
        <ele>624</ele>
      </trkpt>
      <trkpt lat="42.959954738616943" lon="-1.598103046417236">
        <ele>624.26999999999998</ele>
      </trkpt>
      <trkpt lat="42.96004056930542" lon="-1.597952842712402">
        <ele>624.44000000000005</ele>
      </trkpt>
      <trkpt lat="42.960126399993896" lon="-1.597888469696045">
        <ele>624.47000000000003</ele>
      </trkpt>
      <trkpt lat="42.960212230682373" lon="-1.597824096679688">
        <ele>624.33000000000004</ele>
      </trkpt>
      <trkpt lat="42.96023310162127" lon="-1.597815714776516">
        <ele>624.38</ele>
      </trkpt>
      <trkpt lat="42.960405936464667" lon="-1.597746647894383">
        <ele>624.25</ele>
      </trkpt>
      <trkpt lat="42.960426807403564" lon="-1.597738265991211">
        <ele>624.28999999999996</ele>
      </trkpt>
      <trkpt lat="42.960491180419922" lon="-1.597695350646973">
        <ele>624.39999999999998</ele>
      </trkpt>
      <trkpt lat="42.96053409576416" lon="-1.597588062286377">
        <ele>624.66999999999996</ele>
      </trkpt>
      <trkpt lat="42.960577011108398" lon="-1.597352027893066">
        <ele>625.38</ele>
      </trkpt>
      <trkpt lat="42.960577681660652" lon="-1.597346663475037">
        <ele>625.38</ele>
      </trkpt>
      <trkpt lat="42.960609197616577" lon="-1.597105264663696">
        <ele>626.34000000000003</ele>
      </trkpt>
      <trkpt lat="42.960640713572502" lon="-1.596863865852356">
        <ele>627.29999999999995</ele>
      </trkpt>
      <trkpt lat="42.960641384124756" lon="-1.596858501434326">
        <ele>627.29999999999995</ele>
      </trkpt>
      <trkpt lat="42.960641384124756" lon="-1.596708297729492">
        <ele>627.76999999999998</ele>
      </trkpt>
      <trkpt lat="42.960636019706726" lon="-1.596667980775237">
        <ele>627.94000000000005</ele>
      </trkpt>
      <trkpt lat="42.960603833198547" lon="-1.59642674960196">
        <ele>628.96000000000004</ele>
      </trkpt>
      <trkpt lat="42.960598468780518" lon="-1.596386432647705">
        <ele>629.28999999999996</ele>
      </trkpt>
      <trkpt lat="42.960580363869667" lon="-1.596300434321165">
        <ele>629.57000000000005</ele>
      </trkpt>
      <trkpt lat="42.960530743002892" lon="-1.596064735203981">
        <ele>630.90999999999997</ele>
      </trkpt>
      <trkpt lat="42.960512638092041" lon="-1.595978736877441">
        <ele>631.22000000000003</ele>
      </trkpt>
      <trkpt lat="42.960512638092041" lon="-1.595928110182285">
        <ele>631.48000000000002</ele>
      </trkpt>
      <trkpt lat="42.960512638092041" lon="-1.595682939514518">
        <ele>632.55999999999995</ele>
      </trkpt>
      <trkpt lat="42.960512638092041" lon="-1.595437685027719">
        <ele>633.72000000000003</ele>
      </trkpt>
      <trkpt lat="42.960512638092041" lon="-1.595192514359951">
        <ele>634.5</ele>
      </trkpt>
      <trkpt lat="42.960512638092041" lon="-1.595141887664795">
        <ele>634.74000000000001</ele>
      </trkpt>
      <trkpt lat="42.960491180419922" lon="-1.595034599304199">
        <ele>635.02999999999997</ele>
      </trkpt>
      <trkpt lat="42.960426807403564" lon="-1.594948768615723">
        <ele>635.45000000000005</ele>
      </trkpt>
      <trkpt lat="42.96029806137085" lon="-1.594841480255127">
        <ele>636.36000000000001</ele>
      </trkpt>
      <trkpt lat="42.960169315338135" lon="-1.594712734222412">
        <ele>637.47000000000003</ele>
      </trkpt>
      <trkpt lat="42.960161436349154" lon="-1.594701418653131">
        <ele>637.61000000000001</ele>
      </trkpt>
      <trkpt lat="42.960037970915437" lon="-1.594522967934609">
        <ele>638.61000000000001</ele>
      </trkpt>
      <trkpt lat="42.959914421662688" lon="-1.594344601035118">
        <ele>639.67999999999995</ele>
      </trkpt>
      <trkpt lat="42.959790956228971" lon="-1.594166150316596">
        <ele>640.75</ele>
      </trkpt>
      <trkpt lat="42.95978307723999" lon="-1.594154834747315">
        <ele>640.91999999999996</ele>
      </trkpt>
      <trkpt lat="42.959675788879395" lon="-1.593961715698242">
        <ele>641.73000000000002</ele>
      </trkpt>
      <trkpt lat="42.959654331207275" lon="-1.593875885009766">
        <ele>641.88999999999999</ele>
      </trkpt>
      <trkpt lat="42.959637818858027" lon="-1.593791395425797">
        <ele>641.89999999999998</ele>
      </trkpt>
      <trkpt lat="42.959591634571552" lon="-1.593554439023137">
        <ele>641.65999999999997</ele>
      </trkpt>
      <trkpt lat="42.959545366466045" lon="-1.593317566439509">
        <ele>641.5</ele>
      </trkpt>
      <trkpt lat="42.95949918217957" lon="-1.59308061003685">
        <ele>641.90999999999997</ele>
      </trkpt>
      <trkpt lat="42.959482669830322" lon="-1.592996120452881">
        <ele>642.24000000000001</ele>
      </trkpt>
      <trkpt lat="42.959418296813965" lon="-1.592867374420166">
        <ele>642.78999999999996</ele>
      </trkpt>
      <trkpt lat="42.959353923797607" lon="-1.592824459075928">
        <ele>643.05999999999995</ele>
      </trkpt>
      <trkpt lat="42.959292735904455" lon="-1.592780705541372">
        <ele>643.38999999999999</ele>
      </trkpt>
      <trkpt lat="42.959133228287101" lon="-1.592666795477271">
        <ele>644.11000000000001</ele>
      </trkpt>
      <trkpt lat="42.958973804488778" lon="-1.592552969232202">
        <ele>644.52999999999997</ele>
      </trkpt>
      <trkpt lat="42.958814296871424" lon="-1.5924390591681">
        <ele>644.85000000000002</ele>
      </trkpt>
      <trkpt lat="42.958753108978271" lon="-1.592395305633545">
        <ele>645.11000000000001</ele>
      </trkpt>
      <trkpt lat="42.958624362945557" lon="-1.592245101928711">
        <ele>645.25</ele>
      </trkpt>
      <trkpt lat="42.958559989929199" lon="-1.592116355895996">
        <ele>645.30999999999995</ele>
      </trkpt>
      <trkpt lat="42.958559989929199" lon="-1.591987609863281">
        <ele>645.46000000000004</ele>
      </trkpt>
      <trkpt lat="42.958667278289795" lon="-1.591815948486328">
        <ele>645.30999999999995</ele>
      </trkpt>
      <trkpt lat="42.958699632436037" lon="-1.591782169416547">
        <ele>645.30999999999995</ele>
      </trkpt>
      <trkpt lat="42.958842543885112" lon="-1.591633055359125">
        <ele>645.19000000000005</ele>
      </trkpt>
      <trkpt lat="42.958985539153218" lon="-1.591483857482672">
        <ele>645.09000000000003</ele>
      </trkpt>
      <trkpt lat="42.959128450602293" lon="-1.59133474342525">
        <ele>645.32000000000005</ele>
      </trkpt>
      <trkpt lat="42.959160804748535" lon="-1.591300964355469">
        <ele>645.5</ele>
      </trkpt>
      <trkpt lat="42.959246635437012" lon="-1.591236591339111">
        <ele>645.75999999999999</ele>
      </trkpt>
      <trkpt lat="42.959353923797607" lon="-1.591236591339111">
        <ele>645.67999999999995</ele>
      </trkpt>
      <trkpt lat="42.959427433088422" lon="-1.591261066496372">
        <ele>645.65999999999997</ele>
      </trkpt>
      <trkpt lat="42.95960227958858" lon="-1.591319404542446">
        <ele>645.88</ele>
      </trkpt>
      <trkpt lat="42.959675788879395" lon="-1.591343879699707">
        <ele>646.03999999999996</ele>
      </trkpt>
      <trkpt lat="42.959825992584229" lon="-1.591343879699707">
        <ele>646.08000000000004</ele>
      </trkpt>
      <trkpt lat="42.959933280944824" lon="-1.591322422027588">
        <ele>646.13</ele>
      </trkpt>
      <trkpt lat="42.959989020600915" lon="-1.591292414814234">
        <ele>646.12</ele>
      </trkpt>
      <trkpt lat="42.960156491026282" lon="-1.591202225536108">
        <ele>646.5</ele>
      </trkpt>
      <trkpt lat="42.960212230682373" lon="-1.591172218322754">
        <ele>646.57000000000005</ele>
      </trkpt>
      <trkpt lat="42.960295295342803" lon="-1.591151431202889">
        <ele>646.63</ele>
      </trkpt>
      <trkpt lat="42.960472488775849" lon="-1.591107174754143">
        <ele>646.66999999999996</ele>
      </trkpt>
      <trkpt lat="42.960555553436279" lon="-1.591086387634277">
        <ele>646.71000000000004</ele>
      </trkpt>
      <trkpt lat="42.960619926452637" lon="-1.59102201461792">
        <ele>646.92999999999995</ele>
      </trkpt>
      <trkpt lat="42.960619926452637" lon="-1.590957641601563">
        <ele>646.97000000000003</ele>
      </trkpt>
      <trkpt lat="42.960619926452637" lon="-1.590850353240967">
        <ele>647.22000000000003</ele>
      </trkpt>
      <trkpt lat="42.960555553436279" lon="-1.59076452255249">
        <ele>647.37</ele>
      </trkpt>
      <trkpt lat="42.960448265075684" lon="-1.590678691864014">
        <ele>647.59000000000003</ele>
      </trkpt>
      <trkpt lat="42.960392944514751" lon="-1.590652372688055">
        <ele>647.60000000000002</ele>
      </trkpt>
      <trkpt lat="42.960222959518433" lon="-1.590571403503418">
        <ele>648.13</ele>
      </trkpt>
      <trkpt lat="42.960052974522114" lon="-1.590490434318781">
        <ele>648.49000000000001</ele>
      </trkpt>
      <trkpt lat="42.959997653961182" lon="-1.590464115142822">
        <ele>648.60000000000002</ele>
      </trkpt>
      <trkpt lat="42.959954738616943" lon="-1.590399742126465">
        <ele>648.65999999999997</ele>
      </trkpt>
      <trkpt lat="42.959911823272705" lon="-1.59027099609375">
        <ele>648.71000000000004</ele>
      </trkpt>
      <trkpt lat="42.959933280944824" lon="-1.590056419372559">
        <ele>648.60000000000002</ele>
      </trkpt>
      <trkpt lat="42.959948033094406" lon="-1.59001786261797">
        <ele>648.58000000000004</ele>
      </trkpt>
      <trkpt lat="42.960031181573868" lon="-1.589800352230668">
        <ele>648.5</ele>
      </trkpt>
      <trkpt lat="42.960114330053329" lon="-1.589582925662398">
        <ele>649</ele>
      </trkpt>
      <trkpt lat="42.960197478532791" lon="-1.589365415275097">
        <ele>649.88</ele>
      </trkpt>
      <trkpt lat="42.960212230682373" lon="-1.589326858520508">
        <ele>650.13</ele>
      </trkpt>
      <trkpt lat="42.960255146026611" lon="-1.58928394317627">
        <ele>650.28999999999996</ele>
      </trkpt>
      <trkpt lat="42.960340976715088" lon="-1.589241027832031">
        <ele>650.38</ele>
      </trkpt>
      <trkpt lat="42.960369139909744" lon="-1.589238429442048">
        <ele>650.45000000000005</ele>
      </trkpt>
      <trkpt lat="42.960548847913742" lon="-1.589222168549895">
        <ele>650.86000000000001</ele>
      </trkpt>
      <trkpt lat="42.960577011108398" lon="-1.589219570159912">
        <ele>651.04999999999995</ele>
      </trkpt>
      <trkpt lat="42.960598468780518" lon="-1.589176654815674">
        <ele>651.11000000000001</ele>
      </trkpt>
      <trkpt lat="42.960641384124756" lon="-1.589090824127197">
        <ele>651.77999999999997</ele>
      </trkpt>
      <trkpt lat="42.960619926452637" lon="-1.589004993438721">
        <ele>652.46000000000004</ele>
      </trkpt>
      <trkpt lat="42.960512638092041" lon="-1.588854789733887">
        <ele>653.65999999999997</ele>
      </trkpt>
      <trkpt lat="42.960493611171842" lon="-1.588810449466109">
        <ele>653.94000000000005</ele>
      </trkpt>
      <trkpt lat="42.960402918979526" lon="-1.588598722591996">
        <ele>655.28999999999996</ele>
      </trkpt>
      <trkpt lat="42.960383892059326" lon="-1.588554382324219">
        <ele>655.63</ele>
      </trkpt>
      <trkpt lat="42.960383053869009" lon="-1.588551281020045">
        <ele>655.63</ele>
      </trkpt>
      <trkpt lat="42.960320357233286" lon="-1.588321449235082">
        <ele>657.34000000000003</ele>
      </trkpt>
      <trkpt lat="42.960319519042969" lon="-1.588318347930908">
        <ele>657.34000000000003</ele>
      </trkpt>
      <trkpt lat="42.960309628397226" lon="-1.588214579969645">
        <ele>657.91999999999996</ele>
      </trkpt>
      <trkpt lat="42.960286494344473" lon="-1.58797150477767">
        <ele>659.29999999999995</ele>
      </trkpt>
      <trkpt lat="42.96027660369873" lon="-1.587867736816406">
        <ele>659.88</ele>
      </trkpt>
      <trkpt lat="42.960212230682373" lon="-1.587717533111572">
        <ele>660.66999999999996</ele>
      </trkpt>
      <trkpt lat="42.960169315338135" lon="-1.587631702423096">
        <ele>661.15999999999997</ele>
      </trkpt>
      <trkpt lat="42.960104942321777" lon="-1.587438583374023">
        <ele>660.90999999999997</ele>
      </trkpt>
      <trkpt lat="42.960083484649658" lon="-1.587374210357666">
        <ele>660.64999999999998</ele>
      </trkpt>
      <trkpt lat="42.960104942321777" lon="-1.587245464324951">
        <ele>659.88</ele>
      </trkpt>
      <trkpt lat="42.960169315338135" lon="-1.587159633636475">
        <ele>659.25999999999999</ele>
      </trkpt>
      <trkpt lat="42.960196556523442" lon="-1.587140606716275">
        <ele>659.12</ele>
      </trkpt>
      <trkpt lat="42.960356650874019" lon="-1.58702845685184">
        <ele>658.05999999999995</ele>
      </trkpt>
      <trkpt lat="42.960383892059326" lon="-1.587009429931641">
        <ele>657.89999999999998</ele>
      </trkpt>
      <trkpt lat="42.960393950343132" lon="-1.587000628933311">
        <ele>657.82000000000005</ele>
      </trkpt>
      <trkpt lat="42.960545495152473" lon="-1.586868027225137">
        <ele>657.48000000000002</ele>
      </trkpt>
      <trkpt lat="42.960555553436279" lon="-1.586859226226807">
        <ele>657.48000000000002</ele>
      </trkpt>
      <trkpt lat="42.960662841796875" lon="-1.586816310882568">
        <ele>656.88999999999999</ele>
      </trkpt>
      <trkpt lat="42.960681030526757" lon="-1.586812706664205">
        <ele>656.80999999999995</ele>
      </trkpt>
      <trkpt lat="42.960859229788184" lon="-1.586776999756694">
        <ele>655.84000000000003</ele>
      </trkpt>
      <trkpt lat="42.960877418518066" lon="-1.58677339553833">
        <ele>655.71000000000004</ele>
      </trkpt>
      <trkpt lat="42.960949251428246" lon="-1.586787728592753">
        <ele>655.47000000000003</ele>
      </trkpt>
      <trkpt lat="42.961127450689673" lon="-1.586823435500264">
        <ele>654.15999999999997</ele>
      </trkpt>
      <trkpt lat="42.961199283599854" lon="-1.586837768554688">
        <ele>653.76999999999998</ele>
      </trkpt>
      <trkpt lat="42.96128511428833" lon="-1.586816310882568">
        <ele>653.5</ele>
      </trkpt>
      <trkpt lat="42.961328029632568" lon="-1.58677339553833">
        <ele>653.33000000000004</ele>
      </trkpt>
      <trkpt lat="42.961370944976807" lon="-1.586687564849854">
        <ele>653.51999999999998</ele>
      </trkpt>
      <trkpt lat="42.961392402648926" lon="-1.586623191833496">
        <ele>653.36000000000001</ele>
      </trkpt>
      <trkpt lat="42.961397347971797" lon="-1.586520178243518">
        <ele>652.99000000000001</ele>
      </trkpt>
      <trkpt lat="42.961408998817205" lon="-1.586275594308972">
        <ele>652.44000000000005</ele>
      </trkpt>
      <trkpt lat="42.961413860321045" lon="-1.586172580718994">
        <ele>652.12</ele>
      </trkpt>
      <trkpt lat="42.961435317993164" lon="-1.586043834686279">
        <ele>651.71000000000004</ele>
      </trkpt>
      <trkpt lat="42.961478233337402" lon="-1.585979461669922">
        <ele>651.61000000000001</ele>
      </trkpt>
      <trkpt lat="42.96150790527463" lon="-1.585955740883946">
        <ele>651.49000000000001</ele>
      </trkpt>
      <trkpt lat="42.961663138121367" lon="-1.585831521078944">
        <ele>650.09000000000003</ele>
      </trkpt>
      <trkpt lat="42.961692810058594" lon="-1.585807800292969">
        <ele>650.49000000000001</ele>
      </trkpt>
      <trkpt lat="42.961800098419189" lon="-1.585657596588135">
        <ele>649.86000000000001</ele>
      </trkpt>
      <trkpt lat="42.961885929107666" lon="-1.585507392883301">
        <ele>649.64999999999998</ele>
      </trkpt>
      <trkpt lat="42.961950302124023" lon="-1.585292816162109">
        <ele>649.13999999999999</ele>
      </trkpt>
      <trkpt lat="42.961951140314341" lon="-1.585289714857936">
        <ele>649.13999999999999</ele>
      </trkpt>
      <trkpt lat="42.962013836950064" lon="-1.585059883072972">
        <ele>648.73000000000002</ele>
      </trkpt>
      <trkpt lat="42.962014675140381" lon="-1.585056781768799">
        <ele>648.73000000000002</ele>
      </trkpt>
      <trkpt lat="42.962079048156738" lon="-1.584949493408203">
        <ele>648.50999999999999</ele>
      </trkpt>
      <trkpt lat="42.962108803912997" lon="-1.584941362962127">
        <ele>648.36000000000001</ele>
      </trkpt>
      <trkpt lat="42.96228532679379" lon="-1.584893250837922">
        <ele>647.55999999999995</ele>
      </trkpt>
      <trkpt lat="42.962315082550049" lon="-1.584885120391846">
        <ele>647.47000000000003</ele>
      </trkpt>
      <trkpt lat="42.962393285706639" lon="-1.584875313565135">
        <ele>647.16999999999996</ele>
      </trkpt>
      <trkpt lat="42.962572574615479" lon="-1.584852933883667">
        <ele>646.62</ele>
      </trkpt>
      <trkpt lat="42.962751863524318" lon="-1.584830554202199">
        <ele>646.04999999999995</ele>
      </trkpt>
      <trkpt lat="42.962830066680908" lon="-1.584820747375488">
        <ele>645.82000000000005</ele>
      </trkpt>
      <trkpt lat="42.962937355041504" lon="-1.584756374359131">
        <ele>645.39999999999998</ele>
      </trkpt>
      <trkpt lat="42.963001728057861" lon="-1.584692001342773">
        <ele>645.27999999999997</ele>
      </trkpt>
      <trkpt lat="42.96303684823215" lon="-1.584621677175164">
        <ele>645</ele>
      </trkpt>
      <trkpt lat="42.963138269260526" lon="-1.584419002756476">
        <ele>644.70000000000005</ele>
      </trkpt>
      <trkpt lat="42.963173389434814" lon="-1.584348678588867">
        <ele>644.5</ele>
      </trkpt>
      <trkpt lat="42.96328067779541" lon="-1.584241390228272">
        <ele>643.88</ele>
      </trkpt>
      <trkpt lat="42.963345050811768" lon="-1.584198474884033">
        <ele>643.86000000000001</ele>
      </trkpt>
      <trkpt lat="42.963452339172363" lon="-1.584198474884033">
        <ele>643.47000000000003</ele>
      </trkpt>
      <trkpt lat="42.963463319465518" lon="-1.584203336387873">
        <ele>643.47000000000003</ele>
      </trkpt>
      <trkpt lat="42.963634477928281" lon="-1.58427944406867">
        <ele>642.17999999999995</ele>
      </trkpt>
      <trkpt lat="42.963645458221436" lon="-1.58428430557251">
        <ele>642.17999999999995</ele>
      </trkpt>
      <trkpt lat="42.963688373565674" lon="-1.584262847900391">
        <ele>641.80999999999995</ele>
      </trkpt>
      <trkpt lat="42.96377319842577" lon="-1.584230996668339">
        <ele>641.52999999999997</ele>
      </trkpt>
      <trkpt lat="42.963946871459484" lon="-1.584165953099728">
        <ele>641.45000000000005</ele>
      </trkpt>
      <trkpt lat="42.96403169631958" lon="-1.584134101867676">
        <ele>641.33000000000004</ele>
      </trkpt>
      <trkpt lat="42.964160442352295" lon="-1.584069728851318">
        <ele>641.13999999999999</ele>
      </trkpt>
      <trkpt lat="42.964227329939604" lon="-1.58400284126401">
        <ele>641.00999999999999</ele>
      </trkpt>
      <trkpt lat="42.964372504502535" lon="-1.583857666701078">
        <ele>640.88999999999999</ele>
      </trkpt>
      <trkpt lat="42.964439392089844" lon="-1.58379077911377">
        <ele>640.90999999999997</ele>
      </trkpt>
      <trkpt lat="42.964445091784" lon="-1.583786252886057">
        <ele>640.90999999999997</ele>
      </trkpt>
      <trkpt lat="42.964600324630737" lon="-1.583662033081055">
        <ele>641.22000000000003</ele>
      </trkpt>
      <trkpt lat="42.964755557477474" lon="-1.583537813276053">
        <ele>641.61000000000001</ele>
      </trkpt>
      <trkpt lat="42.964761257171631" lon="-1.58353328704834">
        <ele>641.61000000000001</ele>
      </trkpt>
      <trkpt lat="42.964868545532227" lon="-1.583425998687744">
        <ele>642.04999999999995</ele>
      </trkpt>
      <trkpt lat="42.964932918548584" lon="-1.583318710327148">
        <ele>642.49000000000001</ele>
      </trkpt>
      <trkpt lat="42.96504020690918" lon="-1.583125591278076">
        <ele>643.09000000000003</ele>
      </trkpt>
      <trkpt lat="42.965045906603336" lon="-1.583108492195606">
        <ele>643.21000000000004</ele>
      </trkpt>
      <trkpt lat="42.9651203379035" lon="-1.582885198295116">
        <ele>644.00999999999999</ele>
      </trkpt>
      <trkpt lat="42.965126037597656" lon="-1.582868099212647">
        <ele>644.20000000000005</ele>
      </trkpt>
      <trkpt lat="42.965125450864434" lon="-1.582861142233014">
        <ele>644.20000000000005</ele>
      </trkpt>
      <trkpt lat="42.965105166658759" lon="-1.582617564126849">
        <ele>645.34000000000003</ele>
      </trkpt>
      <trkpt lat="42.965104579925537" lon="-1.582610607147217">
        <ele>645.34000000000003</ele>
      </trkpt>
      <trkpt lat="42.965087732300162" lon="-1.58251790329814">
        <ele>645.97000000000003</ele>
      </trkpt>
      <trkpt lat="42.965044481679797" lon="-1.582279857248068">
        <ele>647.10000000000002</ele>
      </trkpt>
      <trkpt lat="42.9650011472404" lon="-1.582041811197996">
        <ele>648.15999999999997</ele>
      </trkpt>
      <trkpt lat="42.964984299615026" lon="-1.581949107348919">
        <ele>648.72000000000003</ele>
      </trkpt>
      <trkpt lat="42.964975833892822" lon="-1.581902503967285">
        <ele>648.97000000000003</ele>
      </trkpt>
      <trkpt lat="42.964973235502839" lon="-1.58182555809617">
        <ele>649.32000000000005</ele>
      </trkpt>
      <trkpt lat="42.964965105056763" lon="-1.581580638885498">
        <ele>651.13</ele>
      </trkpt>
      <trkpt lat="42.964956974610686" lon="-1.581335719674826">
        <ele>652.59000000000003</ele>
      </trkpt>
      <trkpt lat="42.964954376220703" lon="-1.581258773803711">
        <ele>652.95000000000005</ele>
      </trkpt>
      <trkpt lat="42.964951191097498" lon="-1.581246117129922">
        <ele>653.13999999999999</ele>
      </trkpt>
      <trkpt lat="42.964893188327551" lon="-1.58101393841207">
        <ele>654.38999999999999</ele>
      </trkpt>
      <trkpt lat="42.964890003204346" lon="-1.581001281738281">
        <ele>654.50999999999999</ele>
      </trkpt>
      <trkpt lat="42.964878100901842" lon="-1.58097043633461">
        <ele>654.69000000000005</ele>
      </trkpt>
      <trkpt lat="42.964794617146254" lon="-1.580753177404404">
        <ele>656.38</ele>
      </trkpt>
      <trkpt lat="42.96478271484375" lon="-1.580722332000732">
        <ele>656.59000000000003</ele>
      </trkpt>
      <trkpt lat="42.964779864996672" lon="-1.580717721953988">
        <ele>656.80999999999995</ele>
      </trkpt>
      <trkpt lat="42.964664697647095" lon="-1.58052921295166">
        <ele>658.25</ele>
      </trkpt>
      <trkpt lat="42.964549530297518" lon="-1.580340703949332">
        <ele>660.14999999999998</ele>
      </trkpt>
      <trkpt lat="42.964546680450439" lon="-1.580336093902588">
        <ele>660.14999999999998</ele>
      </trkpt>
      <trkpt lat="42.96452715061605" lon="-1.580311702564359">
        <ele>660.42999999999995</ele>
      </trkpt>
      <trkpt lat="42.964394548907876" lon="-1.580145908519626">
        <ele>661.89999999999998</ele>
      </trkpt>
      <trkpt lat="42.964375019073486" lon="-1.580121517181397">
        <ele>662.11000000000001</ele>
      </trkpt>
      <trkpt lat="42.964310981333256" lon="-1.580050773918629">
        <ele>662.77999999999997</ele>
      </trkpt>
      <trkpt lat="42.964171171188354" lon="-1.579896211624146">
        <ele>663.90999999999997</ele>
      </trkpt>
      <trkpt lat="42.964031361043453" lon="-1.579741649329662">
        <ele>665.47000000000003</ele>
      </trkpt>
      <trkpt lat="42.963967323303223" lon="-1.579670906066895">
        <ele>666.09000000000003</ele>
      </trkpt>
      <trkpt lat="42.963922815397382" lon="-1.579608544707298">
        <ele>666.84000000000003</ele>
      </trkpt>
      <trkpt lat="42.963797254487872" lon="-1.579432776197791">
        <ele>668.42999999999995</ele>
      </trkpt>
      <trkpt lat="42.963752746582031" lon="-1.579370498657227">
        <ele>668.73000000000002</ele>
      </trkpt>
      <trkpt lat="42.963730869814754" lon="-1.579329930245876">
        <ele>668.95000000000005</ele>
      </trkpt>
      <trkpt lat="42.963624419644475" lon="-1.579132117331028">
        <ele>670.63999999999999</ele>
      </trkpt>
      <trkpt lat="42.963602542877197" lon="-1.579091548919678">
        <ele>670.90999999999997</ele>
      </trkpt>
      <trkpt lat="42.96353816986084" lon="-1.578876972198486">
        <ele>672.53999999999996</ele>
      </trkpt>
      <trkpt lat="42.963495254516602" lon="-1.578662395477295">
        <ele>674.21000000000004</ele>
      </trkpt>
      <trkpt lat="42.963409423828125" lon="-1.578490734100342">
        <ele>676.15999999999997</ele>
      </trkpt>
      <trkpt lat="42.96340330503881" lon="-1.578483693301678">
        <ele>676.15999999999997</ele>
      </trkpt>
      <trkpt lat="42.963265338912606" lon="-1.578326113522053">
        <ele>678.16999999999996</ele>
      </trkpt>
      <trkpt lat="42.963259220123291" lon="-1.578319072723389">
        <ele>678.16999999999996</ele>
      </trkpt>
      <trkpt lat="42.963232146576047" lon="-1.578296525403857">
        <ele>678.35000000000002</ele>
      </trkpt>
      <trkpt lat="42.963078506290913" lon="-1.578168449923396">
        <ele>679.47000000000003</ele>
      </trkpt>
      <trkpt lat="42.96292494982481" lon="-1.578040458261967">
        <ele>680.36000000000001</ele>
      </trkpt>
      <trkpt lat="42.962771309539676" lon="-1.577912466600537">
        <ele>681.50999999999999</ele>
      </trkpt>
      <trkpt lat="42.962744235992432" lon="-1.577889919281006">
        <ele>681.67999999999995</ele>
      </trkpt>
      <trkpt lat="42.962701320648193" lon="-1.577804088592529">
        <ele>682.11000000000001</ele>
      </trkpt>
      <trkpt lat="42.962684892117977" lon="-1.577768381685019">
        <ele>682.60000000000002</ele>
      </trkpt>
      <trkpt lat="42.962589003145695" lon="-1.577560845762491">
        <ele>684.44000000000005</ele>
      </trkpt>
      <trkpt lat="42.962572574615479" lon="-1.577525138854981">
        <ele>685</ele>
      </trkpt>
      <trkpt lat="42.96252965927124" lon="-1.577503681182861">
        <ele>685.36000000000001</ele>
      </trkpt>
      <trkpt lat="42.962422370910645" lon="-1.577460765838623">
        <ele>686.24000000000001</ele>
      </trkpt>
      <trkpt lat="42.962336540222168" lon="-1.577374935150147">
        <ele>687.05999999999995</ele>
      </trkpt>
      <trkpt lat="42.962315082550049" lon="-1.577332019805908">
        <ele>687.58000000000004</ele>
      </trkpt>
      <trkpt lat="42.962315082550049" lon="-1.577246189117432">
        <ele>688.05999999999995</ele>
      </trkpt>
      <trkpt lat="42.962315082550049" lon="-1.577117443084717">
        <ele>688.50999999999999</ele>
      </trkpt>
      <trkpt lat="42.962336540222168" lon="-1.576945781707764">
        <ele>688.90999999999997</ele>
      </trkpt>
      <trkpt lat="42.962342826649547" lon="-1.576932035386562">
        <ele>688.90999999999997</ele>
      </trkpt>
      <trkpt lat="42.962437542155385" lon="-1.576723493635654">
        <ele>689.66999999999996</ele>
      </trkpt>
      <trkpt lat="42.962443828582764" lon="-1.576709747314453">
        <ele>689.66999999999996</ele>
      </trkpt>
      <trkpt lat="42.962446259334683" lon="-1.576705221086741">
        <ele>689.66999999999996</ele>
      </trkpt>
      <trkpt lat="42.962551116943359" lon="-1.576505899429321">
        <ele>690.72000000000003</ele>
      </trkpt>
      <trkpt lat="42.962655974552035" lon="-1.576306577771902">
        <ele>691.02999999999997</ele>
      </trkpt>
      <trkpt lat="42.962658405303955" lon="-1.57630205154419">
        <ele>691.02999999999997</ele>
      </trkpt>
      <trkpt lat="42.962722778320313" lon="-1.576108932495117">
        <ele>690.71000000000004</ele>
      </trkpt>
      <trkpt lat="42.962729148566723" lon="-1.576083535328507">
        <ele>690.74000000000001</ele>
      </trkpt>
      <trkpt lat="42.96278715133667" lon="-1.575851440429688">
        <ele>690.95000000000005</ele>
      </trkpt>
      <trkpt lat="42.962845154106617" lon="-1.575619345530868">
        <ele>691.37</ele>
      </trkpt>
      <trkpt lat="42.962851524353027" lon="-1.575593948364258">
        <ele>691.46000000000004</ele>
      </trkpt>
      <trkpt lat="42.962877005338669" lon="-1.575536029413343">
        <ele>691.63</ele>
      </trkpt>
      <trkpt lat="42.962969541549683" lon="-1.575325727462769">
        <ele>692.61000000000001</ele>
      </trkpt>
      <trkpt lat="42.963062077760696" lon="-1.575115425512195">
        <ele>694.37</ele>
      </trkpt>
      <trkpt lat="42.963087558746338" lon="-1.575057506561279">
        <ele>694.88</ele>
      </trkpt>
      <trkpt lat="42.963130474090576" lon="-1.574928760528565">
        <ele>695.97000000000003</ele>
      </trkpt>
      <trkpt lat="42.963194847106934" lon="-1.574821472167969">
        <ele>697.37</ele>
      </trkpt>
      <trkpt lat="42.963259220123291" lon="-1.574778556823731">
        <ele>698.11000000000001</ele>
      </trkpt>
      <trkpt lat="42.963373214006424" lon="-1.574778556823731">
        <ele>699.27999999999997</ele>
      </trkpt>
      <trkpt lat="42.963473796844482" lon="-1.574778556823731">
        <ele>700.34000000000003</ele>
      </trkpt>
      <trkpt lat="42.963504223152995" lon="-1.574779646471143">
        <ele>700.52999999999997</ele>
      </trkpt>
      <trkpt lat="42.963684182614088" lon="-1.574786100536585">
        <ele>702.19000000000005</ele>
      </trkpt>
      <trkpt lat="42.963864225894213" lon="-1.574792470782995">
        <ele>703.80999999999995</ele>
      </trkpt>
      <trkpt lat="42.964044185355306" lon="-1.574798924848437">
        <ele>705.78999999999996</ele>
      </trkpt>
      <trkpt lat="42.964074611663818" lon="-1.57480001449585">
        <ele>706.27999999999997</ele>
      </trkpt>
      <trkpt lat="42.964078634977341" lon="-1.574802529066801">
        <ele>706.27999999999997</ele>
      </trkpt>
      <trkpt lat="42.964242249727249" lon="-1.574904788285494">
        <ele>707.65999999999997</ele>
      </trkpt>
      <trkpt lat="42.964246273040771" lon="-1.574907302856445">
        <ele>707.65999999999997</ele>
      </trkpt>
      <trkpt lat="42.964283069595695" lon="-1.57493588514626">
        <ele>707.96000000000004</ele>
      </trkpt>
      <trkpt lat="42.964439392089844" lon="-1.575057506561279">
        <ele>709.38</ele>
      </trkpt>
      <trkpt lat="42.964595714583993" lon="-1.575179127976298">
        <ele>710.74000000000001</ele>
      </trkpt>
      <trkpt lat="42.964632511138916" lon="-1.575207710266113">
        <ele>711.38</ele>
      </trkpt>
      <trkpt lat="42.964739799499512" lon="-1.575272083282471">
        <ele>712.11000000000001</ele>
      </trkpt>
      <trkpt lat="42.964748349040747" lon="-1.575273675844073">
        <ele>712.20000000000005</ele>
      </trkpt>
      <trkpt lat="42.964926799759269" lon="-1.575306951999664">
        <ele>713.61000000000001</ele>
      </trkpt>
      <trkpt lat="42.965105166658759" lon="-1.575340228155255">
        <ele>714.72000000000003</ele>
      </trkpt>
      <trkpt lat="42.965283617377281" lon="-1.575373504310846">
        <ele>715.82000000000005</ele>
      </trkpt>
      <trkpt lat="42.965461984276772" lon="-1.575406696647406">
        <ele>717.04999999999995</ele>
      </trkpt>
      <trkpt lat="42.965640434995294" lon="-1.575439972802997">
        <ele>718.70000000000005</ele>
      </trkpt>
      <trkpt lat="42.965818801894784" lon="-1.575473248958588">
        <ele>719.91999999999996</ele>
      </trkpt>
      <trkpt lat="42.965997252613306" lon="-1.575506525114179">
        <ele>721.24000000000001</ele>
      </trkpt>
      <trkpt lat="42.966005802154541" lon="-1.575508117675781">
        <ele>721.39999999999998</ele>
      </trkpt>
      <trkpt lat="42.966007310897112" lon="-1.575508788228035">
        <ele>721.39999999999998</ele>
      </trkpt>
      <trkpt lat="42.966177966445684" lon="-1.575586991384625">
        <ele>722.60000000000002</ele>
      </trkpt>
      <trkpt lat="42.966348621994257" lon="-1.575665278360248">
        <ele>724.05999999999995</ele>
      </trkpt>
      <trkpt lat="42.96651927754283" lon="-1.575743481516838">
        <ele>725.30999999999995</ele>
      </trkpt>
      <trkpt lat="42.9665207862854" lon="-1.575744152069092">
        <ele>725.30999999999995</ele>
      </trkpt>
      <trkpt lat="42.966692447662354" lon="-1.575722694396973">
        <ele>726.74000000000001</ele>
      </trkpt>
      <trkpt lat="42.966700410470366" lon="-1.57571766525507">
        <ele>726.74000000000001</ele>
      </trkpt>
      <trkpt lat="42.966864109039307" lon="-1.575615406036377">
        <ele>728.01999999999998</ele>
      </trkpt>
      <trkpt lat="42.967027807608247" lon="-1.575513146817684">
        <ele>729.32000000000005</ele>
      </trkpt>
      <trkpt lat="42.96703577041626" lon="-1.575508117675781">
        <ele>729.44000000000005</ele>
      </trkpt>
      <trkpt lat="42.967054126784205" lon="-1.575493784621358">
        <ele>729.64999999999998</ele>
      </trkpt>
      <trkpt lat="42.967210533097386" lon="-1.575372247025371">
        <ele>730.94000000000005</ele>
      </trkpt>
      <trkpt lat="42.967228889465332" lon="-1.575357913970947">
        <ele>731.09000000000003</ele>
      </trkpt>
      <trkpt lat="42.967314720153809" lon="-1.575250625610352">
        <ele>731.83000000000004</ele>
      </trkpt>
      <trkpt lat="42.96733383089304" lon="-1.575217852368951">
        <ele>732.16999999999996</ele>
      </trkpt>
      <trkpt lat="42.967445813119411" lon="-1.575025906786323">
        <ele>733.29999999999995</ele>
      </trkpt>
      <trkpt lat="42.967464923858643" lon="-1.574993133544922">
        <ele>733.63</ele>
      </trkpt>
      <trkpt lat="42.967550754547119" lon="-1.574864387512207">
        <ele>734.52999999999997</ele>
      </trkpt>
      <trkpt lat="42.967602806165814" lon="-1.574815437197685">
        <ele>735.02999999999997</ele>
      </trkpt>
      <trkpt lat="42.967750998213887" lon="-1.574676129966974">
        <ele>736.42999999999995</ele>
      </trkpt>
      <trkpt lat="42.967899106442928" lon="-1.574536822736263">
        <ele>737.96000000000004</ele>
      </trkpt>
      <trkpt lat="42.968047298491001" lon="-1.574397515505552">
        <ele>739.47000000000003</ele>
      </trkpt>
      <trkpt lat="42.968195490539074" lon="-1.57425812445581">
        <ele>740.99000000000001</ele>
      </trkpt>
      <trkpt lat="42.968343682587147" lon="-1.574118817225099">
        <ele>742.36000000000001</ele>
      </trkpt>
      <trkpt lat="42.96849187463522" lon="-1.573979509994388">
        <ele>743.92999999999995</ele>
      </trkpt>
      <trkpt lat="42.968640066683292" lon="-1.573840118944645">
        <ele>745.36000000000001</ele>
      </trkpt>
      <trkpt lat="42.968788174912333" lon="-1.573700811713934">
        <ele>746.86000000000001</ele>
      </trkpt>
      <trkpt lat="42.968936366960406" lon="-1.573561504483223">
        <ele>748.36000000000001</ele>
      </trkpt>
      <trkpt lat="42.968988418579102" lon="-1.573512554168701">
        <ele>748.86000000000001</ele>
      </trkpt>
      <trkpt lat="42.968995794653893" lon="-1.573500232771039">
        <ele>748.82000000000005</ele>
      </trkpt>
      <trkpt lat="42.969109788537025" lon="-1.573310298845172">
        <ele>750.37</ele>
      </trkpt>
      <trkpt lat="42.969117164611816" lon="-1.57329797744751">
        <ele>750.49000000000001</ele>
      </trkpt>
      <trkpt lat="42.96911783516407" lon="-1.573295965790749">
        <ele>750.49000000000001</ele>
      </trkpt>
      <trkpt lat="42.969192266464233" lon="-1.573072671890259">
        <ele>751.63999999999999</ele>
      </trkpt>
      <trkpt lat="42.969266697764397" lon="-1.572849377989769">
        <ele>752.82000000000005</ele>
      </trkpt>
      <trkpt lat="42.96926736831665" lon="-1.572847366333008">
        <ele>752.72000000000003</ele>
      </trkpt>
      <trkpt lat="42.969310283660889" lon="-1.572740077972412">
        <ele>753.66999999999996</ele>
      </trkpt>
      <trkpt lat="42.969374656677246" lon="-1.572654247283936">
        <ele>754.38</ele>
      </trkpt>
      <trkpt lat="42.969503402709961" lon="-1.572632789611816">
        <ele>755.07000000000005</ele>
      </trkpt>
      <trkpt lat="42.969510527327657" lon="-1.572635304182768">
        <ele>755.07000000000005</ele>
      </trkpt>
      <trkpt lat="42.96968461945653" lon="-1.572698000818491">
        <ele>756.20000000000005</ele>
      </trkpt>
      <trkpt lat="42.969858627766371" lon="-1.572760697454214">
        <ele>757.40999999999997</ele>
      </trkpt>
      <trkpt lat="42.970032719895244" lon="-1.572823394089937">
        <ele>758.79999999999995</ele>
      </trkpt>
      <trkpt lat="42.970039844512939" lon="-1.572825908660889">
        <ele>758.85000000000002</ele>
      </trkpt>
      <trkpt lat="42.970125675201416" lon="-1.572825908660889">
        <ele>759.63</ele>
      </trkpt>
      <trkpt lat="42.97027587890625" lon="-1.572825908660889">
        <ele>760.97000000000003</ele>
      </trkpt>
      <trkpt lat="42.970304628834128" lon="-1.572820711880922">
        <ele>761.13999999999999</ele>
      </trkpt>
      <trkpt lat="42.970483163371682" lon="-1.572788190096617">
        <ele>762.83000000000004</ele>
      </trkpt>
      <trkpt lat="42.970511913299561" lon="-1.57278299331665">
        <ele>763.25</ele>
      </trkpt>
      <trkpt lat="42.970576286315918" lon="-1.572740077972412">
        <ele>763.80999999999995</ele>
      </trkpt>
      <trkpt lat="42.970619201660156" lon="-1.572675704956055">
        <ele>764.51999999999998</ele>
      </trkpt>
      <trkpt lat="42.970619201660156" lon="-1.572611331939697">
        <ele>765.01999999999998</ele>
      </trkpt>
      <trkpt lat="42.970597743988037" lon="-1.572568416595459">
        <ele>765.12</ele>
      </trkpt>
      <trkpt lat="42.97053337097168" lon="-1.572525501251221">
        <ele>765.63</ele>
      </trkpt>
      <trkpt lat="42.970459861680865" lon="-1.572549976408482">
        <ele>765.75999999999999</ele>
      </trkpt>
      <trkpt lat="42.970285015180707" lon="-1.572608314454556">
        <ele>766.74000000000001</ele>
      </trkpt>
      <trkpt lat="42.970211505889893" lon="-1.572632789611816">
        <ele>767.37</ele>
      </trkpt>
      <trkpt lat="42.970039844512939" lon="-1.572589874267578">
        <ele>768.32000000000005</ele>
      </trkpt>
      <trkpt lat="42.969932556152344" lon="-1.572504043579102">
        <ele>769.22000000000003</ele>
      </trkpt>
      <trkpt lat="42.969868183135986" lon="-1.572418212890625">
        <ele>769.91999999999996</ele>
      </trkpt>
      <trkpt lat="42.969803810119629" lon="-1.572332382202148">
        <ele>770.71000000000004</ele>
      </trkpt>
      <trkpt lat="42.969800624996424" lon="-1.572319725528359">
        <ele>770.71000000000004</ele>
      </trkpt>
      <trkpt lat="42.969742622226477" lon="-1.572087546810508">
        <ele>772.17999999999995</ele>
      </trkpt>
      <trkpt lat="42.969739437103271" lon="-1.572074890136719">
        <ele>772.17999999999995</ele>
      </trkpt>
      <trkpt lat="42.969675064086914" lon="-1.571881771087647">
        <ele>773.50999999999999</ele>
      </trkpt>
      <trkpt lat="42.969589233398438" lon="-1.571710109710693">
        <ele>774.76999999999998</ele>
      </trkpt>
      <trkpt lat="42.969460487365723" lon="-1.571559906005859">
        <ele>776.26999999999998</ele>
      </trkpt>
      <trkpt lat="42.969310283660889" lon="-1.57153844833374">
        <ele>777.40999999999997</ele>
      </trkpt>
      <trkpt lat="42.969245910644531" lon="-1.571581363677979">
        <ele>777.85000000000002</ele>
      </trkpt>
      <trkpt lat="42.969138622283936" lon="-1.571688652038574">
        <ele>778.98000000000002</ele>
      </trkpt>
      <trkpt lat="42.969092773273587" lon="-1.571780433878303">
        <ele>779.40999999999997</ele>
      </trkpt>
      <trkpt lat="42.968991352245212" lon="-1.57198310829699">
        <ele>780.91999999999996</ele>
      </trkpt>
      <trkpt lat="42.968945503234863" lon="-1.572074890136719">
        <ele>781.60000000000002</ele>
      </trkpt>
      <trkpt lat="42.968890853226185" lon="-1.572148818522692">
        <ele>782.13</ele>
      </trkpt>
      <trkpt lat="42.968763113021851" lon="-1.572321653366089">
        <ele>783.38</ele>
      </trkpt>
      <trkpt lat="42.968635372817516" lon="-1.572494488209486">
        <ele>784.51999999999998</ele>
      </trkpt>
      <trkpt lat="42.968580722808838" lon="-1.572568416595459">
        <ele>785.19000000000005</ele>
      </trkpt>
      <trkpt lat="42.968540992587805" lon="-1.572616109624505">
        <ele>785.75</ele>
      </trkpt>
      <trkpt lat="42.96840587630868" lon="-1.572778215631843">
        <ele>787.04999999999995</ele>
      </trkpt>
      <trkpt lat="42.968366146087646" lon="-1.572825908660889">
        <ele>787.45000000000005</ele>
      </trkpt>
      <trkpt lat="42.96834971755743" lon="-1.572844348847866">
        <ele>787.67999999999995</ele>
      </trkpt>
      <trkpt lat="42.96821091324091" lon="-1.573000587522984">
        <ele>789.14999999999998</ele>
      </trkpt>
      <trkpt lat="42.968194484710693" lon="-1.573019027709961">
        <ele>789.36000000000001</ele>
      </trkpt>
      <trkpt lat="42.968135308474302" lon="-1.57306001521647">
        <ele>789.87</ele>
      </trkpt>
      <trkpt lat="42.967974711209536" lon="-1.573171159252524">
        <ele>791.40999999999997</ele>
      </trkpt>
      <trkpt lat="42.967915534973145" lon="-1.573212146759033">
        <ele>792.02999999999997</ele>
      </trkpt>
      <trkpt lat="42.967885779216886" lon="-1.57322027720511">
        <ele>792.23000000000002</ele>
      </trkpt>
      <trkpt lat="42.967709256336093" lon="-1.573268389329314">
        <ele>793.62</ele>
      </trkpt>
      <trkpt lat="42.967679500579834" lon="-1.573276519775391">
        <ele>793.96000000000004</ele>
      </trkpt>
      <trkpt lat="42.967572212219238" lon="-1.57329797744751">
        <ele>794.79999999999995</ele>
      </trkpt>
      <trkpt lat="42.967562573030591" lon="-1.573296636343002">
        <ele>794.79999999999995</ele>
      </trkpt>
      <trkpt lat="42.967383367940784" lon="-1.57327207736671">
        <ele>796.15999999999997</ele>
      </trkpt>
      <trkpt lat="42.967204246670008" lon="-1.573247434571385">
        <ele>797.57000000000005</ele>
      </trkpt>
      <trkpt lat="42.9670250415802" lon="-1.573222875595093">
        <ele>798.94000000000005</ele>
      </trkpt>
      <trkpt lat="42.966845836490393" lon="-1.5731983166188">
        <ele>800.44000000000005</ele>
      </trkpt>
      <trkpt lat="42.966666715219617" lon="-1.573173673823476">
        <ele>801.82000000000005</ele>
      </trkpt>
      <trkpt lat="42.966487510129809" lon="-1.573149114847183">
        <ele>803.26999999999998</ele>
      </trkpt>
      <trkpt lat="42.966477870941162" lon="-1.573147773742676">
        <ele>803.33000000000004</ele>
      </trkpt>
      <trkpt lat="42.966306209564209" lon="-1.573104858398438">
        <ele>804.09000000000003</ele>
      </trkpt>
      <trkpt lat="42.966234376654029" lon="-1.573090525344014">
        <ele>804.82000000000005</ele>
      </trkpt>
      <trkpt lat="42.966056177392602" lon="-1.573054818436503">
        <ele>805.96000000000004</ele>
      </trkpt>
      <trkpt lat="42.965984344482422" lon="-1.57304048538208">
        <ele>806.55999999999995</ele>
      </trkpt>
      <trkpt lat="42.965834140777588" lon="-1.572976112365723">
        <ele>807.63999999999999</ele>
      </trkpt>
      <trkpt lat="42.965774964541197" lon="-1.572935124859214">
        <ele>808.10000000000002</ele>
      </trkpt>
      <trkpt lat="42.96561436727643" lon="-1.572823980823159">
        <ele>809.45000000000005</ele>
      </trkpt>
      <trkpt lat="42.965555191040039" lon="-1.57278299331665">
        <ele>810.01999999999998</ele>
      </trkpt>
      <trkpt lat="42.965469360351562" lon="-1.572675704956055">
        <ele>810.64999999999998</ele>
      </trkpt>
      <trkpt lat="42.965426445007324" lon="-1.572589874267578">
        <ele>811.32000000000005</ele>
      </trkpt>
      <trkpt lat="42.965404987335205" lon="-1.572461128234863">
        <ele>812.05999999999995</ele>
      </trkpt>
      <trkpt lat="42.965401718392968" lon="-1.572352079674602">
        <ele>812.5</ele>
      </trkpt>
      <trkpt lat="42.965394258499146" lon="-1.572107076644898">
        <ele>813.82000000000005</ele>
      </trkpt>
      <trkpt lat="42.965386798605323" lon="-1.571862073615193">
        <ele>815.16999999999996</ele>
      </trkpt>
      <trkpt lat="42.965383529663086" lon="-1.571753025054932">
        <ele>815.80999999999995</ele>
      </trkpt>
      <trkpt lat="42.965404987335205" lon="-1.571516990661621">
        <ele>817.23000000000002</ele>
      </trkpt>
      <trkpt lat="42.965417141094804" lon="-1.571471309289336">
        <ele>817.60000000000002</ele>
      </trkpt>
      <trkpt lat="42.965478664264083" lon="-1.571240806952119">
        <ele>819</ele>
      </trkpt>
      <trkpt lat="42.965490818023682" lon="-1.571195125579834">
        <ele>819.33000000000004</ele>
      </trkpt>
      <trkpt lat="42.965490818023682" lon="-1.571023464202881">
        <ele>820.24000000000001</ele>
      </trkpt>
      <trkpt lat="42.965447902679443" lon="-1.570959091186523">
        <ele>820.69000000000005</ele>
      </trkpt>
      <trkpt lat="42.965404987335205" lon="-1.570894718170166">
        <ele>821.11000000000001</ele>
      </trkpt>
      <trkpt lat="42.965348828583956" lon="-1.570858592167497">
        <ele>821.5</ele>
      </trkpt>
      <trkpt lat="42.965185968205333" lon="-1.570753902196884">
        <ele>822.70000000000005</ele>
      </trkpt>
      <trkpt lat="42.965023191645741" lon="-1.570649296045303">
        <ele>823.94000000000005</ele>
      </trkpt>
      <trkpt lat="42.964860331267118" lon="-1.570544606074691">
        <ele>825.24000000000001</ele>
      </trkpt>
      <trkpt lat="42.964804172515869" lon="-1.570508480072022">
        <ele>825.74000000000001</ele>
      </trkpt>
      <trkpt lat="42.964761257171631" lon="-1.570422649383545">
        <ele>826.16999999999996</ele>
      </trkpt>
      <trkpt lat="42.964733261615038" lon="-1.570377135649324">
        <ele>826.58000000000004</ele>
      </trkpt>
      <trkpt lat="42.964617591351271" lon="-1.570189213380218">
        <ele>827.97000000000003</ele>
      </trkpt>
      <trkpt lat="42.964589595794678" lon="-1.570143699645996">
        <ele>828.23000000000002</ele>
      </trkpt>
      <trkpt lat="42.964542908594012" lon="-1.570045044645667">
        <ele>828.89999999999998</ele>
      </trkpt>
      <trkpt lat="42.964445259422064" lon="-1.569839017465711">
        <ele>830.16999999999996</ele>
      </trkpt>
      <trkpt lat="42.964347694069147" lon="-1.569632990285754">
        <ele>831.36000000000001</ele>
      </trkpt>
      <trkpt lat="42.964250044897199" lon="-1.569426963105798">
        <ele>832.82000000000005</ele>
      </trkpt>
      <trkpt lat="42.964203357696533" lon="-1.569328308105469">
        <ele>833.40999999999997</ele>
      </trkpt>
      <trkpt lat="42.964160442352295" lon="-1.569199562072754">
        <ele>834.08000000000004</ele>
      </trkpt>
      <trkpt lat="42.964160442352295" lon="-1.569070816040039">
        <ele>835.01999999999998</ele>
      </trkpt>
      <trkpt lat="42.964160442352295" lon="-1.568920612335205">
        <ele>835.82000000000005</ele>
      </trkpt>
      <trkpt lat="42.964164717122912" lon="-1.568890772759914">
        <ele>836.10000000000002</ele>
      </trkpt>
      <trkpt lat="42.964199082925916" lon="-1.568650044500828">
        <ele>837.46000000000004</ele>
      </trkpt>
      <trkpt lat="42.964203357696533" lon="-1.568620204925537">
        <ele>837.61000000000001</ele>
      </trkpt>
      <trkpt lat="42.964221797883511" lon="-1.568557927384973">
        <ele>838.02999999999997</ele>
      </trkpt>
      <trkpt lat="42.96428918838501" lon="-1.568330526351929">
        <ele>839.55999999999995</ele>
      </trkpt>
      <trkpt lat="42.964356578886509" lon="-1.568103125318885">
        <ele>841.17999999999995</ele>
      </trkpt>
      <trkpt lat="42.964375019073486" lon="-1.56804084777832">
        <ele>841.62</ele>
      </trkpt>
      <trkpt lat="42.964375019073486" lon="-1.567955017089844">
        <ele>841.91999999999996</ele>
      </trkpt>
      <trkpt lat="42.964353561401367" lon="-1.567847728729248">
        <ele>842.69000000000005</ele>
      </trkpt>
      <trkpt lat="42.964267730712891" lon="-1.567676067352295">
        <ele>843.74000000000001</ele>
      </trkpt>
      <trkpt lat="42.964257672429085" lon="-1.567667266353965">
        <ele>843.80999999999995</ele>
      </trkpt>
      <trkpt lat="42.964106127619743" lon="-1.567534664645791">
        <ele>845.03999999999996</ele>
      </trkpt>
      <trkpt lat="42.964096069335938" lon="-1.567525863647461">
        <ele>845.14999999999998</ele>
      </trkpt>
      <trkpt lat="42.96403169631958" lon="-1.567461490631104">
        <ele>845.87</ele>
      </trkpt>
      <trkpt lat="42.963988780975342" lon="-1.567332744598389">
        <ele>847</ele>
      </trkpt>
      <trkpt lat="42.963988780975342" lon="-1.567203998565674">
        <ele>847.70000000000005</ele>
      </trkpt>
      <trkpt lat="42.963989032432437" lon="-1.567200729623437">
        <ele>847.80999999999995</ele>
      </trkpt>
      <trkpt lat="42.964010238647461" lon="-1.566957235336304">
        <ele>849.07000000000005</ele>
      </trkpt>
      <trkpt lat="42.964031444862485" lon="-1.566713741049171">
        <ele>850.61000000000001</ele>
      </trkpt>
      <trkpt lat="42.96403169631958" lon="-1.566710472106934">
        <ele>850.76999999999998</ele>
      </trkpt>
      <trkpt lat="42.964053153991699" lon="-1.566646099090576">
        <ele>851.11000000000001</ele>
      </trkpt>
      <trkpt lat="42.964066816493869" lon="-1.566618690267205">
        <ele>851.25</ele>
      </trkpt>
      <trkpt lat="42.964168237522244" lon="-1.566416015848517">
        <ele>852.64999999999998</ele>
      </trkpt>
      <trkpt lat="42.964181900024414" lon="-1.566388607025147">
        <ele>853.01999999999998</ele>
      </trkpt>
      <trkpt lat="42.964224815368652" lon="-1.566152572631836">
        <ele>854.39999999999998</ele>
      </trkpt>
      <trkpt lat="42.964224815368652" lon="-1.56604528427124">
        <ele>854.95000000000005</ele>
      </trkpt>
      <trkpt lat="42.964203357696533" lon="-1.565916538238525">
        <ele>855.74000000000001</ele>
      </trkpt>
      <trkpt lat="42.964138984680176" lon="-1.565701961517334">
        <ele>857.20000000000005</ele>
      </trkpt>
      <trkpt lat="42.964106714352965" lon="-1.565651251003146">
        <ele>857.49000000000001</ele>
      </trkpt>
      <trkpt lat="42.963988780975342" lon="-1.565465927124023">
        <ele>858.86000000000001</ele>
      </trkpt>
      <trkpt lat="42.963870847597718" lon="-1.565280603244901">
        <ele>860.48000000000002</ele>
      </trkpt>
      <trkpt lat="42.963838577270508" lon="-1.565229892730713">
        <ele>860.97000000000003</ele>
      </trkpt>
      <trkpt lat="42.963808234781027" lon="-1.565128806978464">
        <ele>861.54999999999995</ele>
      </trkpt>
      <trkpt lat="42.963740173727274" lon="-1.564901825040579">
        <ele>863.29999999999995</ele>
      </trkpt>
      <trkpt lat="42.963709831237793" lon="-1.56480073928833">
        <ele>864.10000000000002</ele>
      </trkpt>
      <trkpt lat="42.963645458221436" lon="-1.564714908599854">
        <ele>864.88999999999999</ele>
      </trkpt>
      <trkpt lat="42.963581085205078" lon="-1.564693450927734">
        <ele>865.45000000000005</ele>
      </trkpt>
      <trkpt lat="42.963452339172363" lon="-1.564757823944092">
        <ele>866.27999999999997</ele>
      </trkpt>
      <trkpt lat="42.963435240089893" lon="-1.564769726246595">
        <ele>866.40999999999997</ele>
      </trkpt>
      <trkpt lat="42.963274726644158" lon="-1.564880786463618">
        <ele>867.86000000000001</ele>
      </trkpt>
      <trkpt lat="42.963114213198423" lon="-1.564991930499673">
        <ele>869.04999999999995</ele>
      </trkpt>
      <trkpt lat="42.962953615933657" lon="-1.565103074535728">
        <ele>870.51999999999998</ele>
      </trkpt>
      <trkpt lat="42.962793102487922" lon="-1.565214218571782">
        <ele>871.83000000000004</ele>
      </trkpt>
      <trkpt lat="42.962632589042187" lon="-1.565325278788805">
        <ele>873.08000000000004</ele>
      </trkpt>
      <trkpt lat="42.962615489959717" lon="-1.565337181091309">
        <ele>873.24000000000001</ele>
      </trkpt>
      <trkpt lat="42.962603084743023" lon="-1.565348748117685">
        <ele>873.10000000000002</ele>
      </trkpt>
      <trkpt lat="42.962454557418823" lon="-1.565487384796143">
        <ele>874.50999999999999</ele>
      </trkpt>
      <trkpt lat="42.962306030094624" lon="-1.5656260214746">
        <ele>875.91999999999996</ele>
      </trkpt>
      <trkpt lat="42.96229362487793" lon="-1.565637588500977">
        <ele>876.09000000000003</ele>
      </trkpt>
      <trkpt lat="42.962207794189453" lon="-1.565659046173096">
        <ele>876.84000000000003</ele>
      </trkpt>
      <trkpt lat="42.962164878845215" lon="-1.565659046173096">
        <ele>877.44000000000005</ele>
      </trkpt>
      <trkpt lat="42.962143421173096" lon="-1.565594673156738">
        <ele>877.90999999999997</ele>
      </trkpt>
      <trkpt lat="42.962143421173096" lon="-1.565530300140381">
        <ele>878.36000000000001</ele>
      </trkpt>
      <trkpt lat="42.962164878845215" lon="-1.565465927124023">
        <ele>878.94000000000005</ele>
      </trkpt>
      <trkpt lat="42.962229251861572" lon="-1.565401554107666">
        <ele>879.48000000000002</ele>
      </trkpt>
      <trkpt lat="42.962236208841205" lon="-1.5653963573277">
        <ele>879.48000000000002</ele>
      </trkpt>
      <trkpt lat="42.962393956258893" lon="-1.565278004854918">
        <ele>880.44000000000005</ele>
      </trkpt>
      <trkpt lat="42.962400913238525" lon="-1.565272808074951">
        <ele>880.50999999999999</ele>
      </trkpt>
      <trkpt lat="42.962457071989775" lon="-1.565216649323702">
        <ele>881.01999999999998</ele>
      </trkpt>
      <trkpt lat="42.962602246552706" lon="-1.565071474760771">
        <ele>882.08000000000004</ele>
      </trkpt>
      <trkpt lat="42.962658405303955" lon="-1.565015316009522">
        <ele>882.55999999999995</ele>
      </trkpt>
      <trkpt lat="42.962665781378746" lon="-1.565002994611859">
        <ele>882.55999999999995</ele>
      </trkpt>
      <trkpt lat="42.962779775261879" lon="-1.564813060685992">
        <ele>883.94000000000005</ele>
      </trkpt>
      <trkpt lat="42.96278715133667" lon="-1.56480073928833">
        <ele>884.13</ele>
      </trkpt>
      <trkpt lat="42.962797880172729" lon="-1.564781125634909">
        <ele>884.14999999999998</ele>
      </trkpt>
      <trkpt lat="42.962905168533325" lon="-1.564584318548441">
        <ele>885.45000000000005</ele>
      </trkpt>
      <trkpt lat="42.962915897369385" lon="-1.56456470489502">
        <ele>885.63</ele>
      </trkpt>
      <trkpt lat="42.962925117462873" lon="-1.564542576670647">
        <ele>885.76999999999998</ele>
      </trkpt>
      <trkpt lat="42.963013965636492" lon="-1.564329341053963">
        <ele>887.05999999999995</ele>
      </trkpt>
      <trkpt lat="42.96302318572998" lon="-1.56430721282959">
        <ele>887.10000000000002</ele>
      </trkpt>
      <trkpt lat="42.9630256164819" lon="-1.564302686601877">
        <ele>887.21000000000004</ele>
      </trkpt>
      <trkpt lat="42.963130474090576" lon="-1.564103364944458">
        <ele>888.46000000000004</ele>
      </trkpt>
      <trkpt lat="42.963235331699252" lon="-1.563904043287039">
        <ele>889.75</ele>
      </trkpt>
      <trkpt lat="42.963237762451172" lon="-1.563899517059326">
        <ele>889.75</ele>
      </trkpt>
      <trkpt lat="42.963261734694242" lon="-1.563875544816256">
        <ele>889.99000000000001</ele>
      </trkpt>
      <trkpt lat="42.963406909257174" lon="-1.563730370253325">
        <ele>891.17999999999995</ele>
      </trkpt>
      <trkpt lat="42.963430881500244" lon="-1.563706398010254">
        <ele>891.40999999999997</ele>
      </trkpt>
      <trkpt lat="42.963482849299908" lon="-1.563663147389889">
        <ele>891.73000000000002</ele>
      </trkpt>
      <trkpt lat="42.96363640576601" lon="-1.563535155728459">
        <ele>892.91999999999996</ele>
      </trkpt>
      <trkpt lat="42.963688373565674" lon="-1.563491821289063">
        <ele>893.46000000000004</ele>
      </trkpt>
      <trkpt lat="42.96379566192627" lon="-1.563405990600586">
        <ele>894.23000000000002</ele>
      </trkpt>
      <trkpt lat="42.963817119598389" lon="-1.563341617584229">
        <ele>894.46000000000004</ele>
      </trkpt>
      <trkpt lat="42.963860034942627" lon="-1.563255786895752">
        <ele>894.64999999999998</ele>
      </trkpt>
      <trkpt lat="42.963838577270508" lon="-1.563041210174561">
        <ele>894.72000000000003</ele>
      </trkpt>
      <trkpt lat="42.963824328035116" lon="-1.563001228496432">
        <ele>894.63</ele>
      </trkpt>
      <trkpt lat="42.963745538145304" lon="-1.562780784443021">
        <ele>894.61000000000001</ele>
      </trkpt>
      <trkpt lat="42.963731288909912" lon="-1.562740802764893">
        <ele>894.59000000000003</ele>
      </trkpt>
      <trkpt lat="42.963688373565674" lon="-1.56254768371582">
        <ele>894.5</ele>
      </trkpt>
      <trkpt lat="42.963681751862168" lon="-1.562437964603305">
        <ele>894.29999999999995</ele>
      </trkpt>
      <trkpt lat="42.963666915893555" lon="-1.562193632125855">
        <ele>894.21000000000004</ele>
      </trkpt>
      <trkpt lat="42.963652079924941" lon="-1.561949299648404">
        <ele>894.07000000000005</ele>
      </trkpt>
      <trkpt lat="42.963645458221436" lon="-1.561839580535889">
        <ele>893.97000000000003</ele>
      </trkpt>
      <trkpt lat="42.963666915893555" lon="-1.561625003814697">
        <ele>894</ele>
      </trkpt>
      <trkpt lat="42.963709831237793" lon="-1.561410427093506">
        <ele>893.27999999999997</ele>
      </trkpt>
      <trkpt lat="42.963724080473185" lon="-1.56136373989284">
        <ele>892.96000000000004</ele>
      </trkpt>
      <trkpt lat="42.96379323117435" lon="-1.561137344688177">
        <ele>891.73000000000002</ele>
      </trkpt>
      <trkpt lat="42.963862465694547" lon="-1.560911033302546">
        <ele>890.53999999999996</ele>
      </trkpt>
      <trkpt lat="42.963931616395712" lon="-1.560684638097882">
        <ele>889.09000000000003</ele>
      </trkpt>
      <trkpt lat="42.963945865631104" lon="-1.560637950897217">
        <ele>888.72000000000003</ele>
      </trkpt>
      <trkpt lat="42.963973022997379" lon="-1.560557316988707">
        <ele>888.19000000000005</ele>
      </trkpt>
      <trkpt lat="42.964048041030765" lon="-1.560334442183375">
        <ele>886.80999999999995</ele>
      </trkpt>
      <trkpt lat="42.96412305906415" lon="-1.560111567378044">
        <ele>885.21000000000004</ele>
      </trkpt>
      <trkpt lat="42.964198077097535" lon="-1.559888692572713">
        <ele>883.87</ele>
      </trkpt>
      <trkpt lat="42.96427309513092" lon="-1.559665817767382">
        <ele>882.45000000000005</ele>
      </trkpt>
      <trkpt lat="42.964348196983337" lon="-1.559442859143019">
        <ele>881.01999999999998</ele>
      </trkpt>
      <trkpt lat="42.964423215016723" lon="-1.559219984337688">
        <ele>879.72000000000003</ele>
      </trkpt>
      <trkpt lat="42.964498233050108" lon="-1.558997109532356">
        <ele>878.42999999999995</ele>
      </trkpt>
      <trkpt lat="42.964573251083493" lon="-1.558774234727025">
        <ele>876.85000000000002</ele>
      </trkpt>
      <trkpt lat="42.964648269116879" lon="-1.558551359921694">
        <ele>875.66999999999996</ele>
      </trkpt>
      <trkpt lat="42.964675426483154" lon="-1.558470726013184">
        <ele>875.09000000000003</ele>
      </trkpt>
      <trkpt lat="42.964685820043087" lon="-1.558436444029212">
        <ele>875.03999999999996</ele>
      </trkpt>
      <trkpt lat="42.964754635468125" lon="-1.558209797367454">
        <ele>873.75999999999999</ele>
      </trkpt>
      <trkpt lat="42.964823450893164" lon="-1.557983234524727">
        <ele>872.52999999999997</ele>
      </trkpt>
      <trkpt lat="42.96489218249917" lon="-1.557756587862968">
        <ele>871.35000000000002</ele>
      </trkpt>
      <trkpt lat="42.964960997924209" lon="-1.557530025020242">
        <ele>870.39999999999998</ele>
      </trkpt>
      <trkpt lat="42.965029813349247" lon="-1.557303378358483">
        <ele>869.02999999999997</ele>
      </trkpt>
      <trkpt lat="42.96504020690918" lon="-1.557269096374512">
        <ele>868.66999999999996</ele>
      </trkpt>
      <trkpt lat="42.965049846097827" lon="-1.557217128574848">
        <ele>868.41999999999996</ele>
      </trkpt>
      <trkpt lat="42.965093851089478" lon="-1.556979417800903">
        <ele>866.75999999999999</ele>
      </trkpt>
      <trkpt lat="42.965137856081128" lon="-1.556741707026959">
        <ele>865.26999999999998</ele>
      </trkpt>
      <trkpt lat="42.965147495269775" lon="-1.556689739227295">
        <ele>865.01999999999998</ele>
      </trkpt>
      <trkpt lat="42.965190410614014" lon="-1.556603908538818">
        <ele>864.74000000000001</ele>
      </trkpt>
      <trkpt lat="42.965297698974609" lon="-1.556475162506104">
        <ele>863.26999999999998</ele>
      </trkpt>
      <trkpt lat="42.965319575741887" lon="-1.556434594094753">
        <ele>862.99000000000001</ele>
      </trkpt>
      <trkpt lat="42.965426025912166" lon="-1.556236781179905">
        <ele>861.86000000000001</ele>
      </trkpt>
      <trkpt lat="42.965447902679443" lon="-1.556196212768555">
        <ele>861.54999999999995</ele>
      </trkpt>
      <trkpt lat="42.965489644557238" lon="-1.556091941893101">
        <ele>861.11000000000001</ele>
      </trkpt>
      <trkpt lat="42.965575726702809" lon="-1.555876610800624">
        <ele>859.65999999999997</ele>
      </trkpt>
      <trkpt lat="42.965661892667413" lon="-1.555661279708147">
        <ele>858.35000000000002</ele>
      </trkpt>
      <trkpt lat="42.965747974812984" lon="-1.55544594861567">
        <ele>857.04999999999995</ele>
      </trkpt>
      <trkpt lat="42.965834140777588" lon="-1.555230617523193">
        <ele>855.82000000000005</ele>
      </trkpt>
      <trkpt lat="42.965920306742191" lon="-1.555015286430717">
        <ele>854.58000000000004</ele>
      </trkpt>
      <trkpt lat="42.966006388887763" lon="-1.55479995533824">
        <ele>853.35000000000002</ele>
      </trkpt>
      <trkpt lat="42.966092554852366" lon="-1.554584624245763">
        <ele>851.88</ele>
      </trkpt>
      <trkpt lat="42.966178636997938" lon="-1.554369293153286">
        <ele>850.46000000000004</ele>
      </trkpt>
      <trkpt lat="42.966220378875732" lon="-1.554265022277832">
        <ele>849.88999999999999</ele>
      </trkpt>
      <trkpt lat="42.966244770213962" lon="-1.554216155782342">
        <ele>849.47000000000003</ele>
      </trkpt>
      <trkpt lat="42.966346191242337" lon="-1.554013481363654">
        <ele>848.58000000000004</ele>
      </trkpt>
      <trkpt lat="42.966370582580566" lon="-1.553964614868164">
        <ele>848.22000000000003</ele>
      </trkpt>
      <trkpt lat="42.96641961671412" lon="-1.553869564086199">
        <ele>847.70000000000005</ele>
      </trkpt>
      <trkpt lat="42.966523133218288" lon="-1.553668985143304">
        <ele>846.75999999999999</ele>
      </trkpt>
      <trkpt lat="42.966626733541489" lon="-1.553468406200409">
        <ele>846.03999999999996</ele>
      </trkpt>
      <trkpt lat="42.966730250045657" lon="-1.553267743438482">
        <ele>845.05999999999995</ele>
      </trkpt>
      <trkpt lat="42.966833766549826" lon="-1.553067164495587">
        <ele>844.09000000000003</ele>
      </trkpt>
      <trkpt lat="42.966937366873026" lon="-1.552866501733661">
        <ele>843</ele>
      </trkpt>
      <trkpt lat="42.967040883377194" lon="-1.552665922790766">
        <ele>842.24000000000001</ele>
      </trkpt>
      <trkpt lat="42.967144399881363" lon="-1.552465343847871">
        <ele>841.29999999999995</ele>
      </trkpt>
      <trkpt lat="42.967248000204563" lon="-1.552264681085944">
        <ele>840.55999999999995</ele>
      </trkpt>
      <trkpt lat="42.967351516708732" lon="-1.552064102143049">
        <ele>839.61000000000001</ele>
      </trkpt>
      <trkpt lat="42.967400550842285" lon="-1.551969051361084">
        <ele>839.29999999999995</ele>
      </trkpt>
      <trkpt lat="42.967464923858643" lon="-1.551775932312012">
        <ele>838.51999999999998</ele>
      </trkpt>
      <trkpt lat="42.967465426772833" lon="-1.551773333922029">
        <ele>838.51999999999998</ele>
      </trkpt>
      <trkpt lat="42.967514377087355" lon="-1.551537299528718">
        <ele>837.63999999999999</ele>
      </trkpt>
      <trkpt lat="42.967514880001545" lon="-1.551534701138735">
        <ele>837.63999999999999</ele>
      </trkpt>
      <trkpt lat="42.967529883608222" lon="-1.551462197676301">
        <ele>837.38999999999999</ele>
      </trkpt>
      <trkpt lat="42.96757866628468" lon="-1.551226163282991">
        <ele>836.42999999999995</ele>
      </trkpt>
      <trkpt lat="42.967593669891357" lon="-1.551153659820557">
        <ele>836.12</ele>
      </trkpt>
      <trkpt lat="42.967596603557467" lon="-1.55114552937448">
        <ele>836.12</ele>
      </trkpt>
      <trkpt lat="42.967676566913724" lon="-1.550925755873323">
        <ele>835.00999999999999</ele>
      </trkpt>
      <trkpt lat="42.967679500579834" lon="-1.550917625427246">
        <ele>835.00999999999999</ele>
      </trkpt>
      <trkpt lat="42.967698778957129" lon="-1.550879990682006">
        <ele>834.95000000000005</ele>
      </trkpt>
      <trkpt lat="42.967801792547107" lon="-1.550678825005889">
        <ele>833.98000000000002</ele>
      </trkpt>
      <trkpt lat="42.967904806137085" lon="-1.550477743148804">
        <ele>833.28999999999996</ele>
      </trkpt>
      <trkpt lat="42.968007819727063" lon="-1.550276661291719">
        <ele>832.29999999999995</ele>
      </trkpt>
      <trkpt lat="42.968110833317041" lon="-1.550075495615602">
        <ele>831.41999999999996</ele>
      </trkpt>
      <trkpt lat="42.968130111694336" lon="-1.550037860870361">
        <ele>831.19000000000005</ele>
      </trkpt>
      <trkpt lat="42.968160370364785" lon="-1.549974912777543">
        <ele>830.88</ele>
      </trkpt>
      <trkpt lat="42.968258857727051" lon="-1.549769639968872">
        <ele>829.97000000000003</ele>
      </trkpt>
      <trkpt lat="42.968357345089316" lon="-1.549564367160201">
        <ele>828.75999999999999</ele>
      </trkpt>
      <trkpt lat="42.968387603759766" lon="-1.549501419067383">
        <ele>828.52999999999997</ele>
      </trkpt>
      <trkpt lat="42.968409061431885" lon="-1.549415588378906">
        <ele>827.97000000000003</ele>
      </trkpt>
      <trkpt lat="42.968430519104004" lon="-1.549351215362549">
        <ele>827.83000000000004</ele>
      </trkpt>
      <trkpt lat="42.968412665650249" lon="-1.549297822639346">
        <ele>827.57000000000005</ele>
      </trkpt>
      <trkpt lat="42.968387603759766" lon="-1.549222469329834">
        <ele>826.88999999999999</ele>
      </trkpt>
      <trkpt lat="42.968323230743408" lon="-1.549115180969238">
        <ele>826.16999999999996</ele>
      </trkpt>
      <trkpt lat="42.968300683423877" lon="-1.549099255353212">
        <ele>825.78999999999996</ele>
      </trkpt>
      <trkpt lat="42.968140840530396" lon="-1.548986434936523">
        <ele>824.61000000000001</ele>
      </trkpt>
      <trkpt lat="42.967980997636914" lon="-1.548873614519835">
        <ele>823.26999999999998</ele>
      </trkpt>
      <trkpt lat="42.967958450317383" lon="-1.548857688903809">
        <ele>823.13</ele>
      </trkpt>
      <trkpt lat="42.967915534973145" lon="-1.54883623123169">
        <ele>822.78999999999996</ele>
      </trkpt>
      <trkpt lat="42.967908997088671" lon="-1.54883623123169">
        <ele>822.78999999999996</ele>
      </trkpt>
      <trkpt lat="42.967728953808546" lon="-1.54883623123169">
        <ele>821.42999999999995</ele>
      </trkpt>
      <trkpt lat="42.967722415924072" lon="-1.54883623123169">
        <ele>821.42999999999995</ele>
      </trkpt>
      <trkpt lat="42.967615127563477" lon="-1.54881477355957">
        <ele>820.70000000000005</ele>
      </trkpt>
      <trkpt lat="42.967569110915065" lon="-1.548787951469421">
        <ele>820.26999999999998</ele>
      </trkpt>
      <trkpt lat="42.967403652146459" lon="-1.548691391944885">
        <ele>819</ele>
      </trkpt>
      <trkpt lat="42.967357635498047" lon="-1.548664569854736">
        <ele>818.75999999999999</ele>
      </trkpt>
      <trkpt lat="42.967335171997547" lon="-1.548633640632033">
        <ele>818.40999999999997</ele>
      </trkpt>
      <trkpt lat="42.967208437621593" lon="-1.548459464684129">
        <ele>817.14999999999998</ele>
      </trkpt>
      <trkpt lat="42.967185974121094" lon="-1.548428535461426">
        <ele>817.04999999999995</ele>
      </trkpt>
      <trkpt lat="42.967143058776855" lon="-1.548278331756592">
        <ele>816</ele>
      </trkpt>
      <trkpt lat="42.967121601104736" lon="-1.548128128051758">
        <ele>815.11000000000001</ele>
      </trkpt>
      <trkpt lat="42.967121601104736" lon="-1.548068365082145">
        <ele>814.75999999999999</ele>
      </trkpt>
      <trkpt lat="42.967121601104736" lon="-1.547823110595346">
        <ele>813.64999999999998</ele>
      </trkpt>
      <trkpt lat="42.967121601104736" lon="-1.547763347625732">
        <ele>813.45000000000005</ele>
      </trkpt>
      <trkpt lat="42.967121601104736" lon="-1.547682126984">
        <ele>812.98000000000002</ele>
      </trkpt>
      <trkpt lat="42.967121601104736" lon="-1.547436872497201">
        <ele>811.82000000000005</ele>
      </trkpt>
      <trkpt lat="42.967121601104736" lon="-1.547355651855469">
        <ele>811.47000000000003</ele>
      </trkpt>
      <trkpt lat="42.967100143432617" lon="-1.547119617462158">
        <ele>810.37</ele>
      </trkpt>
      <trkpt lat="42.967085978016257" lon="-1.547025153413415">
        <ele>809.86000000000001</ele>
      </trkpt>
      <trkpt lat="42.96704993583262" lon="-1.546784928068519">
        <ele>808.64999999999998</ele>
      </trkpt>
      <trkpt lat="42.96703577041626" lon="-1.546690464019775">
        <ele>808.10000000000002</ele>
      </trkpt>
      <trkpt lat="42.967030070722103" lon="-1.546673364937306">
        <ele>807.98000000000002</ele>
      </trkpt>
      <trkpt lat="42.96695563942194" lon="-1.546450071036816">
        <ele>806.63999999999999</ele>
      </trkpt>
      <trkpt lat="42.966949939727783" lon="-1.546432971954346">
        <ele>806.44000000000005</ele>
      </trkpt>
      <trkpt lat="42.966930409893394" lon="-1.546408580616117">
        <ele>806.17999999999995</ele>
      </trkpt>
      <trkpt lat="42.96679780818522" lon="-1.546242786571384">
        <ele>804.76999999999998</ele>
      </trkpt>
      <trkpt lat="42.96677827835083" lon="-1.546218395233154">
        <ele>804.59000000000003</ele>
      </trkpt>
      <trkpt lat="42.966732680797577" lon="-1.54617128893733">
        <ele>804.09000000000003</ele>
      </trkpt>
      <trkpt lat="42.96658918261528" lon="-1.546023180708289">
        <ele>802.86000000000001</ele>
      </trkpt>
      <trkpt lat="42.966445684432983" lon="-1.545875072479248">
        <ele>801.50999999999999</ele>
      </trkpt>
      <trkpt lat="42.966302186250687" lon="-1.545726964250207">
        <ele>800.09000000000003</ele>
      </trkpt>
      <trkpt lat="42.96615868806839" lon="-1.545578856021166">
        <ele>798.76999999999998</ele>
      </trkpt>
      <trkpt lat="42.966113090515137" lon="-1.545531749725342">
        <ele>798.30999999999995</ele>
      </trkpt>
      <trkpt lat="42.965962886810303" lon="-1.545424461364746">
        <ele>797.25</ele>
      </trkpt>
      <trkpt lat="42.965961545705795" lon="-1.545423790812492">
        <ele>797.25</ele>
      </trkpt>
      <trkpt lat="42.965792566537857" lon="-1.545339301228523">
        <ele>796.02999999999997</ele>
      </trkpt>
      <trkpt lat="42.96579122543335" lon="-1.54533863067627">
        <ele>796.02999999999997</ele>
      </trkpt>
      <trkpt lat="42.965782089158893" lon="-1.545335613191128">
        <ele>795.95000000000005</ele>
      </trkpt>
      <trkpt lat="42.965607242658734" lon="-1.545277275145054">
        <ele>794.75</ele>
      </trkpt>
      <trkpt lat="42.965598106384277" lon="-1.545274257659912">
        <ele>794.67999999999995</ele>
      </trkpt>
      <trkpt lat="42.965555191040039" lon="-1.545252799987793">
        <ele>794.37</ele>
      </trkpt>
      <trkpt lat="42.96553373336792" lon="-1.545166969299316">
        <ele>793.52999999999997</ele>
      </trkpt>
      <trkpt lat="42.96553373336792" lon="-1.545124053955078">
        <ele>793.41999999999996</ele>
      </trkpt>
      <trkpt lat="42.965576648712158" lon="-1.54508113861084">
        <ele>792.86000000000001</ele>
      </trkpt>
      <trkpt lat="42.965641021728516" lon="-1.54508113861084">
        <ele>792.13999999999999</ele>
      </trkpt>
      <trkpt lat="42.965726852416992" lon="-1.545102596282959">
        <ele>791.60000000000002</ele>
      </trkpt>
      <trkpt lat="42.965781418606639" lon="-1.54512707144022">
        <ele>791.20000000000005</ele>
      </trkpt>
      <trkpt lat="42.96595249325037" lon="-1.54520376585424">
        <ele>789.88</ele>
      </trkpt>
      <trkpt lat="42.966123484075069" lon="-1.545280376449227">
        <ele>788.71000000000004</ele>
      </trkpt>
      <trkpt lat="42.966294558718801" lon="-1.545357070863247">
        <ele>787.34000000000003</ele>
      </trkpt>
      <trkpt lat="42.966349124908447" lon="-1.545381546020508">
        <ele>786.96000000000004</ele>
      </trkpt>
      <trkpt lat="42.966414671391249" lon="-1.545410882681608">
        <ele>786.58000000000004</ele>
      </trkpt>
      <trkpt lat="42.96658574603498" lon="-1.545487409457564">
        <ele>785.17999999999995</ele>
      </trkpt>
      <trkpt lat="42.966756820678711" lon="-1.545563936233521">
        <ele>784.01999999999998</ele>
      </trkpt>
      <trkpt lat="42.966927895322442" lon="-1.545640463009477">
        <ele>782.53999999999996</ele>
      </trkpt>
      <trkpt lat="42.967098969966173" lon="-1.545716989785433">
        <ele>781.20000000000005</ele>
      </trkpt>
      <trkpt lat="42.967164516448975" lon="-1.545746326446533">
        <ele>780.50999999999999</ele>
      </trkpt>
      <trkpt lat="42.96727180480957" lon="-1.545789241790772">
        <ele>779.89999999999998</ele>
      </trkpt>
      <trkpt lat="42.967379093170166" lon="-1.545917987823486">
        <ele>778.57000000000005</ele>
      </trkpt>
      <trkpt lat="42.967421254143119" lon="-1.545972805470228">
        <ele>778.17999999999995</ele>
      </trkpt>
      <trkpt lat="42.967551508918405" lon="-1.546142119914293">
        <ele>776.76999999999998</ele>
      </trkpt>
      <trkpt lat="42.967593669891357" lon="-1.546196937561035">
        <ele>776.36000000000001</ele>
      </trkpt>
      <trkpt lat="42.967700958251953" lon="-1.546347141265869">
        <ele>775.14999999999998</ele>
      </trkpt>
      <trkpt lat="42.967756111174822" lon="-1.546390056610107">
        <ele>774.71000000000004</ele>
      </trkpt>
      <trkpt lat="42.967912433668971" lon="-1.546511678025127">
        <ele>773.29999999999995</ele>
      </trkpt>
      <trkpt lat="42.968068839982152" lon="-1.546633215621114">
        <ele>772.88</ele>
      </trkpt>
      <trkpt lat="42.968225162476301" lon="-1.546754837036133">
        <ele>774.05999999999995</ele>
      </trkpt>
      <trkpt lat="42.96828031539917" lon="-1.546797752380371">
        <ele>774.41999999999996</ele>
      </trkpt>
      <trkpt lat="42.968323230743408" lon="-1.54681921005249">
        <ele>774.67999999999995</ele>
      </trkpt>
      <trkpt lat="42.968409061431885" lon="-1.546776294708252">
        <ele>775.07000000000005</ele>
      </trkpt>
      <trkpt lat="42.968430519104004" lon="-1.546711921691895">
        <ele>775.13999999999999</ele>
      </trkpt>
      <trkpt lat="42.968430519104004" lon="-1.546669006347656">
        <ele>775.19000000000005</ele>
      </trkpt>
      <trkpt lat="42.968429932370782" lon="-1.546662049368024">
        <ele>775.19000000000005</ele>
      </trkpt>
      <trkpt lat="42.968409648165107" lon="-1.546418471261859">
        <ele>775.41999999999996</ele>
      </trkpt>
      <trkpt lat="42.968409061431885" lon="-1.546411514282227">
        <ele>775.41999999999996</ele>
      </trkpt>
      <trkpt lat="42.968387603759766" lon="-1.546368598937988">
        <ele>775.40999999999997</ele>
      </trkpt>
      <trkpt lat="42.96838098205626" lon="-1.546258963644505">
        <ele>775.47000000000003</ele>
      </trkpt>
      <trkpt lat="42.968366146087646" lon="-1.546014547348023">
        <ele>775.49000000000001</ele>
      </trkpt>
      <trkpt lat="42.968351310119033" lon="-1.54577013105154">
        <ele>775.34000000000003</ele>
      </trkpt>
      <trkpt lat="42.968344688415527" lon="-1.545660495758057">
        <ele>775.34000000000003</ele>
      </trkpt>
      <trkpt lat="42.968258857727051" lon="-1.545445919036865">
        <ele>775.30999999999995</ele>
      </trkpt>
      <trkpt lat="42.968151569366455" lon="-1.545252799987793">
        <ele>775.26999999999998</ele>
      </trkpt>
      <trkpt lat="42.968084681779146" lon="-1.545185912400484">
        <ele>775.25</ele>
      </trkpt>
      <trkpt lat="42.967939507216215" lon="-1.545040737837553">
        <ele>775.07000000000005</ele>
      </trkpt>
      <trkpt lat="42.967872619628906" lon="-1.544973850250244">
        <ele>774.84000000000003</ele>
      </trkpt>
      <trkpt lat="42.967869769781828" lon="-1.544971168041229">
        <ele>774.78999999999996</ele>
      </trkpt>
      <trkpt lat="42.967720991000533" lon="-1.544833034276962">
        <ele>774.63999999999999</ele>
      </trkpt>
      <trkpt lat="42.967572212219238" lon="-1.544694900512695">
        <ele>774.09000000000003</ele>
      </trkpt>
      <trkpt lat="42.967423433437943" lon="-1.544556766748428">
        <ele>773.35000000000002</ele>
      </trkpt>
      <trkpt lat="42.967274654656649" lon="-1.544418632984161">
        <ele>772.58000000000004</ele>
      </trkpt>
      <trkpt lat="42.96727180480957" lon="-1.544415950775147">
        <ele>772.53999999999996</ele>
      </trkpt>
      <trkpt lat="42.967223273590207" lon="-1.544385440647602">
        <ele>772.27999999999997</ele>
      </trkpt>
      <trkpt lat="42.967059826478362" lon="-1.544282678514719">
        <ele>771.38999999999999</ele>
      </trkpt>
      <trkpt lat="42.966896295547485" lon="-1.544179916381836">
        <ele>770.53999999999996</ele>
      </trkpt>
      <trkpt lat="42.966732764616609" lon="-1.544077154248953">
        <ele>769.55999999999995</ele>
      </trkpt>
      <trkpt lat="42.966569317504764" lon="-1.54397439211607">
        <ele>768.65999999999997</ele>
      </trkpt>
      <trkpt lat="42.9665207862854" lon="-1.543943881988525">
        <ele>768.32000000000005</ele>
      </trkpt>
      <trkpt lat="42.966507794335485" lon="-1.543925357982516">
        <ele>768.32000000000005</ele>
      </trkpt>
      <trkpt lat="42.966383574530482" lon="-1.543747829273343">
        <ele>767.48000000000002</ele>
      </trkpt>
      <trkpt lat="42.966370582580566" lon="-1.543729305267334">
        <ele>767.51999999999998</ele>
      </trkpt>
      <trkpt lat="42.966327667236328" lon="-1.543622016906738">
        <ele>767.04999999999995</ele>
      </trkpt>
      <trkpt lat="42.966320458799601" lon="-1.543560661375523">
        <ele>766.83000000000004</ele>
      </trkpt>
      <trkpt lat="42.966291960328817" lon="-1.543318592011929">
        <ele>765.74000000000001</ele>
      </trkpt>
      <trkpt lat="42.96628475189209" lon="-1.543257236480713">
        <ele>765.5</ele>
      </trkpt>
      <trkpt lat="42.966281566768885" lon="-1.543244579806924">
        <ele>765.45000000000005</ele>
      </trkpt>
      <trkpt lat="42.966223563998938" lon="-1.543012401089072">
        <ele>764.63999999999999</ele>
      </trkpt>
      <trkpt lat="42.966220378875732" lon="-1.542999744415283">
        <ele>764.63999999999999</ele>
      </trkpt>
      <trkpt lat="42.966201938688755" lon="-1.542937466874719">
        <ele>764.44000000000005</ele>
      </trkpt>
      <trkpt lat="42.966134548187256" lon="-1.542710065841675">
        <ele>763.64999999999998</ele>
      </trkpt>
      <trkpt lat="42.966067157685757" lon="-1.542482664808631">
        <ele>762.77999999999997</ele>
      </trkpt>
      <trkpt lat="42.966048717498779" lon="-1.542420387268066">
        <ele>762.54999999999995</ele>
      </trkpt>
      <trkpt lat="42.965962886810303" lon="-1.542248725891113">
        <ele>761.84000000000003</ele>
      </trkpt>
      <trkpt lat="42.965932376682758" lon="-1.542195249348879">
        <ele>761.66999999999996</ele>
      </trkpt>
      <trkpt lat="42.965821735560894" lon="-1.54200179502368">
        <ele>760.95000000000005</ele>
      </trkpt>
      <trkpt lat="42.96579122543335" lon="-1.541948318481445">
        <ele>760.70000000000005</ele>
      </trkpt>
      <trkpt lat="42.965784687548876" lon="-1.541937002912164">
        <ele>760.70000000000005</ele>
      </trkpt>
      <trkpt lat="42.965673208236694" lon="-1.541744470596314">
        <ele>760.01999999999998</ele>
      </trkpt>
      <trkpt lat="42.965561728924513" lon="-1.541551938280463">
        <ele>759.20000000000005</ele>
      </trkpt>
      <trkpt lat="42.965555191040039" lon="-1.541540622711182">
        <ele>759.13999999999999</ele>
      </trkpt>
      <trkpt lat="42.965552508831024" lon="-1.541533749550581">
        <ele>759.04999999999995</ele>
      </trkpt>
      <trkpt lat="42.965468019247055" lon="-1.54131724499166">
        <ele>757.97000000000003</ele>
      </trkpt>
      <trkpt lat="42.965383529663086" lon="-1.541100740432739">
        <ele>756.71000000000004</ele>
      </trkpt>
      <trkpt lat="42.965299040079117" lon="-1.540884235873818">
        <ele>755.54999999999995</ele>
      </trkpt>
      <trkpt lat="42.965214550495148" lon="-1.540667731314898">
        <ele>754.32000000000005</ele>
      </trkpt>
      <trkpt lat="42.965211868286133" lon="-1.540660858154297">
        <ele>754.25</ele>
      </trkpt>
      <trkpt lat="42.965126037597656" lon="-1.540510654449463">
        <ele>753.28999999999996</ele>
      </trkpt>
      <trkpt lat="42.965116398409009" lon="-1.540498249232769">
        <ele>753.28999999999996</ele>
      </trkpt>
      <trkpt lat="42.96498547308147" lon="-1.540329940617085">
        <ele>752.09000000000003</ele>
      </trkpt>
      <trkpt lat="42.964975833892822" lon="-1.540317535400391">
        <ele>751.90999999999997</ele>
      </trkpt>
      <trkpt lat="42.964908946305513" lon="-1.540250647813082">
        <ele>751.33000000000004</ele>
      </trkpt>
      <trkpt lat="42.964763771742582" lon="-1.540105473250151">
        <ele>750.24000000000001</ele>
      </trkpt>
      <trkpt lat="42.964696884155273" lon="-1.540038585662842">
        <ele>749.74000000000001</ele>
      </trkpt>
      <trkpt lat="42.964671570807695" lon="-1.54000673443079">
        <ele>749.52999999999997</ele>
      </trkpt>
      <trkpt lat="42.96453938819468" lon="-1.539840269833803">
        <ele>748.50999999999999</ele>
      </trkpt>
      <trkpt lat="42.964407205581665" lon="-1.539673805236816">
        <ele>747.36000000000001</ele>
      </trkpt>
      <trkpt lat="42.96427502296865" lon="-1.53950734063983">
        <ele>746.32000000000005</ele>
      </trkpt>
      <trkpt lat="42.964142840355635" lon="-1.539340876042843">
        <ele>745.30999999999995</ele>
      </trkpt>
      <trkpt lat="42.964117527008057" lon="-1.539309024810791">
        <ele>745.22000000000003</ele>
      </trkpt>
      <trkpt lat="42.964107468724251" lon="-1.539300223812461">
        <ele>745.22000000000003</ele>
      </trkpt>
      <trkpt lat="42.963955923914909" lon="-1.539167622104287">
        <ele>743.88</ele>
      </trkpt>
      <trkpt lat="42.963945865631104" lon="-1.539158821105957">
        <ele>743.88</ele>
      </trkpt>
      <trkpt lat="42.963877720758319" lon="-1.539106853306294">
        <ele>743.36000000000001</ele>
      </trkpt>
      <trkpt lat="42.963720560073853" lon="-1.538987159729004">
        <ele>742.13999999999999</ele>
      </trkpt>
      <trkpt lat="42.963563399389386" lon="-1.538867466151714">
        <ele>740.95000000000005</ele>
      </trkpt>
      <trkpt lat="42.963495254516602" lon="-1.538815498352051">
        <ele>740.29999999999995</ele>
      </trkpt>
      <trkpt lat="42.963409423828125" lon="-1.538751125335693">
        <ele>739.75</ele>
      </trkpt>
      <trkpt lat="42.963358461856842" lon="-1.5386644564569">
        <ele>739.22000000000003</ele>
      </trkpt>
      <trkpt lat="42.963245809078217" lon="-1.538473013788462">
        <ele>738.03999999999996</ele>
      </trkpt>
      <trkpt lat="42.963194847106934" lon="-1.538386344909668">
        <ele>737.65999999999997</ele>
      </trkpt>
      <trkpt lat="42.963152099400759" lon="-1.538279391825199">
        <ele>736.95000000000005</ele>
      </trkpt>
      <trkpt lat="42.963065933436155" lon="-1.538064144551754">
        <ele>735.77999999999997</ele>
      </trkpt>
      <trkpt lat="42.96302318572998" lon="-1.537957191467285">
        <ele>735.14999999999998</ele>
      </trkpt>
      <trkpt lat="42.963008349761367" lon="-1.537882927805185">
        <ele>734.76999999999998</ele>
      </trkpt>
      <trkpt lat="42.962960992008448" lon="-1.537646306678653">
        <ele>733.66999999999996</ele>
      </trkpt>
      <trkpt lat="42.96291371807456" lon="-1.537409769371152">
        <ele>732.76999999999998</ele>
      </trkpt>
      <trkpt lat="42.962866360321641" lon="-1.537173148244619">
        <ele>731.76999999999998</ele>
      </trkpt>
      <trkpt lat="42.962851524353027" lon="-1.53709888458252">
        <ele>731.46000000000004</ele>
      </trkpt>
      <trkpt lat="42.962845154106617" lon="-1.537067200988531">
        <ele>731.33000000000004</ele>
      </trkpt>
      <trkpt lat="42.962797880172729" lon="-1.53683066368103">
        <ele>730.35000000000002</ele>
      </trkpt>
      <trkpt lat="42.962750606238842" lon="-1.536594126373529">
        <ele>729.37</ele>
      </trkpt>
      <trkpt lat="42.962744235992432" lon="-1.536562442779541">
        <ele>729.29999999999995</ele>
      </trkpt>
      <trkpt lat="42.962722778320313" lon="-1.536433696746826">
        <ele>728.92999999999995</ele>
      </trkpt>
      <trkpt lat="42.962720179930329" lon="-1.536394888535142">
        <ele>728.80999999999995</ele>
      </trkpt>
      <trkpt lat="42.962703919038177" lon="-1.536150639876723">
        <ele>728.17999999999995</ele>
      </trkpt>
      <trkpt lat="42.962701320648193" lon="-1.536111831665039">
        <ele>728.05999999999995</ele>
      </trkpt>
      <trkpt lat="42.962709199637175" lon="-1.536032874137163">
        <ele>727.74000000000001</ele>
      </trkpt>
      <trkpt lat="42.962733507156372" lon="-1.535789966583252">
        <ele>726.63</ele>
      </trkpt>
      <trkpt lat="42.96275781467557" lon="-1.535547059029341">
        <ele>725.5</ele>
      </trkpt>
      <trkpt lat="42.962765693664551" lon="-1.535468101501465">
        <ele>725.07000000000005</ele>
      </trkpt>
      <trkpt lat="42.962806764990091" lon="-1.53537061996758">
        <ele>724.53999999999996</ele>
      </trkpt>
      <trkpt lat="42.962896283715963" lon="-1.535157887265086">
        <ele>723.36000000000001</ele>
      </trkpt>
      <trkpt lat="42.962937355041504" lon="-1.535060405731201">
        <ele>722.90999999999997</ele>
      </trkpt>
      <trkpt lat="42.962940037250519" lon="-1.535040121525526">
        <ele>722.79999999999995</ele>
      </trkpt>
      <trkpt lat="42.962972307577729" lon="-1.534798890352249">
        <ele>721.26999999999998</ele>
      </trkpt>
      <trkpt lat="42.962974989786744" lon="-1.534778606146574">
        <ele>721.13999999999999</ele>
      </trkpt>
      <trkpt lat="42.962983036413789" lon="-1.534718256443739">
        <ele>720.78999999999996</ele>
      </trkpt>
      <trkpt lat="42.963015139102936" lon="-1.534477025270462">
        <ele>719.24000000000001</ele>
      </trkpt>
      <trkpt lat="42.96302318572998" lon="-1.534416675567627">
        <ele>718.92999999999995</ele>
      </trkpt>
      <trkpt lat="42.963109016418457" lon="-1.534245014190674">
        <ele>717.91999999999996</ele>
      </trkpt>
      <trkpt lat="42.963130893185735" lon="-1.534204445779324">
        <ele>717.63</ele>
      </trkpt>
      <trkpt lat="42.963237343356013" lon="-1.534006632864475">
        <ele>716.69000000000005</ele>
      </trkpt>
      <trkpt lat="42.963259220123291" lon="-1.533966064453125">
        <ele>716.47000000000003</ele>
      </trkpt>
      <trkpt lat="42.96328067779541" lon="-1.533901691436768">
        <ele>716.25</ele>
      </trkpt>
      <trkpt lat="42.963302135467529" lon="-1.533794403076172">
        <ele>715.76999999999998</ele>
      </trkpt>
      <trkpt lat="42.963299117982388" lon="-1.533774957060814">
        <ele>715.76999999999998</ele>
      </trkpt>
      <trkpt lat="42.963262237608433" lon="-1.533534899353981">
        <ele>714.47000000000003</ele>
      </trkpt>
      <trkpt lat="42.963259220123291" lon="-1.533515453338623">
        <ele>714.29999999999995</ele>
      </trkpt>
      <trkpt lat="42.963259806856513" lon="-1.533508496358991">
        <ele>714.29999999999995</ele>
      </trkpt>
      <trkpt lat="42.963280091062188" lon="-1.533264918252826">
        <ele>713.04999999999995</ele>
      </trkpt>
      <trkpt lat="42.96328067779541" lon="-1.533257961273193">
        <ele>713.04999999999995</ele>
      </trkpt>
      <trkpt lat="42.963289311155677" lon="-1.533228373154998">
        <ele>712.90999999999997</ele>
      </trkpt>
      <trkpt lat="42.963355779647827" lon="-1.533000469207764">
        <ele>711.78999999999996</ele>
      </trkpt>
      <trkpt lat="42.963422248139977" lon="-1.53277256526053">
        <ele>710.54999999999995</ele>
      </trkpt>
      <trkpt lat="42.963430881500244" lon="-1.532742977142334">
        <ele>710.44000000000005</ele>
      </trkpt>
      <trkpt lat="42.963452339172363" lon="-1.532614231109619">
        <ele>709.86000000000001</ele>
      </trkpt>
      <trkpt lat="42.963452339172363" lon="-1.532533010467887">
        <ele>709.53999999999996</ele>
      </trkpt>
      <trkpt lat="42.963452339172363" lon="-1.532287755981088">
        <ele>708.38</ele>
      </trkpt>
      <trkpt lat="42.963452339172363" lon="-1.532206535339356">
        <ele>708.19000000000005</ele>
      </trkpt>
      <trkpt lat="42.963466588407755" lon="-1.532166553661227">
        <ele>707.92999999999995</ele>
      </trkpt>
      <trkpt lat="42.963545378297567" lon="-1.531946109607816">
        <ele>707</ele>
      </trkpt>
      <trkpt lat="42.963559627532959" lon="-1.531906127929688">
        <ele>706.86000000000001</ele>
      </trkpt>
      <trkpt lat="42.963581085205078" lon="-1.531798839569092">
        <ele>706.32000000000005</ele>
      </trkpt>
      <trkpt lat="42.963559627532959" lon="-1.531562805175781">
        <ele>704.82000000000005</ele>
      </trkpt>
      <trkpt lat="42.963543869554996" lon="-1.531447302550077">
        <ele>704.27999999999997</ele>
      </trkpt>
      <trkpt lat="42.963511012494564" lon="-1.531206239014864">
        <ele>703.05999999999995</ele>
      </trkpt>
      <trkpt lat="42.963495254516602" lon="-1.53109073638916">
        <ele>702.42999999999995</ele>
      </trkpt>
      <trkpt lat="42.963473796844482" lon="-1.530940532684326">
        <ele>701.67999999999995</ele>
      </trkpt>
      <trkpt lat="42.963495254516602" lon="-1.530704498291016">
        <ele>700.45000000000005</ele>
      </trkpt>
      <trkpt lat="42.963498188182712" lon="-1.530696367844939">
        <ele>700.33000000000004</ele>
      </trkpt>
      <trkpt lat="42.963578151538968" lon="-1.530476594343782">
        <ele>699.28999999999996</ele>
      </trkpt>
      <trkpt lat="42.963581085205078" lon="-1.530468463897705">
        <ele>699.62</ele>
      </trkpt>
      <trkpt lat="42.963624000549316" lon="-1.530232429504395">
        <ele>698.52999999999997</ele>
      </trkpt>
      <trkpt lat="42.963602542877197" lon="-1.530060768127441">
        <ele>697.79999999999995</ele>
      </trkpt>
      <trkpt lat="42.963584437966347" lon="-1.529974769800901">
        <ele>697.32000000000005</ele>
      </trkpt>
      <trkpt lat="42.963534817099571" lon="-1.529739070683718">
        <ele>696.48000000000002</ele>
      </trkpt>
      <trkpt lat="42.963516712188721" lon="-1.529653072357178">
        <ele>695.79999999999995</ele>
      </trkpt>
      <trkpt lat="42.963495254516602" lon="-1.529524326324463">
        <ele>695.19000000000005</ele>
      </trkpt>
      <trkpt lat="42.963516712188721" lon="-1.529331207275391">
        <ele>694.32000000000005</ele>
      </trkpt>
      <trkpt lat="42.963519897311926" lon="-1.529318550601602">
        <ele>694.25</ele>
      </trkpt>
      <trkpt lat="42.963577900081873" lon="-1.52908637188375">
        <ele>693.19000000000005</ele>
      </trkpt>
      <trkpt lat="42.963581085205078" lon="-1.529073715209961">
        <ele>693</ele>
      </trkpt>
      <trkpt lat="42.963666915893555" lon="-1.528902053833008">
        <ele>692.22000000000003</ele>
      </trkpt>
      <trkpt lat="42.963752746582031" lon="-1.528794765472412">
        <ele>691.45000000000005</ele>
      </trkpt>
      <trkpt lat="42.963773952797055" lon="-1.528775990009308">
        <ele>691.33000000000004</ele>
      </trkpt>
      <trkpt lat="42.96392465941608" lon="-1.528641879558563">
        <ele>690.50999999999999</ele>
      </trkpt>
      <trkpt lat="42.963945865631104" lon="-1.528623104095459">
        <ele>690.32000000000005</ele>
      </trkpt>
      <trkpt lat="42.964010238647461" lon="-1.528429985046387">
        <ele>689.66999999999996</ele>
      </trkpt>
      <trkpt lat="42.964005628600717" lon="-1.528337700292468">
        <ele>689.34000000000003</ele>
      </trkpt>
      <trkpt lat="42.963993391022086" lon="-1.528093116357923">
        <ele>688.00999999999999</ele>
      </trkpt>
      <trkpt lat="42.963988780975342" lon="-1.528000831604004">
        <ele>687.44000000000005</ele>
      </trkpt>
      <trkpt lat="42.964001018553972" lon="-1.527927238494158">
        <ele>687.07000000000005</ele>
      </trkpt>
      <trkpt lat="42.964040916413069" lon="-1.527688186615706">
        <ele>685.88999999999999</ele>
      </trkpt>
      <trkpt lat="42.964053153991699" lon="-1.527614593505859">
        <ele>685.62</ele>
      </trkpt>
      <trkpt lat="42.96403169631958" lon="-1.527421474456787">
        <ele>684.84000000000003</ele>
      </trkpt>
      <trkpt lat="42.964030019938946" lon="-1.52741527184844">
        <ele>684.84000000000003</ele>
      </trkpt>
      <trkpt lat="42.963967323303223" lon="-1.527185440063477">
        <ele>684.07000000000005</ele>
      </trkpt>
      <trkpt lat="42.9639046266675" lon="-1.526955608278513">
        <ele>683.05999999999995</ele>
      </trkpt>
      <trkpt lat="42.963902950286865" lon="-1.526949405670166">
        <ele>683.05999999999995</ele>
      </trkpt>
      <trkpt lat="42.963897753506899" lon="-1.526831723749638">
        <ele>683.13999999999999</ele>
      </trkpt>
      <trkpt lat="42.963886940851808" lon="-1.526586972177029">
        <ele>681.76999999999998</ele>
      </trkpt>
      <trkpt lat="42.963876128196716" lon="-1.52634222060442">
        <ele>680.92999999999995</ele>
      </trkpt>
      <trkpt lat="42.963865399360657" lon="-1.526097469031811">
        <ele>679.78999999999996</ele>
      </trkpt>
      <trkpt lat="42.963854586705565" lon="-1.525852717459202">
        <ele>678.91999999999996</ele>
      </trkpt>
      <trkpt lat="42.963843774050474" lon="-1.525607965886593">
        <ele>678.05999999999995</ele>
      </trkpt>
      <trkpt lat="42.963838577270508" lon="-1.525490283966065">
        <ele>677.58000000000004</ele>
      </trkpt>
      <trkpt lat="42.963860034942627" lon="-1.525382995605469">
        <ele>677.16999999999996</ele>
      </trkpt>
      <trkpt lat="42.963881492614746" lon="-1.525297164916992">
        <ele>676.95000000000005</ele>
      </trkpt>
      <trkpt lat="42.963901022449136" lon="-1.525272773578763">
        <ele>676.82000000000005</ele>
      </trkpt>
      <trkpt lat="42.96403362415731" lon="-1.52510697953403">
        <ele>676.12</ele>
      </trkpt>
      <trkpt lat="42.964053153991699" lon="-1.525082588195801">
        <ele>676.02999999999997</ele>
      </trkpt>
      <trkpt lat="42.964096069335938" lon="-1.524996757507324">
        <ele>675.75</ele>
      </trkpt>
      <trkpt lat="42.964117527008057" lon="-1.524868011474609">
        <ele>675.22000000000003</ele>
      </trkpt>
      <trkpt lat="42.964138984680176" lon="-1.524674892425537">
        <ele>675.00999999999999</ele>
      </trkpt>
      <trkpt lat="42.964117527008057" lon="-1.524481773376465">
        <ele>673.71000000000004</ele>
      </trkpt>
      <trkpt lat="42.964094057679176" lon="-1.524419328197837">
        <ele>673.27999999999997</ele>
      </trkpt>
      <trkpt lat="42.964012250304222" lon="-1.524200895801187">
        <ele>672.66999999999996</ele>
      </trkpt>
      <trkpt lat="42.963988780975342" lon="-1.524138450622559">
        <ele>672.30999999999995</ele>
      </trkpt>
      <trkpt lat="42.963978387415409" lon="-1.524050859734416">
        <ele>671.94000000000005</ele>
      </trkpt>
      <trkpt lat="42.963949553668499" lon="-1.523808874189854">
        <ele>670.69000000000005</ele>
      </trkpt>
      <trkpt lat="42.963920719921589" lon="-1.52356680482626">
        <ele>669.30999999999995</ele>
      </trkpt>
      <trkpt lat="42.963891886174679" lon="-1.523324819281697">
        <ele>668.01999999999998</ele>
      </trkpt>
      <trkpt lat="42.963881492614746" lon="-1.523237228393555">
        <ele>667.59000000000003</ele>
      </trkpt>
      <trkpt lat="42.963860034942627" lon="-1.52310848236084">
        <ele>666.88999999999999</ele>
      </trkpt>
      <trkpt lat="42.9638631362468" lon="-1.523010162636638">
        <ele>666.38</ele>
      </trkpt>
      <trkpt lat="42.963870763778687" lon="-1.522765159606934">
        <ele>665.36000000000001</ele>
      </trkpt>
      <trkpt lat="42.963878391310573" lon="-1.52252015657723">
        <ele>664.22000000000003</ele>
      </trkpt>
      <trkpt lat="42.963881492614746" lon="-1.522421836853027">
        <ele>663.96000000000004</ele>
      </trkpt>
      <trkpt lat="42.963878894224763" lon="-1.522383028641343">
        <ele>663.90999999999997</ele>
      </trkpt>
      <trkpt lat="42.96386263333261" lon="-1.522138779982925">
        <ele>663.20000000000005</ele>
      </trkpt>
      <trkpt lat="42.963860034942627" lon="-1.52209997177124">
        <ele>663.16999999999996</ele>
      </trkpt>
      <trkpt lat="42.963823238387704" lon="-1.521991426125169">
        <ele>662.84000000000003</ele>
      </trkpt>
      <trkpt lat="42.963747885078192" lon="-1.521768718957901">
        <ele>662.07000000000005</ele>
      </trkpt>
      <trkpt lat="42.963672447949648" lon="-1.521546095609665">
        <ele>661.19000000000005</ele>
      </trkpt>
      <trkpt lat="42.963597010821104" lon="-1.521323472261429">
        <ele>660.39999999999998</ele>
      </trkpt>
      <trkpt lat="42.96352157369256" lon="-1.521100848913193">
        <ele>659.64999999999998</ele>
      </trkpt>
      <trkpt lat="42.963446220383048" lon="-1.520878141745925">
        <ele>658.71000000000004</ele>
      </trkpt>
      <trkpt lat="42.963409423828125" lon="-1.520769596099854">
        <ele>658.03999999999996</ele>
      </trkpt>
      <trkpt lat="42.963396767154336" lon="-1.520718801766634">
        <ele>657.73000000000002</ele>
      </trkpt>
      <trkpt lat="42.963338680565357" lon="-1.520486706867814">
        <ele>656.65999999999997</ele>
      </trkpt>
      <trkpt lat="42.96328067779541" lon="-1.520254611968994">
        <ele>655.45000000000005</ele>
      </trkpt>
      <trkpt lat="42.963222675025463" lon="-1.520022517070174">
        <ele>654.30999999999995</ele>
      </trkpt>
      <trkpt lat="42.963164588436484" lon="-1.519790422171354">
        <ele>653.03999999999996</ele>
      </trkpt>
      <trkpt lat="42.963151931762695" lon="-1.519739627838135">
        <ele>652.72000000000003</ele>
      </trkpt>
      <trkpt lat="42.963123098015785" lon="-1.519648432731628">
        <ele>652.26999999999998</ele>
      </trkpt>
      <trkpt lat="42.963052019476891" lon="-1.519423127174377">
        <ele>651.10000000000002</ele>
      </trkpt>
      <trkpt lat="42.96302318572998" lon="-1.519331932067871">
        <ele>650.89999999999998</ele>
      </trkpt>
      <trkpt lat="42.96299871057272" lon="-1.519283065572381">
        <ele>650.20000000000005</ele>
      </trkpt>
      <trkpt lat="42.962897457182407" lon="-1.519080391153693">
        <ele>648.88999999999999</ele>
      </trkpt>
      <trkpt lat="42.962872982025146" lon="-1.519031524658203">
        <ele>648.49000000000001</ele>
      </trkpt>
      <trkpt lat="42.962851524353027" lon="-1.518902778625488">
        <ele>647.82000000000005</ele>
      </trkpt>
      <trkpt lat="42.962860576808453" lon="-1.518957260996103">
        <ele>648.08000000000004</ele>
      </trkpt>
      <trkpt lat="42.962851524353027" lon="-1.518902778625488">
        <ele>647.82000000000005</ele>
      </trkpt>
      <trkpt lat="42.962851524353027" lon="-1.518816947937012">
        <ele>647.34000000000003</ele>
      </trkpt>
      <trkpt lat="42.962872982025146" lon="-1.518709659576416">
        <ele>646.67999999999995</ele>
      </trkpt>
      <trkpt lat="42.962915897369385" lon="-1.518645286560059">
        <ele>646.26999999999998</ele>
      </trkpt>
      <trkpt lat="42.962980270385742" lon="-1.51860237121582">
        <ele>645.64999999999998</ele>
      </trkpt>
      <trkpt lat="42.963087558746338" lon="-1.518580913543701">
        <ele>644.89999999999998</ele>
      </trkpt>
      <trkpt lat="42.963158553466201" lon="-1.518585607409477">
        <ele>644.49000000000001</ele>
      </trkpt>
      <trkpt lat="42.963338429108262" lon="-1.518597677350044">
        <ele>643.51999999999998</ele>
      </trkpt>
      <trkpt lat="42.963409423828125" lon="-1.51860237121582">
        <ele>643.16999999999996</ele>
      </trkpt>
      <trkpt lat="42.963497182354331" lon="-1.518628103658557">
        <ele>642.76999999999998</ele>
      </trkpt>
      <trkpt lat="42.963673286139965" lon="-1.51867956854403">
        <ele>641.76999999999998</ele>
      </trkpt>
      <trkpt lat="42.963849306106567" lon="-1.518731117248535">
        <ele>640.50999999999999</ele>
      </trkpt>
      <trkpt lat="42.96402532607317" lon="-1.51878266595304">
        <ele>639.24000000000001</ele>
      </trkpt>
      <trkpt lat="42.964201429858804" lon="-1.518834130838513">
        <ele>638.17999999999995</ele>
      </trkpt>
      <trkpt lat="42.96428918838501" lon="-1.51885986328125">
        <ele>637.63999999999999</ele>
      </trkpt>
      <trkpt lat="42.964329337701201" lon="-1.518873944878578">
        <ele>637.38</ele>
      </trkpt>
      <trkpt lat="42.964503765106201" lon="-1.518934965133667">
        <ele>636.16999999999996</ele>
      </trkpt>
      <trkpt lat="42.964678192511201" lon="-1.518995985388756">
        <ele>635.44000000000005</ele>
      </trkpt>
      <trkpt lat="42.964718341827393" lon="-1.519010066986084">
        <ele>635.47000000000003</ele>
      </trkpt>
      <trkpt lat="42.96478271484375" lon="-1.518988609313965">
        <ele>635.23000000000002</ele>
      </trkpt>
      <trkpt lat="42.964825630187988" lon="-1.518924236297607">
        <ele>635.26999999999998</ele>
      </trkpt>
      <trkpt lat="42.964804172515869" lon="-1.518838405609131">
        <ele>634.98000000000002</ele>
      </trkpt>
      <trkpt lat="42.964761257171631" lon="-1.518795490264893">
        <ele>634.71000000000004</ele>
      </trkpt>
      <trkpt lat="42.964711803942919" lon="-1.518795490264893">
        <ele>634.47000000000003</ele>
      </trkpt>
      <trkpt lat="42.964531760662794" lon="-1.518795490264893">
        <ele>633.47000000000003</ele>
      </trkpt>
      <trkpt lat="42.964482307434082" lon="-1.518795490264893">
        <ele>633.24000000000001</ele>
      </trkpt>
      <trkpt lat="42.964353561401367" lon="-1.518774032592773">
        <ele>632.79999999999995</ele>
      </trkpt>
      <trkpt lat="42.964246273040771" lon="-1.518709659576416">
        <ele>632.12</ele>
      </trkpt>
      <trkpt lat="42.964198412373662" lon="-1.518677724525333">
        <ele>632.12</ele>
      </trkpt>
      <trkpt lat="42.964036641642451" lon="-1.518569933250547">
        <ele>630.20000000000005</ele>
      </trkpt>
      <trkpt lat="42.963988780975342" lon="-1.518537998199463">
        <ele>629.75</ele>
      </trkpt>
      <trkpt lat="42.963963048532605" lon="-1.518513355404139">
        <ele>629.45000000000005</ele>
      </trkpt>
      <trkpt lat="42.96381569467485" lon="-1.518372455611825">
        <ele>627.91999999999996</ele>
      </trkpt>
      <trkpt lat="42.963668340817094" lon="-1.51823147200048">
        <ele>626.38999999999999</ele>
      </trkpt>
      <trkpt lat="42.963520986959338" lon="-1.518090572208166">
        <ele>624.60000000000002</ele>
      </trkpt>
      <trkpt lat="42.963495254516602" lon="-1.518065929412842">
        <ele>623.98000000000002</ele>
      </trkpt>
      <trkpt lat="42.963430881500244" lon="-1.518044471740723">
        <ele>624.19000000000005</ele>
      </trkpt>
      <trkpt lat="42.963428115472198" lon="-1.518043130636215">
        <ele>624.19000000000005</ele>
      </trkpt>
      <trkpt lat="42.963257795199752" lon="-1.517963334918022">
        <ele>622.74000000000001</ele>
      </trkpt>
      <trkpt lat="42.963087558746338" lon="-1.517883539199829">
        <ele>621.20000000000005</ele>
      </trkpt>
      <trkpt lat="42.962917322292924" lon="-1.517803743481636">
        <ele>619.89999999999998</ele>
      </trkpt>
      <trkpt lat="42.962747002020478" lon="-1.517723947763443">
        <ele>618.49000000000001</ele>
      </trkpt>
      <trkpt lat="42.962744235992432" lon="-1.517722606658936">
        <ele>618.49000000000001</ele>
      </trkpt>
      <trkpt lat="42.962679862976074" lon="-1.517722606658936">
        <ele>618.20000000000005</ele>
      </trkpt>
      <trkpt lat="42.9626733250916" lon="-1.517722606658936">
        <ele>618.07000000000005</ele>
      </trkpt>
      <trkpt lat="42.962493281811476" lon="-1.517722606658936">
        <ele>617.04999999999995</ele>
      </trkpt>
      <trkpt lat="42.962486743927002" lon="-1.517722606658936">
        <ele>617.04999999999995</ele>
      </trkpt>
      <trkpt lat="42.962443828582764" lon="-1.517701148986816">
        <ele>616.63999999999999</ele>
      </trkpt>
      <trkpt lat="42.962400913238525" lon="-1.51761531829834">
        <ele>616.09000000000003</ele>
      </trkpt>
      <trkpt lat="42.962400913238525" lon="-1.517550945281982">
        <ele>616.03999999999996</ele>
      </trkpt>
      <trkpt lat="42.962443828582764" lon="-1.517508029937744">
        <ele>615.57000000000005</ele>
      </trkpt>
      <trkpt lat="42.962486743927002" lon="-1.517486572265625">
        <ele>615.40999999999997</ele>
      </trkpt>
      <trkpt lat="42.962559331208467" lon="-1.517505934461951">
        <ele>614.89999999999998</ele>
      </trkpt>
      <trkpt lat="42.962736021727324" lon="-1.517553040757775">
        <ele>613.42999999999995</ele>
      </trkpt>
      <trkpt lat="42.962808609008789" lon="-1.517572402954102">
        <ele>612.80999999999995</ele>
      </trkpt>
      <trkpt lat="42.962958812713623" lon="-1.517593860626221">
        <ele>611.92999999999995</ele>
      </trkpt>
      <trkpt lat="42.963002901524305" lon="-1.517584724351764">
        <ele>611.63999999999999</ele>
      </trkpt>
      <trkpt lat="42.963180933147669" lon="-1.517547927796841">
        <ele>610.33000000000004</ele>
      </trkpt>
      <trkpt lat="42.963358964771032" lon="-1.517511047422886">
        <ele>608.90999999999997</ele>
      </trkpt>
      <trkpt lat="42.963536996394396" lon="-1.517474250867963">
        <ele>607.54999999999995</ele>
      </trkpt>
      <trkpt lat="42.963581085205078" lon="-1.517465114593506">
        <ele>607.14999999999998</ele>
      </trkpt>
      <trkpt lat="42.963666915893555" lon="-1.517443656921387">
        <ele>606.69000000000005</ele>
      </trkpt>
      <trkpt lat="42.963709831237793" lon="-1.517400741577148">
        <ele>606.22000000000003</ele>
      </trkpt>
      <trkpt lat="42.963752746582031" lon="-1.51735782623291">
        <ele>606.16999999999996</ele>
      </trkpt>
      <trkpt lat="42.96377420425415" lon="-1.517250537872315">
        <ele>605.47000000000003</ele>
      </trkpt>
      <trkpt lat="42.963759871199727" lon="-1.517322538420558">
        <ele>605.79999999999995</ele>
      </trkpt>
      <trkpt lat="42.96377420425415" lon="-1.517250537872315">
        <ele>605.47000000000003</ele>
      </trkpt>
      <trkpt lat="42.96377420425415" lon="-1.51716772466898">
        <ele>604.87</ele>
      </trkpt>
      <trkpt lat="42.96377420425415" lon="-1.516922554001212">
        <ele>603.40999999999997</ele>
      </trkpt>
      <trkpt lat="42.96377420425415" lon="-1.516677299514413">
        <ele>602.08000000000004</ele>
      </trkpt>
      <trkpt lat="42.96377420425415" lon="-1.516432128846645">
        <ele>600.66999999999996</ele>
      </trkpt>
      <trkpt lat="42.96377420425415" lon="-1.516349315643311">
        <ele>600.24000000000001</ele>
      </trkpt>
      <trkpt lat="42.96377420425415" lon="-1.516306400299072">
        <ele>599.88999999999999</ele>
      </trkpt>
      <trkpt lat="42.96377420425415" lon="-1.516177654266357">
        <ele>599.16999999999996</ele>
      </trkpt>
      <trkpt lat="42.963731288909912" lon="-1.51611328125">
        <ele>598.79999999999995</ele>
      </trkpt>
      <trkpt lat="42.963731288909912" lon="-1.516005992889404">
        <ele>598.75</ele>
      </trkpt>
      <trkpt lat="42.963681165128946" lon="-1.515994006767869">
        <ele>598.52999999999997</ele>
      </trkpt>
      <trkpt lat="42.963503804057837" lon="-1.515951594337821">
        <ele>597.57000000000005</ele>
      </trkpt>
      <trkpt lat="42.963326442986727" lon="-1.515909181907773">
        <ele>596.07000000000005</ele>
      </trkpt>
      <trkpt lat="42.963149081915617" lon="-1.515866769477725">
        <ele>594.38999999999999</ele>
      </trkpt>
      <trkpt lat="42.962971720844507" lon="-1.515824357047677">
        <ele>592.61000000000001</ele>
      </trkpt>
      <trkpt lat="42.962794359773397" lon="-1.515781944617629">
        <ele>591.23000000000002</ele>
      </trkpt>
      <trkpt lat="42.962744235992432" lon="-1.515769958496094">
        <ele>591.00999999999999</ele>
      </trkpt>
      <trkpt lat="42.96269629150629" lon="-1.515758559107781">
        <ele>590.61000000000001</ele>
      </trkpt>
      <trkpt lat="42.962518930435181" lon="-1.515716314315796">
        <ele>589.38</ele>
      </trkpt>
      <trkpt lat="42.962341569364071" lon="-1.515674069523811">
        <ele>588.41999999999996</ele>
      </trkpt>
      <trkpt lat="42.96229362487793" lon="-1.515662670135498">
        <ele>588.33000000000004</ele>
      </trkpt>
      <trkpt lat="42.962285913527012" lon="-1.515660993754864">
        <ele>588.21000000000004</ele>
      </trkpt>
      <trkpt lat="42.962108217179775" lon="-1.515621431171894">
        <ele>587.33000000000004</ele>
      </trkpt>
      <trkpt lat="42.962100505828857" lon="-1.51561975479126">
        <ele>587.33000000000004</ele>
      </trkpt>
      <trkpt lat="42.962014675140381" lon="-1.51561975479126">
        <ele>586.82000000000005</ele>
      </trkpt>
      <trkpt lat="42.961885929107666" lon="-1.515662670135498">
        <ele>585.83000000000004</ele>
      </trkpt>
      <trkpt lat="42.961874697357416" lon="-1.515667615458369">
        <ele>585.79999999999995</ele>
      </trkpt>
      <trkpt lat="42.96170337125659" lon="-1.515742968767881">
        <ele>584.77999999999997</ele>
      </trkpt>
      <trkpt lat="42.961532045155764" lon="-1.515818405896425">
        <ele>583.51999999999998</ele>
      </trkpt>
      <trkpt lat="42.961360719054937" lon="-1.515893759205937">
        <ele>582.36000000000001</ele>
      </trkpt>
      <trkpt lat="42.961349487304688" lon="-1.515898704528809">
        <ele>582.20000000000005</ele>
      </trkpt>
      <trkpt lat="42.961177825927734" lon="-1.515941619873047">
        <ele>580.95000000000005</ele>
      </trkpt>
      <trkpt lat="42.9610276222229" lon="-1.515941619873047">
        <ele>579.80999999999995</ele>
      </trkpt>
      <trkpt lat="42.961025442928076" lon="-1.515941116958857">
        <ele>579.80999999999995</ele>
      </trkpt>
      <trkpt lat="42.960848081856966" lon="-1.515898536890745">
        <ele>578.45000000000005</ele>
      </trkpt>
      <trkpt lat="42.960670720785856" lon="-1.515855956822634">
        <ele>577.24000000000001</ele>
      </trkpt>
      <trkpt lat="42.960493359714746" lon="-1.515813376754522">
        <ele>576.15999999999997</ele>
      </trkpt>
      <trkpt lat="42.960491180419922" lon="-1.515812873840332">
        <ele>576.15999999999997</ele>
      </trkpt>
      <trkpt lat="42.960484391078353" lon="-1.515813628211618">
        <ele>575.94000000000005</ele>
      </trkpt>
      <trkpt lat="42.960304850712419" lon="-1.515833577141166">
        <ele>574.51999999999998</ele>
      </trkpt>
      <trkpt lat="42.96029806137085" lon="-1.515834331512451">
        <ele>574.51999999999998</ele>
      </trkpt>
      <trkpt lat="42.960126399993896" lon="-1.515898704528809">
        <ele>573.25999999999999</ele>
      </trkpt>
      <trkpt lat="42.960019111633301" lon="-1.516005992889404">
        <ele>572.38</ele>
      </trkpt>
      <trkpt lat="42.959890365600586" lon="-1.516134738922119">
        <ele>571.73000000000002</ele>
      </trkpt>
      <trkpt lat="42.959855161607265" lon="-1.516201207414269">
        <ele>571.53999999999996</ele>
      </trkpt>
      <trkpt lat="42.959749884903431" lon="-1.51640010997653">
        <ele>571.02999999999997</ele>
      </trkpt>
      <trkpt lat="42.959644608199596" lon="-1.516598928719759">
        <ele>570.88999999999999</ele>
      </trkpt>
      <trkpt lat="42.959539331495762" lon="-1.51679783128202">
        <ele>570.75</ele>
      </trkpt>
      <trkpt lat="42.959504127502441" lon="-1.51686429977417">
        <ele>570.67999999999995</ele>
      </trkpt>
      <trkpt lat="42.95950404368341" lon="-1.516864383593202">
        <ele>570.67999999999995</ele>
      </trkpt>
      <trkpt lat="42.959375465288758" lon="-1.517035877332091">
        <ele>570.75</ele>
      </trkpt>
      <trkpt lat="42.959375381469727" lon="-1.517035961151123">
        <ele>570.75</ele>
      </trkpt>
      <trkpt lat="42.959225177764893" lon="-1.517164707183838">
        <ele>570.61000000000001</ele>
      </trkpt>
      <trkpt lat="42.959202378988266" lon="-1.517176106572151">
        <ele>570.79999999999995</ele>
      </trkpt>
      <trkpt lat="42.959033399820328" lon="-1.51726059615612">
        <ele>570.88999999999999</ele>
      </trkpt>
      <trkpt lat="42.959010601043701" lon="-1.517271995544434">
        <ele>570.86000000000001</ele>
      </trkpt>
      <trkpt lat="42.958970451727509" lon="-1.517282053828239">
        <ele>571.10000000000002</ele>
      </trkpt>
      <trkpt lat="42.958793258294463" lon="-1.517326310276985">
        <ele>571.75999999999999</ele>
      </trkpt>
      <trkpt lat="42.958753108978271" lon="-1.517336368560791">
        <ele>571.77999999999997</ele>
      </trkpt>
      <trkpt lat="42.958624362945557" lon="-1.517336368560791">
        <ele>572.36000000000001</ele>
      </trkpt>
      <trkpt lat="42.958617992699146" lon="-1.517334524542093">
        <ele>572.45000000000005</ele>
      </trkpt>
      <trkpt lat="42.958441972732544" lon="-1.517282724380493">
        <ele>572.96000000000004</ele>
      </trkpt>
      <trkpt lat="42.958265952765942" lon="-1.517230924218893">
        <ele>573.67999999999995</ele>
      </trkpt>
      <trkpt lat="42.958259582519531" lon="-1.517229080200195">
        <ele>573.67999999999995</ele>
      </trkpt>
      <trkpt lat="42.958087921142578" lon="-1.517250537872315">
        <ele>574.35000000000002</ele>
      </trkpt>
      <trkpt lat="42.958069564774632" lon="-1.517264870926738">
        <ele>574.42999999999995</ele>
      </trkpt>
      <trkpt lat="42.957913158461452" lon="-1.517386408522725">
        <ele>574.88999999999999</ele>
      </trkpt>
      <trkpt lat="42.957894802093506" lon="-1.517400741577148">
        <ele>574.82000000000005</ele>
      </trkpt>
      <trkpt lat="42.957865130156279" lon="-1.517453212291002">
        <ele>574.78999999999996</ele>
      </trkpt>
      <trkpt lat="42.957755327224731" lon="-1.517647504806519">
        <ele>574.85000000000002</ele>
      </trkpt>
      <trkpt lat="42.957645524293184" lon="-1.517841797322035">
        <ele>574.52999999999997</ele>
      </trkpt>
      <trkpt lat="42.957615852355957" lon="-1.517894268035889">
        <ele>574.44000000000005</ele>
      </trkpt>
      <trkpt lat="42.957508563995361" lon="-1.518023014068604">
        <ele>574.13999999999999</ele>
      </trkpt>
      <trkpt lat="42.957401275634766" lon="-1.51810884475708">
        <ele>573.69000000000005</ele>
      </trkpt>
      <trkpt lat="42.957229614257813" lon="-1.518173217773438">
        <ele>573.53999999999996</ele>
      </trkpt>
      <trkpt lat="42.957165241241455" lon="-1.518173217773438">
        <ele>573.23000000000002</ele>
      </trkpt>
      <trkpt lat="42.95703649520874" lon="-1.51810884475708">
        <ele>573.03999999999996</ele>
      </trkpt>
      <trkpt lat="42.957006823271513" lon="-1.518085123971105">
        <ele>572.97000000000003</ele>
      </trkpt>
      <trkpt lat="42.956851590424776" lon="-1.517960904166102">
        <ele>572.50999999999999</ele>
      </trkpt>
      <trkpt lat="42.956821918487549" lon="-1.517937183380127">
        <ele>572.50999999999999</ele>
      </trkpt>
      <trkpt lat="42.95682049356401" lon="-1.51793584227562">
        <ele>572.50999999999999</ele>
      </trkpt>
      <trkpt lat="42.956671714782715" lon="-1.517797708511353">
        <ele>572.25</ele>
      </trkpt>
      <trkpt lat="42.95652293600142" lon="-1.517659574747086">
        <ele>571.87</ele>
      </trkpt>
      <trkpt lat="42.956521511077881" lon="-1.517658233642578">
        <ele>571.87</ele>
      </trkpt>
      <trkpt lat="42.956392765045166" lon="-1.517508029937744">
        <ele>571.38999999999999</ele>
      </trkpt>
      <trkpt lat="42.956328392028809" lon="-1.517379283905029">
        <ele>570.71000000000004</ele>
      </trkpt>
      <trkpt lat="42.956325458362699" lon="-1.517371153458953">
        <ele>570.71000000000004</ele>
      </trkpt>
      <trkpt lat="42.956245495006442" lon="-1.517151379957795">
        <ele>569.74000000000001</ele>
      </trkpt>
      <trkpt lat="42.956242561340332" lon="-1.517143249511719">
        <ele>569.74000000000001</ele>
      </trkpt>
      <trkpt lat="42.956241052597761" lon="-1.51713402941823">
        <ele>569.61000000000001</ele>
      </trkpt>
      <trkpt lat="42.956201154738665" lon="-1.516894977539778">
        <ele>568.66999999999996</ele>
      </trkpt>
      <trkpt lat="42.956199645996094" lon="-1.516885757446289">
        <ele>568.69000000000005</ele>
      </trkpt>
      <trkpt lat="42.956196460872889" lon="-1.516873016953468">
        <ele>568.55999999999995</ele>
      </trkpt>
      <trkpt lat="42.956138458102942" lon="-1.51664100587368">
        <ele>567.66999999999996</ele>
      </trkpt>
      <trkpt lat="42.956135272979736" lon="-1.516628265380859">
        <ele>567.65999999999997</ele>
      </trkpt>
      <trkpt lat="42.956070899963379" lon="-1.516520977020264">
        <ele>567.16999999999996</ele>
      </trkpt>
      <trkpt lat="42.955963611602783" lon="-1.516392230987549">
        <ele>566.32000000000005</ele>
      </trkpt>
      <trkpt lat="42.955899238586426" lon="-1.516349315643311">
        <ele>565.85000000000002</ele>
      </trkpt>
      <trkpt lat="42.955770492553711" lon="-1.516306400299072">
        <ele>565.08000000000004</ele>
      </trkpt>
      <trkpt lat="42.955734869465232" lon="-1.516311764717102">
        <ele>564.86000000000001</ele>
      </trkpt>
      <trkpt lat="42.95555591583252" lon="-1.516338586807251">
        <ele>563.75999999999999</ele>
      </trkpt>
      <trkpt lat="42.955376962199807" lon="-1.5163654088974">
        <ele>562.92999999999995</ele>
      </trkpt>
      <trkpt lat="42.955341339111328" lon="-1.51637077331543">
        <ele>562.79999999999995</ele>
      </trkpt>
      <trkpt lat="42.955313175916672" lon="-1.516368174925447">
        <ele>562.69000000000005</ele>
      </trkpt>
      <trkpt lat="42.955133467912674" lon="-1.516351914033294">
        <ele>561.88</ele>
      </trkpt>
      <trkpt lat="42.955105304718018" lon="-1.516349315643311">
        <ele>561.86000000000001</ele>
      </trkpt>
      <trkpt lat="42.954955101013184" lon="-1.516263484954834">
        <ele>561.42999999999995</ele>
      </trkpt>
      <trkpt lat="42.954941857606173" lon="-1.516250241547823">
        <ele>561.5</ele>
      </trkpt>
      <trkpt lat="42.954796683043242" lon="-1.516105066984892">
        <ele>561.63999999999999</ele>
      </trkpt>
      <trkpt lat="42.95478343963623" lon="-1.516091823577881">
        <ele>561.67999999999995</ele>
      </trkpt>
      <trkpt lat="42.954676151275635" lon="-1.515941619873047">
        <ele>562</ele>
      </trkpt>
      <trkpt lat="42.954590320587158" lon="-1.515727043151856">
        <ele>562.40999999999997</ele>
      </trkpt>
      <trkpt lat="42.954568862915039" lon="-1.515598297119141">
        <ele>562.58000000000004</ele>
      </trkpt>
      <trkpt lat="42.954568276181817" lon="-1.515591340139508">
        <ele>562.58000000000004</ele>
      </trkpt>
      <trkpt lat="42.954547991976142" lon="-1.515347762033343">
        <ele>563.08000000000004</ele>
      </trkpt>
      <trkpt lat="42.95454740524292" lon="-1.515340805053711">
        <ele>563.10000000000002</ele>
      </trkpt>
      <trkpt lat="42.954551344737411" lon="-1.51526989415288">
        <ele>563.29999999999995</ele>
      </trkpt>
      <trkpt lat="42.954564923420548" lon="-1.515025477856398">
        <ele>563.51999999999998</ele>
      </trkpt>
      <trkpt lat="42.954568862915039" lon="-1.514954566955566">
        <ele>563.75</ele>
      </trkpt>
      <trkpt lat="42.954582525417209" lon="-1.514896815642715">
        <ele>563.79999999999995</ele>
      </trkpt>
      <trkpt lat="42.954637762159109" lon="-1.514663547277451">
        <ele>564.09000000000003</ele>
      </trkpt>
      <trkpt lat="42.954693082720041" lon="-1.514430195093155">
        <ele>564.5</ele>
      </trkpt>
      <trkpt lat="42.954748319461942" lon="-1.514196926727891">
        <ele>564.63999999999999</ele>
      </trkpt>
      <trkpt lat="42.954761981964111" lon="-1.514139175415039">
        <ele>564.73000000000002</ele>
      </trkpt>
      <trkpt lat="42.954761981964111" lon="-1.513924598693848">
        <ele>564.83000000000004</ele>
      </trkpt>
      <trkpt lat="42.954761981964111" lon="-1.513924598693848">
        <ele>564.83000000000004</ele>
      </trkpt>
      <trkpt lat="42.954719066619873" lon="-1.513752937316895">
        <ele>564.91999999999996</ele>
      </trkpt>
      <trkpt lat="42.954676151275635" lon="-1.513688564300537">
        <ele>564.82000000000005</ele>
      </trkpt>
      <trkpt lat="42.954611778259277" lon="-1.513602733612061">
        <ele>564.82000000000005</ele>
      </trkpt>
      <trkpt lat="42.954525947570801" lon="-1.513538360595703">
        <ele>564.75999999999999</ele>
      </trkpt>
      <trkpt lat="42.95449954457581" lon="-1.513523692265153">
        <ele>564.77999999999997</ele>
      </trkpt>
      <trkpt lat="42.954332828521729" lon="-1.513431072235107">
        <ele>564.76999999999998</ele>
      </trkpt>
      <trkpt lat="42.954166112467647" lon="-1.513338452205062">
        <ele>564.72000000000003</ele>
      </trkpt>
      <trkpt lat="42.954139709472656" lon="-1.513323783874512">
        <ele>564.72000000000003</ele>
      </trkpt>
      <trkpt lat="42.954032421112061" lon="-1.513237953186035">
        <ele>564.55999999999995</ele>
      </trkpt>
      <trkpt lat="42.953925132751465" lon="-1.51313066482544">
        <ele>564.70000000000005</ele>
      </trkpt>
      <trkpt lat="42.953882217407227" lon="-1.513044834136963">
        <ele>564.63999999999999</ele>
      </trkpt>
      <trkpt lat="42.953817844390869" lon="-1.512851715087891">
        <ele>564.73000000000002</ele>
      </trkpt>
      <trkpt lat="42.953816168010235" lon="-1.512845512479544">
        <ele>564.73000000000002</ele>
      </trkpt>
      <trkpt lat="42.953753471374512" lon="-1.51261568069458">
        <ele>564.82000000000005</ele>
      </trkpt>
      <trkpt lat="42.953690774738789" lon="-1.512385848909617">
        <ele>564.84000000000003</ele>
      </trkpt>
      <trkpt lat="42.953689098358154" lon="-1.51237964630127">
        <ele>564.84000000000003</ele>
      </trkpt>
      <trkpt lat="42.953624725341797" lon="-1.512186527252197">
        <ele>564.92999999999995</ele>
      </trkpt>
      <trkpt lat="42.95353889465332" lon="-1.511971950531006">
        <ele>565.14999999999998</ele>
      </trkpt>
      <trkpt lat="42.953410148620605" lon="-1.511821746826172">
        <ele>565.17999999999995</ele>
      </trkpt>
      <trkpt lat="42.95337569899857" lon="-1.511802971363068">
        <ele>565.19000000000005</ele>
      </trkpt>
      <trkpt lat="42.95320856384933" lon="-1.511711776256561">
        <ele>565.35000000000002</ele>
      </trkpt>
      <trkpt lat="42.953174114227295" lon="-1.511693000793457">
        <ele>565.41999999999996</ele>
      </trkpt>
      <trkpt lat="42.953091636300087" lon="-1.511677578091621">
        <ele>565.41999999999996</ele>
      </trkpt>
      <trkpt lat="42.952913269400597" lon="-1.511644050478935">
        <ele>565.58000000000004</ele>
      </trkpt>
      <trkpt lat="42.952830791473389" lon="-1.5116286277771">
        <ele>565.41999999999996</ele>
      </trkpt>
      <trkpt lat="42.952788127586246" lon="-1.511610858142376">
        <ele>565.45000000000005</ele>
      </trkpt>
      <trkpt lat="42.952615963295102" lon="-1.511539109051228">
        <ele>564.71000000000004</ele>
      </trkpt>
      <trkpt lat="42.952573299407959" lon="-1.511521339416504">
        <ele>564.71000000000004</ele>
      </trkpt>
      <trkpt lat="42.952508926391602" lon="-1.511478424072266">
        <ele>564.33000000000004</ele>
      </trkpt>
      <trkpt lat="42.952401638031006" lon="-1.511349678039551">
        <ele>563.5</ele>
      </trkpt>
      <trkpt lat="42.952366853132844" lon="-1.511299386620522">
        <ele>563.36000000000001</ele>
      </trkpt>
      <trkpt lat="42.952243303880095" lon="-1.511121019721031">
        <ele>563.20000000000005</ele>
      </trkpt>
      <trkpt lat="42.952208518981934" lon="-1.511070728302002">
        <ele>563.32000000000005</ele>
      </trkpt>
      <trkpt lat="42.952185971662402" lon="-1.511045163497329">
        <ele>563.36000000000001</ele>
      </trkpt>
      <trkpt lat="42.95204758644104" lon="-1.510888338088989">
        <ele>564.01999999999998</ele>
      </trkpt>
      <trkpt lat="42.951909201219678" lon="-1.51073151268065">
        <ele>564.83000000000004</ele>
      </trkpt>
      <trkpt lat="42.951886653900146" lon="-1.510705947875977">
        <ele>564.95000000000005</ele>
      </trkpt>
      <trkpt lat="42.951822280883789" lon="-1.510641574859619">
        <ele>565.41999999999996</ele>
      </trkpt>
      <trkpt lat="42.951714992523193" lon="-1.510598659515381">
        <ele>565.97000000000003</ele>
      </trkpt>
      <trkpt lat="42.951607704162598" lon="-1.510598659515381">
        <ele>566.38</ele>
      </trkpt>
      <trkpt lat="42.951436042785645" lon="-1.510641574859619">
        <ele>567.25999999999999</ele>
      </trkpt>
      <trkpt lat="42.95130729675293" lon="-1.510727405548096">
        <ele>567.78999999999996</ele>
      </trkpt>
      <trkpt lat="42.951298244297504" lon="-1.510735200718045">
        <ele>567.78999999999996</ele>
      </trkpt>
      <trkpt lat="42.951146364212036" lon="-1.51086688041687">
        <ele>568.25999999999999</ele>
      </trkpt>
      <trkpt lat="42.950994484126568" lon="-1.510998560115695">
        <ele>568.33000000000004</ele>
      </trkpt>
      <trkpt lat="42.950985431671143" lon="-1.511006355285645">
        <ele>568.27999999999997</ele>
      </trkpt>
      <trkpt lat="42.950947294011712" lon="-1.511028399690986">
        <ele>568.24000000000001</ele>
      </trkpt>
      <trkpt lat="42.950781583786011" lon="-1.5111243724823">
        <ele>568.19000000000005</ele>
      </trkpt>
      <trkpt lat="42.950615873560309" lon="-1.511220345273614">
        <ele>568.21000000000004</ele>
      </trkpt>
      <trkpt lat="42.950577735900879" lon="-1.511242389678955">
        <ele>568.24000000000001</ele>
      </trkpt>
      <trkpt lat="42.950406074523926" lon="-1.511306762695313">
        <ele>568.70000000000005</ele>
      </trkpt>
      <trkpt lat="42.950377911329269" lon="-1.511309361085296">
        <ele>568.73000000000002</ele>
      </trkpt>
      <trkpt lat="42.950198203325272" lon="-1.511325621977449">
        <ele>569.19000000000005</ele>
      </trkpt>
      <trkpt lat="42.950170040130615" lon="-1.511328220367432">
        <ele>569.24000000000001</ele>
      </trkpt>
      <trkpt lat="42.950019836425781" lon="-1.511306762695313">
        <ele>569.61000000000001</ele>
      </trkpt>
      <trkpt lat="42.949969125911593" lon="-1.511295028030872">
        <ele>569.67999999999995</ele>
      </trkpt>
      <trkpt lat="42.94979159720242" lon="-1.511254124343395">
        <ele>569.70000000000005</ele>
      </trkpt>
      <trkpt lat="42.949740886688232" lon="-1.511242389678955">
        <ele>569.63999999999999</ele>
      </trkpt>
      <trkpt lat="42.949739545583725" lon="-1.511241719126701">
        <ele>569.63999999999999</ele>
      </trkpt>
      <trkpt lat="42.949570566415787" lon="-1.511157229542732">
        <ele>569.34000000000003</ele>
      </trkpt>
      <trkpt lat="42.949569225311279" lon="-1.511156558990479">
        <ele>569.37</ele>
      </trkpt>
      <trkpt lat="42.949550785124302" lon="-1.511146249249578">
        <ele>569.21000000000004</ele>
      </trkpt>
      <trkpt lat="42.949384236708283" lon="-1.511052958667278">
        <ele>568.87</ele>
      </trkpt>
      <trkpt lat="42.949217772111297" lon="-1.510959751904011">
        <ele>568.25999999999999</ele>
      </trkpt>
      <trkpt lat="42.949051223695278" lon="-1.510866461321712">
        <ele>567.84000000000003</ele>
      </trkpt>
      <trkpt lat="42.949032783508301" lon="-1.510856151580811">
        <ele>567.80999999999995</ele>
      </trkpt>
      <trkpt lat="42.948959274217486" lon="-1.51083167642355">
        <ele>567.67999999999995</ele>
      </trkpt>
      <trkpt lat="42.948784427717328" lon="-1.510773338377476">
        <ele>567.60000000000002</ele>
      </trkpt>
      <trkpt lat="42.948710918426514" lon="-1.510748863220215">
        <ele>567.53999999999996</ele>
      </trkpt>
      <trkpt lat="42.94869365170598" lon="-1.510748863220215">
        <ele>567.52999999999997</ele>
      </trkpt>
      <trkpt lat="42.948513608425856" lon="-1.510748863220215">
        <ele>566.95000000000005</ele>
      </trkpt>
      <trkpt lat="42.948496341705322" lon="-1.510748863220215">
        <ele>566.95000000000005</ele>
      </trkpt>
      <trkpt lat="42.948456946760416" lon="-1.510755401104689">
        <ele>566.84000000000003</ele>
      </trkpt>
      <trkpt lat="42.948278244584799" lon="-1.510785240679979">
        <ele>566.29999999999995</ele>
      </trkpt>
      <trkpt lat="42.948238849639893" lon="-1.510791778564453">
        <ele>566.10000000000002</ele>
      </trkpt>
      <trkpt lat="42.948154946789145" lon="-1.51081801392138">
        <ele>565.90999999999997</ele>
      </trkpt>
      <trkpt lat="42.947979429736733" lon="-1.510872831568122">
        <ele>565.51999999999998</ele>
      </trkpt>
      <trkpt lat="42.947895526885986" lon="-1.510899066925049">
        <ele>565.39999999999998</ele>
      </trkpt>
      <trkpt lat="42.947821849957108" lon="-1.510927900671959">
        <ele>565.24000000000001</ele>
      </trkpt>
      <trkpt lat="42.947648763656616" lon="-1.510995626449585">
        <ele>564.98000000000002</ele>
      </trkpt>
      <trkpt lat="42.947475677356124" lon="-1.511063352227211">
        <ele>564.79999999999995</ele>
      </trkpt>
      <trkpt lat="42.947402000427246" lon="-1.511092185974121">
        <ele>564.77999999999997</ele>
      </trkpt>
      <trkpt lat="42.947361767292023" lon="-1.511102244257927">
        <ele>564.74000000000001</ele>
      </trkpt>
      <trkpt lat="42.94718474149704" lon="-1.511146500706673">
        <ele>564.60000000000002</ele>
      </trkpt>
      <trkpt lat="42.947144508361816" lon="-1.511156558990479">
        <ele>564.57000000000005</ele>
      </trkpt>
      <trkpt lat="42.947136797010899" lon="-1.511154882609844">
        <ele>564.5</ele>
      </trkpt>
      <trkpt lat="42.946959100663662" lon="-1.511115320026875">
        <ele>564.37</ele>
      </trkpt>
      <trkpt lat="42.946951389312744" lon="-1.51111364364624">
        <ele>564.20000000000005</ele>
      </trkpt>
      <trkpt lat="42.946935715153813" lon="-1.511103166267276">
        <ele>564.30999999999995</ele>
      </trkpt>
      <trkpt lat="42.946773944422603" lon="-1.51099537499249">
        <ele>564.20000000000005</ele>
      </trkpt>
      <trkpt lat="42.946758270263672" lon="-1.510984897613525">
        <ele>564.25999999999999</ele>
      </trkpt>
      <trkpt lat="42.946734298020601" lon="-1.510960925370455">
        <ele>564.17999999999995</ele>
      </trkpt>
      <trkpt lat="42.94658912345767" lon="-1.510815750807524">
        <ele>564.15999999999997</ele>
      </trkpt>
      <trkpt lat="42.9465651512146" lon="-1.510791778564453">
        <ele>564.15999999999997</ele>
      </trkpt>
      <trkpt lat="42.946479320526123" lon="-1.510641574859619">
        <ele>564.09000000000003</ele>
      </trkpt>
      <trkpt lat="42.946414947509766" lon="-1.510534286499023">
        <ele>564.09000000000003</ele>
      </trkpt>
      <trkpt lat="42.946414109319448" lon="-1.51053118519485">
        <ele>564.09000000000003</ele>
      </trkpt>
      <trkpt lat="42.946351412683725" lon="-1.510301353409886">
        <ele>564.16999999999996</ele>
      </trkpt>
      <trkpt lat="42.946350574493408" lon="-1.510298252105713">
        <ele>564.16999999999996</ele>
      </trkpt>
      <trkpt lat="42.946329116821289" lon="-1.510169506072998">
        <ele>564.20000000000005</ele>
      </trkpt>
      <trkpt lat="42.946310760453343" lon="-1.510004214942455">
        <ele>564.41999999999996</ele>
      </trkpt>
      <trkpt lat="42.946329116821289" lon="-1.510169506072998">
        <ele>564.20000000000005</ele>
      </trkpt>
      <trkpt lat="42.94630765914917" lon="-1.509976387023926">
        <ele>564.41999999999996</ele>
      </trkpt>
      <trkpt lat="42.946350574493408" lon="-1.509783267974854">
        <ele>564.38</ele>
      </trkpt>
      <trkpt lat="42.946355771273375" lon="-1.509760720655322">
        <ele>564.42999999999995</ele>
      </trkpt>
      <trkpt lat="42.946409750729799" lon="-1.509526865556836">
        <ele>564.61000000000001</ele>
      </trkpt>
      <trkpt lat="42.946414947509766" lon="-1.509504318237305">
        <ele>564.73000000000002</ele>
      </trkpt>
      <trkpt lat="42.946438416838646" lon="-1.509441789239645">
        <ele>564.72000000000003</ele>
      </trkpt>
      <trkpt lat="42.9465202242136" lon="-1.509223524481058">
        <ele>564.86000000000001</ele>
      </trkpt>
      <trkpt lat="42.94654369354248" lon="-1.509160995483398">
        <ele>565.03999999999996</ele>
      </trkpt>
      <trkpt lat="42.946650981903076" lon="-1.508989334106445">
        <ele>565.22000000000003</ele>
      </trkpt>
      <trkpt lat="42.946657100692391" lon="-1.508982293307781">
        <ele>565.32000000000005</ele>
      </trkpt>
      <trkpt lat="42.946795066818595" lon="-1.508824713528156">
        <ele>565.48000000000002</ele>
      </trkpt>
      <trkpt lat="42.94680118560791" lon="-1.508817672729492">
        <ele>565.48000000000002</ele>
      </trkpt>
      <trkpt lat="42.94683588668704" lon="-1.508782971650362">
        <ele>565.59000000000003</ele>
      </trkpt>
      <trkpt lat="42.946981061249971" lon="-1.508637797087431">
        <ele>565.89999999999998</ele>
      </trkpt>
      <trkpt lat="42.947015762329102" lon="-1.508603096008301">
        <ele>565.86000000000001</ele>
      </trkpt>
      <trkpt lat="42.947123050689697" lon="-1.508452892303467">
        <ele>566.21000000000004</ele>
      </trkpt>
      <trkpt lat="42.947208881378174" lon="-1.508302688598633">
        <ele>566.42999999999995</ele>
      </trkpt>
      <trkpt lat="42.94721407815814" lon="-1.508280141279101">
        <ele>566.40999999999997</ele>
      </trkpt>
      <trkpt lat="42.947268057614565" lon="-1.508046286180615">
        <ele>566.62</ele>
      </trkpt>
      <trkpt lat="42.947273254394531" lon="-1.508023738861084">
        <ele>566.63</ele>
      </trkpt>
      <trkpt lat="42.947284402325749" lon="-1.507960539311171">
        <ele>566.75999999999999</ele>
      </trkpt>
      <trkpt lat="42.947326479479671" lon="-1.507722157984972">
        <ele>566.90999999999997</ele>
      </trkpt>
      <trkpt lat="42.947337627410889" lon="-1.507658958435059">
        <ele>566.90999999999997</ele>
      </trkpt>
      <trkpt lat="42.947354475036263" lon="-1.507583186030388">
        <ele>566.90999999999997</ele>
      </trkpt>
      <trkpt lat="42.94740661047399" lon="-1.507348492741585">
        <ele>567.10000000000002</ele>
      </trkpt>
      <trkpt lat="42.947423458099365" lon="-1.507272720336914">
        <ele>567.10000000000002</ele>
      </trkpt>
      <trkpt lat="42.947429828345776" lon="-1.507253525778651">
        <ele>567.10000000000002</ele>
      </trkpt>
      <trkpt lat="42.947504259645939" lon="-1.507030315697193">
        <ele>567.12</ele>
      </trkpt>
      <trkpt lat="42.947578690946102" lon="-1.506807021796703">
        <ele>567.19000000000005</ele>
      </trkpt>
      <trkpt lat="42.947653122246265" lon="-1.506583811715245">
        <ele>567.19000000000005</ele>
      </trkpt>
      <trkpt lat="42.947659492492676" lon="-1.506564617156982">
        <ele>567.26999999999998</ele>
      </trkpt>
      <trkpt lat="42.947702407836914" lon="-1.506392955780029">
        <ele>567.24000000000001</ele>
      </trkpt>
      <trkpt lat="42.947705425322056" lon="-1.50637342594564">
        <ele>567.20000000000005</ele>
      </trkpt>
      <trkpt lat="42.947742305696011" lon="-1.50613353587687">
        <ele>567.25</ele>
      </trkpt>
      <trkpt lat="42.947745323181152" lon="-1.506114006042481">
        <ele>567.20000000000005</ele>
      </trkpt>
      <trkpt lat="42.947740377858281" lon="-1.506010992452502">
        <ele>567.11000000000001</ele>
      </trkpt>
      <trkpt lat="42.947728810831904" lon="-1.505766408517957">
        <ele>566.63999999999999</ele>
      </trkpt>
      <trkpt lat="42.947723865509033" lon="-1.505663394927979">
        <ele>566.39999999999998</ele>
      </trkpt>
      <trkpt lat="42.947721350938082" lon="-1.505602458491921">
        <ele>566.22000000000003</ele>
      </trkpt>
      <trkpt lat="42.947711125016212" lon="-1.505357790738344">
        <ele>565.67999999999995</ele>
      </trkpt>
      <trkpt lat="42.947708610445261" lon="-1.505296854302287">
        <ele>565.60000000000002</ele>
      </trkpt>
      <trkpt lat="42.947702407836914" lon="-1.505148410797119">
        <ele>565.38</ele>
      </trkpt>
      <trkpt lat="42.947698133066297" lon="-1.505066771060228">
        <ele>565.20000000000005</ele>
      </trkpt>
      <trkpt lat="42.947685224935412" lon="-1.504822354763746">
        <ele>564.77999999999997</ele>
      </trkpt>
      <trkpt lat="42.947680950164795" lon="-1.504740715026856">
        <ele>564.51999999999998</ele>
      </trkpt>
      <trkpt lat="42.947672819718719" lon="-1.504714312031865">
        <ele>564.50999999999999</ele>
      </trkpt>
      <trkpt lat="42.947603249922395" lon="-1.504488168284297">
        <ele>563.62</ele>
      </trkpt>
      <trkpt lat="42.947595119476318" lon="-1.504461765289307">
        <ele>563.64999999999998</ele>
      </trkpt>
      <trkpt lat="42.947509288787842" lon="-1.504247188568115">
        <ele>562.77999999999997</ele>
      </trkpt>
      <trkpt lat="42.947505433112383" lon="-1.504241405054927">
        <ele>562.77999999999997</ele>
      </trkpt>
      <trkpt lat="42.947384398430586" lon="-1.504059853032231">
        <ele>562</ele>
      </trkpt>
      <trkpt lat="42.947380542755127" lon="-1.504054069519043">
        <ele>562</ele>
      </trkpt>
      <trkpt lat="42.947367299348116" lon="-1.504040826112032">
        <ele>561.88</ele>
      </trkpt>
      <trkpt lat="42.947222124785185" lon="-1.503895651549101">
        <ele>561.11000000000001</ele>
      </trkpt>
      <trkpt lat="42.947208881378174" lon="-1.50388240814209">
        <ele>561.11000000000001</ele>
      </trkpt>
      <trkpt lat="42.947172084823251" lon="-1.503859693184495">
        <ele>560.89999999999998</ele>
      </trkpt>
      <trkpt lat="42.947008050978184" lon="-1.503758355975151">
        <ele>560.10000000000002</ele>
      </trkpt>
      <trkpt lat="42.946844100952148" lon="-1.503657102584839">
        <ele>559.17999999999995</ele>
      </trkpt>
      <trkpt lat="42.946680150926113" lon="-1.503555849194527">
        <ele>558.38</ele>
      </trkpt>
      <trkpt lat="42.946516117081046" lon="-1.503454511985183">
        <ele>557.49000000000001</ele>
      </trkpt>
      <trkpt lat="42.946479320526123" lon="-1.503431797027588">
        <ele>557.27999999999997</ele>
      </trkpt>
      <trkpt lat="42.946436740458012" lon="-1.503393575549126">
        <ele>557.02999999999997</ele>
      </trkpt>
      <trkpt lat="42.946286369115114" lon="-1.503258626908064">
        <ele>556.20000000000005</ele>
      </trkpt>
      <trkpt lat="42.946136081591249" lon="-1.503123762086034">
        <ele>555.44000000000005</ele>
      </trkpt>
      <trkpt lat="42.945985710248351" lon="-1.502988813444972">
        <ele>554.45000000000005</ele>
      </trkpt>
      <trkpt lat="42.945835422724485" lon="-1.502853948622942">
        <ele>553.55999999999995</ele>
      </trkpt>
      <trkpt lat="42.945685051381588" lon="-1.50271899998188">
        <ele>552.75999999999999</ele>
      </trkpt>
      <trkpt lat="42.945642471313477" lon="-1.502680778503418">
        <ele>552.47000000000003</ele>
      </trkpt>
      <trkpt lat="42.945581367239356" lon="-1.502633756026626">
        <ele>552.19000000000005</ele>
      </trkpt>
      <trkpt lat="42.945424625650048" lon="-1.502513224259019">
        <ele>551.40999999999997</ele>
      </trkpt>
      <trkpt lat="42.945363521575928" lon="-1.502466201782227">
        <ele>551</ele>
      </trkpt>
      <trkpt lat="42.94533091597259" lon="-1.502451365813613">
        <ele>550.79999999999995</ele>
      </trkpt>
      <trkpt lat="42.945160092785954" lon="-1.502373749390245">
        <ele>550.04999999999995</ele>
      </trkpt>
      <trkpt lat="42.945127487182617" lon="-1.502358913421631">
        <ele>549.79999999999995</ele>
      </trkpt>
      <trkpt lat="42.945088595151901" lon="-1.502355644479394">
        <ele>549.75</ele>
      </trkpt>
      <trkpt lat="42.944908887147903" lon="-1.502340724691749">
        <ele>548.76999999999998</ele>
      </trkpt>
      <trkpt lat="42.944869995117187" lon="-1.502337455749512">
        <ele>548.65999999999997</ele>
      </trkpt>
      <trkpt lat="42.944869995117187" lon="-1.502337455749512">
        <ele>548.65999999999997</ele>
      </trkpt>
      <trkpt lat="42.944719791412354" lon="-1.50238037109375">
        <ele>547.86000000000001</ele>
      </trkpt>
      <trkpt lat="42.94456958770752" lon="-1.502466201782227">
        <ele>546.98000000000002</ele>
      </trkpt>
      <trkpt lat="42.944566151127219" lon="-1.502469051629305">
        <ele>546.76999999999998</ele>
      </trkpt>
      <trkpt lat="42.944412343204021" lon="-1.502596372738481">
        <ele>545.88999999999999</ele>
      </trkpt>
      <trkpt lat="42.944258451461792" lon="-1.502723693847656">
        <ele>545.12</ele>
      </trkpt>
      <trkpt lat="42.944104559719563" lon="-1.502851014956832">
        <ele>544.35000000000002</ele>
      </trkpt>
      <trkpt lat="42.943950751796365" lon="-1.502978336066008">
        <ele>543.33000000000004</ele>
      </trkpt>
      <trkpt lat="42.943947315216064" lon="-1.502981185913086">
        <ele>543.33000000000004</ele>
      </trkpt>
      <trkpt lat="42.943910853937268" lon="-1.503004403784871">
        <ele>543.14999999999998</ele>
      </trkpt>
      <trkpt lat="42.94374774210155" lon="-1.503108171746135">
        <ele>542.27999999999997</ele>
      </trkpt>
      <trkpt lat="42.943711280822754" lon="-1.50313138961792">
        <ele>542.12</ele>
      </trkpt>
      <trkpt lat="42.943625450134277" lon="-1.503174304962158">
        <ele>541.59000000000003</ele>
      </trkpt>
      <trkpt lat="42.943453788757324" lon="-1.503238677978516">
        <ele>540.79999999999995</ele>
      </trkpt>
      <trkpt lat="42.943428810685873" lon="-1.503242617473006">
        <ele>540.65999999999997</ele>
      </trkpt>
      <trkpt lat="42.943249940872192" lon="-1.503270864486694">
        <ele>539.71000000000004</ele>
      </trkpt>
      <trkpt lat="42.943071071058512" lon="-1.503299111500382">
        <ele>538.97000000000003</ele>
      </trkpt>
      <trkpt lat="42.943046092987061" lon="-1.503303050994873">
        <ele>538.98000000000002</ele>
      </trkpt>
      <trkpt lat="42.943018767982721" lon="-1.503305733203888">
        <ele>538.80999999999995</ele>
      </trkpt>
      <trkpt lat="42.942839143797755" lon="-1.503323083743453">
        <ele>538.15999999999997</ele>
      </trkpt>
      <trkpt lat="42.942659519612789" lon="-1.503340434283018">
        <ele>537.60000000000002</ele>
      </trkpt>
      <trkpt lat="42.942479895427823" lon="-1.503357784822583">
        <ele>537.19000000000005</ele>
      </trkpt>
      <trkpt lat="42.942300271242857" lon="-1.50337521918118">
        <ele>536.75999999999999</ele>
      </trkpt>
      <trkpt lat="42.942120647057891" lon="-1.503392569720745">
        <ele>536.48000000000002</ele>
      </trkpt>
      <trkpt lat="42.941941022872925" lon="-1.50340992026031">
        <ele>536.25</ele>
      </trkpt>
      <trkpt lat="42.941761398687959" lon="-1.503427270799875">
        <ele>536.09000000000003</ele>
      </trkpt>
      <trkpt lat="42.941734073683619" lon="-1.50342995300889">
        <ele>536.02999999999997</ele>
      </trkpt>
      <trkpt lat="42.941688392311335" lon="-1.503434395417571">
        <ele>535.98000000000002</ele>
      </trkpt>
      <trkpt lat="42.941508768126369" lon="-1.503451745957136">
        <ele>535.79999999999995</ele>
      </trkpt>
      <trkpt lat="42.941329143941402" lon="-1.503469180315733">
        <ele>535.59000000000003</ele>
      </trkpt>
      <trkpt lat="42.941149519756436" lon="-1.503486530855298">
        <ele>535.28999999999996</ele>
      </trkpt>
      <trkpt lat="42.94096989557147" lon="-1.503503965213895">
        <ele>535.07000000000005</ele>
      </trkpt>
      <trkpt lat="42.940790271386504" lon="-1.50352131575346">
        <ele>534.82000000000005</ele>
      </trkpt>
      <trkpt lat="42.940610647201538" lon="-1.503538750112057">
        <ele>534.5</ele>
      </trkpt>
      <trkpt lat="42.940431023016572" lon="-1.503556100651622">
        <ele>534.29999999999995</ele>
      </trkpt>
      <trkpt lat="42.940385341644287" lon="-1.503560543060303">
        <ele>534.26999999999998</ele>
      </trkpt>
      <trkpt lat="42.940371092408895" lon="-1.503561465069652">
        <ele>534.25</ele>
      </trkpt>
      <trkpt lat="42.940191216766834" lon="-1.503573451191187">
        <ele>533.98000000000002</ele>
      </trkpt>
      <trkpt lat="42.940011424943805" lon="-1.503585437312722">
        <ele>533.90999999999997</ele>
      </trkpt>
      <trkpt lat="42.939831549301744" lon="-1.503597423434258">
        <ele>533.77999999999997</ele>
      </trkpt>
      <trkpt lat="42.939651673659682" lon="-1.503609493374825">
        <ele>533.75999999999999</ele>
      </trkpt>
      <trkpt lat="42.939471798017621" lon="-1.50362147949636">
        <ele>533.67999999999995</ele>
      </trkpt>
      <trkpt lat="42.939292006194592" lon="-1.503633465617895">
        <ele>533.65999999999997</ele>
      </trkpt>
      <trkpt lat="42.93911213055253" lon="-1.50364545173943">
        <ele>533.55999999999995</ele>
      </trkpt>
      <trkpt lat="42.939097881317139" lon="-1.503646373748779">
        <ele>533.55999999999995</ele>
      </trkpt>
      <trkpt lat="42.939024623483419" lon="-1.503648636862636">
        <ele>533.55999999999995</ele>
      </trkpt>
      <trkpt lat="42.938844580203295" lon="-1.503654252737761">
        <ele>533.47000000000003</ele>
      </trkpt>
      <trkpt lat="42.93866453692317" lon="-1.503659952431917">
        <ele>533.38999999999999</ele>
      </trkpt>
      <trkpt lat="42.938484493643045" lon="-1.503665568307042">
        <ele>533.17999999999995</ele>
      </trkpt>
      <trkpt lat="42.938411235809326" lon="-1.503667831420898">
        <ele>533.12</ele>
      </trkpt>
      <trkpt lat="42.938340241089463" lon="-1.503663137555122">
        <ele>533</ele>
      </trkpt>
      <trkpt lat="42.938160365447402" lon="-1.503651067614555">
        <ele>532.60000000000002</ele>
      </trkpt>
      <trkpt lat="42.938089370727539" lon="-1.503646373748779">
        <ele>532.51999999999998</ele>
      </trkpt>
      <trkpt lat="42.938004629686475" lon="-1.503623658791184">
        <ele>532.36000000000001</ele>
      </trkpt>
      <trkpt lat="42.937827939167619" lon="-1.503576217219234">
        <ele>532.05999999999995</ele>
      </trkpt>
      <trkpt lat="42.937651248648763" lon="-1.503528859466314">
        <ele>531.79999999999995</ele>
      </trkpt>
      <trkpt lat="42.937474641948938" lon="-1.503481417894363">
        <ele>531.53999999999996</ele>
      </trkpt>
      <trkpt lat="42.937297951430082" lon="-1.503434060141444">
        <ele>531.32000000000005</ele>
      </trkpt>
      <trkpt lat="42.937121260911226" lon="-1.503386618569493">
        <ele>531.16999999999996</ele>
      </trkpt>
      <trkpt lat="42.93694457039237" lon="-1.503339260816574">
        <ele>530.86000000000001</ele>
      </trkpt>
      <trkpt lat="42.936767963692546" lon="-1.503291819244623">
        <ele>530.73000000000002</ele>
      </trkpt>
      <trkpt lat="42.93659127317369" lon="-1.503244461491704">
        <ele>530.62</ele>
      </trkpt>
      <trkpt lat="42.936414582654834" lon="-1.503197019919753">
        <ele>530.85000000000002</ele>
      </trkpt>
      <trkpt lat="42.93632984161377" lon="-1.503174304962158">
        <ele>531.00999999999999</ele>
      </trkpt>
      <trkpt lat="42.936222553253174" lon="-1.503238677978516">
        <ele>531.05999999999995</ele>
      </trkpt>
      <trkpt lat="42.936093807220459" lon="-1.503260135650635">
        <ele>531.20000000000005</ele>
      </trkpt>
      <trkpt lat="42.9360640514642" lon="-1.503268266096711">
        <ele>531.05999999999995</ele>
      </trkpt>
      <trkpt lat="42.935887528583407" lon="-1.503316378220916">
        <ele>530.88</ele>
      </trkpt>
      <trkpt lat="42.935857772827148" lon="-1.503324508666992">
        <ele>530.87</ele>
      </trkpt>
      <trkpt lat="42.935840506106615" lon="-1.503324508666992">
        <ele>530.82000000000005</ele>
      </trkpt>
      <trkpt lat="42.93566046282649" lon="-1.503324508666992">
        <ele>530.46000000000004</ele>
      </trkpt>
      <trkpt lat="42.935643196105957" lon="-1.503324508666992">
        <ele>530.41999999999996</ele>
      </trkpt>
      <trkpt lat="42.935570608824492" lon="-1.503343870863318">
        <ele>530.28999999999996</ele>
      </trkpt>
      <trkpt lat="42.935393918305635" lon="-1.503390977159143">
        <ele>534.07000000000005</ele>
      </trkpt>
      <trkpt lat="42.93532133102417" lon="-1.503410339355469">
        <ele>530.84000000000003</ele>
      </trkpt>
      <trkpt lat="42.935254108160734" lon="-1.503427689895034">
        <ele>530.04999999999995</ele>
      </trkpt>
      <trkpt lat="42.935077166184783" lon="-1.503473371267319">
        <ele>529.94000000000005</ele>
      </trkpt>
      <trkpt lat="42.934900308027864" lon="-1.503518968820572">
        <ele>529.77999999999997</ele>
      </trkpt>
      <trkpt lat="42.934723366051912" lon="-1.503564650192857">
        <ele>529.60000000000002</ele>
      </trkpt>
      <trkpt lat="42.934656143188477" lon="-1.503582000732422">
        <ele>529.61000000000001</ele>
      </trkpt>
      <trkpt lat="42.934584310278296" lon="-1.503596333786845">
        <ele>529.61000000000001</ele>
      </trkpt>
      <trkpt lat="42.93440611101687" lon="-1.503632040694356">
        <ele>529.53999999999996</ele>
      </trkpt>
      <trkpt lat="42.934334278106689" lon="-1.503646373748779">
        <ele>529.44000000000005</ele>
      </trkpt>
      <trkpt lat="42.934184074401855" lon="-1.503689289093018">
        <ele>529.34000000000003</ele>
      </trkpt>
      <trkpt lat="42.934152893722057" lon="-1.50369624607265">
        <ele>529.34000000000003</ele>
      </trkpt>
      <trkpt lat="42.933975197374821" lon="-1.503735976293683">
        <ele>529.13999999999999</ele>
      </trkpt>
      <trkpt lat="42.933797501027584" lon="-1.503775622695684">
        <ele>528.99000000000001</ele>
      </trkpt>
      <trkpt lat="42.933619804680347" lon="-1.503815352916718">
        <ele>528.88</ele>
      </trkpt>
      <trkpt lat="42.933442108333111" lon="-1.503855083137751">
        <ele>528.69000000000005</ele>
      </trkpt>
      <trkpt lat="42.933264411985874" lon="-1.503894729539752">
        <ele>528.53999999999996</ele>
      </trkpt>
      <trkpt lat="42.933086715638638" lon="-1.503934459760785">
        <ele>528.34000000000003</ele>
      </trkpt>
      <trkpt lat="42.932909019291401" lon="-1.503974106162787">
        <ele>528.19000000000005</ele>
      </trkpt>
      <trkpt lat="42.932731322944164" lon="-1.50401383638382">
        <ele>528.01999999999998</ele>
      </trkpt>
      <trkpt lat="42.932553626596928" lon="-1.504053566604853">
        <ele>527.76999999999998</ele>
      </trkpt>
      <trkpt lat="42.932375930249691" lon="-1.504093213006854">
        <ele>527.64999999999998</ele>
      </trkpt>
      <trkpt lat="42.932198233902454" lon="-1.504132943227887">
        <ele>527.44000000000005</ele>
      </trkpt>
      <trkpt lat="42.932167053222656" lon="-1.50413990020752">
        <ele>527.38999999999999</ele>
      </trkpt>
      <trkpt lat="42.932129586115479" lon="-1.504149287939072">
        <ele>527.39999999999998</ele>
      </trkpt>
      <trkpt lat="42.931952476501465" lon="-1.504193544387817">
        <ele>527.23000000000002</ele>
      </trkpt>
      <trkpt lat="42.93177536688745" lon="-1.504237800836563">
        <ele>527.14999999999998</ele>
      </trkpt>
      <trkpt lat="42.931737899780273" lon="-1.504247188568115">
        <ele>527.12</ele>
      </trkpt>
      <trkpt lat="42.931609153747559" lon="-1.504268646240234">
        <ele>527.01999999999998</ele>
      </trkpt>
      <trkpt lat="42.931586019694805" lon="-1.504273759201169">
        <ele>527</ele>
      </trkpt>
      <trkpt lat="42.931408323347569" lon="-1.504313237965107">
        <ele>526.89999999999998</ele>
      </trkpt>
      <trkpt lat="42.931230627000332" lon="-1.504352800548077">
        <ele>526.78999999999996</ele>
      </trkpt>
      <trkpt lat="42.931052930653095" lon="-1.504392279312015">
        <ele>526.76999999999998</ele>
      </trkpt>
      <trkpt lat="42.931029796600342" lon="-1.504397392272949">
        <ele>526.75999999999999</ele>
      </trkpt>
      <trkpt lat="42.93101160787046" lon="-1.504403427243233">
        <ele>526.66999999999996</ele>
      </trkpt>
      <trkpt lat="42.93083667755127" lon="-1.504461765289307">
        <ele>526.59000000000003</ele>
      </trkpt>
      <trkpt lat="42.93066174723208" lon="-1.504520103335381">
        <ele>526.47000000000003</ele>
      </trkpt>
      <trkpt lat="42.930643558502197" lon="-1.504526138305664">
        <ele>526.52999999999997</ele>
      </trkpt>
      <trkpt lat="42.93061095289886" lon="-1.504540974274278">
        <ele>526.5</ele>
      </trkpt>
      <trkpt lat="42.930440129712224" lon="-1.504618590697646">
        <ele>526.48000000000002</ele>
      </trkpt>
      <trkpt lat="42.930407524108887" lon="-1.50463342666626">
        <ele>526.49000000000001</ele>
      </trkpt>
      <trkpt lat="42.930364608764648" lon="-1.504654884338379">
        <ele>526.44000000000005</ele>
      </trkpt>
      <trkpt lat="42.930307947099209" lon="-1.504687070846558">
        <ele>526.39999999999998</ele>
      </trkpt>
      <trkpt lat="42.930141817778349" lon="-1.504781451076269">
        <ele>526.42999999999995</ele>
      </trkpt>
      <trkpt lat="42.929975604638457" lon="-1.504875915125012">
        <ele>526.23000000000002</ele>
      </trkpt>
      <trkpt lat="42.929809475317597" lon="-1.504970295354724">
        <ele>526.02999999999997</ele>
      </trkpt>
      <trkpt lat="42.929643262177706" lon="-1.505064759403467">
        <ele>525.76999999999998</ele>
      </trkpt>
      <trkpt lat="42.929477132856846" lon="-1.505159139633179">
        <ele>525.63999999999999</ele>
      </trkpt>
      <trkpt lat="42.929420471191406" lon="-1.505191326141357">
        <ele>525.62</ele>
      </trkpt>
      <trkpt lat="42.929416531696916" lon="-1.505193337798119">
        <ele>525.62</ele>
      </trkpt>
      <trkpt lat="42.929247468709946" lon="-1.505277827382088">
        <ele>525.47000000000003</ele>
      </trkpt>
      <trkpt lat="42.929078489542007" lon="-1.505362316966057">
        <ele>525.45000000000005</ele>
      </trkpt>
      <trkpt lat="42.928909426555037" lon="-1.505446806550026">
        <ele>525.39999999999998</ele>
      </trkpt>
      <trkpt lat="42.928905487060547" lon="-1.505448818206787">
        <ele>525.39999999999998</ele>
      </trkpt>
      <trkpt lat="42.928901379927993" lon="-1.505450746044517">
        <ele>525.39999999999998</ele>
      </trkpt>
      <trkpt lat="42.928731311112642" lon="-1.50553154759109">
        <ele>525.29999999999995</ele>
      </trkpt>
      <trkpt lat="42.928561326116323" lon="-1.505612265318632">
        <ele>525.13999999999999</ele>
      </trkpt>
      <trkpt lat="42.928391341120005" lon="-1.505693066865206">
        <ele>525.01999999999998</ele>
      </trkpt>
      <trkpt lat="42.928221356123686" lon="-1.505773784592748">
        <ele>524.95000000000005</ele>
      </trkpt>
      <trkpt lat="42.928051287308335" lon="-1.505854586139321">
        <ele>524.66999999999996</ele>
      </trkpt>
      <trkpt lat="42.928047180175781" lon="-1.505856513977051">
        <ele>524.66999999999996</ele>
      </trkpt>
      <trkpt lat="42.928015748038888" lon="-1.50587746873498">
        <ele>525.02999999999997</ele>
      </trkpt>
      <trkpt lat="42.927854061126709" lon="-1.505985260009766">
        <ele>525.23000000000002</ele>
      </trkpt>
      <trkpt lat="42.92769237421453" lon="-1.506093051284552">
        <ele>525.26999999999998</ele>
      </trkpt>
      <trkpt lat="42.927660942077637" lon="-1.506114006042481">
        <ele>525.24000000000001</ele>
      </trkpt>
      <trkpt lat="42.927589109167457" lon="-1.506175613030791">
        <ele>525.28999999999996</ele>
      </trkpt>
      <trkpt lat="42.927436726167798" lon="-1.506306203082204">
        <ele>525.41999999999996</ele>
      </trkpt>
      <trkpt lat="42.927284343168139" lon="-1.506436793133616">
        <ele>525.5</ele>
      </trkpt>
      <trkpt lat="42.927131960168481" lon="-1.506567383185029">
        <ele>525.45000000000005</ele>
      </trkpt>
      <trkpt lat="42.927060127258301" lon="-1.50662899017334">
        <ele>525.52999999999997</ele>
      </trkpt>
      <trkpt lat="42.927002627402544" lon="-1.506678946316242">
        <ele>525.50999999999999</ele>
      </trkpt>
      <trkpt lat="42.926850914955139" lon="-1.506810877472162">
        <ele>525.60000000000002</ele>
      </trkpt>
      <trkpt lat="42.926699202507734" lon="-1.506942892447114">
        <ele>525.58000000000004</ele>
      </trkpt>
      <trkpt lat="42.926547406241298" lon="-1.507074823603034">
        <ele>525.64999999999998</ele>
      </trkpt>
      <trkpt lat="42.926395693793893" lon="-1.507206754758954">
        <ele>525.66999999999996</ele>
      </trkpt>
      <trkpt lat="42.926243981346488" lon="-1.507338685914874">
        <ele>525.60000000000002</ele>
      </trkpt>
      <trkpt lat="42.926092268899083" lon="-1.507470617070794">
        <ele>525.61000000000001</ele>
      </trkpt>
      <trkpt lat="42.925940472632647" lon="-1.507602548226714">
        <ele>525.70000000000005</ele>
      </trkpt>
      <trkpt lat="42.925788760185242" lon="-1.507734563201666">
        <ele>525.74000000000001</ele>
      </trkpt>
      <trkpt lat="42.925637047737837" lon="-1.507866494357586">
        <ele>525.72000000000003</ele>
      </trkpt>
      <trkpt lat="42.92557954788208" lon="-1.507916450500488">
        <ele>525.74000000000001</ele>
      </trkpt>
      <trkpt lat="42.925493717193604" lon="-1.507980823516846">
        <ele>525.75</ele>
      </trkpt>
      <trkpt lat="42.92547988705337" lon="-1.507991552352905">
        <ele>525.63</ele>
      </trkpt>
      <trkpt lat="42.925323564559221" lon="-1.508113173767924">
        <ele>525.63</ele>
      </trkpt>
      <trkpt lat="42.925167242065072" lon="-1.508234711363912">
        <ele>525.66999999999996</ele>
      </trkpt>
      <trkpt lat="42.925010919570923" lon="-1.508356332778931">
        <ele>525.60000000000002</ele>
      </trkpt>
      <trkpt lat="42.924854597076774" lon="-1.50847795419395">
        <ele>525.55999999999995</ele>
      </trkpt>
      <trkpt lat="42.924698274582624" lon="-1.508599491789937">
        <ele>525.57000000000005</ele>
      </trkpt>
      <trkpt lat="42.924541952088475" lon="-1.508721113204956">
        <ele>525.67999999999995</ele>
      </trkpt>
      <trkpt lat="42.924528121948242" lon="-1.508731842041016">
        <ele>525.71000000000004</ele>
      </trkpt>
      <trkpt lat="42.924514878541231" lon="-1.508741229772568">
        <ele>525.69000000000005</ele>
      </trkpt>
      <trkpt lat="42.924355203285813" lon="-1.508854553103447">
        <ele>525.76999999999998</ele>
      </trkpt>
      <trkpt lat="42.924195528030396" lon="-1.508967876434326">
        <ele>525.96000000000004</ele>
      </trkpt>
      <trkpt lat="42.924035852774978" lon="-1.509081199765205">
        <ele>526.22000000000003</ele>
      </trkpt>
      <trkpt lat="42.92387617751956" lon="-1.509194523096085">
        <ele>526.66999999999996</ele>
      </trkpt>
      <trkpt lat="42.923862934112549" lon="-1.509203910827637">
        <ele>526.69000000000005</ele>
      </trkpt>
      <trkpt lat="42.92386150918901" lon="-1.509205251932144">
        <ele>526.74000000000001</ele>
      </trkpt>
      <trkpt lat="42.923712730407715" lon="-1.509343385696411">
        <ele>527.14999999999998</ele>
      </trkpt>
      <trkpt lat="42.92356395162642" lon="-1.509481519460678">
        <ele>527.38</ele>
      </trkpt>
      <trkpt lat="42.923562526702881" lon="-1.509482860565186">
        <ele>527.38</ele>
      </trkpt>
      <trkpt lat="42.923535956069827" lon="-1.509509431198239">
        <ele>527.50999999999999</ele>
      </trkpt>
      <trkpt lat="42.923390865325928" lon="-1.509654521942139">
        <ele>527.63999999999999</ele>
      </trkpt>
      <trkpt lat="42.923245774582028" lon="-1.509799612686038">
        <ele>527.71000000000004</ele>
      </trkpt>
      <trkpt lat="42.923219203948975" lon="-1.509826183319092">
        <ele>527.75999999999999</ele>
      </trkpt>
      <trkpt lat="42.923175953328609" lon="-1.509874546900392">
        <ele>527.67999999999995</ele>
      </trkpt>
      <trkpt lat="42.923036813735962" lon="-1.510030031204224">
        <ele>527.74000000000001</ele>
      </trkpt>
      <trkpt lat="42.922897674143314" lon="-1.510185515508056">
        <ele>527.67999999999995</ele>
      </trkpt>
      <trkpt lat="42.922854423522949" lon="-1.510233879089356">
        <ele>527.59000000000003</ele>
      </trkpt>
      <trkpt lat="42.922818213701248" lon="-1.510276794433594">
        <ele>527.58000000000004</ele>
      </trkpt>
      <trkpt lat="42.922682426869869" lon="-1.510437726974487">
        <ele>527.32000000000005</ele>
      </trkpt>
      <trkpt lat="42.92254664003849" lon="-1.510598659515381">
        <ele>527.07000000000005</ele>
      </trkpt>
      <trkpt lat="42.922410853207111" lon="-1.510759592056274">
        <ele>526.91999999999996</ele>
      </trkpt>
      <trkpt lat="42.922275066375732" lon="-1.510920524597168">
        <ele>526.69000000000005</ele>
      </trkpt>
      <trkpt lat="42.922139279544353" lon="-1.511081457138062">
        <ele>526.45000000000005</ele>
      </trkpt>
      <trkpt lat="42.922003492712975" lon="-1.511242389678955">
        <ele>526.24000000000001</ele>
      </trkpt>
      <trkpt lat="42.921867705881596" lon="-1.511403322219849">
        <ele>526</ele>
      </trkpt>
      <trkpt lat="42.921731919050217" lon="-1.511564254760742">
        <ele>525.88999999999999</ele>
      </trkpt>
      <trkpt lat="42.921695709228516" lon="-1.511607170104981">
        <ele>525.91999999999996</ele>
      </trkpt>
      <trkpt lat="42.921669809147716" lon="-1.511638266965747">
        <ele>525.91999999999996</ele>
      </trkpt>
      <trkpt lat="42.921534776687622" lon="-1.511800289154053">
        <ele>525.62</ele>
      </trkpt>
      <trkpt lat="42.921399744227529" lon="-1.51196239516139">
        <ele>525.34000000000003</ele>
      </trkpt>
      <trkpt lat="42.921373844146729" lon="-1.511993408203125">
        <ele>525.32000000000005</ele>
      </trkpt>
      <trkpt lat="42.921338388696313" lon="-1.512048309668899">
        <ele>525.19000000000005</ele>
      </trkpt>
      <trkpt lat="42.92121953330934" lon="-1.512232292443514">
        <ele>524.62</ele>
      </trkpt>
      <trkpt lat="42.921100677922368" lon="-1.512416359037161">
        <ele>524.13</ele>
      </trkpt>
      <trkpt lat="42.920981822535396" lon="-1.512600425630808">
        <ele>523.72000000000003</ele>
      </trkpt>
      <trkpt lat="42.920862967148423" lon="-1.512784492224455">
        <ele>523.19000000000005</ele>
      </trkpt>
      <trkpt lat="42.920744111761451" lon="-1.512968558818102">
        <ele>522.92999999999995</ele>
      </trkpt>
      <trkpt lat="42.920708656311035" lon="-1.513023376464844">
        <ele>522.75999999999999</ele>
      </trkpt>
      <trkpt lat="42.920669009909034" lon="-1.513091353699565">
        <ele>522.63999999999999</ele>
      </trkpt>
      <trkpt lat="42.920557027682662" lon="-1.513283299282193">
        <ele>522.23000000000002</ele>
      </trkpt>
      <trkpt lat="42.920445129275322" lon="-1.51347516104579">
        <ele>521.84000000000003</ele>
      </trkpt>
      <trkpt lat="42.92033314704895" lon="-1.513667106628418">
        <ele>521.38999999999999</ele>
      </trkpt>
      <trkpt lat="42.920221164822578" lon="-1.513859052211046">
        <ele>521.04999999999995</ele>
      </trkpt>
      <trkpt lat="42.920109266415238" lon="-1.514050913974643">
        <ele>520.55999999999995</ele>
      </trkpt>
      <trkpt lat="42.919997284188867" lon="-1.514242859557271">
        <ele>520.15999999999997</ele>
      </trkpt>
      <trkpt lat="42.919957637786865" lon="-1.514310836791992">
        <ele>520</ele>
      </trkpt>
      <trkpt lat="42.919916231185198" lon="-1.514374371618033">
        <ele>519.86000000000001</ele>
      </trkpt>
      <trkpt lat="42.919796705245972" lon="-1.514557600021362">
        <ele>519.38999999999999</ele>
      </trkpt>
      <trkpt lat="42.919677179306746" lon="-1.514740828424692">
        <ele>518.94000000000005</ele>
      </trkpt>
      <trkpt lat="42.919635772705078" lon="-1.514804363250732">
        <ele>518.83000000000004</ele>
      </trkpt>
      <trkpt lat="42.919600820168853" lon="-1.514849122613668">
        <ele>518.62</ele>
      </trkpt>
      <trkpt lat="42.919469811022282" lon="-1.515017179772258">
        <ele>518.16999999999996</ele>
      </trkpt>
      <trkpt lat="42.91933880187571" lon="-1.515185236930847">
        <ele>517.62</ele>
      </trkpt>
      <trkpt lat="42.919207792729139" lon="-1.515353377908468">
        <ele>517.29999999999995</ele>
      </trkpt>
      <trkpt lat="42.919076699763536" lon="-1.515521435067058">
        <ele>516.70000000000005</ele>
      </trkpt>
      <trkpt lat="42.918945690616965" lon="-1.515689492225647">
        <ele>516.25</ele>
      </trkpt>
      <trkpt lat="42.918814681470394" lon="-1.515857549384236">
        <ele>515.75</ele>
      </trkpt>
      <trkpt lat="42.918683672323823" lon="-1.516025606542826">
        <ele>515.58000000000004</ele>
      </trkpt>
      <trkpt lat="42.918648719787598" lon="-1.516070365905762">
        <ele>515.47000000000003</ele>
      </trkpt>
      <trkpt lat="42.918584430590272" lon="-1.51612551882863">
        <ele>515.35000000000002</ele>
      </trkpt>
      <trkpt lat="42.918432047590613" lon="-1.516256108880043">
        <ele>515.27999999999997</ele>
      </trkpt>
      <trkpt lat="42.918279664590955" lon="-1.516386698931456">
        <ele>515.34000000000003</ele>
      </trkpt>
      <trkpt lat="42.918127281591296" lon="-1.516517288982868">
        <ele>515.54999999999995</ele>
      </trkpt>
      <trkpt lat="42.917974982410669" lon="-1.516647879034281">
        <ele>515.60000000000002</ele>
      </trkpt>
      <trkpt lat="42.917822599411011" lon="-1.516778469085693">
        <ele>515.70000000000005</ele>
      </trkpt>
      <trkpt lat="42.917670216411352" lon="-1.516909059137106">
        <ele>515.83000000000004</ele>
      </trkpt>
      <trkpt lat="42.917517917230725" lon="-1.517039649188519">
        <ele>515.88999999999999</ele>
      </trkpt>
      <trkpt lat="42.917365534231067" lon="-1.517170239239931">
        <ele>515.95000000000005</ele>
      </trkpt>
      <trkpt lat="42.917213151231408" lon="-1.517300829291344">
        <ele>515.95000000000005</ele>
      </trkpt>
      <trkpt lat="42.91706076823175" lon="-1.517431419342756">
        <ele>515.99000000000001</ele>
      </trkpt>
      <trkpt lat="42.916996479034424" lon="-1.517486572265625">
        <ele>516</ele>
      </trkpt>
      <trkpt lat="42.916973680257797" lon="-1.517504844814539">
        <ele>516.07000000000005</ele>
      </trkpt>
      <trkpt lat="42.91681844741106" lon="-1.51762898080051">
        <ele>515.96000000000004</ele>
      </trkpt>
      <trkpt lat="42.916663214564323" lon="-1.517753200605512">
        <ele>515.97000000000003</ele>
      </trkpt>
      <trkpt lat="42.916507981717587" lon="-1.517877420410514">
        <ele>516.00999999999999</ele>
      </trkpt>
      <trkpt lat="42.91635274887085" lon="-1.518001556396484">
        <ele>515.98000000000002</ele>
      </trkpt>
      <trkpt lat="42.916197516024113" lon="-1.518125776201487">
        <ele>515.95000000000005</ele>
      </trkpt>
      <trkpt lat="42.916042283177376" lon="-1.518249912187457">
        <ele>515.88999999999999</ele>
      </trkpt>
      <trkpt lat="42.915887050330639" lon="-1.518374131992459">
        <ele>515.97000000000003</ele>
      </trkpt>
      <trkpt lat="42.915731817483902" lon="-1.51849826797843">
        <ele>516.02999999999997</ele>
      </trkpt>
      <trkpt lat="42.915709018707275" lon="-1.518516540527344">
        <ele>516.02999999999997</ele>
      </trkpt>
      <trkpt lat="42.915703905746341" lon="-1.518521653488278">
        <ele>516.02999999999997</ele>
      </trkpt>
      <trkpt lat="42.915558815002441" lon="-1.518666744232178">
        <ele>515.86000000000001</ele>
      </trkpt>
      <trkpt lat="42.915413724258542" lon="-1.518811834976077">
        <ele>515.90999999999997</ele>
      </trkpt>
      <trkpt lat="42.915408611297607" lon="-1.518816947937012">
        <ele>515.90999999999997</ele>
      </trkpt>
      <trkpt lat="42.915389081463218" lon="-1.518841339275241">
        <ele>515.80999999999995</ele>
      </trkpt>
      <trkpt lat="42.915256479755044" lon="-1.519007133319974">
        <ele>515.67999999999995</ele>
      </trkpt>
      <trkpt lat="42.915236949920654" lon="-1.519031524658203">
        <ele>515.66999999999996</ele>
      </trkpt>
      <trkpt lat="42.915217839181423" lon="-1.519064297899604">
        <ele>515.55999999999995</ele>
      </trkpt>
      <trkpt lat="42.915105856955051" lon="-1.519256243482232">
        <ele>515.21000000000004</ele>
      </trkpt>
      <trkpt lat="42.91508674621582" lon="-1.519289016723633">
        <ele>515.04999999999995</ele>
      </trkpt>
      <trkpt lat="42.9150549788028" lon="-1.519352551549673">
        <ele>515.00999999999999</ele>
      </trkpt>
      <trkpt lat="42.914953725412488" lon="-1.519555058330298">
        <ele>514.48000000000002</ele>
      </trkpt>
      <trkpt lat="42.914852472022176" lon="-1.519757648929954">
        <ele>514.05999999999995</ele>
      </trkpt>
      <trkpt lat="42.914751134812832" lon="-1.51996023952961">
        <ele>513.53999999999996</ele>
      </trkpt>
      <trkpt lat="42.91464988142252" lon="-1.520162746310234">
        <ele>513.14999999999998</ele>
      </trkpt>
      <trkpt lat="42.914548628032207" lon="-1.52036533690989">
        <ele>512.75</ele>
      </trkpt>
      <trkpt lat="42.914447290822864" lon="-1.520567927509546">
        <ele>512.27999999999997</ele>
      </trkpt>
      <trkpt lat="42.914346037432551" lon="-1.520770434290171">
        <ele>511.87</ele>
      </trkpt>
      <trkpt lat="42.914314270019531" lon="-1.520833969116211">
        <ele>511.86000000000001</ele>
      </trkpt>
      <trkpt lat="42.914296835660934" lon="-1.520864814519882">
        <ele>511.85000000000002</ele>
      </trkpt>
      <trkpt lat="42.914186865091324" lon="-1.521058855578303">
        <ele>511.64999999999998</ele>
      </trkpt>
      <trkpt lat="42.914076894521713" lon="-1.521252812817693">
        <ele>511.56999999999999</ele>
      </trkpt>
      <trkpt lat="42.913966923952103" lon="-1.521446853876114">
        <ele>511.52999999999997</ele>
      </trkpt>
      <trkpt lat="42.913949489593506" lon="-1.521477699279785">
        <ele>511.51999999999998</ele>
      </trkpt>
      <trkpt lat="42.913863658905029" lon="-1.521627902984619">
        <ele>511.49000000000001</ele>
      </trkpt>
      <trkpt lat="42.91383683681488" lon="-1.52165774255991">
        <ele>511.42000000000002</ele>
      </trkpt>
      <trkpt lat="42.913697361946106" lon="-1.52181264013052">
        <ele>511.17000000000002</ele>
      </trkpt>
      <trkpt lat="42.913670539855957" lon="-1.521842479705811">
        <ele>511.23000000000002</ele>
      </trkpt>
      <trkpt lat="42.913625109940767" lon="-1.521887909621">
        <ele>511.10000000000002</ele>
      </trkpt>
      <trkpt lat="42.913479935377836" lon="-1.522033084183931">
        <ele>510.98000000000002</ele>
      </trkpt>
      <trkpt lat="42.913434505462646" lon="-1.522078514099121">
        <ele>510.95999999999998</ele>
      </trkpt>
      <trkpt lat="42.913404833525419" lon="-1.522102234885097">
        <ele>510.97000000000003</ele>
      </trkpt>
      <trkpt lat="42.913249600678682" lon="-1.522226454690099">
        <ele>510.81</ele>
      </trkpt>
      <trkpt lat="42.913219928741455" lon="-1.522250175476074">
        <ele>510.82999999999998</ele>
      </trkpt>
      <trkpt lat="42.913164691999555" lon="-1.52228613384068">
        <ele>510.77999999999997</ele>
      </trkpt>
      <trkpt lat="42.91300225071609" lon="-1.522391913458705">
        <ele>510.63999999999999</ele>
      </trkpt>
      <trkpt lat="42.912839809432626" lon="-1.52249769307673">
        <ele>510.44999999999999</ele>
      </trkpt>
      <trkpt lat="42.912677368149161" lon="-1.522603472694755">
        <ele>510.37</ele>
      </trkpt>
      <trkpt lat="42.912514926865697" lon="-1.522709252312779">
        <ele>510.17000000000002</ele>
      </trkpt>
      <trkpt lat="42.912352485582232" lon="-1.522815031930804">
        <ele>510.06999999999999</ele>
      </trkpt>
      <trkpt lat="42.912297248840332" lon="-1.52285099029541">
        <ele>510.06</ele>
      </trkpt>
      <trkpt lat="42.912224996834993" lon="-1.522907735779882">
        <ele>509.94</ele>
      </trkpt>
      <trkpt lat="42.912069093436003" lon="-1.523030279204249">
        <ele>509.63</ele>
      </trkpt>
      <trkpt lat="42.911996841430664" lon="-1.523087024688721">
        <ele>509.63</ele>
      </trkpt>
      <trkpt lat="42.911927942186594" lon="-1.523161204531789">
        <ele>509.5</ele>
      </trkpt>
      <trkpt lat="42.911786790937185" lon="-1.523313252255321">
        <ele>509.39999999999998</ele>
      </trkpt>
      <trkpt lat="42.911717891693115" lon="-1.523387432098389">
        <ele>509.42000000000002</ele>
      </trkpt>
      <trkpt lat="42.911714036017656" lon="-1.523393299430609">
        <ele>509.42000000000002</ele>
      </trkpt>
      <trkpt lat="42.911593001335859" lon="-1.523574683815241">
        <ele>509.36000000000001</ele>
      </trkpt>
      <trkpt lat="42.9115891456604" lon="-1.523580551147461">
        <ele>509.25999999999999</ele>
      </trkpt>
      <trkpt lat="42.911481857299805" lon="-1.523773670196533">
        <ele>509.24000000000001</ele>
      </trkpt>
      <trkpt lat="42.911444557830691" lon="-1.523852879181504">
        <ele>509.12</ele>
      </trkpt>
      <trkpt lat="42.911347495391965" lon="-1.524059241637588">
        <ele>509.12</ele>
      </trkpt>
      <trkpt lat="42.911310195922852" lon="-1.524138450622559">
        <ele>509.11000000000001</ele>
      </trkpt>
      <trkpt lat="42.911304999142885" lon="-1.524161081761122">
        <ele>509.19999999999999</ele>
      </trkpt>
      <trkpt lat="42.91125101968646" lon="-1.524394769221544">
        <ele>509.01999999999998</ele>
      </trkpt>
      <trkpt lat="42.911245822906494" lon="-1.524417400360107">
        <ele>508.92000000000002</ele>
      </trkpt>
      <trkpt lat="42.911242637783289" lon="-1.524430140852928">
        <ele>508.91000000000003</ele>
      </trkpt>
      <trkpt lat="42.911184635013342" lon="-1.524662151932716">
        <ele>509.00999999999999</ele>
      </trkpt>
      <trkpt lat="42.911181449890137" lon="-1.524674892425537">
        <ele>509</ele>
      </trkpt>
      <trkpt lat="42.911138534545898" lon="-1.524889469146729">
        <ele>509.01999999999998</ele>
      </trkpt>
      <trkpt lat="42.911134511232376" lon="-1.52494428679347">
        <ele>509.10000000000002</ele>
      </trkpt>
      <trkpt lat="42.911116741597652" lon="-1.525188116356731">
        <ele>509.04000000000002</ele>
      </trkpt>
      <trkpt lat="42.911098971962929" lon="-1.525431862100959">
        <ele>509.06</ele>
      </trkpt>
      <trkpt lat="42.911081202328205" lon="-1.525675691664219">
        <ele>509.13999999999999</ele>
      </trkpt>
      <trkpt lat="42.911063432693481" lon="-1.525919437408447">
        <ele>509.24000000000001</ele>
      </trkpt>
      <trkpt lat="42.911045663058758" lon="-1.526163183152676">
        <ele>509.36000000000001</ele>
      </trkpt>
      <trkpt lat="42.911027893424034" lon="-1.526407012715936">
        <ele>509.38999999999999</ele>
      </trkpt>
      <trkpt lat="42.91101012378931" lon="-1.526650758460164">
        <ele>509.45999999999998</ele>
      </trkpt>
      <trkpt lat="42.910992354154587" lon="-1.526894588023424">
        <ele>509.62</ele>
      </trkpt>
      <trkpt lat="42.910988330841064" lon="-1.526949405670166">
        <ele>509.66000000000003</ele>
      </trkpt>
      <trkpt lat="42.910986319184303" lon="-1.526965415105224">
        <ele>509.63</ele>
      </trkpt>
      <trkpt lat="42.910956144332886" lon="-1.527206897735596">
        <ele>509.66000000000003</ele>
      </trkpt>
      <trkpt lat="42.910925969481468" lon="-1.527448380365968">
        <ele>509.70999999999998</ele>
      </trkpt>
      <trkpt lat="42.910923957824707" lon="-1.527464389801025">
        <ele>509.70999999999998</ele>
      </trkpt>
      <trkpt lat="42.910896129906178" lon="-1.527575785294175">
        <ele>509.68000000000001</ele>
      </trkpt>
      <trkpt lat="42.91083812713623" lon="-1.527807712554932">
        <ele>509.54000000000002</ele>
      </trkpt>
      <trkpt lat="42.910780124366283" lon="-1.528039639815688">
        <ele>509.45999999999998</ele>
      </trkpt>
      <trkpt lat="42.910752296447754" lon="-1.528151035308838">
        <ele>509.38999999999999</ele>
      </trkpt>
      <trkpt lat="42.910744585096836" lon="-1.528179617598653">
        <ele>509.33999999999997</ele>
      </trkpt>
      <trkpt lat="42.910682810470462" lon="-1.528409700840712">
        <ele>509.07999999999998</ele>
      </trkpt>
      <trkpt lat="42.910621035844088" lon="-1.52863978408277">
        <ele>508.91000000000003</ele>
      </trkpt>
      <trkpt lat="42.910559177398682" lon="-1.528869867324829">
        <ele>508.67000000000002</ele>
      </trkpt>
      <trkpt lat="42.910497402772307" lon="-1.529099950566888">
        <ele>508.5</ele>
      </trkpt>
      <trkpt lat="42.910435544326901" lon="-1.529330033808947">
        <ele>508.41000000000003</ele>
      </trkpt>
      <trkpt lat="42.910373769700527" lon="-1.529560117051005">
        <ele>508.12</ele>
      </trkpt>
      <trkpt lat="42.910366058349609" lon="-1.52958869934082">
        <ele>508.13</ele>
      </trkpt>
      <trkpt lat="42.91034460067749" lon="-1.529653072357178">
        <ele>508.06999999999999</ele>
      </trkpt>
      <trkpt lat="42.910301685333252" lon="-1.529781818389893">
        <ele>508.00999999999999</ele>
      </trkpt>
      <trkpt lat="42.910299757495522" lon="-1.529788691550493">
        <ele>507.93000000000001</ele>
      </trkpt>
      <trkpt lat="42.91023563593626" lon="-1.530017601326108">
        <ele>507.68000000000001</ele>
      </trkpt>
      <trkpt lat="42.91017159819603" lon="-1.530246511101723">
        <ele>507.36000000000001</ele>
      </trkpt>
      <trkpt lat="42.910107476636767" lon="-1.530475420877338">
        <ele>507.12</ele>
      </trkpt>
      <trkpt lat="42.910043355077505" lon="-1.530704414471984">
        <ele>506.79000000000002</ele>
      </trkpt>
      <trkpt lat="42.909979317337275" lon="-1.530933324247599">
        <ele>506.52999999999997</ele>
      </trkpt>
      <trkpt lat="42.909915195778012" lon="-1.531162234023213">
        <ele>506.20999999999998</ele>
      </trkpt>
      <trkpt lat="42.90985107421875" lon="-1.531391143798828">
        <ele>505.97000000000003</ele>
      </trkpt>
      <trkpt lat="42.909786952659488" lon="-1.531620053574443">
        <ele>505.73000000000002</ele>
      </trkpt>
      <trkpt lat="42.909722914919257" lon="-1.531849047169089">
        <ele>505.61000000000001</ele>
      </trkpt>
      <trkpt lat="42.909658793359995" lon="-1.532077956944704">
        <ele>505.45999999999998</ele>
      </trkpt>
      <trkpt lat="42.909594671800733" lon="-1.532306866720319">
        <ele>505.19999999999999</ele>
      </trkpt>
      <trkpt lat="42.90953055024147" lon="-1.532535776495934">
        <ele>505.17000000000002</ele>
      </trkpt>
      <trkpt lat="42.90946651250124" lon="-1.532764686271548">
        <ele>505.04000000000002</ele>
      </trkpt>
      <trkpt lat="42.909402390941978" lon="-1.532993596047163">
        <ele>505.01999999999998</ele>
      </trkpt>
      <trkpt lat="42.909400463104248" lon="-1.533000469207764">
        <ele>505</ele>
      </trkpt>
      <trkpt lat="42.909367522224784" lon="-1.533099208027124">
        <ele>504.92000000000002</ele>
      </trkpt>
      <trkpt lat="42.909293174743652" lon="-1.533322334289551">
        <ele>504.92000000000002</ele>
      </trkpt>
      <trkpt lat="42.909218827262521" lon="-1.533545460551977">
        <ele>504.70999999999998</ele>
      </trkpt>
      <trkpt lat="42.909185886383057" lon="-1.533644199371338">
        <ele>504.60000000000002</ele>
      </trkpt>
      <trkpt lat="42.909173984080553" lon="-1.533675128594041">
        <ele>504.50999999999999</ele>
      </trkpt>
      <trkpt lat="42.909090500324965" lon="-1.533892219886184">
        <ele>504.5</ele>
      </trkpt>
      <trkpt lat="42.909078598022461" lon="-1.533923149108887">
        <ele>504.44</ele>
      </trkpt>
      <trkpt lat="42.909075664356351" lon="-1.533927926793695">
        <ele>504.44</ele>
      </trkpt>
      <trkpt lat="42.908960580825806" lon="-1.534116268157959">
        <ele>504.07999999999998</ele>
      </trkpt>
      <trkpt lat="42.90884549729526" lon="-1.534304609522224">
        <ele>503.72000000000003</ele>
      </trkpt>
      <trkpt lat="42.90884256362915" lon="-1.534309387207031">
        <ele>503.72000000000003</ele>
      </trkpt>
      <trkpt lat="42.908829571679235" lon="-1.534327995032072">
        <ele>503.63</ele>
      </trkpt>
      <trkpt lat="42.908705351874232" lon="-1.534505356103182">
        <ele>503.23000000000002</ele>
      </trkpt>
      <trkpt lat="42.908692359924316" lon="-1.534523963928223">
        <ele>503.13999999999999</ele>
      </trkpt>
      <trkpt lat="42.9086759313941" lon="-1.534542487934232">
        <ele>503.12</ele>
      </trkpt>
      <trkpt lat="42.908537127077579" lon="-1.534698558971286">
        <ele>502.67000000000002</ele>
      </trkpt>
      <trkpt lat="42.908520698547363" lon="-1.534717082977295">
        <ele>502.62</ele>
      </trkpt>
      <trkpt lat="42.9084687307477" lon="-1.534760417416692">
        <ele>502.44999999999999</ele>
      </trkpt>
      <trkpt lat="42.908315174281597" lon="-1.53488832525909">
        <ele>502.13</ele>
      </trkpt>
      <trkpt lat="42.908263206481934" lon="-1.534931659698486">
        <ele>502.05000000000001</ele>
      </trkpt>
      <trkpt lat="42.908215345814824" lon="-1.53496359474957">
        <ele>501.87</ele>
      </trkpt>
      <trkpt lat="42.908053575083613" lon="-1.535071386024356">
        <ele>501.56</ele>
      </trkpt>
      <trkpt lat="42.908005714416504" lon="-1.53510332107544">
        <ele>501.38999999999999</ele>
      </trkpt>
      <trkpt lat="42.907898426055908" lon="-1.535146236419678">
        <ele>501.26999999999998</ele>
      </trkpt>
      <trkpt lat="42.907890295609832" lon="-1.535149421542883">
        <ele>501.26999999999998</ele>
      </trkpt>
      <trkpt lat="42.907717376947403" lon="-1.535217566415668">
        <ele>500.99000000000001</ele>
      </trkpt>
      <trkpt lat="42.907544374465942" lon="-1.535285711288452">
        <ele>500.92000000000002</ele>
      </trkpt>
      <trkpt lat="42.907371371984482" lon="-1.535353856161237">
        <ele>500.95999999999998</ele>
      </trkpt>
      <trkpt lat="42.907198453322053" lon="-1.535422001034021">
        <ele>500.98000000000002</ele>
      </trkpt>
      <trkpt lat="42.907190322875977" lon="-1.535425186157227">
        <ele>500.98000000000002</ele>
      </trkpt>
      <trkpt lat="42.907186048105359" lon="-1.535426611080766">
        <ele>500.98000000000002</ele>
      </trkpt>
      <trkpt lat="42.907011201605201" lon="-1.535484865307808">
        <ele>500.95999999999998</ele>
      </trkpt>
      <trkpt lat="42.906836271286011" lon="-1.535543203353882">
        <ele>501</ele>
      </trkpt>
      <trkpt lat="42.906661340966821" lon="-1.535601541399956">
        <ele>500.82999999999998</ele>
      </trkpt>
      <trkpt lat="42.906486494466662" lon="-1.535659795626998">
        <ele>500.75999999999999</ele>
      </trkpt>
      <trkpt lat="42.906482219696045" lon="-1.535661220550537">
        <ele>500.75999999999999</ele>
      </trkpt>
      <trkpt lat="42.906405106186867" lon="-1.535702375695109">
        <ele>500.61000000000001</ele>
      </trkpt>
      <trkpt lat="42.906237468123436" lon="-1.535791726782918">
        <ele>500.35000000000002</ele>
      </trkpt>
      <trkpt lat="42.906160354614258" lon="-1.53583288192749">
        <ele>500.44</ele>
      </trkpt>
      <trkpt lat="42.906095394864678" lon="-1.535892896354199">
        <ele>500.06</ele>
      </trkpt>
      <trkpt lat="42.905946364626288" lon="-1.536030359566212">
        <ele>499.97000000000003</ele>
      </trkpt>
      <trkpt lat="42.905881404876709" lon="-1.53609037399292">
        <ele>499.85000000000002</ele>
      </trkpt>
      <trkpt lat="42.905821977183223" lon="-1.536162877455354">
        <ele>499.85000000000002</ele>
      </trkpt>
      <trkpt lat="42.90568795055151" lon="-1.536326492205262">
        <ele>499.58999999999997</ele>
      </trkpt>
      <trkpt lat="42.905553923919797" lon="-1.536490106955171">
        <ele>499.45999999999998</ele>
      </trkpt>
      <trkpt lat="42.905419897288084" lon="-1.536653721705079">
        <ele>499.32999999999998</ele>
      </trkpt>
      <trkpt lat="42.905285870656371" lon="-1.536817252635956">
        <ele>499.19</ele>
      </trkpt>
      <trkpt lat="42.905151844024658" lon="-1.536980867385864">
        <ele>499.20999999999998</ele>
      </trkpt>
      <trkpt lat="42.905017817392945" lon="-1.537144482135773">
        <ele>499.17000000000002</ele>
      </trkpt>
      <trkpt lat="42.904883790761232" lon="-1.537308096885681">
        <ele>499.13999999999999</ele>
      </trkpt>
      <trkpt lat="42.904749764129519" lon="-1.537471627816558">
        <ele>499.06999999999999</ele>
      </trkpt>
      <trkpt lat="42.904615737497807" lon="-1.537635242566466">
        <ele>499.16000000000003</ele>
      </trkpt>
      <trkpt lat="42.904481710866094" lon="-1.537798857316375">
        <ele>499.22000000000003</ele>
      </trkpt>
      <trkpt lat="42.904422283172607" lon="-1.537871360778809">
        <ele>499.13999999999999</ele>
      </trkpt>
      <trkpt lat="42.90439311414957" lon="-1.537908241152763">
        <ele>499.13</ele>
      </trkpt>
      <trkpt lat="42.904261350631714" lon="-1.53807520866394">
        <ele>499.12</ele>
      </trkpt>
      <trkpt lat="42.904129587113857" lon="-1.538242176175118">
        <ele>499.06</ele>
      </trkpt>
      <trkpt lat="42.90410041809082" lon="-1.538279056549072">
        <ele>499.13999999999999</ele>
      </trkpt>
      <trkpt lat="42.904060771688819" lon="-1.538345105946064">
        <ele>499.05000000000001</ele>
      </trkpt>
      <trkpt lat="42.903946945443749" lon="-1.538534872233868">
        <ele>498.92000000000002</ele>
      </trkpt>
      <trkpt lat="42.903907299041748" lon="-1.538600921630859">
        <ele>499.06999999999999</ele>
      </trkpt>
      <trkpt lat="42.90385952219367" lon="-1.538701839745045">
        <ele>499</ele>
      </trkpt>
      <trkpt lat="42.903761956840754" lon="-1.538907699286938">
        <ele>499.01999999999998</ele>
      </trkpt>
      <trkpt lat="42.903714179992676" lon="-1.539008617401123">
        <ele>499.17000000000002</ele>
      </trkpt>
      <trkpt lat="42.903688782826066" lon="-1.539080617949367">
        <ele>499.06</ele>
      </trkpt>
      <trkpt lat="42.903610831126571" lon="-1.539301397278905">
        <ele>499.36000000000001</ele>
      </trkpt>
      <trkpt lat="42.903585433959961" lon="-1.539373397827148">
        <ele>499.44</ele>
      </trkpt>
      <trkpt lat="42.903566155582666" lon="-1.539469789713621">
        <ele>499.35000000000002</ele>
      </trkpt>
      <trkpt lat="42.903518881648779" lon="-1.539706159383059">
        <ele>499.50999999999999</ele>
      </trkpt>
      <trkpt lat="42.903499603271484" lon="-1.539802551269531">
        <ele>499.62</ele>
      </trkpt>
      <trkpt lat="42.903486778959632" lon="-1.539892489090562">
        <ele>499.61000000000001</ele>
      </trkpt>
      <trkpt lat="42.903452413156629" lon="-1.540132965892553">
        <ele>499.80000000000001</ele>
      </trkpt>
      <trkpt lat="42.903418047353625" lon="-1.540373358875513">
        <ele>500.07999999999998</ele>
      </trkpt>
      <trkpt lat="42.903383681550622" lon="-1.540613835677505">
        <ele>500.22000000000003</ele>
      </trkpt>
      <trkpt lat="42.90337085723877" lon="-1.540703773498535">
        <ele>500.25999999999999</ele>
      </trkpt>
      <trkpt lat="42.903352752327919" lon="-1.540789855644107">
        <ele>500.37</ele>
      </trkpt>
      <trkpt lat="42.903303131461143" lon="-1.541025387123227">
        <ele>500.56</ele>
      </trkpt>
      <trkpt lat="42.903285026550293" lon="-1.541111469268799">
        <ele>500.55000000000001</ele>
      </trkpt>
      <trkpt lat="42.903274716809392" lon="-1.541147511452436">
        <ele>500.54000000000002</ele>
      </trkpt>
      <trkpt lat="42.903209505602717" lon="-1.541375834494829">
        <ele>500.75999999999999</ele>
      </trkpt>
      <trkpt lat="42.903199195861816" lon="-1.541411876678467">
        <ele>500.69999999999999</ele>
      </trkpt>
      <trkpt lat="42.903184862807393" lon="-1.541451942175627">
        <ele>500.67000000000002</ele>
      </trkpt>
      <trkpt lat="42.903106240555644" lon="-1.541672218590975">
        <ele>500.79000000000002</ele>
      </trkpt>
      <trkpt lat="42.903091907501221" lon="-1.541712284088135">
        <ele>500.69999999999999</ele>
      </trkpt>
      <trkpt lat="42.903054608032107" lon="-1.541791493073106">
        <ele>500.74000000000001</ele>
      </trkpt>
      <trkpt lat="42.902957545593381" lon="-1.541997855529189">
        <ele>500.58999999999997</ele>
      </trkpt>
      <trkpt lat="42.902920246124268" lon="-1.54207706451416">
        <ele>500.63999999999999</ele>
      </trkpt>
      <trkpt lat="42.902889652177691" lon="-1.542130541056395">
        <ele>500.54000000000002</ele>
      </trkpt>
      <trkpt lat="42.902779178693891" lon="-1.542323995381594">
        <ele>500.45999999999998</ele>
      </trkpt>
      <trkpt lat="42.902748584747314" lon="-1.542377471923828">
        <ele>500.27999999999997</ele>
      </trkpt>
      <trkpt lat="42.902726037427783" lon="-1.542408401146531">
        <ele>500.33999999999997</ele>
      </trkpt>
      <trkpt lat="42.902599470689893" lon="-1.542582577094436">
        <ele>500.11000000000001</ele>
      </trkpt>
      <trkpt lat="42.902576923370361" lon="-1.542613506317139">
        <ele>500.10000000000002</ele>
      </trkpt>
      <trkpt lat="42.902509197592735" lon="-1.54269028455019">
        <ele>500.02999999999997</ele>
      </trkpt>
      <trkpt lat="42.902370812371373" lon="-1.54284710995853">
        <ele>499.54000000000002</ele>
      </trkpt>
      <trkpt lat="42.902232510969043" lon="-1.543003851547837">
        <ele>499.19</ele>
      </trkpt>
      <trkpt lat="42.902094125747681" lon="-1.543160676956177">
        <ele>498.82999999999998</ele>
      </trkpt>
      <trkpt lat="42.901955740526319" lon="-1.543317502364516">
        <ele>498.31999999999999</ele>
      </trkpt>
      <trkpt lat="42.901817439123988" lon="-1.543474243953824">
        <ele>497.97000000000003</ele>
      </trkpt>
      <trkpt lat="42.901679053902626" lon="-1.543631069362164">
        <ele>497.5</ele>
      </trkpt>
      <trkpt lat="42.901611328125" lon="-1.543707847595215">
        <ele>497.37</ele>
      </trkpt>
      <trkpt lat="42.901589870452881" lon="-1.543750762939453">
        <ele>497.26999999999998</ele>
      </trkpt>
      <trkpt lat="42.901550810784101" lon="-1.543799629434943">
        <ele>497.13</ele>
      </trkpt>
      <trkpt lat="42.901418209075928" lon="-1.543965339660645">
        <ele>496.63</ele>
      </trkpt>
      <trkpt lat="42.901285607367754" lon="-1.544131049886346">
        <ele>496.19999999999999</ele>
      </trkpt>
      <trkpt lat="42.901246547698975" lon="-1.544179916381836">
        <ele>496.02999999999997</ele>
      </trkpt>
      <trkpt lat="42.901139259338379" lon="-1.544308662414551">
        <ele>495.79000000000002</ele>
      </trkpt>
      <trkpt lat="42.901108665391803" lon="-1.544362138956785">
        <ele>495.54000000000002</ele>
      </trkpt>
      <trkpt lat="42.900998191908002" lon="-1.544555593281984">
        <ele>495.04000000000002</ele>
      </trkpt>
      <trkpt lat="42.900967597961426" lon="-1.544609069824219">
        <ele>494.94</ele>
      </trkpt>
      <trkpt lat="42.900928370654583" lon="-1.544697415083647">
        <ele>494.79000000000002</ele>
      </trkpt>
      <trkpt lat="42.900835163891315" lon="-1.544906962662935">
        <ele>494.38999999999999</ele>
      </trkpt>
      <trkpt lat="42.900795936584473" lon="-1.544995307922363">
        <ele>494.22000000000003</ele>
      </trkpt>
      <trkpt lat="42.900779508054256" lon="-1.545044677332044">
        <ele>494.16000000000003</ele>
      </trkpt>
      <trkpt lat="42.900705076754093" lon="-1.54526780359447">
        <ele>493.86000000000001</ele>
      </trkpt>
      <trkpt lat="42.900688648223877" lon="-1.54531717300415">
        <ele>493.88</ele>
      </trkpt>
      <trkpt lat="42.90068781003356" lon="-1.545320358127356">
        <ele>493.88</ele>
      </trkpt>
      <trkpt lat="42.900625113397837" lon="-1.545550022274256">
        <ele>493.88999999999999</ele>
      </trkpt>
      <trkpt lat="42.90062427520752" lon="-1.545553207397461">
        <ele>493.88999999999999</ele>
      </trkpt>
      <trkpt lat="42.90062234736979" lon="-1.545565109699965">
        <ele>493.88999999999999</ele>
      </trkpt>
      <trkpt lat="42.900583622977138" lon="-1.54580432921648">
        <ele>493.76999999999998</ele>
      </trkpt>
      <trkpt lat="42.900544982403517" lon="-1.546043548732996">
        <ele>493.94999999999999</ele>
      </trkpt>
      <trkpt lat="42.900506258010864" lon="-1.546282768249512">
        <ele>493.97000000000003</ele>
      </trkpt>
      <trkpt lat="42.900467533618212" lon="-1.546521987766028">
        <ele>493.89999999999998</ele>
      </trkpt>
      <trkpt lat="42.900428893044591" lon="-1.546761207282543">
        <ele>493.95999999999998</ele>
      </trkpt>
      <trkpt lat="42.900390168651938" lon="-1.547000426799059">
        <ele>494.00999999999999</ele>
      </trkpt>
      <trkpt lat="42.900388240814209" lon="-1.547012329101563">
        <ele>494.00999999999999</ele>
      </trkpt>
      <trkpt lat="42.900372734293342" lon="-1.547078043222427">
        <ele>493.99000000000001</ele>
      </trkpt>
      <trkpt lat="42.9003179166466" lon="-1.547311395406723">
        <ele>493.88999999999999</ele>
      </trkpt>
      <trkpt lat="42.900302410125732" lon="-1.547377109527588">
        <ele>493.88999999999999</ele>
      </trkpt>
      <trkpt lat="42.900277767330408" lon="-1.547475764527917">
        <ele>493.93000000000001</ele>
      </trkpt>
      <trkpt lat="42.900219764560461" lon="-1.547707607969642">
        <ele>493.77999999999997</ele>
      </trkpt>
      <trkpt lat="42.900195121765137" lon="-1.547806262969971">
        <ele>493.86000000000001</ele>
      </trkpt>
      <trkpt lat="42.900130748748779" lon="-1.548020839691162">
        <ele>493.88999999999999</ele>
      </trkpt>
      <trkpt lat="42.900101663544774" lon="-1.548087224364281">
        <ele>493.74000000000001</ele>
      </trkpt>
      <trkpt lat="42.900009630247951" lon="-1.54829777777195">
        <ele>493.62</ele>
      </trkpt>
      <trkpt lat="42.899980545043945" lon="-1.548364162445068">
        <ele>493.62</ele>
      </trkpt>
      <trkpt lat="42.899952465668321" lon="-1.548409759998322">
        <ele>493.56</ele>
      </trkpt>
      <trkpt lat="42.899836963042617" lon="-1.548597514629364">
        <ele>493.23000000000002</ele>
      </trkpt>
      <trkpt lat="42.899808883666992" lon="-1.548643112182617">
        <ele>493.19999999999999</ele>
      </trkpt>
      <trkpt lat="42.899796646088362" lon="-1.548662893474102">
        <ele>493.14999999999998</ele>
      </trkpt>
      <trkpt lat="42.899680724367499" lon="-1.548850312829018">
        <ele>492.93000000000001</ele>
      </trkpt>
      <trkpt lat="42.899564802646637" lon="-1.549037732183933">
        <ele>492.58999999999997</ele>
      </trkpt>
      <trkpt lat="42.899448880925775" lon="-1.549225151538849">
        <ele>492.31999999999999</ele>
      </trkpt>
      <trkpt lat="42.899332959204912" lon="-1.549412570893765">
        <ele>492.19</ele>
      </trkpt>
      <trkpt lat="42.89921703748405" lon="-1.54959999024868">
        <ele>492.00999999999999</ele>
      </trkpt>
      <trkpt lat="42.899101115763187" lon="-1.549787409603596">
        <ele>491.91000000000003</ele>
      </trkpt>
      <trkpt lat="42.898985194042325" lon="-1.549974828958511">
        <ele>491.81999999999999</ele>
      </trkpt>
      <trkpt lat="42.898869272321463" lon="-1.550162248313427">
        <ele>491.76999999999998</ele>
      </trkpt>
      <trkpt lat="42.898753266781569" lon="-1.550349667668343">
        <ele>491.69999999999999</ele>
      </trkpt>
      <trkpt lat="42.898637345060706" lon="-1.55053717084229">
        <ele>491.57999999999998</ele>
      </trkpt>
      <trkpt lat="42.898521423339844" lon="-1.550724590197206">
        <ele>491.41000000000003</ele>
      </trkpt>
      <trkpt lat="42.898405501618981" lon="-1.550912009552121">
        <ele>491.30000000000001</ele>
      </trkpt>
      <trkpt lat="42.898289579898119" lon="-1.551099428907037">
        <ele>491.00999999999999</ele>
      </trkpt>
      <trkpt lat="42.898173658177257" lon="-1.551286764442921">
        <ele>490.74000000000001</ele>
      </trkpt>
      <trkpt lat="42.898057736456394" lon="-1.551474183797836">
        <ele>490.50999999999999</ele>
      </trkpt>
      <trkpt lat="42.897941814735532" lon="-1.551661603152752">
        <ele>490.22000000000003</ele>
      </trkpt>
      <trkpt lat="42.897825893014669" lon="-1.551849022507668">
        <ele>489.94</ele>
      </trkpt>
      <trkpt lat="42.897709887474775" lon="-1.552036441862583">
        <ele>489.64999999999998</ele>
      </trkpt>
      <trkpt lat="42.897593965753913" lon="-1.552223861217499">
        <ele>489.58999999999997</ele>
      </trkpt>
      <trkpt lat="42.897478044033051" lon="-1.552411280572414">
        <ele>489.33999999999997</ele>
      </trkpt>
      <trkpt lat="42.897362122312188" lon="-1.55259869992733">
        <ele>489.25</ele>
      </trkpt>
      <trkpt lat="42.897246200591326" lon="-1.552786119282246">
        <ele>489.18000000000001</ele>
      </trkpt>
      <trkpt lat="42.897233963012695" lon="-1.552805900573731">
        <ele>489.17000000000002</ele>
      </trkpt>
      <trkpt lat="42.8972112480551" lon="-1.552836745977402">
        <ele>489.06999999999999</ele>
      </trkpt>
      <trkpt lat="42.897083759307861" lon="-1.553009748458862">
        <ele>489.00999999999999</ele>
      </trkpt>
      <trkpt lat="42.896956270560622" lon="-1.553182750940323">
        <ele>488.94</ele>
      </trkpt>
      <trkpt lat="42.896933555603027" lon="-1.553213596343994">
        <ele>488.98000000000002</ele>
      </trkpt>
      <trkpt lat="42.896910170093179" lon="-1.553235556930304">
        <ele>488.88999999999999</ele>
      </trkpt>
      <trkpt lat="42.896761894226074" lon="-1.553374528884888">
        <ele>488.63</ele>
      </trkpt>
      <trkpt lat="42.89661361835897" lon="-1.553513500839472">
        <ele>488.47000000000003</ele>
      </trkpt>
      <trkpt lat="42.896590232849121" lon="-1.553535461425781">
        <ele>488.38999999999999</ele>
      </trkpt>
      <trkpt lat="42.896538265049458" lon="-1.553575359284878">
        <ele>488.29000000000002</ele>
      </trkpt>
      <trkpt lat="42.896381439641118" lon="-1.553695807233453">
        <ele>487.98000000000002</ele>
      </trkpt>
      <trkpt lat="42.896224614232779" lon="-1.553816171362996">
        <ele>487.79000000000002</ele>
      </trkpt>
      <trkpt lat="42.896067788824439" lon="-1.553936619311571">
        <ele>487.58999999999997</ele>
      </trkpt>
      <trkpt lat="42.895911047235131" lon="-1.554056983441114">
        <ele>487.48000000000002</ele>
      </trkpt>
      <trkpt lat="42.895754221826792" lon="-1.554177431389689">
        <ele>487.43000000000001</ele>
      </trkpt>
      <trkpt lat="42.895597396418452" lon="-1.554297795519233">
        <ele>487.31999999999999</ele>
      </trkpt>
      <trkpt lat="42.895440571010113" lon="-1.554418243467808">
        <ele>487.29000000000002</ele>
      </trkpt>
      <trkpt lat="42.895388603210449" lon="-1.554458141326904">
        <ele>487.22000000000003</ele>
      </trkpt>
      <trkpt lat="42.89534074254334" lon="-1.554490076377988">
        <ele>487.31999999999999</ele>
      </trkpt>
      <trkpt lat="42.895178971812129" lon="-1.554597867652774">
        <ele>487.04000000000002</ele>
      </trkpt>
      <trkpt lat="42.89513111114502" lon="-1.554629802703857">
        <ele>486.98000000000002</ele>
      </trkpt>
      <trkpt lat="42.895064139738679" lon="-1.554669616743922">
        <ele>486.88</ele>
      </trkpt>
      <trkpt lat="42.894899100065231" lon="-1.554767768830061">
        <ele>486.63</ele>
      </trkpt>
      <trkpt lat="42.894734144210815" lon="-1.554865837097168">
        <ele>486.47000000000003</ele>
      </trkpt>
      <trkpt lat="42.8945691883564" lon="-1.554963905364275">
        <ele>486.54000000000002</ele>
      </trkpt>
      <trkpt lat="42.894404148682952" lon="-1.555062057450414">
        <ele>486.68000000000001</ele>
      </trkpt>
      <trkpt lat="42.894337177276611" lon="-1.555101871490479">
        <ele>486.69999999999999</ele>
      </trkpt>
      <trkpt lat="42.894329130649567" lon="-1.555106900632381">
        <ele>486.69999999999999</ele>
      </trkpt>
      <trkpt lat="42.894165515899658" lon="-1.555209159851074">
        <ele>486.77999999999997</ele>
      </trkpt>
      <trkpt lat="42.89400190114975" lon="-1.555311419069767">
        <ele>486.99000000000001</ele>
      </trkpt>
      <trkpt lat="42.893993854522705" lon="-1.55531644821167">
        <ele>487.06</ele>
      </trkpt>
      <trkpt lat="42.89393694140017" lon="-1.555359112098813">
        <ele>487.04000000000002</ele>
      </trkpt>
      <trkpt lat="42.893779277801514" lon="-1.555477380752564">
        <ele>487.27999999999997</ele>
      </trkpt>
      <trkpt lat="42.893621614202857" lon="-1.555595649406314">
        <ele>487.31</ele>
      </trkpt>
      <trkpt lat="42.893564701080322" lon="-1.555638313293457">
        <ele>487.35000000000002</ele>
      </trkpt>
      <trkpt lat="42.893496472388506" lon="-1.555690281093121">
        <ele>487.44</ele>
      </trkpt>
      <trkpt lat="42.893339395523071" lon="-1.55580997467041">
        <ele>487.51999999999998</ele>
      </trkpt>
      <trkpt lat="42.893182318657637" lon="-1.5559296682477">
        <ele>487.63999999999999</ele>
      </trkpt>
      <trkpt lat="42.89311408996582" lon="-1.555981636047363">
        <ele>487.61000000000001</ele>
      </trkpt>
      <trkpt lat="42.893074527382851" lon="-1.556014576926827">
        <ele>487.72000000000003</ele>
      </trkpt>
      <trkpt lat="42.892920970916748" lon="-1.556142568588257">
        <ele>487.82999999999998</ele>
      </trkpt>
      <trkpt lat="42.892767414450645" lon="-1.556270560249686">
        <ele>487.85000000000002</ele>
      </trkpt>
      <trkpt lat="42.892727851867676" lon="-1.55630350112915">
        <ele>487.92000000000002</ele>
      </trkpt>
      <trkpt lat="42.892719134688377" lon="-1.556312888860703">
        <ele>487.92000000000002</ele>
      </trkpt>
      <trkpt lat="42.892577648162842" lon="-1.556464433670044">
        <ele>487.66000000000003</ele>
      </trkpt>
      <trkpt lat="42.892436161637306" lon="-1.556615978479385">
        <ele>487.72000000000003</ele>
      </trkpt>
      <trkpt lat="42.892427444458008" lon="-1.556625366210938">
        <ele>487.67000000000002</ele>
      </trkpt>
      <trkpt lat="42.892395257949829" lon="-1.556663336232305">
        <ele>487.74000000000001</ele>
      </trkpt>
      <trkpt lat="42.892259387299418" lon="-1.556824017316103">
        <ele>487.56999999999999</ele>
      </trkpt>
      <trkpt lat="42.892123432829976" lon="-1.55698461458087">
        <ele>487.48000000000002</ele>
      </trkpt>
      <trkpt lat="42.891987562179565" lon="-1.557145295664668">
        <ele>487.45999999999998</ele>
      </trkpt>
      <trkpt lat="42.891955375671387" lon="-1.557183265686035">
        <ele>487.44999999999999</ele>
      </trkpt>
      <trkpt lat="42.891905335709453" lon="-1.557242441922426">
        <ele>487.38</ele>
      </trkpt>
      <trkpt lat="42.89176938124001" lon="-1.557403039187193">
        <ele>487.32999999999998</ele>
      </trkpt>
      <trkpt lat="42.891719341278076" lon="-1.557462215423584">
        <ele>487.39999999999998</ele>
      </trkpt>
      <trkpt lat="42.891654968261719" lon="-1.55756950378418">
        <ele>486.63</ele>
      </trkpt>
      <trkpt lat="42.89163644425571" lon="-1.557590626180172">
        <ele>487.30000000000001</ele>
      </trkpt>
      <trkpt lat="42.891498561948538" lon="-1.557748205959797">
        <ele>487.39999999999998</ele>
      </trkpt>
      <trkpt lat="42.891360763460398" lon="-1.557905785739422">
        <ele>487.44999999999999</ele>
      </trkpt>
      <trkpt lat="42.891222881153226" lon="-1.558063365519047">
        <ele>487.32999999999998</ele>
      </trkpt>
      <trkpt lat="42.891204357147217" lon="-1.558084487915039">
        <ele>487.37</ele>
      </trkpt>
      <trkpt lat="42.891193209215999" lon="-1.558097647503018">
        <ele>487.31999999999999</ele>
      </trkpt>
      <trkpt lat="42.891057338565588" lon="-1.558258412405849">
        <ele>487.30000000000001</ele>
      </trkpt>
      <trkpt lat="42.890921467915177" lon="-1.558419177308679">
        <ele>487.18000000000001</ele>
      </trkpt>
      <trkpt lat="42.890785597264767" lon="-1.558579858392477">
        <ele>487.07999999999998</ele>
      </trkpt>
      <trkpt lat="42.890649726614356" lon="-1.558740623295307">
        <ele>486.94</ele>
      </trkpt>
      <trkpt lat="42.890513939782977" lon="-1.558901388198137">
        <ele>486.94</ele>
      </trkpt>
      <trkpt lat="42.890378069132566" lon="-1.559062069281936">
        <ele>486.87</ele>
      </trkpt>
      <trkpt lat="42.890242198482156" lon="-1.559222834184766">
        <ele>486.88</ele>
      </trkpt>
      <trkpt lat="42.890106327831745" lon="-1.559383515268564">
        <ele>486.82999999999998</ele>
      </trkpt>
      <trkpt lat="42.889970457181334" lon="-1.559544280171394">
        <ele>486.91000000000003</ele>
      </trkpt>
      <trkpt lat="42.889834586530924" lon="-1.559704961255193">
        <ele>486.95999999999998</ele>
      </trkpt>
      <trkpt lat="42.889698715880513" lon="-1.559865726158023">
        <ele>486.94</ele>
      </trkpt>
      <trkpt lat="42.889562845230103" lon="-1.560026491060853">
        <ele>486.99000000000001</ele>
      </trkpt>
      <trkpt lat="42.889426974579692" lon="-1.560187172144651">
        <ele>486.88999999999999</ele>
      </trkpt>
      <trkpt lat="42.889291103929281" lon="-1.560347937047482">
        <ele>486.77999999999997</ele>
      </trkpt>
      <trkpt lat="42.889155233278871" lon="-1.56050861813128">
        <ele>486.61000000000001</ele>
      </trkpt>
      <trkpt lat="42.889019446447492" lon="-1.56066938303411">
        <ele>486.38999999999999</ele>
      </trkpt>
      <trkpt lat="42.888883575797081" lon="-1.560830064117909">
        <ele>486.08999999999997</ele>
      </trkpt>
      <trkpt lat="42.88874770514667" lon="-1.560990829020739">
        <ele>485.72000000000003</ele>
      </trkpt>
      <trkpt lat="42.88861183449626" lon="-1.561151510104537">
        <ele>485.54000000000002</ele>
      </trkpt>
      <trkpt lat="42.888475963845849" lon="-1.561312275007367">
        <ele>485.32999999999998</ele>
      </trkpt>
      <trkpt lat="42.888340093195438" lon="-1.561472956091166">
        <ele>485.08999999999997</ele>
      </trkpt>
      <trkpt lat="42.888204222545028" lon="-1.561633720993996">
        <ele>485</ele>
      </trkpt>
      <trkpt lat="42.888068351894617" lon="-1.561794402077794">
        <ele>484.76999999999998</ele>
      </trkpt>
      <trkpt lat="42.887932481244206" lon="-1.561955166980624">
        <ele>484.63999999999999</ele>
      </trkpt>
      <trkpt lat="42.887921333312988" lon="-1.561968326568604">
        <ele>484.58999999999997</ele>
      </trkpt>
      <trkpt lat="42.887856960296631" lon="-1.562032699584961">
        <ele>484.58999999999997</ele>
      </trkpt>
      <trkpt lat="42.88785059005022" lon="-1.562040243297815">
        <ele>484.50999999999999</ele>
      </trkpt>
      <trkpt lat="42.887714467942715" lon="-1.562200505286455">
        <ele>484.39999999999998</ele>
      </trkpt>
      <trkpt lat="42.887578345835209" lon="-1.562360851094127">
        <ele>484.07999999999998</ele>
      </trkpt>
      <trkpt lat="42.887442223727703" lon="-1.562521196901798">
        <ele>483.67000000000002</ele>
      </trkpt>
      <trkpt lat="42.887306101620197" lon="-1.562681458890438">
        <ele>483.22000000000003</ele>
      </trkpt>
      <trkpt lat="42.887169979512691" lon="-1.56284180469811">
        <ele>482.56</ele>
      </trkpt>
      <trkpt lat="42.887033857405186" lon="-1.563002150505781">
        <ele>481.74000000000001</ele>
      </trkpt>
      <trkpt lat="42.88689773529768" lon="-1.563162412494421">
        <ele>480.94</ele>
      </trkpt>
      <trkpt lat="42.88689136505127" lon="-1.563169956207275">
        <ele>480.81</ele>
      </trkpt>
      <trkpt lat="42.88682640530169" lon="-1.563229970633984">
        <ele>480.52999999999997</ele>
      </trkpt>
      <trkpt lat="42.8866773750633" lon="-1.563367433845997">
        <ele>479.91000000000003</ele>
      </trkpt>
      <trkpt lat="42.886612415313721" lon="-1.563427448272705">
        <ele>479.82999999999998</ele>
      </trkpt>
      <trkpt lat="42.886532368138433" lon="-1.563480840995908">
        <ele>479.5</ele>
      </trkpt>
      <trkpt lat="42.886370597407222" lon="-1.563588632270694">
        <ele>479.29000000000002</ele>
      </trkpt>
      <trkpt lat="42.886290550231934" lon="-1.563642024993897">
        <ele>479.31</ele>
      </trkpt>
      <trkpt lat="42.886236319318414" lon="-1.563667086884379">
        <ele>479.30000000000001</ele>
      </trkpt>
      <trkpt lat="42.886065831407905" lon="-1.563745709136128">
        <ele>479.19</ele>
      </trkpt>
      <trkpt lat="42.886011600494385" lon="-1.563770771026611">
        <ele>479.17000000000002</ele>
      </trkpt>
      <trkpt lat="42.885939767584205" lon="-1.563785104081035">
        <ele>479.06999999999999</ele>
      </trkpt>
      <trkpt lat="42.885761568322778" lon="-1.563820810988545">
        <ele>479.04000000000002</ele>
      </trkpt>
      <trkpt lat="42.885689735412598" lon="-1.563835144042969">
        <ele>479.17000000000002</ele>
      </trkpt>
      <trkpt lat="42.885676575824618" lon="-1.563835898414254">
        <ele>479.11000000000001</ele>
      </trkpt>
      <trkpt lat="42.885496616363525" lon="-1.563845872879028">
        <ele>479.20999999999998</ele>
      </trkpt>
      <trkpt lat="42.885316656902432" lon="-1.563855847343803">
        <ele>479.60000000000002</ele>
      </trkpt>
      <trkpt lat="42.885303497314453" lon="-1.563856601715088">
        <ele>479.60000000000002</ele>
      </trkpt>
      <trkpt lat="42.885287823155522" lon="-1.563855679705739">
        <ele>479.63999999999999</ele>
      </trkpt>
      <trkpt lat="42.885107863694429" lon="-1.56384545378387">
        <ele>480.19999999999999</ele>
      </trkpt>
      <trkpt lat="42.884927988052368" lon="-1.563835144042969">
        <ele>480.85000000000002</ele>
      </trkpt>
      <trkpt lat="42.884748112410307" lon="-1.563824834302068">
        <ele>481.47000000000003</ele>
      </trkpt>
      <trkpt lat="42.884568152949214" lon="-1.563814608380199">
        <ele>482.10000000000002</ele>
      </trkpt>
      <trkpt lat="42.884552478790283" lon="-1.56381368637085">
        <ele>482.11000000000001</ele>
      </trkpt>
      <trkpt lat="42.884528674185276" lon="-1.56381368637085">
        <ele>482.16000000000003</ele>
      </trkpt>
      <trkpt lat="42.884348630905151" lon="-1.56381368637085">
        <ele>482.67000000000002</ele>
      </trkpt>
      <trkpt lat="42.884168587625027" lon="-1.56381368637085">
        <ele>483.00999999999999</ele>
      </trkpt>
      <trkpt lat="42.88414478302002" lon="-1.56381368637085">
        <ele>483.04000000000002</ele>
      </trkpt>
      <trkpt lat="42.884141765534878" lon="-1.563814021646977">
        <ele>483.04000000000002</ele>
      </trkpt>
      <trkpt lat="42.883962392807007" lon="-1.563835144042969">
        <ele>483.47000000000003</ele>
      </trkpt>
      <trkpt lat="42.883783020079136" lon="-1.563856266438961">
        <ele>483.58999999999997</ele>
      </trkpt>
      <trkpt lat="42.883780002593994" lon="-1.563856601715088">
        <ele>483.58999999999997</ele>
      </trkpt>
      <trkpt lat="42.883752090856433" lon="-1.563860457390547">
        <ele>483.58999999999997</ele>
      </trkpt>
      <trkpt lat="42.883572885766625" lon="-1.563885351642966">
        <ele>483.57999999999998</ele>
      </trkpt>
      <trkpt lat="42.88339376449585" lon="-1.563910245895386">
        <ele>483.62</ele>
      </trkpt>
      <trkpt lat="42.883214643225074" lon="-1.563935140147805">
        <ele>483.38</ele>
      </trkpt>
      <trkpt lat="42.883035438135266" lon="-1.563960034400225">
        <ele>483.10000000000002</ele>
      </trkpt>
      <trkpt lat="42.883007526397705" lon="-1.563963890075684">
        <ele>483.07999999999998</ele>
      </trkpt>
      <trkpt lat="42.882956732064486" lon="-1.563973277807236">
        <ele>483.02999999999997</ele>
      </trkpt>
      <trkpt lat="42.882778281345963" lon="-1.564006134867668">
        <ele>482.57999999999998</ele>
      </trkpt>
      <trkpt lat="42.882599830627441" lon="-1.564038991928101">
        <ele>482.06</ele>
      </trkpt>
      <trkpt lat="42.882421379908919" lon="-1.564071848988533">
        <ele>481.61000000000001</ele>
      </trkpt>
      <trkpt lat="42.882242929190397" lon="-1.564104706048966">
        <ele>481.19999999999999</ele>
      </trkpt>
      <trkpt lat="42.882192134857178" lon="-1.564114093780518">
        <ele>481.11000000000001</ele>
      </trkpt>
      <trkpt lat="42.882140250876546" lon="-1.564133875072002">
        <ele>480.92000000000002</ele>
      </trkpt>
      <trkpt lat="42.881966829299927" lon="-1.564199924468994">
        <ele>480.61000000000001</ele>
      </trkpt>
      <trkpt lat="42.881793407723308" lon="-1.564265973865986">
        <ele>480.17000000000002</ele>
      </trkpt>
      <trkpt lat="42.881741523742676" lon="-1.564285755157471">
        <ele>480.08999999999997</ele>
      </trkpt>
      <trkpt lat="42.881735237315297" lon="-1.564289527013898">
        <ele>480.19999999999999</ele>
      </trkpt>
      <trkpt lat="42.881570616737008" lon="-1.564388852566481">
        <ele>479.91000000000003</ele>
      </trkpt>
      <trkpt lat="42.881405996158719" lon="-1.564488094300032">
        <ele>479.63</ele>
      </trkpt>
      <trkpt lat="42.88124137558043" lon="-1.564587336033583">
        <ele>479.63999999999999</ele>
      </trkpt>
      <trkpt lat="42.881076838821173" lon="-1.564686661586165">
        <ele>479.45999999999998</ele>
      </trkpt>
      <trkpt lat="42.880912218242884" lon="-1.564785903319717">
        <ele>479.32999999999998</ele>
      </trkpt>
      <trkpt lat="42.880747597664595" lon="-1.564885145053268">
        <ele>479.12</ele>
      </trkpt>
      <trkpt lat="42.880582977086306" lon="-1.56498447060585">
        <ele>479.02999999999997</ele>
      </trkpt>
      <trkpt lat="42.880418356508017" lon="-1.565083712339401">
        <ele>478.94999999999999</ele>
      </trkpt>
      <trkpt lat="42.880253735929728" lon="-1.565182954072952">
        <ele>478.81999999999999</ele>
      </trkpt>
      <trkpt lat="42.880089115351439" lon="-1.565282279625535">
        <ele>478.76999999999998</ele>
      </trkpt>
      <trkpt lat="42.879924494773149" lon="-1.565381521359086">
        <ele>478.50999999999999</ele>
      </trkpt>
      <trkpt lat="42.87975987419486" lon="-1.565480763092637">
        <ele>478.38999999999999</ele>
      </trkpt>
      <trkpt lat="42.879595253616571" lon="-1.56558008864522">
        <ele>478.29000000000002</ele>
      </trkpt>
      <trkpt lat="42.879430716857314" lon="-1.565679330378771">
        <ele>478.11000000000001</ele>
      </trkpt>
      <trkpt lat="42.879266096279025" lon="-1.565778572112322">
        <ele>477.95999999999998</ele>
      </trkpt>
      <trkpt lat="42.879101475700736" lon="-1.565877897664905">
        <ele>477.74000000000001</ele>
      </trkpt>
      <trkpt lat="42.878936855122447" lon="-1.565977139398456">
        <ele>477.52999999999997</ele>
      </trkpt>
      <trkpt lat="42.878930568695068" lon="-1.565980911254883">
        <ele>477.50999999999999</ele>
      </trkpt>
      <trkpt lat="42.878852030262351" lon="-1.566028017550707">
        <ele>477.51999999999998</ele>
      </trkpt>
      <trkpt lat="42.878687242045999" lon="-1.566126924008131">
        <ele>477.56</ele>
      </trkpt>
      <trkpt lat="42.878608703613281" lon="-1.566174030303955">
        <ele>477.52999999999997</ele>
      </trkpt>
      <trkpt lat="42.878527650609612" lon="-1.566225243732333">
        <ele>477.56</ele>
      </trkpt>
      <trkpt lat="42.878364287316799" lon="-1.566328341141343">
        <ele>477.48000000000002</ele>
      </trkpt>
      <trkpt lat="42.878201007843018" lon="-1.566431522369385">
        <ele>477.44999999999999</ele>
      </trkpt>
      <trkpt lat="42.878037728369236" lon="-1.566534703597426">
        <ele>477.23000000000002</ele>
      </trkpt>
      <trkpt lat="42.877874365076423" lon="-1.566637801006436">
        <ele>477.02999999999997</ele>
      </trkpt>
      <trkpt lat="42.877793312072754" lon="-1.566689014434815">
        <ele>476.97000000000003</ele>
      </trkpt>
      <trkpt lat="42.877768417820334" lon="-1.56670393422246">
        <ele>476.91000000000003</ele>
      </trkpt>
      <trkpt lat="42.877603629603982" lon="-1.566802840679884">
        <ele>476.74000000000001</ele>
      </trkpt>
      <trkpt lat="42.877578735351563" lon="-1.566817760467529">
        <ele>476.77999999999997</ele>
      </trkpt>
      <trkpt lat="42.877532718703151" lon="-1.566845336928964">
        <ele>476.70999999999998</ele>
      </trkpt>
      <trkpt lat="42.87736801430583" lon="-1.566944243386388">
        <ele>476.75</ele>
      </trkpt>
      <trkpt lat="42.877203226089478" lon="-1.56704306602478">
        <ele>476.69999999999999</ele>
      </trkpt>
      <trkpt lat="42.877038437873125" lon="-1.567141888663173">
        <ele>476.63999999999999</ele>
      </trkpt>
      <trkpt lat="42.876873733475804" lon="-1.567240795120597">
        <ele>476.52999999999997</ele>
      </trkpt>
      <trkpt lat="42.876827716827393" lon="-1.567268371582031">
        <ele>476.45999999999998</ele>
      </trkpt>
      <trkpt lat="42.876790584996343" lon="-1.567293265834451">
        <ele>476.48000000000002</ele>
      </trkpt>
      <trkpt lat="42.876628981903195" lon="-1.567401308566332">
        <ele>476.33999999999997</ele>
      </trkpt>
      <trkpt lat="42.876467378810048" lon="-1.567509435117245">
        <ele>476.01999999999998</ele>
      </trkpt>
      <trkpt lat="42.876305859535933" lon="-1.567617561668158">
        <ele>475.76999999999998</ele>
      </trkpt>
      <trkpt lat="42.876144256442785" lon="-1.56772568821907">
        <ele>475.31</ele>
      </trkpt>
      <trkpt lat="42.87598273716867" lon="-1.567833730950952">
        <ele>475.01999999999998</ele>
      </trkpt>
      <trkpt lat="42.875821134075522" lon="-1.567941857501864">
        <ele>474.81</ele>
      </trkpt>
      <trkpt lat="42.875659530982375" lon="-1.568049984052777">
        <ele>474.82999999999998</ele>
      </trkpt>
      <trkpt lat="42.87549801170826" lon="-1.56815811060369">
        <ele>474.82999999999998</ele>
      </trkpt>
      <trkpt lat="42.875336408615112" lon="-1.568266153335571">
        <ele>474.94</ele>
      </trkpt>
      <trkpt lat="42.875174805521965" lon="-1.568374279886484">
        <ele>475.14999999999998</ele>
      </trkpt>
      <trkpt lat="42.875013286247849" lon="-1.568482406437397">
        <ele>475.38</ele>
      </trkpt>
      <trkpt lat="42.874851683154702" lon="-1.568590449169278">
        <ele>475.50999999999999</ele>
      </trkpt>
      <trkpt lat="42.874690163880587" lon="-1.568698575720191">
        <ele>475.69</ele>
      </trkpt>
      <trkpt lat="42.874528560787439" lon="-1.568806702271104">
        <ele>475.75999999999999</ele>
      </trkpt>
      <trkpt lat="42.874366957694292" lon="-1.568914745002985">
        <ele>475.91000000000003</ele>
      </trkpt>
      <trkpt lat="42.874205438420177" lon="-1.569022871553898">
        <ele>475.99000000000001</ele>
      </trkpt>
      <trkpt lat="42.874043835327029" lon="-1.569130998104811">
        <ele>476.01999999999998</ele>
      </trkpt>
      <trkpt lat="42.873882232233882" lon="-1.569239040836692">
        <ele>476.24000000000001</ele>
      </trkpt>
      <trkpt lat="42.873845100402832" lon="-1.569263935089111">
        <ele>476.26999999999998</ele>
      </trkpt>
      <trkpt lat="42.873822301626205" lon="-1.569275334477425">
        <ele>476.43000000000001</ele>
      </trkpt>
      <trkpt lat="42.873653322458267" lon="-1.569359824061394">
        <ele>476.81</ele>
      </trkpt>
      <trkpt lat="42.873630523681641" lon="-1.569371223449707">
        <ele>476.98000000000002</ele>
      </trkpt>
      <trkpt lat="42.873593643307686" lon="-1.56939628534019">
        <ele>477.06999999999999</ele>
      </trkpt>
      <trkpt lat="42.873432543128729" lon="-1.569505585357547">
        <ele>477.81999999999999</ele>
      </trkpt>
      <trkpt lat="42.87327135913074" lon="-1.569614885374904">
        <ele>478.55000000000001</ele>
      </trkpt>
      <trkpt lat="42.873110258951783" lon="-1.569724269211292">
        <ele>479.45999999999998</ele>
      </trkpt>
      <trkpt lat="42.872949158772826" lon="-1.569833569228649">
        <ele>480.25999999999999</ele>
      </trkpt>
      <trkpt lat="42.872788058593869" lon="-1.569942953065038">
        <ele>481.18000000000001</ele>
      </trkpt>
      <trkpt lat="42.872626874595881" lon="-1.570052253082395">
        <ele>482.01999999999998</ele>
      </trkpt>
      <trkpt lat="42.872465774416924" lon="-1.570161553099752">
        <ele>483.04000000000002</ele>
      </trkpt>
      <trkpt lat="42.872428894042969" lon="-1.570186614990234">
        <ele>483.32999999999998</ele>
      </trkpt>
      <trkpt lat="42.872400814667344" lon="-1.570200696587563">
        <ele>483.33999999999997</ele>
      </trkpt>
      <trkpt lat="42.872231835499406" lon="-1.570285186171532">
        <ele>484.42000000000002</ele>
      </trkpt>
      <trkpt lat="42.872062772512436" lon="-1.570369675755501">
        <ele>485.52999999999997</ele>
      </trkpt>
      <trkpt lat="42.871893793344498" lon="-1.57045416533947">
        <ele>486.60000000000002</ele>
      </trkpt>
      <trkpt lat="42.871724730357528" lon="-1.570538654923439">
        <ele>487.66000000000003</ele>
      </trkpt>
      <trkpt lat="42.87155575118959" lon="-1.570623144507408">
        <ele>488.60000000000002</ele>
      </trkpt>
      <trkpt lat="42.871527671813965" lon="-1.570637226104736">
        <ele>488.76999999999998</ele>
      </trkpt>
      <trkpt lat="42.871507555246353" lon="-1.570649798959494">
        <ele>488.82999999999998</ele>
      </trkpt>
      <trkpt lat="42.871343940496445" lon="-1.570752058178186">
        <ele>489.67000000000002</ele>
      </trkpt>
      <trkpt lat="42.871180325746536" lon="-1.570854317396879">
        <ele>490.52999999999997</ele>
      </trkpt>
      <trkpt lat="42.871016710996628" lon="-1.570956576615572">
        <ele>491.30000000000001</ele>
      </trkpt>
      <trkpt lat="42.870853096246719" lon="-1.571058835834265">
        <ele>491.94</ele>
      </trkpt>
      <trkpt lat="42.870689481496811" lon="-1.571161095052958">
        <ele>492.39999999999998</ele>
      </trkpt>
      <trkpt lat="42.870669364929199" lon="-1.571173667907715">
        <ele>492.38999999999999</ele>
      </trkpt>
      <trkpt lat="42.870635585859418" lon="-1.571189677342773">
        <ele>492.5</ele>
      </trkpt>
      <trkpt lat="42.870465517044067" lon="-1.571270227432251">
        <ele>492.48000000000002</ele>
      </trkpt>
      <trkpt lat="42.870295448228717" lon="-1.57135077752173">
        <ele>492.83999999999997</ele>
      </trkpt>
      <trkpt lat="42.870261669158936" lon="-1.571366786956787">
        <ele>492.92000000000002</ele>
      </trkpt>
      <trkpt lat="42.870253957808018" lon="-1.571368463337421">
        <ele>492.92000000000002</ele>
      </trkpt>
      <trkpt lat="42.870076261460781" lon="-1.571408025920391">
        <ele>492.97000000000003</ele>
      </trkpt>
      <trkpt lat="42.870068550109863" lon="-1.571409702301025">
        <ele>492.97000000000003</ele>
      </trkpt>
      <trkpt lat="42.870018510147929" lon="-1.571417413651943">
        <ele>493.10000000000002</ele>
      </trkpt>
      <trkpt lat="42.869839640334249" lon="-1.571444906294346">
        <ele>493.08999999999997</ele>
      </trkpt>
      <trkpt lat="42.869789600372314" lon="-1.571452617645264">
        <ele>493</ele>
      </trkpt>
      <trkpt lat="42.869756743311882" lon="-1.571454042568803">
        <ele>492.95999999999998</ele>
      </trkpt>
      <trkpt lat="42.869576783850789" lon="-1.571462089195848">
        <ele>492.69999999999999</ele>
      </trkpt>
      <trkpt lat="42.869396824389696" lon="-1.571470052003861">
        <ele>492.33999999999997</ele>
      </trkpt>
      <trkpt lat="42.869216781109571" lon="-1.571478098630905">
        <ele>491.76999999999998</ele>
      </trkpt>
      <trkpt lat="42.869036821648479" lon="-1.571486061438918">
        <ele>491.20999999999998</ele>
      </trkpt>
      <trkpt lat="42.868856862187386" lon="-1.571494108065963">
        <ele>490.54000000000002</ele>
      </trkpt>
      <trkpt lat="42.868824005126953" lon="-1.571495532989502">
        <ele>490.38</ele>
      </trkpt>
      <trkpt lat="42.868741527199745" lon="-1.571510955691338">
        <ele>490.18000000000001</ele>
      </trkpt>
      <trkpt lat="42.868563160300255" lon="-1.571544483304024">
        <ele>489.36000000000001</ele>
      </trkpt>
      <trkpt lat="42.868480682373047" lon="-1.571559906005859">
        <ele>489.10000000000002</ele>
      </trkpt>
      <trkpt lat="42.868432905524969" lon="-1.571574741974473">
        <ele>488.87</ele>
      </trkpt>
      <trkpt lat="42.868257304653525" lon="-1.571629224345088">
        <ele>488.10000000000002</ele>
      </trkpt>
      <trkpt lat="42.868081787601113" lon="-1.571683706715703">
        <ele>487.31999999999999</ele>
      </trkpt>
      <trkpt lat="42.86790618672967" lon="-1.571738189086318">
        <ele>486.47000000000003</ele>
      </trkpt>
      <trkpt lat="42.867858409881592" lon="-1.571753025054932">
        <ele>486.38999999999999</ele>
      </trkpt>
      <trkpt lat="42.867822032421827" lon="-1.57176760956645">
        <ele>486.17000000000002</ele>
      </trkpt>
      <trkpt lat="42.867649281397462" lon="-1.571836676448584">
        <ele>485.31999999999999</ele>
      </trkpt>
      <trkpt lat="42.867476530373096" lon="-1.571905743330717">
        <ele>484.55000000000001</ele>
      </trkpt>
      <trkpt lat="42.867303779348731" lon="-1.571974894031882">
        <ele>483.83999999999997</ele>
      </trkpt>
      <trkpt lat="42.867131028324366" lon="-1.572043960914016">
        <ele>483.06999999999999</ele>
      </trkpt>
      <trkpt lat="42.8669582773" lon="-1.572113111615181">
        <ele>482.38</ele>
      </trkpt>
      <trkpt lat="42.866785526275635" lon="-1.572182178497315">
        <ele>481.72000000000003</ele>
      </trkpt>
      <trkpt lat="42.866612775251269" lon="-1.572251245379448">
        <ele>481.02999999999997</ele>
      </trkpt>
      <trkpt lat="42.866440024226904" lon="-1.572320396080613">
        <ele>480.35000000000002</ele>
      </trkpt>
      <trkpt lat="42.866267273202538" lon="-1.572389462962747">
        <ele>479.61000000000001</ele>
      </trkpt>
      <trkpt lat="42.866094522178173" lon="-1.572458613663912">
        <ele>478.82999999999998</ele>
      </trkpt>
      <trkpt lat="42.865921771153808" lon="-1.572527680546045">
        <ele>478.19</ele>
      </trkpt>
      <trkpt lat="42.865749020129442" lon="-1.572596747428179">
        <ele>477.42000000000002</ele>
      </trkpt>
      <trkpt lat="42.865712642669678" lon="-1.572611331939697">
        <ele>477.25</ele>
      </trkpt>
      <trkpt lat="42.865628739818931" lon="-1.572637567296624">
        <ele>476.80000000000001</ele>
      </trkpt>
      <trkpt lat="42.865453222766519" lon="-1.572692384943366">
        <ele>476.25</ele>
      </trkpt>
      <trkpt lat="42.865369319915771" lon="-1.572718620300293">
        <ele>476.04000000000002</ele>
      </trkpt>
      <trkpt lat="42.865339564159513" lon="-1.572726750746369">
        <ele>475.89999999999998</ele>
      </trkpt>
      <trkpt lat="42.86516304127872" lon="-1.572774862870574">
        <ele>475.29000000000002</ele>
      </trkpt>
      <trkpt lat="42.865133285522461" lon="-1.57278299331665">
        <ele>475.18000000000001</ele>
      </trkpt>
      <trkpt lat="42.865073438733816" lon="-1.572796069085598">
        <ele>474.89999999999998</ele>
      </trkpt>
      <trkpt lat="42.864895658567548" lon="-1.572835044935346">
        <ele>474.51999999999998</ele>
      </trkpt>
      <trkpt lat="42.864717878401279" lon="-1.572874020785093">
        <ele>474.19</ele>
      </trkpt>
      <trkpt lat="42.864540098235011" lon="-1.572912912815809">
        <ele>473.86000000000001</ele>
      </trkpt>
      <trkpt lat="42.864362318068743" lon="-1.572951888665557">
        <ele>473.47000000000003</ele>
      </trkpt>
      <trkpt lat="42.864184537902474" lon="-1.572990780696273">
        <ele>473.30000000000001</ele>
      </trkpt>
      <trkpt lat="42.864006757736206" lon="-1.573029756546021">
        <ele>473.14999999999998</ele>
      </trkpt>
      <trkpt lat="42.863828977569938" lon="-1.573068732395768">
        <ele>473.11000000000001</ele>
      </trkpt>
      <trkpt lat="42.863651197403669" lon="-1.573107624426484">
        <ele>473.17000000000002</ele>
      </trkpt>
      <trkpt lat="42.863473417237401" lon="-1.573146600276232">
        <ele>473.55000000000001</ele>
      </trkpt>
      <trkpt lat="42.863295637071133" lon="-1.573185492306948">
        <ele>474.41000000000003</ele>
      </trkpt>
      <trkpt lat="42.863117856904864" lon="-1.573224468156695">
        <ele>475.13999999999999</ele>
      </trkpt>
      <trkpt lat="42.862940076738596" lon="-1.573263444006443">
        <ele>475.81</ele>
      </trkpt>
      <trkpt lat="42.862880229949951" lon="-1.573276519775391">
        <ele>475.87</ele>
      </trkpt>
      <trkpt lat="42.862822562456131" lon="-1.573297725990415">
        <ele>475.93000000000001</ele>
      </trkpt>
      <trkpt lat="42.862648805603385" lon="-1.573361763730645">
        <ele>476.18000000000001</ele>
      </trkpt>
      <trkpt lat="42.862591138109565" lon="-1.573382969945669">
        <ele>476.14999999999998</ele>
      </trkpt>
      <trkpt lat="42.862472534179688" lon="-1.573426723480225">
        <ele>475.98000000000002</ele>
      </trkpt>
      <trkpt lat="42.862413274124265" lon="-1.573460586369038">
        <ele>475.93000000000001</ele>
      </trkpt>
      <trkpt lat="42.862247228622437" lon="-1.57355546951294">
        <ele>475.52999999999997</ele>
      </trkpt>
      <trkpt lat="42.862081183120608" lon="-1.573650352656841">
        <ele>475.12</ele>
      </trkpt>
      <trkpt lat="42.862021923065186" lon="-1.573684215545654">
        <ele>474.91000000000003</ele>
      </trkpt>
      <trkpt lat="42.861969787627459" lon="-1.573718078434467">
        <ele>474.75999999999999</ele>
      </trkpt>
      <trkpt lat="42.861807346343994" lon="-1.573823690414429">
        <ele>474.43000000000001</ele>
      </trkpt>
      <trkpt lat="42.86164490506053" lon="-1.57392930239439">
        <ele>474.07999999999998</ele>
      </trkpt>
      <trkpt lat="42.861592769622803" lon="-1.573963165283203">
        <ele>473.86000000000001</ele>
      </trkpt>
      <trkpt lat="42.861464023590088" lon="-1.574070453643799">
        <ele>473.41000000000003</ele>
      </trkpt>
      <trkpt lat="42.861432675272226" lon="-1.574098113924265">
        <ele>473.33999999999997</ele>
      </trkpt>
      <trkpt lat="42.861281633377075" lon="-1.574231386184692">
        <ele>472.62</ele>
      </trkpt>
      <trkpt lat="42.861130591481924" lon="-1.57436465844512">
        <ele>471.85000000000002</ele>
      </trkpt>
      <trkpt lat="42.861099243164063" lon="-1.574392318725586">
        <ele>471.70999999999998</ele>
      </trkpt>
      <trkpt lat="42.861060602590442" lon="-1.574420398101211">
        <ele>471.49000000000001</ele>
      </trkpt>
      <trkpt lat="42.860901849344373" lon="-1.574535900726914">
        <ele>470.95999999999998</ele>
      </trkpt>
      <trkpt lat="42.860863208770752" lon="-1.574563980102539">
        <ele>470.88</ele>
      </trkpt>
      <trkpt lat="42.860830267891288" lon="-1.574578648433089">
        <ele>470.63</ele>
      </trkpt>
      <trkpt lat="42.860659109428525" lon="-1.574654672294855">
        <ele>470.19999999999999</ele>
      </trkpt>
      <trkpt lat="42.860487950965762" lon="-1.574730779975653">
        <ele>469.85000000000002</ele>
      </trkpt>
      <trkpt lat="42.860316792502999" lon="-1.574806803837419">
        <ele>469.36000000000001</ele>
      </trkpt>
      <trkpt lat="42.860283851623535" lon="-1.574821472167969">
        <ele>469.24000000000001</ele>
      </trkpt>
      <trkpt lat="42.860176563262939" lon="-1.574907302856445">
        <ele>468.94</ele>
      </trkpt>
      <trkpt lat="42.860026359558105" lon="-1.575014591217041">
        <ele>468.67000000000002</ele>
      </trkpt>
      <trkpt lat="42.860016636550426" lon="-1.575027080252767">
        <ele>468.54000000000002</ele>
      </trkpt>
      <trkpt lat="42.85988587886095" lon="-1.575195221230388">
        <ele>467.85000000000002</ele>
      </trkpt>
      <trkpt lat="42.859876155853271" lon="-1.575207710266113">
        <ele>467.94999999999999</ele>
      </trkpt>
      <trkpt lat="42.859815722331405" lon="-1.575278202071786">
        <ele>467.60000000000002</ele>
      </trkpt>
      <trkpt lat="42.859679097309709" lon="-1.575437625870109">
        <ele>467.30000000000001</ele>
      </trkpt>
      <trkpt lat="42.859618663787842" lon="-1.575508117675781">
        <ele>467.17000000000002</ele>
      </trkpt>
      <trkpt lat="42.859593015164137" lon="-1.575541561469436">
        <ele>467.17000000000002</ele>
      </trkpt>
      <trkpt lat="42.859463095664978" lon="-1.575711043551564">
        <ele>467.23000000000002</ele>
      </trkpt>
      <trkpt lat="42.859333176165819" lon="-1.575880525633693">
        <ele>467.54000000000002</ele>
      </trkpt>
      <trkpt lat="42.859203172847629" lon="-1.576050007715821">
        <ele>467.94999999999999</ele>
      </trkpt>
      <trkpt lat="42.85907325334847" lon="-1.57621948979795">
        <ele>468.32999999999998</ele>
      </trkpt>
      <trkpt lat="42.858943333849311" lon="-1.576388971880078">
        <ele>468.62</ele>
      </trkpt>
      <trkpt lat="42.858813414350152" lon="-1.576558453962207">
        <ele>468.97000000000003</ele>
      </trkpt>
      <trkpt lat="42.858683494850993" lon="-1.576727936044335">
        <ele>469.36000000000001</ele>
      </trkpt>
      <trkpt lat="42.858553575351834" lon="-1.576897418126464">
        <ele>469.69999999999999</ele>
      </trkpt>
      <trkpt lat="42.858423655852675" lon="-1.577066900208592">
        <ele>470.10000000000002</ele>
      </trkpt>
      <trkpt lat="42.858293652534485" lon="-1.577236382290721">
        <ele>470.55000000000001</ele>
      </trkpt>
      <trkpt lat="42.858163733035326" lon="-1.57740586437285">
        <ele>471.10000000000002</ele>
      </trkpt>
      <trkpt lat="42.858138084411621" lon="-1.577439308166504">
        <ele>471.19999999999999</ele>
      </trkpt>
      <trkpt lat="42.858072957023978" lon="-1.577519187703729">
        <ele>471.50999999999999</ele>
      </trkpt>
      <trkpt lat="42.85793918184936" lon="-1.577683053910732">
        <ele>472.08999999999997</ele>
      </trkpt>
      <trkpt lat="42.857805490493774" lon="-1.577847003936768">
        <ele>472.80000000000001</ele>
      </trkpt>
      <trkpt lat="42.857671799138188" lon="-1.578010953962803">
        <ele>473.31999999999999</ele>
      </trkpt>
      <trkpt lat="42.857538023963571" lon="-1.578174820169807">
        <ele>474.06999999999999</ele>
      </trkpt>
      <trkpt lat="42.857472896575928" lon="-1.578254699707031">
        <ele>474.31</ele>
      </trkpt>
      <trkpt lat="42.857415145263076" lon="-1.57832452096045">
        <ele>474.67000000000002</ele>
      </trkpt>
      <trkpt lat="42.857280615717173" lon="-1.57848721370101">
        <ele>475.25999999999999</ele>
      </trkpt>
      <trkpt lat="42.857146086171269" lon="-1.578649906441569">
        <ele>475.73000000000002</ele>
      </trkpt>
      <trkpt lat="42.857011556625366" lon="-1.578812599182129">
        <ele>476.30000000000001</ele>
      </trkpt>
      <trkpt lat="42.856877027079463" lon="-1.578975291922689">
        <ele>476.75999999999999</ele>
      </trkpt>
      <trkpt lat="42.85674249753356" lon="-1.579137984663248">
        <ele>477.26999999999998</ele>
      </trkpt>
      <trkpt lat="42.856607967987657" lon="-1.579300677403808">
        <ele>477.62</ele>
      </trkpt>
      <trkpt lat="42.856550216674805" lon="-1.579370498657227">
        <ele>477.75999999999999</ele>
      </trkpt>
      <trkpt lat="42.856539655476809" lon="-1.579382652416825">
        <ele>477.75999999999999</ele>
      </trkpt>
      <trkpt lat="42.856402276083827" lon="-1.579540902748704">
        <ele>478.01999999999998</ele>
      </trkpt>
      <trkpt lat="42.856264896690845" lon="-1.579699069261551">
        <ele>478.17000000000002</ele>
      </trkpt>
      <trkpt lat="42.856127433478832" lon="-1.57985731959343">
        <ele>478.24000000000001</ele>
      </trkpt>
      <trkpt lat="42.855990054085851" lon="-1.580015486106277">
        <ele>478.25999999999999</ele>
      </trkpt>
      <trkpt lat="42.855852674692869" lon="-1.580173736438155">
        <ele>478.13</ele>
      </trkpt>
      <trkpt lat="42.855842113494873" lon="-1.580185890197754">
        <ele>478.13999999999999</ele>
      </trkpt>
      <trkpt lat="42.855824511498213" lon="-1.58020474947989">
        <ele>478.13</ele>
      </trkpt>
      <trkpt lat="42.855683108791709" lon="-1.5803562104702">
        <ele>477.85000000000002</ele>
      </trkpt>
      <trkpt lat="42.855541706085205" lon="-1.580507755279541">
        <ele>477.57999999999998</ele>
      </trkpt>
      <trkpt lat="42.855400303378701" lon="-1.580659300088882">
        <ele>477.31</ele>
      </trkpt>
      <trkpt lat="42.855258900672197" lon="-1.580810761079192">
        <ele>476.76999999999998</ele>
      </trkpt>
      <trkpt lat="42.855241298675537" lon="-1.580829620361328">
        <ele>476.75</ele>
      </trkpt>
      <trkpt lat="42.855178937315941" lon="-1.58089516684413">
        <ele>476.44999999999999</ele>
      </trkpt>
      <trkpt lat="42.855036528781056" lon="-1.581044867634773">
        <ele>475.80000000000001</ele>
      </trkpt>
      <trkpt lat="42.854894120246172" lon="-1.581194652244449">
        <ele>475.06999999999999</ele>
      </trkpt>
      <trkpt lat="42.854751627892256" lon="-1.581344353035092">
        <ele>474.29000000000002</ele>
      </trkpt>
      <trkpt lat="42.854609219357371" lon="-1.581494137644768">
        <ele>473.39999999999998</ele>
      </trkpt>
      <trkpt lat="42.854466810822487" lon="-1.581643838435412">
        <ele>472.47000000000003</ele>
      </trkpt>
      <trkpt lat="42.854404449462891" lon="-1.581709384918213">
        <ele>472.05000000000001</ele>
      </trkpt>
      <trkpt lat="42.854382488876581" lon="-1.581732351332903">
        <ele>471.82999999999998</ele>
      </trkpt>
      <trkpt lat="42.85423974506557" lon="-1.581881549209356">
        <ele>470.69</ele>
      </trkpt>
      <trkpt lat="42.85409708507359" lon="-1.58203074708581">
        <ele>469.48000000000002</ele>
      </trkpt>
      <trkpt lat="42.853954341262579" lon="-1.582179944962263">
        <ele>468.20999999999998</ele>
      </trkpt>
      <trkpt lat="42.85393238067627" lon="-1.582202911376953">
        <ele>468.01999999999998</ele>
      </trkpt>
      <trkpt lat="42.853894997388124" lon="-1.582240294665098">
        <ele>467.61000000000001</ele>
      </trkpt>
      <trkpt lat="42.853749990463257" lon="-1.582385301589966">
        <ele>466.14999999999998</ele>
      </trkpt>
      <trkpt lat="42.853604983538389" lon="-1.582530308514834">
        <ele>464.62</ele>
      </trkpt>
      <trkpt lat="42.853567600250244" lon="-1.582567691802979">
        <ele>464.22000000000003</ele>
      </trkpt>
      <trkpt lat="42.853493588045239" lon="-1.582631142809987">
        <ele>463.33999999999997</ele>
      </trkpt>
      <trkpt lat="42.853341205045581" lon="-1.5827617328614">
        <ele>462.06999999999999</ele>
      </trkpt>
      <trkpt lat="42.853267192840576" lon="-1.582825183868408">
        <ele>461.49000000000001</ele>
      </trkpt>
      <trkpt lat="42.853215057402849" lon="-1.582859046757221">
        <ele>461</ele>
      </trkpt>
      <trkpt lat="42.853052616119385" lon="-1.582964658737183">
        <ele>459.88999999999999</ele>
      </trkpt>
      <trkpt lat="42.85289017483592" lon="-1.583070270717144">
        <ele>458.89999999999998</ele>
      </trkpt>
      <trkpt lat="42.852838039398193" lon="-1.583104133605957">
        <ele>458.63999999999999</ele>
      </trkpt>
      <trkpt lat="42.852753214538097" lon="-1.583135984838009">
        <ele>458.01999999999998</ele>
      </trkpt>
      <trkpt lat="42.852579541504383" lon="-1.58320102840662">
        <ele>457.25</ele>
      </trkpt>
      <trkpt lat="42.852494716644287" lon="-1.583232879638672">
        <ele>456.89999999999998</ele>
      </trkpt>
      <trkpt lat="42.85243034362793" lon="-1.583260456100106">
        <ele>456.66000000000003</ele>
      </trkpt>
      <trkpt lat="42.852258682250977" lon="-1.583334049209952">
        <ele>455.99000000000001</ele>
      </trkpt>
      <trkpt lat="42.852194309234619" lon="-1.583361625671387">
        <ele>455.80000000000001</ele>
      </trkpt>
      <trkpt lat="42.852154159918427" lon="-1.583375707268715">
        <ele>455.63999999999999</ele>
      </trkpt>
      <trkpt lat="42.851979732513428" lon="-1.583436727523804">
        <ele>448.24000000000001</ele>
      </trkpt>
      <trkpt lat="42.851805305108428" lon="-1.583497747778893">
        <ele>454.47000000000003</ele>
      </trkpt>
      <trkpt lat="42.851765155792236" lon="-1.583511829376221">
        <ele>454.38</ele>
      </trkpt>
      <trkpt lat="42.851700782775879" lon="-1.58353328704834">
        <ele>454.22000000000003</ele>
      </trkpt>
      <trkpt lat="42.851632554084063" lon="-1.583558097481728">
        <ele>454.12</ele>
      </trkpt>
      <trkpt lat="42.851458629593253" lon="-1.583621380850673">
        <ele>454.06999999999999</ele>
      </trkpt>
      <trkpt lat="42.851284621283412" lon="-1.583684580400586">
        <ele>454.02999999999997</ele>
      </trkpt>
      <trkpt lat="42.851110696792603" lon="-1.583747863769531">
        <ele>454.06999999999999</ele>
      </trkpt>
      <trkpt lat="42.850936772301793" lon="-1.583811147138476">
        <ele>454.04000000000002</ele>
      </trkpt>
      <trkpt lat="42.850762763991952" lon="-1.58387434668839">
        <ele>454.08999999999997</ele>
      </trkpt>
      <trkpt lat="42.850588839501143" lon="-1.583937630057335">
        <ele>454.12</ele>
      </trkpt>
      <trkpt lat="42.850520610809326" lon="-1.583962440490723">
        <ele>454.18000000000001</ele>
      </trkpt>
      <trkpt lat="42.85049487836659" lon="-1.583970068022609">
        <ele>454.13</ele>
      </trkpt>
      <trkpt lat="42.850318942219019" lon="-1.584022203460336">
        <ele>454.17000000000002</ele>
      </trkpt>
      <trkpt lat="42.850142922252417" lon="-1.584074338898063">
        <ele>454.22000000000003</ele>
      </trkpt>
      <trkpt lat="42.849966986104846" lon="-1.58412647433579">
        <ele>454.20999999999998</ele>
      </trkpt>
      <trkpt lat="42.849941253662109" lon="-1.584134101867676">
        <ele>454.19999999999999</ele>
      </trkpt>
      <trkpt lat="42.84988216124475" lon="-1.584149105474353">
        <ele>454.22000000000003</ele>
      </trkpt>
      <trkpt lat="42.849705135449767" lon="-1.584194200113416">
        <ele>454.12</ele>
      </trkpt>
      <trkpt lat="42.849528193473816" lon="-1.584239210933447">
        <ele>454.01999999999998</ele>
      </trkpt>
      <trkpt lat="42.849351167678833" lon="-1.58428430557251">
        <ele>453.95999999999998</ele>
      </trkpt>
      <trkpt lat="42.84917414188385" lon="-1.584329400211573">
        <ele>453.94</ele>
      </trkpt>
      <trkpt lat="42.848997199907899" lon="-1.584374411031604">
        <ele>453.94999999999999</ele>
      </trkpt>
      <trkpt lat="42.848820174112916" lon="-1.584419505670667">
        <ele>453.97000000000003</ele>
      </trkpt>
      <trkpt lat="42.848761081695557" lon="-1.584434509277344">
        <ele>454.00999999999999</ele>
      </trkpt>
      <trkpt lat="42.848713304847479" lon="-1.584449345245957">
        <ele>453.99000000000001</ele>
      </trkpt>
      <trkpt lat="42.848537703976035" lon="-1.584503827616572">
        <ele>454.13</ele>
      </trkpt>
      <trkpt lat="42.848362186923623" lon="-1.584558309987187">
        <ele>454.23000000000002</ele>
      </trkpt>
      <trkpt lat="42.848186586052179" lon="-1.584612792357802">
        <ele>454.32999999999998</ele>
      </trkpt>
      <trkpt lat="42.848138809204102" lon="-1.584627628326416">
        <ele>454.25999999999999</ele>
      </trkpt>
      <trkpt lat="42.848087176680565" lon="-1.584652857854962">
        <ele>454.25999999999999</ele>
      </trkpt>
      <trkpt lat="42.847917778417468" lon="-1.584735838696361">
        <ele>454.30000000000001</ele>
      </trkpt>
      <trkpt lat="42.847748380154371" lon="-1.584818819537759">
        <ele>454.25</ele>
      </trkpt>
      <trkpt lat="42.847578981891274" lon="-1.584901800379157">
        <ele>454.27999999999997</ele>
      </trkpt>
      <trkpt lat="42.847527349367738" lon="-1.584927029907703">
        <ele>454.31999999999999</ele>
      </trkpt>
      <trkpt lat="42.847527349367738" lon="-1.584927029907703">
        <ele>454.31999999999999</ele>
      </trkpt>
      <trkpt lat="42.847476806491613" lon="-1.584951840341091">
        <ele>454.25999999999999</ele>
      </trkpt>
      <trkpt lat="42.847307408228517" lon="-1.585034821182489">
        <ele>454.31</ele>
      </trkpt>
      <trkpt lat="42.847137926146388" lon="-1.585117802023888">
        <ele>454.33999999999997</ele>
      </trkpt>
      <trkpt lat="42.847087383270264" lon="-1.585142612457275">
        <ele>454.35000000000002</ele>
      </trkpt>
      <trkpt lat="42.847063411027193" lon="-1.585153341293335">
        <ele>454.32999999999998</ele>
      </trkpt>
      <trkpt lat="42.846892336383462" lon="-1.585229616612196">
        <ele>454.38</ele>
      </trkpt>
      <trkpt lat="42.846721177920699" lon="-1.585305891931057">
        <ele>454.55000000000001</ele>
      </trkpt>
      <trkpt lat="42.846550103276968" lon="-1.58538225106895">
        <ele>454.56</ele>
      </trkpt>
      <trkpt lat="42.846379028633237" lon="-1.585458526387811">
        <ele>454.66000000000003</ele>
      </trkpt>
      <trkpt lat="42.846207870170474" lon="-1.585534801706672">
        <ele>454.63999999999999</ele>
      </trkpt>
      <trkpt lat="42.846036795526743" lon="-1.585611160844564">
        <ele>454.25</ele>
      </trkpt>
      <trkpt lat="42.845865720883012" lon="-1.585687436163425">
        <ele>453.83999999999997</ele>
      </trkpt>
      <trkpt lat="42.845694562420249" lon="-1.585763711482287">
        <ele>453.45999999999998</ele>
      </trkpt>
      <trkpt lat="42.845523487776518" lon="-1.585839986801148">
        <ele>453.23000000000002</ele>
      </trkpt>
      <trkpt lat="42.845499515533447" lon="-1.585850715637207">
        <ele>453.13999999999999</ele>
      </trkpt>
      <trkpt lat="42.845459533855319" lon="-1.585866305977106">
        <ele>453.06</ele>
      </trkpt>
      <trkpt lat="42.845286363735795" lon="-1.585933612659574">
        <ele>452.83999999999997</ele>
      </trkpt>
      <trkpt lat="42.845113277435303" lon="-1.586000919342041">
        <ele>452.55000000000001</ele>
      </trkpt>
      <trkpt lat="42.84494019113481" lon="-1.586068226024509">
        <ele>452.31</ele>
      </trkpt>
      <trkpt lat="42.844767021015286" lon="-1.586135532706976">
        <ele>452.04000000000002</ele>
      </trkpt>
      <trkpt lat="42.844727039337158" lon="-1.586151123046875">
        <ele>452</ele>
      </trkpt>
      <trkpt lat="42.844692170619965" lon="-1.586161768063903">
        <ele>451.92000000000002</ele>
      </trkpt>
      <trkpt lat="42.844516485929489" lon="-1.586215496063232">
        <ele>451.66000000000003</ele>
      </trkpt>
      <trkpt lat="42.844340801239014" lon="-1.58626914024353">
        <ele>451.31999999999999</ele>
      </trkpt>
      <trkpt lat="42.844165116548538" lon="-1.586322784423828">
        <ele>451.02999999999997</ele>
      </trkpt>
      <trkpt lat="42.843989431858063" lon="-1.586376512423158">
        <ele>450.75999999999999</ele>
      </trkpt>
      <trkpt lat="42.843954563140869" lon="-1.586387157440186">
        <ele>450.79000000000002</ele>
      </trkpt>
      <trkpt lat="42.843914330005646" lon="-1.586397215723991">
        <ele>450.70999999999998</ele>
      </trkpt>
      <trkpt lat="42.843737304210663" lon="-1.586441472172737">
        <ele>450.55000000000001</ele>
      </trkpt>
      <trkpt lat="42.843697071075439" lon="-1.586451530456543">
        <ele>450.5</ele>
      </trkpt>
      <trkpt lat="42.84362968057394" lon="-1.586461337283254">
        <ele>450.5</ele>
      </trkpt>
      <trkpt lat="42.843450643122196" lon="-1.586487488821149">
        <ele>450.30000000000001</ele>
      </trkpt>
      <trkpt lat="42.843271605670452" lon="-1.586513556540012">
        <ele>450.16000000000003</ele>
      </trkpt>
      <trkpt lat="42.843092568218708" lon="-1.586539708077908">
        <ele>450.07999999999998</ele>
      </trkpt>
      <trkpt lat="42.842913530766964" lon="-1.586565775796771">
        <ele>450.04000000000002</ele>
      </trkpt>
      <trkpt lat="42.84273449331522" lon="-1.586591927334666">
        <ele>449.97000000000003</ele>
      </trkpt>
      <trkpt lat="42.842667102813721" lon="-1.586601734161377">
        <ele>449.97000000000003</ele>
      </trkpt>
      <trkpt lat="42.842651093378663" lon="-1.586603661999106">
        <ele>449.97000000000003</ele>
      </trkpt>
      <trkpt lat="42.842471720650792" lon="-1.586625538766384">
        <ele>449.94</ele>
      </trkpt>
      <trkpt lat="42.842292431741953" lon="-1.586647415533662">
        <ele>449.85000000000002</ele>
      </trkpt>
      <trkpt lat="42.842113059014082" lon="-1.58666929230094">
        <ele>449.74000000000001</ele>
      </trkpt>
      <trkpt lat="42.842097049579024" lon="-1.586671220138669">
        <ele>449.75</ele>
      </trkpt>
      <trkpt lat="42.84203183837235" lon="-1.586679182946682">
        <ele>449.67000000000002</ele>
      </trkpt>
      <trkpt lat="42.841852549463511" lon="-1.58670105971396">
        <ele>449.56</ele>
      </trkpt>
      <trkpt lat="42.841787338256836" lon="-1.586709022521973">
        <ele>449.5</ele>
      </trkpt>
      <trkpt lat="42.841780632734299" lon="-1.586710028350353">
        <ele>449.50999999999999</ele>
      </trkpt>
      <trkpt lat="42.841601595282555" lon="-1.586736347526312">
        <ele>449.49000000000001</ele>
      </trkpt>
      <trkpt lat="42.841422557830811" lon="-1.586762666702271">
        <ele>449.55000000000001</ele>
      </trkpt>
      <trkpt lat="42.841243520379066" lon="-1.586788985878229">
        <ele>449.48000000000002</ele>
      </trkpt>
      <trkpt lat="42.841064482927322" lon="-1.586815305054188">
        <ele>449.39999999999998</ele>
      </trkpt>
      <trkpt lat="42.841057777404785" lon="-1.586816310882568">
        <ele>449.39999999999998</ele>
      </trkpt>
      <trkpt lat="42.840971946716309" lon="-1.586816310882568">
        <ele>449.29000000000002</ele>
      </trkpt>
      <trkpt lat="42.840931713581085" lon="-1.586826369166374">
        <ele>449.26999999999998</ele>
      </trkpt>
      <trkpt lat="42.840754687786102" lon="-1.58687062561512">
        <ele>449.07999999999998</ele>
      </trkpt>
      <trkpt lat="42.840714454650879" lon="-1.586880683898926">
        <ele>449.04000000000002</ele>
      </trkpt>
      <trkpt lat="42.840671539306641" lon="-1.586987972259522">
        <ele>448.93000000000001</ele>
      </trkpt>
      <trkpt lat="42.840650081634521" lon="-1.587052345275879">
        <ele>448.81</ele>
      </trkpt>
      <trkpt lat="42.840607166290283" lon="-1.587073802947998">
        <ele>448.73000000000002</ele>
      </trkpt>
      <trkpt lat="42.840521335601807" lon="-1.587116718292236">
        <ele>448.57999999999998</ele>
      </trkpt>
      <trkpt lat="42.84043550491333" lon="-1.587095260620117">
        <ele>448.43000000000001</ele>
      </trkpt>
      <trkpt lat="42.840349674224854" lon="-1.587052345275879">
        <ele>448.23000000000002</ele>
      </trkpt>
      <trkpt lat="42.840285301208496" lon="-1.586945056915283">
        <ele>448.13999999999999</ele>
      </trkpt>
      <trkpt lat="42.840263843536377" lon="-1.586880683898926">
        <ele>448.06</ele>
      </trkpt>
      <trkpt lat="42.840135097503662" lon="-1.586794853210449">
        <ele>447.88</ele>
      </trkpt>
      <trkpt lat="42.840080531314015" lon="-1.586791332811117">
        <ele>447.75999999999999</ele>
      </trkpt>
      <trkpt lat="42.839900655671954" lon="-1.586779849603772">
        <ele>447.44</ele>
      </trkpt>
      <trkpt lat="42.839720780029893" lon="-1.586768366396427">
        <ele>447.27999999999997</ele>
      </trkpt>
      <trkpt lat="42.839540904387832" lon="-1.586756967008114">
        <ele>447.11000000000001</ele>
      </trkpt>
      <trkpt lat="42.83936102874577" lon="-1.586745483800769">
        <ele>447</ele>
      </trkpt>
      <trkpt lat="42.839181153103709" lon="-1.586734000593424">
        <ele>446.92000000000002</ele>
      </trkpt>
      <trkpt lat="42.839126586914063" lon="-1.586730480194092">
        <ele>446.81</ele>
      </trkpt>
      <trkpt lat="42.838997840881348" lon="-1.586859226226807">
        <ele>446.68000000000001</ele>
      </trkpt>
      <trkpt lat="42.83893346786499" lon="-1.586987972259522">
        <ele>446.82999999999998</ele>
      </trkpt>
      <trkpt lat="42.838912010192871" lon="-1.587116718292236">
        <ele>446.94999999999999</ele>
      </trkpt>
      <trkpt lat="42.838917290791869" lon="-1.587139433249831">
        <ele>447.00999999999999</ele>
      </trkpt>
      <trkpt lat="42.83897110261023" lon="-1.58737295307219">
        <ele>447.39999999999998</ele>
      </trkpt>
      <trkpt lat="42.838976383209229" lon="-1.587395668029785">
        <ele>447.38</ele>
      </trkpt>
      <trkpt lat="42.838995577767491" lon="-1.587428525090218">
        <ele>447.41000000000003</ele>
      </trkpt>
      <trkpt lat="42.8391073923558" lon="-1.587620303034782">
        <ele>447.86000000000001</ele>
      </trkpt>
      <trkpt lat="42.839126586914063" lon="-1.587653160095215">
        <ele>447.92000000000002</ele>
      </trkpt>
      <trkpt lat="42.839233875274658" lon="-1.58778190612793">
        <ele>448.69</ele>
      </trkpt>
      <trkpt lat="42.839258350431919" lon="-1.587830940261483">
        <ele>448.94</ele>
      </trkpt>
      <trkpt lat="42.839359603822231" lon="-1.588033279404044">
        <ele>449.73000000000002</ele>
      </trkpt>
      <trkpt lat="42.839384078979492" lon="-1.588082313537598">
        <ele>449.88</ele>
      </trkpt>
      <trkpt lat="42.839401513338089" lon="-1.588130760937929">
        <ele>450.07999999999998</ele>
      </trkpt>
      <trkpt lat="42.839480638504028" lon="-1.588350534439087">
        <ele>451.19</ele>
      </trkpt>
      <trkpt lat="42.839559763669968" lon="-1.588570307940245">
        <ele>445.54000000000002</ele>
      </trkpt>
      <trkpt lat="42.839577198028564" lon="-1.588618755340576">
        <ele>445.63999999999999</ele>
      </trkpt>
      <trkpt lat="42.839620113372803" lon="-1.58876895904541">
        <ele>457.26999999999998</ele>
      </trkpt>
      <trkpt lat="42.839621705934405" lon="-1.588778346776962">
        <ele>457.32999999999998</ele>
      </trkpt>
      <trkpt lat="42.839661436155438" lon="-1.589017063379288">
        <ele>441.54000000000002</ele>
      </trkpt>
      <trkpt lat="42.839663028717041" lon="-1.58902645111084">
        <ele>441.79000000000002</ele>
      </trkpt>
      <trkpt lat="42.839672332629561" lon="-1.589119825512171">
        <ele>444.06999999999999</ele>
      </trkpt>
      <trkpt lat="42.839696640148759" lon="-1.589362230151892">
        <ele>452.93000000000001</ele>
      </trkpt>
      <trkpt lat="42.839705944061279" lon="-1.589455604553223">
        <ele>457.04000000000002</ele>
      </trkpt>
      <trkpt lat="42.839705944061279" lon="-1.589461974799633">
        <ele>457.16000000000003</ele>
      </trkpt>
      <trkpt lat="42.839705944061279" lon="-1.589706726372242">
        <ele>458.49000000000001</ele>
      </trkpt>
      <trkpt lat="42.839705944061279" lon="-1.589713096618652">
        <ele>458.49000000000001</ele>
      </trkpt>
      <trkpt lat="42.839704770594835" lon="-1.589727429673076">
        <ele>458.49000000000001</ele>
      </trkpt>
      <trkpt lat="42.83968448638916" lon="-1.589970588684082">
        <ele>459.86000000000001</ele>
      </trkpt>
      <trkpt lat="42.839664202183485" lon="-1.590213747695088">
        <ele>461.25999999999999</ele>
      </trkpt>
      <trkpt lat="42.839663028717041" lon="-1.590228080749512">
        <ele>461.39999999999998</ele>
      </trkpt>
      <trkpt lat="42.839658753946424" lon="-1.590258171781898">
        <ele>461.62</ele>
      </trkpt>
      <trkpt lat="42.83962438814342" lon="-1.590498397126794">
        <ele>463.00999999999999</ele>
      </trkpt>
      <trkpt lat="42.839620113372803" lon="-1.59052848815918">
        <ele>463.26999999999998</ele>
      </trkpt>
      <trkpt lat="42.839588345959783" lon="-1.590639716014266">
        <ele>463.98000000000002</ele>
      </trkpt>
      <trkpt lat="42.839523134753108" lon="-1.590867871418595">
        <ele>465.30000000000001</ele>
      </trkpt>
      <trkpt lat="42.839491367340088" lon="-1.590979099273682">
        <ele>465.95999999999998</ele>
      </trkpt>
      <trkpt lat="42.839457169175148" lon="-1.59107674844563">
        <ele>466.56</ele>
      </trkpt>
      <trkpt lat="42.839379804208875" lon="-1.591297779232264">
        <ele>467.91000000000003</ele>
      </trkpt>
      <trkpt lat="42.839302523061633" lon="-1.591518726199865">
        <ele>469.29000000000002</ele>
      </trkpt>
      <trkpt lat="42.83922515809536" lon="-1.591739756986499">
        <ele>470.68000000000001</ele>
      </trkpt>
      <trkpt lat="42.83919095993042" lon="-1.591837406158447">
        <ele>471.19999999999999</ele>
      </trkpt>
      <trkpt lat="42.839148044586182" lon="-1.591923236846924">
        <ele>471.87</ele>
      </trkpt>
      <trkpt lat="42.839105129241943" lon="-1.59203052520752">
        <ele>472.56</ele>
      </trkpt>
      <trkpt lat="42.839079732075334" lon="-1.592102609574795">
        <ele>472.94999999999999</ele>
      </trkpt>
      <trkpt lat="42.839001780375838" lon="-1.59232322126627">
        <ele>474.31999999999999</ele>
      </trkpt>
      <trkpt lat="42.838976383209229" lon="-1.592395305633545">
        <ele>474.64999999999998</ele>
      </trkpt>
      <trkpt lat="42.83896816894412" lon="-1.592421876266599">
        <ele>474.81</ele>
      </trkpt>
      <trkpt lat="42.83889876678586" lon="-1.59264768473804">
        <ele>475.94</ele>
      </trkpt>
      <trkpt lat="42.838890552520752" lon="-1.592674255371094">
        <ele>476.00999999999999</ele>
      </trkpt>
      <trkpt lat="42.838889211416245" lon="-1.592679703608155">
        <ele>476.00999999999999</ele>
      </trkpt>
      <trkpt lat="42.838832885026932" lon="-1.592912133783102">
        <ele>477.18000000000001</ele>
      </trkpt>
      <trkpt lat="42.838776558637619" lon="-1.593144480139017">
        <ele>478.01999999999998</ele>
      </trkpt>
      <trkpt lat="42.838720232248306" lon="-1.593376910313964">
        <ele>478.76999999999998</ele>
      </trkpt>
      <trkpt lat="42.838718891143799" lon="-1.593382358551025">
        <ele>478.76999999999998</ele>
      </trkpt>
      <trkpt lat="42.838707743212581" lon="-1.593444971367717">
        <ele>479</ele>
      </trkpt>
      <trkpt lat="42.838665246963501" lon="-1.593682765960693">
        <ele>479.60000000000002</ele>
      </trkpt>
      <trkpt lat="42.838622750714421" lon="-1.59392056055367">
        <ele>480.25999999999999</ele>
      </trkpt>
      <trkpt lat="42.838611602783203" lon="-1.593983173370361">
        <ele>480.68000000000001</ele>
      </trkpt>
      <trkpt lat="42.838608166202903" lon="-1.594029357656837">
        <ele>480.48000000000002</ele>
      </trkpt>
      <trkpt lat="42.838590145111084" lon="-1.59427285194397">
        <ele>480.77999999999997</ele>
      </trkpt>
      <trkpt lat="42.838572124019265" lon="-1.594516346231103">
        <ele>481.00999999999999</ele>
      </trkpt>
      <trkpt lat="42.838568687438965" lon="-1.594562530517578">
        <ele>481.01999999999998</ele>
      </trkpt>
      <trkpt lat="42.838568687438965" lon="-1.594661185517907">
        <ele>481.04000000000002</ele>
      </trkpt>
      <trkpt lat="42.838568687438965" lon="-1.594905853271484">
        <ele>481.19</ele>
      </trkpt>
      <trkpt lat="42.838568687438965" lon="-1.595150521025062">
        <ele>481.06</ele>
      </trkpt>
      <trkpt lat="42.838568687438965" lon="-1.595249176025391">
        <ele>481.01999999999998</ele>
      </trkpt>
      <trkpt lat="42.838575812056661" lon="-1.595317991450429">
        <ele>480.88</ele>
      </trkpt>
      <trkpt lat="42.838600873947144" lon="-1.595560312271118">
        <ele>482.18000000000001</ele>
      </trkpt>
      <trkpt lat="42.838625935837626" lon="-1.595802633091807">
        <ele>480.16000000000003</ele>
      </trkpt>
      <trkpt lat="42.838633060455322" lon="-1.595871448516846">
        <ele>480.12</ele>
      </trkpt>
      <trkpt lat="42.838643789291382" lon="-1.595978401601315">
        <ele>479.83999999999997</ele>
      </trkpt>
      <trkpt lat="42.838646387681365" lon="-1.596004301682115">
        <ele>479.79000000000002</ele>
      </trkpt>
      <trkpt lat="42.838670611381531" lon="-1.596246790140867">
        <ele>479.19999999999999</ele>
      </trkpt>
      <trkpt lat="42.838694835081697" lon="-1.59648927859962">
        <ele>478.47000000000003</ele>
      </trkpt>
      <trkpt lat="42.83869743347168" lon="-1.59651517868042">
        <ele>478.39999999999998</ele>
      </trkpt>
      <trkpt lat="42.838703719899058" lon="-1.596553735435009">
        <ele>478.30000000000001</ele>
      </trkpt>
      <trkpt lat="42.838742444291711" lon="-1.59679270349443">
        <ele>477.38999999999999</ele>
      </trkpt>
      <trkpt lat="42.838781168684363" lon="-1.597031587734819">
        <ele>476.39999999999998</ele>
      </trkpt>
      <trkpt lat="42.838819893077016" lon="-1.597270555794239">
        <ele>475.22000000000003</ele>
      </trkpt>
      <trkpt lat="42.838826179504395" lon="-1.597309112548828">
        <ele>475.06</ele>
      </trkpt>
      <trkpt lat="42.83882643096149" lon="-1.597311459481716">
        <ele>475.06</ele>
      </trkpt>
      <trkpt lat="42.838854845613241" lon="-1.597553109750152">
        <ele>473.79000000000002</ele>
      </trkpt>
      <trkpt lat="42.838883344084024" lon="-1.597794676199555">
        <ele>472.42000000000002</ele>
      </trkpt>
      <trkpt lat="42.838911758735776" lon="-1.598036326467991">
        <ele>470.93000000000001</ele>
      </trkpt>
      <trkpt lat="42.838912010192871" lon="-1.598038673400879">
        <ele>470.93000000000001</ele>
      </trkpt>
      <trkpt lat="42.83893346786499" lon="-1.598167419433594">
        <ele>470.14999999999998</ele>
      </trkpt>
      <trkpt lat="42.838936150074005" lon="-1.598219722509384">
        <ele>469.89999999999998</ele>
      </trkpt>
      <trkpt lat="42.838948639109731" lon="-1.598463803529739">
        <ele>468.44999999999999</ele>
      </trkpt>
      <trkpt lat="42.838961211964488" lon="-1.598707884550095">
        <ele>467.04000000000002</ele>
      </trkpt>
      <trkpt lat="42.838973701000214" lon="-1.59895196557045">
        <ele>465.63</ele>
      </trkpt>
      <trkpt lat="42.838976383209229" lon="-1.59900426864624">
        <ele>465.32999999999998</ele>
      </trkpt>
      <trkpt lat="42.838976969942451" lon="-1.59901742823422">
        <ele>465.32999999999998</ele>
      </trkpt>
      <trkpt lat="42.838987112045288" lon="-1.59926176071167">
        <ele>464.00999999999999</ele>
      </trkpt>
      <trkpt lat="42.838997254148126" lon="-1.59950609318912">
        <ele>462.60000000000002</ele>
      </trkpt>
      <trkpt lat="42.838997840881348" lon="-1.5995192527771">
        <ele>462.45999999999998</ele>
      </trkpt>
      <trkpt lat="42.83899649977684" lon="-1.599553870037198">
        <ele>462.35000000000002</ele>
      </trkpt>
      <trkpt lat="42.838987112045288" lon="-1.599798202514648">
        <ele>460.86000000000001</ele>
      </trkpt>
      <trkpt lat="42.838977724313736" lon="-1.600042534992099">
        <ele>459.50999999999999</ele>
      </trkpt>
      <trkpt lat="42.838976383209229" lon="-1.600077152252197">
        <ele>459.26999999999998</ele>
      </trkpt>
      <trkpt lat="42.838967330753803" lon="-1.600174382328987">
        <ele>458.62</ele>
      </trkpt>
      <trkpt lat="42.838944783434272" lon="-1.600417122244835">
        <ele>457.36000000000001</ele>
      </trkpt>
      <trkpt lat="42.838922152295709" lon="-1.600659862160683">
        <ele>455.93000000000001</ele>
      </trkpt>
      <trkpt lat="42.838899604976177" lon="-1.600902602076531">
        <ele>454.55000000000001</ele>
      </trkpt>
      <trkpt lat="42.838890552520752" lon="-1.60099983215332">
        <ele>453.93000000000001</ele>
      </trkpt>
      <trkpt lat="42.838880158960819" lon="-1.601077616214752">
        <ele>453.56999999999999</ele>
      </trkpt>
      <trkpt lat="42.838847888633609" lon="-1.601318344473839">
        <ele>452.14999999999998</ele>
      </trkpt>
      <trkpt lat="42.838815618306398" lon="-1.601559072732925">
        <ele>450.73000000000002</ele>
      </trkpt>
      <trkpt lat="42.838783347979188" lon="-1.601799800992012">
        <ele>449.31</ele>
      </trkpt>
      <trkpt lat="42.838751077651978" lon="-1.602040529251099">
        <ele>447.85000000000002</ele>
      </trkpt>
      <trkpt lat="42.838718807324767" lon="-1.602281257510185">
        <ele>446.61000000000001</ele>
      </trkpt>
      <trkpt lat="42.838686536997557" lon="-1.602521985769272">
        <ele>445.19999999999999</ele>
      </trkpt>
      <trkpt lat="42.838654266670346" lon="-1.602762714028359">
        <ele>443.93000000000001</ele>
      </trkpt>
      <trkpt lat="42.838621996343136" lon="-1.603003442287445">
        <ele>442.76999999999998</ele>
      </trkpt>
      <trkpt lat="42.838611602783203" lon="-1.603081226348877">
        <ele>442.48000000000002</ele>
      </trkpt>
      <trkpt lat="42.838607495650649" lon="-1.60313461907208">
        <ele>442.24000000000001</ele>
      </trkpt>
      <trkpt lat="42.838588804006577" lon="-1.603377945721149">
        <ele>441.22000000000003</ele>
      </trkpt>
      <trkpt lat="42.838570028543472" lon="-1.603621356189251">
        <ele>440.38</ele>
      </trkpt>
      <trkpt lat="42.8385513368994" lon="-1.603864682838321">
        <ele>439.72000000000003</ele>
      </trkpt>
      <trkpt lat="42.838547229766846" lon="-1.603918075561523">
        <ele>439.58999999999997</ele>
      </trkpt>
      <trkpt lat="42.838546643033624" lon="-1.603939533233643">
        <ele>439.47000000000003</ele>
      </trkpt>
      <trkpt lat="42.838540188968182" lon="-1.604184033349156">
        <ele>438.86000000000001</ele>
      </trkpt>
      <trkpt lat="42.83853373490274" lon="-1.604428617283702">
        <ele>438.38999999999999</ele>
      </trkpt>
      <trkpt lat="42.838527280837297" lon="-1.604673117399216">
        <ele>438.12</ele>
      </trkpt>
      <trkpt lat="42.838526694104075" lon="-1.604694575071335">
        <ele>438.08999999999997</ele>
      </trkpt>
      <trkpt lat="42.8385288733989" lon="-1.604759283363819">
        <ele>437.97000000000003</ele>
      </trkpt>
      <trkpt lat="42.838537003844976" lon="-1.605003699660301">
        <ele>437.80000000000001</ele>
      </trkpt>
      <trkpt lat="42.838545050472021" lon="-1.605248115956783">
        <ele>437.72000000000003</ele>
      </trkpt>
      <trkpt lat="42.838547229766846" lon="-1.605312824249268">
        <ele>437.72000000000003</ele>
      </trkpt>
      <trkpt lat="42.838547816500068" lon="-1.605325983837247">
        <ele>437.73000000000002</ele>
      </trkpt>
      <trkpt lat="42.838557958602905" lon="-1.605570316314697">
        <ele>437.94999999999999</ele>
      </trkpt>
      <trkpt lat="42.838568100705743" lon="-1.605814648792148">
        <ele>438.01999999999998</ele>
      </trkpt>
      <trkpt lat="42.838568687438965" lon="-1.605827808380127">
        <ele>438.01999999999998</ele>
      </trkpt>
      <trkpt lat="42.838579164817929" lon="-1.605916069820523">
        <ele>438.77999999999997</ele>
      </trkpt>
      <trkpt lat="42.838607914745808" lon="-1.606157636269927">
        <ele>438.31999999999999</ele>
      </trkpt>
      <trkpt lat="42.838636748492718" lon="-1.606399202719331">
        <ele>438.75</ele>
      </trkpt>
      <trkpt lat="42.838665498420596" lon="-1.606640769168735">
        <ele>438.62</ele>
      </trkpt>
      <trkpt lat="42.838675975799561" lon="-1.606729030609131">
        <ele>442.39999999999998</ele>
      </trkpt>
      <trkpt lat="42.83869307488203" lon="-1.606837240979075">
        <ele>431.51999999999998</ele>
      </trkpt>
      <trkpt lat="42.838730877265334" lon="-1.607076460495591">
        <ele>433.13</ele>
      </trkpt>
      <trkpt lat="42.838768595829606" lon="-1.607315763831139">
        <ele>439.80000000000001</ele>
      </trkpt>
      <trkpt lat="42.838785694912076" lon="-1.607423974201083">
        <ele>440.49000000000001</ele>
      </trkpt>
      <trkpt lat="42.838804721832275" lon="-1.607544422149658">
        <ele>440.17000000000002</ele>
      </trkpt>
      <trkpt lat="42.838831627741456" lon="-1.607602005824447">
        <ele>440.18000000000001</ele>
      </trkpt>
      <trkpt lat="42.838928019627929" lon="-1.607808703556657">
        <ele>440.36000000000001</ele>
      </trkpt>
      <trkpt lat="42.838954925537109" lon="-1.607866287231445">
        <ele>440.51999999999998</ele>
      </trkpt>
      <trkpt lat="42.838984597474337" lon="-1.607908783480525">
        <ele>440.54000000000002</ele>
      </trkpt>
      <trkpt lat="42.839105129241943" lon="-1.608080863952637">
        <ele>440.85000000000002</ele>
      </trkpt>
      <trkpt lat="42.839212417602539" lon="-1.608145236968994">
        <ele>440.92000000000002</ele>
      </trkpt>
      <trkpt lat="42.839276790618896" lon="-1.608209609985352">
        <ele>441.01999999999998</ele>
      </trkpt>
      <trkpt lat="42.839298248291016" lon="-1.608295440673828">
        <ele>441.14999999999998</ele>
      </trkpt>
      <trkpt lat="42.839345103129745" lon="-1.608365681022406">
        <ele>441.20999999999998</ele>
      </trkpt>
      <trkpt lat="42.839465970173478" lon="-1.608547065407038">
        <ele>441.08999999999997</ele>
      </trkpt>
      <trkpt lat="42.839512825012207" lon="-1.608617305755615">
        <ele>441</ele>
      </trkpt>
      <trkpt lat="42.839529337361455" lon="-1.608635829761624">
        <ele>441.00999999999999</ele>
      </trkpt>
      <trkpt lat="42.839667974039912" lon="-1.608791900798678">
        <ele>440.98000000000002</ele>
      </trkpt>
      <trkpt lat="42.83968448638916" lon="-1.608810424804688">
        <ele>441</ele>
      </trkpt>
      <trkpt lat="42.839736370369792" lon="-1.60885845310986">
        <ele>441.01999999999998</ele>
      </trkpt>
      <trkpt lat="42.839775430038571" lon="-1.608894495293498">
        <ele>441.07999999999998</ele>
      </trkpt>
      <trkpt lat="42.83992437645793" lon="-1.60903187468648">
        <ele>441.17000000000002</ele>
      </trkpt>
      <trkpt lat="42.839963436126709" lon="-1.609067916870117">
        <ele>441.14999999999998</ele>
      </trkpt>
      <trkpt lat="42.840033676475286" lon="-1.609116364270449">
        <ele>441.19999999999999</ele>
      </trkpt>
      <trkpt lat="42.840194273740053" lon="-1.609227089211345">
        <ele>441.27999999999997</ele>
      </trkpt>
      <trkpt lat="42.84035487100482" lon="-1.609337897971273">
        <ele>441.35000000000002</ele>
      </trkpt>
      <trkpt lat="42.840515468269587" lon="-1.609448622912169">
        <ele>441.49000000000001</ele>
      </trkpt>
      <trkpt lat="42.840585708618164" lon="-1.6094970703125">
        <ele>441.60000000000002</ele>
      </trkpt>
      <trkpt lat="42.840602220967412" lon="-1.60950930789113">
        <ele>441.56999999999999</ele>
      </trkpt>
      <trkpt lat="42.840760219842196" lon="-1.6096265707165">
        <ele>441.64999999999998</ele>
      </trkpt>
      <trkpt lat="42.840918302536011" lon="-1.60974383354187">
        <ele>441.80000000000001</ele>
      </trkpt>
      <trkpt lat="42.841076385229826" lon="-1.60986109636724">
        <ele>441.88999999999999</ele>
      </trkpt>
      <trkpt lat="42.841234384104609" lon="-1.60997835919261">
        <ele>442.02999999999997</ele>
      </trkpt>
      <trkpt lat="42.841250896453857" lon="-1.60999059677124">
        <ele>442.06</ele>
      </trkpt>
      <trkpt lat="42.841358184814453" lon="-1.610054969787598">
        <ele>442.07999999999998</ele>
      </trkpt>
      <trkpt lat="42.841465473175049" lon="-1.610140800476074">
        <ele>442.23000000000002</ele>
      </trkpt>
      <trkpt lat="42.841551303863525" lon="-1.610205173492432">
        <ele>442.32999999999998</ele>
      </trkpt>
      <trkpt lat="42.841585418209434" lon="-1.610229816287756">
        <ele>442.37</ele>
      </trkpt>
      <trkpt lat="42.841744422912598" lon="-1.610344648361206">
        <ele>442.58999999999997</ele>
      </trkpt>
      <trkpt lat="42.841903427615762" lon="-1.610459480434656">
        <ele>442.75999999999999</ele>
      </trkpt>
      <trkpt lat="42.84193754196167" lon="-1.610484123229981">
        <ele>442.80000000000001</ele>
      </trkpt>
      <trkpt lat="42.841974087059498" lon="-1.610510693863034">
        <ele>442.85000000000002</ele>
      </trkpt>
      <trkpt lat="42.842132840305567" lon="-1.610626112669706">
        <ele>443.07999999999998</ele>
      </trkpt>
      <trkpt lat="42.842291593551636" lon="-1.61074161529541">
        <ele>443.42000000000002</ele>
      </trkpt>
      <trkpt lat="42.842450346797705" lon="-1.610857117921114">
        <ele>443.39999999999998</ele>
      </trkpt>
      <trkpt lat="42.842609100043774" lon="-1.610972536727786">
        <ele>443.52999999999997</ele>
      </trkpt>
      <trkpt lat="42.842645645141602" lon="-1.61099910736084">
        <ele>443.57999999999998</ele>
      </trkpt>
      <trkpt lat="42.842669701203704" lon="-1.611023163422942">
        <ele>443.54000000000002</ele>
      </trkpt>
      <trkpt lat="42.842814708128572" lon="-1.61116817034781">
        <ele>443.42000000000002</ele>
      </trkpt>
      <trkpt lat="42.842838764190674" lon="-1.611192226409912">
        <ele>443.39999999999998</ele>
      </trkpt>
      <trkpt lat="42.842854941263795" lon="-1.611217707395554">
        <ele>443.38999999999999</ele>
      </trkpt>
      <trkpt lat="42.842972790822387" lon="-1.611402779817581">
        <ele>443.24000000000001</ele>
      </trkpt>
      <trkpt lat="42.842988967895508" lon="-1.611428260803223">
        <ele>443.24000000000001</ele>
      </trkpt>
      <trkpt lat="42.843005480244756" lon="-1.611464051529765">
        <ele>443.14999999999998</ele>
      </trkpt>
      <trkpt lat="42.843101201578975" lon="-1.611671419814229">
        <ele>443.06</ele>
      </trkpt>
      <trkpt lat="42.843117713928223" lon="-1.611707210540772">
        <ele>443.02999999999997</ele>
      </trkpt>
      <trkpt lat="42.843122994527221" lon="-1.611729925498366">
        <ele>442.93000000000001</ele>
      </trkpt>
      <trkpt lat="42.843176806345582" lon="-1.611963445320725">
        <ele>442.72000000000003</ele>
      </trkpt>
      <trkpt lat="42.84318208694458" lon="-1.61198616027832">
        <ele>442.63</ele>
      </trkpt>
      <trkpt lat="42.843234054744244" lon="-1.612194031476975">
        <ele>442.36000000000001</ele>
      </trkpt>
      <trkpt lat="42.84325635060668" lon="-1.612283298745751">
        <ele>442.26999999999998</ele>
      </trkpt>
      <trkpt lat="42.843314269557595" lon="-1.612514974549413">
        <ele>441.94999999999999</ele>
      </trkpt>
      <trkpt lat="42.843372188508511" lon="-1.612746734172106">
        <ele>441.61000000000001</ele>
      </trkpt>
      <trkpt lat="42.843430191278458" lon="-1.612978409975767">
        <ele>441.26999999999998</ele>
      </trkpt>
      <trkpt lat="42.843488110229373" lon="-1.61321016959846">
        <ele>441</ele>
      </trkpt>
      <trkpt lat="42.843546029180288" lon="-1.613441845402122">
        <ele>440.91000000000003</ele>
      </trkpt>
      <trkpt lat="42.843568325042725" lon="-1.613531112670898">
        <ele>440.95999999999998</ele>
      </trkpt>
      <trkpt lat="42.843599170446396" lon="-1.613620631396771">
        <ele>440.88</ele>
      </trkpt>
      <trkpt lat="42.84367561340332" lon="-1.613842248916626">
        <ele>435.44999999999999</ele>
      </trkpt>
      <trkpt lat="42.843752056360245" lon="-1.614063866436482">
        <ele>434.92000000000002</ele>
      </trkpt>
      <trkpt lat="42.843782901763916" lon="-1.614153385162354">
        <ele>435.94</ele>
      </trkpt>
      <trkpt lat="42.843783739954233" lon="-1.614155815914273">
        <ele>435.94</ele>
      </trkpt>
      <trkpt lat="42.843858003616333" lon="-1.614378690719605">
        <ele>440.62</ele>
      </trkpt>
      <trkpt lat="42.843932267278433" lon="-1.614601565524936">
        <ele>440.31999999999999</ele>
      </trkpt>
      <trkpt lat="42.84393310546875" lon="-1.614603996276856">
        <ele>440.31999999999999</ele>
      </trkpt>
      <trkpt lat="42.843968644738197" lon="-1.614697622135282">
        <ele>440.19999999999999</ele>
      </trkpt>
      <trkpt lat="42.844051122665405" lon="-1.614915132522583">
        <ele>439.89999999999998</ele>
      </trkpt>
      <trkpt lat="42.844133600592613" lon="-1.615132642909885">
        <ele>439.72000000000003</ele>
      </trkpt>
      <trkpt lat="42.844169139862061" lon="-1.615226268768311">
        <ele>439.64999999999998</ele>
      </trkpt>
      <trkpt lat="42.844254970550537" lon="-1.615440845489502">
        <ele>439.64999999999998</ele>
      </trkpt>
      <trkpt lat="42.844269052147865" lon="-1.615481078624725">
        <ele>439.60000000000002</ele>
      </trkpt>
      <trkpt lat="42.844346584752202" lon="-1.615702025592327">
        <ele>439.63999999999999</ele>
      </trkpt>
      <trkpt lat="42.844424033537507" lon="-1.615922888740897">
        <ele>439.68000000000001</ele>
      </trkpt>
      <trkpt lat="42.844501482322812" lon="-1.616143835708499">
        <ele>439.77999999999997</ele>
      </trkpt>
      <trkpt lat="42.844578931108117" lon="-1.616364698857069">
        <ele>439.88999999999999</ele>
      </trkpt>
      <trkpt lat="42.844656463712454" lon="-1.616585645824671">
        <ele>440.17000000000002</ele>
      </trkpt>
      <trkpt lat="42.844670545309782" lon="-1.616625878959894">
        <ele>440.27999999999997</ele>
      </trkpt>
      <trkpt lat="42.844674987718463" lon="-1.616638535633683">
        <ele>440.33999999999997</ele>
      </trkpt>
      <trkpt lat="42.844752436503768" lon="-1.616859482601285">
        <ele>440.63</ele>
      </trkpt>
      <trkpt lat="42.844829885289073" lon="-1.617080429568887">
        <ele>440.98000000000002</ele>
      </trkpt>
      <trkpt lat="42.844834327697754" lon="-1.617093086242676">
        <ele>440.98000000000002</ele>
      </trkpt>
      <trkpt lat="42.844862993806601" lon="-1.617173301056027">
        <ele>441.12</ele>
      </trkpt>
      <trkpt lat="42.84494161605835" lon="-1.617393493652344">
        <ele>441.44999999999999</ele>
      </trkpt>
      <trkpt lat="42.845020238310099" lon="-1.61761368624866">
        <ele>441.77999999999997</ele>
      </trkpt>
      <trkpt lat="42.845048904418945" lon="-1.617693901062012">
        <ele>442.75</ele>
      </trkpt>
      <trkpt lat="42.84509165212512" lon="-1.617800770327449">
        <ele>442.02999999999997</ele>
      </trkpt>
      <trkpt lat="42.84517765045166" lon="-1.618015766143799">
        <ele>442.23000000000002</ele>
      </trkpt>
      <trkpt lat="42.8452636487782" lon="-1.618230761960149">
        <ele>442.55000000000001</ele>
      </trkpt>
      <trkpt lat="42.845306396484375" lon="-1.618337631225586">
        <ele>442.77999999999997</ele>
      </trkpt>
      <trkpt lat="42.845370769500732" lon="-1.61848783493042">
        <ele>443.02999999999997</ele>
      </trkpt>
      <trkpt lat="42.845392227172852" lon="-1.618530750274658">
        <ele>443.08999999999997</ele>
      </trkpt>
      <trkpt lat="42.845410332083702" lon="-1.618575006723404">
        <ele>443.17000000000002</ele>
      </trkpt>
      <trkpt lat="42.845497839152813" lon="-1.618788912892342">
        <ele>443.58999999999997</ele>
      </trkpt>
      <trkpt lat="42.845585346221924" lon="-1.619002819061279">
        <ele>443.95999999999998</ele>
      </trkpt>
      <trkpt lat="42.845672853291035" lon="-1.619216725230217">
        <ele>444.44</ele>
      </trkpt>
      <trkpt lat="42.845760360360146" lon="-1.619430631399155">
        <ele>444.83999999999997</ele>
      </trkpt>
      <trkpt lat="42.845778465270996" lon="-1.6194748878479">
        <ele>444.87</ele>
      </trkpt>
      <trkpt lat="42.84580604173243" lon="-1.619529956951737">
        <ele>444.93000000000001</ele>
      </trkpt>
      <trkpt lat="42.845907211303711" lon="-1.61973237991333">
        <ele>445.29000000000002</ele>
      </trkpt>
      <trkpt lat="42.846008380874991" lon="-1.619934802874923">
        <ele>445.56</ele>
      </trkpt>
      <trkpt lat="42.846035957336426" lon="-1.61998987197876">
        <ele>445.66000000000003</ele>
      </trkpt>
      <trkpt lat="42.846113322302699" lon="-1.620031110942364">
        <ele>445.67000000000002</ele>
      </trkpt>
      <trkpt lat="42.846169983968139" lon="-1.620107972994447">
        <ele>445.81</ele>
      </trkpt>
      <trkpt lat="42.846251707524061" lon="-1.620125072076917">
        <ele>445.89999999999998</ele>
      </trkpt>
      <trkpt lat="42.846295712515712" lon="-1.620133621618152">
        <ele>445.89999999999998</ele>
      </trkpt>
      <trkpt lat="42.846333431079984" lon="-1.620193468406797">
        <ele>445.92000000000002</ele>
      </trkpt>
      <trkpt lat="42.846377436071634" lon="-1.620330177247524">
        <ele>445.99000000000001</ele>
      </trkpt>
      <trkpt lat="42.846465110778809" lon="-1.620504856109619">
        <ele>445.98000000000002</ele>
      </trkpt>
      <trkpt lat="42.846508026123047" lon="-1.620569229125977">
        <ele>446.06999999999999</ele>
      </trkpt>
      <trkpt lat="42.846572985872626" lon="-1.620629243552685">
        <ele>446.07999999999998</ele>
      </trkpt>
      <trkpt lat="42.846722016111016" lon="-1.620766706764698">
        <ele>446.04000000000002</ele>
      </trkpt>
      <trkpt lat="42.846786975860596" lon="-1.620826721191406">
        <ele>446.16000000000003</ele>
      </trkpt>
      <trkpt lat="42.846825448796153" lon="-1.620858991518617">
        <ele>446.12</ele>
      </trkpt>
      <trkpt lat="42.846978586167097" lon="-1.6209876537323">
        <ele>446.24000000000001</ele>
      </trkpt>
      <trkpt lat="42.847131807357073" lon="-1.621116399765015">
        <ele>446.41000000000003</ele>
      </trkpt>
      <trkpt lat="42.847284944728017" lon="-1.621245061978698">
        <ele>446.62</ele>
      </trkpt>
      <trkpt lat="42.847323417663574" lon="-1.621277332305908">
        <ele>446.64999999999998</ele>
      </trkpt>
      <trkpt lat="42.847398519515991" lon="-1.621328545734286">
        <ele>446.82999999999998</ele>
      </trkpt>
      <trkpt lat="42.847559452056885" lon="-1.621438264846802">
        <ele>447.07999999999998</ele>
      </trkpt>
      <trkpt lat="42.847720384597778" lon="-1.621547983959317">
        <ele>447.33999999999997</ele>
      </trkpt>
      <trkpt lat="42.847795486450195" lon="-1.621599197387695">
        <ele>447.45999999999998</ele>
      </trkpt>
      <trkpt lat="42.847862709313631" lon="-1.621637586504221">
        <ele>447.62</ele>
      </trkpt>
      <trkpt lat="42.848028670996428" lon="-1.621732469648123">
        <ele>447.82999999999998</ele>
      </trkpt>
      <trkpt lat="42.848095893859863" lon="-1.621770858764648">
        <ele>447.87</ele>
      </trkpt>
      <trkpt lat="42.848128834739327" lon="-1.621785527095199">
        <ele>447.97000000000003</ele>
      </trkpt>
      <trkpt lat="42.84829999320209" lon="-1.621861550956965">
        <ele>448.22000000000003</ele>
      </trkpt>
      <trkpt lat="42.848471151664853" lon="-1.621937658637762">
        <ele>448.52999999999997</ele>
      </trkpt>
      <trkpt lat="42.848642310127616" lon="-1.622013682499528">
        <ele>448.87</ele>
      </trkpt>
      <trkpt lat="42.84867525100708" lon="-1.622028350830078">
        <ele>448.88</ele>
      </trkpt>
      <trkpt lat="42.848708191886544" lon="-1.622038912028074">
        <ele>448.92000000000002</ele>
      </trkpt>
      <trkpt lat="42.848883457481861" lon="-1.622095154598355">
        <ele>449.13</ele>
      </trkpt>
      <trkpt lat="42.849058723077178" lon="-1.622151480987668">
        <ele>449.44999999999999</ele>
      </trkpt>
      <trkpt lat="42.849091663956642" lon="-1.622162042185664">
        <ele>449.54000000000002</ele>
      </trkpt>
      <trkpt lat="42.849101554602385" lon="-1.622165227308869">
        <ele>449.55000000000001</ele>
      </trkpt>
      <trkpt lat="42.849276820197701" lon="-1.622221386060119">
        <ele>449.89999999999998</ele>
      </trkpt>
      <trkpt lat="42.849452085793018" lon="-1.622277544811368">
        <ele>450.29000000000002</ele>
      </trkpt>
      <trkpt lat="42.849627351388335" lon="-1.622333787381649">
        <ele>450.67000000000002</ele>
      </trkpt>
      <trkpt lat="42.849802616983652" lon="-1.622389946132898">
        <ele>450.88</ele>
      </trkpt>
      <trkpt lat="42.849812507629395" lon="-1.622393131256104">
        <ele>450.88</ele>
      </trkpt>
      <trkpt lat="42.849834384396672" lon="-1.622399752959609">
        <ele>450.88</ele>
      </trkpt>
      <trkpt lat="42.850010152906179" lon="-1.622452894225717">
        <ele>451.11000000000001</ele>
      </trkpt>
      <trkpt lat="42.850185921415687" lon="-1.622506035491824">
        <ele>451.30000000000001</ele>
      </trkpt>
      <trkpt lat="42.850361773744226" lon="-1.622559176757932">
        <ele>451.25</ele>
      </trkpt>
      <trkpt lat="42.850537542253733" lon="-1.622612318024039">
        <ele>450.91000000000003</ele>
      </trkpt>
      <trkpt lat="42.85071331076324" lon="-1.622665459290147">
        <ele>450.25</ele>
      </trkpt>
      <trkpt lat="42.850735187530518" lon="-1.622672080993652">
        <ele>450.14999999999998</ele>
      </trkpt>
      <trkpt lat="42.850778102874756" lon="-1.622672080993652">
        <ele>450.06</ele>
      </trkpt>
      <trkpt lat="42.850837362930179" lon="-1.622713068500161">
        <ele>449.95999999999998</ele>
      </trkpt>
      <trkpt lat="42.850997792556882" lon="-1.622824212536216">
        <ele>450.06</ele>
      </trkpt>
      <trkpt lat="42.851057052612305" lon="-1.622865200042725">
        <ele>449.91000000000003</ele>
      </trkpt>
      <trkpt lat="42.851135674864054" lon="-1.622824128717184">
        <ele>450.00999999999999</ele>
      </trkpt>
      <trkpt lat="42.851303815841675" lon="-1.62273645401001">
        <ele>450.30000000000001</ele>
      </trkpt>
      <trkpt lat="42.851471956819296" lon="-1.622648779302836">
        <ele>450.67000000000002</ele>
      </trkpt>
      <trkpt lat="42.851550579071045" lon="-1.622607707977295">
        <ele>450.72000000000003</ele>
      </trkpt>
      <trkpt lat="42.851611264050007" lon="-1.6225884296">
        <ele>450.87</ele>
      </trkpt>
      <trkpt lat="42.851786613464355" lon="-1.622532606124878">
        <ele>451.11000000000001</ele>
      </trkpt>
      <trkpt lat="42.851961962878704" lon="-1.622476782649756">
        <ele>451.45999999999998</ele>
      </trkpt>
      <trkpt lat="42.852022647857666" lon="-1.622457504272461">
        <ele>451.57999999999998</ele>
      </trkpt>
      <trkpt lat="42.852022647857666" lon="-1.622457504272461">
        <ele>451.57999999999998</ele>
      </trkpt>
      <trkpt lat="42.852053660899401" lon="-1.622446188703179">
        <ele>451.63999999999999</ele>
      </trkpt>
      <trkpt lat="42.852227669209242" lon="-1.622382989153266">
        <ele>451.88</ele>
      </trkpt>
      <trkpt lat="42.852258682250977" lon="-1.622371673583984">
        <ele>451.94999999999999</ele>
      </trkpt>
      <trkpt lat="42.852311404421926" lon="-1.622349880635738">
        <ele>452.06999999999999</ele>
      </trkpt>
      <trkpt lat="42.852483652532101" lon="-1.622278550639749">
        <ele>452.38</ele>
      </trkpt>
      <trkpt lat="42.852655984461308" lon="-1.622207304462791">
        <ele>452.51999999999998</ele>
      </trkpt>
      <trkpt lat="42.852828232571483" lon="-1.622135974466801">
        <ele>452.94999999999999</ele>
      </trkpt>
      <trkpt lat="42.852880954742432" lon="-1.622114181518555">
        <ele>453.02999999999997</ele>
      </trkpt>
      <trkpt lat="42.852913560345769" lon="-1.622099345549941">
        <ele>453.02999999999997</ele>
      </trkpt>
      <trkpt lat="42.853084383532405" lon="-1.622021729126573">
        <ele>453.39999999999998</ele>
      </trkpt>
      <trkpt lat="42.853116989135742" lon="-1.622006893157959">
        <ele>453.60000000000002</ele>
      </trkpt>
      <trkpt lat="42.853245735168457" lon="-1.621899604797363">
        <ele>453.63</ele>
      </trkpt>
      <trkpt lat="42.853302648290992" lon="-1.62185694091022">
        <ele>453.73000000000002</ele>
      </trkpt>
      <trkpt lat="42.853460311889648" lon="-1.62173867225647">
        <ele>453.98000000000002</ele>
      </trkpt>
      <trkpt lat="42.853617975488305" lon="-1.621620403602719">
        <ele>454.26999999999998</ele>
      </trkpt>
      <trkpt lat="42.85367488861084" lon="-1.621577739715576">
        <ele>454.44999999999999</ele>
      </trkpt>
      <trkpt lat="42.853717803955078" lon="-1.621534824371338">
        <ele>454.56</ele>
      </trkpt>
      <trkpt lat="42.85373498685658" lon="-1.621507499366999">
        <ele>454.54000000000002</ele>
      </trkpt>
      <trkpt lat="42.853851914405823" lon="-1.621321337297559">
        <ele>454.69999999999999</ele>
      </trkpt>
      <trkpt lat="42.853968758136034" lon="-1.621135091409087">
        <ele>455.05000000000001</ele>
      </trkpt>
      <trkpt lat="42.853985941037536" lon="-1.621107766404748">
        <ele>455.12</ele>
      </trkpt>
      <trkpt lat="42.854155758395791" lon="-1.621167613193393">
        <ele>455.23000000000002</ele>
      </trkpt>
      <trkpt lat="42.854182664304972" lon="-1.621202481910586">
        <ele>455.23000000000002</ele>
      </trkpt>
      <trkpt lat="42.854313170537353" lon="-1.621371209621429">
        <ele>454.80000000000001</ele>
      </trkpt>
      <trkpt lat="42.854340076446533" lon="-1.621406078338623">
        <ele>454.63</ele>
      </trkpt>
      <trkpt lat="42.854342255741358" lon="-1.62140884436667">
        <ele>454.63</ele>
      </trkpt>
      <trkpt lat="42.854474438354373" lon="-1.621575141325593">
        <ele>453.64999999999998</ele>
      </trkpt>
      <trkpt lat="42.854606620967388" lon="-1.621741354465485">
        <ele>452.56999999999999</ele>
      </trkpt>
      <trkpt lat="42.854738719761372" lon="-1.621907651424408">
        <ele>451.08999999999997</ele>
      </trkpt>
      <trkpt lat="42.854870902374387" lon="-1.6220738645643">
        <ele>449.44</ele>
      </trkpt>
      <trkpt lat="42.855003084987402" lon="-1.622240161523223">
        <ele>448.95999999999998</ele>
      </trkpt>
      <trkpt lat="42.855005264282227" lon="-1.62224292755127">
        <ele>448.93000000000001</ele>
      </trkpt>
      <trkpt lat="42.855047592893243" lon="-1.622292632237077">
        <ele>448.89999999999998</ele>
      </trkpt>
      <trkpt lat="42.855183882638812" lon="-1.622452642768621">
        <ele>448.88999999999999</ele>
      </trkpt>
      <trkpt lat="42.855320172384381" lon="-1.622612569481134">
        <ele>449.13999999999999</ele>
      </trkpt>
      <trkpt lat="42.855456462129951" lon="-1.622772580012679">
        <ele>449.13</ele>
      </trkpt>
      <trkpt lat="42.855498790740967" lon="-1.622822284698486">
        <ele>449.12</ele>
      </trkpt>
      <trkpt lat="42.855504993349314" lon="-1.62282932549715">
        <ele>449.12</ele>
      </trkpt>
      <trkpt lat="42.855642791837454" lon="-1.622986905276775">
        <ele>447.80000000000001</ele>
      </trkpt>
      <trkpt lat="42.855648994445801" lon="-1.62299394607544">
        <ele>447.22000000000003</ele>
      </trkpt>
      <trkpt lat="42.855699034407735" lon="-1.623053122311831">
        <ele>443.85000000000002</ele>
      </trkpt>
      <trkpt lat="42.855834988877177" lon="-1.623213719576597">
        <ele>442.45999999999998</ele>
      </trkpt>
      <trkpt lat="42.855885028839111" lon="-1.623272895812988">
        <ele>449.52999999999997</ele>
      </trkpt>
      <trkpt lat="42.855891231447458" lon="-1.623279936611652">
        <ele>449.52999999999997</ele>
      </trkpt>
      <trkpt lat="42.856029029935598" lon="-1.623437516391277">
        <ele>450.24000000000001</ele>
      </trkpt>
      <trkpt lat="42.856035232543945" lon="-1.623444557189941">
        <ele>450.24000000000001</ele>
      </trkpt>
      <trkpt lat="42.85616397857666" lon="-1.623594760894775">
        <ele>451.10000000000002</ele>
      </trkpt>
      <trkpt lat="42.856185184791684" lon="-1.623613620176911">
        <ele>451.22000000000003</ele>
      </trkpt>
      <trkpt lat="42.856335891410708" lon="-1.623747562989593">
        <ele>452.14999999999998</ele>
      </trkpt>
      <trkpt lat="42.856357097625732" lon="-1.623766422271729">
        <ele>452.30000000000001</ele>
      </trkpt>
      <trkpt lat="42.856368245556951" lon="-1.623774385079742">
        <ele>452.36000000000001</ele>
      </trkpt>
      <trkpt lat="42.85652750171721" lon="-1.62388863041997">
        <ele>453.32999999999998</ele>
      </trkpt>
      <trkpt lat="42.856686841696501" lon="-1.624002791941166">
        <ele>454.31999999999999</ele>
      </trkpt>
      <trkpt lat="42.85684609785676" lon="-1.624117037281394">
        <ele>455.31</ele>
      </trkpt>
      <trkpt lat="42.857005354017019" lon="-1.62423119880259">
        <ele>456.24000000000001</ele>
      </trkpt>
      <trkpt lat="42.857164610177279" lon="-1.624345444142819">
        <ele>457.32999999999998</ele>
      </trkpt>
      <trkpt lat="42.857323950156569" lon="-1.624459605664015">
        <ele>458.18000000000001</ele>
      </trkpt>
      <trkpt lat="42.857483206316829" lon="-1.624573851004243">
        <ele>459.11000000000001</ele>
      </trkpt>
      <trkpt lat="42.857494354248047" lon="-1.624581813812256">
        <ele>459.11000000000001</ele>
      </trkpt>
      <trkpt lat="42.857551267370582" lon="-1.624624477699399">
        <ele>459.43000000000001</ele>
      </trkpt>
      <trkpt lat="42.857708930969238" lon="-1.624742746353149">
        <ele>460.36000000000001</ele>
      </trkpt>
      <trkpt lat="42.857866594567895" lon="-1.6248610150069">
        <ele>461.32999999999998</ele>
      </trkpt>
      <trkpt lat="42.85792350769043" lon="-1.624903678894043">
        <ele>461.67000000000002</ele>
      </trkpt>
      <trkpt lat="42.857930464670062" lon="-1.624908959493041">
        <ele>461.67000000000002</ele>
      </trkpt>
      <trkpt lat="42.85808821208775" lon="-1.62502714432776">
        <ele>462.54000000000002</ele>
      </trkpt>
      <trkpt lat="42.858095169067383" lon="-1.625032424926758">
        <ele>462.50999999999999</ele>
      </trkpt>
      <trkpt lat="42.858111597597599" lon="-1.625050948932767">
        <ele>462.63</ele>
      </trkpt>
      <trkpt lat="42.85825040191412" lon="-1.625207019969821">
        <ele>463.37</ele>
      </trkpt>
      <trkpt lat="42.858266830444336" lon="-1.62522554397583">
        <ele>463.43000000000001</ele>
      </trkpt>
      <trkpt lat="42.858294909819961" lon="-1.625271141529083">
        <ele>463.41000000000003</ele>
      </trkpt>
      <trkpt lat="42.858410412445664" lon="-1.625458896160126">
        <ele>463.91000000000003</ele>
      </trkpt>
      <trkpt lat="42.858438491821289" lon="-1.625504493713379">
        <ele>463.98000000000002</ele>
      </trkpt>
      <trkpt lat="42.858477300032973" lon="-1.62557439878583">
        <ele>464.12</ele>
      </trkpt>
      <trkpt lat="42.858504792675376" lon="-1.625623852014542">
        <ele>464.25999999999999</ele>
      </trkpt>
      <trkpt lat="42.858613254502416" lon="-1.625819150358439">
        <ele>464.69999999999999</ele>
      </trkpt>
      <trkpt lat="42.858721800148487" lon="-1.626014448702335">
        <ele>465.07999999999998</ele>
      </trkpt>
      <trkpt lat="42.858830345794559" lon="-1.626209830865264">
        <ele>465.50999999999999</ele>
      </trkpt>
      <trkpt lat="42.858938807621598" lon="-1.626405129209161">
        <ele>465.91000000000003</ele>
      </trkpt>
      <trkpt lat="42.85904735326767" lon="-1.626600511372089">
        <ele>466.41000000000003</ele>
      </trkpt>
      <trkpt lat="42.859155898913741" lon="-1.626795809715986">
        <ele>466.88999999999999</ele>
      </trkpt>
      <trkpt lat="42.859264444559813" lon="-1.626991191878915">
        <ele>467.44</ele>
      </trkpt>
      <trkpt lat="42.859372906386852" lon="-1.627186490222812">
        <ele>467.89999999999998</ele>
      </trkpt>
      <trkpt lat="42.859481452032924" lon="-1.627381788566709">
        <ele>468.38</ele>
      </trkpt>
      <trkpt lat="42.859589997678995" lon="-1.627577170729637">
        <ele>468.77999999999997</ele>
      </trkpt>
      <trkpt lat="42.859698459506035" lon="-1.627772469073534">
        <ele>469.12</ele>
      </trkpt>
      <trkpt lat="42.859725952148438" lon="-1.627821922302246">
        <ele>469.27999999999997</ele>
      </trkpt>
      <trkpt lat="42.859745481982827" lon="-1.627846397459507">
        <ele>469.38</ele>
      </trkpt>
      <trkpt lat="42.859878083691001" lon="-1.628012023866177">
        <ele>469.76999999999998</ele>
      </trkpt>
      <trkpt lat="42.859897613525391" lon="-1.628036499023438">
        <ele>469.86000000000001</ele>
      </trkpt>
      <trkpt lat="42.859964836388826" lon="-1.62810891866684">
        <ele>469.92000000000002</ele>
      </trkpt>
      <trkpt lat="42.860105987638235" lon="-1.62826088257134">
        <ele>470.13999999999999</ele>
      </trkpt>
      <trkpt lat="42.860247138887644" lon="-1.628412930294871">
        <ele>470.44999999999999</ele>
      </trkpt>
      <trkpt lat="42.860388290137053" lon="-1.628564894199371">
        <ele>470.69999999999999</ele>
      </trkpt>
      <trkpt lat="42.860455513000488" lon="-1.628637313842773">
        <ele>470.81</ele>
      </trkpt>
      <trkpt lat="42.860584259033203" lon="-1.628787517547607">
        <ele>471.13999999999999</ele>
      </trkpt>
      <trkpt lat="42.860623989254236" lon="-1.628836635500193">
        <ele>471.18000000000001</ele>
      </trkpt>
      <trkpt lat="42.860757177695632" lon="-1.629001256078482">
        <ele>471.49000000000001</ele>
      </trkpt>
      <trkpt lat="42.860890449956059" lon="-1.629165960475802">
        <ele>471.62</ele>
      </trkpt>
      <trkpt lat="42.861023638397455" lon="-1.629330664873123">
        <ele>471.94999999999999</ele>
      </trkpt>
      <trkpt lat="42.861156910657883" lon="-1.629495369270444">
        <ele>472.32999999999998</ele>
      </trkpt>
      <trkpt lat="42.861290099099278" lon="-1.629659989848733">
        <ele>472.81999999999999</ele>
      </trkpt>
      <trkpt lat="42.861423371359706" lon="-1.629824694246054">
        <ele>473.13999999999999</ele>
      </trkpt>
      <trkpt lat="42.861556559801102" lon="-1.629989398643374">
        <ele>473.88999999999999</ele>
      </trkpt>
      <trkpt lat="42.861689832061529" lon="-1.630154103040695">
        <ele>474.89999999999998</ele>
      </trkpt>
      <trkpt lat="42.861823020502925" lon="-1.630318807438016">
        <ele>475.98000000000002</ele>
      </trkpt>
      <trkpt lat="42.861956292763352" lon="-1.630483511835337">
        <ele>477</ele>
      </trkpt>
      <trkpt lat="42.862089481204748" lon="-1.630648132413626">
        <ele>477.91000000000003</ele>
      </trkpt>
      <trkpt lat="42.862129211425781" lon="-1.630697250366211">
        <ele>478.18000000000001</ele>
      </trkpt>
      <trkpt lat="42.862154105678201" lon="-1.630728011950851">
        <ele>478.43000000000001</ele>
      </trkpt>
      <trkpt lat="42.862287377938628" lon="-1.63089263252914">
        <ele>479.18000000000001</ele>
      </trkpt>
      <trkpt lat="42.862420650199056" lon="-1.631057253107429">
        <ele>480.05000000000001</ele>
      </trkpt>
      <trkpt lat="42.862445544451475" lon="-1.631088014692068">
        <ele>480.24000000000001</ele>
      </trkpt>
      <trkpt lat="42.862452249974012" lon="-1.631096312776208">
        <ele>480.24000000000001</ele>
      </trkpt>
      <trkpt lat="42.86258552223444" lon="-1.631260933354497">
        <ele>481.25999999999999</ele>
      </trkpt>
      <trkpt lat="42.862718794494867" lon="-1.631425553932786">
        <ele>482.37</ele>
      </trkpt>
      <trkpt lat="42.862852066755295" lon="-1.631590174511075">
        <ele>483.33999999999997</ele>
      </trkpt>
      <trkpt lat="42.862858772277832" lon="-1.631598472595215">
        <ele>483.33999999999997</ele>
      </trkpt>
      <trkpt lat="42.86287184804678" lon="-1.631617080420256">
        <ele>483.5</ele>
      </trkpt>
      <trkpt lat="42.862995900213718" lon="-1.631794441491365">
        <ele>484.32999999999998</ele>
      </trkpt>
      <trkpt lat="42.863008975982666" lon="-1.631813049316406">
        <ele>484.39999999999998</ele>
      </trkpt>
      <trkpt lat="42.863094806671143" lon="-1.632006168365479">
        <ele>484.68000000000001</ele>
      </trkpt>
      <trkpt lat="42.863097824156284" lon="-1.632014466449618">
        <ele>484.68000000000001</ele>
      </trkpt>
      <trkpt lat="42.863177619874477" lon="-1.632233904674649">
        <ele>484.93000000000001</ele>
      </trkpt>
      <trkpt lat="42.863180637359619" lon="-1.632242202758789">
        <ele>484.88999999999999</ele>
      </trkpt>
      <trkpt lat="42.863202514126897" lon="-1.632320825010538">
        <ele>484.94</ele>
      </trkpt>
      <trkpt lat="42.863266048952937" lon="-1.632549818605185">
        <ele>485.14999999999998</ele>
      </trkpt>
      <trkpt lat="42.863287925720215" lon="-1.632628440856934">
        <ele>485.25999999999999</ele>
      </trkpt>
      <trkpt lat="42.863309131935239" lon="-1.632727766409516">
        <ele>485.43000000000001</ele>
      </trkpt>
      <trkpt lat="42.863359255716205" lon="-1.632962878793478">
        <ele>485.81</ele>
      </trkpt>
      <trkpt lat="42.863409463316202" lon="-1.63319799117744">
        <ele>486.47000000000003</ele>
      </trkpt>
      <trkpt lat="42.863459587097168" lon="-1.633433103561401">
        <ele>487.12</ele>
      </trkpt>
      <trkpt lat="42.863509710878134" lon="-1.633668215945363">
        <ele>487.72000000000003</ele>
      </trkpt>
      <trkpt lat="42.863559918478131" lon="-1.633903328329325">
        <ele>488.62</ele>
      </trkpt>
      <trkpt lat="42.863610042259097" lon="-1.634138440713286">
        <ele>489.55000000000001</ele>
      </trkpt>
      <trkpt lat="42.863631248474121" lon="-1.634237766265869">
        <ele>489.88</ele>
      </trkpt>
      <trkpt lat="42.863717079162598" lon="-1.634430885314941">
        <ele>490.48000000000002</ele>
      </trkpt>
      <trkpt lat="42.863745158538222" lon="-1.634476482868195">
        <ele>490.67000000000002</ele>
      </trkpt>
      <trkpt lat="42.863860661163926" lon="-1.634664237499237">
        <ele>491.45999999999998</ele>
      </trkpt>
      <trkpt lat="42.863888740539551" lon="-1.63470983505249">
        <ele>491.63</ele>
      </trkpt>
      <trkpt lat="42.863926542922854" lon="-1.634748643264175">
        <ele>491.87</ele>
      </trkpt>
      <trkpt lat="42.864070208743215" lon="-1.634896164759994">
        <ele>492.62</ele>
      </trkpt>
      <trkpt lat="42.864213874563575" lon="-1.635043770074844">
        <ele>493.27999999999997</ele>
      </trkpt>
      <trkpt lat="42.864357540383935" lon="-1.635191291570664">
        <ele>494.07999999999998</ele>
      </trkpt>
      <trkpt lat="42.864501206204295" lon="-1.635338896885514">
        <ele>494.73000000000002</ele>
      </trkpt>
      <trkpt lat="42.864644872024655" lon="-1.635486418381333">
        <ele>495.30000000000001</ele>
      </trkpt>
      <trkpt lat="42.864682674407959" lon="-1.635525226593018">
        <ele>495.56</ele>
      </trkpt>
      <trkpt lat="42.864665994420648" lon="-1.635508043691516">
        <ele>495.45999999999998</ele>
      </trkpt>
      <trkpt lat="42.864522244781256" lon="-1.635360522195697">
        <ele>494.81</ele>
      </trkpt>
      <trkpt lat="42.864505564793944" lon="-1.635343339294195">
        <ele>494.73000000000002</ele>
      </trkpt>
      <trkpt lat="42.864522244781256" lon="-1.635360522195697">
        <ele>494.81</ele>
      </trkpt>
      <trkpt lat="42.864665994420648" lon="-1.635508043691516">
        <ele>495.45999999999998</ele>
      </trkpt>
      <trkpt lat="42.864682674407959" lon="-1.635525226593018">
        <ele>495.56</ele>
      </trkpt>
      <trkpt lat="42.8647496458143" lon="-1.635592197999358">
        <ele>495.94999999999999</ele>
      </trkpt>
      <trkpt lat="42.864894652739167" lon="-1.635737204924226">
        <ele>496.75</ele>
      </trkpt>
      <trkpt lat="42.864961624145508" lon="-1.635804176330566">
        <ele>497.06999999999999</ele>
      </trkpt>
      <trkpt lat="42.864989452064037" lon="-1.635833010077477">
        <ele>497.27999999999997</ele>
      </trkpt>
      <trkpt lat="42.865132698789239" lon="-1.635981369763613">
        <ele>498.04000000000002</ele>
      </trkpt>
      <trkpt lat="42.865275945514441" lon="-1.636129729449749">
        <ele>498.79000000000002</ele>
      </trkpt>
      <trkpt lat="42.865419192239642" lon="-1.636278089135885">
        <ele>499.38999999999999</ele>
      </trkpt>
      <trkpt lat="42.865562438964844" lon="-1.636426448822022">
        <ele>500.31999999999999</ele>
      </trkpt>
      <trkpt lat="42.865705685690045" lon="-1.636574808508158">
        <ele>501.31</ele>
      </trkpt>
      <trkpt lat="42.865848932415247" lon="-1.636723168194294">
        <ele>502.63999999999999</ele>
      </trkpt>
      <trkpt lat="42.865992179140449" lon="-1.63687152788043">
        <ele>503.95999999999998</ele>
      </trkpt>
      <trkpt lat="42.86613542586565" lon="-1.637019887566567">
        <ele>505.31</ele>
      </trkpt>
      <trkpt lat="42.86616325378418" lon="-1.637048721313477">
        <ele>505.43000000000001</ele>
      </trkpt>
      <trkpt lat="42.866200553253293" lon="-1.63708602078259">
        <ele>505.76999999999998</ele>
      </trkpt>
      <trkpt lat="42.866345643997192" lon="-1.637231111526489">
        <ele>506.99000000000001</ele>
      </trkpt>
      <trkpt lat="42.866490734741092" lon="-1.637376202270389">
        <ele>508.25</ele>
      </trkpt>
      <trkpt lat="42.866528034210205" lon="-1.637413501739502">
        <ele>508.63</ele>
      </trkpt>
      <trkpt lat="42.866543792188168" lon="-1.637423979118466">
        <ele>508.70999999999998</ele>
      </trkpt>
      <trkpt lat="42.866705395281315" lon="-1.637531770393252">
        <ele>509.94999999999999</ele>
      </trkpt>
      <trkpt lat="42.866721153259277" lon="-1.637542247772217">
        <ele>510.08999999999997</ele>
      </trkpt>
      <trkpt lat="42.866792567074299" lon="-1.637576781213284">
        <ele>510.54000000000002</ele>
      </trkpt>
      <trkpt lat="42.866962216794491" lon="-1.637658923864365">
        <ele>511.24000000000001</ele>
      </trkpt>
      <trkpt lat="42.867131866514683" lon="-1.637740982696414">
        <ele>511.69</ele>
      </trkpt>
      <trkpt lat="42.867301516234875" lon="-1.637823041528463">
        <ele>511.99000000000001</ele>
      </trkpt>
      <trkpt lat="42.867471165955067" lon="-1.637905184179544">
        <ele>512.28999999999996</ele>
      </trkpt>
      <trkpt lat="42.867640815675259" lon="-1.637987243011594">
        <ele>512.52999999999997</ele>
      </trkpt>
      <trkpt lat="42.867810465395451" lon="-1.638069301843643">
        <ele>512.78999999999996</ele>
      </trkpt>
      <trkpt lat="42.867980115115643" lon="-1.638151444494724">
        <ele>513.32000000000005</ele>
      </trkpt>
      <trkpt lat="42.868051528930664" lon="-1.638185977935791">
        <ele>513.70000000000005</ele>
      </trkpt>
      <trkpt lat="42.868180274963379" lon="-1.638293266296387">
        <ele>514.49000000000001</ele>
      </trkpt>
      <trkpt lat="42.868266105651855" lon="-1.638400554656982">
        <ele>515.37</ele>
      </trkpt>
      <trkpt lat="42.868351936340332" lon="-1.638572216033936">
        <ele>516.49000000000001</ele>
      </trkpt>
      <trkpt lat="42.868373394012451" lon="-1.638658046722412">
        <ele>516.88</ele>
      </trkpt>
      <trkpt lat="42.86837381310761" lon="-1.638661148026586">
        <ele>516.91999999999996</ele>
      </trkpt>
      <trkpt lat="42.868404323235154" lon="-1.638902463018894">
        <ele>517.72000000000003</ele>
      </trkpt>
      <trkpt lat="42.868434833362699" lon="-1.639143694192171">
        <ele>518.53999999999996</ele>
      </trkpt>
      <trkpt lat="42.868465427309275" lon="-1.63938500918448">
        <ele>519.48000000000002</ele>
      </trkpt>
      <trkpt lat="42.868495937436819" lon="-1.639626240357757">
        <ele>520.38</ele>
      </trkpt>
      <trkpt lat="42.868526531383395" lon="-1.639867555350065">
        <ele>521.29999999999995</ele>
      </trkpt>
      <trkpt lat="42.86855704151094" lon="-1.640108786523342">
        <ele>522.35000000000002</ele>
      </trkpt>
      <trkpt lat="42.868587551638484" lon="-1.640350101515651">
        <ele>523.48000000000002</ele>
      </trkpt>
      <trkpt lat="42.868587970733643" lon="-1.640353202819824">
        <ele>523.48000000000002</ele>
      </trkpt>
      <trkpt lat="42.868600208312273" lon="-1.640399051830173">
        <ele>523.76999999999998</ele>
      </trkpt>
      <trkpt lat="42.868661563843489" lon="-1.640629218891263">
        <ele>524.74000000000001</ele>
      </trkpt>
      <trkpt lat="42.868673801422119" lon="-1.640675067901611">
        <ele>525.01999999999998</ele>
      </trkpt>
      <trkpt lat="42.868738174438477" lon="-1.640803813934326">
        <ele>525.67999999999995</ele>
      </trkpt>
      <trkpt lat="42.868775222450495" lon="-1.640868438407779">
        <ele>526.02999999999997</ele>
      </trkpt>
      <trkpt lat="42.868885947391391" lon="-1.641061473637819">
        <ele>526.92999999999995</ele>
      </trkpt>
      <trkpt lat="42.868996588513255" lon="-1.641254592686892">
        <ele>527.70000000000005</ele>
      </trkpt>
      <trkpt lat="42.869107313454151" lon="-1.641447627916932">
        <ele>528.48000000000002</ele>
      </trkpt>
      <trkpt lat="42.869218038395047" lon="-1.641640746966004">
        <ele>529.19000000000005</ele>
      </trkpt>
      <trkpt lat="42.869328763335943" lon="-1.641833866015077">
        <ele>530.05999999999995</ele>
      </trkpt>
      <trkpt lat="42.869439488276839" lon="-1.642026901245117">
        <ele>531.03999999999996</ele>
      </trkpt>
      <trkpt lat="42.869550129398704" lon="-1.64222002029419">
        <ele>532</ele>
      </trkpt>
      <trkpt lat="42.8696608543396" lon="-1.642413139343262">
        <ele>533.02999999999997</ele>
      </trkpt>
      <trkpt lat="42.869771579280496" lon="-1.642606174573302">
        <ele>533.91999999999996</ele>
      </trkpt>
      <trkpt lat="42.869882304221392" lon="-1.642799293622375">
        <ele>534.65999999999997</ele>
      </trkpt>
      <trkpt lat="42.869992945343256" lon="-1.642992412671447">
        <ele>535.27999999999997</ele>
      </trkpt>
      <trkpt lat="42.870103670284152" lon="-1.643185447901487">
        <ele>535.89999999999998</ele>
      </trkpt>
      <trkpt lat="42.870214395225048" lon="-1.64337856695056">
        <ele>536.48000000000002</ele>
      </trkpt>
      <trkpt lat="42.870325120165944" lon="-1.643571685999632">
        <ele>537.38</ele>
      </trkpt>
      <trkpt lat="42.870435761287808" lon="-1.643764805048704">
        <ele>538.20000000000005</ele>
      </trkpt>
      <trkpt lat="42.870546486228704" lon="-1.643957840278745">
        <ele>538.70000000000005</ele>
      </trkpt>
      <trkpt lat="42.870583534240723" lon="-1.644022464752197">
        <ele>538.75999999999999</ele>
      </trkpt>
      <trkpt lat="42.870604991912842" lon="-1.644065380096436">
        <ele>538.75999999999999</ele>
      </trkpt>
      <trkpt lat="42.870619911700487" lon="-1.644090274348855">
        <ele>538.82000000000005</ele>
      </trkpt>
      <trkpt lat="42.870733737945557" lon="-1.644279956817627">
        <ele>538.78999999999996</ele>
      </trkpt>
      <trkpt lat="42.870847564190626" lon="-1.644469639286399">
        <ele>538.88999999999999</ele>
      </trkpt>
      <trkpt lat="42.870862483978271" lon="-1.644494533538818">
        <ele>538.94000000000005</ele>
      </trkpt>
      <trkpt lat="42.870897687971592" lon="-1.644564941525459">
        <ele>539.05999999999995</ele>
      </trkpt>
      <trkpt lat="42.870998941361904" lon="-1.644767448306084">
        <ele>539.5</ele>
      </trkpt>
      <trkpt lat="42.871034145355225" lon="-1.644837856292725">
        <ele>539.66999999999996</ele>
      </trkpt>
      <trkpt lat="42.871063649654388" lon="-1.644921842962503">
        <ele>539.78999999999996</ele>
      </trkpt>
      <trkpt lat="42.871141182258725" lon="-1.645142789930105">
        <ele>540.22000000000003</ele>
      </trkpt>
      <trkpt lat="42.871218798682094" lon="-1.645363736897707">
        <ele>540.82000000000005</ele>
      </trkpt>
      <trkpt lat="42.871296415105462" lon="-1.645584683865309">
        <ele>541.51999999999998</ele>
      </trkpt>
      <trkpt lat="42.871373947709799" lon="-1.645805630832911">
        <ele>542.40999999999997</ele>
      </trkpt>
      <trkpt lat="42.871403452008963" lon="-1.645889617502689">
        <ele>542.75999999999999</ele>
      </trkpt>
      <trkpt lat="42.871440751478076" lon="-1.645995900034905">
        <ele>543.13999999999999</ele>
      </trkpt>
      <trkpt lat="42.871518367901444" lon="-1.646216847002506">
        <ele>543.76999999999998</ele>
      </trkpt>
      <trkpt lat="42.871595984324813" lon="-1.646437793970108">
        <ele>544.26999999999998</ele>
      </trkpt>
      <trkpt lat="42.87167351692915" lon="-1.64665874093771">
        <ele>544.39999999999998</ele>
      </trkpt>
      <trkpt lat="42.871751133352518" lon="-1.646879687905312">
        <ele>544.50999999999999</ele>
      </trkpt>
      <trkpt lat="42.871828665956855" lon="-1.647100634872913">
        <ele>544.65999999999997</ele>
      </trkpt>
      <trkpt lat="42.871906282380223" lon="-1.647321581840515">
        <ele>544.74000000000001</ele>
      </trkpt>
      <trkpt lat="42.871983898803592" lon="-1.647542528808117">
        <ele>544.91999999999996</ele>
      </trkpt>
      <trkpt lat="42.872021198272705" lon="-1.647648811340332">
        <ele>545</ele>
      </trkpt>
      <trkpt lat="42.872045505791903" lon="-1.64772592484951">
        <ele>545.07000000000005</ele>
      </trkpt>
      <trkpt lat="42.872116584330797" lon="-1.647950895130634">
        <ele>545.25</ele>
      </trkpt>
      <trkpt lat="42.872187662869692" lon="-1.648175865411758">
        <ele>545.46000000000004</ele>
      </trkpt>
      <trkpt lat="42.872258657589555" lon="-1.648400835692883">
        <ele>545.48000000000002</ele>
      </trkpt>
      <trkpt lat="42.872329736128449" lon="-1.648625805974007">
        <ele>545.12</ele>
      </trkpt>
      <trkpt lat="42.872400814667344" lon="-1.648850776255131">
        <ele>544.61000000000001</ele>
      </trkpt>
      <trkpt lat="42.872471809387207" lon="-1.649075746536255">
        <ele>544.15999999999997</ele>
      </trkpt>
      <trkpt lat="42.872542887926102" lon="-1.649300716817379">
        <ele>543.70000000000005</ele>
      </trkpt>
      <trkpt lat="42.872613882645965" lon="-1.649525687098503">
        <ele>543.12</ele>
      </trkpt>
      <trkpt lat="42.872684961184859" lon="-1.649750657379627">
        <ele>542.53999999999996</ele>
      </trkpt>
      <trkpt lat="42.872755955904722" lon="-1.649975627660751">
        <ele>541.96000000000004</ele>
      </trkpt>
      <trkpt lat="42.872827034443617" lon="-1.650200597941876">
        <ele>541.47000000000003</ele>
      </trkpt>
      <trkpt lat="42.872898112982512" lon="-1.650425568223">
        <ele>541.03999999999996</ele>
      </trkpt>
      <trkpt lat="42.872922420501709" lon="-1.650502681732178">
        <ele>540.95000000000005</ele>
      </trkpt>
      <trkpt lat="42.872924013063312" lon="-1.65051206946373">
        <ele>540.90999999999997</ele>
      </trkpt>
      <trkpt lat="42.872963743284345" lon="-1.650750786066055">
        <ele>540.58000000000004</ele>
      </trkpt>
      <trkpt lat="42.872965335845947" lon="-1.650760173797607">
        <ele>540.51999999999998</ele>
      </trkpt>
      <trkpt lat="42.87296692840755" lon="-1.65076956152916">
        <ele>540.51999999999998</ele>
      </trkpt>
      <trkpt lat="42.873006658628583" lon="-1.651008278131485">
        <ele>540.14999999999998</ele>
      </trkpt>
      <trkpt lat="42.873008251190186" lon="-1.651017665863037">
        <ele>540.14999999999998</ele>
      </trkpt>
      <trkpt lat="42.873008251190186" lon="-1.651045493781567">
        <ele>540.03999999999996</ele>
      </trkpt>
      <trkpt lat="42.873008251190186" lon="-1.651290245354176">
        <ele>539.85000000000002</ele>
      </trkpt>
      <trkpt lat="42.873008251190186" lon="-1.651318073272705">
        <ele>539.83000000000004</ele>
      </trkpt>
      <trkpt lat="42.873006071895361" lon="-1.651412369683385">
        <ele>539.80999999999995</ele>
      </trkpt>
      <trkpt lat="42.873000372201204" lon="-1.651657037436962">
        <ele>539.92999999999995</ele>
      </trkpt>
      <trkpt lat="42.872994672507048" lon="-1.651901789009571">
        <ele>540.11000000000001</ele>
      </trkpt>
      <trkpt lat="42.872988972812891" lon="-1.652146456763148">
        <ele>540.13</ele>
      </trkpt>
      <trkpt lat="42.872986793518066" lon="-1.652240753173828">
        <ele>540.07000000000005</ele>
      </trkpt>
      <trkpt lat="42.873008251190186" lon="-1.652476787567139">
        <ele>539.88</ele>
      </trkpt>
      <trkpt lat="42.873051166534424" lon="-1.65269136428833">
        <ele>539.59000000000003</ele>
      </trkpt>
      <trkpt lat="42.873022668063641" lon="-1.652548704296351">
        <ele>539.78999999999996</ele>
      </trkpt>
      <trkpt lat="42.873051166534424" lon="-1.65269136428833">
        <ele>539.59000000000003</ele>
      </trkpt>
      <trkpt lat="42.873094081878662" lon="-1.652863025665283">
        <ele>539.34000000000003</ele>
      </trkpt>
      <trkpt lat="42.873179912567139" lon="-1.653056144714356">
        <ele>539.14999999999998</ele>
      </trkpt>
      <trkpt lat="42.873191898688674" lon="-1.653078272938728">
        <ele>539.05999999999995</ele>
      </trkpt>
      <trkpt lat="42.873298684135079" lon="-1.653275415301323">
        <ele>538.70000000000005</ele>
      </trkpt>
      <trkpt lat="42.873405469581485" lon="-1.653472557663918">
        <ele>538.24000000000001</ele>
      </trkpt>
      <trkpt lat="42.87351225502789" lon="-1.653669700026512">
        <ele>537.66999999999996</ele>
      </trkpt>
      <trkpt lat="42.873619040474296" lon="-1.653866842389107">
        <ele>537.11000000000001</ele>
      </trkpt>
      <trkpt lat="42.873725825920701" lon="-1.654063984751701">
        <ele>536.73000000000002</ele>
      </trkpt>
      <trkpt lat="42.873737812042236" lon="-1.654086112976074">
        <ele>536.63</ele>
      </trkpt>
      <trkpt lat="42.873802185058594" lon="-1.654236316680908">
        <ele>536.44000000000005</ele>
      </trkpt>
      <trkpt lat="42.873845100402832" lon="-1.654407978057861">
        <ele>536.09000000000003</ele>
      </trkpt>
      <trkpt lat="42.873866558074951" lon="-1.654601097106934">
        <ele>535.75999999999999</ele>
      </trkpt>
      <trkpt lat="42.873866558074951" lon="-1.654837131500244">
        <ele>535.23000000000002</ele>
      </trkpt>
      <trkpt lat="42.873865636065602" lon="-1.65486085228622">
        <ele>535.15999999999997</ele>
      </trkpt>
      <trkpt lat="42.873855829238892" lon="-1.655105352401733">
        <ele>534.48000000000002</ele>
      </trkpt>
      <trkpt lat="42.873846022412181" lon="-1.655349852517247">
        <ele>533.69000000000005</ele>
      </trkpt>
      <trkpt lat="42.873845100402832" lon="-1.655373573303223">
        <ele>533.64999999999998</ele>
      </trkpt>
      <trkpt lat="42.873840825632215" lon="-1.655403580516577">
        <ele>533.53999999999996</ele>
      </trkpt>
      <trkpt lat="42.873806459829211" lon="-1.655643973499537">
        <ele>532.86000000000001</ele>
      </trkpt>
      <trkpt lat="42.873802185058594" lon="-1.655673980712891">
        <ele>532.79999999999995</ele>
      </trkpt>
      <trkpt lat="42.873759269714355" lon="-1.655845642089844">
        <ele>532.58000000000004</ele>
      </trkpt>
      <trkpt lat="42.873748540878296" lon="-1.655865339562297">
        <ele>532.55999999999995</ele>
      </trkpt>
      <trkpt lat="42.8736412525177" lon="-1.656061979010701">
        <ele>532.55999999999995</ele>
      </trkpt>
      <trkpt lat="42.873630523681641" lon="-1.656081676483154">
        <ele>532.53999999999996</ele>
      </trkpt>
      <trkpt lat="42.873586686328053" lon="-1.65616306476295">
        <ele>532.55999999999995</ele>
      </trkpt>
      <trkpt lat="42.873480319976807" lon="-1.656360626220703">
        <ele>532.77999999999997</ele>
      </trkpt>
      <trkpt lat="42.87337395362556" lon="-1.656558187678456">
        <ele>533.05999999999995</ele>
      </trkpt>
      <trkpt lat="42.873330116271973" lon="-1.656639575958252">
        <ele>533.23000000000002</ele>
      </trkpt>
      <trkpt lat="42.873313603922725" lon="-1.656689029186964">
        <ele>533.28999999999996</ele>
      </trkpt>
      <trkpt lat="42.873239340260625" lon="-1.656911987811327">
        <ele>533.47000000000003</ele>
      </trkpt>
      <trkpt lat="42.873222827911377" lon="-1.656961441040039">
        <ele>533.35000000000002</ele>
      </trkpt>
      <trkpt lat="42.873221235349774" lon="-1.656970828771591">
        <ele>533.36000000000001</ele>
      </trkpt>
      <trkpt lat="42.873181505128741" lon="-1.657209545373917">
        <ele>532.51999999999998</ele>
      </trkpt>
      <trkpt lat="42.873179912567139" lon="-1.657218933105469">
        <ele>532.45000000000005</ele>
      </trkpt>
      <trkpt lat="42.873175637796521" lon="-1.657300656661391">
        <ele>532.13999999999999</ele>
      </trkpt>
      <trkpt lat="42.873162729665637" lon="-1.65754490531981">
        <ele>531.28999999999996</ele>
      </trkpt>
      <trkpt lat="42.87315845489502" lon="-1.657626628875732">
        <ele>531.11000000000001</ele>
      </trkpt>
      <trkpt lat="42.87315845489502" lon="-1.657819747924805">
        <ele>530.54999999999995</ele>
      </trkpt>
      <trkpt lat="42.873161472380161" lon="-1.657839361578226">
        <ele>530.53999999999996</ele>
      </trkpt>
      <trkpt lat="42.873198352754116" lon="-1.658079084008932">
        <ele>530.17999999999995</ele>
      </trkpt>
      <trkpt lat="42.873201370239258" lon="-1.658098697662354">
        <ele>530.16999999999996</ele>
      </trkpt>
      <trkpt lat="42.873222744092345" lon="-1.658152090385556">
        <ele>530.15999999999997</ele>
      </trkpt>
      <trkpt lat="42.873308742418885" lon="-1.658367170020938">
        <ele>530.01999999999998</ele>
      </trkpt>
      <trkpt lat="42.873330116271973" lon="-1.658420562744141">
        <ele>530.10000000000002</ele>
      </trkpt>
      <trkpt lat="42.873368421569467" lon="-1.658486193045974">
        <ele>530.07000000000005</ele>
      </trkpt>
      <trkpt lat="42.873480319976807" lon="-1.65867805480957">
        <ele>530.15999999999997</ele>
      </trkpt>
      <trkpt lat="42.873592218384147" lon="-1.658869916573167">
        <ele>530.10000000000002</ele>
      </trkpt>
      <trkpt lat="42.873630523681641" lon="-1.658935546875">
        <ele>530.08000000000004</ele>
      </trkpt>
      <trkpt lat="42.873651897534728" lon="-1.658971589058638">
        <ele>530.11000000000001</ele>
      </trkpt>
      <trkpt lat="42.873765053227544" lon="-1.659162025898695">
        <ele>530.13999999999999</ele>
      </trkpt>
      <trkpt lat="42.87387820892036" lon="-1.659352546557784">
        <ele>530.36000000000001</ele>
      </trkpt>
      <trkpt lat="42.873991364613175" lon="-1.659542983397842">
        <ele>530.58000000000004</ele>
      </trkpt>
      <trkpt lat="42.874104520305991" lon="-1.659733420237899">
        <ele>530.79999999999995</ele>
      </trkpt>
      <trkpt lat="42.874217675998807" lon="-1.659923940896988">
        <ele>531.14999999999998</ele>
      </trkpt>
      <trkpt lat="42.874330831691623" lon="-1.660114377737045">
        <ele>531.60000000000002</ele>
      </trkpt>
      <trkpt lat="42.874443987384439" lon="-1.660304814577103">
        <ele>532.08000000000004</ele>
      </trkpt>
      <trkpt lat="42.874557143077254" lon="-1.660495335236192">
        <ele>532.67999999999995</ele>
      </trkpt>
      <trkpt lat="42.87467029877007" lon="-1.660685772076249">
        <ele>533.25999999999999</ele>
      </trkpt>
      <trkpt lat="42.874783454462886" lon="-1.660876292735338">
        <ele>533.82000000000005</ele>
      </trkpt>
      <trkpt lat="42.874896610155702" lon="-1.661066729575396">
        <ele>534.15999999999997</ele>
      </trkpt>
      <trkpt lat="42.874917984008789" lon="-1.661102771759033">
        <ele>534.24000000000001</ele>
      </trkpt>
      <trkpt lat="42.874969113618135" lon="-1.661194805055857">
        <ele>534.44000000000005</ele>
      </trkpt>
      <trkpt lat="42.875077659264207" lon="-1.661390187218785">
        <ele>534.74000000000001</ele>
      </trkpt>
      <trkpt lat="42.875186204910278" lon="-1.661585569381714">
        <ele>534.82000000000005</ele>
      </trkpt>
      <trkpt lat="42.87529475055635" lon="-1.661780951544642">
        <ele>534.27999999999997</ele>
      </trkpt>
      <trkpt lat="42.875403296202421" lon="-1.661976333707571">
        <ele>533.38999999999999</ele>
      </trkpt>
      <trkpt lat="42.875454425811768" lon="-1.662068367004395">
        <ele>532.94000000000005</ele>
      </trkpt>
      <trkpt lat="42.875462053343654" lon="-1.662082532420754">
        <ele>532.94000000000005</ele>
      </trkpt>
      <trkpt lat="42.875568000599742" lon="-1.662280429154635">
        <ele>532.10000000000002</ele>
      </trkpt>
      <trkpt lat="42.875674031674862" lon="-1.662478325888515">
        <ele>531.62</ele>
      </trkpt>
      <trkpt lat="42.875780062749982" lon="-1.662676222622395">
        <ele>532.00999999999999</ele>
      </trkpt>
      <trkpt lat="42.875886093825102" lon="-1.662874203175306">
        <ele>532.75</ele>
      </trkpt>
      <trkpt lat="42.875992124900222" lon="-1.663072099909186">
        <ele>533.47000000000003</ele>
      </trkpt>
      <trkpt lat="42.876098155975342" lon="-1.663269996643066">
        <ele>534.17999999999995</ele>
      </trkpt>
      <trkpt lat="42.876204187050462" lon="-1.663467893376946">
        <ele>534.95000000000005</ele>
      </trkpt>
      <trkpt lat="42.876310218125582" lon="-1.663665790110827">
        <ele>535.30999999999995</ele>
      </trkpt>
      <trkpt lat="42.876416249200702" lon="-1.663863686844707">
        <ele>534.86000000000001</ele>
      </trkpt>
      <trkpt lat="42.876522280275822" lon="-1.664061667397618">
        <ele>534.34000000000003</ele>
      </trkpt>
      <trkpt lat="42.876628311350942" lon="-1.664259564131498">
        <ele>533.69000000000005</ele>
      </trkpt>
      <trkpt lat="42.87673425860703" lon="-1.664457460865378">
        <ele>533.03999999999996</ele>
      </trkpt>
      <trkpt lat="42.876741886138916" lon="-1.664471626281738">
        <ele>532.98000000000002</ele>
      </trkpt>
      <trkpt lat="42.876790836453438" lon="-1.664569526910782">
        <ele>532.70000000000005</ele>
      </trkpt>
      <trkpt lat="42.87689208984375" lon="-1.664772033691406">
        <ele>532.11000000000001</ele>
      </trkpt>
      <trkpt lat="42.876993343234062" lon="-1.664974540472031">
        <ele>531.5</ele>
      </trkpt>
      <trkpt lat="42.877042293548584" lon="-1.665072441101074">
        <ele>531.25</ele>
      </trkpt>
      <trkpt lat="42.877061320468783" lon="-1.665116865187883">
        <ele>531.21000000000004</ele>
      </trkpt>
      <trkpt lat="42.877152012661099" lon="-1.665328424423933">
        <ele>530.75</ele>
      </trkpt>
      <trkpt lat="42.877171039581299" lon="-1.665372848510742">
        <ele>530.64999999999998</ele>
      </trkpt>
      <trkpt lat="42.877191239967942" lon="-1.665441580116749">
        <ele>530.40999999999997</ele>
      </trkpt>
      <trkpt lat="42.877258127555251" lon="-1.665668897330761">
        <ele>529.86000000000001</ele>
      </trkpt>
      <trkpt lat="42.877278327941895" lon="-1.665737628936768">
        <ele>529.63999999999999</ele>
      </trkpt>
      <trkpt lat="42.877293415367603" lon="-1.665795715525746">
        <ele>529.48000000000002</ele>
      </trkpt>
      <trkpt lat="42.877353513613343" lon="-1.666026553139091">
        <ele>529.07000000000005</ele>
      </trkpt>
      <trkpt lat="42.877413611859083" lon="-1.666257306933403">
        <ele>528.40999999999997</ele>
      </trkpt>
      <trkpt lat="42.877473710104823" lon="-1.666488144546747">
        <ele>527.75</ele>
      </trkpt>
      <trkpt lat="42.877533808350563" lon="-1.666718982160091">
        <ele>526.94000000000005</ele>
      </trkpt>
      <trkpt lat="42.877593822777271" lon="-1.666949819773436">
        <ele>526.28999999999996</ele>
      </trkpt>
      <trkpt lat="42.877653921023011" lon="-1.66718065738678">
        <ele>525.59000000000003</ele>
      </trkpt>
      <trkpt lat="42.877714019268751" lon="-1.667411411181092">
        <ele>524.95000000000005</ele>
      </trkpt>
      <trkpt lat="42.877774117514491" lon="-1.667642248794437">
        <ele>524.38</ele>
      </trkpt>
      <trkpt lat="42.877834215760231" lon="-1.667873086407781">
        <ele>524.04999999999995</ele>
      </trkpt>
      <trkpt lat="42.87784930318594" lon="-1.667931172996759">
        <ele>523.98000000000002</ele>
      </trkpt>
      <trkpt lat="42.877874951809645" lon="-1.66802991181612">
        <ele>523.87</ele>
      </trkpt>
      <trkpt lat="42.877935050055385" lon="-1.668260665610433">
        <ele>523.59000000000003</ele>
      </trkpt>
      <trkpt lat="42.877995148301125" lon="-1.668491503223777">
        <ele>523.46000000000004</ele>
      </trkpt>
      <trkpt lat="42.878055246546865" lon="-1.668722340837121">
        <ele>523.25</ele>
      </trkpt>
      <trkpt lat="42.878115260973573" lon="-1.668953178450465">
        <ele>523.02999999999997</ele>
      </trkpt>
      <trkpt lat="42.878175359219313" lon="-1.669184016063809">
        <ele>522.87</ele>
      </trkpt>
      <trkpt lat="42.878235457465053" lon="-1.669414853677154">
        <ele>522.74000000000001</ele>
      </trkpt>
      <trkpt lat="42.878295471891761" lon="-1.669645691290498">
        <ele>522.54999999999995</ele>
      </trkpt>
      <trkpt lat="42.878355570137501" lon="-1.669876528903842">
        <ele>522.39999999999998</ele>
      </trkpt>
      <trkpt lat="42.878415668383241" lon="-1.670107366517186">
        <ele>522.14999999999998</ele>
      </trkpt>
      <trkpt lat="42.878475766628981" lon="-1.670338120311499">
        <ele>521.54999999999995</ele>
      </trkpt>
      <trkpt lat="42.878501415252686" lon="-1.670436859130859">
        <ele>521.23000000000002</ele>
      </trkpt>
      <trkpt lat="42.878507785499096" lon="-1.670487821102142">
        <ele>521.10000000000002</ele>
      </trkpt>
      <trkpt lat="42.878537960350513" lon="-1.670729219913483">
        <ele>520.12</ele>
      </trkpt>
      <trkpt lat="42.878544330596924" lon="-1.670780181884766">
        <ele>520.13</ele>
      </trkpt>
      <trkpt lat="42.878544330596924" lon="-1.670908927917481">
        <ele>519.91999999999996</ele>
      </trkpt>
      <trkpt lat="42.878501415252686" lon="-1.671080589294434">
        <ele>519.88999999999999</ele>
      </trkpt>
      <trkpt lat="42.878498062491417" lon="-1.671136748045683">
        <ele>519.92999999999995</ele>
      </trkpt>
      <trkpt lat="42.878489010035992" lon="-1.671164156869054">
        <ele>519.90999999999997</ele>
      </trkpt>
      <trkpt lat="42.878415500745177" lon="-1.671387702226639">
        <ele>520.66999999999996</ele>
      </trkpt>
      <trkpt lat="42.878406448289752" lon="-1.67141511105001">
        <ele>520.75999999999999</ele>
      </trkpt>
      <trkpt lat="42.878386247903109" lon="-1.671478478237987">
        <ele>521.00999999999999</ele>
      </trkpt>
      <trkpt lat="42.878314666450024" lon="-1.671703113242984">
        <ele>522.10000000000002</ele>
      </trkpt>
      <trkpt lat="42.878243084996939" lon="-1.671927832067013">
        <ele>523.13</ele>
      </trkpt>
      <trkpt lat="42.878171503543854" lon="-1.67215246707201">
        <ele>524.01999999999998</ele>
      </trkpt>
      <trkpt lat="42.87815130315721" lon="-1.672215834259987">
        <ele>524.19000000000005</ele>
      </trkpt>
      <trkpt lat="42.878117188811302" lon="-1.672315914183855">
        <ele>524.67999999999995</ele>
      </trkpt>
      <trkpt lat="42.87811710499227" lon="-1.672322871163487">
        <ele>524.67999999999995</ele>
      </trkpt>
      <trkpt lat="42.878115428611636" lon="-1.67256779037416">
        <ele>525.35000000000002</ele>
      </trkpt>
      <trkpt lat="42.878115344792604" lon="-1.672574747353792">
        <ele>525.35000000000002</ele>
      </trkpt>
      <trkpt lat="42.878187261521816" lon="-1.672760238870978">
        <ele>525.83000000000004</ele>
      </trkpt>
      <trkpt lat="42.87821089848876" lon="-1.672800304368138">
        <ele>525.99000000000001</ele>
      </trkpt>
      <trkpt lat="42.878323551267385" lon="-1.672991244122386">
        <ele>526.86000000000001</ele>
      </trkpt>
      <trkpt lat="42.878347188234329" lon="-1.673031309619546">
        <ele>527.04999999999995</ele>
      </trkpt>
      <trkpt lat="42.878369148820639" lon="-1.673060562461615">
        <ele>527.11000000000001</ele>
      </trkpt>
      <trkpt lat="42.878497643396258" lon="-1.673232056200504">
        <ele>527.48000000000002</ele>
      </trkpt>
      <trkpt lat="42.878626137971878" lon="-1.673403633758426">
        <ele>528.14999999999998</ele>
      </trkpt>
      <trkpt lat="42.878648098558187" lon="-1.673432886600494">
        <ele>528.41999999999996</ele>
      </trkpt>
      <trkpt lat="42.878763936460018" lon="-1.673542773351073">
        <ele>528.96000000000004</ele>
      </trkpt>
      <trkpt lat="42.878871727734804" lon="-1.673568421974778">
        <ele>529.49000000000001</ele>
      </trkpt>
      <trkpt lat="42.878942973911762" lon="-1.673539755865932">
        <ele>529.71000000000004</ele>
      </trkpt>
      <trkpt lat="42.879115641117096" lon="-1.673470186069608">
        <ele>530.38999999999999</ele>
      </trkpt>
      <trkpt lat="42.879288224503398" lon="-1.673400532454252">
        <ele>531.03999999999996</ele>
      </trkpt>
      <trkpt lat="42.879359470680356" lon="-1.673371866345406">
        <ele>531.33000000000004</ele>
      </trkpt>
      <trkpt lat="42.879531970247626" lon="-1.673354851081967">
        <ele>531.49000000000001</ele>
      </trkpt>
      <trkpt lat="42.87964696995914" lon="-1.673403633758426">
        <ele>531.20000000000005</ele>
      </trkpt>
      <trkpt lat="42.879659961909056" lon="-1.673422995954752">
        <ele>531.11000000000001</ele>
      </trkpt>
      <trkpt lat="42.879781248047948" lon="-1.673603961244226">
        <ele>530.28999999999996</ele>
      </trkpt>
      <trkpt lat="42.879794239997864" lon="-1.673623323440552">
        <ele>530.28999999999996</ele>
      </trkpt>
      <trkpt lat="42.879806309938431" lon="-1.673673279583454">
        <ele>530.13999999999999</ele>
      </trkpt>
      <trkpt lat="42.879862636327744" lon="-1.673905961215496">
        <ele>529.28999999999996</ele>
      </trkpt>
      <trkpt lat="42.879874706268311" lon="-1.673955917358398">
        <ele>529.21000000000004</ele>
      </trkpt>
      <trkpt lat="42.87989616394043" lon="-1.674084663391113">
        <ele>528.74000000000001</ele>
      </trkpt>
      <trkpt lat="42.879887027665973" lon="-1.674185246229172">
        <ele>528.32000000000005</ele>
      </trkpt>
      <trkpt lat="42.8798648994416" lon="-1.674428237602115">
        <ele>527.52999999999997</ele>
      </trkpt>
      <trkpt lat="42.879842855036259" lon="-1.674671228975058">
        <ele>526.78999999999996</ele>
      </trkpt>
      <trkpt lat="42.879820726811886" lon="-1.674914304167032">
        <ele>526.03999999999996</ele>
      </trkpt>
      <trkpt lat="42.879798682406545" lon="-1.675157295539975">
        <ele>524.99000000000001</ele>
      </trkpt>
      <trkpt lat="42.879776554182172" lon="-1.675400286912918">
        <ele>524.01999999999998</ele>
      </trkpt>
      <trkpt lat="42.879767417907715" lon="-1.675500869750977">
        <ele>523.59000000000003</ele>
      </trkpt>
      <trkpt lat="42.879767334088683" lon="-1.675501624122262">
        <ele>523.59000000000003</ele>
      </trkpt>
      <trkpt lat="42.879745876416564" lon="-1.675744699314237">
        <ele>522.60000000000002</ele>
      </trkpt>
      <trkpt lat="42.879724418744445" lon="-1.675987858325243">
        <ele>521.54999999999995</ele>
      </trkpt>
      <trkpt lat="42.879703044891357" lon="-1.676230933517218">
        <ele>520.37</ele>
      </trkpt>
      <trkpt lat="42.879681587219238" lon="-1.676474092528224">
        <ele>519.21000000000004</ele>
      </trkpt>
      <trkpt lat="42.879660129547119" lon="-1.676717167720199">
        <ele>518.22000000000003</ele>
      </trkpt>
      <trkpt lat="42.879638671875" lon="-1.676960326731205">
        <ele>517.01999999999998</ele>
      </trkpt>
      <trkpt lat="42.879617214202881" lon="-1.67720340192318">
        <ele>515.74000000000001</ele>
      </trkpt>
      <trkpt lat="42.879595756530762" lon="-1.677446560934186">
        <ele>514.58000000000004</ele>
      </trkpt>
      <trkpt lat="42.879574298858643" lon="-1.677689636126161">
        <ele>513.48000000000002</ele>
      </trkpt>
      <trkpt lat="42.879552841186523" lon="-1.677932795137167">
        <ele>512.78999999999996</ele>
      </trkpt>
      <trkpt lat="42.879531383514404" lon="-1.678175870329142">
        <ele>512.45000000000005</ele>
      </trkpt>
      <trkpt lat="42.879509925842285" lon="-1.678419029340148">
        <ele>512.23000000000002</ele>
      </trkpt>
      <trkpt lat="42.879488551989198" lon="-1.678662104532123">
        <ele>511.95999999999998</ele>
      </trkpt>
      <trkpt lat="42.879467094317079" lon="-1.678905263543129">
        <ele>511.55000000000001</ele>
      </trkpt>
      <trkpt lat="42.879445636644959" lon="-1.679148338735104">
        <ele>510.72000000000003</ele>
      </trkpt>
      <trkpt lat="42.87942417897284" lon="-1.67939149774611">
        <ele>509.61000000000001</ele>
      </trkpt>
      <trkpt lat="42.879402721300721" lon="-1.679634572938085">
        <ele>508.56999999999999</ele>
      </trkpt>
      <trkpt lat="42.879381263628602" lon="-1.679877731949091">
        <ele>507.68000000000001</ele>
      </trkpt>
      <trkpt lat="42.879359805956483" lon="-1.680120807141066">
        <ele>506.81</ele>
      </trkpt>
      <trkpt lat="42.879338348284364" lon="-1.680363966152072">
        <ele>505.98000000000002</ele>
      </trkpt>
      <trkpt lat="42.879316890612245" lon="-1.680607041344047">
        <ele>505.11000000000001</ele>
      </trkpt>
      <trkpt lat="42.879316806793213" lon="-1.680607795715332">
        <ele>505.11000000000001</ele>
      </trkpt>
      <trkpt lat="42.879308592528105" lon="-1.680723382160068">
        <ele>504.57999999999998</ele>
      </trkpt>
      <trkpt lat="42.879291409626603" lon="-1.680967127904296">
        <ele>503.17000000000002</ele>
      </trkpt>
      <trkpt lat="42.87927414290607" lon="-1.681210789829493">
        <ele>501.77999999999997</ele>
      </trkpt>
      <trkpt lat="42.879256876185536" lon="-1.681454535573721">
        <ele>500.27999999999997</ele>
      </trkpt>
      <trkpt lat="42.879239609465003" lon="-1.681698281317949">
        <ele>498.73000000000002</ele>
      </trkpt>
      <trkpt lat="42.87922234274447" lon="-1.681942027062178">
        <ele>497.06</ele>
      </trkpt>
      <trkpt lat="42.879205076023936" lon="-1.682185772806406">
        <ele>495.48000000000002</ele>
      </trkpt>
      <trkpt lat="42.879187809303403" lon="-1.682429518550634">
        <ele>494.02999999999997</ele>
      </trkpt>
      <trkpt lat="42.879170626401901" lon="-1.682673180475831">
        <ele>492.75999999999999</ele>
      </trkpt>
      <trkpt lat="42.879153359681368" lon="-1.682916926220059">
        <ele>491.37</ele>
      </trkpt>
      <trkpt lat="42.87914514541626" lon="-1.683032512664795">
        <ele>490.54000000000002</ele>
      </trkpt>
      <trkpt lat="42.879143552854657" lon="-1.683041146025062">
        <ele>490.54000000000002</ele>
      </trkpt>
      <trkpt lat="42.879099464043975" lon="-1.68327852152288">
        <ele>488.99000000000001</ele>
      </trkpt>
      <trkpt lat="42.879097871482372" lon="-1.683287154883146">
        <ele>488.72000000000003</ele>
      </trkpt>
      <trkpt lat="42.879092255607247" lon="-1.683317329734564">
        <ele>488.45999999999998</ele>
      </trkpt>
      <trkpt lat="42.879048166796565" lon="-1.683554705232382">
        <ele>486.89999999999998</ele>
      </trkpt>
      <trkpt lat="42.879004077985883" lon="-1.683792164549232">
        <ele>485.31999999999999</ele>
      </trkpt>
      <trkpt lat="42.8789599891752" lon="-1.68402954004705">
        <ele>483.83999999999997</ele>
      </trkpt>
      <trkpt lat="42.878915900364518" lon="-1.684266999363899">
        <ele>482.52999999999997</ele>
      </trkpt>
      <trkpt lat="42.878871811553836" lon="-1.684504374861717">
        <ele>481.38999999999999</ele>
      </trkpt>
      <trkpt lat="42.878866195678711" lon="-1.684534549713135">
        <ele>481.38</ele>
      </trkpt>
      <trkpt lat="42.878844738006592" lon="-1.684749126434326">
        <ele>480.61000000000001</ele>
      </trkpt>
      <trkpt lat="42.878780364990234" lon="-1.68489933013916">
        <ele>480.01999999999998</ele>
      </trkpt>
      <trkpt lat="42.878715991973877" lon="-1.685006618499756">
        <ele>479.82999999999998</ele>
      </trkpt>
      <trkpt lat="42.878673076629639" lon="-1.685049533843994">
        <ele>479.76999999999998</ele>
      </trkpt>
      <trkpt lat="42.878662096336484" lon="-1.685054395347834">
        <ele>479.72000000000003</ele>
      </trkpt>
      <trkpt lat="42.878490937873721" lon="-1.685130503028631">
        <ele>479.52999999999997</ele>
      </trkpt>
      <trkpt lat="42.878479957580566" lon="-1.685135364532471">
        <ele>479.51999999999998</ele>
      </trkpt>
      <trkpt lat="42.878478616476059" lon="-1.685136035084724">
        <ele>479.51999999999998</ele>
      </trkpt>
      <trkpt lat="42.878309637308121" lon="-1.685220524668694">
        <ele>479.37</ele>
      </trkpt>
      <trkpt lat="42.878308296203613" lon="-1.685221195220947">
        <ele>479.37</ele>
      </trkpt>
      <trkpt lat="42.878297315910459" lon="-1.685226056724787">
        <ele>479.37</ele>
      </trkpt>
      <trkpt lat="42.878126157447696" lon="-1.685302164405584">
        <ele>479.33999999999997</ele>
      </trkpt>
      <trkpt lat="42.878115177154541" lon="-1.685307025909424">
        <ele>479.33999999999997</ele>
      </trkpt>
      <trkpt lat="42.878050804138184" lon="-1.685307025909424">
        <ele>479.25</ele>
      </trkpt>
      <trkpt lat="42.878022389486432" lon="-1.68529805727303">
        <ele>479.23000000000002</ele>
      </trkpt>
      <trkpt lat="42.877846956253052" lon="-1.685242652893066">
        <ele>478.92000000000002</ele>
      </trkpt>
      <trkpt lat="42.877671523019671" lon="-1.685187248513103">
        <ele>478.52999999999997</ele>
      </trkpt>
      <trkpt lat="42.87764310836792" lon="-1.685178279876709">
        <ele>478.38999999999999</ele>
      </trkpt>
      <trkpt lat="42.877622237429023" lon="-1.685169897973537">
        <ele>478.33999999999997</ele>
      </trkpt>
      <trkpt lat="42.877449402585626" lon="-1.685100831091404">
        <ele>477.88999999999999</ele>
      </trkpt>
      <trkpt lat="42.877428531646729" lon="-1.685092449188232">
        <ele>477.85000000000002</ele>
      </trkpt>
      <trkpt lat="42.877358375117183" lon="-1.685067219659686">
        <ele>477.55000000000001</ele>
      </trkpt>
      <trkpt lat="42.877184199169278" lon="-1.685004774481058">
        <ele>476.91000000000003</ele>
      </trkpt>
      <trkpt lat="42.877010107040405" lon="-1.684942245483398">
        <ele>476.22000000000003</ele>
      </trkpt>
      <trkpt lat="42.876836014911532" lon="-1.684879716485739">
        <ele>475.45999999999998</ele>
      </trkpt>
      <trkpt lat="42.876661838963628" lon="-1.684817271307111">
        <ele>474.95999999999998</ele>
      </trkpt>
      <trkpt lat="42.876591682434082" lon="-1.684792041778565">
        <ele>474.69999999999999</ele>
      </trkpt>
      <trkpt lat="42.876541307196021" lon="-1.684775277972221">
        <ele>474.55000000000001</ele>
      </trkpt>
      <trkpt lat="42.876366376876831" lon="-1.684716939926148">
        <ele>474.00999999999999</ele>
      </trkpt>
      <trkpt lat="42.876191446557641" lon="-1.684658601880074">
        <ele>473.54000000000002</ele>
      </trkpt>
      <trkpt lat="42.87614107131958" lon="-1.684641838073731">
        <ele>473.54000000000002</ele>
      </trkpt>
      <trkpt lat="42.87610393948853" lon="-1.684643849730492">
        <ele>473.39999999999998</ele>
      </trkpt>
      <trkpt lat="42.875924063846469" lon="-1.684653572738171">
        <ele>472.81999999999999</ele>
      </trkpt>
      <trkpt lat="42.875744104385376" lon="-1.68466329574585">
        <ele>472.37</ele>
      </trkpt>
      <trkpt lat="42.875564144924283" lon="-1.684673018753529">
        <ele>471.99000000000001</ele>
      </trkpt>
      <trkpt lat="42.875384269282222" lon="-1.684682741761208">
        <ele>471.60000000000002</ele>
      </trkpt>
      <trkpt lat="42.875347137451172" lon="-1.684684753417969">
        <ele>471.51999999999998</ele>
      </trkpt>
      <trkpt lat="42.875307742506266" lon="-1.684691291302443">
        <ele>471.36000000000001</ele>
      </trkpt>
      <trkpt lat="42.875129040330648" lon="-1.684721130877733">
        <ele>470.95999999999998</ele>
      </trkpt>
      <trkpt lat="42.875089645385742" lon="-1.684727668762207">
        <ele>470.87</ele>
      </trkpt>
      <trkpt lat="42.875081934034824" lon="-1.684729345142841">
        <ele>470.87</ele>
      </trkpt>
      <trkpt lat="42.874904237687588" lon="-1.684768907725811">
        <ele>470.47000000000003</ele>
      </trkpt>
      <trkpt lat="42.87489652633667" lon="-1.684770584106445">
        <ele>470.49000000000001</ele>
      </trkpt>
      <trkpt lat="42.874789237976074" lon="-1.684813499450684">
        <ele>470.13</ele>
      </trkpt>
      <trkpt lat="42.874761996790767" lon="-1.684832526370883">
        <ele>469.98000000000002</ele>
      </trkpt>
      <trkpt lat="42.87460190244019" lon="-1.684944676235318">
        <ele>469.77999999999997</ele>
      </trkpt>
      <trkpt lat="42.874574661254883" lon="-1.684963703155518">
        <ele>469.69</ele>
      </trkpt>
      <trkpt lat="42.874529315158725" lon="-1.685015670955181">
        <ele>469.60000000000002</ele>
      </trkpt>
      <trkpt lat="42.874391516670585" lon="-1.68517341837287">
        <ele>469.19999999999999</ele>
      </trkpt>
      <trkpt lat="42.874253802001476" lon="-1.685331165790558">
        <ele>468.75</ele>
      </trkpt>
      <trkpt lat="42.874116087332368" lon="-1.685488829389215">
        <ele>468.26999999999998</ele>
      </trkpt>
      <trkpt lat="42.87397837266326" lon="-1.685646576806903">
        <ele>467.93000000000001</ele>
      </trkpt>
      <trkpt lat="42.873840574175119" lon="-1.685804324224591">
        <ele>467.51999999999998</ele>
      </trkpt>
      <trkpt lat="42.873702859506011" lon="-1.68596207164228">
        <ele>466.99000000000001</ele>
      </trkpt>
      <trkpt lat="42.873565144836903" lon="-1.686119735240936">
        <ele>466.61000000000001</ele>
      </trkpt>
      <trkpt lat="42.873427430167794" lon="-1.686277482658625">
        <ele>466.22000000000003</ele>
      </trkpt>
      <trkpt lat="42.873289631679654" lon="-1.686435230076313">
        <ele>465.81</ele>
      </trkpt>
      <trkpt lat="42.873244285583496" lon="-1.686487197875977">
        <ele>465.58999999999997</ele>
      </trkpt>
      <trkpt lat="42.873179325833917" lon="-1.686547212302685">
        <ele>465.44</ele>
      </trkpt>
      <trkpt lat="42.873030295595527" lon="-1.686684675514698">
        <ele>464.94</ele>
      </trkpt>
      <trkpt lat="42.872965335845947" lon="-1.686744689941406">
        <ele>464.76999999999998</ele>
      </trkpt>
      <trkpt lat="42.872919319197536" lon="-1.686771512031555">
        <ele>464.56999999999999</ele>
      </trkpt>
      <trkpt lat="42.872753860428929" lon="-1.686868071556091">
        <ele>464.13</ele>
      </trkpt>
      <trkpt lat="42.872707843780518" lon="-1.68689489364624">
        <ele>463.94</ele>
      </trkpt>
      <trkpt lat="42.872656378895044" lon="-1.686919368803501">
        <ele>463.75999999999999</ele>
      </trkpt>
      <trkpt lat="42.872486477717757" lon="-1.687000337988138">
        <ele>463.20999999999998</ele>
      </trkpt>
      <trkpt lat="42.872316492721438" lon="-1.687081223353744">
        <ele>462.55000000000001</ele>
      </trkpt>
      <trkpt lat="42.87214650772512" lon="-1.687162192538381">
        <ele>462.16000000000003</ele>
      </trkpt>
      <trkpt lat="42.871976606547832" lon="-1.687243161723018">
        <ele>461.79000000000002</ele>
      </trkpt>
      <trkpt lat="42.871806621551514" lon="-1.687324047088623">
        <ele>461.38999999999999</ele>
      </trkpt>
      <trkpt lat="42.871636636555195" lon="-1.68740501627326">
        <ele>461.02999999999997</ele>
      </trkpt>
      <trkpt lat="42.871466735377908" lon="-1.687485901638866">
        <ele>460.73000000000002</ele>
      </trkpt>
      <trkpt lat="42.871296750381589" lon="-1.687566870823503">
        <ele>460.48000000000002</ele>
      </trkpt>
      <trkpt lat="42.87112676538527" lon="-1.687647756189108">
        <ele>460.22000000000003</ele>
      </trkpt>
      <trkpt lat="42.870956864207983" lon="-1.687728725373745">
        <ele>460.01999999999998</ele>
      </trkpt>
      <trkpt lat="42.87090539932251" lon="-1.687753200531006">
        <ele>459.93000000000001</ele>
      </trkpt>
      <trkpt lat="42.870866758748889" lon="-1.687773065641522">
        <ele>459.79000000000002</ele>
      </trkpt>
      <trkpt lat="42.870698282495141" lon="-1.687859734520316">
        <ele>459.57999999999998</ele>
      </trkpt>
      <trkpt lat="42.870529890060425" lon="-1.687946319580078">
        <ele>459.38999999999999</ele>
      </trkpt>
      <trkpt lat="42.870361497625709" lon="-1.68803290463984">
        <ele>459.08999999999997</ele>
      </trkpt>
      <trkpt lat="42.870193021371961" lon="-1.688119573518634">
        <ele>458.82999999999998</ele>
      </trkpt>
      <trkpt lat="42.87015438079834" lon="-1.68813943862915">
        <ele>458.73000000000002</ele>
      </trkpt>
      <trkpt lat="42.870147423818707" lon="-1.688144719228149">
        <ele>458.73000000000002</ele>
      </trkpt>
      <trkpt lat="42.869989676401019" lon="-1.688262904062867">
        <ele>458.41000000000003</ele>
      </trkpt>
      <trkpt lat="42.869982719421387" lon="-1.688268184661865">
        <ele>458.43000000000001</ele>
      </trkpt>
      <trkpt lat="42.869942905381322" lon="-1.688315961509943">
        <ele>458.38</ele>
      </trkpt>
      <trkpt lat="42.86980795674026" lon="-1.688477899879217">
        <ele>458.18000000000001</ele>
      </trkpt>
      <trkpt lat="42.869768142700195" lon="-1.688525676727295">
        <ele>458.13</ele>
      </trkpt>
      <trkpt lat="42.869737548753619" lon="-1.688579237088561">
        <ele>458.06999999999999</ele>
      </trkpt>
      <trkpt lat="42.869627075269818" lon="-1.688772523775697">
        <ele>457.85000000000002</ele>
      </trkpt>
      <trkpt lat="42.869596481323242" lon="-1.688826084136963">
        <ele>457.83999999999997</ele>
      </trkpt>
      <trkpt lat="42.869577454403043" lon="-1.688870508223772">
        <ele>457.74000000000001</ele>
      </trkpt>
      <trkpt lat="42.869486762210727" lon="-1.689082067459822">
        <ele>457.39999999999998</ele>
      </trkpt>
      <trkpt lat="42.869467735290527" lon="-1.689126491546631">
        <ele>457.38</ele>
      </trkpt>
      <trkpt lat="42.869464717805386" lon="-1.689146189019084">
        <ele>457.38</ele>
      </trkpt>
      <trkpt lat="42.869427837431431" lon="-1.689385743811727">
        <ele>457.01999999999998</ele>
      </trkpt>
      <trkpt lat="42.869424819946289" lon="-1.68940544128418">
        <ele>457.01999999999998</ele>
      </trkpt>
      <trkpt lat="42.869420209899545" lon="-1.689497893676162">
        <ele>456.72000000000003</ele>
      </trkpt>
      <trkpt lat="42.869407972320914" lon="-1.68974214233458">
        <ele>456.02999999999997</ele>
      </trkpt>
      <trkpt lat="42.86940336227417" lon="-1.689834594726563">
        <ele>455.80000000000001</ele>
      </trkpt>
      <trkpt lat="42.86940336227417" lon="-1.689849179238081">
        <ele>455.74000000000001</ele>
      </trkpt>
      <trkpt lat="42.86940336227417" lon="-1.690094014629722">
        <ele>455.00999999999999</ele>
      </trkpt>
      <trkpt lat="42.86940336227417" lon="-1.690338850021362">
        <ele>454.18000000000001</ele>
      </trkpt>
      <trkpt lat="42.86940336227417" lon="-1.690583685413003">
        <ele>453.41000000000003</ele>
      </trkpt>
      <trkpt lat="42.86940336227417" lon="-1.690828520804644">
        <ele>452.74000000000001</ele>
      </trkpt>
      <trkpt lat="42.86940336227417" lon="-1.690843105316162">
        <ele>452.68000000000001</ele>
      </trkpt>
      <trkpt lat="42.869425071403384" lon="-1.69084788300097">
        <ele>452.77999999999997</ele>
      </trkpt>
      <trkpt lat="42.869602767750621" lon="-1.690887026488781">
        <ele>452.80000000000001</ele>
      </trkpt>
      <trkpt lat="42.869780547916889" lon="-1.690926253795624">
        <ele>453.02999999999997</ele>
      </trkpt>
      <trkpt lat="42.869958328083158" lon="-1.690965397283435">
        <ele>453.19999999999999</ele>
      </trkpt>
      <trkpt lat="42.870136108249426" lon="-1.691004540771246">
        <ele>453.42000000000002</ele>
      </trkpt>
      <trkpt lat="42.870313804596663" lon="-1.691043684259057">
        <ele>453.56</ele>
      </trkpt>
      <trkpt lat="42.870491584762931" lon="-1.6910829115659">
        <ele>453.83999999999997</ele>
      </trkpt>
      <trkpt lat="42.870669364929199" lon="-1.691122055053711">
        <ele>454.02999999999997</ele>
      </trkpt>
      <trkpt lat="42.870847145095468" lon="-1.691161198541522">
        <ele>454.31999999999999</ele>
      </trkpt>
      <trkpt lat="42.871024925261736" lon="-1.691200425848365">
        <ele>454.56999999999999</ele>
      </trkpt>
      <trkpt lat="42.871202621608973" lon="-1.691239569336176">
        <ele>454.87</ele>
      </trkpt>
      <trkpt lat="42.871380401775241" lon="-1.691278712823987">
        <ele>455.13</ele>
      </trkpt>
      <trkpt lat="42.871558181941509" lon="-1.691317856311798">
        <ele>455.49000000000001</ele>
      </trkpt>
      <trkpt lat="42.871735962107778" lon="-1.691357083618641">
        <ele>455.75999999999999</ele>
      </trkpt>
      <trkpt lat="42.871913658455014" lon="-1.691396227106452">
        <ele>456.04000000000002</ele>
      </trkpt>
      <trkpt lat="42.871935367584229" lon="-1.69140100479126">
        <ele>456.06999999999999</ele>
      </trkpt>
      <trkpt lat="42.871940145269036" lon="-1.691401926800609">
        <ele>456.06999999999999</ele>
      </trkpt>
      <trkpt lat="42.872118512168527" lon="-1.691435873508453">
        <ele>456.43000000000001</ele>
      </trkpt>
      <trkpt lat="42.872296795248985" lon="-1.691469820216298">
        <ele>456.76999999999998</ele>
      </trkpt>
      <trkpt lat="42.872475162148476" lon="-1.691503850743175">
        <ele>457.12</ele>
      </trkpt>
      <trkpt lat="42.872653445228934" lon="-1.691537797451019">
        <ele>457.39999999999998</ele>
      </trkpt>
      <trkpt lat="42.872831812128425" lon="-1.691571744158864">
        <ele>457.75999999999999</ele>
      </trkpt>
      <trkpt lat="42.872836589813232" lon="-1.691572666168213">
        <ele>457.75999999999999</ele>
      </trkpt>
      <trkpt lat="42.872875481843948" lon="-1.69157593511045">
        <ele>457.87</ele>
      </trkpt>
      <trkpt lat="42.873055189847946" lon="-1.691590854898095">
        <ele>458.13999999999999</ele>
      </trkpt>
      <trkpt lat="42.873094081878662" lon="-1.691594123840332">
        <ele>458.23000000000002</ele>
      </trkpt>
      <trkpt lat="42.873144121840596" lon="-1.691586412489414">
        <ele>458.29000000000002</ele>
      </trkpt>
      <trkpt lat="42.873322991654277" lon="-1.691558919847012">
        <ele>458.57999999999998</ele>
      </trkpt>
      <trkpt lat="42.873373031616211" lon="-1.691551208496094">
        <ele>458.63999999999999</ele>
      </trkpt>
      <trkpt lat="42.873435141518712" lon="-1.691528661176562">
        <ele>458.76999999999998</ele>
      </trkpt>
      <trkpt lat="42.873609066009521" lon="-1.691465377807617">
        <ele>459.10000000000002</ele>
      </trkpt>
      <trkpt lat="42.873782990500331" lon="-1.691402094438672">
        <ele>459.41000000000003</ele>
      </trkpt>
      <trkpt lat="42.873845100402832" lon="-1.691379547119141">
        <ele>459.56</ele>
      </trkpt>
      <trkpt lat="42.873874856159091" lon="-1.691371416673064">
        <ele>459.56</ele>
      </trkpt>
      <trkpt lat="42.874051379039884" lon="-1.69132330454886">
        <ele>459.94999999999999</ele>
      </trkpt>
      <trkpt lat="42.874081134796143" lon="-1.691315174102783">
        <ele>459.97000000000003</ele>
      </trkpt>
      <trkpt lat="42.874087924137712" lon="-1.691314419731498">
        <ele>459.97000000000003</ele>
      </trkpt>
      <trkpt lat="42.874267464503646" lon="-1.69129447080195">
        <ele>460.38</ele>
      </trkpt>
      <trkpt lat="42.874274253845215" lon="-1.691293716430664">
        <ele>460.38</ele>
      </trkpt>
      <trkpt lat="42.874292442575097" lon="-1.691297320649028">
        <ele>460.47000000000003</ele>
      </trkpt>
      <trkpt lat="42.874470641836524" lon="-1.691333027556539">
        <ele>460.81999999999999</ele>
      </trkpt>
      <trkpt lat="42.874488830566406" lon="-1.691336631774902">
        <ele>460.83999999999997</ele>
      </trkpt>
      <trkpt lat="42.874566446989775" lon="-1.69135607779026">
        <ele>461.00999999999999</ele>
      </trkpt>
      <trkpt lat="42.874743556603789" lon="-1.691400334239006">
        <ele>461.27999999999997</ele>
      </trkpt>
      <trkpt lat="42.874920750036836" lon="-1.691444590687752">
        <ele>461.64999999999998</ele>
      </trkpt>
      <trkpt lat="42.87509785965085" lon="-1.691488847136498">
        <ele>461.94999999999999</ele>
      </trkpt>
      <trkpt lat="42.875175476074219" lon="-1.691508293151856">
        <ele>462.01999999999998</ele>
      </trkpt>
      <trkpt lat="42.875224761664867" lon="-1.691525308415294">
        <ele>462.14999999999998</ele>
      </trkpt>
      <trkpt lat="42.875399356707931" lon="-1.691585490480065">
        <ele>462.39999999999998</ele>
      </trkpt>
      <trkpt lat="42.875573867931962" lon="-1.691645672544837">
        <ele>462.61000000000001</ele>
      </trkpt>
      <trkpt lat="42.875748462975025" lon="-1.691705854609609">
        <ele>462.97000000000003</ele>
      </trkpt>
      <trkpt lat="42.875797748565674" lon="-1.691722869873047">
        <ele>463.00999999999999</ele>
      </trkpt>
      <trkpt lat="42.875839993357658" lon="-1.691740890964866">
        <ele>463.11000000000001</ele>
      </trkpt>
      <trkpt lat="42.876011822372675" lon="-1.691814148798585">
        <ele>463.49000000000001</ele>
      </trkpt>
      <trkpt lat="42.876183651387691" lon="-1.691887406632304">
        <ele>463.83999999999997</ele>
      </trkpt>
      <trkpt lat="42.876355480402708" lon="-1.691960748285055">
        <ele>464.17000000000002</ele>
      </trkpt>
      <trkpt lat="42.876527309417725" lon="-1.692034006118774">
        <ele>464.47000000000003</ele>
      </trkpt>
      <trkpt lat="42.876699138432741" lon="-1.692107263952494">
        <ele>464.77999999999997</ele>
      </trkpt>
      <trkpt lat="42.876870967447758" lon="-1.692180521786213">
        <ele>465.17000000000002</ele>
      </trkpt>
      <trkpt lat="42.877042796462774" lon="-1.692253863438964">
        <ele>465.56999999999999</ele>
      </trkpt>
      <trkpt lat="42.877214625477791" lon="-1.692327121272683">
        <ele>465.95999999999998</ele>
      </trkpt>
      <trkpt lat="42.877256870269775" lon="-1.692345142364502">
        <ele>465.99000000000001</ele>
      </trkpt>
      <trkpt lat="42.877289727330208" lon="-1.692365342751145">
        <ele>466</ele>
      </trkpt>
      <trkpt lat="42.877453761175275" lon="-1.692466344684362">
        <ele>466.37</ele>
      </trkpt>
      <trkpt lat="42.877617878839374" lon="-1.692567262798548">
        <ele>466.76999999999998</ele>
      </trkpt>
      <trkpt lat="42.877781912684441" lon="-1.692668264731765">
        <ele>467.18000000000001</ele>
      </trkpt>
      <trkpt lat="42.877814769744873" lon="-1.692688465118408">
        <ele>467.25999999999999</ele>
      </trkpt>
      <trkpt lat="42.877871012315154" lon="-1.692724591121078">
        <ele>467.29000000000002</ele>
      </trkpt>
      <trkpt lat="42.878033788874745" lon="-1.69282928109169">
        <ele>467.69999999999999</ele>
      </trkpt>
      <trkpt lat="42.878196565434337" lon="-1.692933887243271">
        <ele>467.94</ele>
      </trkpt>
      <trkpt lat="42.878359341993928" lon="-1.693038577213883">
        <ele>468.41000000000003</ele>
      </trkpt>
      <trkpt lat="42.878415584564209" lon="-1.693074703216553">
        <ele>468.5</ele>
      </trkpt>
      <trkpt lat="42.878486160188913" lon="-1.693131867796183">
        <ele>468.75</ele>
      </trkpt>
      <trkpt lat="42.87864089012146" lon="-1.693257093429565">
        <ele>469.11000000000001</ele>
      </trkpt>
      <trkpt lat="42.878795620054007" lon="-1.693382319062948">
        <ele>469.37</ele>
      </trkpt>
      <trkpt lat="42.878866195678711" lon="-1.693439483642578">
        <ele>469.69999999999999</ele>
      </trkpt>
      <trkpt lat="42.87889108993113" lon="-1.693454403430224">
        <ele>469.69999999999999</ele>
      </trkpt>
      <trkpt lat="42.879055878147483" lon="-1.693553309887648">
        <ele>470.01999999999998</ele>
      </trkpt>
      <trkpt lat="42.879080772399902" lon="-1.693568229675293">
        <ele>470.07999999999998</ele>
      </trkpt>
      <trkpt lat="42.879252433776855" lon="-1.693611145019531">
        <ele>470.47000000000003</ele>
      </trkpt>
      <trkpt lat="42.879308424890041" lon="-1.693611145019531">
        <ele>470.61000000000001</ele>
      </trkpt>
      <trkpt lat="42.879488468170166" lon="-1.693611145019531">
        <ele>471.05000000000001</ele>
      </trkpt>
      <trkpt lat="42.879668511450291" lon="-1.693611145019531">
        <ele>471.06999999999999</ele>
      </trkpt>
      <trkpt lat="42.879724502563477" lon="-1.693611145019531">
        <ele>471.48000000000002</ele>
      </trkpt>
      <trkpt lat="42.87978476844728" lon="-1.693615419790149">
        <ele>471.60000000000002</ele>
      </trkpt>
      <trkpt lat="42.879964644089341" lon="-1.693628327921033">
        <ele>472.06999999999999</ele>
      </trkpt>
      <trkpt lat="42.880024909973145" lon="-1.69363260269165">
        <ele>472.27999999999997</ele>
      </trkpt>
      <trkpt lat="42.880033627152443" lon="-1.693634362891316">
        <ele>472.36000000000001</ele>
      </trkpt>
      <trkpt lat="42.880211658775806" lon="-1.693671075627208">
        <ele>472.83999999999997</ele>
      </trkpt>
      <trkpt lat="42.88038969039917" lon="-1.693707704544067">
        <ele>473.25</ele>
      </trkpt>
      <trkpt lat="42.880567722022533" lon="-1.693744333460927">
        <ele>473.54000000000002</ele>
      </trkpt>
      <trkpt lat="42.880745753645897" lon="-1.693781046196818">
        <ele>474.13999999999999</ele>
      </trkpt>
      <trkpt lat="42.880754470825195" lon="-1.693782806396484">
        <ele>474.01999999999998</ele>
      </trkpt>
      <trkpt lat="42.880805181339383" lon="-1.693794541060925">
        <ele>474.27999999999997</ele>
      </trkpt>
      <trkpt lat="42.880982710048556" lon="-1.693835444748402">
        <ele>474.75999999999999</ele>
      </trkpt>
      <trkpt lat="42.881033420562744" lon="-1.693847179412842">
        <ele>474.91000000000003</ele>
      </trkpt>
      <trkpt lat="42.881162166595459" lon="-1.693911552429199">
        <ele>475.24000000000001</ele>
      </trkpt>
      <trkpt lat="42.881240788847208" lon="-1.693952539935708">
        <ele>475.47000000000003</ele>
      </trkpt>
      <trkpt lat="42.881408929824829" lon="-1.694040298461914">
        <ele>475.99000000000001</ele>
      </trkpt>
      <trkpt lat="42.88157707080245" lon="-1.69412805698812">
        <ele>476.58999999999997</ele>
      </trkpt>
      <trkpt lat="42.881655693054199" lon="-1.694169044494629">
        <ele>476.99000000000001</ele>
      </trkpt>
      <trkpt lat="42.881736159324646" lon="-1.69421455822885">
        <ele>477.25999999999999</ele>
      </trkpt>
      <trkpt lat="42.881902456283569" lon="-1.694308519363403">
        <ele>477.95999999999998</ele>
      </trkpt>
      <trkpt lat="42.882068753242493" lon="-1.694402480497956">
        <ele>478.52999999999997</ele>
      </trkpt>
      <trkpt lat="42.882149219512939" lon="-1.694447994232178">
        <ele>478.81</ele>
      </trkpt>
      <trkpt lat="42.882277965545654" lon="-1.694490909576416">
        <ele>479.24000000000001</ele>
      </trkpt>
      <trkpt lat="42.882295232266188" lon="-1.694490909576416">
        <ele>479.31</ele>
      </trkpt>
      <trkpt lat="42.882475275546312" lon="-1.694490909576416">
        <ele>479.89999999999998</ele>
      </trkpt>
      <trkpt lat="42.882492542266846" lon="-1.694490909576416">
        <ele>479.88</ele>
      </trkpt>
      <trkpt lat="42.88264274597168" lon="-1.694490909576416">
        <ele>480.33999999999997</ele>
      </trkpt>
      <trkpt lat="42.882701167836785" lon="-1.694477666169405">
        <ele>480.44999999999999</ele>
      </trkpt>
      <trkpt lat="42.88287878036499" lon="-1.694437265396118">
        <ele>480.80000000000001</ele>
      </trkpt>
      <trkpt lat="42.883056392893195" lon="-1.694396864622831">
        <ele>481.25999999999999</ele>
      </trkpt>
      <trkpt lat="42.883114814758301" lon="-1.69438362121582">
        <ele>481.44</ele>
      </trkpt>
      <trkpt lat="42.883179187774658" lon="-1.694362163543701">
        <ele>481.63</ele>
      </trkpt>
      <trkpt lat="42.883229898288846" lon="-1.694350428879261">
        <ele>481.76999999999998</ele>
      </trkpt>
      <trkpt lat="42.883407426998019" lon="-1.694309525191784">
        <ele>482.38999999999999</ele>
      </trkpt>
      <trkpt lat="42.883458137512207" lon="-1.694297790527344">
        <ele>482.50999999999999</ele>
      </trkpt>
      <trkpt lat="42.883565425872803" lon="-1.694254875183106">
        <ele>482.75999999999999</ele>
      </trkpt>
      <trkpt lat="42.883645473048091" lon="-1.694201482459903">
        <ele>482.81999999999999</ele>
      </trkpt>
      <trkpt lat="42.883807243779302" lon="-1.694093691185117">
        <ele>482.93000000000001</ele>
      </trkpt>
      <trkpt lat="42.88388729095459" lon="-1.694040298461914">
        <ele>482.98000000000002</ele>
      </trkpt>
      <trkpt lat="42.884016036987305" lon="-1.693975925445557">
        <ele>483.07999999999998</ele>
      </trkpt>
      <trkpt lat="42.884061131626368" lon="-1.693962514400482">
        <ele>483.06</ele>
      </trkpt>
      <trkpt lat="42.884237067773938" lon="-1.693910211324692">
        <ele>483.35000000000002</ele>
      </trkpt>
      <trkpt lat="42.884413003921509" lon="-1.693857908248901">
        <ele>483.62</ele>
      </trkpt>
      <trkpt lat="42.884588940069079" lon="-1.693805605173111">
        <ele>483.75999999999999</ele>
      </trkpt>
      <trkpt lat="42.88476487621665" lon="-1.693753302097321">
        <ele>484.01999999999998</ele>
      </trkpt>
      <trkpt lat="42.884809970855713" lon="-1.693739891052246">
        <ele>484.06</ele>
      </trkpt>
      <trkpt lat="42.884824387729168" lon="-1.693737460300326">
        <ele>484.11000000000001</ele>
      </trkpt>
      <trkpt lat="42.885003089904785" lon="-1.693707704544067">
        <ele>484.13</ele>
      </trkpt>
      <trkpt lat="42.885181792080402" lon="-1.693677948787808">
        <ele>484.47000000000003</ele>
      </trkpt>
      <trkpt lat="42.885196208953857" lon="-1.693675518035889">
        <ele>484.47000000000003</ele>
      </trkpt>
      <trkpt lat="42.885244321078062" lon="-1.693671746179462">
        <ele>484.50999999999999</ele>
      </trkpt>
      <trkpt lat="42.885424112901092" lon="-1.69365749694407">
        <ele>484.76999999999998</ele>
      </trkpt>
      <trkpt lat="42.885603904724121" lon="-1.69364333152771">
        <ele>485.00999999999999</ele>
      </trkpt>
      <trkpt lat="42.885783696547151" lon="-1.69362916611135">
        <ele>485.22000000000003</ele>
      </trkpt>
      <trkpt lat="42.88596348837018" lon="-1.693614916875958">
        <ele>485.44</ele>
      </trkpt>
      <trkpt lat="42.886011600494385" lon="-1.693611145019531">
        <ele>485.44</ele>
      </trkpt>
      <trkpt lat="42.886073710396886" lon="-1.693593375384808">
        <ele>485.48000000000002</ele>
      </trkpt>
      <trkpt lat="42.886249898001552" lon="-1.693543083965778">
        <ele>485.50999999999999</ele>
      </trkpt>
      <trkpt lat="42.886312007904053" lon="-1.693525314331055">
        <ele>485.51999999999998</ele>
      </trkpt>
      <trkpt lat="42.886353330686688" lon="-1.693511568009853">
        <ele>485.61000000000001</ele>
      </trkpt>
      <trkpt lat="42.886528177186847" lon="-1.693453229963779">
        <ele>485.66000000000003</ele>
      </trkpt>
      <trkpt lat="42.886569499969482" lon="-1.693439483642578">
        <ele>485.62</ele>
      </trkpt>
      <trkpt lat="42.886625239625573" lon="-1.693409476429224">
        <ele>485.66000000000003</ele>
      </trkpt>
      <trkpt lat="42.886792710050941" lon="-1.693319287151098">
        <ele>485.70999999999998</ele>
      </trkpt>
      <trkpt lat="42.886848449707031" lon="-1.693289279937744">
        <ele>485.67000000000002</ele>
      </trkpt>
      <trkpt lat="42.886855406686664" lon="-1.693283999338746">
        <ele>485.68000000000001</ele>
      </trkpt>
      <trkpt lat="42.887013154104352" lon="-1.693165814504027">
        <ele>485.75</ele>
      </trkpt>
      <trkpt lat="42.887020111083984" lon="-1.693160533905029">
        <ele>485.75</ele>
      </trkpt>
      <trkpt lat="42.8870849031955" lon="-1.693102112039924">
        <ele>485.76999999999998</ele>
      </trkpt>
      <trkpt lat="42.887234939262271" lon="-1.692966660484672">
        <ele>485.81999999999999</ele>
      </trkpt>
      <trkpt lat="42.887384975329041" lon="-1.692831292748451">
        <ele>485.95999999999998</ele>
      </trkpt>
      <trkpt lat="42.887535011395812" lon="-1.692695841193199">
        <ele>485.97000000000003</ele>
      </trkpt>
      <trkpt lat="42.887685047462583" lon="-1.692560473456979">
        <ele>485.95999999999998</ele>
      </trkpt>
      <trkpt lat="42.887835083529353" lon="-1.692425021901727">
        <ele>486.01999999999998</ele>
      </trkpt>
      <trkpt lat="42.887899875640869" lon="-1.692366600036621">
        <ele>486.20999999999998</ele>
      </trkpt>
      <trkpt lat="42.887977072969079" lon="-1.692310441285372">
        <ele>486.13999999999999</ele>
      </trkpt>
      <trkpt lat="42.88813591003418" lon="-1.692194938659668">
        <ele>486.38999999999999</ele>
      </trkpt>
      <trkpt lat="42.88829474709928" lon="-1.692079436033964">
        <ele>486.63</ele>
      </trkpt>
      <trkpt lat="42.88837194442749" lon="-1.692023277282715">
        <ele>486.62</ele>
      </trkpt>
      <trkpt lat="42.888389211148024" lon="-1.692012883722782">
        <ele>486.52999999999997</ele>
      </trkpt>
      <trkpt lat="42.888553999364376" lon="-1.69191406108439">
        <ele>486.66000000000003</ele>
      </trkpt>
      <trkpt lat="42.888718703761697" lon="-1.691815238445997">
        <ele>486.77999999999997</ele>
      </trkpt>
      <trkpt lat="42.888883491978049" lon="-1.691716331988573">
        <ele>487.02999999999997</ele>
      </trkpt>
      <trkpt lat="42.88904819637537" lon="-1.691617509350181">
        <ele>487.13</ele>
      </trkpt>
      <trkpt lat="42.889212984591722" lon="-1.691518686711788">
        <ele>487.42000000000002</ele>
      </trkpt>
      <trkpt lat="42.889230251312256" lon="-1.691508293151856">
        <ele>487.36000000000001</ele>
      </trkpt>
      <trkpt lat="42.889313315972686" lon="-1.69148750603199">
        <ele>487.50999999999999</ele>
      </trkpt>
      <trkpt lat="42.889490509405732" lon="-1.691443249583244">
        <ele>487.87</ele>
      </trkpt>
      <trkpt lat="42.889573574066162" lon="-1.691422462463379">
        <ele>488.06</ele>
      </trkpt>
      <trkpt lat="42.889609197154641" lon="-1.691417098045349">
        <ele>488.20999999999998</ele>
      </trkpt>
      <trkpt lat="42.889788150787354" lon="-1.6913902759552">
        <ele>488.63999999999999</ele>
      </trkpt>
      <trkpt lat="42.889967104420066" lon="-1.691363453865051">
        <ele>488.91000000000003</ele>
      </trkpt>
      <trkpt lat="42.890002727508545" lon="-1.691358089447022">
        <ele>489.13</ele>
      </trkpt>
      <trkpt lat="42.890037344768643" lon="-1.691356329247356">
        <ele>489.19</ele>
      </trkpt>
      <trkpt lat="42.890217304229736" lon="-1.691347360610962">
        <ele>489.67000000000002</ele>
      </trkpt>
      <trkpt lat="42.890397263690829" lon="-1.691338391974568">
        <ele>490.10000000000002</ele>
      </trkpt>
      <trkpt lat="42.890431880950928" lon="-1.691336631774902">
        <ele>490.16000000000003</ele>
      </trkpt>
      <trkpt lat="42.890440849587321" lon="-1.691336967051029">
        <ele>490.16000000000003</ele>
      </trkpt>
      <trkpt lat="42.890620809048414" lon="-1.691343924030662">
        <ele>490.31999999999999</ele>
      </trkpt>
      <trkpt lat="42.890800852328539" lon="-1.691350797191262">
        <ele>490.27999999999997</ele>
      </trkpt>
      <trkpt lat="42.890980811789632" lon="-1.691357754170895">
        <ele>490.24000000000001</ele>
      </trkpt>
      <trkpt lat="42.890989780426025" lon="-1.691358089447022">
        <ele>490.27999999999997</ele>
      </trkpt>
      <trkpt lat="42.890996569767594" lon="-1.691358843818307">
        <ele>490.27999999999997</ele>
      </trkpt>
      <trkpt lat="42.891176110133529" lon="-1.691378792747855">
        <ele>490.36000000000001</ele>
      </trkpt>
      <trkpt lat="42.891182899475098" lon="-1.691379547119141">
        <ele>490.36000000000001</ele>
      </trkpt>
      <trkpt lat="42.891333103179932" lon="-1.691443920135498">
        <ele>490.54000000000002</ele>
      </trkpt>
      <trkpt lat="42.891357997432351" lon="-1.691461773589253">
        <ele>490.45999999999998</ele>
      </trkpt>
      <trkpt lat="42.89151725359261" lon="-1.691576270386577">
        <ele>490.73000000000002</ele>
      </trkpt>
      <trkpt lat="42.891676425933838" lon="-1.691690683364868">
        <ele>490.92000000000002</ele>
      </trkpt>
      <trkpt lat="42.891835598275065" lon="-1.69180509634316">
        <ele>491.33999999999997</ele>
      </trkpt>
      <trkpt lat="42.891994854435325" lon="-1.691919593140483">
        <ele>491.82999999999998</ele>
      </trkpt>
      <trkpt lat="42.892019748687744" lon="-1.691937446594238">
        <ele>491.93000000000001</ele>
      </trkpt>
      <trkpt lat="42.892079092562199" lon="-1.691984971985221">
        <ele>492.24000000000001</ele>
      </trkpt>
      <trkpt lat="42.892234325408936" lon="-1.692109107971191">
        <ele>492.75</ele>
      </trkpt>
      <trkpt lat="42.892389558255672" lon="-1.692233243957162">
        <ele>493.70999999999998</ele>
      </trkpt>
      <trkpt lat="42.892448902130127" lon="-1.692280769348145">
        <ele>494.01999999999998</ele>
      </trkpt>
      <trkpt lat="42.892577648162842" lon="-1.69238805770874">
        <ele>495.00999999999999</ele>
      </trkpt>
      <trkpt lat="42.892642021179199" lon="-1.692495346069336">
        <ele>495.70999999999998</ele>
      </trkpt>
      <trkpt lat="42.892727851867676" lon="-1.692709922790527">
        <ele>496.95999999999998</ele>
      </trkpt>
      <trkpt lat="42.892736401408911" lon="-1.692752670496702">
        <ele>497.23000000000002</ele>
      </trkpt>
      <trkpt lat="42.892783675342798" lon="-1.69298904016614">
        <ele>498.33999999999997</ele>
      </trkpt>
      <trkpt lat="42.892792224884033" lon="-1.693031787872315">
        <ele>498.55000000000001</ele>
      </trkpt>
      <trkpt lat="42.89280035533011" lon="-1.693058274686337">
        <ele>498.67000000000002</ele>
      </trkpt>
      <trkpt lat="42.892869925126433" lon="-1.693284250795841">
        <ele>499.99000000000001</ele>
      </trkpt>
      <trkpt lat="42.89287805557251" lon="-1.693310737609863">
        <ele>500.14999999999998</ele>
      </trkpt>
      <trkpt lat="42.892985343933105" lon="-1.693460941314697">
        <ele>501</ele>
      </trkpt>
      <trkpt lat="42.893049716949463" lon="-1.693568229675293">
        <ele>501.75999999999999</ele>
      </trkpt>
      <trkpt lat="42.893135547637939" lon="-1.69363260269165">
        <ele>502.42000000000002</ele>
      </trkpt>
      <trkpt lat="42.893189527094364" lon="-1.693665375933051">
        <ele>502.73000000000002</ele>
      </trkpt>
      <trkpt lat="42.893353896215558" lon="-1.693765288218856">
        <ele>503.38999999999999</ele>
      </trkpt>
      <trkpt lat="42.893518349155784" lon="-1.693865284323692">
        <ele>503.88</ele>
      </trkpt>
      <trkpt lat="42.893682718276978" lon="-1.693965196609497">
        <ele>504.36000000000001</ele>
      </trkpt>
      <trkpt lat="42.893847087398171" lon="-1.694065108895302">
        <ele>504.87</ele>
      </trkpt>
      <trkpt lat="42.894011540338397" lon="-1.694165021181107">
        <ele>505.42000000000002</ele>
      </trkpt>
      <trkpt lat="42.894175909459591" lon="-1.694265017285943">
        <ele>505.87</ele>
      </trkpt>
      <trkpt lat="42.894229888916016" lon="-1.694297790527344">
        <ele>506.01999999999998</ele>
      </trkpt>
      <trkpt lat="42.894284036010504" lon="-1.694330731406808">
        <ele>506.19999999999999</ele>
      </trkpt>
      <trkpt lat="42.894448405131698" lon="-1.694430727511644">
        <ele>506.68000000000001</ele>
      </trkpt>
      <trkpt lat="42.894612858071923" lon="-1.694530639797449">
        <ele>507.24000000000001</ele>
      </trkpt>
      <trkpt lat="42.894777227193117" lon="-1.694630635902286">
        <ele>507.94999999999999</ele>
      </trkpt>
      <trkpt lat="42.894941596314311" lon="-1.694730632007122">
        <ele>508.70999999999998</ele>
      </trkpt>
      <trkpt lat="42.895106049254537" lon="-1.694830544292927">
        <ele>509.60000000000002</ele>
      </trkpt>
      <trkpt lat="42.895270418375731" lon="-1.694930540397763">
        <ele>510.47000000000003</ele>
      </trkpt>
      <trkpt lat="42.895434787496924" lon="-1.6950305365026">
        <ele>511.38999999999999</ele>
      </trkpt>
      <trkpt lat="42.89559924043715" lon="-1.695130448788405">
        <ele>512.23000000000002</ele>
      </trkpt>
      <trkpt lat="42.895763609558344" lon="-1.695230444893241">
        <ele>513.17999999999995</ele>
      </trkpt>
      <trkpt lat="42.895817756652832" lon="-1.695263385772705">
        <ele>513.48000000000002</ele>
      </trkpt>
      <trkpt lat="42.895876932889223" lon="-1.69529833830893">
        <ele>513.77999999999997</ele>
      </trkpt>
      <trkpt lat="42.896042056381702" lon="-1.695395903661847">
        <ele>514.82000000000005</ele>
      </trkpt>
      <trkpt lat="42.896207263693213" lon="-1.695493552833796">
        <ele>515.94000000000005</ele>
      </trkpt>
      <trkpt lat="42.896372387185693" lon="-1.695591118186712">
        <ele>517.21000000000004</ele>
      </trkpt>
      <trkpt lat="42.896537594497204" lon="-1.695688767358661">
        <ele>518.44000000000005</ele>
      </trkpt>
      <trkpt lat="42.896702717989683" lon="-1.695786332711577">
        <ele>519.72000000000003</ele>
      </trkpt>
      <trkpt lat="42.896761894226074" lon="-1.695821285247803">
        <ele>520.21000000000004</ele>
      </trkpt>
      <trkpt lat="42.896763235330582" lon="-1.695821955800057">
        <ele>520.21000000000004</ele>
      </trkpt>
      <trkpt lat="42.89693221449852" lon="-1.695906445384026">
        <ele>521.53999999999996</ele>
      </trkpt>
      <trkpt lat="42.896933555603027" lon="-1.695907115936279">
        <ele>521.53999999999996</ele>
      </trkpt>
      <trkpt lat="42.897002957761288" lon="-1.695918766781688">
        <ele>522.03999999999996</ele>
      </trkpt>
      <trkpt lat="42.897062301635742" lon="-1.695928573608398">
        <ele>522.35000000000002</ele>
      </trkpt>
      <trkpt lat="42.8971266746521" lon="-1.695907115936279">
        <ele>522.60000000000002</ele>
      </trkpt>
      <trkpt lat="42.897233963012695" lon="-1.695842742919922">
        <ele>523.08000000000004</ele>
      </trkpt>
      <trkpt lat="42.897298336029053" lon="-1.695799827575684">
        <ele>523.62</ele>
      </trkpt>
      <trkpt lat="42.897311327978969" lon="-1.695781219750643">
        <ele>523.64999999999998</ele>
      </trkpt>
      <trkpt lat="42.897435547783971" lon="-1.695603858679533">
        <ele>524.75</ele>
      </trkpt>
      <trkpt lat="42.897448539733887" lon="-1.695585250854492">
        <ele>524.79999999999995</ele>
      </trkpt>
      <trkpt lat="42.897468069568276" lon="-1.695560859516263">
        <ele>525.04999999999995</ele>
      </trkpt>
      <trkpt lat="42.89760067127645" lon="-1.69539506547153">
        <ele>525.98000000000002</ele>
      </trkpt>
      <trkpt lat="42.89762020111084" lon="-1.695370674133301">
        <ele>526.17999999999995</ele>
      </trkpt>
      <trkpt lat="42.897684574127197" lon="-1.695306301116943">
        <ele>526.79999999999995</ele>
      </trkpt>
      <trkpt lat="42.897748863324523" lon="-1.695278724655509">
        <ele>527.14999999999998</ele>
      </trkpt>
      <trkpt lat="42.89792069233954" lon="-1.695205131545663">
        <ele>528.40999999999997</ele>
      </trkpt>
      <trkpt lat="42.897984981536865" lon="-1.695177555084229">
        <ele>528.87</ele>
      </trkpt>
      <trkpt lat="42.898070812225342" lon="-1.695156097412109">
        <ele>529.27999999999997</ele>
      </trkpt>
      <trkpt lat="42.898178100585938" lon="-1.695177555084229">
        <ele>529.76999999999998</ele>
      </trkpt>
      <trkpt lat="42.898221015930176" lon="-1.695199012756348">
        <ele>530.17999999999995</ele>
      </trkpt>
      <trkpt lat="42.898263931274414" lon="-1.695263385772705">
        <ele>530.27999999999997</ele>
      </trkpt>
      <trkpt lat="42.898285388946533" lon="-1.695370674133301">
        <ele>530.48000000000002</ele>
      </trkpt>
      <trkpt lat="42.898306846618652" lon="-1.695585250854492">
        <ele>531.13</ele>
      </trkpt>
      <trkpt lat="42.898306846618652" lon="-1.695713996887207">
        <ele>531.54999999999995</ele>
      </trkpt>
      <trkpt lat="42.898306846618652" lon="-1.695864200592041">
        <ele>532</ele>
      </trkpt>
      <trkpt lat="42.898306762799621" lon="-1.695866463705897">
        <ele>532</ele>
      </trkpt>
      <trkpt lat="42.898296117782593" lon="-1.696110963821411">
        <ele>532.80999999999995</ele>
      </trkpt>
      <trkpt lat="42.898285472765565" lon="-1.696355463936925">
        <ele>533.92999999999995</ele>
      </trkpt>
      <trkpt lat="42.898285388946533" lon="-1.696357727050781">
        <ele>533.92999999999995</ele>
      </trkpt>
      <trkpt lat="42.898284802213311" lon="-1.696364767849445">
        <ele>533.92999999999995</ele>
      </trkpt>
      <trkpt lat="42.898264518007636" lon="-1.696608178317547">
        <ele>535.12</ele>
      </trkpt>
      <trkpt lat="42.898263931274414" lon="-1.696615219116211">
        <ele>535.12</ele>
      </trkpt>
      <trkpt lat="42.898263093084097" lon="-1.696645058691502">
        <ele>535.15999999999997</ele>
      </trkpt>
      <trkpt lat="42.898256471380591" lon="-1.696889810264111">
        <ele>536.41999999999996</ele>
      </trkpt>
      <trkpt lat="42.898249933496118" lon="-1.69713456183672">
        <ele>537.46000000000004</ele>
      </trkpt>
      <trkpt lat="42.898243311792612" lon="-1.697379313409329">
        <ele>538.53999999999996</ele>
      </trkpt>
      <trkpt lat="42.898242473602295" lon="-1.697409152984619">
        <ele>538.75</ele>
      </trkpt>
      <trkpt lat="42.898263931274414" lon="-1.697559356689453">
        <ele>539.65999999999997</ele>
      </trkpt>
      <trkpt lat="42.898328304290771" lon="-1.697602272033691">
        <ele>540.19000000000005</ele>
      </trkpt>
      <trkpt lat="42.898414134979248" lon="-1.697623729705811">
        <ele>540.92999999999995</ele>
      </trkpt>
      <trkpt lat="42.898462750017643" lon="-1.697587268427014">
        <ele>541.13999999999999</ele>
      </trkpt>
      <trkpt lat="42.898499965667725" lon="-1.697559356689453">
        <ele>541.41999999999996</ele>
      </trkpt>
      <trkpt lat="42.89854422211647" lon="-1.697488445788622">
        <ele>541.55999999999995</ele>
      </trkpt>
      <trkpt lat="42.898660898208618" lon="-1.697301864624023">
        <ele>542.5</ele>
      </trkpt>
      <trkpt lat="42.898777574300766" lon="-1.697115283459425">
        <ele>543.26999999999998</ele>
      </trkpt>
      <trkpt lat="42.898821830749512" lon="-1.697044372558594">
        <ele>543.53999999999996</ele>
      </trkpt>
      <trkpt lat="42.898950576782227" lon="-1.69689416885376">
        <ele>544.01999999999998</ele>
      </trkpt>
      <trkpt lat="42.899079322814941" lon="-1.696786880493164">
        <ele>544.61000000000001</ele>
      </trkpt>
      <trkpt lat="42.899142438545823" lon="-1.696764333173633">
        <ele>544.87</ele>
      </trkpt>
      <trkpt lat="42.899316614493728" lon="-1.6967021394521">
        <ele>545.89999999999998</ele>
      </trkpt>
      <trkpt lat="42.899379730224609" lon="-1.696679592132568">
        <ele>546.34000000000003</ele>
      </trkpt>
      <trkpt lat="42.899392889812589" lon="-1.696678837761283">
        <ele>546.49000000000001</ele>
      </trkpt>
      <trkpt lat="42.899572849273682" lon="-1.696668863296509">
        <ele>547.64999999999998</ele>
      </trkpt>
      <trkpt lat="42.899752808734775" lon="-1.696658888831735">
        <ele>549.07000000000005</ele>
      </trkpt>
      <trkpt lat="42.899765968322754" lon="-1.696658134460449">
        <ele>549.07000000000005</ele>
      </trkpt>
      <trkpt lat="42.899894714355469" lon="-1.696679592132568">
        <ele>550.04999999999995</ele>
      </trkpt>
      <trkpt lat="42.899903850629926" lon="-1.69668260961771">
        <ele>550.04999999999995</ele>
      </trkpt>
      <trkpt lat="42.900078697130084" lon="-1.696740947663784">
        <ele>551.34000000000003</ele>
      </trkpt>
      <trkpt lat="42.900087833404541" lon="-1.696743965148926">
        <ele>551.34000000000003</ele>
      </trkpt>
      <trkpt lat="42.900145081803203" lon="-1.69677397236228">
        <ele>551.63</ele>
      </trkpt>
      <trkpt lat="42.900313138961792" lon="-1.696861982345581">
        <ele>553.01999999999998</ele>
      </trkpt>
      <trkpt lat="42.900481196120381" lon="-1.696949992328882">
        <ele>554.08000000000004</ele>
      </trkpt>
      <trkpt lat="42.900538444519043" lon="-1.696979999542236">
        <ele>554.48000000000002</ele>
      </trkpt>
      <trkpt lat="42.900584880262613" lon="-1.697003217414022">
        <ele>554.86000000000001</ele>
      </trkpt>
      <trkpt lat="42.900753943249583" lon="-1.697087790817022">
        <ele>556.09000000000003</ele>
      </trkpt>
      <trkpt lat="42.900922922417521" lon="-1.697172364220023">
        <ele>557.25</ele>
      </trkpt>
      <trkpt lat="42.900969358161092" lon="-1.697195582091808">
        <ele>557.63</ele>
      </trkpt>
      <trkpt lat="42.901096343994141" lon="-1.697258949279785">
        <ele>558.54999999999995</ele>
      </trkpt>
      <trkpt lat="42.901177396997809" lon="-1.697310162708163">
        <ele>559.10000000000002</ele>
      </trkpt>
      <trkpt lat="42.901340676471591" lon="-1.697413260117173">
        <ele>560.34000000000003</ele>
      </trkpt>
      <trkpt lat="42.901504039764404" lon="-1.697516441345215">
        <ele>561.62</ele>
      </trkpt>
      <trkpt lat="42.901667403057218" lon="-1.697619622573257">
        <ele>562.86000000000001</ele>
      </trkpt>
      <trkpt lat="42.901830682530999" lon="-1.697722719982266">
        <ele>564.23000000000002</ele>
      </trkpt>
      <trkpt lat="42.901911735534668" lon="-1.697773933410645">
        <ele>564.98000000000002</ele>
      </trkpt>
      <trkpt lat="42.90198365226388" lon="-1.697820536792278">
        <ele>565.58000000000004</ele>
      </trkpt>
      <trkpt lat="42.902146177366376" lon="-1.697925981134176">
        <ele>566.88999999999999</ele>
      </trkpt>
      <trkpt lat="42.902308702468872" lon="-1.698031425476074">
        <ele>568.07000000000005</ele>
      </trkpt>
      <trkpt lat="42.902471227571368" lon="-1.698136869817972">
        <ele>569.29999999999995</ele>
      </trkpt>
      <trkpt lat="42.902633752673864" lon="-1.69824231415987">
        <ele>570.38</ele>
      </trkpt>
      <trkpt lat="42.902705669403076" lon="-1.698288917541504">
        <ele>570.98000000000002</ele>
      </trkpt>
      <trkpt lat="42.902791500091553" lon="-1.698310375213623">
        <ele>571.24000000000001</ele>
      </trkpt>
      <trkpt lat="42.902898788452148" lon="-1.698310375213623">
        <ele>572.13</ele>
      </trkpt>
      <trkpt lat="42.903027534484863" lon="-1.698267459869385">
        <ele>573.15999999999997</ele>
      </trkpt>
      <trkpt lat="42.903094757348299" lon="-1.698229070752859">
        <ele>573.44000000000005</ele>
      </trkpt>
      <trkpt lat="42.903260719031096" lon="-1.698134187608957">
        <ele>574.33000000000004</ele>
      </trkpt>
      <trkpt lat="42.903327941894531" lon="-1.698095798492432">
        <ele>574.77999999999997</ele>
      </trkpt>
      <trkpt lat="42.903456687927246" lon="-1.698009967803955">
        <ele>575.85000000000002</ele>
      </trkpt>
      <trkpt lat="42.903489293530583" lon="-1.697995131835342">
        <ele>576.14999999999998</ele>
      </trkpt>
      <trkpt lat="42.903660116717219" lon="-1.697917515411973">
        <ele>577.69000000000005</ele>
      </trkpt>
      <trkpt lat="42.903692722320557" lon="-1.697902679443359">
        <ele>577.98000000000002</ele>
      </trkpt>
      <trkpt lat="42.903821468353271" lon="-1.697902679443359">
        <ele>578.78999999999996</ele>
      </trkpt>
      <trkpt lat="42.903840830549598" lon="-1.697908462956548">
        <ele>578.88</ele>
      </trkpt>
      <trkpt lat="42.904016682878137" lon="-1.697961268946528">
        <ele>580.26999999999998</ele>
      </trkpt>
      <trkpt lat="42.904036045074463" lon="-1.697967052459717">
        <ele>580.45000000000005</ele>
      </trkpt>
      <trkpt lat="42.904121875762939" lon="-1.698052883148193">
        <ele>580.87</ele>
      </trkpt>
      <trkpt lat="42.904229164123535" lon="-1.698224544525147">
        <ele>581.83000000000004</ele>
      </trkpt>
      <trkpt lat="42.90427484549582" lon="-1.698326552286744">
        <ele>582.41999999999996</ele>
      </trkpt>
      <trkpt lat="42.90436863899231" lon="-1.698535680770874">
        <ele>583.75</ele>
      </trkpt>
      <trkpt lat="42.904462432488799" lon="-1.698744809255004">
        <ele>584.96000000000004</ele>
      </trkpt>
      <trkpt lat="42.904508113861084" lon="-1.698846817016602">
        <ele>585.50999999999999</ele>
      </trkpt>
      <trkpt lat="42.904513813555241" lon="-1.698863999918103">
        <ele>585.66999999999996</ele>
      </trkpt>
      <trkpt lat="42.904588244855404" lon="-1.69908712618053">
        <ele>586.83000000000004</ele>
      </trkpt>
      <trkpt lat="42.904593944549561" lon="-1.699104309082031">
        <ele>586.83000000000004</ele>
      </trkpt>
      <trkpt lat="42.904616156592965" lon="-1.699202712625265">
        <ele>587.49000000000001</ele>
      </trkpt>
      <trkpt lat="42.904669046401978" lon="-1.699436902999878">
        <ele>588.65999999999997</ele>
      </trkpt>
      <trkpt lat="42.90472193621099" lon="-1.699671093374491">
        <ele>590.01999999999998</ele>
      </trkpt>
      <trkpt lat="42.904744148254395" lon="-1.699769496917725">
        <ele>590.51999999999998</ele>
      </trkpt>
      <trkpt lat="42.90475269779563" lon="-1.6998122446239">
        <ele>590.59000000000003</ele>
      </trkpt>
      <trkpt lat="42.904799971729517" lon="-1.700048614293337">
        <ele>591.72000000000003</ele>
      </trkpt>
      <trkpt lat="42.904808521270752" lon="-1.700091361999512">
        <ele>592.13</ele>
      </trkpt>
      <trkpt lat="42.904787063598633" lon="-1.700263023376465">
        <ele>593.01999999999998</ele>
      </trkpt>
      <trkpt lat="42.904722690582275" lon="-1.700413227081299">
        <ele>593.75999999999999</ele>
      </trkpt>
      <trkpt lat="42.904706513509154" lon="-1.700438624247909">
        <ele>593.91999999999996</ele>
      </trkpt>
      <trkpt lat="42.904588663950562" lon="-1.700623864308">
        <ele>595.09000000000003</ele>
      </trkpt>
      <trkpt lat="42.904572486877441" lon="-1.700649261474609">
        <ele>595.27999999999997</ele>
      </trkpt>
      <trkpt lat="42.904556645080447" lon="-1.700665103271604">
        <ele>595.44000000000005</ele>
      </trkpt>
      <trkpt lat="42.904411554336548" lon="-1.700810194015503">
        <ele>596.63999999999999</ele>
      </trkpt>
      <trkpt lat="42.904266463592649" lon="-1.700955284759402">
        <ele>598.01999999999998</ele>
      </trkpt>
      <trkpt lat="42.904250621795654" lon="-1.700971126556397">
        <ele>598.11000000000001</ele>
      </trkpt>
      <trkpt lat="42.904164791107178" lon="-1.700992584228516">
        <ele>598.63</ele>
      </trkpt>
      <trkpt lat="42.904078960418701" lon="-1.700971126556397">
        <ele>599.03999999999996</ele>
      </trkpt>
      <trkpt lat="42.903950214385986" lon="-1.700928211212158">
        <ele>600.08000000000004</ele>
      </trkpt>
      <trkpt lat="42.903931858018041" lon="-1.700913878157735">
        <ele>600.19000000000005</ele>
      </trkpt>
      <trkpt lat="42.90377545170486" lon="-1.700792340561748">
        <ele>601.49000000000001</ele>
      </trkpt>
      <trkpt lat="42.903757095336914" lon="-1.700778007507324">
        <ele>601.54999999999995</ele>
      </trkpt>
      <trkpt lat="42.90360689163208" lon="-1.700692176818848">
        <ele>602.69000000000005</ele>
      </trkpt>
      <trkpt lat="42.903456687927246" lon="-1.700649261474609">
        <ele>603.67999999999995</ele>
      </trkpt>
      <trkpt lat="42.903327941894531" lon="-1.700649261474609">
        <ele>604.52999999999997</ele>
      </trkpt>
      <trkpt lat="42.903242111206055" lon="-1.700692176818848">
        <ele>605.16999999999996</ele>
      </trkpt>
      <trkpt lat="42.903199195861816" lon="-1.700799465179443">
        <ele>605.52999999999997</ele>
      </trkpt>
      <trkpt lat="42.903177738189697" lon="-1.700928211212158">
        <ele>606.38999999999999</ele>
      </trkpt>
      <trkpt lat="42.903177738189697" lon="-1.701164245605469">
        <ele>607.30999999999995</ele>
      </trkpt>
      <trkpt lat="42.903199195861816" lon="-1.701357364654541">
        <ele>608.12</ele>
      </trkpt>
      <trkpt lat="42.903285026550293" lon="-1.701571941375732">
        <ele>609.42999999999995</ele>
      </trkpt>
      <trkpt lat="42.903392314910889" lon="-1.701700687408447">
        <ele>610.60000000000002</ele>
      </trkpt>
      <trkpt lat="42.903499603271484" lon="-1.701765060424805">
        <ele>611.65999999999997</ele>
      </trkpt>
      <trkpt lat="42.903550313785672" lon="-1.701776795089245">
        <ele>611.86000000000001</ele>
      </trkpt>
      <trkpt lat="42.903727842494845" lon="-1.701817698776722">
        <ele>613.00999999999999</ele>
      </trkpt>
      <trkpt lat="42.903778553009033" lon="-1.701829433441162">
        <ele>613.34000000000003</ele>
      </trkpt>
      <trkpt lat="42.903834627941251" lon="-1.701826918870211">
        <ele>613.70000000000005</ele>
      </trkpt>
      <trkpt lat="42.904014587402344" lon="-1.701818704605103">
        <ele>614.88</ele>
      </trkpt>
      <trkpt lat="42.904194546863437" lon="-1.701810490339994">
        <ele>615.85000000000002</ele>
      </trkpt>
      <trkpt lat="42.904250621795654" lon="-1.701807975769043">
        <ele>616.25</ele>
      </trkpt>
      <trkpt lat="42.904263865202665" lon="-1.701800599694252">
        <ele>616.34000000000003</ele>
      </trkpt>
      <trkpt lat="42.904430497437716" lon="-1.701708063483238">
        <ele>617.5</ele>
      </trkpt>
      <trkpt lat="42.904443740844727" lon="-1.701700687408447">
        <ele>617.63</ele>
      </trkpt>
      <trkpt lat="42.904498474672437" lon="-1.701626675203443">
        <ele>617.99000000000001</ele>
      </trkpt>
      <trkpt lat="42.904626131057739" lon="-1.701453924179077">
        <ele>619.13</ele>
      </trkpt>
      <trkpt lat="42.904753787443042" lon="-1.701281173154712">
        <ele>620.41999999999996</ele>
      </trkpt>
      <trkpt lat="42.904808521270752" lon="-1.701207160949707">
        <ele>621.00999999999999</ele>
      </trkpt>
      <trkpt lat="42.904872894287109" lon="-1.70114278793335">
        <ele>621.5</ele>
      </trkpt>
      <trkpt lat="42.904894854873419" lon="-1.701133064925671">
        <ele>621.72000000000003</ele>
      </trkpt>
      <trkpt lat="42.905066013336182" lon="-1.701056957244873">
        <ele>623.17999999999995</ele>
      </trkpt>
      <trkpt lat="42.905237171798944" lon="-1.700980849564076">
        <ele>624.40999999999997</ele>
      </trkpt>
      <trkpt lat="42.905259132385254" lon="-1.700971126556397">
        <ele>624.45000000000005</ele>
      </trkpt>
      <trkpt lat="42.905430793762207" lon="-1.700928211212158">
        <ele>625.42999999999995</ele>
      </trkpt>
      <trkpt lat="42.905473709106445" lon="-1.700928211212158">
        <ele>625.90999999999997</ele>
      </trkpt>
      <trkpt lat="42.905505560338497" lon="-1.700941622257233">
        <ele>625.89999999999998</ele>
      </trkpt>
      <trkpt lat="42.905677556991577" lon="-1.701014041900635">
        <ele>627.23000000000002</ele>
      </trkpt>
      <trkpt lat="42.905849553644657" lon="-1.701086461544037">
        <ele>628.32000000000005</ele>
      </trkpt>
      <trkpt lat="42.905881404876709" lon="-1.701099872589111">
        <ele>628.67999999999995</ele>
      </trkpt>
      <trkpt lat="42.905988693237305" lon="-1.701121330261231">
        <ele>629.30999999999995</ele>
      </trkpt>
      <trkpt lat="42.90611743927002" lon="-1.701121330261231">
        <ele>630.14999999999998</ele>
      </trkpt>
      <trkpt lat="42.906138310208917" lon="-1.701112948358059">
        <ele>630.34000000000003</ele>
      </trkpt>
      <trkpt lat="42.906311145052314" lon="-1.701043881475925">
        <ele>631.28999999999996</ele>
      </trkpt>
      <trkpt lat="42.906332015991211" lon="-1.701035499572754">
        <ele>631.37</ele>
      </trkpt>
      <trkpt lat="42.906439304351807" lon="-1.701035499572754">
        <ele>632.11000000000001</ele>
      </trkpt>
      <trkpt lat="42.906546592712402" lon="-1.701056957244873">
        <ele>632.99000000000001</ele>
      </trkpt>
      <trkpt lat="42.906589508056641" lon="-1.701099872589111">
        <ele>633.47000000000003</ele>
      </trkpt>
      <trkpt lat="42.906617503613234" lon="-1.701145386323333">
        <ele>633.75999999999999</ele>
      </trkpt>
      <trkpt lat="42.906733173877001" lon="-1.701333308592439">
        <ele>635.09000000000003</ele>
      </trkpt>
      <trkpt lat="42.906761169433594" lon="-1.70137882232666">
        <ele>635.30999999999995</ele>
      </trkpt>
      <trkpt lat="42.906761253252625" lon="-1.701378906145692">
        <ele>635.30999999999995</ele>
      </trkpt>
      <trkpt lat="42.906889831647277" lon="-1.701550399884582">
        <ele>636.38999999999999</ele>
      </trkpt>
      <trkpt lat="42.906889915466309" lon="-1.701550483703613">
        <ele>636.38999999999999</ele>
      </trkpt>
      <trkpt lat="42.906954288482666" lon="-1.701571941375732">
        <ele>636.95000000000005</ele>
      </trkpt>
      <trkpt lat="42.9071044921875" lon="-1.701593399047852">
        <ele>637.79999999999995</ele>
      </trkpt>
      <trkpt lat="42.907143887132406" lon="-1.701586861163378">
        <ele>638</ele>
      </trkpt>
      <trkpt lat="42.907322589308023" lon="-1.701557021588087">
        <ele>639.07000000000005</ele>
      </trkpt>
      <trkpt lat="42.90736198425293" lon="-1.701550483703613">
        <ele>639.38</ele>
      </trkpt>
      <trkpt lat="42.907450413331389" lon="-1.701557524502277">
        <ele>639.95000000000005</ele>
      </trkpt>
      <trkpt lat="42.907630205154419" lon="-1.701571941375732">
        <ele>641.09000000000003</ele>
      </trkpt>
      <trkpt lat="42.907809996977448" lon="-1.701586358249188">
        <ele>642.33000000000004</ele>
      </trkpt>
      <trkpt lat="42.907898426055908" lon="-1.701593399047852">
        <ele>642.98000000000002</ele>
      </trkpt>
      <trkpt lat="42.908048629760742" lon="-1.701571941375732">
        <ele>643.89999999999998</ele>
      </trkpt>
      <trkpt lat="42.908095736056566" lon="-1.701540509238839">
        <ele>644.19000000000005</ele>
      </trkpt>
      <trkpt lat="42.908257422968745" lon="-1.701432717964053">
        <ele>645.14999999999998</ele>
      </trkpt>
      <trkpt lat="42.908419193699956" lon="-1.701324926689267">
        <ele>645.51999999999998</ele>
      </trkpt>
      <trkpt lat="42.908580880612135" lon="-1.701217135414481">
        <ele>644.94000000000005</ele>
      </trkpt>
      <trkpt lat="42.908627986907959" lon="-1.701185703277588">
        <ele>644.69000000000005</ele>
      </trkpt>
      <trkpt lat="42.908691018819809" lon="-1.701154774054885">
        <ele>644.5</ele>
      </trkpt>
      <trkpt lat="42.908860417082906" lon="-1.701071541756392">
        <ele>643.48000000000002</ele>
      </trkpt>
      <trkpt lat="42.908923448994756" lon="-1.701040612533689">
        <ele>643.16999999999996</ele>
      </trkpt>
      <trkpt lat="42.908942308276892" lon="-1.701031308621168">
        <ele>643.00999999999999</ele>
      </trkpt>
      <trkpt lat="42.909111706539989" lon="-1.700948160141707">
        <ele>641.80999999999995</ele>
      </trkpt>
      <trkpt lat="42.909281104803085" lon="-1.700865095481277">
        <ele>640.67999999999995</ele>
      </trkpt>
      <trkpt lat="42.909450503066182" lon="-1.700781947001815">
        <ele>639.40999999999997</ele>
      </trkpt>
      <trkpt lat="42.909619901329279" lon="-1.700698798522353">
        <ele>638.02999999999997</ele>
      </trkpt>
      <trkpt lat="42.909789299592376" lon="-1.700615650042892">
        <ele>636.80999999999995</ele>
      </trkpt>
      <trkpt lat="42.909808158874512" lon="-1.700606346130371">
        <ele>636.73000000000002</ele>
      </trkpt>
      <trkpt lat="42.909826347604394" lon="-1.700602741912007">
        <ele>636.52999999999997</ele>
      </trkpt>
      <trkpt lat="42.910004546865821" lon="-1.700567035004497">
        <ele>635.34000000000003</ele>
      </trkpt>
      <trkpt lat="42.910022735595703" lon="-1.700563430786133">
        <ele>635.24000000000001</ele>
      </trkpt>
      <trkpt lat="42.910025082528591" lon="-1.700563430786133">
        <ele>635.24000000000001</ele>
      </trkpt>
      <trkpt lat="42.910205125808716" lon="-1.700563430786133">
        <ele>634.09000000000003</ele>
      </trkpt>
      <trkpt lat="42.91038516908884" lon="-1.700563430786133">
        <ele>633.07000000000005</ele>
      </trkpt>
      <trkpt lat="42.910387516021729" lon="-1.700563430786133">
        <ele>633.07000000000005</ele>
      </trkpt>
      <trkpt lat="42.910559177398682" lon="-1.700541973114014">
        <ele>632.30999999999995</ele>
      </trkpt>
      <trkpt lat="42.910629753023386" lon="-1.700484892353416">
        <ele>631.89999999999998</ele>
      </trkpt>
      <trkpt lat="42.910784482955933" lon="-1.700359582901001">
        <ele>630.88</ele>
      </trkpt>
      <trkpt lat="42.910939212888479" lon="-1.700234273448587">
        <ele>629.78999999999996</ele>
      </trkpt>
      <trkpt lat="42.911009788513184" lon="-1.700177192687988">
        <ele>629.28999999999996</ele>
      </trkpt>
      <trkpt lat="42.911011129617691" lon="-1.700176522135735">
        <ele>629.28999999999996</ele>
      </trkpt>
      <trkpt lat="42.911180108785629" lon="-1.700092032551765">
        <ele>628.20000000000005</ele>
      </trkpt>
      <trkpt lat="42.911181449890137" lon="-1.700091361999512">
        <ele>628.20000000000005</ele>
      </trkpt>
      <trkpt lat="42.911310195922852" lon="-1.700048446655273">
        <ele>627.36000000000001</ele>
      </trkpt>
      <trkpt lat="42.911320924758911" lon="-1.700045764446259">
        <ele>627.29999999999995</ele>
      </trkpt>
      <trkpt lat="42.911497950553894" lon="-1.700000837445259">
        <ele>626.08000000000004</ele>
      </trkpt>
      <trkpt lat="42.911674976348877" lon="-1.69995591044426">
        <ele>624.96000000000004</ele>
      </trkpt>
      <trkpt lat="42.91185200214386" lon="-1.69991098344326">
        <ele>624.03999999999996</ele>
      </trkpt>
      <trkpt lat="42.912029027938843" lon="-1.699866056442261">
        <ele>623.71000000000004</ele>
      </trkpt>
      <trkpt lat="42.912206053733826" lon="-1.699821129441261">
        <ele>623.46000000000004</ele>
      </trkpt>
      <trkpt lat="42.912383079528809" lon="-1.699776202440262">
        <ele>623.09000000000003</ele>
      </trkpt>
      <trkpt lat="42.912560105323792" lon="-1.699731275439262">
        <ele>622.50999999999999</ele>
      </trkpt>
      <trkpt lat="42.912737131118774" lon="-1.699686348438263">
        <ele>621.80999999999995</ele>
      </trkpt>
      <trkpt lat="42.912747859954834" lon="-1.699683666229248">
        <ele>621.80999999999995</ele>
      </trkpt>
      <trkpt lat="42.912816759198904" lon="-1.699668662622571">
        <ele>621.51999999999998</ele>
      </trkpt>
      <trkpt lat="42.912994623184204" lon="-1.69963002204895">
        <ele>621.00999999999999</ele>
      </trkpt>
      <trkpt lat="42.913172487169504" lon="-1.699591381475329">
        <ele>620.50999999999999</ele>
      </trkpt>
      <trkpt lat="42.913241386413574" lon="-1.699576377868652">
        <ele>620.29999999999995</ele>
      </trkpt>
      <trkpt lat="42.913278685882688" lon="-1.699557015672326">
        <ele>620.09000000000003</ele>
      </trkpt>
      <trkpt lat="42.91344691067934" lon="-1.69946976006031">
        <ele>619.44000000000005</ele>
      </trkpt>
      <trkpt lat="42.913615219295025" lon="-1.699382588267326">
        <ele>618.58000000000004</ele>
      </trkpt>
      <trkpt lat="42.913783444091678" lon="-1.699295332655311">
        <ele>617.77999999999997</ele>
      </trkpt>
      <trkpt lat="42.913820743560791" lon="-1.699275970458984">
        <ele>617.54999999999995</ele>
      </trkpt>
      <trkpt lat="42.913857204839587" lon="-1.699252752587199">
        <ele>617.37</ele>
      </trkpt>
      <trkpt lat="42.914020316675305" lon="-1.699148984625936">
        <ele>616.65999999999997</ele>
      </trkpt>
      <trkpt lat="42.914056777954102" lon="-1.69912576675415">
        <ele>616.5</ele>
      </trkpt>
      <trkpt lat="42.914062477648258" lon="-1.699117887765169">
        <ele>616.51999999999998</ele>
      </trkpt>
      <trkpt lat="42.914189212024212" lon="-1.698943711817265">
        <ele>615.73000000000002</ele>
      </trkpt>
      <trkpt lat="42.914194911718369" lon="-1.698935832828283">
        <ele>615.73000000000002</ele>
      </trkpt>
      <trkpt lat="42.914228439331055" lon="-1.69888973236084">
        <ele>615.55999999999995</ele>
      </trkpt>
      <trkpt lat="42.914234390482306" lon="-1.698874142020941">
        <ele>615.51999999999998</ele>
      </trkpt>
      <trkpt lat="42.914317203685641" lon="-1.698656631633639">
        <ele>614.78999999999996</ele>
      </trkpt>
      <trkpt lat="42.914400100708008" lon="-1.698439121246338">
        <ele>614.39999999999998</ele>
      </trkpt>
      <trkpt lat="42.914482997730374" lon="-1.698221610859036">
        <ele>613.54999999999995</ele>
      </trkpt>
      <trkpt lat="42.914565810933709" lon="-1.698004100471735">
        <ele>612.88</ele>
      </trkpt>
      <trkpt lat="42.914571762084961" lon="-1.697988510131836">
        <ele>612.80999999999995</ele>
      </trkpt>
      <trkpt lat="42.914594225585461" lon="-1.697957580909133">
        <ele>612.60000000000002</ele>
      </trkpt>
      <trkpt lat="42.914720959961414" lon="-1.697783404961228">
        <ele>611.72000000000003</ele>
      </trkpt>
      <trkpt lat="42.914743423461914" lon="-1.697752475738525">
        <ele>611.67999999999995</ele>
      </trkpt>
      <trkpt lat="42.91485071182251" lon="-1.697623729705811">
        <ele>610.94000000000005</ele>
      </trkpt>
      <trkpt lat="42.91491718031466" lon="-1.697571510449052">
        <ele>610.63999999999999</ele>
      </trkpt>
      <trkpt lat="42.915073167532682" lon="-1.697448967024684">
        <ele>609.75</ele>
      </trkpt>
      <trkpt lat="42.915229070931673" lon="-1.697326423600316">
        <ele>608.80999999999995</ele>
      </trkpt>
      <trkpt lat="42.915385058149695" lon="-1.697203880175948">
        <ele>607.92999999999995</ele>
      </trkpt>
      <trkpt lat="42.915451526641846" lon="-1.69715166091919">
        <ele>607.58000000000004</ele>
      </trkpt>
      <trkpt lat="42.91548103094101" lon="-1.697125593200326">
        <ele>607.45000000000005</ele>
      </trkpt>
      <trkpt lat="42.915631989017129" lon="-1.696991985663772">
        <ele>606.76999999999998</ele>
      </trkpt>
      <trkpt lat="42.915782947093248" lon="-1.696858461946249">
        <ele>605.82000000000005</ele>
      </trkpt>
      <trkpt lat="42.915933905169368" lon="-1.696724938228726">
        <ele>605.04999999999995</ele>
      </trkpt>
      <trkpt lat="42.916084947064519" lon="-1.696591330692172">
        <ele>604.07000000000005</ele>
      </trkpt>
      <trkpt lat="42.916235905140638" lon="-1.696457806974649">
        <ele>603.25999999999999</ele>
      </trkpt>
      <trkpt lat="42.916386863216758" lon="-1.696324283257127">
        <ele>602.42999999999995</ele>
      </trkpt>
      <trkpt lat="42.916537821292877" lon="-1.696190675720573">
        <ele>601.63</ele>
      </trkpt>
      <trkpt lat="42.916567325592041" lon="-1.696164608001709">
        <ele>601.45000000000005</ele>
      </trkpt>
      <trkpt lat="42.91663228534162" lon="-1.696104677394033">
        <ele>601.15999999999997</ele>
      </trkpt>
      <trkpt lat="42.91678131558001" lon="-1.695967046543956">
        <ele>600.44000000000005</ele>
      </trkpt>
      <trkpt lat="42.91684627532959" lon="-1.695907115936279">
        <ele>600</ele>
      </trkpt>
      <trkpt lat="42.916885083541274" lon="-1.695857746526599">
        <ele>599.73000000000002</ele>
      </trkpt>
      <trkpt lat="42.917016595602036" lon="-1.695690359920263">
        <ele>598.95000000000005</ele>
      </trkpt>
      <trkpt lat="42.917148023843765" lon="-1.695523057132959">
        <ele>598.15999999999997</ele>
      </trkpt>
      <trkpt lat="42.917279535904527" lon="-1.695355670526624">
        <ele>597.15999999999997</ele>
      </trkpt>
      <trkpt lat="42.917318344116211" lon="-1.695306301116943">
        <ele>597.00999999999999</ele>
      </trkpt>
      <trkpt lat="42.917353045195341" lon="-1.695271600037813">
        <ele>596.82000000000005</ele>
      </trkpt>
      <trkpt lat="42.917498219758272" lon="-1.695126425474882">
        <ele>596.13</ele>
      </trkpt>
      <trkpt lat="42.917532920837402" lon="-1.695091724395752">
        <ele>595.94000000000005</ele>
      </trkpt>
      <trkpt lat="42.917548594996333" lon="-1.695081247016788">
        <ele>595.88</ele>
      </trkpt>
      <trkpt lat="42.917710365727544" lon="-1.694973455742002">
        <ele>594.95000000000005</ele>
      </trkpt>
      <trkpt lat="42.917726039886475" lon="-1.694962978363037">
        <ele>594.89999999999998</ele>
      </trkpt>
      <trkpt lat="42.917754454538226" lon="-1.694954009726644">
        <ele>594.77999999999997</ele>
      </trkpt>
      <trkpt lat="42.917929887771606" lon="-1.69489860534668">
        <ele>593.87</ele>
      </trkpt>
      <trkpt lat="42.918105321004987" lon="-1.694843200966716">
        <ele>593.08000000000004</ele>
      </trkpt>
      <trkpt lat="42.918133735656738" lon="-1.694834232330322">
        <ele>592.85000000000002</ele>
      </trkpt>
      <trkpt lat="42.918135076761246" lon="-1.694833561778069">
        <ele>592.85000000000002</ele>
      </trkpt>
      <trkpt lat="42.918304055929184" lon="-1.694749072194099">
        <ele>592.05999999999995</ele>
      </trkpt>
      <trkpt lat="42.918305397033691" lon="-1.694748401641846">
        <ele>592.05999999999995</ele>
      </trkpt>
      <trkpt lat="42.918323334306479" lon="-1.694735744968057">
        <ele>591.98000000000002</ele>
      </trkpt>
      <trkpt lat="42.918483009561896" lon="-1.694622589275241">
        <ele>590.88999999999999</ele>
      </trkpt>
      <trkpt lat="42.918642768636346" lon="-1.694509433582425">
        <ele>590.08000000000004</ele>
      </trkpt>
      <trkpt lat="42.918802443891764" lon="-1.694396277889609">
        <ele>589.19000000000005</ele>
      </trkpt>
      <trkpt lat="42.918820381164551" lon="-1.69438362121582">
        <ele>589.02999999999997</ele>
      </trkpt>
      <trkpt lat="42.918949127197266" lon="-1.694297790527344">
        <ele>588.50999999999999</ele>
      </trkpt>
      <trkpt lat="42.91907787322998" lon="-1.694297790527344">
        <ele>587.84000000000003</ele>
      </trkpt>
      <trkpt lat="42.919116765260696" lon="-1.694301059469581">
        <ele>587.67999999999995</ele>
      </trkpt>
      <trkpt lat="42.919296473264694" lon="-1.694315979257226">
        <ele>586.78999999999996</ele>
      </trkpt>
      <trkpt lat="42.91933536529541" lon="-1.694319248199463">
        <ele>586.63999999999999</ele>
      </trkpt>
      <trkpt lat="42.919342154636979" lon="-1.694318493828178">
        <ele>586.63999999999999</ele>
      </trkpt>
      <trkpt lat="42.919521695002913" lon="-1.694298544898629">
        <ele>585.92999999999995</ele>
      </trkpt>
      <trkpt lat="42.919528484344482" lon="-1.694297790527344">
        <ele>585.92999999999995</ele>
      </trkpt>
      <trkpt lat="42.919537620618939" lon="-1.694294773042202">
        <ele>585.86000000000001</ele>
      </trkpt>
      <trkpt lat="42.919712467119098" lon="-1.694236434996128">
        <ele>585.32000000000005</ele>
      </trkpt>
      <trkpt lat="42.919721603393555" lon="-1.694233417510986">
        <ele>585.35000000000002</ele>
      </trkpt>
      <trkpt lat="42.919734762981534" lon="-1.694226125255227">
        <ele>585.25999999999999</ele>
      </trkpt>
      <trkpt lat="42.919901562854648" lon="-1.69413342140615">
        <ele>584.78999999999996</ele>
      </trkpt>
      <trkpt lat="42.919914722442627" lon="-1.694126129150391">
        <ele>584.72000000000003</ele>
      </trkpt>
      <trkpt lat="42.919948752969503" lon="-1.694101570174098">
        <ele>584.62</ele>
      </trkpt>
      <trkpt lat="42.920107841491699" lon="-1.693986654281616">
        <ele>584.15999999999997</ele>
      </trkpt>
      <trkpt lat="42.920266930013895" lon="-1.693871738389134">
        <ele>583.63</ele>
      </trkpt>
      <trkpt lat="42.920300960540771" lon="-1.693847179412842">
        <ele>583.64999999999998</ele>
      </trkpt>
      <trkpt lat="42.920259553939104" lon="-1.693877018988133">
        <ele>583.62</ele>
      </trkpt>
      <trkpt lat="42.920300960540771" lon="-1.693847179412842">
        <ele>583.64999999999998</ele>
      </trkpt>
      <trkpt lat="42.920313952490687" lon="-1.693828571587801">
        <ele>583.49000000000001</ele>
      </trkpt>
      <trkpt lat="42.92043817229569" lon="-1.693651210516691">
        <ele>583.02999999999997</ele>
      </trkpt>
      <trkpt lat="42.920451164245605" lon="-1.69363260269165">
        <ele>583.07000000000005</ele>
      </trkpt>
      <trkpt lat="42.920461557805538" lon="-1.693615587428212">
        <ele>582.95000000000005</ele>
      </trkpt>
      <trkpt lat="42.920576222240925" lon="-1.693426659330726">
        <ele>582.20000000000005</ele>
      </trkpt>
      <trkpt lat="42.920690886676311" lon="-1.693237731233239">
        <ele>581.59000000000003</ele>
      </trkpt>
      <trkpt lat="42.920805551111698" lon="-1.693048803135753">
        <ele>581.00999999999999</ele>
      </trkpt>
      <trkpt lat="42.920815944671631" lon="-1.693031787872315">
        <ele>580.94000000000005</ele>
      </trkpt>
      <trkpt lat="42.920856345444918" lon="-1.692934138700366">
        <ele>580.63999999999999</ele>
      </trkpt>
      <trkpt lat="42.920944690704346" lon="-1.692720651626587">
        <ele>580.08000000000004</ele>
      </trkpt>
      <trkpt lat="42.921033035963774" lon="-1.692507164552808">
        <ele>579.53999999999996</ele>
      </trkpt>
      <trkpt lat="42.921073436737061" lon="-1.692409515380859">
        <ele>579.37</ele>
      </trkpt>
      <trkpt lat="42.921100342646241" lon="-1.692346483469009">
        <ele>579.27999999999997</ele>
      </trkpt>
      <trkpt lat="42.92119069956243" lon="-1.692134588956833">
        <ele>578.72000000000003</ele>
      </trkpt>
      <trkpt lat="42.921281140297651" lon="-1.691922694444656">
        <ele>578.23000000000002</ele>
      </trkpt>
      <trkpt lat="42.921371581032872" lon="-1.69171079993248">
        <ele>577.91999999999996</ele>
      </trkpt>
      <trkpt lat="42.921461937949061" lon="-1.691498905420303">
        <ele>577.52999999999997</ele>
      </trkpt>
      <trkpt lat="42.921552378684282" lon="-1.691287010908127">
        <ele>577.10000000000002</ele>
      </trkpt>
      <trkpt lat="42.921642819419503" lon="-1.69107511639595">
        <ele>576.72000000000003</ele>
      </trkpt>
      <trkpt lat="42.921733176335692" lon="-1.690863221883774">
        <ele>576.38</ele>
      </trkpt>
      <trkpt lat="42.921760082244873" lon="-1.690800189971924">
        <ele>576.21000000000004</ele>
      </trkpt>
      <trkpt lat="42.921776594594121" lon="-1.690764483064413">
        <ele>576.14999999999998</ele>
      </trkpt>
      <trkpt lat="42.92187231592834" lon="-1.690556947141886">
        <ele>575.49000000000001</ele>
      </trkpt>
      <trkpt lat="42.921888828277588" lon="-1.690521240234375">
        <ele>575.36000000000001</ele>
      </trkpt>
      <trkpt lat="42.921974658966064" lon="-1.69039249420166">
        <ele>574.92999999999995</ele>
      </trkpt>
      <trkpt lat="42.922060489654541" lon="-1.690328121185303">
        <ele>574.63999999999999</ele>
      </trkpt>
      <trkpt lat="42.922167778015137" lon="-1.690285205841065">
        <ele>574.47000000000003</ele>
      </trkpt>
      <trkpt lat="42.922296524047852" lon="-1.690306663513184">
        <ele>574.13999999999999</ele>
      </trkpt>
      <trkpt lat="42.922382354736328" lon="-1.690328121185303">
        <ele>573.88999999999999</ele>
      </trkpt>
      <trkpt lat="42.922389479354024" lon="-1.690332731232047">
        <ele>573.76999999999998</ele>
      </trkpt>
      <trkpt lat="42.922552255913615" lon="-1.690437756478787">
        <ele>573.25</ele>
      </trkpt>
      <trkpt lat="42.922714948654175" lon="-1.690542697906494">
        <ele>572.75</ele>
      </trkpt>
      <trkpt lat="42.922877641394734" lon="-1.690647639334202">
        <ele>572.28999999999996</ele>
      </trkpt>
      <trkpt lat="42.923040417954326" lon="-1.690752664580941">
        <ele>572.08000000000004</ele>
      </trkpt>
      <trkpt lat="42.923047542572021" lon="-1.690757274627686">
        <ele>572.08000000000004</ele>
      </trkpt>
      <trkpt lat="42.923048883676529" lon="-1.690757945179939">
        <ele>572.08000000000004</ele>
      </trkpt>
      <trkpt lat="42.923217862844467" lon="-1.690842434763908">
        <ele>571.72000000000003</ele>
      </trkpt>
      <trkpt lat="42.923219203948975" lon="-1.690843105316162">
        <ele>571.72000000000003</ele>
      </trkpt>
      <trkpt lat="42.923228340223432" lon="-1.690846122801304">
        <ele>571.71000000000004</ele>
      </trkpt>
      <trkpt lat="42.92340318672359" lon="-1.690904460847378">
        <ele>571.48000000000002</ele>
      </trkpt>
      <trkpt lat="42.923412322998047" lon="-1.69090747833252">
        <ele>571.48000000000002</ele>
      </trkpt>
      <trkpt lat="42.92345548979938" lon="-1.690914938226342">
        <ele>571.40999999999997</ele>
      </trkpt>
      <trkpt lat="42.923634108155966" lon="-1.690945699810982">
        <ele>571.10000000000002</ele>
      </trkpt>
      <trkpt lat="42.923812810331583" lon="-1.690976545214653">
        <ele>570.75</ele>
      </trkpt>
      <trkpt lat="42.923991428688169" lon="-1.691007306799293">
        <ele>570.35000000000002</ele>
      </trkpt>
      <trkpt lat="42.924034595489502" lon="-1.691014766693115">
        <ele>570.26999999999998</ele>
      </trkpt>
      <trkpt lat="42.924081031233072" lon="-1.691027591004968">
        <ele>570.20000000000005</ele>
      </trkpt>
      <trkpt lat="42.924257470294833" lon="-1.691076289862394">
        <ele>569.77999999999997</ele>
      </trkpt>
      <trkpt lat="42.924433993175626" lon="-1.691124904900789">
        <ele>569.19000000000005</ele>
      </trkpt>
      <trkpt lat="42.924610432237387" lon="-1.691173603758216">
        <ele>568.77999999999997</ele>
      </trkpt>
      <trkpt lat="42.924656867980957" lon="-1.691186428070068">
        <ele>568.44000000000005</ele>
      </trkpt>
      <trkpt lat="42.924695760011673" lon="-1.691189697012305">
        <ele>568.52999999999997</ele>
      </trkpt>
      <trkpt lat="42.924875468015671" lon="-1.691204616799951">
        <ele>568.10000000000002</ele>
      </trkpt>
      <trkpt lat="42.924914360046387" lon="-1.691207885742188">
        <ele>568.09000000000003</ele>
      </trkpt>
      <trkpt lat="42.924972614273429" lon="-1.691207885742188">
        <ele>567.88999999999999</ele>
      </trkpt>
      <trkpt lat="42.925152741372585" lon="-1.691207885742188">
        <ele>567.52999999999997</ele>
      </trkpt>
      <trkpt lat="42.92533278465271" lon="-1.691207885742188">
        <ele>567.15999999999997</ele>
      </trkpt>
      <trkpt lat="42.925512827932835" lon="-1.691207885742188">
        <ele>566.82000000000005</ele>
      </trkpt>
      <trkpt lat="42.925692955031991" lon="-1.691207885742188">
        <ele>566.51999999999998</ele>
      </trkpt>
      <trkpt lat="42.925751209259033" lon="-1.691207885742188">
        <ele>566.40999999999997</ele>
      </trkpt>
      <trkpt lat="42.925922870635986" lon="-1.691229343414307">
        <ele>566.11000000000001</ele>
      </trkpt>
      <trkpt lat="42.925954721868038" lon="-1.691242754459381">
        <ele>565.92999999999995</ele>
      </trkpt>
      <trkpt lat="42.926126718521118" lon="-1.691315174102783">
        <ele>565.50999999999999</ele>
      </trkpt>
      <trkpt lat="42.926298715174198" lon="-1.691387593746185">
        <ele>565.15999999999997</ele>
      </trkpt>
      <trkpt lat="42.92633056640625" lon="-1.69140100479126">
        <ele>565.10000000000002</ele>
      </trkpt>
      <trkpt lat="42.926360573619604" lon="-1.691412068903446">
        <ele>565.04999999999995</ele>
      </trkpt>
      <trkpt lat="42.926534414291382" lon="-1.691476106643677">
        <ele>564.61000000000001</ele>
      </trkpt>
      <trkpt lat="42.92670825496316" lon="-1.691540144383907">
        <ele>564.19000000000005</ele>
      </trkpt>
      <trkpt lat="42.926738262176514" lon="-1.691551208496094">
        <ele>564.15999999999997</ele>
      </trkpt>
      <trkpt lat="42.926867008209229" lon="-1.69163703918457">
        <ele>563.63999999999999</ele>
      </trkpt>
      <trkpt lat="42.926868181675673" lon="-1.691637961193919">
        <ele>563.61000000000001</ele>
      </trkpt>
      <trkpt lat="42.927024755626917" lon="-1.691758912056685">
        <ele>563.16999999999996</ele>
      </trkpt>
      <trkpt lat="42.927181329578161" lon="-1.691879946738482">
        <ele>562.66999999999996</ele>
      </trkpt>
      <trkpt lat="42.927337903529406" lon="-1.692000897601247">
        <ele>562.21000000000004</ele>
      </trkpt>
      <trkpt lat="42.92733907699585" lon="-1.692001819610596">
        <ele>562.21000000000004</ele>
      </trkpt>
      <trkpt lat="42.927381992340088" lon="-1.692044734954834">
        <ele>562.08000000000004</ele>
      </trkpt>
      <trkpt lat="42.927411748096347" lon="-1.69205286540091">
        <ele>561.99000000000001</ele>
      </trkpt>
      <trkpt lat="42.927588270977139" lon="-1.692100977525115">
        <ele>561.36000000000001</ele>
      </trkpt>
      <trkpt lat="42.927618026733398" lon="-1.692109107971191">
        <ele>561.36000000000001</ele>
      </trkpt>
      <trkpt lat="42.927768230438232" lon="-1.692109107971191">
        <ele>561.05999999999995</ele>
      </trkpt>
      <trkpt lat="42.927781892940402" lon="-1.692107599228621">
        <ele>561.00999999999999</ele>
      </trkpt>
      <trkpt lat="42.927961349487305" lon="-1.692087650299072">
        <ele>560.48000000000002</ele>
      </trkpt>
      <trkpt lat="42.928140806034207" lon="-1.692067701369524">
        <ele>560.02999999999997</ele>
      </trkpt>
      <trkpt lat="42.928154468536377" lon="-1.692066192626953">
        <ele>559.99000000000001</ele>
      </trkpt>
      <trkpt lat="42.928176680579782" lon="-1.692056385800242">
        <ele>559.94000000000005</ele>
      </trkpt>
      <trkpt lat="42.928347922861576" lon="-1.691980864852667">
        <ele>559.5</ele>
      </trkpt>
      <trkpt lat="42.928519248962402" lon="-1.69190526008606">
        <ele>558.92999999999995</ele>
      </trkpt>
      <trkpt lat="42.928690575063229" lon="-1.691829655319452">
        <ele>558.57000000000005</ele>
      </trkpt>
      <trkpt lat="42.928861817345023" lon="-1.691754134371877">
        <ele>558.20000000000005</ele>
      </trkpt>
      <trkpt lat="42.928884029388428" lon="-1.691744327545166">
        <ele>558.13999999999999</ele>
      </trkpt>
      <trkpt lat="42.928957203403115" lon="-1.691706189885736">
        <ele>558.04999999999995</ele>
      </trkpt>
      <trkpt lat="42.929125344380736" lon="-1.69161843135953">
        <ele>557.58000000000004</ele>
      </trkpt>
      <trkpt lat="42.929293485358357" lon="-1.691530672833324">
        <ele>557.25</ele>
      </trkpt>
      <trkpt lat="42.929461626335979" lon="-1.691442998126149">
        <ele>556.86000000000001</ele>
      </trkpt>
      <trkpt lat="42.9296297673136" lon="-1.691355239599943">
        <ele>556.61000000000001</ele>
      </trkpt>
      <trkpt lat="42.929797908291221" lon="-1.691267481073737">
        <ele>556.30999999999995</ele>
      </trkpt>
      <trkpt lat="42.929871082305908" lon="-1.691229343414307">
        <ele>556.23000000000002</ele>
      </trkpt>
      <trkpt lat="42.929920954629779" lon="-1.691191960126162">
        <ele>556.12</ele>
      </trkpt>
      <trkpt lat="42.930078702047467" lon="-1.691073607653379">
        <ele>555.73000000000002</ele>
      </trkpt>
      <trkpt lat="42.930128574371338" lon="-1.691036224365234">
        <ele>555.75</ele>
      </trkpt>
      <trkpt lat="42.930148523300886" lon="-1.691015101969242">
        <ele>555.65999999999997</ele>
      </trkpt>
      <trkpt lat="42.930290764197707" lon="-1.690864730626345">
        <ele>555.22000000000003</ele>
      </trkpt>
      <trkpt lat="42.930433005094528" lon="-1.690714443102479">
        <ele>554.79999999999995</ele>
      </trkpt>
      <trkpt lat="42.930575162172318" lon="-1.690564071759582">
        <ele>554.40999999999997</ele>
      </trkpt>
      <trkpt lat="42.930717403069139" lon="-1.690413784235716">
        <ele>554.13999999999999</ele>
      </trkpt>
      <trkpt lat="42.93085964396596" lon="-1.690263412892819">
        <ele>553.77999999999997</ele>
      </trkpt>
      <trkpt lat="42.930879592895508" lon="-1.690242290496826">
        <ele>553.72000000000003</ele>
      </trkpt>
      <trkpt lat="42.930929632857442" lon="-1.690183198079467">
        <ele>553.69000000000005</ele>
      </trkpt>
      <trkpt lat="42.931065587326884" lon="-1.690022433176637">
        <ele>553.28999999999996</ele>
      </trkpt>
      <trkpt lat="42.931115627288818" lon="-1.689963340759277">
        <ele>553.20000000000005</ele>
      </trkpt>
      <trkpt lat="42.93116164393723" lon="-1.689895112067461">
        <ele>553.03999999999996</ele>
      </trkpt>
      <trkpt lat="42.931283516809344" lon="-1.689714649692178">
        <ele>552.83000000000004</ele>
      </trkpt>
      <trkpt lat="42.931405305862427" lon="-1.689534187316895">
        <ele>552.62</ele>
      </trkpt>
      <trkpt lat="42.931527094915509" lon="-1.689353724941611">
        <ele>552.40999999999997</ele>
      </trkpt>
      <trkpt lat="42.931648967787623" lon="-1.689173262566328">
        <ele>552.13</ele>
      </trkpt>
      <trkpt lat="42.931694984436035" lon="-1.689105033874512">
        <ele>552.02999999999997</ele>
      </trkpt>
      <trkpt lat="42.93169716373086" lon="-1.68910201638937">
        <ele>551.99000000000001</ele>
      </trkpt>
      <trkpt lat="42.931824484840035" lon="-1.688928762450814">
        <ele>551.57000000000005</ele>
      </trkpt>
      <trkpt lat="42.931951889768243" lon="-1.688755424693227">
        <ele>551.20000000000005</ele>
      </trkpt>
      <trkpt lat="42.932079210877419" lon="-1.688582170754671">
        <ele>550.80999999999995</ele>
      </trkpt>
      <trkpt lat="42.932081390172243" lon="-1.688579153269529">
        <ele>550.75</ele>
      </trkpt>
      <trkpt lat="42.932083485648036" lon="-1.688576387241483">
        <ele>550.75</ele>
      </trkpt>
      <trkpt lat="42.932210806757212" lon="-1.688403049483895">
        <ele>550.40999999999997</ele>
      </trkpt>
      <trkpt lat="42.932338044047356" lon="-1.688229711726308">
        <ele>550.07000000000005</ele>
      </trkpt>
      <trkpt lat="42.932465365156531" lon="-1.68805637396872">
        <ele>549.80999999999995</ele>
      </trkpt>
      <trkpt lat="42.932467460632324" lon="-1.688053607940674">
        <ele>549.80999999999995</ele>
      </trkpt>
      <trkpt lat="42.932503754273057" lon="-1.687973309308291">
        <ele>549.70000000000005</ele>
      </trkpt>
      <trkpt lat="42.9325982183218" lon="-1.687764683738351">
        <ele>549.29999999999995</ele>
      </trkpt>
      <trkpt lat="42.932692682370543" lon="-1.687556058168411">
        <ele>548.86000000000001</ele>
      </trkpt>
      <trkpt lat="42.932787146419287" lon="-1.68734734877944">
        <ele>548.49000000000001</ele>
      </trkpt>
      <trkpt lat="42.93288161046803" lon="-1.6871387232095">
        <ele>547.88</ele>
      </trkpt>
      <trkpt lat="42.932975990697742" lon="-1.686930013820529">
        <ele>547.45000000000005</ele>
      </trkpt>
      <trkpt lat="42.933070454746485" lon="-1.686721388250589">
        <ele>547.13</ele>
      </trkpt>
      <trkpt lat="42.933164918795228" lon="-1.68651276268065">
        <ele>546.64999999999998</ele>
      </trkpt>
      <trkpt lat="42.933259382843971" lon="-1.686304053291678">
        <ele>546.29999999999995</ele>
      </trkpt>
      <trkpt lat="42.933353846892715" lon="-1.686095427721739">
        <ele>545.85000000000002</ele>
      </trkpt>
      <trkpt lat="42.933390140533447" lon="-1.686015129089356">
        <ele>545.78999999999996</ele>
      </trkpt>
      <trkpt lat="42.933404641225934" lon="-1.685972716659308">
        <ele>545.66999999999996</ele>
      </trkpt>
      <trkpt lat="42.933480832725763" lon="-1.685750680044293">
        <ele>545.29999999999995</ele>
      </trkpt>
      <trkpt lat="42.933556940406561" lon="-1.685528559610248">
        <ele>544.96000000000004</ele>
      </trkpt>
      <trkpt lat="42.93363313190639" lon="-1.685306522995234">
        <ele>544.69000000000005</ele>
      </trkpt>
      <trkpt lat="42.933647632598877" lon="-1.685264110565186">
        <ele>544.64999999999998</ele>
      </trkpt>
      <trkpt lat="42.933670096099377" lon="-1.685190852731466">
        <ele>544.61000000000001</ele>
      </trkpt>
      <trkpt lat="42.933739330619574" lon="-1.684964625164866">
        <ele>544.24000000000001</ele>
      </trkpt>
      <trkpt lat="42.933808565139771" lon="-1.684738397598267">
        <ele>543.97000000000003</ele>
      </trkpt>
      <trkpt lat="42.933877799659967" lon="-1.684512170031667">
        <ele>543.80999999999995</ele>
      </trkpt>
      <trkpt lat="42.933947034180164" lon="-1.684285942465067">
        <ele>543.63</ele>
      </trkpt>
      <trkpt lat="42.933969497680664" lon="-1.684212684631348">
        <ele>543.50999999999999</ele>
      </trkpt>
      <trkpt lat="42.933990955352783" lon="-1.684169769287109">
        <ele>543.54999999999995</ele>
      </trkpt>
      <trkpt lat="42.934009060263634" lon="-1.684083687141538">
        <ele>543.59000000000003</ele>
      </trkpt>
      <trkpt lat="42.934058681130409" lon="-1.683848155662417">
        <ele>543.46000000000004</ele>
      </trkpt>
      <trkpt lat="42.93407678604126" lon="-1.683762073516846">
        <ele>543.39999999999998</ele>
      </trkpt>
      <trkpt lat="42.93407678604126" lon="-1.683762073516846">
        <ele>542.6796875</ele>
      </trkpt>
      <trkpt lat="42.935106754302979" lon="-1.684191226959229">
        <ele>545.27734375</ele>
      </trkpt>
      <trkpt lat="42.935450077056885" lon="-1.684341430664063">
        <ele>546.1171875</ele>
      </trkpt>
      <trkpt lat="42.935643196105957" lon="-1.684534549713135">
        <ele>546.1640625</ele>
      </trkpt>
      <trkpt lat="42.93581485748291" lon="-1.684749126434326">
        <ele>546.01171875</ele>
      </trkpt>
      <trkpt lat="42.936286926269531" lon="-1.685585975646973">
        <ele>546.64453125</ele>
      </trkpt>
      <trkpt lat="42.936522960662842" lon="-1.686036586761475">
        <ele>547.60546875</ele>
      </trkpt>
      <trkpt lat="42.936651706695557" lon="-1.686294078826904">
        <ele>548.0625</ele>
      </trkpt>
      <trkpt lat="42.936844825744629" lon="-1.686766147613525">
        <ele>547.80078125</ele>
      </trkpt>
      <trkpt lat="42.937488555908203" lon="-1.688504219055176">
        <ele>549.921875</ele>
      </trkpt>
      <trkpt lat="42.937552928924561" lon="-1.688740253448486">
        <ele>549.96484375</ele>
      </trkpt>
      <trkpt lat="42.937595844268799" lon="-1.688954830169678">
        <ele>550.05078125</ele>
      </trkpt>
      <trkpt lat="42.937617301940918" lon="-1.689212322235107">
        <ele>549.94921875</ele>
      </trkpt>
      <trkpt lat="42.937638759613037" lon="-1.689662933349609">
        <ele>550.08203125</ele>
      </trkpt>
      <trkpt lat="42.937445640563965" lon="-1.6929030418396">
        <ele>552.31640625</ele>
      </trkpt>
      <trkpt lat="42.937445640563965" lon="-1.692881584167481">
        <ele>552.29296875</ele>
      </trkpt>
    </trkseg>
  </trk>

</gpx>