<?xml version="1.0" encoding="UTF-8"?>
<gpx version="1.0" creator="GPSBabel - https://www.gpsbabel.org" xmlns="http://www.topografix.com/GPX/1/0">
  <time>2026-06-19T07:15:37.390Z</time>
  <bounds minlat="41.623840000" minlon="1.892100000" maxlat="42.587130000" maxlon="2.287180000"/>
  <trk>
    <trkseg>
      <trkpt lat="41.624380000" lon="2.251370000">
        <ele>165.000</ele>
      </trkpt>
      <trkpt lat="41.624240000" lon="2.250850000">
        <ele>164.000</ele>
      </trkpt>
      <trkpt lat="41.624170000" lon="2.250620000">
        <ele>163.000</ele>
      </trkpt>
      <trkpt lat="41.623890000" lon="2.249600000">
        <ele>162.000</ele>
      </trkpt>
      <trkpt lat="41.623850000" lon="2.249390000">
        <ele>161.000</ele>
      </trkpt>
      <trkpt lat="41.623840000" lon="2.249140000">
        <ele>160.000</ele>
      </trkpt>
      <trkpt lat="41.623890000" lon="2.248920000">
        <ele>159.000</ele>
      </trkpt>
      <trkpt lat="41.624020000" lon="2.248660000">
        <ele>158.000</ele>
      </trkpt>
      <trkpt lat="41.624610000" lon="2.247970000">
        <ele>157.000</ele>
      </trkpt>
      <trkpt lat="41.626080000" lon="2.246310000">
        <ele>153.000</ele>
      </trkpt>
      <trkpt lat="41.626260000" lon="2.246070000">
        <ele>151.000</ele>
      </trkpt>
      <trkpt lat="41.626340000" lon="2.245870000">
        <ele>149.000</ele>
      </trkpt>
      <trkpt lat="41.626390000" lon="2.245680000">
        <ele>148.000</ele>
      </trkpt>
      <trkpt lat="41.626400000" lon="2.245430000">
        <ele>147.000</ele>
      </trkpt>
      <trkpt lat="41.626380000" lon="2.245220000">
        <ele>146.000</ele>
      </trkpt>
      <trkpt lat="41.626030000" lon="2.244110000">
        <ele>145.000</ele>
      </trkpt>
      <trkpt lat="41.626010000" lon="2.243940000">
        <ele>145.000</ele>
      </trkpt>
      <trkpt lat="41.626020000" lon="2.243760000">
        <ele>145.000</ele>
      </trkpt>
      <trkpt lat="41.626040000" lon="2.243530000">
        <ele>144.000</ele>
      </trkpt>
      <trkpt lat="41.626060000" lon="2.243100000">
        <ele>144.000</ele>
      </trkpt>
      <trkpt lat="41.626060000" lon="2.243100000">
        <ele>144.000</ele>
      </trkpt>
      <trkpt lat="41.626120000" lon="2.242050000">
        <ele>145.000</ele>
      </trkpt>
      <trkpt lat="41.626270000" lon="2.239410000">
        <ele>146.000</ele>
      </trkpt>
      <trkpt lat="41.626360000" lon="2.238140000">
        <ele>147.000</ele>
      </trkpt>
      <trkpt lat="41.626400000" lon="2.237690000">
        <ele>149.000</ele>
      </trkpt>
      <trkpt lat="41.626400000" lon="2.237580000">
        <ele>149.000</ele>
      </trkpt>
      <trkpt lat="41.626470000" lon="2.236550000">
        <ele>150.000</ele>
      </trkpt>
      <trkpt lat="41.626480000" lon="2.236370000">
        <ele>151.000</ele>
      </trkpt>
      <trkpt lat="41.626490000" lon="2.236160000">
        <ele>152.000</ele>
      </trkpt>
      <trkpt lat="41.626490000" lon="2.236110000">
        <ele>153.000</ele>
      </trkpt>
      <trkpt lat="41.626530000" lon="2.235240000">
        <ele>155.000</ele>
      </trkpt>
      <trkpt lat="41.626530000" lon="2.235180000">
        <ele>156.000</ele>
      </trkpt>
      <trkpt lat="41.626550000" lon="2.235040000">
        <ele>157.000</ele>
      </trkpt>
      <trkpt lat="41.626600000" lon="2.234900000">
        <ele>158.000</ele>
      </trkpt>
      <trkpt lat="41.626640000" lon="2.234790000">
        <ele>158.000</ele>
      </trkpt>
      <trkpt lat="41.626660000" lon="2.234750000">
        <ele>159.000</ele>
      </trkpt>
      <trkpt lat="41.626670000" lon="2.234690000">
        <ele>159.000</ele>
      </trkpt>
      <trkpt lat="41.626660000" lon="2.234650000">
        <ele>160.000</ele>
      </trkpt>
      <trkpt lat="41.626640000" lon="2.234610000">
        <ele>160.000</ele>
      </trkpt>
      <trkpt lat="41.626620000" lon="2.234580000">
        <ele>160.000</ele>
      </trkpt>
      <trkpt lat="41.626600000" lon="2.234140000">
        <ele>161.000</ele>
      </trkpt>
      <trkpt lat="41.626600000" lon="2.233970000">
        <ele>162.000</ele>
      </trkpt>
      <trkpt lat="41.626620000" lon="2.233810000">
        <ele>162.000</ele>
      </trkpt>
      <trkpt lat="41.626670000" lon="2.233610000">
        <ele>163.000</ele>
      </trkpt>
      <trkpt lat="41.626710000" lon="2.233500000">
        <ele>164.000</ele>
      </trkpt>
      <trkpt lat="41.626770000" lon="2.233400000">
        <ele>164.000</ele>
      </trkpt>
      <trkpt lat="41.626870000" lon="2.233270000">
        <ele>165.000</ele>
      </trkpt>
      <trkpt lat="41.627040000" lon="2.233100000">
        <ele>166.000</ele>
      </trkpt>
      <trkpt lat="41.628070000" lon="2.232360000">
        <ele>168.000</ele>
      </trkpt>
      <trkpt lat="41.629320000" lon="2.231470000">
        <ele>173.000</ele>
      </trkpt>
      <trkpt lat="41.629470000" lon="2.231350000">
        <ele>176.000</ele>
      </trkpt>
      <trkpt lat="41.629610000" lon="2.231210000">
        <ele>179.000</ele>
      </trkpt>
      <trkpt lat="41.629750000" lon="2.231050000">
        <ele>181.000</ele>
      </trkpt>
      <trkpt lat="41.629850000" lon="2.230910000">
        <ele>183.000</ele>
      </trkpt>
      <trkpt lat="41.629870000" lon="2.230880000">
        <ele>184.000</ele>
      </trkpt>
      <trkpt lat="41.630020000" lon="2.230750000">
        <ele>185.000</ele>
      </trkpt>
      <trkpt lat="41.630070000" lon="2.230750000">
        <ele>186.000</ele>
      </trkpt>
      <trkpt lat="41.630120000" lon="2.230720000">
        <ele>187.000</ele>
      </trkpt>
      <trkpt lat="41.630150000" lon="2.230640000">
        <ele>188.000</ele>
      </trkpt>
      <trkpt lat="41.630150000" lon="2.230570000">
        <ele>188.000</ele>
      </trkpt>
      <trkpt lat="41.630250000" lon="2.230320000">
        <ele>189.000</ele>
      </trkpt>
      <trkpt lat="41.630260000" lon="2.230290000">
        <ele>190.000</ele>
      </trkpt>
      <trkpt lat="41.630990000" lon="2.229170000">
        <ele>193.000</ele>
      </trkpt>
      <trkpt lat="41.631180000" lon="2.228710000">
        <ele>195.000</ele>
      </trkpt>
      <trkpt lat="41.631260000" lon="2.228360000">
        <ele>196.000</ele>
      </trkpt>
      <trkpt lat="41.631360000" lon="2.227880000">
        <ele>196.000</ele>
      </trkpt>
      <trkpt lat="41.631530000" lon="2.227050000">
        <ele>197.000</ele>
      </trkpt>
      <trkpt lat="41.631890000" lon="2.225270000">
        <ele>197.000</ele>
      </trkpt>
      <trkpt lat="41.632140000" lon="2.224050000">
        <ele>198.000</ele>
      </trkpt>
      <trkpt lat="41.632240000" lon="2.223880000">
        <ele>199.000</ele>
      </trkpt>
      <trkpt lat="41.632800000" lon="2.222910000">
        <ele>201.000</ele>
      </trkpt>
      <trkpt lat="41.632860000" lon="2.222800000">
        <ele>202.000</ele>
      </trkpt>
      <trkpt lat="41.632880000" lon="2.222760000">
        <ele>203.000</ele>
      </trkpt>
      <trkpt lat="41.632920000" lon="2.222700000">
        <ele>204.000</ele>
      </trkpt>
      <trkpt lat="41.633000000" lon="2.222480000">
        <ele>205.000</ele>
      </trkpt>
      <trkpt lat="41.633270000" lon="2.221130000">
        <ele>207.000</ele>
      </trkpt>
      <trkpt lat="41.633540000" lon="2.219870000">
        <ele>210.000</ele>
      </trkpt>
      <trkpt lat="41.634190000" lon="2.218020000">
        <ele>215.000</ele>
      </trkpt>
      <trkpt lat="41.634210000" lon="2.217590000">
        <ele>219.000</ele>
      </trkpt>
      <trkpt lat="41.634190000" lon="2.217030000">
        <ele>222.000</ele>
      </trkpt>
      <trkpt lat="41.634250000" lon="2.216160000">
        <ele>225.000</ele>
      </trkpt>
      <trkpt lat="41.634210000" lon="2.215820000">
        <ele>226.000</ele>
      </trkpt>
      <trkpt lat="41.633940000" lon="2.215100000">
        <ele>228.000</ele>
      </trkpt>
      <trkpt lat="41.633910000" lon="2.214740000">
        <ele>229.000</ele>
      </trkpt>
      <trkpt lat="41.633980000" lon="2.214320000">
        <ele>231.000</ele>
      </trkpt>
      <trkpt lat="41.634210000" lon="2.213590000">
        <ele>233.000</ele>
      </trkpt>
      <trkpt lat="41.634630000" lon="2.212660000">
        <ele>237.000</ele>
      </trkpt>
      <trkpt lat="41.634730000" lon="2.212340000">
        <ele>239.000</ele>
      </trkpt>
      <trkpt lat="41.634740000" lon="2.212010000">
        <ele>241.000</ele>
      </trkpt>
      <trkpt lat="41.634660000" lon="2.211790000">
        <ele>242.000</ele>
      </trkpt>
      <trkpt lat="41.634470000" lon="2.211750000">
        <ele>243.000</ele>
      </trkpt>
      <trkpt lat="41.634210000" lon="2.211770000">
        <ele>244.000</ele>
      </trkpt>
      <trkpt lat="41.633980000" lon="2.211750000">
        <ele>244.000</ele>
      </trkpt>
      <trkpt lat="41.633880000" lon="2.211560000">
        <ele>245.000</ele>
      </trkpt>
      <trkpt lat="41.633860000" lon="2.211300000">
        <ele>245.000</ele>
      </trkpt>
      <trkpt lat="41.634480000" lon="2.207940000">
        <ele>247.000</ele>
      </trkpt>
      <trkpt lat="41.634650000" lon="2.207580000">
        <ele>248.000</ele>
      </trkpt>
      <trkpt lat="41.635310000" lon="2.206720000">
        <ele>251.000</ele>
      </trkpt>
      <trkpt lat="41.635670000" lon="2.206120000">
        <ele>255.000</ele>
      </trkpt>
      <trkpt lat="41.636740000" lon="2.203790000">
        <ele>259.000</ele>
      </trkpt>
      <trkpt lat="41.636950000" lon="2.203380000">
        <ele>262.000</ele>
      </trkpt>
      <trkpt lat="41.637230000" lon="2.202980000">
        <ele>264.000</ele>
      </trkpt>
      <trkpt lat="41.637300000" lon="2.202890000">
        <ele>265.000</ele>
      </trkpt>
      <trkpt lat="41.637600000" lon="2.202520000">
        <ele>267.000</ele>
      </trkpt>
      <trkpt lat="41.638040000" lon="2.201930000">
        <ele>268.000</ele>
      </trkpt>
      <trkpt lat="41.638560000" lon="2.201060000">
        <ele>269.000</ele>
      </trkpt>
      <trkpt lat="41.639400000" lon="2.199600000">
        <ele>270.000</ele>
      </trkpt>
      <trkpt lat="41.639480000" lon="2.199450000">
        <ele>271.000</ele>
      </trkpt>
      <trkpt lat="41.639510000" lon="2.199390000">
        <ele>272.000</ele>
      </trkpt>
      <trkpt lat="41.639570000" lon="2.199290000">
        <ele>272.000</ele>
      </trkpt>
      <trkpt lat="41.639900000" lon="2.198730000">
        <ele>274.000</ele>
      </trkpt>
      <trkpt lat="41.640240000" lon="2.198100000">
        <ele>275.000</ele>
      </trkpt>
      <trkpt lat="41.640310000" lon="2.197950000">
        <ele>277.000</ele>
      </trkpt>
      <trkpt lat="41.640390000" lon="2.197660000">
        <ele>278.000</ele>
      </trkpt>
      <trkpt lat="41.640410000" lon="2.197500000">
        <ele>279.000</ele>
      </trkpt>
      <trkpt lat="41.640420000" lon="2.197290000">
        <ele>279.000</ele>
      </trkpt>
      <trkpt lat="41.640410000" lon="2.197120000">
        <ele>279.000</ele>
      </trkpt>
      <trkpt lat="41.640410000" lon="2.197030000">
        <ele>279.000</ele>
      </trkpt>
      <trkpt lat="41.640370000" lon="2.196840000">
        <ele>279.000</ele>
      </trkpt>
      <trkpt lat="41.640320000" lon="2.196670000">
        <ele>279.000</ele>
      </trkpt>
      <trkpt lat="41.640270000" lon="2.196550000">
        <ele>279.000</ele>
      </trkpt>
      <trkpt lat="41.640210000" lon="2.196430000">
        <ele>279.000</ele>
      </trkpt>
      <trkpt lat="41.640070000" lon="2.196180000">
        <ele>279.000</ele>
      </trkpt>
      <trkpt lat="41.639940000" lon="2.195790000">
        <ele>278.000</ele>
      </trkpt>
      <trkpt lat="41.639910000" lon="2.195470000">
        <ele>278.000</ele>
      </trkpt>
      <trkpt lat="41.639860000" lon="2.194930000">
        <ele>277.000</ele>
      </trkpt>
      <trkpt lat="41.639770000" lon="2.194660000">
        <ele>276.000</ele>
      </trkpt>
      <trkpt lat="41.639520000" lon="2.194250000">
        <ele>275.000</ele>
      </trkpt>
      <trkpt lat="41.639400000" lon="2.194120000">
        <ele>274.000</ele>
      </trkpt>
      <trkpt lat="41.638860000" lon="2.193800000">
        <ele>273.000</ele>
      </trkpt>
      <trkpt lat="41.638750000" lon="2.193670000">
        <ele>272.000</ele>
      </trkpt>
      <trkpt lat="41.638670000" lon="2.193490000">
        <ele>271.000</ele>
      </trkpt>
      <trkpt lat="41.638640000" lon="2.193340000">
        <ele>271.000</ele>
      </trkpt>
      <trkpt lat="41.638630000" lon="2.193110000">
        <ele>270.000</ele>
      </trkpt>
      <trkpt lat="41.638670000" lon="2.192230000">
        <ele>270.000</ele>
      </trkpt>
      <trkpt lat="41.638620000" lon="2.191970000">
        <ele>271.000</ele>
      </trkpt>
      <trkpt lat="41.638490000" lon="2.191710000">
        <ele>271.000</ele>
      </trkpt>
      <trkpt lat="41.637750000" lon="2.190840000">
        <ele>273.000</ele>
      </trkpt>
      <trkpt lat="41.637630000" lon="2.190640000">
        <ele>274.000</ele>
      </trkpt>
      <trkpt lat="41.637540000" lon="2.190370000">
        <ele>274.000</ele>
      </trkpt>
      <trkpt lat="41.637480000" lon="2.189990000">
        <ele>275.000</ele>
      </trkpt>
      <trkpt lat="41.637440000" lon="2.189330000">
        <ele>275.000</ele>
      </trkpt>
      <trkpt lat="41.637420000" lon="2.188820000">
        <ele>276.000</ele>
      </trkpt>
      <trkpt lat="41.637420000" lon="2.188620000">
        <ele>276.000</ele>
      </trkpt>
      <trkpt lat="41.637460000" lon="2.188410000">
        <ele>276.000</ele>
      </trkpt>
      <trkpt lat="41.637590000" lon="2.187990000">
        <ele>276.000</ele>
      </trkpt>
      <trkpt lat="41.637710000" lon="2.187560000">
        <ele>276.000</ele>
      </trkpt>
      <trkpt lat="41.637750000" lon="2.187400000">
        <ele>276.000</ele>
      </trkpt>
      <trkpt lat="41.637740000" lon="2.187210000">
        <ele>276.000</ele>
      </trkpt>
      <trkpt lat="41.637690000" lon="2.187040000">
        <ele>276.000</ele>
      </trkpt>
      <trkpt lat="41.637630000" lon="2.186920000">
        <ele>276.000</ele>
      </trkpt>
      <trkpt lat="41.637360000" lon="2.186540000">
        <ele>276.000</ele>
      </trkpt>
      <trkpt lat="41.637160000" lon="2.186170000">
        <ele>276.000</ele>
      </trkpt>
      <trkpt lat="41.636800000" lon="2.185080000">
        <ele>274.000</ele>
      </trkpt>
      <trkpt lat="41.636520000" lon="2.184260000">
        <ele>271.000</ele>
      </trkpt>
      <trkpt lat="41.636280000" lon="2.183540000">
        <ele>268.000</ele>
      </trkpt>
      <trkpt lat="41.635340000" lon="2.180760000">
        <ele>262.000</ele>
      </trkpt>
      <trkpt lat="41.635290000" lon="2.180570000">
        <ele>258.000</ele>
      </trkpt>
      <trkpt lat="41.635230000" lon="2.180320000">
        <ele>255.000</ele>
      </trkpt>
      <trkpt lat="41.635080000" lon="2.179260000">
        <ele>252.000</ele>
      </trkpt>
      <trkpt lat="41.634960000" lon="2.178640000">
        <ele>249.000</ele>
      </trkpt>
      <trkpt lat="41.634810000" lon="2.178000000">
        <ele>246.000</ele>
      </trkpt>
      <trkpt lat="41.634640000" lon="2.177420000">
        <ele>243.000</ele>
      </trkpt>
      <trkpt lat="41.634510000" lon="2.177040000">
        <ele>240.000</ele>
      </trkpt>
      <trkpt lat="41.634370000" lon="2.176670000">
        <ele>238.000</ele>
      </trkpt>
      <trkpt lat="41.634210000" lon="2.176340000">
        <ele>235.000</ele>
      </trkpt>
      <trkpt lat="41.634060000" lon="2.176150000">
        <ele>234.000</ele>
      </trkpt>
      <trkpt lat="41.633890000" lon="2.175960000">
        <ele>232.000</ele>
      </trkpt>
      <trkpt lat="41.633300000" lon="2.175480000">
        <ele>231.000</ele>
      </trkpt>
      <trkpt lat="41.633070000" lon="2.175210000">
        <ele>230.000</ele>
      </trkpt>
      <trkpt lat="41.632980000" lon="2.174870000">
        <ele>230.000</ele>
      </trkpt>
      <trkpt lat="41.632960000" lon="2.174630000">
        <ele>230.000</ele>
      </trkpt>
      <trkpt lat="41.632990000" lon="2.174370000">
        <ele>230.000</ele>
      </trkpt>
      <trkpt lat="41.633020000" lon="2.174350000">
        <ele>230.000</ele>
      </trkpt>
      <trkpt lat="41.633040000" lon="2.174320000">
        <ele>230.000</ele>
      </trkpt>
      <trkpt lat="41.633070000" lon="2.174290000">
        <ele>229.000</ele>
      </trkpt>
      <trkpt lat="41.633090000" lon="2.174260000">
        <ele>229.000</ele>
      </trkpt>
      <trkpt lat="41.633100000" lon="2.174220000">
        <ele>229.000</ele>
      </trkpt>
      <trkpt lat="41.633110000" lon="2.174180000">
        <ele>230.000</ele>
      </trkpt>
      <trkpt lat="41.633120000" lon="2.174130000">
        <ele>230.000</ele>
      </trkpt>
      <trkpt lat="41.633120000" lon="2.174090000">
        <ele>230.000</ele>
      </trkpt>
      <trkpt lat="41.633120000" lon="2.174050000">
        <ele>230.000</ele>
      </trkpt>
      <trkpt lat="41.633110000" lon="2.174000000">
        <ele>230.000</ele>
      </trkpt>
      <trkpt lat="41.633140000" lon="2.173810000">
        <ele>230.000</ele>
      </trkpt>
      <trkpt lat="41.633180000" lon="2.173650000">
        <ele>231.000</ele>
      </trkpt>
      <trkpt lat="41.633280000" lon="2.173410000">
        <ele>231.000</ele>
      </trkpt>
      <trkpt lat="41.633380000" lon="2.173250000">
        <ele>232.000</ele>
      </trkpt>
      <trkpt lat="41.633420000" lon="2.173180000">
        <ele>233.000</ele>
      </trkpt>
      <trkpt lat="41.633920000" lon="2.172380000">
        <ele>234.000</ele>
      </trkpt>
      <trkpt lat="41.634340000" lon="2.171820000">
        <ele>236.000</ele>
      </trkpt>
      <trkpt lat="41.634550000" lon="2.171560000">
        <ele>238.000</ele>
      </trkpt>
      <trkpt lat="41.634780000" lon="2.171360000">
        <ele>240.000</ele>
      </trkpt>
      <trkpt lat="41.635250000" lon="2.171000000">
        <ele>243.000</ele>
      </trkpt>
      <trkpt lat="41.635850000" lon="2.170740000">
        <ele>246.000</ele>
      </trkpt>
      <trkpt lat="41.636980000" lon="2.170480000">
        <ele>251.000</ele>
      </trkpt>
      <trkpt lat="41.637690000" lon="2.170290000">
        <ele>255.000</ele>
      </trkpt>
      <trkpt lat="41.638080000" lon="2.170180000">
        <ele>258.000</ele>
      </trkpt>
      <trkpt lat="41.638620000" lon="2.169830000">
        <ele>260.000</ele>
      </trkpt>
      <trkpt lat="41.638650000" lon="2.169810000">
        <ele>262.000</ele>
      </trkpt>
      <trkpt lat="41.638740000" lon="2.169780000">
        <ele>263.000</ele>
      </trkpt>
      <trkpt lat="41.638850000" lon="2.169690000">
        <ele>264.000</ele>
      </trkpt>
      <trkpt lat="41.639040000" lon="2.169530000">
        <ele>264.000</ele>
      </trkpt>
      <trkpt lat="41.639230000" lon="2.169350000">
        <ele>264.000</ele>
      </trkpt>
      <trkpt lat="41.639280000" lon="2.169310000">
        <ele>264.000</ele>
      </trkpt>
      <trkpt lat="41.639520000" lon="2.169040000">
        <ele>264.000</ele>
      </trkpt>
      <trkpt lat="41.639590000" lon="2.168950000">
        <ele>263.000</ele>
      </trkpt>
      <trkpt lat="41.639750000" lon="2.168750000">
        <ele>263.000</ele>
      </trkpt>
      <trkpt lat="41.639830000" lon="2.168590000">
        <ele>262.000</ele>
      </trkpt>
      <trkpt lat="41.639890000" lon="2.168500000">
        <ele>262.000</ele>
      </trkpt>
      <trkpt lat="41.639940000" lon="2.168400000">
        <ele>262.000</ele>
      </trkpt>
      <trkpt lat="41.640100000" lon="2.168130000">
        <ele>261.000</ele>
      </trkpt>
      <trkpt lat="41.640300000" lon="2.167720000">
        <ele>260.000</ele>
      </trkpt>
      <trkpt lat="41.640470000" lon="2.167290000">
        <ele>259.000</ele>
      </trkpt>
      <trkpt lat="41.640630000" lon="2.166760000">
        <ele>257.000</ele>
      </trkpt>
      <trkpt lat="41.640780000" lon="2.166070000">
        <ele>255.000</ele>
      </trkpt>
      <trkpt lat="41.640840000" lon="2.165800000">
        <ele>253.000</ele>
      </trkpt>
      <trkpt lat="41.641010000" lon="2.165000000">
        <ele>251.000</ele>
      </trkpt>
      <trkpt lat="41.641160000" lon="2.164570000">
        <ele>250.000</ele>
      </trkpt>
      <trkpt lat="41.641310000" lon="2.164240000">
        <ele>248.000</ele>
      </trkpt>
      <trkpt lat="41.641570000" lon="2.163810000">
        <ele>247.000</ele>
      </trkpt>
      <trkpt lat="41.641810000" lon="2.163570000">
        <ele>246.000</ele>
      </trkpt>
      <trkpt lat="41.642070000" lon="2.163350000">
        <ele>246.000</ele>
      </trkpt>
      <trkpt lat="41.642330000" lon="2.163180000">
        <ele>246.000</ele>
      </trkpt>
      <trkpt lat="41.643290000" lon="2.162690000">
        <ele>249.000</ele>
      </trkpt>
      <trkpt lat="41.643580000" lon="2.162460000">
        <ele>251.000</ele>
      </trkpt>
      <trkpt lat="41.643870000" lon="2.162170000">
        <ele>254.000</ele>
      </trkpt>
      <trkpt lat="41.643930000" lon="2.162130000">
        <ele>255.000</ele>
      </trkpt>
      <trkpt lat="41.644070000" lon="2.162010000">
        <ele>257.000</ele>
      </trkpt>
      <trkpt lat="41.644190000" lon="2.161900000">
        <ele>258.000</ele>
      </trkpt>
      <trkpt lat="41.644330000" lon="2.161800000">
        <ele>259.000</ele>
      </trkpt>
      <trkpt lat="41.644430000" lon="2.161730000">
        <ele>259.000</ele>
      </trkpt>
      <trkpt lat="41.644540000" lon="2.161680000">
        <ele>260.000</ele>
      </trkpt>
      <trkpt lat="41.644640000" lon="2.161640000">
        <ele>261.000</ele>
      </trkpt>
      <trkpt lat="41.644770000" lon="2.161630000">
        <ele>261.000</ele>
      </trkpt>
      <trkpt lat="41.644890000" lon="2.161640000">
        <ele>262.000</ele>
      </trkpt>
      <trkpt lat="41.644990000" lon="2.161660000">
        <ele>262.000</ele>
      </trkpt>
      <trkpt lat="41.645110000" lon="2.161690000">
        <ele>263.000</ele>
      </trkpt>
      <trkpt lat="41.645200000" lon="2.161730000">
        <ele>263.000</ele>
      </trkpt>
      <trkpt lat="41.645310000" lon="2.161770000">
        <ele>264.000</ele>
      </trkpt>
      <trkpt lat="41.645410000" lon="2.161830000">
        <ele>265.000</ele>
      </trkpt>
      <trkpt lat="41.645460000" lon="2.161870000">
        <ele>265.000</ele>
      </trkpt>
      <trkpt lat="41.645500000" lon="2.161890000">
        <ele>266.000</ele>
      </trkpt>
      <trkpt lat="41.645640000" lon="2.161980000">
        <ele>266.000</ele>
      </trkpt>
      <trkpt lat="41.645800000" lon="2.162070000">
        <ele>267.000</ele>
      </trkpt>
      <trkpt lat="41.645860000" lon="2.162110000">
        <ele>268.000</ele>
      </trkpt>
      <trkpt lat="41.645950000" lon="2.162120000">
        <ele>269.000</ele>
      </trkpt>
      <trkpt lat="41.645990000" lon="2.162140000">
        <ele>269.000</ele>
      </trkpt>
      <trkpt lat="41.646080000" lon="2.162180000">
        <ele>270.000</ele>
      </trkpt>
      <trkpt lat="41.646190000" lon="2.162210000">
        <ele>270.000</ele>
      </trkpt>
      <trkpt lat="41.646330000" lon="2.162240000">
        <ele>271.000</ele>
      </trkpt>
      <trkpt lat="41.646410000" lon="2.162250000">
        <ele>272.000</ele>
      </trkpt>
      <trkpt lat="41.646540000" lon="2.162230000">
        <ele>273.000</ele>
      </trkpt>
      <trkpt lat="41.646650000" lon="2.162200000">
        <ele>273.000</ele>
      </trkpt>
      <trkpt lat="41.647140000" lon="2.161990000">
        <ele>275.000</ele>
      </trkpt>
      <trkpt lat="41.647830000" lon="2.161700000">
        <ele>278.000</ele>
      </trkpt>
      <trkpt lat="41.647890000" lon="2.161680000">
        <ele>281.000</ele>
      </trkpt>
      <trkpt lat="41.647920000" lon="2.161680000">
        <ele>282.000</ele>
      </trkpt>
      <trkpt lat="41.647930000" lon="2.161680000">
        <ele>283.000</ele>
      </trkpt>
      <trkpt lat="41.647930000" lon="2.161680000">
        <ele>284.000</ele>
      </trkpt>
      <trkpt lat="41.648010000" lon="2.161680000">
        <ele>285.000</ele>
      </trkpt>
      <trkpt lat="41.648180000" lon="2.161740000">
        <ele>286.000</ele>
      </trkpt>
      <trkpt lat="41.648410000" lon="2.161840000">
        <ele>287.000</ele>
      </trkpt>
      <trkpt lat="41.648520000" lon="2.161850000">
        <ele>289.000</ele>
      </trkpt>
      <trkpt lat="41.648670000" lon="2.161820000">
        <ele>290.000</ele>
      </trkpt>
      <trkpt lat="41.648900000" lon="2.161680000">
        <ele>291.000</ele>
      </trkpt>
      <trkpt lat="41.649140000" lon="2.161520000">
        <ele>293.000</ele>
      </trkpt>
      <trkpt lat="41.649240000" lon="2.161500000">
        <ele>293.000</ele>
      </trkpt>
      <trkpt lat="41.649340000" lon="2.161500000">
        <ele>294.000</ele>
      </trkpt>
      <trkpt lat="41.649440000" lon="2.161540000">
        <ele>295.000</ele>
      </trkpt>
      <trkpt lat="41.649710000" lon="2.161690000">
        <ele>295.000</ele>
      </trkpt>
      <trkpt lat="41.650040000" lon="2.161850000">
        <ele>296.000</ele>
      </trkpt>
      <trkpt lat="41.650260000" lon="2.161920000">
        <ele>296.000</ele>
      </trkpt>
      <trkpt lat="41.650440000" lon="2.161980000">
        <ele>297.000</ele>
      </trkpt>
      <trkpt lat="41.650560000" lon="2.162020000">
        <ele>297.000</ele>
      </trkpt>
      <trkpt lat="41.650710000" lon="2.162060000">
        <ele>298.000</ele>
      </trkpt>
      <trkpt lat="41.650800000" lon="2.162090000">
        <ele>298.000</ele>
      </trkpt>
      <trkpt lat="41.650860000" lon="2.162100000">
        <ele>299.000</ele>
      </trkpt>
      <trkpt lat="41.650970000" lon="2.162130000">
        <ele>299.000</ele>
      </trkpt>
      <trkpt lat="41.651070000" lon="2.162140000">
        <ele>300.000</ele>
      </trkpt>
      <trkpt lat="41.651160000" lon="2.162110000">
        <ele>301.000</ele>
      </trkpt>
      <trkpt lat="41.651240000" lon="2.162070000">
        <ele>302.000</ele>
      </trkpt>
      <trkpt lat="41.651430000" lon="2.161910000">
        <ele>303.000</ele>
      </trkpt>
      <trkpt lat="41.651560000" lon="2.161740000">
        <ele>304.000</ele>
      </trkpt>
      <trkpt lat="41.651670000" lon="2.161610000">
        <ele>305.000</ele>
      </trkpt>
      <trkpt lat="41.651780000" lon="2.161500000">
        <ele>306.000</ele>
      </trkpt>
      <trkpt lat="41.651870000" lon="2.161410000">
        <ele>307.000</ele>
      </trkpt>
      <trkpt lat="41.651960000" lon="2.161360000">
        <ele>308.000</ele>
      </trkpt>
      <trkpt lat="41.652120000" lon="2.161280000">
        <ele>310.000</ele>
      </trkpt>
      <trkpt lat="41.652160000" lon="2.161270000">
        <ele>310.000</ele>
      </trkpt>
      <trkpt lat="41.652320000" lon="2.161260000">
        <ele>311.000</ele>
      </trkpt>
      <trkpt lat="41.652670000" lon="2.161310000">
        <ele>313.000</ele>
      </trkpt>
      <trkpt lat="41.652910000" lon="2.161340000">
        <ele>314.000</ele>
      </trkpt>
      <trkpt lat="41.653160000" lon="2.161370000">
        <ele>315.000</ele>
      </trkpt>
      <trkpt lat="41.653840000" lon="2.161460000">
        <ele>317.000</ele>
      </trkpt>
      <trkpt lat="41.653920000" lon="2.161470000">
        <ele>318.000</ele>
      </trkpt>
      <trkpt lat="41.654170000" lon="2.161500000">
        <ele>319.000</ele>
      </trkpt>
      <trkpt lat="41.654370000" lon="2.161550000">
        <ele>320.000</ele>
      </trkpt>
      <trkpt lat="41.654660000" lon="2.161630000">
        <ele>322.000</ele>
      </trkpt>
      <trkpt lat="41.654870000" lon="2.161690000">
        <ele>324.000</ele>
      </trkpt>
      <trkpt lat="41.655520000" lon="2.161860000">
        <ele>327.000</ele>
      </trkpt>
      <trkpt lat="41.656320000" lon="2.162070000">
        <ele>332.000</ele>
      </trkpt>
      <trkpt lat="41.656840000" lon="2.162230000">
        <ele>336.000</ele>
      </trkpt>
      <trkpt lat="41.657190000" lon="2.162410000">
        <ele>340.000</ele>
      </trkpt>
      <trkpt lat="41.657340000" lon="2.162490000">
        <ele>343.000</ele>
      </trkpt>
      <trkpt lat="41.657600000" lon="2.162570000">
        <ele>345.000</ele>
      </trkpt>
      <trkpt lat="41.658010000" lon="2.162640000">
        <ele>348.000</ele>
      </trkpt>
      <trkpt lat="41.658850000" lon="2.162620000">
        <ele>352.000</ele>
      </trkpt>
      <trkpt lat="41.659430000" lon="2.162590000">
        <ele>356.000</ele>
      </trkpt>
      <trkpt lat="41.660420000" lon="2.162460000">
        <ele>362.000</ele>
      </trkpt>
      <trkpt lat="41.660960000" lon="2.162390000">
        <ele>366.000</ele>
      </trkpt>
      <trkpt lat="41.661430000" lon="2.162310000">
        <ele>370.000</ele>
      </trkpt>
      <trkpt lat="41.661620000" lon="2.162310000">
        <ele>373.000</ele>
      </trkpt>
      <trkpt lat="41.662000000" lon="2.162350000">
        <ele>376.000</ele>
      </trkpt>
      <trkpt lat="41.663200000" lon="2.162610000">
        <ele>380.000</ele>
      </trkpt>
      <trkpt lat="41.663530000" lon="2.162740000">
        <ele>383.000</ele>
      </trkpt>
      <trkpt lat="41.664140000" lon="2.163020000">
        <ele>386.000</ele>
      </trkpt>
      <trkpt lat="41.664830000" lon="2.163220000">
        <ele>390.000</ele>
      </trkpt>
      <trkpt lat="41.665130000" lon="2.163400000">
        <ele>393.000</ele>
      </trkpt>
      <trkpt lat="41.665460000" lon="2.163570000">
        <ele>396.000</ele>
      </trkpt>
      <trkpt lat="41.665870000" lon="2.163750000">
        <ele>399.000</ele>
      </trkpt>
      <trkpt lat="41.666190000" lon="2.163800000">
        <ele>402.000</ele>
      </trkpt>
      <trkpt lat="41.667190000" lon="2.163740000">
        <ele>406.000</ele>
      </trkpt>
      <trkpt lat="41.667640000" lon="2.163710000">
        <ele>409.000</ele>
      </trkpt>
      <trkpt lat="41.668130000" lon="2.163710000">
        <ele>412.000</ele>
      </trkpt>
      <trkpt lat="41.668460000" lon="2.163760000">
        <ele>415.000</ele>
      </trkpt>
      <trkpt lat="41.668690000" lon="2.163820000">
        <ele>416.000</ele>
      </trkpt>
      <trkpt lat="41.668850000" lon="2.163890000">
        <ele>418.000</ele>
      </trkpt>
      <trkpt lat="41.669020000" lon="2.163980000">
        <ele>419.000</ele>
      </trkpt>
      <trkpt lat="41.669140000" lon="2.164070000">
        <ele>420.000</ele>
      </trkpt>
      <trkpt lat="41.669480000" lon="2.164340000">
        <ele>422.000</ele>
      </trkpt>
      <trkpt lat="41.669880000" lon="2.164620000">
        <ele>424.000</ele>
      </trkpt>
      <trkpt lat="41.670190000" lon="2.164750000">
        <ele>426.000</ele>
      </trkpt>
      <trkpt lat="41.670430000" lon="2.164870000">
        <ele>428.000</ele>
      </trkpt>
      <trkpt lat="41.670590000" lon="2.164990000">
        <ele>429.000</ele>
      </trkpt>
      <trkpt lat="41.670750000" lon="2.165110000">
        <ele>431.000</ele>
      </trkpt>
      <trkpt lat="41.671060000" lon="2.165390000">
        <ele>432.000</ele>
      </trkpt>
      <trkpt lat="41.671250000" lon="2.165490000">
        <ele>434.000</ele>
      </trkpt>
      <trkpt lat="41.671510000" lon="2.165560000">
        <ele>435.000</ele>
      </trkpt>
      <trkpt lat="41.671730000" lon="2.165550000">
        <ele>436.000</ele>
      </trkpt>
      <trkpt lat="41.672250000" lon="2.165420000">
        <ele>438.000</ele>
      </trkpt>
      <trkpt lat="41.673060000" lon="2.165180000">
        <ele>441.000</ele>
      </trkpt>
      <trkpt lat="41.673280000" lon="2.165080000">
        <ele>443.000</ele>
      </trkpt>
      <trkpt lat="41.673450000" lon="2.164960000">
        <ele>445.000</ele>
      </trkpt>
      <trkpt lat="41.673880000" lon="2.164600000">
        <ele>447.000</ele>
      </trkpt>
      <trkpt lat="41.674140000" lon="2.164370000">
        <ele>449.000</ele>
      </trkpt>
      <trkpt lat="41.674420000" lon="2.164140000">
        <ele>450.000</ele>
      </trkpt>
      <trkpt lat="41.674620000" lon="2.164040000">
        <ele>452.000</ele>
      </trkpt>
      <trkpt lat="41.674850000" lon="2.164040000">
        <ele>453.000</ele>
      </trkpt>
      <trkpt lat="41.675200000" lon="2.164140000">
        <ele>454.000</ele>
      </trkpt>
      <trkpt lat="41.675520000" lon="2.164250000">
        <ele>454.000</ele>
      </trkpt>
      <trkpt lat="41.675750000" lon="2.164390000">
        <ele>454.000</ele>
      </trkpt>
      <trkpt lat="41.675980000" lon="2.164610000">
        <ele>454.000</ele>
      </trkpt>
      <trkpt lat="41.676270000" lon="2.164800000">
        <ele>454.000</ele>
      </trkpt>
      <trkpt lat="41.676580000" lon="2.164950000">
        <ele>454.000</ele>
      </trkpt>
      <trkpt lat="41.676940000" lon="2.165080000">
        <ele>454.000</ele>
      </trkpt>
      <trkpt lat="41.677060000" lon="2.165090000">
        <ele>454.000</ele>
      </trkpt>
      <trkpt lat="41.677190000" lon="2.165050000">
        <ele>454.000</ele>
      </trkpt>
      <trkpt lat="41.677320000" lon="2.165000000">
        <ele>454.000</ele>
      </trkpt>
      <trkpt lat="41.677440000" lon="2.164920000">
        <ele>454.000</ele>
      </trkpt>
      <trkpt lat="41.677780000" lon="2.164630000">
        <ele>454.000</ele>
      </trkpt>
      <trkpt lat="41.678120000" lon="2.164340000">
        <ele>455.000</ele>
      </trkpt>
      <trkpt lat="41.678470000" lon="2.164060000">
        <ele>455.000</ele>
      </trkpt>
      <trkpt lat="41.678640000" lon="2.163910000">
        <ele>455.000</ele>
      </trkpt>
      <trkpt lat="41.678760000" lon="2.163810000">
        <ele>455.000</ele>
      </trkpt>
      <trkpt lat="41.678810000" lon="2.163780000">
        <ele>456.000</ele>
      </trkpt>
      <trkpt lat="41.678900000" lon="2.163720000">
        <ele>456.000</ele>
      </trkpt>
      <trkpt lat="41.678940000" lon="2.163700000">
        <ele>456.000</ele>
      </trkpt>
      <trkpt lat="41.678990000" lon="2.163690000">
        <ele>456.000</ele>
      </trkpt>
      <trkpt lat="41.679090000" lon="2.163690000">
        <ele>456.000</ele>
      </trkpt>
      <trkpt lat="41.679170000" lon="2.163720000">
        <ele>456.000</ele>
      </trkpt>
      <trkpt lat="41.679210000" lon="2.163750000">
        <ele>457.000</ele>
      </trkpt>
      <trkpt lat="41.679270000" lon="2.163780000">
        <ele>457.000</ele>
      </trkpt>
      <trkpt lat="41.679360000" lon="2.163860000">
        <ele>457.000</ele>
      </trkpt>
      <trkpt lat="41.679430000" lon="2.163960000">
        <ele>457.000</ele>
      </trkpt>
      <trkpt lat="41.679570000" lon="2.164150000">
        <ele>457.000</ele>
      </trkpt>
      <trkpt lat="41.679650000" lon="2.164240000">
        <ele>457.000</ele>
      </trkpt>
      <trkpt lat="41.679720000" lon="2.164290000">
        <ele>458.000</ele>
      </trkpt>
      <trkpt lat="41.679770000" lon="2.164300000">
        <ele>458.000</ele>
      </trkpt>
      <trkpt lat="41.679820000" lon="2.164300000">
        <ele>458.000</ele>
      </trkpt>
      <trkpt lat="41.679910000" lon="2.164280000">
        <ele>458.000</ele>
      </trkpt>
      <trkpt lat="41.679990000" lon="2.164240000">
        <ele>458.000</ele>
      </trkpt>
      <trkpt lat="41.680060000" lon="2.164180000">
        <ele>458.000</ele>
      </trkpt>
      <trkpt lat="41.680190000" lon="2.164080000">
        <ele>458.000</ele>
      </trkpt>
      <trkpt lat="41.680660000" lon="2.163730000">
        <ele>458.000</ele>
      </trkpt>
      <trkpt lat="41.680700000" lon="2.163700000">
        <ele>457.000</ele>
      </trkpt>
      <trkpt lat="41.680940000" lon="2.163520000">
        <ele>456.000</ele>
      </trkpt>
      <trkpt lat="41.681250000" lon="2.163290000">
        <ele>456.000</ele>
      </trkpt>
      <trkpt lat="41.681340000" lon="2.163230000">
        <ele>455.000</ele>
      </trkpt>
      <trkpt lat="41.681400000" lon="2.163180000">
        <ele>454.000</ele>
      </trkpt>
      <trkpt lat="41.681460000" lon="2.163190000">
        <ele>454.000</ele>
      </trkpt>
      <trkpt lat="41.681480000" lon="2.163190000">
        <ele>454.000</ele>
      </trkpt>
      <trkpt lat="41.681510000" lon="2.163200000">
        <ele>453.000</ele>
      </trkpt>
      <trkpt lat="41.681550000" lon="2.163230000">
        <ele>453.000</ele>
      </trkpt>
      <trkpt lat="41.681600000" lon="2.163280000">
        <ele>453.000</ele>
      </trkpt>
      <trkpt lat="41.681600000" lon="2.163300000">
        <ele>453.000</ele>
      </trkpt>
      <trkpt lat="41.681600000" lon="2.163330000">
        <ele>453.000</ele>
      </trkpt>
      <trkpt lat="41.681600000" lon="2.163350000">
        <ele>453.000</ele>
      </trkpt>
      <trkpt lat="41.681620000" lon="2.163390000">
        <ele>453.000</ele>
      </trkpt>
      <trkpt lat="41.681650000" lon="2.163430000">
        <ele>453.000</ele>
      </trkpt>
      <trkpt lat="41.681680000" lon="2.163450000">
        <ele>453.000</ele>
      </trkpt>
      <trkpt lat="41.681710000" lon="2.163460000">
        <ele>453.000</ele>
      </trkpt>
      <trkpt lat="41.681750000" lon="2.163460000">
        <ele>453.000</ele>
      </trkpt>
      <trkpt lat="41.681760000" lon="2.163460000">
        <ele>453.000</ele>
      </trkpt>
      <trkpt lat="41.681790000" lon="2.163440000">
        <ele>453.000</ele>
      </trkpt>
      <trkpt lat="41.681810000" lon="2.163420000">
        <ele>453.000</ele>
      </trkpt>
      <trkpt lat="41.681840000" lon="2.163390000">
        <ele>453.000</ele>
      </trkpt>
      <trkpt lat="41.681850000" lon="2.163350000">
        <ele>453.000</ele>
      </trkpt>
      <trkpt lat="41.681860000" lon="2.163310000">
        <ele>453.000</ele>
      </trkpt>
      <trkpt lat="41.681860000" lon="2.163270000">
        <ele>453.000</ele>
      </trkpt>
      <trkpt lat="41.681880000" lon="2.163230000">
        <ele>453.000</ele>
      </trkpt>
      <trkpt lat="41.681910000" lon="2.163190000">
        <ele>453.000</ele>
      </trkpt>
      <trkpt lat="41.681950000" lon="2.163170000">
        <ele>453.000</ele>
      </trkpt>
      <trkpt lat="41.681970000" lon="2.163130000">
        <ele>453.000</ele>
      </trkpt>
      <trkpt lat="41.682010000" lon="2.163120000">
        <ele>453.000</ele>
      </trkpt>
      <trkpt lat="41.682040000" lon="2.163120000">
        <ele>453.000</ele>
      </trkpt>
      <trkpt lat="41.682070000" lon="2.163120000">
        <ele>453.000</ele>
      </trkpt>
      <trkpt lat="41.682090000" lon="2.163120000">
        <ele>453.000</ele>
      </trkpt>
      <trkpt lat="41.682200000" lon="2.163120000">
        <ele>454.000</ele>
      </trkpt>
      <trkpt lat="41.682410000" lon="2.163130000">
        <ele>454.000</ele>
      </trkpt>
      <trkpt lat="41.682520000" lon="2.163150000">
        <ele>454.000</ele>
      </trkpt>
      <trkpt lat="41.682650000" lon="2.163180000">
        <ele>454.000</ele>
      </trkpt>
      <trkpt lat="41.682760000" lon="2.163230000">
        <ele>454.000</ele>
      </trkpt>
      <trkpt lat="41.683120000" lon="2.163390000">
        <ele>455.000</ele>
      </trkpt>
      <trkpt lat="41.683290000" lon="2.163470000">
        <ele>455.000</ele>
      </trkpt>
      <trkpt lat="41.683330000" lon="2.163490000">
        <ele>455.000</ele>
      </trkpt>
      <trkpt lat="41.683390000" lon="2.163510000">
        <ele>456.000</ele>
      </trkpt>
      <trkpt lat="41.683440000" lon="2.163540000">
        <ele>456.000</ele>
      </trkpt>
      <trkpt lat="41.683590000" lon="2.163600000">
        <ele>457.000</ele>
      </trkpt>
      <trkpt lat="41.683700000" lon="2.163650000">
        <ele>458.000</ele>
      </trkpt>
      <trkpt lat="41.683800000" lon="2.163680000">
        <ele>459.000</ele>
      </trkpt>
      <trkpt lat="41.683930000" lon="2.163710000">
        <ele>460.000</ele>
      </trkpt>
      <trkpt lat="41.684070000" lon="2.163710000">
        <ele>461.000</ele>
      </trkpt>
      <trkpt lat="41.684300000" lon="2.163690000">
        <ele>462.000</ele>
      </trkpt>
      <trkpt lat="41.684450000" lon="2.163670000">
        <ele>464.000</ele>
      </trkpt>
      <trkpt lat="41.684590000" lon="2.163620000">
        <ele>465.000</ele>
      </trkpt>
      <trkpt lat="41.684720000" lon="2.163570000">
        <ele>467.000</ele>
      </trkpt>
      <trkpt lat="41.685120000" lon="2.163360000">
        <ele>469.000</ele>
      </trkpt>
      <trkpt lat="41.685200000" lon="2.163330000">
        <ele>471.000</ele>
      </trkpt>
      <trkpt lat="41.685680000" lon="2.163330000">
        <ele>472.000</ele>
      </trkpt>
      <trkpt lat="41.685850000" lon="2.163330000">
        <ele>474.000</ele>
      </trkpt>
      <trkpt lat="41.686080000" lon="2.163330000">
        <ele>475.000</ele>
      </trkpt>
      <trkpt lat="41.686180000" lon="2.163340000">
        <ele>476.000</ele>
      </trkpt>
      <trkpt lat="41.686280000" lon="2.163370000">
        <ele>477.000</ele>
      </trkpt>
      <trkpt lat="41.686330000" lon="2.163390000">
        <ele>477.000</ele>
      </trkpt>
      <trkpt lat="41.686370000" lon="2.163410000">
        <ele>478.000</ele>
      </trkpt>
      <trkpt lat="41.686670000" lon="2.163550000">
        <ele>478.000</ele>
      </trkpt>
      <trkpt lat="41.686780000" lon="2.163610000">
        <ele>479.000</ele>
      </trkpt>
      <trkpt lat="41.686870000" lon="2.163680000">
        <ele>479.000</ele>
      </trkpt>
      <trkpt lat="41.686970000" lon="2.163750000">
        <ele>480.000</ele>
      </trkpt>
      <trkpt lat="41.687360000" lon="2.164090000">
        <ele>481.000</ele>
      </trkpt>
      <trkpt lat="41.687460000" lon="2.164170000">
        <ele>481.000</ele>
      </trkpt>
      <trkpt lat="41.687560000" lon="2.164250000">
        <ele>482.000</ele>
      </trkpt>
      <trkpt lat="41.687810000" lon="2.164460000">
        <ele>483.000</ele>
      </trkpt>
      <trkpt lat="41.687950000" lon="2.164580000">
        <ele>483.000</ele>
      </trkpt>
      <trkpt lat="41.688010000" lon="2.164630000">
        <ele>484.000</ele>
      </trkpt>
      <trkpt lat="41.688080000" lon="2.164700000">
        <ele>484.000</ele>
      </trkpt>
      <trkpt lat="41.688130000" lon="2.164740000">
        <ele>485.000</ele>
      </trkpt>
      <trkpt lat="41.688180000" lon="2.164790000">
        <ele>485.000</ele>
      </trkpt>
      <trkpt lat="41.688230000" lon="2.164830000">
        <ele>485.000</ele>
      </trkpt>
      <trkpt lat="41.688410000" lon="2.165000000">
        <ele>486.000</ele>
      </trkpt>
      <trkpt lat="41.688450000" lon="2.165040000">
        <ele>486.000</ele>
      </trkpt>
      <trkpt lat="41.688590000" lon="2.165180000">
        <ele>487.000</ele>
      </trkpt>
      <trkpt lat="41.688650000" lon="2.165260000">
        <ele>487.000</ele>
      </trkpt>
      <trkpt lat="41.688670000" lon="2.165310000">
        <ele>488.000</ele>
      </trkpt>
      <trkpt lat="41.688670000" lon="2.165350000">
        <ele>488.000</ele>
      </trkpt>
      <trkpt lat="41.688660000" lon="2.165390000">
        <ele>488.000</ele>
      </trkpt>
      <trkpt lat="41.688630000" lon="2.165450000">
        <ele>489.000</ele>
      </trkpt>
      <trkpt lat="41.688600000" lon="2.165530000">
        <ele>489.000</ele>
      </trkpt>
      <trkpt lat="41.688560000" lon="2.165610000">
        <ele>489.000</ele>
      </trkpt>
      <trkpt lat="41.688540000" lon="2.165670000">
        <ele>490.000</ele>
      </trkpt>
      <trkpt lat="41.688540000" lon="2.165740000">
        <ele>490.000</ele>
      </trkpt>
      <trkpt lat="41.688570000" lon="2.165800000">
        <ele>490.000</ele>
      </trkpt>
      <trkpt lat="41.688610000" lon="2.165850000">
        <ele>491.000</ele>
      </trkpt>
      <trkpt lat="41.688670000" lon="2.165890000">
        <ele>491.000</ele>
      </trkpt>
      <trkpt lat="41.688980000" lon="2.166030000">
        <ele>492.000</ele>
      </trkpt>
      <trkpt lat="41.689170000" lon="2.166120000">
        <ele>493.000</ele>
      </trkpt>
      <trkpt lat="41.689300000" lon="2.166180000">
        <ele>494.000</ele>
      </trkpt>
      <trkpt lat="41.689430000" lon="2.166240000">
        <ele>495.000</ele>
      </trkpt>
      <trkpt lat="41.689490000" lon="2.166270000">
        <ele>496.000</ele>
      </trkpt>
      <trkpt lat="41.689540000" lon="2.166300000">
        <ele>496.000</ele>
      </trkpt>
      <trkpt lat="41.689550000" lon="2.166310000">
        <ele>497.000</ele>
      </trkpt>
      <trkpt lat="41.689570000" lon="2.166340000">
        <ele>497.000</ele>
      </trkpt>
      <trkpt lat="41.689600000" lon="2.166380000">
        <ele>497.000</ele>
      </trkpt>
      <trkpt lat="41.689630000" lon="2.166430000">
        <ele>498.000</ele>
      </trkpt>
      <trkpt lat="41.689650000" lon="2.166490000">
        <ele>498.000</ele>
      </trkpt>
      <trkpt lat="41.689660000" lon="2.166570000">
        <ele>498.000</ele>
      </trkpt>
      <trkpt lat="41.689670000" lon="2.166680000">
        <ele>498.000</ele>
      </trkpt>
      <trkpt lat="41.689680000" lon="2.166910000">
        <ele>499.000</ele>
      </trkpt>
      <trkpt lat="41.689680000" lon="2.167530000">
        <ele>500.000</ele>
      </trkpt>
      <trkpt lat="41.689690000" lon="2.167680000">
        <ele>500.000</ele>
      </trkpt>
      <trkpt lat="41.689700000" lon="2.167770000">
        <ele>501.000</ele>
      </trkpt>
      <trkpt lat="41.689720000" lon="2.167860000">
        <ele>501.000</ele>
      </trkpt>
      <trkpt lat="41.689750000" lon="2.167970000">
        <ele>502.000</ele>
      </trkpt>
      <trkpt lat="41.689780000" lon="2.168050000">
        <ele>502.000</ele>
      </trkpt>
      <trkpt lat="41.689830000" lon="2.168170000">
        <ele>502.000</ele>
      </trkpt>
      <trkpt lat="41.689860000" lon="2.168290000">
        <ele>503.000</ele>
      </trkpt>
      <trkpt lat="41.689910000" lon="2.168460000">
        <ele>503.000</ele>
      </trkpt>
      <trkpt lat="41.689910000" lon="2.168520000">
        <ele>504.000</ele>
      </trkpt>
      <trkpt lat="41.689930000" lon="2.168590000">
        <ele>504.000</ele>
      </trkpt>
      <trkpt lat="41.689930000" lon="2.168660000">
        <ele>504.000</ele>
      </trkpt>
      <trkpt lat="41.689930000" lon="2.168770000">
        <ele>505.000</ele>
      </trkpt>
      <trkpt lat="41.689920000" lon="2.168970000">
        <ele>505.000</ele>
      </trkpt>
      <trkpt lat="41.689900000" lon="2.169420000">
        <ele>506.000</ele>
      </trkpt>
      <trkpt lat="41.689890000" lon="2.169530000">
        <ele>507.000</ele>
      </trkpt>
      <trkpt lat="41.689900000" lon="2.169620000">
        <ele>507.000</ele>
      </trkpt>
      <trkpt lat="41.689920000" lon="2.169670000">
        <ele>508.000</ele>
      </trkpt>
      <trkpt lat="41.689950000" lon="2.169720000">
        <ele>508.000</ele>
      </trkpt>
      <trkpt lat="41.689990000" lon="2.169760000">
        <ele>509.000</ele>
      </trkpt>
      <trkpt lat="41.690030000" lon="2.169800000">
        <ele>509.000</ele>
      </trkpt>
      <trkpt lat="41.690080000" lon="2.169820000">
        <ele>509.000</ele>
      </trkpt>
      <trkpt lat="41.690180000" lon="2.169830000">
        <ele>510.000</ele>
      </trkpt>
      <trkpt lat="41.690330000" lon="2.169820000">
        <ele>510.000</ele>
      </trkpt>
      <trkpt lat="41.690410000" lon="2.169810000">
        <ele>511.000</ele>
      </trkpt>
      <trkpt lat="41.690860000" lon="2.169730000">
        <ele>512.000</ele>
      </trkpt>
      <trkpt lat="41.691190000" lon="2.169710000">
        <ele>514.000</ele>
      </trkpt>
      <trkpt lat="41.691330000" lon="2.169750000">
        <ele>515.000</ele>
      </trkpt>
      <trkpt lat="41.691510000" lon="2.169830000">
        <ele>517.000</ele>
      </trkpt>
      <trkpt lat="41.691550000" lon="2.169850000">
        <ele>518.000</ele>
      </trkpt>
      <trkpt lat="41.691640000" lon="2.169890000">
        <ele>519.000</ele>
      </trkpt>
      <trkpt lat="41.691780000" lon="2.169970000">
        <ele>520.000</ele>
      </trkpt>
      <trkpt lat="41.692040000" lon="2.170100000">
        <ele>521.000</ele>
      </trkpt>
      <trkpt lat="41.692280000" lon="2.170220000">
        <ele>523.000</ele>
      </trkpt>
      <trkpt lat="41.692410000" lon="2.170300000">
        <ele>524.000</ele>
      </trkpt>
      <trkpt lat="41.692560000" lon="2.170410000">
        <ele>526.000</ele>
      </trkpt>
      <trkpt lat="41.692710000" lon="2.170540000">
        <ele>527.000</ele>
      </trkpt>
      <trkpt lat="41.693020000" lon="2.170780000">
        <ele>528.000</ele>
      </trkpt>
      <trkpt lat="41.693630000" lon="2.171270000">
        <ele>529.000</ele>
      </trkpt>
      <trkpt lat="41.694240000" lon="2.171760000">
        <ele>531.000</ele>
      </trkpt>
      <trkpt lat="41.694550000" lon="2.172010000">
        <ele>533.000</ele>
      </trkpt>
      <trkpt lat="41.694700000" lon="2.172130000">
        <ele>535.000</ele>
      </trkpt>
      <trkpt lat="41.694780000" lon="2.172180000">
        <ele>536.000</ele>
      </trkpt>
      <trkpt lat="41.694860000" lon="2.172220000">
        <ele>537.000</ele>
      </trkpt>
      <trkpt lat="41.694900000" lon="2.172240000">
        <ele>538.000</ele>
      </trkpt>
      <trkpt lat="41.694940000" lon="2.172240000">
        <ele>539.000</ele>
      </trkpt>
      <trkpt lat="41.694970000" lon="2.172240000">
        <ele>540.000</ele>
      </trkpt>
      <trkpt lat="41.695030000" lon="2.172240000">
        <ele>540.000</ele>
      </trkpt>
      <trkpt lat="41.695080000" lon="2.172230000">
        <ele>541.000</ele>
      </trkpt>
      <trkpt lat="41.695120000" lon="2.172210000">
        <ele>541.000</ele>
      </trkpt>
      <trkpt lat="41.695160000" lon="2.172180000">
        <ele>541.000</ele>
      </trkpt>
      <trkpt lat="41.695190000" lon="2.172150000">
        <ele>542.000</ele>
      </trkpt>
      <trkpt lat="41.695230000" lon="2.172110000">
        <ele>542.000</ele>
      </trkpt>
      <trkpt lat="41.695250000" lon="2.172070000">
        <ele>542.000</ele>
      </trkpt>
      <trkpt lat="41.695270000" lon="2.172030000">
        <ele>543.000</ele>
      </trkpt>
      <trkpt lat="41.695280000" lon="2.171980000">
        <ele>543.000</ele>
      </trkpt>
      <trkpt lat="41.695290000" lon="2.171930000">
        <ele>543.000</ele>
      </trkpt>
      <trkpt lat="41.695300000" lon="2.171890000">
        <ele>544.000</ele>
      </trkpt>
      <trkpt lat="41.695300000" lon="2.171840000">
        <ele>544.000</ele>
      </trkpt>
      <trkpt lat="41.695290000" lon="2.171790000">
        <ele>544.000</ele>
      </trkpt>
      <trkpt lat="41.695290000" lon="2.171740000">
        <ele>544.000</ele>
      </trkpt>
      <trkpt lat="41.695280000" lon="2.171700000">
        <ele>545.000</ele>
      </trkpt>
      <trkpt lat="41.695250000" lon="2.171640000">
        <ele>545.000</ele>
      </trkpt>
      <trkpt lat="41.695230000" lon="2.171590000">
        <ele>545.000</ele>
      </trkpt>
      <trkpt lat="41.695190000" lon="2.171540000">
        <ele>546.000</ele>
      </trkpt>
      <trkpt lat="41.695140000" lon="2.171470000">
        <ele>546.000</ele>
      </trkpt>
      <trkpt lat="41.695070000" lon="2.171390000">
        <ele>547.000</ele>
      </trkpt>
      <trkpt lat="41.694970000" lon="2.171280000">
        <ele>547.000</ele>
      </trkpt>
      <trkpt lat="41.694770000" lon="2.171080000">
        <ele>548.000</ele>
      </trkpt>
      <trkpt lat="41.694570000" lon="2.170870000">
        <ele>548.000</ele>
      </trkpt>
      <trkpt lat="41.694470000" lon="2.170760000">
        <ele>549.000</ele>
      </trkpt>
      <trkpt lat="41.694370000" lon="2.170640000">
        <ele>549.000</ele>
      </trkpt>
      <trkpt lat="41.694310000" lon="2.170560000">
        <ele>550.000</ele>
      </trkpt>
      <trkpt lat="41.694290000" lon="2.170510000">
        <ele>550.000</ele>
      </trkpt>
      <trkpt lat="41.694270000" lon="2.170460000">
        <ele>550.000</ele>
      </trkpt>
      <trkpt lat="41.694240000" lon="2.170390000">
        <ele>550.000</ele>
      </trkpt>
      <trkpt lat="41.694220000" lon="2.170260000">
        <ele>551.000</ele>
      </trkpt>
      <trkpt lat="41.694210000" lon="2.170170000">
        <ele>551.000</ele>
      </trkpt>
      <trkpt lat="41.694220000" lon="2.170090000">
        <ele>551.000</ele>
      </trkpt>
      <trkpt lat="41.694230000" lon="2.169980000">
        <ele>551.000</ele>
      </trkpt>
      <trkpt lat="41.694250000" lon="2.169900000">
        <ele>551.000</ele>
      </trkpt>
      <trkpt lat="41.694270000" lon="2.169840000">
        <ele>551.000</ele>
      </trkpt>
      <trkpt lat="41.694300000" lon="2.169770000">
        <ele>552.000</ele>
      </trkpt>
      <trkpt lat="41.694340000" lon="2.169720000">
        <ele>552.000</ele>
      </trkpt>
      <trkpt lat="41.694400000" lon="2.169630000">
        <ele>552.000</ele>
      </trkpt>
      <trkpt lat="41.694450000" lon="2.169560000">
        <ele>552.000</ele>
      </trkpt>
      <trkpt lat="41.694500000" lon="2.169520000">
        <ele>552.000</ele>
      </trkpt>
      <trkpt lat="41.694540000" lon="2.169490000">
        <ele>552.000</ele>
      </trkpt>
      <trkpt lat="41.694590000" lon="2.169460000">
        <ele>552.000</ele>
      </trkpt>
      <trkpt lat="41.694630000" lon="2.169440000">
        <ele>553.000</ele>
      </trkpt>
      <trkpt lat="41.694680000" lon="2.169410000">
        <ele>553.000</ele>
      </trkpt>
      <trkpt lat="41.694740000" lon="2.169390000">
        <ele>553.000</ele>
      </trkpt>
      <trkpt lat="41.694830000" lon="2.169360000">
        <ele>553.000</ele>
      </trkpt>
      <trkpt lat="41.694920000" lon="2.169320000">
        <ele>554.000</ele>
      </trkpt>
      <trkpt lat="41.694990000" lon="2.169290000">
        <ele>554.000</ele>
      </trkpt>
      <trkpt lat="41.695070000" lon="2.169250000">
        <ele>555.000</ele>
      </trkpt>
      <trkpt lat="41.695140000" lon="2.169220000">
        <ele>555.000</ele>
      </trkpt>
      <trkpt lat="41.695190000" lon="2.169190000">
        <ele>555.000</ele>
      </trkpt>
      <trkpt lat="41.695230000" lon="2.169150000">
        <ele>556.000</ele>
      </trkpt>
      <trkpt lat="41.695280000" lon="2.169110000">
        <ele>556.000</ele>
      </trkpt>
      <trkpt lat="41.695320000" lon="2.169060000">
        <ele>556.000</ele>
      </trkpt>
      <trkpt lat="41.695350000" lon="2.169010000">
        <ele>556.000</ele>
      </trkpt>
      <trkpt lat="41.695370000" lon="2.168970000">
        <ele>557.000</ele>
      </trkpt>
      <trkpt lat="41.695390000" lon="2.168920000">
        <ele>557.000</ele>
      </trkpt>
      <trkpt lat="41.695400000" lon="2.168860000">
        <ele>557.000</ele>
      </trkpt>
      <trkpt lat="41.695420000" lon="2.168810000">
        <ele>557.000</ele>
      </trkpt>
      <trkpt lat="41.695420000" lon="2.168760000">
        <ele>558.000</ele>
      </trkpt>
      <trkpt lat="41.695420000" lon="2.168700000">
        <ele>558.000</ele>
      </trkpt>
      <trkpt lat="41.695410000" lon="2.168600000">
        <ele>558.000</ele>
      </trkpt>
      <trkpt lat="41.695400000" lon="2.168470000">
        <ele>558.000</ele>
      </trkpt>
      <trkpt lat="41.695370000" lon="2.168340000">
        <ele>559.000</ele>
      </trkpt>
      <trkpt lat="41.695350000" lon="2.168220000">
        <ele>559.000</ele>
      </trkpt>
      <trkpt lat="41.695330000" lon="2.168100000">
        <ele>560.000</ele>
      </trkpt>
      <trkpt lat="41.695330000" lon="2.168030000">
        <ele>560.000</ele>
      </trkpt>
      <trkpt lat="41.695330000" lon="2.168000000">
        <ele>560.000</ele>
      </trkpt>
      <trkpt lat="41.695340000" lon="2.167950000">
        <ele>561.000</ele>
      </trkpt>
      <trkpt lat="41.695350000" lon="2.167910000">
        <ele>561.000</ele>
      </trkpt>
      <trkpt lat="41.695360000" lon="2.167880000">
        <ele>561.000</ele>
      </trkpt>
      <trkpt lat="41.695390000" lon="2.167840000">
        <ele>561.000</ele>
      </trkpt>
      <trkpt lat="41.695410000" lon="2.167800000">
        <ele>561.000</ele>
      </trkpt>
      <trkpt lat="41.695440000" lon="2.167770000">
        <ele>562.000</ele>
      </trkpt>
      <trkpt lat="41.695470000" lon="2.167760000">
        <ele>562.000</ele>
      </trkpt>
      <trkpt lat="41.695500000" lon="2.167750000">
        <ele>562.000</ele>
      </trkpt>
      <trkpt lat="41.695520000" lon="2.167740000">
        <ele>563.000</ele>
      </trkpt>
      <trkpt lat="41.695550000" lon="2.167730000">
        <ele>563.000</ele>
      </trkpt>
      <trkpt lat="41.695570000" lon="2.167740000">
        <ele>563.000</ele>
      </trkpt>
      <trkpt lat="41.695590000" lon="2.167740000">
        <ele>563.000</ele>
      </trkpt>
      <trkpt lat="41.695640000" lon="2.167750000">
        <ele>564.000</ele>
      </trkpt>
      <trkpt lat="41.695680000" lon="2.167770000">
        <ele>564.000</ele>
      </trkpt>
      <trkpt lat="41.695840000" lon="2.167840000">
        <ele>565.000</ele>
      </trkpt>
      <trkpt lat="41.695910000" lon="2.167870000">
        <ele>566.000</ele>
      </trkpt>
      <trkpt lat="41.695970000" lon="2.167900000">
        <ele>566.000</ele>
      </trkpt>
      <trkpt lat="41.696000000" lon="2.167910000">
        <ele>567.000</ele>
      </trkpt>
      <trkpt lat="41.696040000" lon="2.167930000">
        <ele>567.000</ele>
      </trkpt>
      <trkpt lat="41.696200000" lon="2.168000000">
        <ele>568.000</ele>
      </trkpt>
      <trkpt lat="41.696320000" lon="2.168060000">
        <ele>569.000</ele>
      </trkpt>
      <trkpt lat="41.696440000" lon="2.168110000">
        <ele>571.000</ele>
      </trkpt>
      <trkpt lat="41.696660000" lon="2.168200000">
        <ele>572.000</ele>
      </trkpt>
      <trkpt lat="41.696870000" lon="2.168280000">
        <ele>574.000</ele>
      </trkpt>
      <trkpt lat="41.697090000" lon="2.168370000">
        <ele>576.000</ele>
      </trkpt>
      <trkpt lat="41.697320000" lon="2.168480000">
        <ele>577.000</ele>
      </trkpt>
      <trkpt lat="41.697450000" lon="2.168530000">
        <ele>578.000</ele>
      </trkpt>
      <trkpt lat="41.697550000" lon="2.168560000">
        <ele>579.000</ele>
      </trkpt>
      <trkpt lat="41.697650000" lon="2.168570000">
        <ele>580.000</ele>
      </trkpt>
      <trkpt lat="41.697730000" lon="2.168570000">
        <ele>581.000</ele>
      </trkpt>
      <trkpt lat="41.697820000" lon="2.168570000">
        <ele>581.000</ele>
      </trkpt>
      <trkpt lat="41.697900000" lon="2.168560000">
        <ele>581.000</ele>
      </trkpt>
      <trkpt lat="41.697980000" lon="2.168540000">
        <ele>582.000</ele>
      </trkpt>
      <trkpt lat="41.698040000" lon="2.168530000">
        <ele>582.000</ele>
      </trkpt>
      <trkpt lat="41.698070000" lon="2.168510000">
        <ele>582.000</ele>
      </trkpt>
      <trkpt lat="41.698090000" lon="2.168490000">
        <ele>583.000</ele>
      </trkpt>
      <trkpt lat="41.698120000" lon="2.168460000">
        <ele>583.000</ele>
      </trkpt>
      <trkpt lat="41.698150000" lon="2.168410000">
        <ele>583.000</ele>
      </trkpt>
      <trkpt lat="41.698160000" lon="2.168380000">
        <ele>583.000</ele>
      </trkpt>
      <trkpt lat="41.698170000" lon="2.168330000">
        <ele>583.000</ele>
      </trkpt>
      <trkpt lat="41.698180000" lon="2.168270000">
        <ele>583.000</ele>
      </trkpt>
      <trkpt lat="41.698180000" lon="2.168190000">
        <ele>583.000</ele>
      </trkpt>
      <trkpt lat="41.698170000" lon="2.168100000">
        <ele>584.000</ele>
      </trkpt>
      <trkpt lat="41.698160000" lon="2.167980000">
        <ele>584.000</ele>
      </trkpt>
      <trkpt lat="41.698130000" lon="2.167720000">
        <ele>584.000</ele>
      </trkpt>
      <trkpt lat="41.698130000" lon="2.167680000">
        <ele>585.000</ele>
      </trkpt>
      <trkpt lat="41.698130000" lon="2.167630000">
        <ele>585.000</ele>
      </trkpt>
      <trkpt lat="41.698130000" lon="2.167590000">
        <ele>585.000</ele>
      </trkpt>
      <trkpt lat="41.698140000" lon="2.167550000">
        <ele>585.000</ele>
      </trkpt>
      <trkpt lat="41.698140000" lon="2.167510000">
        <ele>585.000</ele>
      </trkpt>
      <trkpt lat="41.698170000" lon="2.167460000">
        <ele>585.000</ele>
      </trkpt>
      <trkpt lat="41.698190000" lon="2.167420000">
        <ele>586.000</ele>
      </trkpt>
      <trkpt lat="41.698220000" lon="2.167380000">
        <ele>586.000</ele>
      </trkpt>
      <trkpt lat="41.698260000" lon="2.167330000">
        <ele>586.000</ele>
      </trkpt>
      <trkpt lat="41.698300000" lon="2.167290000">
        <ele>586.000</ele>
      </trkpt>
      <trkpt lat="41.698990000" lon="2.166930000">
        <ele>587.000</ele>
      </trkpt>
      <trkpt lat="41.699040000" lon="2.166900000">
        <ele>588.000</ele>
      </trkpt>
      <trkpt lat="41.699180000" lon="2.166820000">
        <ele>588.000</ele>
      </trkpt>
      <trkpt lat="41.699460000" lon="2.166680000">
        <ele>589.000</ele>
      </trkpt>
      <trkpt lat="41.699740000" lon="2.166510000">
        <ele>590.000</ele>
      </trkpt>
      <trkpt lat="41.700040000" lon="2.166350000">
        <ele>591.000</ele>
      </trkpt>
      <trkpt lat="41.700340000" lon="2.166210000">
        <ele>592.000</ele>
      </trkpt>
      <trkpt lat="41.700500000" lon="2.166130000">
        <ele>593.000</ele>
      </trkpt>
      <trkpt lat="41.700580000" lon="2.166100000">
        <ele>594.000</ele>
      </trkpt>
      <trkpt lat="41.700640000" lon="2.166080000">
        <ele>595.000</ele>
      </trkpt>
      <trkpt lat="41.700710000" lon="2.166050000">
        <ele>596.000</ele>
      </trkpt>
      <trkpt lat="41.700790000" lon="2.166040000">
        <ele>597.000</ele>
      </trkpt>
      <trkpt lat="41.700840000" lon="2.166050000">
        <ele>597.000</ele>
      </trkpt>
      <trkpt lat="41.700870000" lon="2.166070000">
        <ele>598.000</ele>
      </trkpt>
      <trkpt lat="41.700920000" lon="2.166100000">
        <ele>598.000</ele>
      </trkpt>
      <trkpt lat="41.700970000" lon="2.166160000">
        <ele>599.000</ele>
      </trkpt>
      <trkpt lat="41.701010000" lon="2.166220000">
        <ele>599.000</ele>
      </trkpt>
      <trkpt lat="41.701050000" lon="2.166280000">
        <ele>600.000</ele>
      </trkpt>
      <trkpt lat="41.701080000" lon="2.166340000">
        <ele>600.000</ele>
      </trkpt>
      <trkpt lat="41.701120000" lon="2.166400000">
        <ele>600.000</ele>
      </trkpt>
      <trkpt lat="41.701150000" lon="2.166430000">
        <ele>601.000</ele>
      </trkpt>
      <trkpt lat="41.701190000" lon="2.166460000">
        <ele>601.000</ele>
      </trkpt>
      <trkpt lat="41.701230000" lon="2.166460000">
        <ele>601.000</ele>
      </trkpt>
      <trkpt lat="41.701280000" lon="2.166460000">
        <ele>602.000</ele>
      </trkpt>
      <trkpt lat="41.701310000" lon="2.166450000">
        <ele>602.000</ele>
      </trkpt>
      <trkpt lat="41.701350000" lon="2.166430000">
        <ele>602.000</ele>
      </trkpt>
      <trkpt lat="41.701460000" lon="2.166360000">
        <ele>603.000</ele>
      </trkpt>
      <trkpt lat="41.701600000" lon="2.166260000">
        <ele>604.000</ele>
      </trkpt>
      <trkpt lat="41.701670000" lon="2.166200000">
        <ele>604.000</ele>
      </trkpt>
      <trkpt lat="41.701720000" lon="2.166150000">
        <ele>605.000</ele>
      </trkpt>
      <trkpt lat="41.701760000" lon="2.166090000">
        <ele>605.000</ele>
      </trkpt>
      <trkpt lat="41.701800000" lon="2.166040000">
        <ele>606.000</ele>
      </trkpt>
      <trkpt lat="41.701830000" lon="2.165970000">
        <ele>606.000</ele>
      </trkpt>
      <trkpt lat="41.701900000" lon="2.165840000">
        <ele>607.000</ele>
      </trkpt>
      <trkpt lat="41.702010000" lon="2.165570000">
        <ele>608.000</ele>
      </trkpt>
      <trkpt lat="41.702120000" lon="2.165310000">
        <ele>609.000</ele>
      </trkpt>
      <trkpt lat="41.702180000" lon="2.165150000">
        <ele>610.000</ele>
      </trkpt>
      <trkpt lat="41.702240000" lon="2.165020000">
        <ele>611.000</ele>
      </trkpt>
      <trkpt lat="41.702690000" lon="2.163920000">
        <ele>613.000</ele>
      </trkpt>
      <trkpt lat="41.702880000" lon="2.163470000">
        <ele>615.000</ele>
      </trkpt>
      <trkpt lat="41.702970000" lon="2.163240000">
        <ele>616.000</ele>
      </trkpt>
      <trkpt lat="41.703040000" lon="2.163090000">
        <ele>617.000</ele>
      </trkpt>
      <trkpt lat="41.703140000" lon="2.163010000">
        <ele>618.000</ele>
      </trkpt>
      <trkpt lat="41.703210000" lon="2.162990000">
        <ele>618.000</ele>
      </trkpt>
      <trkpt lat="41.703300000" lon="2.163000000">
        <ele>619.000</ele>
      </trkpt>
      <trkpt lat="41.703400000" lon="2.163060000">
        <ele>619.000</ele>
      </trkpt>
      <trkpt lat="41.703450000" lon="2.163130000">
        <ele>619.000</ele>
      </trkpt>
      <trkpt lat="41.703870000" lon="2.164110000">
        <ele>620.000</ele>
      </trkpt>
      <trkpt lat="41.703940000" lon="2.164230000">
        <ele>620.000</ele>
      </trkpt>
      <trkpt lat="41.704000000" lon="2.164320000">
        <ele>620.000</ele>
      </trkpt>
      <trkpt lat="41.704040000" lon="2.164350000">
        <ele>621.000</ele>
      </trkpt>
      <trkpt lat="41.704070000" lon="2.164370000">
        <ele>621.000</ele>
      </trkpt>
      <trkpt lat="41.704140000" lon="2.164370000">
        <ele>621.000</ele>
      </trkpt>
      <trkpt lat="41.704210000" lon="2.164330000">
        <ele>621.000</ele>
      </trkpt>
      <trkpt lat="41.704260000" lon="2.164270000">
        <ele>622.000</ele>
      </trkpt>
      <trkpt lat="41.704330000" lon="2.164100000">
        <ele>622.000</ele>
      </trkpt>
      <trkpt lat="41.704540000" lon="2.163330000">
        <ele>623.000</ele>
      </trkpt>
      <trkpt lat="41.704720000" lon="2.162650000">
        <ele>624.000</ele>
      </trkpt>
      <trkpt lat="41.704780000" lon="2.162370000">
        <ele>625.000</ele>
      </trkpt>
      <trkpt lat="41.704840000" lon="2.162000000">
        <ele>625.000</ele>
      </trkpt>
      <trkpt lat="41.704890000" lon="2.161710000">
        <ele>626.000</ele>
      </trkpt>
      <trkpt lat="41.704950000" lon="2.161450000">
        <ele>626.000</ele>
      </trkpt>
      <trkpt lat="41.705270000" lon="2.160350000">
        <ele>626.000</ele>
      </trkpt>
      <trkpt lat="41.705590000" lon="2.159230000">
        <ele>627.000</ele>
      </trkpt>
      <trkpt lat="41.705680000" lon="2.158920000">
        <ele>627.000</ele>
      </trkpt>
      <trkpt lat="41.705730000" lon="2.158710000">
        <ele>627.000</ele>
      </trkpt>
      <trkpt lat="41.705990000" lon="2.157820000">
        <ele>628.000</ele>
      </trkpt>
      <trkpt lat="41.706090000" lon="2.157470000">
        <ele>628.000</ele>
      </trkpt>
      <trkpt lat="41.706250000" lon="2.157080000">
        <ele>628.000</ele>
      </trkpt>
      <trkpt lat="41.706510000" lon="2.156480000">
        <ele>628.000</ele>
      </trkpt>
      <trkpt lat="41.706670000" lon="2.156130000">
        <ele>628.000</ele>
      </trkpt>
      <trkpt lat="41.706700000" lon="2.156070000">
        <ele>628.000</ele>
      </trkpt>
      <trkpt lat="41.706770000" lon="2.155910000">
        <ele>628.000</ele>
      </trkpt>
      <trkpt lat="41.706800000" lon="2.155840000">
        <ele>628.000</ele>
      </trkpt>
      <trkpt lat="41.706890000" lon="2.155750000">
        <ele>628.000</ele>
      </trkpt>
      <trkpt lat="41.706960000" lon="2.155710000">
        <ele>628.000</ele>
      </trkpt>
      <trkpt lat="41.707060000" lon="2.155710000">
        <ele>628.000</ele>
      </trkpt>
      <trkpt lat="41.707150000" lon="2.155720000">
        <ele>628.000</ele>
      </trkpt>
      <trkpt lat="41.707190000" lon="2.155760000">
        <ele>628.000</ele>
      </trkpt>
      <trkpt lat="41.707300000" lon="2.155820000">
        <ele>628.000</ele>
      </trkpt>
      <trkpt lat="41.707400000" lon="2.155960000">
        <ele>627.000</ele>
      </trkpt>
      <trkpt lat="41.707460000" lon="2.156110000">
        <ele>627.000</ele>
      </trkpt>
      <trkpt lat="41.707520000" lon="2.156190000">
        <ele>627.000</ele>
      </trkpt>
      <trkpt lat="41.707640000" lon="2.156380000">
        <ele>627.000</ele>
      </trkpt>
      <trkpt lat="41.707670000" lon="2.156420000">
        <ele>627.000</ele>
      </trkpt>
      <trkpt lat="41.707690000" lon="2.156440000">
        <ele>627.000</ele>
      </trkpt>
      <trkpt lat="41.707790000" lon="2.156600000">
        <ele>627.000</ele>
      </trkpt>
      <trkpt lat="41.707810000" lon="2.156650000">
        <ele>627.000</ele>
      </trkpt>
      <trkpt lat="41.707820000" lon="2.156780000">
        <ele>627.000</ele>
      </trkpt>
      <trkpt lat="41.707810000" lon="2.156850000">
        <ele>627.000</ele>
      </trkpt>
      <trkpt lat="41.707740000" lon="2.157020000">
        <ele>627.000</ele>
      </trkpt>
      <trkpt lat="41.707560000" lon="2.157220000">
        <ele>627.000</ele>
      </trkpt>
      <trkpt lat="41.707320000" lon="2.157480000">
        <ele>628.000</ele>
      </trkpt>
      <trkpt lat="41.707200000" lon="2.157760000">
        <ele>628.000</ele>
      </trkpt>
      <trkpt lat="41.707140000" lon="2.158050000">
        <ele>629.000</ele>
      </trkpt>
      <trkpt lat="41.707160000" lon="2.158380000">
        <ele>629.000</ele>
      </trkpt>
      <trkpt lat="41.707440000" lon="2.160450000">
        <ele>631.000</ele>
      </trkpt>
      <trkpt lat="41.707520000" lon="2.160660000">
        <ele>632.000</ele>
      </trkpt>
      <trkpt lat="41.707670000" lon="2.160820000">
        <ele>632.000</ele>
      </trkpt>
      <trkpt lat="41.707780000" lon="2.160850000">
        <ele>633.000</ele>
      </trkpt>
      <trkpt lat="41.708470000" lon="2.160830000">
        <ele>633.000</ele>
      </trkpt>
      <trkpt lat="41.709060000" lon="2.160880000">
        <ele>634.000</ele>
      </trkpt>
      <trkpt lat="41.709650000" lon="2.161240000">
        <ele>634.000</ele>
      </trkpt>
      <trkpt lat="41.709810000" lon="2.161390000">
        <ele>634.000</ele>
      </trkpt>
      <trkpt lat="41.709890000" lon="2.161560000">
        <ele>635.000</ele>
      </trkpt>
      <trkpt lat="41.709890000" lon="2.161840000">
        <ele>636.000</ele>
      </trkpt>
      <trkpt lat="41.709810000" lon="2.162080000">
        <ele>637.000</ele>
      </trkpt>
      <trkpt lat="41.709110000" lon="2.163180000">
        <ele>639.000</ele>
      </trkpt>
      <trkpt lat="41.708980000" lon="2.163470000">
        <ele>641.000</ele>
      </trkpt>
      <trkpt lat="41.708930000" lon="2.163710000">
        <ele>642.000</ele>
      </trkpt>
      <trkpt lat="41.708460000" lon="2.166240000">
        <ele>646.000</ele>
      </trkpt>
      <trkpt lat="41.708040000" lon="2.168450000">
        <ele>650.000</ele>
      </trkpt>
      <trkpt lat="41.708040000" lon="2.168700000">
        <ele>652.000</ele>
      </trkpt>
      <trkpt lat="41.708110000" lon="2.169050000">
        <ele>654.000</ele>
      </trkpt>
      <trkpt lat="41.708400000" lon="2.169530000">
        <ele>655.000</ele>
      </trkpt>
      <trkpt lat="41.708460000" lon="2.169620000">
        <ele>655.000</ele>
      </trkpt>
      <trkpt lat="41.708480000" lon="2.169660000">
        <ele>655.000</ele>
      </trkpt>
      <trkpt lat="41.709010000" lon="2.170520000">
        <ele>655.000</ele>
      </trkpt>
      <trkpt lat="41.709180000" lon="2.170690000">
        <ele>654.000</ele>
      </trkpt>
      <trkpt lat="41.709440000" lon="2.170760000">
        <ele>654.000</ele>
      </trkpt>
      <trkpt lat="41.710590000" lon="2.170690000">
        <ele>654.000</ele>
      </trkpt>
      <trkpt lat="41.710630000" lon="2.170670000">
        <ele>653.000</ele>
      </trkpt>
      <trkpt lat="41.710650000" lon="2.170670000">
        <ele>653.000</ele>
      </trkpt>
      <trkpt lat="41.710690000" lon="2.170650000">
        <ele>653.000</ele>
      </trkpt>
      <trkpt lat="41.710750000" lon="2.170630000">
        <ele>653.000</ele>
      </trkpt>
      <trkpt lat="41.711280000" lon="2.170400000">
        <ele>653.000</ele>
      </trkpt>
      <trkpt lat="41.711420000" lon="2.170290000">
        <ele>653.000</ele>
      </trkpt>
      <trkpt lat="41.711550000" lon="2.170120000">
        <ele>652.000</ele>
      </trkpt>
      <trkpt lat="41.711690000" lon="2.169790000">
        <ele>651.000</ele>
      </trkpt>
      <trkpt lat="41.711800000" lon="2.169670000">
        <ele>651.000</ele>
      </trkpt>
      <trkpt lat="41.711900000" lon="2.169650000">
        <ele>650.000</ele>
      </trkpt>
      <trkpt lat="41.712030000" lon="2.169730000">
        <ele>650.000</ele>
      </trkpt>
      <trkpt lat="41.712090000" lon="2.169920000">
        <ele>649.000</ele>
      </trkpt>
      <trkpt lat="41.712120000" lon="2.170090000">
        <ele>649.000</ele>
      </trkpt>
      <trkpt lat="41.712210000" lon="2.170220000">
        <ele>648.000</ele>
      </trkpt>
      <trkpt lat="41.712350000" lon="2.170280000">
        <ele>648.000</ele>
      </trkpt>
      <trkpt lat="41.712560000" lon="2.170290000">
        <ele>647.000</ele>
      </trkpt>
      <trkpt lat="41.713530000" lon="2.169860000">
        <ele>646.000</ele>
      </trkpt>
      <trkpt lat="41.713680000" lon="2.169840000">
        <ele>644.000</ele>
      </trkpt>
      <trkpt lat="41.713830000" lon="2.169890000">
        <ele>643.000</ele>
      </trkpt>
      <trkpt lat="41.714050000" lon="2.170040000">
        <ele>642.000</ele>
      </trkpt>
      <trkpt lat="41.714080000" lon="2.170060000">
        <ele>641.000</ele>
      </trkpt>
      <trkpt lat="41.714180000" lon="2.170120000">
        <ele>640.000</ele>
      </trkpt>
      <trkpt lat="41.714200000" lon="2.170130000">
        <ele>640.000</ele>
      </trkpt>
      <trkpt lat="41.714240000" lon="2.170150000">
        <ele>639.000</ele>
      </trkpt>
      <trkpt lat="41.714350000" lon="2.170210000">
        <ele>639.000</ele>
      </trkpt>
      <trkpt lat="41.714550000" lon="2.170220000">
        <ele>638.000</ele>
      </trkpt>
      <trkpt lat="41.714760000" lon="2.170080000">
        <ele>637.000</ele>
      </trkpt>
      <trkpt lat="41.715040000" lon="2.169690000">
        <ele>635.000</ele>
      </trkpt>
      <trkpt lat="41.715200000" lon="2.169570000">
        <ele>634.000</ele>
      </trkpt>
      <trkpt lat="41.715400000" lon="2.169590000">
        <ele>633.000</ele>
      </trkpt>
      <trkpt lat="41.715610000" lon="2.169720000">
        <ele>632.000</ele>
      </trkpt>
      <trkpt lat="41.715690000" lon="2.169860000">
        <ele>632.000</ele>
      </trkpt>
      <trkpt lat="41.715690000" lon="2.169860000">
        <ele>632.000</ele>
      </trkpt>
      <trkpt lat="41.715740000" lon="2.169940000">
        <ele>631.000</ele>
      </trkpt>
      <trkpt lat="41.715880000" lon="2.170050000">
        <ele>631.000</ele>
      </trkpt>
      <trkpt lat="41.716080000" lon="2.170040000">
        <ele>631.000</ele>
      </trkpt>
      <trkpt lat="41.716480000" lon="2.169860000">
        <ele>630.000</ele>
      </trkpt>
      <trkpt lat="41.716700000" lon="2.169810000">
        <ele>630.000</ele>
      </trkpt>
      <trkpt lat="41.717520000" lon="2.169990000">
        <ele>630.000</ele>
      </trkpt>
      <trkpt lat="41.717700000" lon="2.170100000">
        <ele>629.000</ele>
      </trkpt>
      <trkpt lat="41.718290000" lon="2.170690000">
        <ele>628.000</ele>
      </trkpt>
      <trkpt lat="41.718540000" lon="2.171000000">
        <ele>626.000</ele>
      </trkpt>
      <trkpt lat="41.718700000" lon="2.171250000">
        <ele>625.000</ele>
      </trkpt>
      <trkpt lat="41.718750000" lon="2.171460000">
        <ele>624.000</ele>
      </trkpt>
      <trkpt lat="41.718800000" lon="2.171690000">
        <ele>623.000</ele>
      </trkpt>
      <trkpt lat="41.718870000" lon="2.171820000">
        <ele>623.000</ele>
      </trkpt>
      <trkpt lat="41.718970000" lon="2.171900000">
        <ele>622.000</ele>
      </trkpt>
      <trkpt lat="41.719150000" lon="2.171890000">
        <ele>621.000</ele>
      </trkpt>
      <trkpt lat="41.719460000" lon="2.171820000">
        <ele>621.000</ele>
      </trkpt>
      <trkpt lat="41.719620000" lon="2.171730000">
        <ele>620.000</ele>
      </trkpt>
      <trkpt lat="41.719680000" lon="2.171670000">
        <ele>620.000</ele>
      </trkpt>
      <trkpt lat="41.719720000" lon="2.171640000">
        <ele>619.000</ele>
      </trkpt>
      <trkpt lat="41.719760000" lon="2.171610000">
        <ele>619.000</ele>
      </trkpt>
      <trkpt lat="41.719850000" lon="2.171530000">
        <ele>619.000</ele>
      </trkpt>
      <trkpt lat="41.720400000" lon="2.170980000">
        <ele>618.000</ele>
      </trkpt>
      <trkpt lat="41.720600000" lon="2.170820000">
        <ele>617.000</ele>
      </trkpt>
      <trkpt lat="41.720870000" lon="2.170670000">
        <ele>615.000</ele>
      </trkpt>
      <trkpt lat="41.721400000" lon="2.170380000">
        <ele>613.000</ele>
      </trkpt>
      <trkpt lat="41.721580000" lon="2.170230000">
        <ele>610.000</ele>
      </trkpt>
      <trkpt lat="41.721860000" lon="2.169820000">
        <ele>607.000</ele>
      </trkpt>
      <trkpt lat="41.721960000" lon="2.169520000">
        <ele>605.000</ele>
      </trkpt>
      <trkpt lat="41.721960000" lon="2.169240000">
        <ele>603.000</ele>
      </trkpt>
      <trkpt lat="41.721900000" lon="2.169090000">
        <ele>602.000</ele>
      </trkpt>
      <trkpt lat="41.721790000" lon="2.169010000">
        <ele>601.000</ele>
      </trkpt>
      <trkpt lat="41.721600000" lon="2.168990000">
        <ele>600.000</ele>
      </trkpt>
      <trkpt lat="41.721540000" lon="2.168950000">
        <ele>599.000</ele>
      </trkpt>
      <trkpt lat="41.721480000" lon="2.168830000">
        <ele>599.000</ele>
      </trkpt>
      <trkpt lat="41.721480000" lon="2.168660000">
        <ele>599.000</ele>
      </trkpt>
      <trkpt lat="41.721520000" lon="2.168500000">
        <ele>598.000</ele>
      </trkpt>
      <trkpt lat="41.721780000" lon="2.167940000">
        <ele>598.000</ele>
      </trkpt>
      <trkpt lat="41.721810000" lon="2.167650000">
        <ele>598.000</ele>
      </trkpt>
      <trkpt lat="41.721770000" lon="2.167420000">
        <ele>597.000</ele>
      </trkpt>
      <trkpt lat="41.721720000" lon="2.166940000">
        <ele>596.000</ele>
      </trkpt>
      <trkpt lat="41.721720000" lon="2.166730000">
        <ele>594.000</ele>
      </trkpt>
      <trkpt lat="41.721740000" lon="2.166620000">
        <ele>593.000</ele>
      </trkpt>
      <trkpt lat="41.721760000" lon="2.166560000">
        <ele>592.000</ele>
      </trkpt>
      <trkpt lat="41.721780000" lon="2.166500000">
        <ele>591.000</ele>
      </trkpt>
      <trkpt lat="41.721810000" lon="2.166460000">
        <ele>591.000</ele>
      </trkpt>
      <trkpt lat="41.721900000" lon="2.166390000">
        <ele>590.000</ele>
      </trkpt>
      <trkpt lat="41.721920000" lon="2.166390000">
        <ele>589.000</ele>
      </trkpt>
      <trkpt lat="41.721960000" lon="2.166380000">
        <ele>589.000</ele>
      </trkpt>
      <trkpt lat="41.722030000" lon="2.166390000">
        <ele>588.000</ele>
      </trkpt>
      <trkpt lat="41.722090000" lon="2.166410000">
        <ele>588.000</ele>
      </trkpt>
      <trkpt lat="41.722160000" lon="2.166410000">
        <ele>587.000</ele>
      </trkpt>
      <trkpt lat="41.722230000" lon="2.166410000">
        <ele>586.000</ele>
      </trkpt>
      <trkpt lat="41.722330000" lon="2.166380000">
        <ele>586.000</ele>
      </trkpt>
      <trkpt lat="41.722480000" lon="2.166330000">
        <ele>585.000</ele>
      </trkpt>
      <trkpt lat="41.722670000" lon="2.166260000">
        <ele>583.000</ele>
      </trkpt>
      <trkpt lat="41.722880000" lon="2.166180000">
        <ele>582.000</ele>
      </trkpt>
      <trkpt lat="41.722940000" lon="2.166170000">
        <ele>581.000</ele>
      </trkpt>
      <trkpt lat="41.722990000" lon="2.166180000">
        <ele>580.000</ele>
      </trkpt>
      <trkpt lat="41.723020000" lon="2.166190000">
        <ele>580.000</ele>
      </trkpt>
      <trkpt lat="41.723060000" lon="2.166210000">
        <ele>580.000</ele>
      </trkpt>
      <trkpt lat="41.723080000" lon="2.166230000">
        <ele>580.000</ele>
      </trkpt>
      <trkpt lat="41.723100000" lon="2.166260000">
        <ele>580.000</ele>
      </trkpt>
      <trkpt lat="41.723120000" lon="2.166280000">
        <ele>580.000</ele>
      </trkpt>
      <trkpt lat="41.723130000" lon="2.166320000">
        <ele>580.000</ele>
      </trkpt>
      <trkpt lat="41.723150000" lon="2.166410000">
        <ele>581.000</ele>
      </trkpt>
      <trkpt lat="41.723250000" lon="2.166770000">
        <ele>581.000</ele>
      </trkpt>
      <trkpt lat="41.723260000" lon="2.166800000">
        <ele>582.000</ele>
      </trkpt>
      <trkpt lat="41.723260000" lon="2.166850000">
        <ele>583.000</ele>
      </trkpt>
      <trkpt lat="41.723250000" lon="2.166940000">
        <ele>583.000</ele>
      </trkpt>
      <trkpt lat="41.723250000" lon="2.167010000">
        <ele>584.000</ele>
      </trkpt>
      <trkpt lat="41.723250000" lon="2.167070000">
        <ele>584.000</ele>
      </trkpt>
      <trkpt lat="41.723260000" lon="2.167120000">
        <ele>584.000</ele>
      </trkpt>
      <trkpt lat="41.723260000" lon="2.167170000">
        <ele>585.000</ele>
      </trkpt>
      <trkpt lat="41.723280000" lon="2.167210000">
        <ele>585.000</ele>
      </trkpt>
      <trkpt lat="41.723300000" lon="2.167260000">
        <ele>585.000</ele>
      </trkpt>
      <trkpt lat="41.723320000" lon="2.167300000">
        <ele>586.000</ele>
      </trkpt>
      <trkpt lat="41.723350000" lon="2.167340000">
        <ele>586.000</ele>
      </trkpt>
      <trkpt lat="41.723400000" lon="2.167370000">
        <ele>586.000</ele>
      </trkpt>
      <trkpt lat="41.723430000" lon="2.167390000">
        <ele>587.000</ele>
      </trkpt>
      <trkpt lat="41.723550000" lon="2.167430000">
        <ele>587.000</ele>
      </trkpt>
      <trkpt lat="41.723680000" lon="2.167470000">
        <ele>588.000</ele>
      </trkpt>
      <trkpt lat="41.723920000" lon="2.167550000">
        <ele>589.000</ele>
      </trkpt>
      <trkpt lat="41.724010000" lon="2.167610000">
        <ele>590.000</ele>
      </trkpt>
      <trkpt lat="41.724100000" lon="2.167690000">
        <ele>590.000</ele>
      </trkpt>
      <trkpt lat="41.724270000" lon="2.167880000">
        <ele>591.000</ele>
      </trkpt>
      <trkpt lat="41.724360000" lon="2.167990000">
        <ele>592.000</ele>
      </trkpt>
      <trkpt lat="41.724460000" lon="2.168120000">
        <ele>592.000</ele>
      </trkpt>
      <trkpt lat="41.724650000" lon="2.168380000">
        <ele>593.000</ele>
      </trkpt>
      <trkpt lat="41.724700000" lon="2.168460000">
        <ele>593.000</ele>
      </trkpt>
      <trkpt lat="41.724740000" lon="2.168490000">
        <ele>594.000</ele>
      </trkpt>
      <trkpt lat="41.724790000" lon="2.168530000">
        <ele>594.000</ele>
      </trkpt>
      <trkpt lat="41.724850000" lon="2.168560000">
        <ele>594.000</ele>
      </trkpt>
      <trkpt lat="41.724910000" lon="2.168570000">
        <ele>594.000</ele>
      </trkpt>
      <trkpt lat="41.725150000" lon="2.168660000">
        <ele>595.000</ele>
      </trkpt>
      <trkpt lat="41.725210000" lon="2.168700000">
        <ele>595.000</ele>
      </trkpt>
      <trkpt lat="41.725250000" lon="2.168730000">
        <ele>595.000</ele>
      </trkpt>
      <trkpt lat="41.725270000" lon="2.168770000">
        <ele>595.000</ele>
      </trkpt>
      <trkpt lat="41.725290000" lon="2.168810000">
        <ele>596.000</ele>
      </trkpt>
      <trkpt lat="41.725310000" lon="2.168880000">
        <ele>596.000</ele>
      </trkpt>
      <trkpt lat="41.725320000" lon="2.168950000">
        <ele>596.000</ele>
      </trkpt>
      <trkpt lat="41.725330000" lon="2.168970000">
        <ele>596.000</ele>
      </trkpt>
      <trkpt lat="41.725340000" lon="2.169080000">
        <ele>596.000</ele>
      </trkpt>
      <trkpt lat="41.725340000" lon="2.169180000">
        <ele>596.000</ele>
      </trkpt>
      <trkpt lat="41.725330000" lon="2.169260000">
        <ele>597.000</ele>
      </trkpt>
      <trkpt lat="41.725320000" lon="2.169310000">
        <ele>597.000</ele>
      </trkpt>
      <trkpt lat="41.725300000" lon="2.169370000">
        <ele>597.000</ele>
      </trkpt>
      <trkpt lat="41.725270000" lon="2.169420000">
        <ele>597.000</ele>
      </trkpt>
      <trkpt lat="41.725230000" lon="2.169470000">
        <ele>597.000</ele>
      </trkpt>
      <trkpt lat="41.725190000" lon="2.169490000">
        <ele>598.000</ele>
      </trkpt>
      <trkpt lat="41.725160000" lon="2.169510000">
        <ele>598.000</ele>
      </trkpt>
      <trkpt lat="41.725120000" lon="2.169510000">
        <ele>598.000</ele>
      </trkpt>
      <trkpt lat="41.725080000" lon="2.169500000">
        <ele>598.000</ele>
      </trkpt>
      <trkpt lat="41.725000000" lon="2.169460000">
        <ele>598.000</ele>
      </trkpt>
      <trkpt lat="41.724820000" lon="2.169340000">
        <ele>599.000</ele>
      </trkpt>
      <trkpt lat="41.724730000" lon="2.169290000">
        <ele>599.000</ele>
      </trkpt>
      <trkpt lat="41.724590000" lon="2.169230000">
        <ele>600.000</ele>
      </trkpt>
      <trkpt lat="41.724410000" lon="2.169170000">
        <ele>600.000</ele>
      </trkpt>
      <trkpt lat="41.724330000" lon="2.169150000">
        <ele>601.000</ele>
      </trkpt>
      <trkpt lat="41.724230000" lon="2.169140000">
        <ele>601.000</ele>
      </trkpt>
      <trkpt lat="41.724180000" lon="2.169140000">
        <ele>601.000</ele>
      </trkpt>
      <trkpt lat="41.724130000" lon="2.169160000">
        <ele>602.000</ele>
      </trkpt>
      <trkpt lat="41.724080000" lon="2.169200000">
        <ele>602.000</ele>
      </trkpt>
      <trkpt lat="41.724050000" lon="2.169250000">
        <ele>602.000</ele>
      </trkpt>
      <trkpt lat="41.724030000" lon="2.169290000">
        <ele>602.000</ele>
      </trkpt>
      <trkpt lat="41.724020000" lon="2.169350000">
        <ele>603.000</ele>
      </trkpt>
      <trkpt lat="41.724010000" lon="2.169410000">
        <ele>603.000</ele>
      </trkpt>
      <trkpt lat="41.724000000" lon="2.169530000">
        <ele>603.000</ele>
      </trkpt>
      <trkpt lat="41.724000000" lon="2.169650000">
        <ele>603.000</ele>
      </trkpt>
      <trkpt lat="41.724010000" lon="2.170030000">
        <ele>603.000</ele>
      </trkpt>
      <trkpt lat="41.724010000" lon="2.170270000">
        <ele>603.000</ele>
      </trkpt>
      <trkpt lat="41.723980000" lon="2.170860000">
        <ele>603.000</ele>
      </trkpt>
      <trkpt lat="41.723980000" lon="2.170890000">
        <ele>602.000</ele>
      </trkpt>
      <trkpt lat="41.723940000" lon="2.171080000">
        <ele>602.000</ele>
      </trkpt>
      <trkpt lat="41.723820000" lon="2.171210000">
        <ele>602.000</ele>
      </trkpt>
      <trkpt lat="41.723700000" lon="2.171340000">
        <ele>602.000</ele>
      </trkpt>
      <trkpt lat="41.723620000" lon="2.171480000">
        <ele>602.000</ele>
      </trkpt>
      <trkpt lat="41.723400000" lon="2.172030000">
        <ele>601.000</ele>
      </trkpt>
      <trkpt lat="41.723400000" lon="2.172150000">
        <ele>601.000</ele>
      </trkpt>
      <trkpt lat="41.723450000" lon="2.172290000">
        <ele>602.000</ele>
      </trkpt>
      <trkpt lat="41.723540000" lon="2.172370000">
        <ele>603.000</ele>
      </trkpt>
      <trkpt lat="41.723710000" lon="2.172480000">
        <ele>604.000</ele>
      </trkpt>
      <trkpt lat="41.724830000" lon="2.172810000">
        <ele>611.000</ele>
      </trkpt>
      <trkpt lat="41.725040000" lon="2.172960000">
        <ele>616.000</ele>
      </trkpt>
      <trkpt lat="41.725200000" lon="2.173170000">
        <ele>620.000</ele>
      </trkpt>
      <trkpt lat="41.725530000" lon="2.173690000">
        <ele>623.000</ele>
      </trkpt>
      <trkpt lat="41.725570000" lon="2.173890000">
        <ele>626.000</ele>
      </trkpt>
      <trkpt lat="41.725530000" lon="2.174120000">
        <ele>628.000</ele>
      </trkpt>
      <trkpt lat="41.725450000" lon="2.174230000">
        <ele>629.000</ele>
      </trkpt>
      <trkpt lat="41.725110000" lon="2.174360000">
        <ele>631.000</ele>
      </trkpt>
      <trkpt lat="41.725010000" lon="2.174470000">
        <ele>632.000</ele>
      </trkpt>
      <trkpt lat="41.724650000" lon="2.175030000">
        <ele>634.000</ele>
      </trkpt>
      <trkpt lat="41.724630000" lon="2.175190000">
        <ele>635.000</ele>
      </trkpt>
      <trkpt lat="41.724700000" lon="2.175380000">
        <ele>636.000</ele>
      </trkpt>
      <trkpt lat="41.725310000" lon="2.175640000">
        <ele>637.000</ele>
      </trkpt>
      <trkpt lat="41.725520000" lon="2.175770000">
        <ele>638.000</ele>
      </trkpt>
      <trkpt lat="41.726480000" lon="2.176360000">
        <ele>639.000</ele>
      </trkpt>
      <trkpt lat="41.726640000" lon="2.176420000">
        <ele>640.000</ele>
      </trkpt>
      <trkpt lat="41.727270000" lon="2.176410000">
        <ele>641.000</ele>
      </trkpt>
      <trkpt lat="41.727450000" lon="2.176570000">
        <ele>642.000</ele>
      </trkpt>
      <trkpt lat="41.727540000" lon="2.176800000">
        <ele>643.000</ele>
      </trkpt>
      <trkpt lat="41.727540000" lon="2.177060000">
        <ele>643.000</ele>
      </trkpt>
      <trkpt lat="41.727460000" lon="2.177280000">
        <ele>644.000</ele>
      </trkpt>
      <trkpt lat="41.727250000" lon="2.177690000">
        <ele>644.000</ele>
      </trkpt>
      <trkpt lat="41.727220000" lon="2.177910000">
        <ele>645.000</ele>
      </trkpt>
      <trkpt lat="41.727290000" lon="2.178330000">
        <ele>646.000</ele>
      </trkpt>
      <trkpt lat="41.727240000" lon="2.178530000">
        <ele>648.000</ele>
      </trkpt>
      <trkpt lat="41.727150000" lon="2.178650000">
        <ele>649.000</ele>
      </trkpt>
      <trkpt lat="41.727010000" lon="2.178670000">
        <ele>650.000</ele>
      </trkpt>
      <trkpt lat="41.726830000" lon="2.178570000">
        <ele>651.000</ele>
      </trkpt>
      <trkpt lat="41.726640000" lon="2.178530000">
        <ele>653.000</ele>
      </trkpt>
      <trkpt lat="41.726460000" lon="2.178630000">
        <ele>654.000</ele>
      </trkpt>
      <trkpt lat="41.726330000" lon="2.178800000">
        <ele>655.000</ele>
      </trkpt>
      <trkpt lat="41.726200000" lon="2.179200000">
        <ele>657.000</ele>
      </trkpt>
      <trkpt lat="41.726100000" lon="2.179500000">
        <ele>659.000</ele>
      </trkpt>
      <trkpt lat="41.725960000" lon="2.179680000">
        <ele>660.000</ele>
      </trkpt>
      <trkpt lat="41.725690000" lon="2.179760000">
        <ele>661.000</ele>
      </trkpt>
      <trkpt lat="41.725220000" lon="2.179440000">
        <ele>663.000</ele>
      </trkpt>
      <trkpt lat="41.725080000" lon="2.179400000">
        <ele>664.000</ele>
      </trkpt>
      <trkpt lat="41.724930000" lon="2.179510000">
        <ele>665.000</ele>
      </trkpt>
      <trkpt lat="41.724680000" lon="2.179940000">
        <ele>666.000</ele>
      </trkpt>
      <trkpt lat="41.724650000" lon="2.180170000">
        <ele>667.000</ele>
      </trkpt>
      <trkpt lat="41.724750000" lon="2.180390000">
        <ele>668.000</ele>
      </trkpt>
      <trkpt lat="41.724900000" lon="2.180510000">
        <ele>669.000</ele>
      </trkpt>
      <trkpt lat="41.725420000" lon="2.180810000">
        <ele>671.000</ele>
      </trkpt>
      <trkpt lat="41.725900000" lon="2.181200000">
        <ele>673.000</ele>
      </trkpt>
      <trkpt lat="41.726230000" lon="2.181540000">
        <ele>675.000</ele>
      </trkpt>
      <trkpt lat="41.726380000" lon="2.181660000">
        <ele>677.000</ele>
      </trkpt>
      <trkpt lat="41.726800000" lon="2.181820000">
        <ele>679.000</ele>
      </trkpt>
      <trkpt lat="41.726930000" lon="2.182010000">
        <ele>680.000</ele>
      </trkpt>
      <trkpt lat="41.727050000" lon="2.182330000">
        <ele>681.000</ele>
      </trkpt>
      <trkpt lat="41.727250000" lon="2.182580000">
        <ele>683.000</ele>
      </trkpt>
      <trkpt lat="41.727330000" lon="2.182790000">
        <ele>684.000</ele>
      </trkpt>
      <trkpt lat="41.727330000" lon="2.183290000">
        <ele>685.000</ele>
      </trkpt>
      <trkpt lat="41.727350000" lon="2.183340000">
        <ele>686.000</ele>
      </trkpt>
      <trkpt lat="41.727430000" lon="2.183520000">
        <ele>687.000</ele>
      </trkpt>
      <trkpt lat="41.727500000" lon="2.183590000">
        <ele>687.000</ele>
      </trkpt>
      <trkpt lat="41.727590000" lon="2.183640000">
        <ele>688.000</ele>
      </trkpt>
      <trkpt lat="41.727670000" lon="2.183620000">
        <ele>688.000</ele>
      </trkpt>
      <trkpt lat="41.728620000" lon="2.183270000">
        <ele>690.000</ele>
      </trkpt>
      <trkpt lat="41.728740000" lon="2.183140000">
        <ele>691.000</ele>
      </trkpt>
      <trkpt lat="41.729080000" lon="2.182630000">
        <ele>692.000</ele>
      </trkpt>
      <trkpt lat="41.729250000" lon="2.182520000">
        <ele>693.000</ele>
      </trkpt>
      <trkpt lat="41.729690000" lon="2.182400000">
        <ele>692.000</ele>
      </trkpt>
      <trkpt lat="41.729790000" lon="2.182420000">
        <ele>692.000</ele>
      </trkpt>
      <trkpt lat="41.730080000" lon="2.182580000">
        <ele>692.000</ele>
      </trkpt>
      <trkpt lat="41.730220000" lon="2.182590000">
        <ele>691.000</ele>
      </trkpt>
      <trkpt lat="41.730420000" lon="2.182400000">
        <ele>691.000</ele>
      </trkpt>
      <trkpt lat="41.730550000" lon="2.182320000">
        <ele>690.000</ele>
      </trkpt>
      <trkpt lat="41.730720000" lon="2.182330000">
        <ele>689.000</ele>
      </trkpt>
      <trkpt lat="41.730880000" lon="2.182390000">
        <ele>689.000</ele>
      </trkpt>
      <trkpt lat="41.731040000" lon="2.182350000">
        <ele>689.000</ele>
      </trkpt>
      <trkpt lat="41.731280000" lon="2.182260000">
        <ele>689.000</ele>
      </trkpt>
      <trkpt lat="41.731500000" lon="2.182260000">
        <ele>689.000</ele>
      </trkpt>
      <trkpt lat="41.731740000" lon="2.182330000">
        <ele>690.000</ele>
      </trkpt>
      <trkpt lat="41.731900000" lon="2.182380000">
        <ele>690.000</ele>
      </trkpt>
      <trkpt lat="41.731930000" lon="2.182400000">
        <ele>691.000</ele>
      </trkpt>
      <trkpt lat="41.731970000" lon="2.182430000">
        <ele>691.000</ele>
      </trkpt>
      <trkpt lat="41.732030000" lon="2.182480000">
        <ele>691.000</ele>
      </trkpt>
      <trkpt lat="41.732080000" lon="2.182540000">
        <ele>692.000</ele>
      </trkpt>
      <trkpt lat="41.732120000" lon="2.182600000">
        <ele>692.000</ele>
      </trkpt>
      <trkpt lat="41.732180000" lon="2.182700000">
        <ele>692.000</ele>
      </trkpt>
      <trkpt lat="41.732300000" lon="2.182940000">
        <ele>693.000</ele>
      </trkpt>
      <trkpt lat="41.732350000" lon="2.183020000">
        <ele>693.000</ele>
      </trkpt>
      <trkpt lat="41.732390000" lon="2.183080000">
        <ele>693.000</ele>
      </trkpt>
      <trkpt lat="41.732440000" lon="2.183160000">
        <ele>694.000</ele>
      </trkpt>
      <trkpt lat="41.732500000" lon="2.183210000">
        <ele>694.000</ele>
      </trkpt>
      <trkpt lat="41.732570000" lon="2.183280000">
        <ele>695.000</ele>
      </trkpt>
      <trkpt lat="41.732690000" lon="2.183360000">
        <ele>695.000</ele>
      </trkpt>
      <trkpt lat="41.732900000" lon="2.183510000">
        <ele>696.000</ele>
      </trkpt>
      <trkpt lat="41.733260000" lon="2.183770000">
        <ele>697.000</ele>
      </trkpt>
      <trkpt lat="41.733700000" lon="2.184070000">
        <ele>699.000</ele>
      </trkpt>
      <trkpt lat="41.733730000" lon="2.184090000">
        <ele>700.000</ele>
      </trkpt>
      <trkpt lat="41.734090000" lon="2.184340000">
        <ele>701.000</ele>
      </trkpt>
      <trkpt lat="41.734590000" lon="2.184680000">
        <ele>703.000</ele>
      </trkpt>
      <trkpt lat="41.734860000" lon="2.184800000">
        <ele>705.000</ele>
      </trkpt>
      <trkpt lat="41.735040000" lon="2.184820000">
        <ele>706.000</ele>
      </trkpt>
      <trkpt lat="41.735210000" lon="2.184800000">
        <ele>707.000</ele>
      </trkpt>
      <trkpt lat="41.735400000" lon="2.184730000">
        <ele>708.000</ele>
      </trkpt>
      <trkpt lat="41.735670000" lon="2.184610000">
        <ele>709.000</ele>
      </trkpt>
      <trkpt lat="41.735910000" lon="2.184610000">
        <ele>710.000</ele>
      </trkpt>
      <trkpt lat="41.736060000" lon="2.184670000">
        <ele>711.000</ele>
      </trkpt>
      <trkpt lat="41.736290000" lon="2.184820000">
        <ele>712.000</ele>
      </trkpt>
      <trkpt lat="41.736600000" lon="2.185110000">
        <ele>712.000</ele>
      </trkpt>
      <trkpt lat="41.736790000" lon="2.185460000">
        <ele>712.000</ele>
      </trkpt>
      <trkpt lat="41.737060000" lon="2.185940000">
        <ele>713.000</ele>
      </trkpt>
      <trkpt lat="41.737140000" lon="2.186080000">
        <ele>713.000</ele>
      </trkpt>
      <trkpt lat="41.737170000" lon="2.186190000">
        <ele>713.000</ele>
      </trkpt>
      <trkpt lat="41.737180000" lon="2.186280000">
        <ele>713.000</ele>
      </trkpt>
      <trkpt lat="41.737200000" lon="2.186390000">
        <ele>713.000</ele>
      </trkpt>
      <trkpt lat="41.737230000" lon="2.186580000">
        <ele>713.000</ele>
      </trkpt>
      <trkpt lat="41.737250000" lon="2.186640000">
        <ele>714.000</ele>
      </trkpt>
      <trkpt lat="41.737270000" lon="2.186690000">
        <ele>714.000</ele>
      </trkpt>
      <trkpt lat="41.737300000" lon="2.186740000">
        <ele>714.000</ele>
      </trkpt>
      <trkpt lat="41.737360000" lon="2.186800000">
        <ele>714.000</ele>
      </trkpt>
      <trkpt lat="41.737420000" lon="2.186840000">
        <ele>714.000</ele>
      </trkpt>
      <trkpt lat="41.737630000" lon="2.186950000">
        <ele>714.000</ele>
      </trkpt>
      <trkpt lat="41.737680000" lon="2.186980000">
        <ele>714.000</ele>
      </trkpt>
      <trkpt lat="41.737760000" lon="2.187070000">
        <ele>714.000</ele>
      </trkpt>
      <trkpt lat="41.737810000" lon="2.187160000">
        <ele>714.000</ele>
      </trkpt>
      <trkpt lat="41.737930000" lon="2.187430000">
        <ele>715.000</ele>
      </trkpt>
      <trkpt lat="41.738000000" lon="2.187670000">
        <ele>715.000</ele>
      </trkpt>
      <trkpt lat="41.738080000" lon="2.187910000">
        <ele>715.000</ele>
      </trkpt>
      <trkpt lat="41.738170000" lon="2.188200000">
        <ele>715.000</ele>
      </trkpt>
      <trkpt lat="41.738250000" lon="2.188350000">
        <ele>715.000</ele>
      </trkpt>
      <trkpt lat="41.738440000" lon="2.188570000">
        <ele>716.000</ele>
      </trkpt>
      <trkpt lat="41.738680000" lon="2.188770000">
        <ele>716.000</ele>
      </trkpt>
      <trkpt lat="41.738850000" lon="2.188810000">
        <ele>717.000</ele>
      </trkpt>
      <trkpt lat="41.739110000" lon="2.188830000">
        <ele>717.000</ele>
      </trkpt>
      <trkpt lat="41.739230000" lon="2.188870000">
        <ele>718.000</ele>
      </trkpt>
      <trkpt lat="41.739330000" lon="2.188990000">
        <ele>718.000</ele>
      </trkpt>
      <trkpt lat="41.739470000" lon="2.189110000">
        <ele>718.000</ele>
      </trkpt>
      <trkpt lat="41.739570000" lon="2.189140000">
        <ele>719.000</ele>
      </trkpt>
      <trkpt lat="41.739690000" lon="2.189130000">
        <ele>719.000</ele>
      </trkpt>
      <trkpt lat="41.739920000" lon="2.189010000">
        <ele>720.000</ele>
      </trkpt>
      <trkpt lat="41.740040000" lon="2.188960000">
        <ele>720.000</ele>
      </trkpt>
      <trkpt lat="41.740180000" lon="2.189000000">
        <ele>720.000</ele>
      </trkpt>
      <trkpt lat="41.740270000" lon="2.189060000">
        <ele>719.000</ele>
      </trkpt>
      <trkpt lat="41.740320000" lon="2.189090000">
        <ele>719.000</ele>
      </trkpt>
      <trkpt lat="41.740640000" lon="2.189310000">
        <ele>719.000</ele>
      </trkpt>
      <trkpt lat="41.740800000" lon="2.189400000">
        <ele>718.000</ele>
      </trkpt>
      <trkpt lat="41.740920000" lon="2.189430000">
        <ele>718.000</ele>
      </trkpt>
      <trkpt lat="41.741060000" lon="2.189400000">
        <ele>717.000</ele>
      </trkpt>
      <trkpt lat="41.741250000" lon="2.189350000">
        <ele>716.000</ele>
      </trkpt>
      <trkpt lat="41.741380000" lon="2.189370000">
        <ele>716.000</ele>
      </trkpt>
      <trkpt lat="41.741530000" lon="2.189460000">
        <ele>715.000</ele>
      </trkpt>
      <trkpt lat="41.741630000" lon="2.189640000">
        <ele>715.000</ele>
      </trkpt>
      <trkpt lat="41.741740000" lon="2.189880000">
        <ele>714.000</ele>
      </trkpt>
      <trkpt lat="41.741880000" lon="2.190010000">
        <ele>714.000</ele>
      </trkpt>
      <trkpt lat="41.742010000" lon="2.190140000">
        <ele>714.000</ele>
      </trkpt>
      <trkpt lat="41.742070000" lon="2.190350000">
        <ele>714.000</ele>
      </trkpt>
      <trkpt lat="41.742120000" lon="2.190580000">
        <ele>714.000</ele>
      </trkpt>
      <trkpt lat="41.742220000" lon="2.190760000">
        <ele>714.000</ele>
      </trkpt>
      <trkpt lat="41.742340000" lon="2.190850000">
        <ele>714.000</ele>
      </trkpt>
      <trkpt lat="41.742470000" lon="2.190880000">
        <ele>714.000</ele>
      </trkpt>
      <trkpt lat="41.742740000" lon="2.190870000">
        <ele>714.000</ele>
      </trkpt>
      <trkpt lat="41.742830000" lon="2.190880000">
        <ele>714.000</ele>
      </trkpt>
      <trkpt lat="41.742870000" lon="2.190890000">
        <ele>714.000</ele>
      </trkpt>
      <trkpt lat="41.742980000" lon="2.190970000">
        <ele>714.000</ele>
      </trkpt>
      <trkpt lat="41.742990000" lon="2.190990000">
        <ele>714.000</ele>
      </trkpt>
      <trkpt lat="41.743060000" lon="2.191140000">
        <ele>714.000</ele>
      </trkpt>
      <trkpt lat="41.743090000" lon="2.191420000">
        <ele>714.000</ele>
      </trkpt>
      <trkpt lat="41.743150000" lon="2.191560000">
        <ele>714.000</ele>
      </trkpt>
      <trkpt lat="41.743290000" lon="2.191690000">
        <ele>714.000</ele>
      </trkpt>
      <trkpt lat="41.743460000" lon="2.191780000">
        <ele>714.000</ele>
      </trkpt>
      <trkpt lat="41.743700000" lon="2.191860000">
        <ele>714.000</ele>
      </trkpt>
      <trkpt lat="41.743910000" lon="2.191940000">
        <ele>714.000</ele>
      </trkpt>
      <trkpt lat="41.744060000" lon="2.192090000">
        <ele>713.000</ele>
      </trkpt>
      <trkpt lat="41.744200000" lon="2.192380000">
        <ele>713.000</ele>
      </trkpt>
      <trkpt lat="41.744340000" lon="2.192580000">
        <ele>713.000</ele>
      </trkpt>
      <trkpt lat="41.744630000" lon="2.192880000">
        <ele>713.000</ele>
      </trkpt>
      <trkpt lat="41.744840000" lon="2.193020000">
        <ele>713.000</ele>
      </trkpt>
      <trkpt lat="41.745080000" lon="2.193080000">
        <ele>714.000</ele>
      </trkpt>
      <trkpt lat="41.745280000" lon="2.193150000">
        <ele>714.000</ele>
      </trkpt>
      <trkpt lat="41.745420000" lon="2.193280000">
        <ele>714.000</ele>
      </trkpt>
      <trkpt lat="41.745550000" lon="2.193530000">
        <ele>715.000</ele>
      </trkpt>
      <trkpt lat="41.745670000" lon="2.193660000">
        <ele>715.000</ele>
      </trkpt>
      <trkpt lat="41.745810000" lon="2.193750000">
        <ele>715.000</ele>
      </trkpt>
      <trkpt lat="41.746150000" lon="2.193820000">
        <ele>716.000</ele>
      </trkpt>
      <trkpt lat="41.746490000" lon="2.193860000">
        <ele>716.000</ele>
      </trkpt>
      <trkpt lat="41.746650000" lon="2.193940000">
        <ele>716.000</ele>
      </trkpt>
      <trkpt lat="41.746680000" lon="2.193970000">
        <ele>716.000</ele>
      </trkpt>
      <trkpt lat="41.746770000" lon="2.194080000">
        <ele>717.000</ele>
      </trkpt>
      <trkpt lat="41.746860000" lon="2.194230000">
        <ele>717.000</ele>
      </trkpt>
      <trkpt lat="41.747240000" lon="2.195380000">
        <ele>717.000</ele>
      </trkpt>
      <trkpt lat="41.747240000" lon="2.195680000">
        <ele>717.000</ele>
      </trkpt>
      <trkpt lat="41.747150000" lon="2.195860000">
        <ele>717.000</ele>
      </trkpt>
      <trkpt lat="41.746800000" lon="2.195940000">
        <ele>717.000</ele>
      </trkpt>
      <trkpt lat="41.746560000" lon="2.196000000">
        <ele>717.000</ele>
      </trkpt>
      <trkpt lat="41.746300000" lon="2.196190000">
        <ele>717.000</ele>
      </trkpt>
      <trkpt lat="41.746020000" lon="2.196400000">
        <ele>717.000</ele>
      </trkpt>
      <trkpt lat="41.745280000" lon="2.197010000">
        <ele>716.000</ele>
      </trkpt>
      <trkpt lat="41.745140000" lon="2.197170000">
        <ele>716.000</ele>
      </trkpt>
      <trkpt lat="41.745070000" lon="2.197390000">
        <ele>717.000</ele>
      </trkpt>
      <trkpt lat="41.745040000" lon="2.197670000">
        <ele>717.000</ele>
      </trkpt>
      <trkpt lat="41.745080000" lon="2.197920000">
        <ele>718.000</ele>
      </trkpt>
      <trkpt lat="41.745270000" lon="2.198480000">
        <ele>720.000</ele>
      </trkpt>
      <trkpt lat="41.745360000" lon="2.198790000">
        <ele>721.000</ele>
      </trkpt>
      <trkpt lat="41.745380000" lon="2.199010000">
        <ele>722.000</ele>
      </trkpt>
      <trkpt lat="41.745330000" lon="2.199190000">
        <ele>724.000</ele>
      </trkpt>
      <trkpt lat="41.745250000" lon="2.199310000">
        <ele>725.000</ele>
      </trkpt>
      <trkpt lat="41.745150000" lon="2.199370000">
        <ele>725.000</ele>
      </trkpt>
      <trkpt lat="41.745040000" lon="2.199390000">
        <ele>726.000</ele>
      </trkpt>
      <trkpt lat="41.744860000" lon="2.199380000">
        <ele>727.000</ele>
      </trkpt>
      <trkpt lat="41.744660000" lon="2.199320000">
        <ele>727.000</ele>
      </trkpt>
      <trkpt lat="41.744530000" lon="2.199360000">
        <ele>728.000</ele>
      </trkpt>
      <trkpt lat="41.744460000" lon="2.199400000">
        <ele>728.000</ele>
      </trkpt>
      <trkpt lat="41.744380000" lon="2.199490000">
        <ele>728.000</ele>
      </trkpt>
      <trkpt lat="41.744280000" lon="2.199720000">
        <ele>729.000</ele>
      </trkpt>
      <trkpt lat="41.744270000" lon="2.200230000">
        <ele>730.000</ele>
      </trkpt>
      <trkpt lat="41.744260000" lon="2.200870000">
        <ele>731.000</ele>
      </trkpt>
      <trkpt lat="41.744320000" lon="2.201920000">
        <ele>733.000</ele>
      </trkpt>
      <trkpt lat="41.744410000" lon="2.202980000">
        <ele>735.000</ele>
      </trkpt>
      <trkpt lat="41.744530000" lon="2.203290000">
        <ele>737.000</ele>
      </trkpt>
      <trkpt lat="41.744610000" lon="2.203360000">
        <ele>739.000</ele>
      </trkpt>
      <trkpt lat="41.748170000" lon="2.206950000">
        <ele>740.000</ele>
      </trkpt>
      <trkpt lat="41.749990000" lon="2.208770000">
        <ele>744.000</ele>
      </trkpt>
      <trkpt lat="41.750360000" lon="2.209140000">
        <ele>747.000</ele>
      </trkpt>
      <trkpt lat="41.750360000" lon="2.209140000">
        <ele>749.000</ele>
      </trkpt>
      <trkpt lat="41.750890000" lon="2.209680000">
        <ele>750.000</ele>
      </trkpt>
      <trkpt lat="41.751360000" lon="2.210140000">
        <ele>751.000</ele>
      </trkpt>
      <trkpt lat="41.751620000" lon="2.210410000">
        <ele>752.000</ele>
      </trkpt>
      <trkpt lat="41.751720000" lon="2.210510000">
        <ele>753.000</ele>
      </trkpt>
      <trkpt lat="41.751790000" lon="2.210560000">
        <ele>753.000</ele>
      </trkpt>
      <trkpt lat="41.751860000" lon="2.210600000">
        <ele>754.000</ele>
      </trkpt>
      <trkpt lat="41.751910000" lon="2.210630000">
        <ele>754.000</ele>
      </trkpt>
      <trkpt lat="41.751970000" lon="2.210650000">
        <ele>754.000</ele>
      </trkpt>
      <trkpt lat="41.752030000" lon="2.210660000">
        <ele>755.000</ele>
      </trkpt>
      <trkpt lat="41.752110000" lon="2.210660000">
        <ele>755.000</ele>
      </trkpt>
      <trkpt lat="41.752210000" lon="2.210660000">
        <ele>755.000</ele>
      </trkpt>
      <trkpt lat="41.752560000" lon="2.210600000">
        <ele>756.000</ele>
      </trkpt>
      <trkpt lat="41.753020000" lon="2.210520000">
        <ele>757.000</ele>
      </trkpt>
      <trkpt lat="41.753940000" lon="2.210380000">
        <ele>759.000</ele>
      </trkpt>
      <trkpt lat="41.754250000" lon="2.210320000">
        <ele>761.000</ele>
      </trkpt>
      <trkpt lat="41.754520000" lon="2.210250000">
        <ele>762.000</ele>
      </trkpt>
      <trkpt lat="41.754750000" lon="2.210180000">
        <ele>762.000</ele>
      </trkpt>
      <trkpt lat="41.755020000" lon="2.210070000">
        <ele>762.000</ele>
      </trkpt>
      <trkpt lat="41.755250000" lon="2.209960000">
        <ele>763.000</ele>
      </trkpt>
      <trkpt lat="41.755820000" lon="2.209670000">
        <ele>763.000</ele>
      </trkpt>
      <trkpt lat="41.756480000" lon="2.209340000">
        <ele>761.000</ele>
      </trkpt>
      <trkpt lat="41.756730000" lon="2.209280000">
        <ele>760.000</ele>
      </trkpt>
      <trkpt lat="41.757140000" lon="2.209170000">
        <ele>758.000</ele>
      </trkpt>
      <trkpt lat="41.757870000" lon="2.209060000">
        <ele>756.000</ele>
      </trkpt>
      <trkpt lat="41.758380000" lon="2.209110000">
        <ele>753.000</ele>
      </trkpt>
      <trkpt lat="41.758600000" lon="2.209090000">
        <ele>751.000</ele>
      </trkpt>
      <trkpt lat="41.758850000" lon="2.208950000">
        <ele>749.000</ele>
      </trkpt>
      <trkpt lat="41.759060000" lon="2.208810000">
        <ele>747.000</ele>
      </trkpt>
      <trkpt lat="41.760080000" lon="2.208730000">
        <ele>744.000</ele>
      </trkpt>
      <trkpt lat="41.762250000" lon="2.208480000">
        <ele>739.000</ele>
      </trkpt>
      <trkpt lat="41.762400000" lon="2.208410000">
        <ele>736.000</ele>
      </trkpt>
      <trkpt lat="41.762530000" lon="2.208310000">
        <ele>734.000</ele>
      </trkpt>
      <trkpt lat="41.762660000" lon="2.208110000">
        <ele>732.000</ele>
      </trkpt>
      <trkpt lat="41.762740000" lon="2.207880000">
        <ele>730.000</ele>
      </trkpt>
      <trkpt lat="41.762870000" lon="2.207360000">
        <ele>729.000</ele>
      </trkpt>
      <trkpt lat="41.763050000" lon="2.206550000">
        <ele>726.000</ele>
      </trkpt>
      <trkpt lat="41.763240000" lon="2.206200000">
        <ele>724.000</ele>
      </trkpt>
      <trkpt lat="41.763460000" lon="2.205990000">
        <ele>723.000</ele>
      </trkpt>
      <trkpt lat="41.763670000" lon="2.205750000">
        <ele>721.000</ele>
      </trkpt>
      <trkpt lat="41.763960000" lon="2.205490000">
        <ele>719.000</ele>
      </trkpt>
      <trkpt lat="41.764140000" lon="2.205430000">
        <ele>718.000</ele>
      </trkpt>
      <trkpt lat="41.764270000" lon="2.205440000">
        <ele>717.000</ele>
      </trkpt>
      <trkpt lat="41.764660000" lon="2.205450000">
        <ele>715.000</ele>
      </trkpt>
      <trkpt lat="41.765040000" lon="2.205470000">
        <ele>714.000</ele>
      </trkpt>
      <trkpt lat="41.765190000" lon="2.205560000">
        <ele>712.000</ele>
      </trkpt>
      <trkpt lat="41.765300000" lon="2.205650000">
        <ele>711.000</ele>
      </trkpt>
      <trkpt lat="41.765440000" lon="2.205800000">
        <ele>710.000</ele>
      </trkpt>
      <trkpt lat="41.765720000" lon="2.206090000">
        <ele>709.000</ele>
      </trkpt>
      <trkpt lat="41.765930000" lon="2.206300000">
        <ele>708.000</ele>
      </trkpt>
      <trkpt lat="41.766010000" lon="2.206360000">
        <ele>707.000</ele>
      </trkpt>
      <trkpt lat="41.766100000" lon="2.206400000">
        <ele>706.000</ele>
      </trkpt>
      <trkpt lat="41.766170000" lon="2.206410000">
        <ele>706.000</ele>
      </trkpt>
      <trkpt lat="41.766350000" lon="2.206410000">
        <ele>705.000</ele>
      </trkpt>
      <trkpt lat="41.766630000" lon="2.206410000">
        <ele>704.000</ele>
      </trkpt>
      <trkpt lat="41.766720000" lon="2.206440000">
        <ele>704.000</ele>
      </trkpt>
      <trkpt lat="41.766780000" lon="2.206510000">
        <ele>703.000</ele>
      </trkpt>
      <trkpt lat="41.766810000" lon="2.206620000">
        <ele>703.000</ele>
      </trkpt>
      <trkpt lat="41.767030000" lon="2.207370000">
        <ele>702.000</ele>
      </trkpt>
      <trkpt lat="41.767110000" lon="2.207700000">
        <ele>701.000</ele>
      </trkpt>
      <trkpt lat="41.767130000" lon="2.207920000">
        <ele>700.000</ele>
      </trkpt>
      <trkpt lat="41.767100000" lon="2.208180000">
        <ele>700.000</ele>
      </trkpt>
      <trkpt lat="41.766960000" lon="2.208800000">
        <ele>699.000</ele>
      </trkpt>
      <trkpt lat="41.766910000" lon="2.209010000">
        <ele>698.000</ele>
      </trkpt>
      <trkpt lat="41.766910000" lon="2.209190000">
        <ele>698.000</ele>
      </trkpt>
      <trkpt lat="41.766970000" lon="2.209330000">
        <ele>697.000</ele>
      </trkpt>
      <trkpt lat="41.767050000" lon="2.209410000">
        <ele>696.000</ele>
      </trkpt>
      <trkpt lat="41.767360000" lon="2.209630000">
        <ele>695.000</ele>
      </trkpt>
      <trkpt lat="41.767440000" lon="2.209710000">
        <ele>695.000</ele>
      </trkpt>
      <trkpt lat="41.767740000" lon="2.210060000">
        <ele>693.000</ele>
      </trkpt>
      <trkpt lat="41.767880000" lon="2.210220000">
        <ele>692.000</ele>
      </trkpt>
      <trkpt lat="41.768010000" lon="2.210410000">
        <ele>691.000</ele>
      </trkpt>
      <trkpt lat="41.768260000" lon="2.210850000">
        <ele>690.000</ele>
      </trkpt>
      <trkpt lat="41.768620000" lon="2.211490000">
        <ele>689.000</ele>
      </trkpt>
      <trkpt lat="41.768810000" lon="2.211800000">
        <ele>687.000</ele>
      </trkpt>
      <trkpt lat="41.768930000" lon="2.211910000">
        <ele>686.000</ele>
      </trkpt>
      <trkpt lat="41.769020000" lon="2.211940000">
        <ele>686.000</ele>
      </trkpt>
      <trkpt lat="41.769380000" lon="2.211950000">
        <ele>685.000</ele>
      </trkpt>
      <trkpt lat="41.770270000" lon="2.211940000">
        <ele>683.000</ele>
      </trkpt>
      <trkpt lat="41.771130000" lon="2.211930000">
        <ele>680.000</ele>
      </trkpt>
      <trkpt lat="41.771390000" lon="2.211940000">
        <ele>677.000</ele>
      </trkpt>
      <trkpt lat="41.771600000" lon="2.211970000">
        <ele>674.000</ele>
      </trkpt>
      <trkpt lat="41.771980000" lon="2.212050000">
        <ele>671.000</ele>
      </trkpt>
      <trkpt lat="41.772110000" lon="2.212060000">
        <ele>668.000</ele>
      </trkpt>
      <trkpt lat="41.772210000" lon="2.212040000">
        <ele>667.000</ele>
      </trkpt>
      <trkpt lat="41.772310000" lon="2.211970000">
        <ele>665.000</ele>
      </trkpt>
      <trkpt lat="41.772400000" lon="2.211860000">
        <ele>664.000</ele>
      </trkpt>
      <trkpt lat="41.772670000" lon="2.211480000">
        <ele>663.000</ele>
      </trkpt>
      <trkpt lat="41.772800000" lon="2.211330000">
        <ele>662.000</ele>
      </trkpt>
      <trkpt lat="41.772910000" lon="2.211250000">
        <ele>661.000</ele>
      </trkpt>
      <trkpt lat="41.773200000" lon="2.211090000">
        <ele>659.000</ele>
      </trkpt>
      <trkpt lat="41.773550000" lon="2.210920000">
        <ele>658.000</ele>
      </trkpt>
      <trkpt lat="41.773870000" lon="2.210760000">
        <ele>656.000</ele>
      </trkpt>
      <trkpt lat="41.774200000" lon="2.210580000">
        <ele>655.000</ele>
      </trkpt>
      <trkpt lat="41.774300000" lon="2.210540000">
        <ele>654.000</ele>
      </trkpt>
      <trkpt lat="41.774520000" lon="2.210440000">
        <ele>652.000</ele>
      </trkpt>
      <trkpt lat="41.774640000" lon="2.210410000">
        <ele>651.000</ele>
      </trkpt>
      <trkpt lat="41.774740000" lon="2.210470000">
        <ele>650.000</ele>
      </trkpt>
      <trkpt lat="41.774820000" lon="2.210560000">
        <ele>650.000</ele>
      </trkpt>
      <trkpt lat="41.774850000" lon="2.210650000">
        <ele>649.000</ele>
      </trkpt>
      <trkpt lat="41.774880000" lon="2.210760000">
        <ele>648.000</ele>
      </trkpt>
      <trkpt lat="41.774890000" lon="2.210910000">
        <ele>648.000</ele>
      </trkpt>
      <trkpt lat="41.774920000" lon="2.211120000">
        <ele>647.000</ele>
      </trkpt>
      <trkpt lat="41.774940000" lon="2.211220000">
        <ele>646.000</ele>
      </trkpt>
      <trkpt lat="41.774980000" lon="2.211300000">
        <ele>646.000</ele>
      </trkpt>
      <trkpt lat="41.775040000" lon="2.211390000">
        <ele>645.000</ele>
      </trkpt>
      <trkpt lat="41.775160000" lon="2.211520000">
        <ele>645.000</ele>
      </trkpt>
      <trkpt lat="41.775910000" lon="2.212280000">
        <ele>643.000</ele>
      </trkpt>
      <trkpt lat="41.776030000" lon="2.212360000">
        <ele>642.000</ele>
      </trkpt>
      <trkpt lat="41.776190000" lon="2.212410000">
        <ele>641.000</ele>
      </trkpt>
      <trkpt lat="41.776380000" lon="2.212410000">
        <ele>640.000</ele>
      </trkpt>
      <trkpt lat="41.776730000" lon="2.212370000">
        <ele>639.000</ele>
      </trkpt>
      <trkpt lat="41.777080000" lon="2.212330000">
        <ele>638.000</ele>
      </trkpt>
      <trkpt lat="41.777430000" lon="2.212290000">
        <ele>637.000</ele>
      </trkpt>
      <trkpt lat="41.778130000" lon="2.212200000">
        <ele>635.000</ele>
      </trkpt>
      <trkpt lat="41.778310000" lon="2.212230000">
        <ele>633.000</ele>
      </trkpt>
      <trkpt lat="41.778370000" lon="2.212260000">
        <ele>632.000</ele>
      </trkpt>
      <trkpt lat="41.778410000" lon="2.212290000">
        <ele>632.000</ele>
      </trkpt>
      <trkpt lat="41.778630000" lon="2.212530000">
        <ele>631.000</ele>
      </trkpt>
      <trkpt lat="41.778730000" lon="2.212580000">
        <ele>630.000</ele>
      </trkpt>
      <trkpt lat="41.778800000" lon="2.212600000">
        <ele>630.000</ele>
      </trkpt>
      <trkpt lat="41.778870000" lon="2.212580000">
        <ele>629.000</ele>
      </trkpt>
      <trkpt lat="41.778950000" lon="2.212530000">
        <ele>629.000</ele>
      </trkpt>
      <trkpt lat="41.779010000" lon="2.212440000">
        <ele>629.000</ele>
      </trkpt>
      <trkpt lat="41.779140000" lon="2.212170000">
        <ele>628.000</ele>
      </trkpt>
      <trkpt lat="41.779180000" lon="2.212110000">
        <ele>628.000</ele>
      </trkpt>
      <trkpt lat="41.779230000" lon="2.212070000">
        <ele>628.000</ele>
      </trkpt>
      <trkpt lat="41.779320000" lon="2.212030000">
        <ele>627.000</ele>
      </trkpt>
      <trkpt lat="41.779340000" lon="2.212030000">
        <ele>627.000</ele>
      </trkpt>
      <trkpt lat="41.779630000" lon="2.212010000">
        <ele>627.000</ele>
      </trkpt>
      <trkpt lat="41.779680000" lon="2.212030000">
        <ele>627.000</ele>
      </trkpt>
      <trkpt lat="41.779760000" lon="2.212090000">
        <ele>627.000</ele>
      </trkpt>
      <trkpt lat="41.779840000" lon="2.212180000">
        <ele>626.000</ele>
      </trkpt>
      <trkpt lat="41.779870000" lon="2.212240000">
        <ele>626.000</ele>
      </trkpt>
      <trkpt lat="41.779940000" lon="2.212400000">
        <ele>626.000</ele>
      </trkpt>
      <trkpt lat="41.780170000" lon="2.212990000">
        <ele>625.000</ele>
      </trkpt>
      <trkpt lat="41.780290000" lon="2.213270000">
        <ele>625.000</ele>
      </trkpt>
      <trkpt lat="41.780360000" lon="2.213400000">
        <ele>624.000</ele>
      </trkpt>
      <trkpt lat="41.780720000" lon="2.213900000">
        <ele>623.000</ele>
      </trkpt>
      <trkpt lat="41.780770000" lon="2.213990000">
        <ele>622.000</ele>
      </trkpt>
      <trkpt lat="41.780820000" lon="2.214080000">
        <ele>621.000</ele>
      </trkpt>
      <trkpt lat="41.780990000" lon="2.214490000">
        <ele>620.000</ele>
      </trkpt>
      <trkpt lat="41.781140000" lon="2.214750000">
        <ele>618.000</ele>
      </trkpt>
      <trkpt lat="41.781350000" lon="2.215010000">
        <ele>617.000</ele>
      </trkpt>
      <trkpt lat="41.781570000" lon="2.215310000">
        <ele>616.000</ele>
      </trkpt>
      <trkpt lat="41.781770000" lon="2.215570000">
        <ele>615.000</ele>
      </trkpt>
      <trkpt lat="41.781900000" lon="2.215740000">
        <ele>614.000</ele>
      </trkpt>
      <trkpt lat="41.782030000" lon="2.215890000">
        <ele>613.000</ele>
      </trkpt>
      <trkpt lat="41.782110000" lon="2.215960000">
        <ele>613.000</ele>
      </trkpt>
      <trkpt lat="41.782200000" lon="2.215970000">
        <ele>612.000</ele>
      </trkpt>
      <trkpt lat="41.782290000" lon="2.215970000">
        <ele>612.000</ele>
      </trkpt>
      <trkpt lat="41.782410000" lon="2.215920000">
        <ele>612.000</ele>
      </trkpt>
      <trkpt lat="41.782630000" lon="2.215780000">
        <ele>611.000</ele>
      </trkpt>
      <trkpt lat="41.782920000" lon="2.215560000">
        <ele>611.000</ele>
      </trkpt>
      <trkpt lat="41.783320000" lon="2.215500000">
        <ele>610.000</ele>
      </trkpt>
      <trkpt lat="41.783880000" lon="2.215450000">
        <ele>609.000</ele>
      </trkpt>
      <trkpt lat="41.784120000" lon="2.215430000">
        <ele>608.000</ele>
      </trkpt>
      <trkpt lat="41.784280000" lon="2.215360000">
        <ele>607.000</ele>
      </trkpt>
      <trkpt lat="41.784370000" lon="2.215220000">
        <ele>606.000</ele>
      </trkpt>
      <trkpt lat="41.784440000" lon="2.214970000">
        <ele>605.000</ele>
      </trkpt>
      <trkpt lat="41.784450000" lon="2.214870000">
        <ele>605.000</ele>
      </trkpt>
      <trkpt lat="41.784500000" lon="2.214550000">
        <ele>604.000</ele>
      </trkpt>
      <trkpt lat="41.784560000" lon="2.214280000">
        <ele>603.000</ele>
      </trkpt>
      <trkpt lat="41.784660000" lon="2.214110000">
        <ele>602.000</ele>
      </trkpt>
      <trkpt lat="41.784830000" lon="2.213980000">
        <ele>601.000</ele>
      </trkpt>
      <trkpt lat="41.784950000" lon="2.213950000">
        <ele>601.000</ele>
      </trkpt>
      <trkpt lat="41.785060000" lon="2.213960000">
        <ele>600.000</ele>
      </trkpt>
      <trkpt lat="41.785160000" lon="2.214020000">
        <ele>599.000</ele>
      </trkpt>
      <trkpt lat="41.785240000" lon="2.214100000">
        <ele>599.000</ele>
      </trkpt>
      <trkpt lat="41.785270000" lon="2.214160000">
        <ele>598.000</ele>
      </trkpt>
      <trkpt lat="41.785340000" lon="2.214250000">
        <ele>598.000</ele>
      </trkpt>
      <trkpt lat="41.785760000" lon="2.214950000">
        <ele>596.000</ele>
      </trkpt>
      <trkpt lat="41.786040000" lon="2.215400000">
        <ele>594.000</ele>
      </trkpt>
      <trkpt lat="41.786340000" lon="2.215950000">
        <ele>592.000</ele>
      </trkpt>
      <trkpt lat="41.786450000" lon="2.216150000">
        <ele>590.000</ele>
      </trkpt>
      <trkpt lat="41.786550000" lon="2.216310000">
        <ele>589.000</ele>
      </trkpt>
      <trkpt lat="41.786650000" lon="2.216410000">
        <ele>587.000</ele>
      </trkpt>
      <trkpt lat="41.786750000" lon="2.216450000">
        <ele>586.000</ele>
      </trkpt>
      <trkpt lat="41.786840000" lon="2.216480000">
        <ele>585.000</ele>
      </trkpt>
      <trkpt lat="41.786960000" lon="2.216490000">
        <ele>584.000</ele>
      </trkpt>
      <trkpt lat="41.787150000" lon="2.216480000">
        <ele>583.000</ele>
      </trkpt>
      <trkpt lat="41.787350000" lon="2.216450000">
        <ele>583.000</ele>
      </trkpt>
      <trkpt lat="41.787440000" lon="2.216410000">
        <ele>582.000</ele>
      </trkpt>
      <trkpt lat="41.787530000" lon="2.216340000">
        <ele>582.000</ele>
      </trkpt>
      <trkpt lat="41.787570000" lon="2.216300000">
        <ele>582.000</ele>
      </trkpt>
      <trkpt lat="41.787650000" lon="2.216190000">
        <ele>581.000</ele>
      </trkpt>
      <trkpt lat="41.787730000" lon="2.216020000">
        <ele>581.000</ele>
      </trkpt>
      <trkpt lat="41.787800000" lon="2.215870000">
        <ele>581.000</ele>
      </trkpt>
      <trkpt lat="41.787950000" lon="2.215490000">
        <ele>581.000</ele>
      </trkpt>
      <trkpt lat="41.788080000" lon="2.215360000">
        <ele>581.000</ele>
      </trkpt>
      <trkpt lat="41.788290000" lon="2.215360000">
        <ele>580.000</ele>
      </trkpt>
      <trkpt lat="41.788790000" lon="2.215540000">
        <ele>580.000</ele>
      </trkpt>
      <trkpt lat="41.789500000" lon="2.215890000">
        <ele>579.000</ele>
      </trkpt>
      <trkpt lat="41.789500000" lon="2.215890000">
        <ele>578.000</ele>
      </trkpt>
      <trkpt lat="41.789750000" lon="2.216000000">
        <ele>576.000</ele>
      </trkpt>
      <trkpt lat="41.789820000" lon="2.216040000">
        <ele>576.000</ele>
      </trkpt>
      <trkpt lat="41.789980000" lon="2.216110000">
        <ele>575.000</ele>
      </trkpt>
      <trkpt lat="41.790770000" lon="2.216460000">
        <ele>573.000</ele>
      </trkpt>
      <trkpt lat="41.791160000" lon="2.216560000">
        <ele>571.000</ele>
      </trkpt>
      <trkpt lat="41.791300000" lon="2.216540000">
        <ele>569.000</ele>
      </trkpt>
      <trkpt lat="41.791460000" lon="2.216530000">
        <ele>567.000</ele>
      </trkpt>
      <trkpt lat="41.791740000" lon="2.216430000">
        <ele>566.000</ele>
      </trkpt>
      <trkpt lat="41.792530000" lon="2.216050000">
        <ele>564.000</ele>
      </trkpt>
      <trkpt lat="41.792850000" lon="2.215990000">
        <ele>562.000</ele>
      </trkpt>
      <trkpt lat="41.793130000" lon="2.216080000">
        <ele>560.000</ele>
      </trkpt>
      <trkpt lat="41.793530000" lon="2.216330000">
        <ele>559.000</ele>
      </trkpt>
      <trkpt lat="41.793870000" lon="2.216540000">
        <ele>558.000</ele>
      </trkpt>
      <trkpt lat="41.794020000" lon="2.216560000">
        <ele>557.000</ele>
      </trkpt>
      <trkpt lat="41.794320000" lon="2.216410000">
        <ele>557.000</ele>
      </trkpt>
      <trkpt lat="41.794500000" lon="2.216310000">
        <ele>556.000</ele>
      </trkpt>
      <trkpt lat="41.795310000" lon="2.215890000">
        <ele>554.000</ele>
      </trkpt>
      <trkpt lat="41.795590000" lon="2.215800000">
        <ele>553.000</ele>
      </trkpt>
      <trkpt lat="41.795680000" lon="2.215770000">
        <ele>552.000</ele>
      </trkpt>
      <trkpt lat="41.795710000" lon="2.215770000">
        <ele>551.000</ele>
      </trkpt>
      <trkpt lat="41.796240000" lon="2.215690000">
        <ele>550.000</ele>
      </trkpt>
      <trkpt lat="41.796350000" lon="2.215670000">
        <ele>549.000</ele>
      </trkpt>
      <trkpt lat="41.796400000" lon="2.215660000">
        <ele>548.000</ele>
      </trkpt>
      <trkpt lat="41.796520000" lon="2.215640000">
        <ele>548.000</ele>
      </trkpt>
      <trkpt lat="41.796590000" lon="2.215630000">
        <ele>548.000</ele>
      </trkpt>
      <trkpt lat="41.796800000" lon="2.215610000">
        <ele>547.000</ele>
      </trkpt>
      <trkpt lat="41.797490000" lon="2.215510000">
        <ele>546.000</ele>
      </trkpt>
      <trkpt lat="41.797590000" lon="2.215500000">
        <ele>546.000</ele>
      </trkpt>
      <trkpt lat="41.797670000" lon="2.215480000">
        <ele>545.000</ele>
      </trkpt>
      <trkpt lat="41.798070000" lon="2.215430000">
        <ele>545.000</ele>
      </trkpt>
      <trkpt lat="41.798200000" lon="2.215440000">
        <ele>544.000</ele>
      </trkpt>
      <trkpt lat="41.798350000" lon="2.215470000">
        <ele>544.000</ele>
      </trkpt>
      <trkpt lat="41.798420000" lon="2.215500000">
        <ele>544.000</ele>
      </trkpt>
      <trkpt lat="41.798480000" lon="2.215540000">
        <ele>544.000</ele>
      </trkpt>
      <trkpt lat="41.798620000" lon="2.215610000">
        <ele>544.000</ele>
      </trkpt>
      <trkpt lat="41.799100000" lon="2.215930000">
        <ele>545.000</ele>
      </trkpt>
      <trkpt lat="41.799460000" lon="2.216180000">
        <ele>545.000</ele>
      </trkpt>
      <trkpt lat="41.799690000" lon="2.216340000">
        <ele>546.000</ele>
      </trkpt>
      <trkpt lat="41.800290000" lon="2.216740000">
        <ele>547.000</ele>
      </trkpt>
      <trkpt lat="41.800850000" lon="2.217110000">
        <ele>547.000</ele>
      </trkpt>
      <trkpt lat="41.800970000" lon="2.217190000">
        <ele>547.000</ele>
      </trkpt>
      <trkpt lat="41.801080000" lon="2.217260000">
        <ele>547.000</ele>
      </trkpt>
      <trkpt lat="41.801240000" lon="2.217370000">
        <ele>547.000</ele>
      </trkpt>
      <trkpt lat="41.801340000" lon="2.217440000">
        <ele>546.000</ele>
      </trkpt>
      <trkpt lat="41.801620000" lon="2.217630000">
        <ele>546.000</ele>
      </trkpt>
      <trkpt lat="41.801930000" lon="2.217800000">
        <ele>545.000</ele>
      </trkpt>
      <trkpt lat="41.802010000" lon="2.217840000">
        <ele>545.000</ele>
      </trkpt>
      <trkpt lat="41.802150000" lon="2.217870000">
        <ele>544.000</ele>
      </trkpt>
      <trkpt lat="41.802270000" lon="2.217870000">
        <ele>544.000</ele>
      </trkpt>
      <trkpt lat="41.802350000" lon="2.217870000">
        <ele>543.000</ele>
      </trkpt>
      <trkpt lat="41.802380000" lon="2.217860000">
        <ele>543.000</ele>
      </trkpt>
      <trkpt lat="41.802490000" lon="2.217830000">
        <ele>542.000</ele>
      </trkpt>
      <trkpt lat="41.802650000" lon="2.217780000">
        <ele>542.000</ele>
      </trkpt>
      <trkpt lat="41.802810000" lon="2.217730000">
        <ele>541.000</ele>
      </trkpt>
      <trkpt lat="41.802980000" lon="2.217670000">
        <ele>540.000</ele>
      </trkpt>
      <trkpt lat="41.803180000" lon="2.217620000">
        <ele>539.000</ele>
      </trkpt>
      <trkpt lat="41.803350000" lon="2.217600000">
        <ele>538.000</ele>
      </trkpt>
      <trkpt lat="41.803510000" lon="2.217640000">
        <ele>537.000</ele>
      </trkpt>
      <trkpt lat="41.803610000" lon="2.217680000">
        <ele>537.000</ele>
      </trkpt>
      <trkpt lat="41.803710000" lon="2.217750000">
        <ele>536.000</ele>
      </trkpt>
      <trkpt lat="41.803800000" lon="2.217850000">
        <ele>535.000</ele>
      </trkpt>
      <trkpt lat="41.803890000" lon="2.217970000">
        <ele>535.000</ele>
      </trkpt>
      <trkpt lat="41.803970000" lon="2.218140000">
        <ele>535.000</ele>
      </trkpt>
      <trkpt lat="41.804100000" lon="2.218450000">
        <ele>535.000</ele>
      </trkpt>
      <trkpt lat="41.804320000" lon="2.218950000">
        <ele>534.000</ele>
      </trkpt>
      <trkpt lat="41.804470000" lon="2.219310000">
        <ele>534.000</ele>
      </trkpt>
      <trkpt lat="41.804510000" lon="2.219400000">
        <ele>534.000</ele>
      </trkpt>
      <trkpt lat="41.805230000" lon="2.221110000">
        <ele>533.000</ele>
      </trkpt>
      <trkpt lat="41.805460000" lon="2.221700000">
        <ele>533.000</ele>
      </trkpt>
      <trkpt lat="41.805600000" lon="2.222040000">
        <ele>532.000</ele>
      </trkpt>
      <trkpt lat="41.805730000" lon="2.222330000">
        <ele>531.000</ele>
      </trkpt>
      <trkpt lat="41.805810000" lon="2.222510000">
        <ele>530.000</ele>
      </trkpt>
      <trkpt lat="41.805920000" lon="2.222760000">
        <ele>530.000</ele>
      </trkpt>
      <trkpt lat="41.805990000" lon="2.222900000">
        <ele>529.000</ele>
      </trkpt>
      <trkpt lat="41.807110000" lon="2.224690000">
        <ele>527.000</ele>
      </trkpt>
      <trkpt lat="41.807280000" lon="2.224950000">
        <ele>526.000</ele>
      </trkpt>
      <trkpt lat="41.808640000" lon="2.226870000">
        <ele>526.000</ele>
      </trkpt>
      <trkpt lat="41.808820000" lon="2.227080000">
        <ele>526.000</ele>
      </trkpt>
      <trkpt lat="41.809200000" lon="2.227490000">
        <ele>527.000</ele>
      </trkpt>
      <trkpt lat="41.809450000" lon="2.227740000">
        <ele>527.000</ele>
      </trkpt>
      <trkpt lat="41.809690000" lon="2.227950000">
        <ele>528.000</ele>
      </trkpt>
      <trkpt lat="41.809890000" lon="2.228060000">
        <ele>529.000</ele>
      </trkpt>
      <trkpt lat="41.810290000" lon="2.228270000">
        <ele>529.000</ele>
      </trkpt>
      <trkpt lat="41.810660000" lon="2.228360000">
        <ele>530.000</ele>
      </trkpt>
      <trkpt lat="41.810740000" lon="2.228390000">
        <ele>530.000</ele>
      </trkpt>
      <trkpt lat="41.810820000" lon="2.228470000">
        <ele>530.000</ele>
      </trkpt>
      <trkpt lat="41.810850000" lon="2.228590000">
        <ele>530.000</ele>
      </trkpt>
      <trkpt lat="41.810860000" lon="2.228700000">
        <ele>530.000</ele>
      </trkpt>
      <trkpt lat="41.810860000" lon="2.228750000">
        <ele>530.000</ele>
      </trkpt>
      <trkpt lat="41.810840000" lon="2.228800000">
        <ele>530.000</ele>
      </trkpt>
      <trkpt lat="41.810810000" lon="2.228910000">
        <ele>530.000</ele>
      </trkpt>
      <trkpt lat="41.810760000" lon="2.229020000">
        <ele>530.000</ele>
      </trkpt>
      <trkpt lat="41.810750000" lon="2.229050000">
        <ele>530.000</ele>
      </trkpt>
      <trkpt lat="41.810670000" lon="2.229260000">
        <ele>530.000</ele>
      </trkpt>
      <trkpt lat="41.810580000" lon="2.229510000">
        <ele>530.000</ele>
      </trkpt>
      <trkpt lat="41.810570000" lon="2.229570000">
        <ele>530.000</ele>
      </trkpt>
      <trkpt lat="41.810570000" lon="2.229670000">
        <ele>530.000</ele>
      </trkpt>
      <trkpt lat="41.810600000" lon="2.229760000">
        <ele>530.000</ele>
      </trkpt>
      <trkpt lat="41.810670000" lon="2.229840000">
        <ele>530.000</ele>
      </trkpt>
      <trkpt lat="41.810800000" lon="2.229950000">
        <ele>530.000</ele>
      </trkpt>
      <trkpt lat="41.810980000" lon="2.230070000">
        <ele>530.000</ele>
      </trkpt>
      <trkpt lat="41.811210000" lon="2.230250000">
        <ele>530.000</ele>
      </trkpt>
      <trkpt lat="41.811290000" lon="2.230310000">
        <ele>531.000</ele>
      </trkpt>
      <trkpt lat="41.811360000" lon="2.230380000">
        <ele>531.000</ele>
      </trkpt>
      <trkpt lat="41.811440000" lon="2.230510000">
        <ele>532.000</ele>
      </trkpt>
      <trkpt lat="41.811500000" lon="2.230760000">
        <ele>532.000</ele>
      </trkpt>
      <trkpt lat="41.811550000" lon="2.231000000">
        <ele>533.000</ele>
      </trkpt>
      <trkpt lat="41.811570000" lon="2.231180000">
        <ele>534.000</ele>
      </trkpt>
      <trkpt lat="41.811640000" lon="2.231650000">
        <ele>535.000</ele>
      </trkpt>
      <trkpt lat="41.811620000" lon="2.231750000">
        <ele>535.000</ele>
      </trkpt>
      <trkpt lat="41.811510000" lon="2.232280000">
        <ele>536.000</ele>
      </trkpt>
      <trkpt lat="41.811490000" lon="2.232360000">
        <ele>537.000</ele>
      </trkpt>
      <trkpt lat="41.811620000" lon="2.232450000">
        <ele>538.000</ele>
      </trkpt>
      <trkpt lat="41.811900000" lon="2.232650000">
        <ele>539.000</ele>
      </trkpt>
      <trkpt lat="41.811960000" lon="2.232690000">
        <ele>539.000</ele>
      </trkpt>
      <trkpt lat="41.812360000" lon="2.232980000">
        <ele>540.000</ele>
      </trkpt>
      <trkpt lat="41.812390000" lon="2.233000000">
        <ele>541.000</ele>
      </trkpt>
      <trkpt lat="41.812620000" lon="2.233160000">
        <ele>541.000</ele>
      </trkpt>
      <trkpt lat="41.812830000" lon="2.233300000">
        <ele>542.000</ele>
      </trkpt>
      <trkpt lat="41.812880000" lon="2.233340000">
        <ele>542.000</ele>
      </trkpt>
      <trkpt lat="41.813250000" lon="2.233600000">
        <ele>543.000</ele>
      </trkpt>
      <trkpt lat="41.813350000" lon="2.233660000">
        <ele>544.000</ele>
      </trkpt>
      <trkpt lat="41.813410000" lon="2.233710000">
        <ele>544.000</ele>
      </trkpt>
      <trkpt lat="41.813600000" lon="2.233840000">
        <ele>545.000</ele>
      </trkpt>
      <trkpt lat="41.813700000" lon="2.233920000">
        <ele>545.000</ele>
      </trkpt>
      <trkpt lat="41.813770000" lon="2.233970000">
        <ele>546.000</ele>
      </trkpt>
      <trkpt lat="41.813820000" lon="2.234010000">
        <ele>546.000</ele>
      </trkpt>
      <trkpt lat="41.813880000" lon="2.234050000">
        <ele>546.000</ele>
      </trkpt>
      <trkpt lat="41.814170000" lon="2.234250000">
        <ele>547.000</ele>
      </trkpt>
      <trkpt lat="41.814310000" lon="2.234340000">
        <ele>547.000</ele>
      </trkpt>
      <trkpt lat="41.814460000" lon="2.234390000">
        <ele>548.000</ele>
      </trkpt>
      <trkpt lat="41.814680000" lon="2.234430000">
        <ele>548.000</ele>
      </trkpt>
      <trkpt lat="41.814810000" lon="2.234410000">
        <ele>549.000</ele>
      </trkpt>
      <trkpt lat="41.814930000" lon="2.234380000">
        <ele>550.000</ele>
      </trkpt>
      <trkpt lat="41.815080000" lon="2.234320000">
        <ele>550.000</ele>
      </trkpt>
      <trkpt lat="41.815150000" lon="2.234280000">
        <ele>550.000</ele>
      </trkpt>
      <trkpt lat="41.815230000" lon="2.234260000">
        <ele>551.000</ele>
      </trkpt>
      <trkpt lat="41.815500000" lon="2.234160000">
        <ele>551.000</ele>
      </trkpt>
      <trkpt lat="41.815650000" lon="2.234110000">
        <ele>551.000</ele>
      </trkpt>
      <trkpt lat="41.816120000" lon="2.233950000">
        <ele>552.000</ele>
      </trkpt>
      <trkpt lat="41.816290000" lon="2.233940000">
        <ele>553.000</ele>
      </trkpt>
      <trkpt lat="41.816460000" lon="2.233960000">
        <ele>553.000</ele>
      </trkpt>
      <trkpt lat="41.816650000" lon="2.234010000">
        <ele>553.000</ele>
      </trkpt>
      <trkpt lat="41.816720000" lon="2.234030000">
        <ele>554.000</ele>
      </trkpt>
      <trkpt lat="41.817080000" lon="2.234230000">
        <ele>555.000</ele>
      </trkpt>
      <trkpt lat="41.817480000" lon="2.234480000">
        <ele>556.000</ele>
      </trkpt>
      <trkpt lat="41.817740000" lon="2.234590000">
        <ele>557.000</ele>
      </trkpt>
      <trkpt lat="41.817900000" lon="2.234670000">
        <ele>558.000</ele>
      </trkpt>
      <trkpt lat="41.818260000" lon="2.234770000">
        <ele>559.000</ele>
      </trkpt>
      <trkpt lat="41.818260000" lon="2.234770000">
        <ele>560.000</ele>
      </trkpt>
      <trkpt lat="41.818600000" lon="2.234880000">
        <ele>561.000</ele>
      </trkpt>
      <trkpt lat="41.818940000" lon="2.235020000">
        <ele>562.000</ele>
      </trkpt>
      <trkpt lat="41.819110000" lon="2.235090000">
        <ele>563.000</ele>
      </trkpt>
      <trkpt lat="41.819400000" lon="2.235240000">
        <ele>564.000</ele>
      </trkpt>
      <trkpt lat="41.819500000" lon="2.235290000">
        <ele>565.000</ele>
      </trkpt>
      <trkpt lat="41.819570000" lon="2.235330000">
        <ele>565.000</ele>
      </trkpt>
      <trkpt lat="41.819760000" lon="2.235380000">
        <ele>566.000</ele>
      </trkpt>
      <trkpt lat="41.819870000" lon="2.235400000">
        <ele>567.000</ele>
      </trkpt>
      <trkpt lat="41.819980000" lon="2.235410000">
        <ele>567.000</ele>
      </trkpt>
      <trkpt lat="41.820280000" lon="2.235440000">
        <ele>568.000</ele>
      </trkpt>
      <trkpt lat="41.820700000" lon="2.235490000">
        <ele>569.000</ele>
      </trkpt>
      <trkpt lat="41.821100000" lon="2.235530000">
        <ele>571.000</ele>
      </trkpt>
      <trkpt lat="41.821250000" lon="2.235550000">
        <ele>572.000</ele>
      </trkpt>
      <trkpt lat="41.821370000" lon="2.235560000">
        <ele>572.000</ele>
      </trkpt>
      <trkpt lat="41.821450000" lon="2.235570000">
        <ele>573.000</ele>
      </trkpt>
      <trkpt lat="41.821730000" lon="2.235590000">
        <ele>574.000</ele>
      </trkpt>
      <trkpt lat="41.822100000" lon="2.235630000">
        <ele>575.000</ele>
      </trkpt>
      <trkpt lat="41.822510000" lon="2.235690000">
        <ele>576.000</ele>
      </trkpt>
      <trkpt lat="41.822830000" lon="2.235720000">
        <ele>577.000</ele>
      </trkpt>
      <trkpt lat="41.823010000" lon="2.235730000">
        <ele>578.000</ele>
      </trkpt>
      <trkpt lat="41.823160000" lon="2.235760000">
        <ele>579.000</ele>
      </trkpt>
      <trkpt lat="41.823250000" lon="2.235770000">
        <ele>580.000</ele>
      </trkpt>
      <trkpt lat="41.823410000" lon="2.235770000">
        <ele>580.000</ele>
      </trkpt>
      <trkpt lat="41.823610000" lon="2.235800000">
        <ele>581.000</ele>
      </trkpt>
      <trkpt lat="41.823810000" lon="2.235800000">
        <ele>581.000</ele>
      </trkpt>
      <trkpt lat="41.823880000" lon="2.235790000">
        <ele>582.000</ele>
      </trkpt>
      <trkpt lat="41.824020000" lon="2.235780000">
        <ele>582.000</ele>
      </trkpt>
      <trkpt lat="41.824480000" lon="2.235700000">
        <ele>583.000</ele>
      </trkpt>
      <trkpt lat="41.824510000" lon="2.235690000">
        <ele>583.000</ele>
      </trkpt>
      <trkpt lat="41.824900000" lon="2.235610000">
        <ele>584.000</ele>
      </trkpt>
      <trkpt lat="41.824980000" lon="2.235600000">
        <ele>584.000</ele>
      </trkpt>
      <trkpt lat="41.825100000" lon="2.235580000">
        <ele>585.000</ele>
      </trkpt>
      <trkpt lat="41.825190000" lon="2.235620000">
        <ele>585.000</ele>
      </trkpt>
      <trkpt lat="41.825290000" lon="2.235670000">
        <ele>585.000</ele>
      </trkpt>
      <trkpt lat="41.825330000" lon="2.235680000">
        <ele>585.000</ele>
      </trkpt>
      <trkpt lat="41.825350000" lon="2.235710000">
        <ele>586.000</ele>
      </trkpt>
      <trkpt lat="41.825380000" lon="2.235730000">
        <ele>586.000</ele>
      </trkpt>
      <trkpt lat="41.825400000" lon="2.235740000">
        <ele>586.000</ele>
      </trkpt>
      <trkpt lat="41.825430000" lon="2.235730000">
        <ele>586.000</ele>
      </trkpt>
      <trkpt lat="41.825460000" lon="2.235720000">
        <ele>586.000</ele>
      </trkpt>
      <trkpt lat="41.825480000" lon="2.235690000">
        <ele>586.000</ele>
      </trkpt>
      <trkpt lat="41.825500000" lon="2.235660000">
        <ele>586.000</ele>
      </trkpt>
      <trkpt lat="41.825510000" lon="2.235620000">
        <ele>586.000</ele>
      </trkpt>
      <trkpt lat="41.825510000" lon="2.235570000">
        <ele>586.000</ele>
      </trkpt>
      <trkpt lat="41.825540000" lon="2.235520000">
        <ele>586.000</ele>
      </trkpt>
      <trkpt lat="41.825600000" lon="2.235470000">
        <ele>586.000</ele>
      </trkpt>
      <trkpt lat="41.825790000" lon="2.235430000">
        <ele>586.000</ele>
      </trkpt>
      <trkpt lat="41.826040000" lon="2.235370000">
        <ele>587.000</ele>
      </trkpt>
      <trkpt lat="41.826390000" lon="2.235290000">
        <ele>587.000</ele>
      </trkpt>
      <trkpt lat="41.826920000" lon="2.235210000">
        <ele>587.000</ele>
      </trkpt>
      <trkpt lat="41.827170000" lon="2.235160000">
        <ele>587.000</ele>
      </trkpt>
      <trkpt lat="41.827670000" lon="2.235070000">
        <ele>587.000</ele>
      </trkpt>
      <trkpt lat="41.827900000" lon="2.235030000">
        <ele>587.000</ele>
      </trkpt>
      <trkpt lat="41.828190000" lon="2.235000000">
        <ele>587.000</ele>
      </trkpt>
      <trkpt lat="41.828410000" lon="2.234960000">
        <ele>588.000</ele>
      </trkpt>
      <trkpt lat="41.828780000" lon="2.234920000">
        <ele>588.000</ele>
      </trkpt>
      <trkpt lat="41.829470000" lon="2.234780000">
        <ele>590.000</ele>
      </trkpt>
      <trkpt lat="41.830190000" lon="2.234630000">
        <ele>591.000</ele>
      </trkpt>
      <trkpt lat="41.831080000" lon="2.234470000">
        <ele>593.000</ele>
      </trkpt>
      <trkpt lat="41.834740000" lon="2.233830000">
        <ele>595.000</ele>
      </trkpt>
      <trkpt lat="41.834960000" lon="2.233840000">
        <ele>596.000</ele>
      </trkpt>
      <trkpt lat="41.835450000" lon="2.233790000">
        <ele>597.000</ele>
      </trkpt>
      <trkpt lat="41.836150000" lon="2.233710000">
        <ele>598.000</ele>
      </trkpt>
      <trkpt lat="41.837360000" lon="2.233490000">
        <ele>599.000</ele>
      </trkpt>
      <trkpt lat="41.838390000" lon="2.233320000">
        <ele>599.000</ele>
      </trkpt>
      <trkpt lat="41.838830000" lon="2.233240000">
        <ele>598.000</ele>
      </trkpt>
      <trkpt lat="41.839270000" lon="2.233170000">
        <ele>598.000</ele>
      </trkpt>
      <trkpt lat="41.839650000" lon="2.233120000">
        <ele>598.000</ele>
      </trkpt>
      <trkpt lat="41.840020000" lon="2.233080000">
        <ele>597.000</ele>
      </trkpt>
      <trkpt lat="41.840780000" lon="2.233050000">
        <ele>597.000</ele>
      </trkpt>
      <trkpt lat="41.841270000" lon="2.233020000">
        <ele>596.000</ele>
      </trkpt>
      <trkpt lat="41.841790000" lon="2.233000000">
        <ele>596.000</ele>
      </trkpt>
      <trkpt lat="41.842060000" lon="2.232990000">
        <ele>595.000</ele>
      </trkpt>
      <trkpt lat="41.842320000" lon="2.232970000">
        <ele>595.000</ele>
      </trkpt>
      <trkpt lat="41.844570000" lon="2.232860000">
        <ele>596.000</ele>
      </trkpt>
      <trkpt lat="41.845050000" lon="2.232840000">
        <ele>596.000</ele>
      </trkpt>
      <trkpt lat="41.845210000" lon="2.232840000">
        <ele>597.000</ele>
      </trkpt>
      <trkpt lat="41.845480000" lon="2.232830000">
        <ele>597.000</ele>
      </trkpt>
      <trkpt lat="41.845870000" lon="2.232850000">
        <ele>598.000</ele>
      </trkpt>
      <trkpt lat="41.845950000" lon="2.232870000">
        <ele>598.000</ele>
      </trkpt>
      <trkpt lat="41.846020000" lon="2.232920000">
        <ele>598.000</ele>
      </trkpt>
      <trkpt lat="41.846080000" lon="2.233000000">
        <ele>598.000</ele>
      </trkpt>
      <trkpt lat="41.846110000" lon="2.233130000">
        <ele>599.000</ele>
      </trkpt>
      <trkpt lat="41.846120000" lon="2.233210000">
        <ele>599.000</ele>
      </trkpt>
      <trkpt lat="41.846120000" lon="2.233300000">
        <ele>599.000</ele>
      </trkpt>
      <trkpt lat="41.846090000" lon="2.233470000">
        <ele>599.000</ele>
      </trkpt>
      <trkpt lat="41.846070000" lon="2.233520000">
        <ele>599.000</ele>
      </trkpt>
      <trkpt lat="41.846050000" lon="2.233580000">
        <ele>599.000</ele>
      </trkpt>
      <trkpt lat="41.846010000" lon="2.233650000">
        <ele>600.000</ele>
      </trkpt>
      <trkpt lat="41.845990000" lon="2.233660000">
        <ele>600.000</ele>
      </trkpt>
      <trkpt lat="41.845960000" lon="2.233680000">
        <ele>600.000</ele>
      </trkpt>
      <trkpt lat="41.845940000" lon="2.233710000">
        <ele>600.000</ele>
      </trkpt>
      <trkpt lat="41.845920000" lon="2.233740000">
        <ele>600.000</ele>
      </trkpt>
      <trkpt lat="41.845910000" lon="2.233780000">
        <ele>600.000</ele>
      </trkpt>
      <trkpt lat="41.845900000" lon="2.233810000">
        <ele>600.000</ele>
      </trkpt>
      <trkpt lat="41.845890000" lon="2.233850000">
        <ele>600.000</ele>
      </trkpt>
      <trkpt lat="41.845890000" lon="2.233890000">
        <ele>600.000</ele>
      </trkpt>
      <trkpt lat="41.845900000" lon="2.233930000">
        <ele>600.000</ele>
      </trkpt>
      <trkpt lat="41.845890000" lon="2.233960000">
        <ele>601.000</ele>
      </trkpt>
      <trkpt lat="41.845880000" lon="2.234010000">
        <ele>601.000</ele>
      </trkpt>
      <trkpt lat="41.845870000" lon="2.234050000">
        <ele>601.000</ele>
      </trkpt>
      <trkpt lat="41.845850000" lon="2.234110000">
        <ele>601.000</ele>
      </trkpt>
      <trkpt lat="41.845770000" lon="2.234260000">
        <ele>601.000</ele>
      </trkpt>
      <trkpt lat="41.845630000" lon="2.234490000">
        <ele>601.000</ele>
      </trkpt>
      <trkpt lat="41.845310000" lon="2.235010000">
        <ele>602.000</ele>
      </trkpt>
      <trkpt lat="41.845270000" lon="2.235100000">
        <ele>603.000</ele>
      </trkpt>
      <trkpt lat="41.845250000" lon="2.235130000">
        <ele>603.000</ele>
      </trkpt>
      <trkpt lat="41.845170000" lon="2.235280000">
        <ele>603.000</ele>
      </trkpt>
      <trkpt lat="41.845090000" lon="2.235420000">
        <ele>604.000</ele>
      </trkpt>
      <trkpt lat="41.844970000" lon="2.235630000">
        <ele>604.000</ele>
      </trkpt>
      <trkpt lat="41.844850000" lon="2.235830000">
        <ele>604.000</ele>
      </trkpt>
      <trkpt lat="41.844730000" lon="2.236070000">
        <ele>605.000</ele>
      </trkpt>
      <trkpt lat="41.844640000" lon="2.236320000">
        <ele>605.000</ele>
      </trkpt>
      <trkpt lat="41.844590000" lon="2.236590000">
        <ele>605.000</ele>
      </trkpt>
      <trkpt lat="41.844590000" lon="2.236760000">
        <ele>606.000</ele>
      </trkpt>
      <trkpt lat="41.844610000" lon="2.236960000">
        <ele>606.000</ele>
      </trkpt>
      <trkpt lat="41.844900000" lon="2.238410000">
        <ele>607.000</ele>
      </trkpt>
      <trkpt lat="41.844920000" lon="2.238560000">
        <ele>607.000</ele>
      </trkpt>
      <trkpt lat="41.844900000" lon="2.239120000">
        <ele>607.000</ele>
      </trkpt>
      <trkpt lat="41.844900000" lon="2.239440000">
        <ele>607.000</ele>
      </trkpt>
      <trkpt lat="41.844860000" lon="2.240670000">
        <ele>605.000</ele>
      </trkpt>
      <trkpt lat="41.844830000" lon="2.241610000">
        <ele>603.000</ele>
      </trkpt>
      <trkpt lat="41.844830000" lon="2.241690000">
        <ele>602.000</ele>
      </trkpt>
      <trkpt lat="41.844820000" lon="2.241760000">
        <ele>601.000</ele>
      </trkpt>
      <trkpt lat="41.844800000" lon="2.241820000">
        <ele>600.000</ele>
      </trkpt>
      <trkpt lat="41.844790000" lon="2.241860000">
        <ele>600.000</ele>
      </trkpt>
      <trkpt lat="41.844770000" lon="2.241900000">
        <ele>600.000</ele>
      </trkpt>
      <trkpt lat="41.844730000" lon="2.241940000">
        <ele>599.000</ele>
      </trkpt>
      <trkpt lat="41.844720000" lon="2.241960000">
        <ele>599.000</ele>
      </trkpt>
      <trkpt lat="41.844710000" lon="2.241970000">
        <ele>599.000</ele>
      </trkpt>
      <trkpt lat="41.844700000" lon="2.241990000">
        <ele>599.000</ele>
      </trkpt>
      <trkpt lat="41.844690000" lon="2.242010000">
        <ele>599.000</ele>
      </trkpt>
      <trkpt lat="41.844680000" lon="2.242040000">
        <ele>599.000</ele>
      </trkpt>
      <trkpt lat="41.844680000" lon="2.242070000">
        <ele>599.000</ele>
      </trkpt>
      <trkpt lat="41.844670000" lon="2.242090000">
        <ele>599.000</ele>
      </trkpt>
      <trkpt lat="41.844670000" lon="2.242130000">
        <ele>599.000</ele>
      </trkpt>
      <trkpt lat="41.844680000" lon="2.242150000">
        <ele>599.000</ele>
      </trkpt>
      <trkpt lat="41.844690000" lon="2.242180000">
        <ele>598.000</ele>
      </trkpt>
      <trkpt lat="41.844700000" lon="2.242210000">
        <ele>598.000</ele>
      </trkpt>
      <trkpt lat="41.844710000" lon="2.242230000">
        <ele>598.000</ele>
      </trkpt>
      <trkpt lat="41.844730000" lon="2.242250000">
        <ele>598.000</ele>
      </trkpt>
      <trkpt lat="41.844750000" lon="2.242280000">
        <ele>598.000</ele>
      </trkpt>
      <trkpt lat="41.844770000" lon="2.242310000">
        <ele>598.000</ele>
      </trkpt>
      <trkpt lat="41.844780000" lon="2.242340000">
        <ele>598.000</ele>
      </trkpt>
      <trkpt lat="41.844790000" lon="2.242370000">
        <ele>598.000</ele>
      </trkpt>
      <trkpt lat="41.844800000" lon="2.242410000">
        <ele>598.000</ele>
      </trkpt>
      <trkpt lat="41.844800000" lon="2.242450000">
        <ele>598.000</ele>
      </trkpt>
      <trkpt lat="41.844810000" lon="2.242510000">
        <ele>598.000</ele>
      </trkpt>
      <trkpt lat="41.844790000" lon="2.242800000">
        <ele>598.000</ele>
      </trkpt>
      <trkpt lat="41.844750000" lon="2.244350000">
        <ele>597.000</ele>
      </trkpt>
      <trkpt lat="41.844670000" lon="2.247140000">
        <ele>593.000</ele>
      </trkpt>
      <trkpt lat="41.844640000" lon="2.248120000">
        <ele>591.000</ele>
      </trkpt>
      <trkpt lat="41.844630000" lon="2.248370000">
        <ele>589.000</ele>
      </trkpt>
      <trkpt lat="41.844620000" lon="2.248590000">
        <ele>588.000</ele>
      </trkpt>
      <trkpt lat="41.844620000" lon="2.248820000">
        <ele>587.000</ele>
      </trkpt>
      <trkpt lat="41.844620000" lon="2.248840000">
        <ele>587.000</ele>
      </trkpt>
      <trkpt lat="41.844610000" lon="2.248950000">
        <ele>587.000</ele>
      </trkpt>
      <trkpt lat="41.844610000" lon="2.249090000">
        <ele>587.000</ele>
      </trkpt>
      <trkpt lat="41.844610000" lon="2.249140000">
        <ele>586.000</ele>
      </trkpt>
      <trkpt lat="41.844600000" lon="2.249200000">
        <ele>586.000</ele>
      </trkpt>
      <trkpt lat="41.844580000" lon="2.249390000">
        <ele>586.000</ele>
      </trkpt>
      <trkpt lat="41.844560000" lon="2.249520000">
        <ele>586.000</ele>
      </trkpt>
      <trkpt lat="41.844520000" lon="2.249640000">
        <ele>586.000</ele>
      </trkpt>
      <trkpt lat="41.844480000" lon="2.249770000">
        <ele>587.000</ele>
      </trkpt>
      <trkpt lat="41.844430000" lon="2.249870000">
        <ele>587.000</ele>
      </trkpt>
      <trkpt lat="41.844380000" lon="2.249960000">
        <ele>587.000</ele>
      </trkpt>
      <trkpt lat="41.844250000" lon="2.250140000">
        <ele>587.000</ele>
      </trkpt>
      <trkpt lat="41.844120000" lon="2.250340000">
        <ele>587.000</ele>
      </trkpt>
      <trkpt lat="41.844040000" lon="2.250460000">
        <ele>588.000</ele>
      </trkpt>
      <trkpt lat="41.844010000" lon="2.250500000">
        <ele>588.000</ele>
      </trkpt>
      <trkpt lat="41.844380000" lon="2.250960000">
        <ele>588.000</ele>
      </trkpt>
      <trkpt lat="41.844400000" lon="2.250990000">
        <ele>589.000</ele>
      </trkpt>
      <trkpt lat="41.844530000" lon="2.251150000">
        <ele>589.000</ele>
      </trkpt>
      <trkpt lat="41.844750000" lon="2.251490000">
        <ele>590.000</ele>
      </trkpt>
      <trkpt lat="41.844910000" lon="2.251760000">
        <ele>590.000</ele>
      </trkpt>
      <trkpt lat="41.845100000" lon="2.252060000">
        <ele>590.000</ele>
      </trkpt>
      <trkpt lat="41.845550000" lon="2.252820000">
        <ele>591.000</ele>
      </trkpt>
      <trkpt lat="41.845750000" lon="2.253180000">
        <ele>591.000</ele>
      </trkpt>
      <trkpt lat="41.845790000" lon="2.253250000">
        <ele>591.000</ele>
      </trkpt>
      <trkpt lat="41.845790000" lon="2.253250000">
        <ele>591.000</ele>
      </trkpt>
      <trkpt lat="41.845940000" lon="2.253510000">
        <ele>591.000</ele>
      </trkpt>
      <trkpt lat="41.846110000" lon="2.253790000">
        <ele>591.000</ele>
      </trkpt>
      <trkpt lat="41.846290000" lon="2.254050000">
        <ele>591.000</ele>
      </trkpt>
      <trkpt lat="41.847370000" lon="2.255710000">
        <ele>590.000</ele>
      </trkpt>
      <trkpt lat="41.847450000" lon="2.255840000">
        <ele>589.000</ele>
      </trkpt>
      <trkpt lat="41.847520000" lon="2.255970000">
        <ele>588.000</ele>
      </trkpt>
      <trkpt lat="41.847570000" lon="2.256130000">
        <ele>587.000</ele>
      </trkpt>
      <trkpt lat="41.847610000" lon="2.256340000">
        <ele>586.000</ele>
      </trkpt>
      <trkpt lat="41.847640000" lon="2.256670000">
        <ele>586.000</ele>
      </trkpt>
      <trkpt lat="41.847660000" lon="2.257030000">
        <ele>585.000</ele>
      </trkpt>
      <trkpt lat="41.847680000" lon="2.257240000">
        <ele>584.000</ele>
      </trkpt>
      <trkpt lat="41.847700000" lon="2.257430000">
        <ele>583.000</ele>
      </trkpt>
      <trkpt lat="41.847720000" lon="2.257520000">
        <ele>582.000</ele>
      </trkpt>
      <trkpt lat="41.847750000" lon="2.257630000">
        <ele>582.000</ele>
      </trkpt>
      <trkpt lat="41.847770000" lon="2.257690000">
        <ele>581.000</ele>
      </trkpt>
      <trkpt lat="41.847830000" lon="2.257890000">
        <ele>581.000</ele>
      </trkpt>
      <trkpt lat="41.847940000" lon="2.258090000">
        <ele>580.000</ele>
      </trkpt>
      <trkpt lat="41.848060000" lon="2.258270000">
        <ele>579.000</ele>
      </trkpt>
      <trkpt lat="41.848300000" lon="2.258560000">
        <ele>579.000</ele>
      </trkpt>
      <trkpt lat="41.849240000" lon="2.259640000">
        <ele>579.000</ele>
      </trkpt>
      <trkpt lat="41.849360000" lon="2.259790000">
        <ele>578.000</ele>
      </trkpt>
      <trkpt lat="41.849450000" lon="2.259950000">
        <ele>578.000</ele>
      </trkpt>
      <trkpt lat="41.849520000" lon="2.260100000">
        <ele>578.000</ele>
      </trkpt>
      <trkpt lat="41.849900000" lon="2.261280000">
        <ele>577.000</ele>
      </trkpt>
      <trkpt lat="41.849960000" lon="2.261430000">
        <ele>576.000</ele>
      </trkpt>
      <trkpt lat="41.850030000" lon="2.261570000">
        <ele>575.000</ele>
      </trkpt>
      <trkpt lat="41.850100000" lon="2.261650000">
        <ele>575.000</ele>
      </trkpt>
      <trkpt lat="41.850160000" lon="2.261720000">
        <ele>575.000</ele>
      </trkpt>
      <trkpt lat="41.850300000" lon="2.261860000">
        <ele>574.000</ele>
      </trkpt>
      <trkpt lat="41.850570000" lon="2.262080000">
        <ele>574.000</ele>
      </trkpt>
      <trkpt lat="41.850990000" lon="2.262420000">
        <ele>573.000</ele>
      </trkpt>
      <trkpt lat="41.851610000" lon="2.262940000">
        <ele>572.000</ele>
      </trkpt>
      <trkpt lat="41.851840000" lon="2.263140000">
        <ele>571.000</ele>
      </trkpt>
      <trkpt lat="41.852030000" lon="2.263360000">
        <ele>570.000</ele>
      </trkpt>
      <trkpt lat="41.852150000" lon="2.263500000">
        <ele>570.000</ele>
      </trkpt>
      <trkpt lat="41.852470000" lon="2.263840000">
        <ele>570.000</ele>
      </trkpt>
      <trkpt lat="41.853090000" lon="2.264580000">
        <ele>570.000</ele>
      </trkpt>
      <trkpt lat="41.854660000" lon="2.266430000">
        <ele>572.000</ele>
      </trkpt>
      <trkpt lat="41.855000000" lon="2.266960000">
        <ele>573.000</ele>
      </trkpt>
      <trkpt lat="41.855840000" lon="2.268210000">
        <ele>574.000</ele>
      </trkpt>
      <trkpt lat="41.856220000" lon="2.268790000">
        <ele>575.000</ele>
      </trkpt>
      <trkpt lat="41.856410000" lon="2.269080000">
        <ele>575.000</ele>
      </trkpt>
      <trkpt lat="41.856580000" lon="2.269380000">
        <ele>575.000</ele>
      </trkpt>
      <trkpt lat="41.856620000" lon="2.269530000">
        <ele>575.000</ele>
      </trkpt>
      <trkpt lat="41.856650000" lon="2.269720000">
        <ele>575.000</ele>
      </trkpt>
      <trkpt lat="41.856650000" lon="2.269910000">
        <ele>575.000</ele>
      </trkpt>
      <trkpt lat="41.856640000" lon="2.270080000">
        <ele>575.000</ele>
      </trkpt>
      <trkpt lat="41.856640000" lon="2.270290000">
        <ele>575.000</ele>
      </trkpt>
      <trkpt lat="41.856640000" lon="2.270450000">
        <ele>574.000</ele>
      </trkpt>
      <trkpt lat="41.856650000" lon="2.270650000">
        <ele>574.000</ele>
      </trkpt>
      <trkpt lat="41.856680000" lon="2.270840000">
        <ele>574.000</ele>
      </trkpt>
      <trkpt lat="41.856790000" lon="2.271520000">
        <ele>574.000</ele>
      </trkpt>
      <trkpt lat="41.856860000" lon="2.271890000">
        <ele>574.000</ele>
      </trkpt>
      <trkpt lat="41.856930000" lon="2.272120000">
        <ele>574.000</ele>
      </trkpt>
      <trkpt lat="41.857190000" lon="2.272530000">
        <ele>575.000</ele>
      </trkpt>
      <trkpt lat="41.857370000" lon="2.272780000">
        <ele>575.000</ele>
      </trkpt>
      <trkpt lat="41.857800000" lon="2.273610000">
        <ele>576.000</ele>
      </trkpt>
      <trkpt lat="41.857970000" lon="2.273940000">
        <ele>577.000</ele>
      </trkpt>
      <trkpt lat="41.858050000" lon="2.274130000">
        <ele>577.000</ele>
      </trkpt>
      <trkpt lat="41.858100000" lon="2.274370000">
        <ele>578.000</ele>
      </trkpt>
      <trkpt lat="41.858140000" lon="2.274850000">
        <ele>579.000</ele>
      </trkpt>
      <trkpt lat="41.858180000" lon="2.275140000">
        <ele>580.000</ele>
      </trkpt>
      <trkpt lat="41.858250000" lon="2.275430000">
        <ele>581.000</ele>
      </trkpt>
      <trkpt lat="41.858370000" lon="2.275770000">
        <ele>581.000</ele>
      </trkpt>
      <trkpt lat="41.858470000" lon="2.275970000">
        <ele>582.000</ele>
      </trkpt>
      <trkpt lat="41.858560000" lon="2.276160000">
        <ele>583.000</ele>
      </trkpt>
      <trkpt lat="41.858640000" lon="2.276250000">
        <ele>584.000</ele>
      </trkpt>
      <trkpt lat="41.858730000" lon="2.276310000">
        <ele>585.000</ele>
      </trkpt>
      <trkpt lat="41.858810000" lon="2.276340000">
        <ele>586.000</ele>
      </trkpt>
      <trkpt lat="41.858930000" lon="2.276350000">
        <ele>587.000</ele>
      </trkpt>
      <trkpt lat="41.859040000" lon="2.276320000">
        <ele>588.000</ele>
      </trkpt>
      <trkpt lat="41.859140000" lon="2.276250000">
        <ele>589.000</ele>
      </trkpt>
      <trkpt lat="41.859240000" lon="2.276110000">
        <ele>590.000</ele>
      </trkpt>
      <trkpt lat="41.859340000" lon="2.276000000">
        <ele>592.000</ele>
      </trkpt>
      <trkpt lat="41.859430000" lon="2.275950000">
        <ele>593.000</ele>
      </trkpt>
      <trkpt lat="41.859510000" lon="2.275940000">
        <ele>594.000</ele>
      </trkpt>
      <trkpt lat="41.859580000" lon="2.275970000">
        <ele>595.000</ele>
      </trkpt>
      <trkpt lat="41.859680000" lon="2.276040000">
        <ele>596.000</ele>
      </trkpt>
      <trkpt lat="41.859870000" lon="2.276290000">
        <ele>597.000</ele>
      </trkpt>
      <trkpt lat="41.860040000" lon="2.276450000">
        <ele>599.000</ele>
      </trkpt>
      <trkpt lat="41.860120000" lon="2.276500000">
        <ele>600.000</ele>
      </trkpt>
      <trkpt lat="41.860260000" lon="2.276530000">
        <ele>601.000</ele>
      </trkpt>
      <trkpt lat="41.860370000" lon="2.276510000">
        <ele>602.000</ele>
      </trkpt>
      <trkpt lat="41.860660000" lon="2.276420000">
        <ele>602.000</ele>
      </trkpt>
      <trkpt lat="41.860820000" lon="2.276410000">
        <ele>603.000</ele>
      </trkpt>
      <trkpt lat="41.860920000" lon="2.276460000">
        <ele>603.000</ele>
      </trkpt>
      <trkpt lat="41.861030000" lon="2.276530000">
        <ele>603.000</ele>
      </trkpt>
      <trkpt lat="41.861150000" lon="2.276700000">
        <ele>603.000</ele>
      </trkpt>
      <trkpt lat="41.861210000" lon="2.276820000">
        <ele>604.000</ele>
      </trkpt>
      <trkpt lat="41.861430000" lon="2.277290000">
        <ele>604.000</ele>
      </trkpt>
      <trkpt lat="41.861800000" lon="2.278090000">
        <ele>605.000</ele>
      </trkpt>
      <trkpt lat="41.862060000" lon="2.278630000">
        <ele>605.000</ele>
      </trkpt>
      <trkpt lat="41.862080000" lon="2.278670000">
        <ele>606.000</ele>
      </trkpt>
      <trkpt lat="41.862080000" lon="2.278670000">
        <ele>606.000</ele>
      </trkpt>
      <trkpt lat="41.862380000" lon="2.279140000">
        <ele>607.000</ele>
      </trkpt>
      <trkpt lat="41.862620000" lon="2.279370000">
        <ele>607.000</ele>
      </trkpt>
      <trkpt lat="41.862700000" lon="2.279440000">
        <ele>608.000</ele>
      </trkpt>
      <trkpt lat="41.863040000" lon="2.279620000">
        <ele>608.000</ele>
      </trkpt>
      <trkpt lat="41.864600000" lon="2.280200000">
        <ele>610.000</ele>
      </trkpt>
      <trkpt lat="41.864770000" lon="2.280310000">
        <ele>611.000</ele>
      </trkpt>
      <trkpt lat="41.864900000" lon="2.280400000">
        <ele>612.000</ele>
      </trkpt>
      <trkpt lat="41.864940000" lon="2.280420000">
        <ele>613.000</ele>
      </trkpt>
      <trkpt lat="41.866130000" lon="2.281400000">
        <ele>613.000</ele>
      </trkpt>
      <trkpt lat="41.866580000" lon="2.281700000">
        <ele>614.000</ele>
      </trkpt>
      <trkpt lat="41.866880000" lon="2.281850000">
        <ele>615.000</ele>
      </trkpt>
      <trkpt lat="41.867210000" lon="2.282000000">
        <ele>615.000</ele>
      </trkpt>
      <trkpt lat="41.867550000" lon="2.282150000">
        <ele>616.000</ele>
      </trkpt>
      <trkpt lat="41.867840000" lon="2.282270000">
        <ele>616.000</ele>
      </trkpt>
      <trkpt lat="41.869170000" lon="2.282880000">
        <ele>617.000</ele>
      </trkpt>
      <trkpt lat="41.869240000" lon="2.282960000">
        <ele>617.000</ele>
      </trkpt>
      <trkpt lat="41.869280000" lon="2.283020000">
        <ele>618.000</ele>
      </trkpt>
      <trkpt lat="41.869280000" lon="2.283040000">
        <ele>618.000</ele>
      </trkpt>
      <trkpt lat="41.869290000" lon="2.283060000">
        <ele>618.000</ele>
      </trkpt>
      <trkpt lat="41.869310000" lon="2.283100000">
        <ele>619.000</ele>
      </trkpt>
      <trkpt lat="41.869330000" lon="2.283130000">
        <ele>619.000</ele>
      </trkpt>
      <trkpt lat="41.869350000" lon="2.283160000">
        <ele>619.000</ele>
      </trkpt>
      <trkpt lat="41.869370000" lon="2.283170000">
        <ele>619.000</ele>
      </trkpt>
      <trkpt lat="41.869400000" lon="2.283190000">
        <ele>619.000</ele>
      </trkpt>
      <trkpt lat="41.869430000" lon="2.283210000">
        <ele>619.000</ele>
      </trkpt>
      <trkpt lat="41.869460000" lon="2.283220000">
        <ele>619.000</ele>
      </trkpt>
      <trkpt lat="41.869490000" lon="2.283220000">
        <ele>619.000</ele>
      </trkpt>
      <trkpt lat="41.869520000" lon="2.283210000">
        <ele>619.000</ele>
      </trkpt>
      <trkpt lat="41.869550000" lon="2.283200000">
        <ele>619.000</ele>
      </trkpt>
      <trkpt lat="41.869760000" lon="2.283250000">
        <ele>619.000</ele>
      </trkpt>
      <trkpt lat="41.869820000" lon="2.283300000">
        <ele>619.000</ele>
      </trkpt>
      <trkpt lat="41.870570000" lon="2.283900000">
        <ele>620.000</ele>
      </trkpt>
      <trkpt lat="41.871470000" lon="2.284630000">
        <ele>621.000</ele>
      </trkpt>
      <trkpt lat="41.871500000" lon="2.284660000">
        <ele>621.000</ele>
      </trkpt>
      <trkpt lat="41.871620000" lon="2.284750000">
        <ele>622.000</ele>
      </trkpt>
      <trkpt lat="41.871880000" lon="2.284960000">
        <ele>622.000</ele>
      </trkpt>
      <trkpt lat="41.871880000" lon="2.284960000">
        <ele>623.000</ele>
      </trkpt>
      <trkpt lat="41.872390000" lon="2.285380000">
        <ele>623.000</ele>
      </trkpt>
      <trkpt lat="41.872490000" lon="2.285460000">
        <ele>624.000</ele>
      </trkpt>
      <trkpt lat="41.872920000" lon="2.285810000">
        <ele>624.000</ele>
      </trkpt>
      <trkpt lat="41.873210000" lon="2.285800000">
        <ele>625.000</ele>
      </trkpt>
      <trkpt lat="41.873260000" lon="2.285790000">
        <ele>625.000</ele>
      </trkpt>
      <trkpt lat="41.873280000" lon="2.285790000">
        <ele>625.000</ele>
      </trkpt>
      <trkpt lat="41.874810000" lon="2.285740000">
        <ele>626.000</ele>
      </trkpt>
      <trkpt lat="41.874860000" lon="2.285770000">
        <ele>626.000</ele>
      </trkpt>
      <trkpt lat="41.874870000" lon="2.285790000">
        <ele>627.000</ele>
      </trkpt>
      <trkpt lat="41.874930000" lon="2.285840000">
        <ele>627.000</ele>
      </trkpt>
      <trkpt lat="41.874930000" lon="2.285910000">
        <ele>627.000</ele>
      </trkpt>
      <trkpt lat="41.874940000" lon="2.286280000">
        <ele>627.000</ele>
      </trkpt>
      <trkpt lat="41.874940000" lon="2.286310000">
        <ele>627.000</ele>
      </trkpt>
      <trkpt lat="41.875000000" lon="2.286390000">
        <ele>627.000</ele>
      </trkpt>
      <trkpt lat="41.875030000" lon="2.286440000">
        <ele>627.000</ele>
      </trkpt>
      <trkpt lat="41.875110000" lon="2.286430000">
        <ele>627.000</ele>
      </trkpt>
      <trkpt lat="41.875320000" lon="2.286420000">
        <ele>627.000</ele>
      </trkpt>
      <trkpt lat="41.875320000" lon="2.286420000">
        <ele>626.000</ele>
      </trkpt>
      <trkpt lat="41.875550000" lon="2.286400000">
        <ele>626.000</ele>
      </trkpt>
      <trkpt lat="41.875700000" lon="2.286430000">
        <ele>625.000</ele>
      </trkpt>
      <trkpt lat="41.875760000" lon="2.286470000">
        <ele>625.000</ele>
      </trkpt>
      <trkpt lat="41.875930000" lon="2.286560000">
        <ele>624.000</ele>
      </trkpt>
      <trkpt lat="41.875950000" lon="2.286580000">
        <ele>624.000</ele>
      </trkpt>
      <trkpt lat="41.876150000" lon="2.286720000">
        <ele>623.000</ele>
      </trkpt>
      <trkpt lat="41.876190000" lon="2.286730000">
        <ele>623.000</ele>
      </trkpt>
      <trkpt lat="41.876480000" lon="2.286820000">
        <ele>622.000</ele>
      </trkpt>
      <trkpt lat="41.876630000" lon="2.286890000">
        <ele>622.000</ele>
      </trkpt>
      <trkpt lat="41.876670000" lon="2.286910000">
        <ele>621.000</ele>
      </trkpt>
      <trkpt lat="41.876700000" lon="2.286900000">
        <ele>621.000</ele>
      </trkpt>
      <trkpt lat="41.876720000" lon="2.286900000">
        <ele>621.000</ele>
      </trkpt>
      <trkpt lat="41.876740000" lon="2.286910000">
        <ele>621.000</ele>
      </trkpt>
      <trkpt lat="41.876840000" lon="2.286950000">
        <ele>620.000</ele>
      </trkpt>
      <trkpt lat="41.876870000" lon="2.286970000">
        <ele>620.000</ele>
      </trkpt>
      <trkpt lat="41.877440000" lon="2.287170000">
        <ele>620.000</ele>
      </trkpt>
      <trkpt lat="41.877440000" lon="2.287170000">
        <ele>620.000</ele>
      </trkpt>
      <trkpt lat="41.877440000" lon="2.287170000">
        <ele>619.000</ele>
      </trkpt>
      <trkpt lat="41.877440000" lon="2.287170000">
        <ele>619.000</ele>
      </trkpt>
      <trkpt lat="41.877560000" lon="2.287180000">
        <ele>619.000</ele>
      </trkpt>
      <trkpt lat="41.877650000" lon="2.287160000">
        <ele>619.000</ele>
      </trkpt>
      <trkpt lat="41.877800000" lon="2.287080000">
        <ele>619.000</ele>
      </trkpt>
      <trkpt lat="41.877950000" lon="2.286990000">
        <ele>619.000</ele>
      </trkpt>
      <trkpt lat="41.878040000" lon="2.286940000">
        <ele>618.000</ele>
      </trkpt>
      <trkpt lat="41.878180000" lon="2.286870000">
        <ele>618.000</ele>
      </trkpt>
      <trkpt lat="41.878280000" lon="2.286870000">
        <ele>618.000</ele>
      </trkpt>
      <trkpt lat="41.878320000" lon="2.286870000">
        <ele>618.000</ele>
      </trkpt>
      <trkpt lat="41.878330000" lon="2.286880000">
        <ele>618.000</ele>
      </trkpt>
      <trkpt lat="41.878350000" lon="2.286890000">
        <ele>618.000</ele>
      </trkpt>
      <trkpt lat="41.878370000" lon="2.286900000">
        <ele>618.000</ele>
      </trkpt>
      <trkpt lat="41.878400000" lon="2.286910000">
        <ele>618.000</ele>
      </trkpt>
      <trkpt lat="41.878420000" lon="2.286900000">
        <ele>618.000</ele>
      </trkpt>
      <trkpt lat="41.878440000" lon="2.286890000">
        <ele>618.000</ele>
      </trkpt>
      <trkpt lat="41.878470000" lon="2.286860000">
        <ele>618.000</ele>
      </trkpt>
      <trkpt lat="41.878490000" lon="2.286800000">
        <ele>618.000</ele>
      </trkpt>
      <trkpt lat="41.878640000" lon="2.286600000">
        <ele>618.000</ele>
      </trkpt>
      <trkpt lat="41.878680000" lon="2.286580000">
        <ele>618.000</ele>
      </trkpt>
      <trkpt lat="41.878720000" lon="2.286560000">
        <ele>618.000</ele>
      </trkpt>
      <trkpt lat="41.878780000" lon="2.286530000">
        <ele>618.000</ele>
      </trkpt>
      <trkpt lat="41.879550000" lon="2.286090000">
        <ele>619.000</ele>
      </trkpt>
      <trkpt lat="41.879820000" lon="2.285950000">
        <ele>619.000</ele>
      </trkpt>
      <trkpt lat="41.879900000" lon="2.285920000">
        <ele>620.000</ele>
      </trkpt>
      <trkpt lat="41.880030000" lon="2.285970000">
        <ele>620.000</ele>
      </trkpt>
      <trkpt lat="41.880080000" lon="2.285980000">
        <ele>620.000</ele>
      </trkpt>
      <trkpt lat="41.880100000" lon="2.286020000">
        <ele>620.000</ele>
      </trkpt>
      <trkpt lat="41.880140000" lon="2.286050000">
        <ele>620.000</ele>
      </trkpt>
      <trkpt lat="41.880170000" lon="2.286070000">
        <ele>620.000</ele>
      </trkpt>
      <trkpt lat="41.880210000" lon="2.286070000">
        <ele>620.000</ele>
      </trkpt>
      <trkpt lat="41.880250000" lon="2.286060000">
        <ele>620.000</ele>
      </trkpt>
      <trkpt lat="41.880280000" lon="2.286030000">
        <ele>620.000</ele>
      </trkpt>
      <trkpt lat="41.880310000" lon="2.286000000">
        <ele>620.000</ele>
      </trkpt>
      <trkpt lat="41.880330000" lon="2.285950000">
        <ele>620.000</ele>
      </trkpt>
      <trkpt lat="41.880340000" lon="2.285900000">
        <ele>620.000</ele>
      </trkpt>
      <trkpt lat="41.880400000" lon="2.285850000">
        <ele>620.000</ele>
      </trkpt>
      <trkpt lat="41.880420000" lon="2.285840000">
        <ele>619.000</ele>
      </trkpt>
      <trkpt lat="41.880440000" lon="2.285820000">
        <ele>619.000</ele>
      </trkpt>
      <trkpt lat="41.880540000" lon="2.285770000">
        <ele>619.000</ele>
      </trkpt>
      <trkpt lat="41.880630000" lon="2.285740000">
        <ele>619.000</ele>
      </trkpt>
      <trkpt lat="41.880760000" lon="2.285710000">
        <ele>619.000</ele>
      </trkpt>
      <trkpt lat="41.880840000" lon="2.285690000">
        <ele>618.000</ele>
      </trkpt>
      <trkpt lat="41.880910000" lon="2.285660000">
        <ele>618.000</ele>
      </trkpt>
      <trkpt lat="41.881000000" lon="2.285600000">
        <ele>618.000</ele>
      </trkpt>
      <trkpt lat="41.882960000" lon="2.283990000">
        <ele>616.000</ele>
      </trkpt>
      <trkpt lat="41.883080000" lon="2.283890000">
        <ele>614.000</ele>
      </trkpt>
      <trkpt lat="41.883200000" lon="2.283790000">
        <ele>613.000</ele>
      </trkpt>
      <trkpt lat="41.883250000" lon="2.283750000">
        <ele>612.000</ele>
      </trkpt>
      <trkpt lat="41.883420000" lon="2.283570000">
        <ele>611.000</ele>
      </trkpt>
      <trkpt lat="41.883580000" lon="2.283360000">
        <ele>611.000</ele>
      </trkpt>
      <trkpt lat="41.883740000" lon="2.283140000">
        <ele>610.000</ele>
      </trkpt>
      <trkpt lat="41.883780000" lon="2.283080000">
        <ele>609.000</ele>
      </trkpt>
      <trkpt lat="41.883880000" lon="2.282950000">
        <ele>609.000</ele>
      </trkpt>
      <trkpt lat="41.884380000" lon="2.282240000">
        <ele>608.000</ele>
      </trkpt>
      <trkpt lat="41.884740000" lon="2.281850000">
        <ele>607.000</ele>
      </trkpt>
      <trkpt lat="41.885110000" lon="2.281540000">
        <ele>605.000</ele>
      </trkpt>
      <trkpt lat="41.885190000" lon="2.281490000">
        <ele>605.000</ele>
      </trkpt>
      <trkpt lat="41.885760000" lon="2.281140000">
        <ele>603.000</ele>
      </trkpt>
      <trkpt lat="41.885820000" lon="2.281110000">
        <ele>603.000</ele>
      </trkpt>
      <trkpt lat="41.886020000" lon="2.280990000">
        <ele>602.000</ele>
      </trkpt>
      <trkpt lat="41.886080000" lon="2.280950000">
        <ele>601.000</ele>
      </trkpt>
      <trkpt lat="41.886230000" lon="2.280870000">
        <ele>601.000</ele>
      </trkpt>
      <trkpt lat="41.886520000" lon="2.280700000">
        <ele>600.000</ele>
      </trkpt>
      <trkpt lat="41.887380000" lon="2.280170000">
        <ele>599.000</ele>
      </trkpt>
      <trkpt lat="41.887640000" lon="2.280030000">
        <ele>598.000</ele>
      </trkpt>
      <trkpt lat="41.887940000" lon="2.279900000">
        <ele>597.000</ele>
      </trkpt>
      <trkpt lat="41.888480000" lon="2.279780000">
        <ele>596.000</ele>
      </trkpt>
      <trkpt lat="41.890580000" lon="2.279420000">
        <ele>591.000</ele>
      </trkpt>
      <trkpt lat="41.890710000" lon="2.279400000">
        <ele>587.000</ele>
      </trkpt>
      <trkpt lat="41.890990000" lon="2.279420000">
        <ele>584.000</ele>
      </trkpt>
      <trkpt lat="41.891080000" lon="2.279440000">
        <ele>582.000</ele>
      </trkpt>
      <trkpt lat="41.891380000" lon="2.279600000">
        <ele>580.000</ele>
      </trkpt>
      <trkpt lat="41.891720000" lon="2.279840000">
        <ele>579.000</ele>
      </trkpt>
      <trkpt lat="41.893770000" lon="2.281460000">
        <ele>574.000</ele>
      </trkpt>
      <trkpt lat="41.894320000" lon="2.282000000">
        <ele>569.000</ele>
      </trkpt>
      <trkpt lat="41.894810000" lon="2.282180000">
        <ele>565.000</ele>
      </trkpt>
      <trkpt lat="41.895120000" lon="2.282390000">
        <ele>562.000</ele>
      </trkpt>
      <trkpt lat="41.895430000" lon="2.282680000">
        <ele>559.000</ele>
      </trkpt>
      <trkpt lat="41.895510000" lon="2.282730000">
        <ele>557.000</ele>
      </trkpt>
      <trkpt lat="41.895770000" lon="2.282900000">
        <ele>555.000</ele>
      </trkpt>
      <trkpt lat="41.895880000" lon="2.282930000">
        <ele>553.000</ele>
      </trkpt>
      <trkpt lat="41.896790000" lon="2.283240000">
        <ele>551.000</ele>
      </trkpt>
      <trkpt lat="41.897000000" lon="2.283270000">
        <ele>549.000</ele>
      </trkpt>
      <trkpt lat="41.897230000" lon="2.283270000">
        <ele>548.000</ele>
      </trkpt>
      <trkpt lat="41.897360000" lon="2.283270000">
        <ele>547.000</ele>
      </trkpt>
      <trkpt lat="41.897550000" lon="2.283260000">
        <ele>546.000</ele>
      </trkpt>
      <trkpt lat="41.897550000" lon="2.283260000">
        <ele>545.000</ele>
      </trkpt>
      <trkpt lat="41.897620000" lon="2.283260000">
        <ele>545.000</ele>
      </trkpt>
      <trkpt lat="41.897890000" lon="2.283240000">
        <ele>545.000</ele>
      </trkpt>
      <trkpt lat="41.898020000" lon="2.283220000">
        <ele>545.000</ele>
      </trkpt>
      <trkpt lat="41.898140000" lon="2.283180000">
        <ele>545.000</ele>
      </trkpt>
      <trkpt lat="41.898270000" lon="2.283100000">
        <ele>545.000</ele>
      </trkpt>
      <trkpt lat="41.898390000" lon="2.283000000">
        <ele>545.000</ele>
      </trkpt>
      <trkpt lat="41.898940000" lon="2.282050000">
        <ele>545.000</ele>
      </trkpt>
      <trkpt lat="41.899100000" lon="2.281750000">
        <ele>544.000</ele>
      </trkpt>
      <trkpt lat="41.899170000" lon="2.281620000">
        <ele>543.000</ele>
      </trkpt>
      <trkpt lat="41.899190000" lon="2.281580000">
        <ele>542.000</ele>
      </trkpt>
      <trkpt lat="41.899350000" lon="2.281260000">
        <ele>541.000</ele>
      </trkpt>
      <trkpt lat="41.899410000" lon="2.281090000">
        <ele>540.000</ele>
      </trkpt>
      <trkpt lat="41.899460000" lon="2.280920000">
        <ele>539.000</ele>
      </trkpt>
      <trkpt lat="41.899500000" lon="2.280800000">
        <ele>538.000</ele>
      </trkpt>
      <trkpt lat="41.899560000" lon="2.280750000">
        <ele>537.000</ele>
      </trkpt>
      <trkpt lat="41.899590000" lon="2.280740000">
        <ele>536.000</ele>
      </trkpt>
      <trkpt lat="41.899610000" lon="2.280740000">
        <ele>536.000</ele>
      </trkpt>
      <trkpt lat="41.899650000" lon="2.280760000">
        <ele>535.000</ele>
      </trkpt>
      <trkpt lat="41.899680000" lon="2.280800000">
        <ele>535.000</ele>
      </trkpt>
      <trkpt lat="41.899700000" lon="2.280860000">
        <ele>534.000</ele>
      </trkpt>
      <trkpt lat="41.899710000" lon="2.280920000">
        <ele>534.000</ele>
      </trkpt>
      <trkpt lat="41.899730000" lon="2.281210000">
        <ele>533.000</ele>
      </trkpt>
      <trkpt lat="41.899730000" lon="2.281240000">
        <ele>532.000</ele>
      </trkpt>
      <trkpt lat="41.899750000" lon="2.281330000">
        <ele>532.000</ele>
      </trkpt>
      <trkpt lat="41.899790000" lon="2.281430000">
        <ele>531.000</ele>
      </trkpt>
      <trkpt lat="41.899810000" lon="2.281480000">
        <ele>531.000</ele>
      </trkpt>
      <trkpt lat="41.899890000" lon="2.281550000">
        <ele>530.000</ele>
      </trkpt>
      <trkpt lat="41.899980000" lon="2.281590000">
        <ele>530.000</ele>
      </trkpt>
      <trkpt lat="41.900120000" lon="2.281620000">
        <ele>529.000</ele>
      </trkpt>
      <trkpt lat="41.900370000" lon="2.281660000">
        <ele>528.000</ele>
      </trkpt>
      <trkpt lat="41.900620000" lon="2.281720000">
        <ele>527.000</ele>
      </trkpt>
      <trkpt lat="41.900700000" lon="2.281760000">
        <ele>526.000</ele>
      </trkpt>
      <trkpt lat="41.900780000" lon="2.281790000">
        <ele>526.000</ele>
      </trkpt>
      <trkpt lat="41.901010000" lon="2.281940000">
        <ele>525.000</ele>
      </trkpt>
      <trkpt lat="41.901150000" lon="2.282040000">
        <ele>524.000</ele>
      </trkpt>
      <trkpt lat="41.901310000" lon="2.282160000">
        <ele>523.000</ele>
      </trkpt>
      <trkpt lat="41.901340000" lon="2.282180000">
        <ele>522.000</ele>
      </trkpt>
      <trkpt lat="41.901450000" lon="2.282260000">
        <ele>522.000</ele>
      </trkpt>
      <trkpt lat="41.901580000" lon="2.282360000">
        <ele>521.000</ele>
      </trkpt>
      <trkpt lat="41.901650000" lon="2.282390000">
        <ele>520.000</ele>
      </trkpt>
      <trkpt lat="41.901740000" lon="2.282400000">
        <ele>520.000</ele>
      </trkpt>
      <trkpt lat="41.901830000" lon="2.282390000">
        <ele>519.000</ele>
      </trkpt>
      <trkpt lat="41.901900000" lon="2.282380000">
        <ele>519.000</ele>
      </trkpt>
      <trkpt lat="41.902290000" lon="2.282240000">
        <ele>518.000</ele>
      </trkpt>
      <trkpt lat="41.902720000" lon="2.282080000">
        <ele>517.000</ele>
      </trkpt>
      <trkpt lat="41.902760000" lon="2.282060000">
        <ele>517.000</ele>
      </trkpt>
      <trkpt lat="41.903200000" lon="2.281890000">
        <ele>516.000</ele>
      </trkpt>
      <trkpt lat="41.903240000" lon="2.281870000">
        <ele>515.000</ele>
      </trkpt>
      <trkpt lat="41.904160000" lon="2.281530000">
        <ele>514.000</ele>
      </trkpt>
      <trkpt lat="41.904440000" lon="2.281420000">
        <ele>512.000</ele>
      </trkpt>
      <trkpt lat="41.904680000" lon="2.281330000">
        <ele>512.000</ele>
      </trkpt>
      <trkpt lat="41.904690000" lon="2.281320000">
        <ele>511.000</ele>
      </trkpt>
      <trkpt lat="41.904940000" lon="2.281230000">
        <ele>511.000</ele>
      </trkpt>
      <trkpt lat="41.905230000" lon="2.281120000">
        <ele>510.000</ele>
      </trkpt>
      <trkpt lat="41.906160000" lon="2.280770000">
        <ele>510.000</ele>
      </trkpt>
      <trkpt lat="41.906190000" lon="2.280760000">
        <ele>509.000</ele>
      </trkpt>
      <trkpt lat="41.906340000" lon="2.280700000">
        <ele>509.000</ele>
      </trkpt>
      <trkpt lat="41.906540000" lon="2.280620000">
        <ele>509.000</ele>
      </trkpt>
      <trkpt lat="41.906820000" lon="2.280520000">
        <ele>509.000</ele>
      </trkpt>
      <trkpt lat="41.906890000" lon="2.280490000">
        <ele>508.000</ele>
      </trkpt>
      <trkpt lat="41.907190000" lon="2.280350000">
        <ele>508.000</ele>
      </trkpt>
      <trkpt lat="41.907310000" lon="2.280270000">
        <ele>508.000</ele>
      </trkpt>
      <trkpt lat="41.907430000" lon="2.280170000">
        <ele>508.000</ele>
      </trkpt>
      <trkpt lat="41.907610000" lon="2.279970000">
        <ele>508.000</ele>
      </trkpt>
      <trkpt lat="41.907910000" lon="2.279630000">
        <ele>508.000</ele>
      </trkpt>
      <trkpt lat="41.907980000" lon="2.279570000">
        <ele>508.000</ele>
      </trkpt>
      <trkpt lat="41.908100000" lon="2.279460000">
        <ele>507.000</ele>
      </trkpt>
      <trkpt lat="41.908240000" lon="2.279370000">
        <ele>507.000</ele>
      </trkpt>
      <trkpt lat="41.909380000" lon="2.278730000">
        <ele>506.000</ele>
      </trkpt>
      <trkpt lat="41.909950000" lon="2.278410000">
        <ele>505.000</ele>
      </trkpt>
      <trkpt lat="41.910250000" lon="2.278250000">
        <ele>504.000</ele>
      </trkpt>
      <trkpt lat="41.910410000" lon="2.278150000">
        <ele>504.000</ele>
      </trkpt>
      <trkpt lat="41.910560000" lon="2.278060000">
        <ele>503.000</ele>
      </trkpt>
      <trkpt lat="41.910640000" lon="2.278000000">
        <ele>502.000</ele>
      </trkpt>
      <trkpt lat="41.910740000" lon="2.277920000">
        <ele>502.000</ele>
      </trkpt>
      <trkpt lat="41.910870000" lon="2.277790000">
        <ele>501.000</ele>
      </trkpt>
      <trkpt lat="41.911030000" lon="2.277600000">
        <ele>501.000</ele>
      </trkpt>
      <trkpt lat="41.911680000" lon="2.276840000">
        <ele>499.000</ele>
      </trkpt>
      <trkpt lat="41.912030000" lon="2.276440000">
        <ele>498.000</ele>
      </trkpt>
      <trkpt lat="41.912180000" lon="2.276260000">
        <ele>498.000</ele>
      </trkpt>
      <trkpt lat="41.912300000" lon="2.276090000">
        <ele>497.000</ele>
      </trkpt>
      <trkpt lat="41.912530000" lon="2.275750000">
        <ele>497.000</ele>
      </trkpt>
      <trkpt lat="41.912660000" lon="2.275540000">
        <ele>497.000</ele>
      </trkpt>
      <trkpt lat="41.912810000" lon="2.275330000">
        <ele>497.000</ele>
      </trkpt>
      <trkpt lat="41.913530000" lon="2.274290000">
        <ele>497.000</ele>
      </trkpt>
      <trkpt lat="41.913590000" lon="2.274210000">
        <ele>497.000</ele>
      </trkpt>
      <trkpt lat="41.913650000" lon="2.274140000">
        <ele>496.000</ele>
      </trkpt>
      <trkpt lat="41.913780000" lon="2.274010000">
        <ele>496.000</ele>
      </trkpt>
      <trkpt lat="41.913850000" lon="2.273940000">
        <ele>496.000</ele>
      </trkpt>
      <trkpt lat="41.913970000" lon="2.273860000">
        <ele>496.000</ele>
      </trkpt>
      <trkpt lat="41.914200000" lon="2.273740000">
        <ele>495.000</ele>
      </trkpt>
      <trkpt lat="41.914990000" lon="2.273350000">
        <ele>494.000</ele>
      </trkpt>
      <trkpt lat="41.918100000" lon="2.271840000">
        <ele>491.000</ele>
      </trkpt>
      <trkpt lat="41.919810000" lon="2.271010000">
        <ele>488.000</ele>
      </trkpt>
      <trkpt lat="41.920410000" lon="2.270720000">
        <ele>486.000</ele>
      </trkpt>
      <trkpt lat="41.921550000" lon="2.270170000">
        <ele>485.000</ele>
      </trkpt>
      <trkpt lat="41.922510000" lon="2.269720000">
        <ele>484.000</ele>
      </trkpt>
      <trkpt lat="41.924770000" lon="2.268620000">
        <ele>482.000</ele>
      </trkpt>
      <trkpt lat="41.925620000" lon="2.268200000">
        <ele>481.000</ele>
      </trkpt>
      <trkpt lat="41.925700000" lon="2.268200000">
        <ele>480.000</ele>
      </trkpt>
      <trkpt lat="41.925760000" lon="2.268200000">
        <ele>479.000</ele>
      </trkpt>
      <trkpt lat="41.925770000" lon="2.268220000">
        <ele>479.000</ele>
      </trkpt>
      <trkpt lat="41.925790000" lon="2.268240000">
        <ele>479.000</ele>
      </trkpt>
      <trkpt lat="41.925810000" lon="2.268260000">
        <ele>479.000</ele>
      </trkpt>
      <trkpt lat="41.925840000" lon="2.268270000">
        <ele>479.000</ele>
      </trkpt>
      <trkpt lat="41.925860000" lon="2.268270000">
        <ele>479.000</ele>
      </trkpt>
      <trkpt lat="41.925880000" lon="2.268270000">
        <ele>479.000</ele>
      </trkpt>
      <trkpt lat="41.925910000" lon="2.268270000">
        <ele>479.000</ele>
      </trkpt>
      <trkpt lat="41.925930000" lon="2.268260000">
        <ele>479.000</ele>
      </trkpt>
      <trkpt lat="41.925940000" lon="2.268250000">
        <ele>479.000</ele>
      </trkpt>
      <trkpt lat="41.925940000" lon="2.268250000">
        <ele>479.000</ele>
      </trkpt>
      <trkpt lat="41.925950000" lon="2.268240000">
        <ele>479.000</ele>
      </trkpt>
      <trkpt lat="41.925970000" lon="2.268230000">
        <ele>479.000</ele>
      </trkpt>
      <trkpt lat="41.925990000" lon="2.268210000">
        <ele>479.000</ele>
      </trkpt>
      <trkpt lat="41.926000000" lon="2.268180000">
        <ele>479.000</ele>
      </trkpt>
      <trkpt lat="41.926010000" lon="2.268150000">
        <ele>479.000</ele>
      </trkpt>
      <trkpt lat="41.926020000" lon="2.268120000">
        <ele>479.000</ele>
      </trkpt>
      <trkpt lat="41.926020000" lon="2.268090000">
        <ele>479.000</ele>
      </trkpt>
      <trkpt lat="41.926030000" lon="2.268060000">
        <ele>479.000</ele>
      </trkpt>
      <trkpt lat="41.926060000" lon="2.268020000">
        <ele>479.000</ele>
      </trkpt>
      <trkpt lat="41.926130000" lon="2.267950000">
        <ele>479.000</ele>
      </trkpt>
      <trkpt lat="41.926430000" lon="2.267800000">
        <ele>479.000</ele>
      </trkpt>
      <trkpt lat="41.926480000" lon="2.267800000">
        <ele>479.000</ele>
      </trkpt>
      <trkpt lat="41.926540000" lon="2.267800000">
        <ele>479.000</ele>
      </trkpt>
      <trkpt lat="41.926600000" lon="2.267840000">
        <ele>479.000</ele>
      </trkpt>
      <trkpt lat="41.926630000" lon="2.267890000">
        <ele>479.000</ele>
      </trkpt>
      <trkpt lat="41.926630000" lon="2.267920000">
        <ele>479.000</ele>
      </trkpt>
      <trkpt lat="41.926640000" lon="2.267950000">
        <ele>479.000</ele>
      </trkpt>
      <trkpt lat="41.926650000" lon="2.267980000">
        <ele>479.000</ele>
      </trkpt>
      <trkpt lat="41.926660000" lon="2.268010000">
        <ele>479.000</ele>
      </trkpt>
      <trkpt lat="41.926670000" lon="2.268030000">
        <ele>479.000</ele>
      </trkpt>
      <trkpt lat="41.926680000" lon="2.268060000">
        <ele>479.000</ele>
      </trkpt>
      <trkpt lat="41.926700000" lon="2.268080000">
        <ele>479.000</ele>
      </trkpt>
      <trkpt lat="41.926720000" lon="2.268090000">
        <ele>479.000</ele>
      </trkpt>
      <trkpt lat="41.926750000" lon="2.268110000">
        <ele>479.000</ele>
      </trkpt>
      <trkpt lat="41.926770000" lon="2.268120000">
        <ele>479.000</ele>
      </trkpt>
      <trkpt lat="41.926800000" lon="2.268120000">
        <ele>479.000</ele>
      </trkpt>
      <trkpt lat="41.926820000" lon="2.268120000">
        <ele>479.000</ele>
      </trkpt>
      <trkpt lat="41.926840000" lon="2.268110000">
        <ele>479.000</ele>
      </trkpt>
      <trkpt lat="41.926860000" lon="2.268100000">
        <ele>479.000</ele>
      </trkpt>
      <trkpt lat="41.926880000" lon="2.268090000">
        <ele>479.000</ele>
      </trkpt>
      <trkpt lat="41.926890000" lon="2.268080000">
        <ele>479.000</ele>
      </trkpt>
      <trkpt lat="41.926910000" lon="2.268060000">
        <ele>479.000</ele>
      </trkpt>
      <trkpt lat="41.926920000" lon="2.268040000">
        <ele>479.000</ele>
      </trkpt>
      <trkpt lat="41.926940000" lon="2.268020000">
        <ele>479.000</ele>
      </trkpt>
      <trkpt lat="41.926950000" lon="2.268000000">
        <ele>479.000</ele>
      </trkpt>
      <trkpt lat="41.926950000" lon="2.267970000">
        <ele>479.000</ele>
      </trkpt>
      <trkpt lat="41.926960000" lon="2.267950000">
        <ele>479.000</ele>
      </trkpt>
      <trkpt lat="41.926960000" lon="2.267920000">
        <ele>479.000</ele>
      </trkpt>
      <trkpt lat="41.926960000" lon="2.267890000">
        <ele>479.000</ele>
      </trkpt>
      <trkpt lat="41.926960000" lon="2.267870000">
        <ele>479.000</ele>
      </trkpt>
      <trkpt lat="41.926960000" lon="2.267840000">
        <ele>479.000</ele>
      </trkpt>
      <trkpt lat="41.926950000" lon="2.267810000">
        <ele>479.000</ele>
      </trkpt>
      <trkpt lat="41.926940000" lon="2.267790000">
        <ele>479.000</ele>
      </trkpt>
      <trkpt lat="41.926930000" lon="2.267770000">
        <ele>479.000</ele>
      </trkpt>
      <trkpt lat="41.926920000" lon="2.267750000">
        <ele>479.000</ele>
      </trkpt>
      <trkpt lat="41.926900000" lon="2.267730000">
        <ele>479.000</ele>
      </trkpt>
      <trkpt lat="41.926880000" lon="2.267620000">
        <ele>479.000</ele>
      </trkpt>
      <trkpt lat="41.926880000" lon="2.267550000">
        <ele>479.000</ele>
      </trkpt>
      <trkpt lat="41.926880000" lon="2.267430000">
        <ele>479.000</ele>
      </trkpt>
      <trkpt lat="41.926890000" lon="2.267410000">
        <ele>479.000</ele>
      </trkpt>
      <trkpt lat="41.927100000" lon="2.266670000">
        <ele>479.000</ele>
      </trkpt>
      <trkpt lat="41.927370000" lon="2.265740000">
        <ele>479.000</ele>
      </trkpt>
      <trkpt lat="41.927520000" lon="2.265250000">
        <ele>479.000</ele>
      </trkpt>
      <trkpt lat="41.927560000" lon="2.265130000">
        <ele>479.000</ele>
      </trkpt>
      <trkpt lat="41.927590000" lon="2.265060000">
        <ele>479.000</ele>
      </trkpt>
      <trkpt lat="41.927600000" lon="2.265010000">
        <ele>479.000</ele>
      </trkpt>
      <trkpt lat="41.927640000" lon="2.264900000">
        <ele>479.000</ele>
      </trkpt>
      <trkpt lat="41.927710000" lon="2.264660000">
        <ele>479.000</ele>
      </trkpt>
      <trkpt lat="41.927760000" lon="2.264530000">
        <ele>480.000</ele>
      </trkpt>
      <trkpt lat="41.927910000" lon="2.264110000">
        <ele>480.000</ele>
      </trkpt>
      <trkpt lat="41.928090000" lon="2.263540000">
        <ele>480.000</ele>
      </trkpt>
      <trkpt lat="41.928250000" lon="2.263060000">
        <ele>481.000</ele>
      </trkpt>
      <trkpt lat="41.928620000" lon="2.261980000">
        <ele>481.000</ele>
      </trkpt>
      <trkpt lat="41.928730000" lon="2.261660000">
        <ele>482.000</ele>
      </trkpt>
      <trkpt lat="41.928800000" lon="2.261440000">
        <ele>483.000</ele>
      </trkpt>
      <trkpt lat="41.928800000" lon="2.261440000">
        <ele>483.000</ele>
      </trkpt>
      <trkpt lat="41.928870000" lon="2.261260000">
        <ele>483.000</ele>
      </trkpt>
      <trkpt lat="41.928910000" lon="2.261190000">
        <ele>484.000</ele>
      </trkpt>
      <trkpt lat="41.928960000" lon="2.261090000">
        <ele>484.000</ele>
      </trkpt>
      <trkpt lat="41.928960000" lon="2.261090000">
        <ele>484.000</ele>
      </trkpt>
      <trkpt lat="41.928970000" lon="2.261090000">
        <ele>484.000</ele>
      </trkpt>
      <trkpt lat="41.928980000" lon="2.261090000">
        <ele>484.000</ele>
      </trkpt>
      <trkpt lat="41.928990000" lon="2.261090000">
        <ele>484.000</ele>
      </trkpt>
      <trkpt lat="41.928990000" lon="2.261080000">
        <ele>484.000</ele>
      </trkpt>
      <trkpt lat="41.929000000" lon="2.261080000">
        <ele>484.000</ele>
      </trkpt>
      <trkpt lat="41.929010000" lon="2.261070000">
        <ele>484.000</ele>
      </trkpt>
      <trkpt lat="41.929010000" lon="2.261060000">
        <ele>484.000</ele>
      </trkpt>
      <trkpt lat="41.929020000" lon="2.261060000">
        <ele>484.000</ele>
      </trkpt>
      <trkpt lat="41.929020000" lon="2.261050000">
        <ele>484.000</ele>
      </trkpt>
      <trkpt lat="41.929030000" lon="2.261040000">
        <ele>484.000</ele>
      </trkpt>
      <trkpt lat="41.929030000" lon="2.261030000">
        <ele>484.000</ele>
      </trkpt>
      <trkpt lat="41.929030000" lon="2.261020000">
        <ele>484.000</ele>
      </trkpt>
      <trkpt lat="41.929040000" lon="2.261010000">
        <ele>484.000</ele>
      </trkpt>
      <trkpt lat="41.929040000" lon="2.261000000">
        <ele>484.000</ele>
      </trkpt>
      <trkpt lat="41.929040000" lon="2.260990000">
        <ele>484.000</ele>
      </trkpt>
      <trkpt lat="41.929040000" lon="2.260980000">
        <ele>484.000</ele>
      </trkpt>
      <trkpt lat="41.929040000" lon="2.260970000">
        <ele>484.000</ele>
      </trkpt>
      <trkpt lat="41.929030000" lon="2.260960000">
        <ele>484.000</ele>
      </trkpt>
      <trkpt lat="41.929030000" lon="2.260950000">
        <ele>484.000</ele>
      </trkpt>
      <trkpt lat="41.929030000" lon="2.260940000">
        <ele>485.000</ele>
      </trkpt>
      <trkpt lat="41.929020000" lon="2.260930000">
        <ele>485.000</ele>
      </trkpt>
      <trkpt lat="41.929020000" lon="2.260920000">
        <ele>485.000</ele>
      </trkpt>
      <trkpt lat="41.929010000" lon="2.260920000">
        <ele>485.000</ele>
      </trkpt>
      <trkpt lat="41.929010000" lon="2.260910000">
        <ele>485.000</ele>
      </trkpt>
      <trkpt lat="41.929000000" lon="2.260900000">
        <ele>485.000</ele>
      </trkpt>
      <trkpt lat="41.928990000" lon="2.260900000">
        <ele>485.000</ele>
      </trkpt>
      <trkpt lat="41.928990000" lon="2.260890000">
        <ele>485.000</ele>
      </trkpt>
      <trkpt lat="41.928980000" lon="2.260890000">
        <ele>485.000</ele>
      </trkpt>
      <trkpt lat="41.929050000" lon="2.260540000">
        <ele>486.000</ele>
      </trkpt>
      <trkpt lat="41.929110000" lon="2.260190000">
        <ele>486.000</ele>
      </trkpt>
      <trkpt lat="41.929120000" lon="2.260170000">
        <ele>487.000</ele>
      </trkpt>
      <trkpt lat="41.929170000" lon="2.259860000">
        <ele>488.000</ele>
      </trkpt>
      <trkpt lat="41.929230000" lon="2.259380000">
        <ele>489.000</ele>
      </trkpt>
      <trkpt lat="41.929250000" lon="2.259260000">
        <ele>490.000</ele>
      </trkpt>
      <trkpt lat="41.929250000" lon="2.259240000">
        <ele>491.000</ele>
      </trkpt>
      <trkpt lat="41.929270000" lon="2.259160000">
        <ele>492.000</ele>
      </trkpt>
      <trkpt lat="41.929300000" lon="2.259070000">
        <ele>492.000</ele>
      </trkpt>
      <trkpt lat="41.929340000" lon="2.258920000">
        <ele>493.000</ele>
      </trkpt>
      <trkpt lat="41.929340000" lon="2.258920000">
        <ele>493.000</ele>
      </trkpt>
      <trkpt lat="41.929490000" lon="2.258660000">
        <ele>494.000</ele>
      </trkpt>
      <trkpt lat="41.929550000" lon="2.258590000">
        <ele>495.000</ele>
      </trkpt>
      <trkpt lat="41.929640000" lon="2.258470000">
        <ele>495.000</ele>
      </trkpt>
      <trkpt lat="41.929690000" lon="2.258400000">
        <ele>496.000</ele>
      </trkpt>
      <trkpt lat="41.929700000" lon="2.258370000">
        <ele>496.000</ele>
      </trkpt>
      <trkpt lat="41.929700000" lon="2.258350000">
        <ele>496.000</ele>
      </trkpt>
      <trkpt lat="41.929760000" lon="2.258180000">
        <ele>497.000</ele>
      </trkpt>
      <trkpt lat="41.929770000" lon="2.258100000">
        <ele>497.000</ele>
      </trkpt>
      <trkpt lat="41.929990000" lon="2.257190000">
        <ele>498.000</ele>
      </trkpt>
      <trkpt lat="41.930000000" lon="2.257150000">
        <ele>499.000</ele>
      </trkpt>
      <trkpt lat="41.930270000" lon="2.256560000">
        <ele>501.000</ele>
      </trkpt>
      <trkpt lat="41.930300000" lon="2.256500000">
        <ele>502.000</ele>
      </trkpt>
      <trkpt lat="41.930500000" lon="2.256120000">
        <ele>502.000</ele>
      </trkpt>
      <trkpt lat="41.930610000" lon="2.255980000">
        <ele>502.000</ele>
      </trkpt>
      <trkpt lat="41.930880000" lon="2.255650000">
        <ele>502.000</ele>
      </trkpt>
      <trkpt lat="41.930900000" lon="2.255620000">
        <ele>502.000</ele>
      </trkpt>
      <trkpt lat="41.931020000" lon="2.255400000">
        <ele>502.000</ele>
      </trkpt>
      <trkpt lat="41.931120000" lon="2.255220000">
        <ele>502.000</ele>
      </trkpt>
      <trkpt lat="41.931200000" lon="2.254790000">
        <ele>502.000</ele>
      </trkpt>
      <trkpt lat="41.931300000" lon="2.254140000">
        <ele>501.000</ele>
      </trkpt>
      <trkpt lat="41.931320000" lon="2.254000000">
        <ele>501.000</ele>
      </trkpt>
      <trkpt lat="41.931240000" lon="2.253590000">
        <ele>501.000</ele>
      </trkpt>
      <trkpt lat="41.931220000" lon="2.253520000">
        <ele>501.000</ele>
      </trkpt>
      <trkpt lat="41.931170000" lon="2.253430000">
        <ele>501.000</ele>
      </trkpt>
      <trkpt lat="41.931130000" lon="2.253400000">
        <ele>501.000</ele>
      </trkpt>
      <trkpt lat="41.931010000" lon="2.253330000">
        <ele>501.000</ele>
      </trkpt>
      <trkpt lat="41.930890000" lon="2.253270000">
        <ele>501.000</ele>
      </trkpt>
      <trkpt lat="41.930710000" lon="2.253190000">
        <ele>501.000</ele>
      </trkpt>
      <trkpt lat="41.930690000" lon="2.253190000">
        <ele>501.000</ele>
      </trkpt>
      <trkpt lat="41.930690000" lon="2.253190000">
        <ele>501.000</ele>
      </trkpt>
      <trkpt lat="41.930550000" lon="2.253130000">
        <ele>501.000</ele>
      </trkpt>
      <trkpt lat="41.930430000" lon="2.253080000">
        <ele>501.000</ele>
      </trkpt>
      <trkpt lat="41.930450000" lon="2.252890000">
        <ele>501.000</ele>
      </trkpt>
      <trkpt lat="41.930490000" lon="2.252590000">
        <ele>501.000</ele>
      </trkpt>
      <trkpt lat="41.930560000" lon="2.252050000">
        <ele>501.000</ele>
      </trkpt>
      <trkpt lat="41.930570000" lon="2.252010000">
        <ele>501.000</ele>
      </trkpt>
      <trkpt lat="41.930600000" lon="2.251790000">
        <ele>501.000</ele>
      </trkpt>
      <trkpt lat="41.930720000" lon="2.250940000">
        <ele>501.000</ele>
      </trkpt>
      <trkpt lat="41.930740000" lon="2.250820000">
        <ele>501.000</ele>
      </trkpt>
      <trkpt lat="41.930930000" lon="2.250780000">
        <ele>501.000</ele>
      </trkpt>
      <trkpt lat="41.931380000" lon="2.250660000">
        <ele>501.000</ele>
      </trkpt>
      <trkpt lat="41.931380000" lon="2.250660000">
        <ele>501.000</ele>
      </trkpt>
      <trkpt lat="41.931590000" lon="2.250610000">
        <ele>501.000</ele>
      </trkpt>
      <trkpt lat="41.931820000" lon="2.250550000">
        <ele>501.000</ele>
      </trkpt>
      <trkpt lat="41.932020000" lon="2.250510000">
        <ele>502.000</ele>
      </trkpt>
      <trkpt lat="41.933030000" lon="2.250240000">
        <ele>502.000</ele>
      </trkpt>
      <trkpt lat="41.933110000" lon="2.250220000">
        <ele>503.000</ele>
      </trkpt>
      <trkpt lat="41.933370000" lon="2.250500000">
        <ele>503.000</ele>
      </trkpt>
      <trkpt lat="41.933430000" lon="2.250570000">
        <ele>504.000</ele>
      </trkpt>
      <trkpt lat="41.933570000" lon="2.250750000">
        <ele>504.000</ele>
      </trkpt>
      <trkpt lat="41.933620000" lon="2.250830000">
        <ele>504.000</ele>
      </trkpt>
      <trkpt lat="41.933660000" lon="2.250880000">
        <ele>505.000</ele>
      </trkpt>
      <trkpt lat="41.933670000" lon="2.251010000">
        <ele>505.000</ele>
      </trkpt>
      <trkpt lat="41.933710000" lon="2.251420000">
        <ele>505.000</ele>
      </trkpt>
      <trkpt lat="41.933920000" lon="2.253260000">
        <ele>505.000</ele>
      </trkpt>
      <trkpt lat="41.933940000" lon="2.253470000">
        <ele>506.000</ele>
      </trkpt>
      <trkpt lat="41.933960000" lon="2.253590000">
        <ele>506.000</ele>
      </trkpt>
      <trkpt lat="41.933970000" lon="2.253720000">
        <ele>506.000</ele>
      </trkpt>
      <trkpt lat="41.934040000" lon="2.254240000">
        <ele>506.000</ele>
      </trkpt>
      <trkpt lat="41.934130000" lon="2.254960000">
        <ele>505.000</ele>
      </trkpt>
      <trkpt lat="41.934150000" lon="2.255140000">
        <ele>505.000</ele>
      </trkpt>
      <trkpt lat="41.934180000" lon="2.255410000">
        <ele>504.000</ele>
      </trkpt>
      <trkpt lat="41.934230000" lon="2.255400000">
        <ele>504.000</ele>
      </trkpt>
      <trkpt lat="41.934330000" lon="2.255370000">
        <ele>504.000</ele>
      </trkpt>
      <trkpt lat="41.934770000" lon="2.255280000">
        <ele>503.000</ele>
      </trkpt>
      <trkpt lat="41.934770000" lon="2.255280000">
        <ele>503.000</ele>
      </trkpt>
      <trkpt lat="41.934900000" lon="2.255250000">
        <ele>503.000</ele>
      </trkpt>
      <trkpt lat="41.934990000" lon="2.255230000">
        <ele>503.000</ele>
      </trkpt>
      <trkpt lat="41.935060000" lon="2.255210000">
        <ele>502.000</ele>
      </trkpt>
      <trkpt lat="41.935280000" lon="2.255170000">
        <ele>502.000</ele>
      </trkpt>
      <trkpt lat="41.935540000" lon="2.255120000">
        <ele>502.000</ele>
      </trkpt>
      <trkpt lat="41.935740000" lon="2.255080000">
        <ele>501.000</ele>
      </trkpt>
      <trkpt lat="41.936830000" lon="2.254830000">
        <ele>500.000</ele>
      </trkpt>
      <trkpt lat="41.937470000" lon="2.254690000">
        <ele>498.000</ele>
      </trkpt>
      <trkpt lat="41.937550000" lon="2.254670000">
        <ele>497.000</ele>
      </trkpt>
      <trkpt lat="41.937630000" lon="2.254660000">
        <ele>496.000</ele>
      </trkpt>
      <trkpt lat="41.937640000" lon="2.254690000">
        <ele>495.000</ele>
      </trkpt>
      <trkpt lat="41.937640000" lon="2.254720000">
        <ele>494.000</ele>
      </trkpt>
      <trkpt lat="41.937660000" lon="2.254740000">
        <ele>494.000</ele>
      </trkpt>
      <trkpt lat="41.937670000" lon="2.254760000">
        <ele>493.000</ele>
      </trkpt>
      <trkpt lat="41.937690000" lon="2.254780000">
        <ele>493.000</ele>
      </trkpt>
      <trkpt lat="41.937710000" lon="2.254800000">
        <ele>493.000</ele>
      </trkpt>
      <trkpt lat="41.937730000" lon="2.254810000">
        <ele>492.000</ele>
      </trkpt>
      <trkpt lat="41.937760000" lon="2.254810000">
        <ele>492.000</ele>
      </trkpt>
      <trkpt lat="41.937780000" lon="2.254810000">
        <ele>492.000</ele>
      </trkpt>
      <trkpt lat="41.937800000" lon="2.254800000">
        <ele>492.000</ele>
      </trkpt>
      <trkpt lat="41.937820000" lon="2.254790000">
        <ele>492.000</ele>
      </trkpt>
      <trkpt lat="41.937840000" lon="2.254770000">
        <ele>492.000</ele>
      </trkpt>
      <trkpt lat="41.937860000" lon="2.254750000">
        <ele>491.000</ele>
      </trkpt>
      <trkpt lat="41.937870000" lon="2.254720000">
        <ele>491.000</ele>
      </trkpt>
      <trkpt lat="41.938110000" lon="2.254840000">
        <ele>491.000</ele>
      </trkpt>
      <trkpt lat="41.939200000" lon="2.255370000">
        <ele>488.000</ele>
      </trkpt>
      <trkpt lat="41.939920000" lon="2.255720000">
        <ele>485.000</ele>
      </trkpt>
      <trkpt lat="41.940530000" lon="2.256020000">
        <ele>483.000</ele>
      </trkpt>
      <trkpt lat="41.940570000" lon="2.256060000">
        <ele>482.000</ele>
      </trkpt>
      <trkpt lat="41.940590000" lon="2.256080000">
        <ele>481.000</ele>
      </trkpt>
      <trkpt lat="41.940630000" lon="2.256120000">
        <ele>481.000</ele>
      </trkpt>
      <trkpt lat="41.940670000" lon="2.256170000">
        <ele>481.000</ele>
      </trkpt>
      <trkpt lat="41.940670000" lon="2.256190000">
        <ele>480.000</ele>
      </trkpt>
      <trkpt lat="41.940670000" lon="2.256230000">
        <ele>480.000</ele>
      </trkpt>
      <trkpt lat="41.940680000" lon="2.256260000">
        <ele>480.000</ele>
      </trkpt>
      <trkpt lat="41.940690000" lon="2.256290000">
        <ele>480.000</ele>
      </trkpt>
      <trkpt lat="41.940710000" lon="2.256310000">
        <ele>480.000</ele>
      </trkpt>
      <trkpt lat="41.940720000" lon="2.256330000">
        <ele>480.000</ele>
      </trkpt>
      <trkpt lat="41.940740000" lon="2.256350000">
        <ele>480.000</ele>
      </trkpt>
      <trkpt lat="41.940760000" lon="2.256370000">
        <ele>480.000</ele>
      </trkpt>
      <trkpt lat="41.940780000" lon="2.256380000">
        <ele>480.000</ele>
      </trkpt>
      <trkpt lat="41.940800000" lon="2.256380000">
        <ele>480.000</ele>
      </trkpt>
      <trkpt lat="41.940820000" lon="2.256390000">
        <ele>480.000</ele>
      </trkpt>
      <trkpt lat="41.940840000" lon="2.256380000">
        <ele>480.000</ele>
      </trkpt>
      <trkpt lat="41.940870000" lon="2.256380000">
        <ele>479.000</ele>
      </trkpt>
      <trkpt lat="41.940890000" lon="2.256370000">
        <ele>479.000</ele>
      </trkpt>
      <trkpt lat="41.940910000" lon="2.256360000">
        <ele>479.000</ele>
      </trkpt>
      <trkpt lat="41.940920000" lon="2.256340000">
        <ele>479.000</ele>
      </trkpt>
      <trkpt lat="41.940940000" lon="2.256320000">
        <ele>479.000</ele>
      </trkpt>
      <trkpt lat="41.941000000" lon="2.256310000">
        <ele>479.000</ele>
      </trkpt>
      <trkpt lat="41.941050000" lon="2.256310000">
        <ele>479.000</ele>
      </trkpt>
      <trkpt lat="41.941120000" lon="2.256310000">
        <ele>479.000</ele>
      </trkpt>
      <trkpt lat="41.941160000" lon="2.256340000">
        <ele>479.000</ele>
      </trkpt>
      <trkpt lat="41.942810000" lon="2.257150000">
        <ele>479.000</ele>
      </trkpt>
      <trkpt lat="41.943690000" lon="2.257580000">
        <ele>478.000</ele>
      </trkpt>
      <trkpt lat="41.944170000" lon="2.257820000">
        <ele>477.000</ele>
      </trkpt>
      <trkpt lat="41.944170000" lon="2.257820000">
        <ele>477.000</ele>
      </trkpt>
      <trkpt lat="41.944620000" lon="2.258040000">
        <ele>476.000</ele>
      </trkpt>
      <trkpt lat="41.945210000" lon="2.258340000">
        <ele>475.000</ele>
      </trkpt>
      <trkpt lat="41.945370000" lon="2.258420000">
        <ele>475.000</ele>
      </trkpt>
      <trkpt lat="41.945620000" lon="2.258540000">
        <ele>475.000</ele>
      </trkpt>
      <trkpt lat="41.945740000" lon="2.258590000">
        <ele>475.000</ele>
      </trkpt>
      <trkpt lat="41.945910000" lon="2.258680000">
        <ele>475.000</ele>
      </trkpt>
      <trkpt lat="41.945970000" lon="2.258720000">
        <ele>475.000</ele>
      </trkpt>
      <trkpt lat="41.946220000" lon="2.258820000">
        <ele>475.000</ele>
      </trkpt>
      <trkpt lat="41.946210000" lon="2.258860000">
        <ele>475.000</ele>
      </trkpt>
      <trkpt lat="41.946210000" lon="2.258890000">
        <ele>475.000</ele>
      </trkpt>
      <trkpt lat="41.946210000" lon="2.258930000">
        <ele>475.000</ele>
      </trkpt>
      <trkpt lat="41.946220000" lon="2.258960000">
        <ele>475.000</ele>
      </trkpt>
      <trkpt lat="41.946240000" lon="2.258980000">
        <ele>475.000</ele>
      </trkpt>
      <trkpt lat="41.946260000" lon="2.259010000">
        <ele>474.000</ele>
      </trkpt>
      <trkpt lat="41.946280000" lon="2.259020000">
        <ele>474.000</ele>
      </trkpt>
      <trkpt lat="41.946310000" lon="2.259030000">
        <ele>474.000</ele>
      </trkpt>
      <trkpt lat="41.946330000" lon="2.259030000">
        <ele>474.000</ele>
      </trkpt>
      <trkpt lat="41.946360000" lon="2.259020000">
        <ele>474.000</ele>
      </trkpt>
      <trkpt lat="41.946380000" lon="2.259000000">
        <ele>474.000</ele>
      </trkpt>
      <trkpt lat="41.946400000" lon="2.258980000">
        <ele>474.000</ele>
      </trkpt>
      <trkpt lat="41.946410000" lon="2.258950000">
        <ele>474.000</ele>
      </trkpt>
      <trkpt lat="41.946420000" lon="2.258920000">
        <ele>474.000</ele>
      </trkpt>
      <trkpt lat="41.946690000" lon="2.259060000">
        <ele>474.000</ele>
      </trkpt>
      <trkpt lat="41.947450000" lon="2.259480000">
        <ele>474.000</ele>
      </trkpt>
      <trkpt lat="41.947690000" lon="2.259590000">
        <ele>474.000</ele>
      </trkpt>
      <trkpt lat="41.948130000" lon="2.259790000">
        <ele>473.000</ele>
      </trkpt>
      <trkpt lat="41.948680000" lon="2.260050000">
        <ele>473.000</ele>
      </trkpt>
      <trkpt lat="41.949110000" lon="2.260270000">
        <ele>473.000</ele>
      </trkpt>
      <trkpt lat="41.949590000" lon="2.260490000">
        <ele>472.000</ele>
      </trkpt>
      <trkpt lat="41.949670000" lon="2.260530000">
        <ele>472.000</ele>
      </trkpt>
      <trkpt lat="41.951290000" lon="2.261340000">
        <ele>472.000</ele>
      </trkpt>
      <trkpt lat="41.952170000" lon="2.261770000">
        <ele>472.000</ele>
      </trkpt>
      <trkpt lat="41.953160000" lon="2.262260000">
        <ele>471.000</ele>
      </trkpt>
      <trkpt lat="41.954420000" lon="2.262880000">
        <ele>471.000</ele>
      </trkpt>
      <trkpt lat="41.954640000" lon="2.262990000">
        <ele>471.000</ele>
      </trkpt>
      <trkpt lat="41.954860000" lon="2.263100000">
        <ele>471.000</ele>
      </trkpt>
      <trkpt lat="41.955880000" lon="2.263610000">
        <ele>470.000</ele>
      </trkpt>
      <trkpt lat="41.956290000" lon="2.263810000">
        <ele>470.000</ele>
      </trkpt>
      <trkpt lat="41.958680000" lon="2.264980000">
        <ele>469.000</ele>
      </trkpt>
      <trkpt lat="41.960210000" lon="2.265750000">
        <ele>470.000</ele>
      </trkpt>
      <trkpt lat="41.960380000" lon="2.265990000">
        <ele>471.000</ele>
      </trkpt>
      <trkpt lat="41.960410000" lon="2.266050000">
        <ele>471.000</ele>
      </trkpt>
      <trkpt lat="41.960460000" lon="2.266100000">
        <ele>472.000</ele>
      </trkpt>
      <trkpt lat="41.960470000" lon="2.266200000">
        <ele>472.000</ele>
      </trkpt>
      <trkpt lat="41.960540000" lon="2.266370000">
        <ele>472.000</ele>
      </trkpt>
      <trkpt lat="41.960610000" lon="2.266470000">
        <ele>472.000</ele>
      </trkpt>
      <trkpt lat="41.960710000" lon="2.266540000">
        <ele>472.000</ele>
      </trkpt>
      <trkpt lat="41.960850000" lon="2.266600000">
        <ele>472.000</ele>
      </trkpt>
      <trkpt lat="41.960930000" lon="2.266610000">
        <ele>472.000</ele>
      </trkpt>
      <trkpt lat="41.960980000" lon="2.266610000">
        <ele>472.000</ele>
      </trkpt>
      <trkpt lat="41.961090000" lon="2.266590000">
        <ele>471.000</ele>
      </trkpt>
      <trkpt lat="41.961180000" lon="2.266500000">
        <ele>471.000</ele>
      </trkpt>
      <trkpt lat="41.961190000" lon="2.266480000">
        <ele>471.000</ele>
      </trkpt>
      <trkpt lat="41.961220000" lon="2.266450000">
        <ele>471.000</ele>
      </trkpt>
      <trkpt lat="41.961370000" lon="2.266410000">
        <ele>471.000</ele>
      </trkpt>
      <trkpt lat="41.961490000" lon="2.266410000">
        <ele>471.000</ele>
      </trkpt>
      <trkpt lat="41.961560000" lon="2.266420000">
        <ele>471.000</ele>
      </trkpt>
      <trkpt lat="41.962160000" lon="2.266720000">
        <ele>470.000</ele>
      </trkpt>
      <trkpt lat="41.963110000" lon="2.267180000">
        <ele>471.000</ele>
      </trkpt>
      <trkpt lat="41.964310000" lon="2.267780000">
        <ele>472.000</ele>
      </trkpt>
      <trkpt lat="41.964580000" lon="2.267910000">
        <ele>474.000</ele>
      </trkpt>
      <trkpt lat="41.964940000" lon="2.268100000">
        <ele>475.000</ele>
      </trkpt>
      <trkpt lat="41.966100000" lon="2.268690000">
        <ele>478.000</ele>
      </trkpt>
      <trkpt lat="41.967420000" lon="2.269330000">
        <ele>478.000</ele>
      </trkpt>
      <trkpt lat="41.967640000" lon="2.269430000">
        <ele>478.000</ele>
      </trkpt>
      <trkpt lat="41.969300000" lon="2.270270000">
        <ele>477.000</ele>
      </trkpt>
      <trkpt lat="41.969660000" lon="2.270440000">
        <ele>475.000</ele>
      </trkpt>
      <trkpt lat="41.969660000" lon="2.270440000">
        <ele>475.000</ele>
      </trkpt>
      <trkpt lat="41.972670000" lon="2.271910000">
        <ele>473.000</ele>
      </trkpt>
      <trkpt lat="41.973190000" lon="2.272170000">
        <ele>471.000</ele>
      </trkpt>
      <trkpt lat="41.975500000" lon="2.273320000">
        <ele>470.000</ele>
      </trkpt>
      <trkpt lat="41.976220000" lon="2.273680000">
        <ele>470.000</ele>
      </trkpt>
      <trkpt lat="41.976310000" lon="2.273750000">
        <ele>470.000</ele>
      </trkpt>
      <trkpt lat="41.976370000" lon="2.273800000">
        <ele>470.000</ele>
      </trkpt>
      <trkpt lat="41.976370000" lon="2.273820000">
        <ele>470.000</ele>
      </trkpt>
      <trkpt lat="41.976370000" lon="2.273840000">
        <ele>470.000</ele>
      </trkpt>
      <trkpt lat="41.976380000" lon="2.273860000">
        <ele>470.000</ele>
      </trkpt>
      <trkpt lat="41.976390000" lon="2.273870000">
        <ele>471.000</ele>
      </trkpt>
      <trkpt lat="41.976400000" lon="2.273880000">
        <ele>471.000</ele>
      </trkpt>
      <trkpt lat="41.976410000" lon="2.273890000">
        <ele>471.000</ele>
      </trkpt>
      <trkpt lat="41.976420000" lon="2.273910000">
        <ele>471.000</ele>
      </trkpt>
      <trkpt lat="41.976430000" lon="2.273920000">
        <ele>471.000</ele>
      </trkpt>
      <trkpt lat="41.976450000" lon="2.273920000">
        <ele>471.000</ele>
      </trkpt>
      <trkpt lat="41.976460000" lon="2.273930000">
        <ele>471.000</ele>
      </trkpt>
      <trkpt lat="41.976470000" lon="2.273930000">
        <ele>471.000</ele>
      </trkpt>
      <trkpt lat="41.976480000" lon="2.273930000">
        <ele>471.000</ele>
      </trkpt>
      <trkpt lat="41.976510000" lon="2.273920000">
        <ele>471.000</ele>
      </trkpt>
      <trkpt lat="41.976530000" lon="2.273910000">
        <ele>471.000</ele>
      </trkpt>
      <trkpt lat="41.976540000" lon="2.273900000">
        <ele>471.000</ele>
      </trkpt>
      <trkpt lat="41.976550000" lon="2.273890000">
        <ele>471.000</ele>
      </trkpt>
      <trkpt lat="41.976650000" lon="2.273900000">
        <ele>472.000</ele>
      </trkpt>
      <trkpt lat="41.976730000" lon="2.273920000">
        <ele>472.000</ele>
      </trkpt>
      <trkpt lat="41.977220000" lon="2.274170000">
        <ele>473.000</ele>
      </trkpt>
      <trkpt lat="41.977320000" lon="2.274210000">
        <ele>473.000</ele>
      </trkpt>
      <trkpt lat="41.977720000" lon="2.274410000">
        <ele>474.000</ele>
      </trkpt>
      <trkpt lat="41.978260000" lon="2.274670000">
        <ele>476.000</ele>
      </trkpt>
      <trkpt lat="41.979420000" lon="2.275240000">
        <ele>478.000</ele>
      </trkpt>
      <trkpt lat="41.980570000" lon="2.275750000">
        <ele>478.000</ele>
      </trkpt>
      <trkpt lat="41.981260000" lon="2.276040000">
        <ele>477.000</ele>
      </trkpt>
      <trkpt lat="41.983880000" lon="2.277150000">
        <ele>475.000</ele>
      </trkpt>
      <trkpt lat="41.985590000" lon="2.277880000">
        <ele>471.000</ele>
      </trkpt>
      <trkpt lat="41.987000000" lon="2.278470000">
        <ele>467.000</ele>
      </trkpt>
      <trkpt lat="41.987470000" lon="2.278670000">
        <ele>463.000</ele>
      </trkpt>
      <trkpt lat="41.987730000" lon="2.278790000">
        <ele>460.000</ele>
      </trkpt>
      <trkpt lat="41.989140000" lon="2.279370000">
        <ele>456.000</ele>
      </trkpt>
      <trkpt lat="41.990240000" lon="2.279840000">
        <ele>453.000</ele>
      </trkpt>
      <trkpt lat="41.992350000" lon="2.280760000">
        <ele>449.000</ele>
      </trkpt>
      <trkpt lat="41.994060000" lon="2.281460000">
        <ele>450.000</ele>
      </trkpt>
      <trkpt lat="41.994480000" lon="2.281640000">
        <ele>452.000</ele>
      </trkpt>
      <trkpt lat="41.994640000" lon="2.281720000">
        <ele>453.000</ele>
      </trkpt>
      <trkpt lat="41.994800000" lon="2.281810000">
        <ele>454.000</ele>
      </trkpt>
      <trkpt lat="41.994920000" lon="2.281960000">
        <ele>455.000</ele>
      </trkpt>
      <trkpt lat="41.994970000" lon="2.282040000">
        <ele>455.000</ele>
      </trkpt>
      <trkpt lat="41.995050000" lon="2.282200000">
        <ele>455.000</ele>
      </trkpt>
      <trkpt lat="41.995120000" lon="2.282350000">
        <ele>455.000</ele>
      </trkpt>
      <trkpt lat="41.995380000" lon="2.283120000">
        <ele>455.000</ele>
      </trkpt>
      <trkpt lat="41.995490000" lon="2.283500000">
        <ele>455.000</ele>
      </trkpt>
      <trkpt lat="41.995780000" lon="2.284350000">
        <ele>455.000</ele>
      </trkpt>
      <trkpt lat="41.996060000" lon="2.285190000">
        <ele>455.000</ele>
      </trkpt>
      <trkpt lat="41.996070000" lon="2.285210000">
        <ele>454.000</ele>
      </trkpt>
      <trkpt lat="41.996090000" lon="2.285450000">
        <ele>454.000</ele>
      </trkpt>
      <trkpt lat="41.996100000" lon="2.285500000">
        <ele>454.000</ele>
      </trkpt>
      <trkpt lat="41.996110000" lon="2.285540000">
        <ele>453.000</ele>
      </trkpt>
      <trkpt lat="41.996120000" lon="2.285570000">
        <ele>453.000</ele>
      </trkpt>
      <trkpt lat="41.996180000" lon="2.285770000">
        <ele>453.000</ele>
      </trkpt>
      <trkpt lat="41.996210000" lon="2.285860000">
        <ele>453.000</ele>
      </trkpt>
      <trkpt lat="41.996260000" lon="2.285950000">
        <ele>452.000</ele>
      </trkpt>
      <trkpt lat="41.996290000" lon="2.286000000">
        <ele>452.000</ele>
      </trkpt>
      <trkpt lat="41.996320000" lon="2.286060000">
        <ele>452.000</ele>
      </trkpt>
      <trkpt lat="41.996310000" lon="2.286070000">
        <ele>452.000</ele>
      </trkpt>
      <trkpt lat="41.996310000" lon="2.286080000">
        <ele>452.000</ele>
      </trkpt>
      <trkpt lat="41.996320000" lon="2.286090000">
        <ele>452.000</ele>
      </trkpt>
      <trkpt lat="41.996320000" lon="2.286100000">
        <ele>452.000</ele>
      </trkpt>
      <trkpt lat="41.996320000" lon="2.286110000">
        <ele>452.000</ele>
      </trkpt>
      <trkpt lat="41.996330000" lon="2.286120000">
        <ele>452.000</ele>
      </trkpt>
      <trkpt lat="41.996330000" lon="2.286130000">
        <ele>452.000</ele>
      </trkpt>
      <trkpt lat="41.996340000" lon="2.286130000">
        <ele>451.000</ele>
      </trkpt>
      <trkpt lat="41.996350000" lon="2.286140000">
        <ele>451.000</ele>
      </trkpt>
      <trkpt lat="41.996360000" lon="2.286140000">
        <ele>451.000</ele>
      </trkpt>
      <trkpt lat="41.996360000" lon="2.286140000">
        <ele>451.000</ele>
      </trkpt>
      <trkpt lat="41.996370000" lon="2.286140000">
        <ele>451.000</ele>
      </trkpt>
      <trkpt lat="41.996380000" lon="2.286140000">
        <ele>451.000</ele>
      </trkpt>
      <trkpt lat="41.996390000" lon="2.286130000">
        <ele>451.000</ele>
      </trkpt>
      <trkpt lat="41.996390000" lon="2.286130000">
        <ele>451.000</ele>
      </trkpt>
      <trkpt lat="41.996480000" lon="2.286130000">
        <ele>451.000</ele>
      </trkpt>
      <trkpt lat="41.996540000" lon="2.286140000">
        <ele>451.000</ele>
      </trkpt>
      <trkpt lat="41.996580000" lon="2.286140000">
        <ele>451.000</ele>
      </trkpt>
      <trkpt lat="41.996620000" lon="2.286130000">
        <ele>451.000</ele>
      </trkpt>
      <trkpt lat="41.996640000" lon="2.286110000">
        <ele>451.000</ele>
      </trkpt>
      <trkpt lat="41.996660000" lon="2.286090000">
        <ele>451.000</ele>
      </trkpt>
      <trkpt lat="41.997590000" lon="2.285790000">
        <ele>450.000</ele>
      </trkpt>
      <trkpt lat="41.997610000" lon="2.285780000">
        <ele>450.000</ele>
      </trkpt>
      <trkpt lat="41.997620000" lon="2.285780000">
        <ele>450.000</ele>
      </trkpt>
      <trkpt lat="41.997620000" lon="2.285780000">
        <ele>450.000</ele>
      </trkpt>
      <trkpt lat="41.997630000" lon="2.285790000">
        <ele>450.000</ele>
      </trkpt>
      <trkpt lat="41.997630000" lon="2.285800000">
        <ele>449.000</ele>
      </trkpt>
      <trkpt lat="41.997630000" lon="2.285800000">
        <ele>449.000</ele>
      </trkpt>
      <trkpt lat="41.997630000" lon="2.285810000">
        <ele>449.000</ele>
      </trkpt>
      <trkpt lat="41.997640000" lon="2.285810000">
        <ele>449.000</ele>
      </trkpt>
      <trkpt lat="41.997640000" lon="2.285820000">
        <ele>449.000</ele>
      </trkpt>
      <trkpt lat="41.997640000" lon="2.285820000">
        <ele>449.000</ele>
      </trkpt>
      <trkpt lat="41.997650000" lon="2.285820000">
        <ele>449.000</ele>
      </trkpt>
      <trkpt lat="41.997650000" lon="2.285830000">
        <ele>449.000</ele>
      </trkpt>
      <trkpt lat="41.997660000" lon="2.285830000">
        <ele>449.000</ele>
      </trkpt>
      <trkpt lat="41.997660000" lon="2.285830000">
        <ele>449.000</ele>
      </trkpt>
      <trkpt lat="41.997670000" lon="2.285830000">
        <ele>449.000</ele>
      </trkpt>
      <trkpt lat="41.997670000" lon="2.285830000">
        <ele>449.000</ele>
      </trkpt>
      <trkpt lat="41.997680000" lon="2.285830000">
        <ele>449.000</ele>
      </trkpt>
      <trkpt lat="41.997680000" lon="2.285830000">
        <ele>449.000</ele>
      </trkpt>
      <trkpt lat="41.997680000" lon="2.285830000">
        <ele>449.000</ele>
      </trkpt>
      <trkpt lat="41.997710000" lon="2.285870000">
        <ele>449.000</ele>
      </trkpt>
      <trkpt lat="41.997710000" lon="2.285880000">
        <ele>449.000</ele>
      </trkpt>
      <trkpt lat="41.997750000" lon="2.285930000">
        <ele>449.000</ele>
      </trkpt>
      <trkpt lat="41.997840000" lon="2.286060000">
        <ele>449.000</ele>
      </trkpt>
      <trkpt lat="41.997910000" lon="2.286160000">
        <ele>449.000</ele>
      </trkpt>
      <trkpt lat="41.997990000" lon="2.286260000">
        <ele>449.000</ele>
      </trkpt>
      <trkpt lat="41.998040000" lon="2.286330000">
        <ele>449.000</ele>
      </trkpt>
      <trkpt lat="41.998070000" lon="2.286360000">
        <ele>449.000</ele>
      </trkpt>
      <trkpt lat="41.998090000" lon="2.286380000">
        <ele>449.000</ele>
      </trkpt>
      <trkpt lat="41.998130000" lon="2.286390000">
        <ele>449.000</ele>
      </trkpt>
      <trkpt lat="41.998160000" lon="2.286400000">
        <ele>449.000</ele>
      </trkpt>
      <trkpt lat="41.998200000" lon="2.286400000">
        <ele>449.000</ele>
      </trkpt>
      <trkpt lat="41.998980000" lon="2.286220000">
        <ele>448.000</ele>
      </trkpt>
      <trkpt lat="41.999020000" lon="2.286210000">
        <ele>448.000</ele>
      </trkpt>
      <trkpt lat="41.999070000" lon="2.286200000">
        <ele>448.000</ele>
      </trkpt>
      <trkpt lat="41.999960000" lon="2.285990000">
        <ele>449.000</ele>
      </trkpt>
      <trkpt lat="42.000660000" lon="2.285820000">
        <ele>450.000</ele>
      </trkpt>
      <trkpt lat="42.000890000" lon="2.285790000">
        <ele>451.000</ele>
      </trkpt>
      <trkpt lat="42.000940000" lon="2.285780000">
        <ele>452.000</ele>
      </trkpt>
      <trkpt lat="42.000990000" lon="2.285790000">
        <ele>453.000</ele>
      </trkpt>
      <trkpt lat="42.001040000" lon="2.285800000">
        <ele>453.000</ele>
      </trkpt>
      <trkpt lat="42.001060000" lon="2.285830000">
        <ele>453.000</ele>
      </trkpt>
      <trkpt lat="42.001070000" lon="2.285870000">
        <ele>453.000</ele>
      </trkpt>
      <trkpt lat="42.001090000" lon="2.285910000">
        <ele>454.000</ele>
      </trkpt>
      <trkpt lat="42.001120000" lon="2.285930000">
        <ele>454.000</ele>
      </trkpt>
      <trkpt lat="42.001150000" lon="2.285940000">
        <ele>454.000</ele>
      </trkpt>
      <trkpt lat="42.001170000" lon="2.285930000">
        <ele>454.000</ele>
      </trkpt>
      <trkpt lat="42.001200000" lon="2.285920000">
        <ele>454.000</ele>
      </trkpt>
      <trkpt lat="42.001230000" lon="2.285880000">
        <ele>454.000</ele>
      </trkpt>
      <trkpt lat="42.001240000" lon="2.285840000">
        <ele>454.000</ele>
      </trkpt>
      <trkpt lat="42.001240000" lon="2.285800000">
        <ele>454.000</ele>
      </trkpt>
      <trkpt lat="42.001240000" lon="2.285770000">
        <ele>454.000</ele>
      </trkpt>
      <trkpt lat="42.001230000" lon="2.285740000">
        <ele>454.000</ele>
      </trkpt>
      <trkpt lat="42.001260000" lon="2.285710000">
        <ele>454.000</ele>
      </trkpt>
      <trkpt lat="42.001320000" lon="2.285670000">
        <ele>454.000</ele>
      </trkpt>
      <trkpt lat="42.001360000" lon="2.285660000">
        <ele>454.000</ele>
      </trkpt>
      <trkpt lat="42.002170000" lon="2.285460000">
        <ele>455.000</ele>
      </trkpt>
      <trkpt lat="42.002470000" lon="2.285380000">
        <ele>455.000</ele>
      </trkpt>
      <trkpt lat="42.002520000" lon="2.285370000">
        <ele>456.000</ele>
      </trkpt>
      <trkpt lat="42.002550000" lon="2.285360000">
        <ele>456.000</ele>
      </trkpt>
      <trkpt lat="42.002650000" lon="2.285320000">
        <ele>456.000</ele>
      </trkpt>
      <trkpt lat="42.002790000" lon="2.285220000">
        <ele>457.000</ele>
      </trkpt>
      <trkpt lat="42.003420000" lon="2.284600000">
        <ele>459.000</ele>
      </trkpt>
      <trkpt lat="42.003490000" lon="2.284600000">
        <ele>460.000</ele>
      </trkpt>
      <trkpt lat="42.003560000" lon="2.284550000">
        <ele>461.000</ele>
      </trkpt>
      <trkpt lat="42.003710000" lon="2.284410000">
        <ele>462.000</ele>
      </trkpt>
      <trkpt lat="42.003720000" lon="2.284400000">
        <ele>463.000</ele>
      </trkpt>
      <trkpt lat="42.003780000" lon="2.284330000">
        <ele>464.000</ele>
      </trkpt>
      <trkpt lat="42.003820000" lon="2.284350000">
        <ele>464.000</ele>
      </trkpt>
      <trkpt lat="42.003870000" lon="2.284360000">
        <ele>464.000</ele>
      </trkpt>
      <trkpt lat="42.003910000" lon="2.284340000">
        <ele>465.000</ele>
      </trkpt>
      <trkpt lat="42.003950000" lon="2.284300000">
        <ele>465.000</ele>
      </trkpt>
      <trkpt lat="42.003980000" lon="2.284260000">
        <ele>465.000</ele>
      </trkpt>
      <trkpt lat="42.003990000" lon="2.284210000">
        <ele>466.000</ele>
      </trkpt>
      <trkpt lat="42.004000000" lon="2.284160000">
        <ele>466.000</ele>
      </trkpt>
      <trkpt lat="42.003990000" lon="2.284110000">
        <ele>466.000</ele>
      </trkpt>
      <trkpt lat="42.003970000" lon="2.284070000">
        <ele>466.000</ele>
      </trkpt>
      <trkpt lat="42.004030000" lon="2.284010000">
        <ele>466.000</ele>
      </trkpt>
      <trkpt lat="42.004040000" lon="2.284000000">
        <ele>466.000</ele>
      </trkpt>
      <trkpt lat="42.004300000" lon="2.283730000">
        <ele>466.000</ele>
      </trkpt>
      <trkpt lat="42.004400000" lon="2.283630000">
        <ele>466.000</ele>
      </trkpt>
      <trkpt lat="42.004450000" lon="2.283580000">
        <ele>466.000</ele>
      </trkpt>
      <trkpt lat="42.004570000" lon="2.283460000">
        <ele>466.000</ele>
      </trkpt>
      <trkpt lat="42.004590000" lon="2.283440000">
        <ele>466.000</ele>
      </trkpt>
      <trkpt lat="42.004620000" lon="2.283410000">
        <ele>466.000</ele>
      </trkpt>
      <trkpt lat="42.004830000" lon="2.283190000">
        <ele>466.000</ele>
      </trkpt>
      <trkpt lat="42.004910000" lon="2.283130000">
        <ele>466.000</ele>
      </trkpt>
      <trkpt lat="42.004940000" lon="2.283100000">
        <ele>466.000</ele>
      </trkpt>
      <trkpt lat="42.005130000" lon="2.282910000">
        <ele>466.000</ele>
      </trkpt>
      <trkpt lat="42.005150000" lon="2.282890000">
        <ele>466.000</ele>
      </trkpt>
      <trkpt lat="42.005990000" lon="2.282050000">
        <ele>466.000</ele>
      </trkpt>
      <trkpt lat="42.006080000" lon="2.281970000">
        <ele>466.000</ele>
      </trkpt>
      <trkpt lat="42.006130000" lon="2.281910000">
        <ele>466.000</ele>
      </trkpt>
      <trkpt lat="42.006190000" lon="2.281860000">
        <ele>466.000</ele>
      </trkpt>
      <trkpt lat="42.006420000" lon="2.281630000">
        <ele>466.000</ele>
      </trkpt>
      <trkpt lat="42.006440000" lon="2.281610000">
        <ele>466.000</ele>
      </trkpt>
      <trkpt lat="42.006530000" lon="2.281520000">
        <ele>466.000</ele>
      </trkpt>
      <trkpt lat="42.006610000" lon="2.281440000">
        <ele>466.000</ele>
      </trkpt>
      <trkpt lat="42.006640000" lon="2.281410000">
        <ele>466.000</ele>
      </trkpt>
      <trkpt lat="42.007090000" lon="2.280960000">
        <ele>466.000</ele>
      </trkpt>
      <trkpt lat="42.007130000" lon="2.280920000">
        <ele>467.000</ele>
      </trkpt>
      <trkpt lat="42.007480000" lon="2.280570000">
        <ele>467.000</ele>
      </trkpt>
      <trkpt lat="42.007690000" lon="2.280350000">
        <ele>467.000</ele>
      </trkpt>
      <trkpt lat="42.007740000" lon="2.280300000">
        <ele>467.000</ele>
      </trkpt>
      <trkpt lat="42.007810000" lon="2.280230000">
        <ele>467.000</ele>
      </trkpt>
      <trkpt lat="42.007930000" lon="2.280110000">
        <ele>468.000</ele>
      </trkpt>
      <trkpt lat="42.008230000" lon="2.279810000">
        <ele>468.000</ele>
      </trkpt>
      <trkpt lat="42.008270000" lon="2.279760000">
        <ele>468.000</ele>
      </trkpt>
      <trkpt lat="42.008290000" lon="2.279740000">
        <ele>468.000</ele>
      </trkpt>
      <trkpt lat="42.008430000" lon="2.279610000">
        <ele>468.000</ele>
      </trkpt>
      <trkpt lat="42.008440000" lon="2.279600000">
        <ele>468.000</ele>
      </trkpt>
      <trkpt lat="42.008740000" lon="2.279300000">
        <ele>468.000</ele>
      </trkpt>
      <trkpt lat="42.008780000" lon="2.279270000">
        <ele>468.000</ele>
      </trkpt>
      <trkpt lat="42.008810000" lon="2.279260000">
        <ele>468.000</ele>
      </trkpt>
      <trkpt lat="42.008830000" lon="2.279260000">
        <ele>468.000</ele>
      </trkpt>
      <trkpt lat="42.008900000" lon="2.279230000">
        <ele>468.000</ele>
      </trkpt>
      <trkpt lat="42.008930000" lon="2.279220000">
        <ele>468.000</ele>
      </trkpt>
      <trkpt lat="42.008950000" lon="2.279230000">
        <ele>468.000</ele>
      </trkpt>
      <trkpt lat="42.009000000" lon="2.279250000">
        <ele>469.000</ele>
      </trkpt>
      <trkpt lat="42.009040000" lon="2.279240000">
        <ele>469.000</ele>
      </trkpt>
      <trkpt lat="42.009050000" lon="2.279240000">
        <ele>469.000</ele>
      </trkpt>
      <trkpt lat="42.009100000" lon="2.279210000">
        <ele>469.000</ele>
      </trkpt>
      <trkpt lat="42.009130000" lon="2.279160000">
        <ele>469.000</ele>
      </trkpt>
      <trkpt lat="42.009140000" lon="2.279140000">
        <ele>469.000</ele>
      </trkpt>
      <trkpt lat="42.009160000" lon="2.279090000">
        <ele>469.000</ele>
      </trkpt>
      <trkpt lat="42.009160000" lon="2.279020000">
        <ele>469.000</ele>
      </trkpt>
      <trkpt lat="42.009150000" lon="2.279010000">
        <ele>469.000</ele>
      </trkpt>
      <trkpt lat="42.009240000" lon="2.278820000">
        <ele>470.000</ele>
      </trkpt>
      <trkpt lat="42.009740000" lon="2.278320000">
        <ele>471.000</ele>
      </trkpt>
      <trkpt lat="42.010280000" lon="2.277790000">
        <ele>472.000</ele>
      </trkpt>
      <trkpt lat="42.010800000" lon="2.277270000">
        <ele>474.000</ele>
      </trkpt>
      <trkpt lat="42.011060000" lon="2.277010000">
        <ele>475.000</ele>
      </trkpt>
      <trkpt lat="42.011310000" lon="2.276760000">
        <ele>477.000</ele>
      </trkpt>
      <trkpt lat="42.011650000" lon="2.276420000">
        <ele>478.000</ele>
      </trkpt>
      <trkpt lat="42.011830000" lon="2.276260000">
        <ele>479.000</ele>
      </trkpt>
      <trkpt lat="42.012010000" lon="2.276120000">
        <ele>480.000</ele>
      </trkpt>
      <trkpt lat="42.012160000" lon="2.276030000">
        <ele>481.000</ele>
      </trkpt>
      <trkpt lat="42.012310000" lon="2.275970000">
        <ele>481.000</ele>
      </trkpt>
      <trkpt lat="42.012470000" lon="2.275920000">
        <ele>482.000</ele>
      </trkpt>
      <trkpt lat="42.012620000" lon="2.275900000">
        <ele>483.000</ele>
      </trkpt>
      <trkpt lat="42.012780000" lon="2.275900000">
        <ele>484.000</ele>
      </trkpt>
      <trkpt lat="42.013100000" lon="2.275930000">
        <ele>485.000</ele>
      </trkpt>
      <trkpt lat="42.013430000" lon="2.275950000">
        <ele>487.000</ele>
      </trkpt>
      <trkpt lat="42.013630000" lon="2.275970000">
        <ele>488.000</ele>
      </trkpt>
      <trkpt lat="42.014070000" lon="2.276010000">
        <ele>490.000</ele>
      </trkpt>
      <trkpt lat="42.014290000" lon="2.276040000">
        <ele>492.000</ele>
      </trkpt>
      <trkpt lat="42.014500000" lon="2.276060000">
        <ele>493.000</ele>
      </trkpt>
      <trkpt lat="42.014650000" lon="2.276100000">
        <ele>495.000</ele>
      </trkpt>
      <trkpt lat="42.014800000" lon="2.276160000">
        <ele>496.000</ele>
      </trkpt>
      <trkpt lat="42.014970000" lon="2.276250000">
        <ele>497.000</ele>
      </trkpt>
      <trkpt lat="42.015140000" lon="2.276360000">
        <ele>498.000</ele>
      </trkpt>
      <trkpt lat="42.015410000" lon="2.276560000">
        <ele>499.000</ele>
      </trkpt>
      <trkpt lat="42.015410000" lon="2.276560000">
        <ele>499.000</ele>
      </trkpt>
      <trkpt lat="42.015460000" lon="2.276600000">
        <ele>500.000</ele>
      </trkpt>
      <trkpt lat="42.016130000" lon="2.277080000">
        <ele>501.000</ele>
      </trkpt>
      <trkpt lat="42.016280000" lon="2.277170000">
        <ele>502.000</ele>
      </trkpt>
      <trkpt lat="42.016430000" lon="2.277230000">
        <ele>503.000</ele>
      </trkpt>
      <trkpt lat="42.016600000" lon="2.277280000">
        <ele>503.000</ele>
      </trkpt>
      <trkpt lat="42.016770000" lon="2.277320000">
        <ele>503.000</ele>
      </trkpt>
      <trkpt lat="42.016880000" lon="2.277310000">
        <ele>503.000</ele>
      </trkpt>
      <trkpt lat="42.017180000" lon="2.277280000">
        <ele>503.000</ele>
      </trkpt>
      <trkpt lat="42.017400000" lon="2.277210000">
        <ele>502.000</ele>
      </trkpt>
      <trkpt lat="42.017610000" lon="2.277110000">
        <ele>502.000</ele>
      </trkpt>
      <trkpt lat="42.017890000" lon="2.276900000">
        <ele>501.000</ele>
      </trkpt>
      <trkpt lat="42.018110000" lon="2.276660000">
        <ele>501.000</ele>
      </trkpt>
      <trkpt lat="42.018330000" lon="2.276390000">
        <ele>501.000</ele>
      </trkpt>
      <trkpt lat="42.018610000" lon="2.276020000">
        <ele>501.000</ele>
      </trkpt>
      <trkpt lat="42.018880000" lon="2.275680000">
        <ele>501.000</ele>
      </trkpt>
      <trkpt lat="42.019010000" lon="2.275540000">
        <ele>501.000</ele>
      </trkpt>
      <trkpt lat="42.019150000" lon="2.275420000">
        <ele>501.000</ele>
      </trkpt>
      <trkpt lat="42.019650000" lon="2.275160000">
        <ele>501.000</ele>
      </trkpt>
      <trkpt lat="42.020180000" lon="2.274900000">
        <ele>502.000</ele>
      </trkpt>
      <trkpt lat="42.020210000" lon="2.274880000">
        <ele>502.000</ele>
      </trkpt>
      <trkpt lat="42.020340000" lon="2.274880000">
        <ele>503.000</ele>
      </trkpt>
      <trkpt lat="42.020430000" lon="2.274910000">
        <ele>504.000</ele>
      </trkpt>
      <trkpt lat="42.020470000" lon="2.274950000">
        <ele>504.000</ele>
      </trkpt>
      <trkpt lat="42.020500000" lon="2.274960000">
        <ele>505.000</ele>
      </trkpt>
      <trkpt lat="42.020560000" lon="2.274950000">
        <ele>505.000</ele>
      </trkpt>
      <trkpt lat="42.020560000" lon="2.274950000">
        <ele>505.000</ele>
      </trkpt>
      <trkpt lat="42.020620000" lon="2.275030000">
        <ele>506.000</ele>
      </trkpt>
      <trkpt lat="42.020710000" lon="2.275130000">
        <ele>506.000</ele>
      </trkpt>
      <trkpt lat="42.020780000" lon="2.275250000">
        <ele>506.000</ele>
      </trkpt>
      <trkpt lat="42.020870000" lon="2.275350000">
        <ele>507.000</ele>
      </trkpt>
      <trkpt lat="42.020970000" lon="2.275440000">
        <ele>508.000</ele>
      </trkpt>
      <trkpt lat="42.021090000" lon="2.275490000">
        <ele>508.000</ele>
      </trkpt>
      <trkpt lat="42.021290000" lon="2.275580000">
        <ele>509.000</ele>
      </trkpt>
      <trkpt lat="42.021710000" lon="2.275690000">
        <ele>510.000</ele>
      </trkpt>
      <trkpt lat="42.021930000" lon="2.275770000">
        <ele>510.000</ele>
      </trkpt>
      <trkpt lat="42.022200000" lon="2.275830000">
        <ele>511.000</ele>
      </trkpt>
      <trkpt lat="42.022380000" lon="2.275820000">
        <ele>512.000</ele>
      </trkpt>
      <trkpt lat="42.022560000" lon="2.275790000">
        <ele>512.000</ele>
      </trkpt>
      <trkpt lat="42.022730000" lon="2.275760000">
        <ele>513.000</ele>
      </trkpt>
      <trkpt lat="42.022940000" lon="2.275700000">
        <ele>513.000</ele>
      </trkpt>
      <trkpt lat="42.023060000" lon="2.275630000">
        <ele>514.000</ele>
      </trkpt>
      <trkpt lat="42.023380000" lon="2.275520000">
        <ele>514.000</ele>
      </trkpt>
      <trkpt lat="42.023520000" lon="2.275470000">
        <ele>514.000</ele>
      </trkpt>
      <trkpt lat="42.023610000" lon="2.275480000">
        <ele>514.000</ele>
      </trkpt>
      <trkpt lat="42.023760000" lon="2.275490000">
        <ele>514.000</ele>
      </trkpt>
      <trkpt lat="42.023950000" lon="2.275560000">
        <ele>514.000</ele>
      </trkpt>
      <trkpt lat="42.024110000" lon="2.275610000">
        <ele>514.000</ele>
      </trkpt>
      <trkpt lat="42.025020000" lon="2.275920000">
        <ele>514.000</ele>
      </trkpt>
      <trkpt lat="42.025390000" lon="2.276040000">
        <ele>515.000</ele>
      </trkpt>
      <trkpt lat="42.025820000" lon="2.276190000">
        <ele>515.000</ele>
      </trkpt>
      <trkpt lat="42.026230000" lon="2.276320000">
        <ele>515.000</ele>
      </trkpt>
      <trkpt lat="42.026370000" lon="2.276320000">
        <ele>516.000</ele>
      </trkpt>
      <trkpt lat="42.026600000" lon="2.276310000">
        <ele>516.000</ele>
      </trkpt>
      <trkpt lat="42.027180000" lon="2.276200000">
        <ele>517.000</ele>
      </trkpt>
      <trkpt lat="42.027330000" lon="2.276180000">
        <ele>517.000</ele>
      </trkpt>
      <trkpt lat="42.028140000" lon="2.276020000">
        <ele>518.000</ele>
      </trkpt>
      <trkpt lat="42.029140000" lon="2.275820000">
        <ele>519.000</ele>
      </trkpt>
      <trkpt lat="42.029620000" lon="2.275750000">
        <ele>521.000</ele>
      </trkpt>
      <trkpt lat="42.029980000" lon="2.275730000">
        <ele>521.000</ele>
      </trkpt>
      <trkpt lat="42.030100000" lon="2.275740000">
        <ele>522.000</ele>
      </trkpt>
      <trkpt lat="42.030280000" lon="2.275740000">
        <ele>522.000</ele>
      </trkpt>
      <trkpt lat="42.030650000" lon="2.275800000">
        <ele>523.000</ele>
      </trkpt>
      <trkpt lat="42.030990000" lon="2.275900000">
        <ele>523.000</ele>
      </trkpt>
      <trkpt lat="42.031260000" lon="2.275990000">
        <ele>523.000</ele>
      </trkpt>
      <trkpt lat="42.031600000" lon="2.276150000">
        <ele>524.000</ele>
      </trkpt>
      <trkpt lat="42.031920000" lon="2.276340000">
        <ele>525.000</ele>
      </trkpt>
      <trkpt lat="42.032530000" lon="2.276730000">
        <ele>526.000</ele>
      </trkpt>
      <trkpt lat="42.033040000" lon="2.277050000">
        <ele>528.000</ele>
      </trkpt>
      <trkpt lat="42.033450000" lon="2.277310000">
        <ele>529.000</ele>
      </trkpt>
      <trkpt lat="42.033880000" lon="2.277550000">
        <ele>530.000</ele>
      </trkpt>
      <trkpt lat="42.034330000" lon="2.277850000">
        <ele>531.000</ele>
      </trkpt>
      <trkpt lat="42.034620000" lon="2.278010000">
        <ele>532.000</ele>
      </trkpt>
      <trkpt lat="42.034750000" lon="2.278080000">
        <ele>533.000</ele>
      </trkpt>
      <trkpt lat="42.034930000" lon="2.278120000">
        <ele>534.000</ele>
      </trkpt>
      <trkpt lat="42.035070000" lon="2.278130000">
        <ele>534.000</ele>
      </trkpt>
      <trkpt lat="42.035270000" lon="2.278110000">
        <ele>535.000</ele>
      </trkpt>
      <trkpt lat="42.035590000" lon="2.278050000">
        <ele>536.000</ele>
      </trkpt>
      <trkpt lat="42.036190000" lon="2.277950000">
        <ele>537.000</ele>
      </trkpt>
      <trkpt lat="42.037050000" lon="2.277800000">
        <ele>539.000</ele>
      </trkpt>
      <trkpt lat="42.037770000" lon="2.277640000">
        <ele>542.000</ele>
      </trkpt>
      <trkpt lat="42.037930000" lon="2.277580000">
        <ele>543.000</ele>
      </trkpt>
      <trkpt lat="42.038080000" lon="2.277510000">
        <ele>545.000</ele>
      </trkpt>
      <trkpt lat="42.038170000" lon="2.277490000">
        <ele>546.000</ele>
      </trkpt>
      <trkpt lat="42.038260000" lon="2.277480000">
        <ele>547.000</ele>
      </trkpt>
      <trkpt lat="42.038330000" lon="2.277490000">
        <ele>547.000</ele>
      </trkpt>
      <trkpt lat="42.038390000" lon="2.277500000">
        <ele>548.000</ele>
      </trkpt>
      <trkpt lat="42.038430000" lon="2.277520000">
        <ele>548.000</ele>
      </trkpt>
      <trkpt lat="42.038470000" lon="2.277540000">
        <ele>549.000</ele>
      </trkpt>
      <trkpt lat="42.038520000" lon="2.277540000">
        <ele>549.000</ele>
      </trkpt>
      <trkpt lat="42.038580000" lon="2.277530000">
        <ele>549.000</ele>
      </trkpt>
      <trkpt lat="42.038620000" lon="2.277490000">
        <ele>549.000</ele>
      </trkpt>
      <trkpt lat="42.038630000" lon="2.277470000">
        <ele>549.000</ele>
      </trkpt>
      <trkpt lat="42.038660000" lon="2.277420000">
        <ele>550.000</ele>
      </trkpt>
      <trkpt lat="42.038690000" lon="2.277340000">
        <ele>550.000</ele>
      </trkpt>
      <trkpt lat="42.038690000" lon="2.277280000">
        <ele>550.000</ele>
      </trkpt>
      <trkpt lat="42.038690000" lon="2.277260000">
        <ele>550.000</ele>
      </trkpt>
      <trkpt lat="42.038720000" lon="2.277140000">
        <ele>550.000</ele>
      </trkpt>
      <trkpt lat="42.038760000" lon="2.277040000">
        <ele>550.000</ele>
      </trkpt>
      <trkpt lat="42.038800000" lon="2.276940000">
        <ele>550.000</ele>
      </trkpt>
      <trkpt lat="42.038970000" lon="2.276720000">
        <ele>550.000</ele>
      </trkpt>
      <trkpt lat="42.039040000" lon="2.276610000">
        <ele>550.000</ele>
      </trkpt>
      <trkpt lat="42.039140000" lon="2.276440000">
        <ele>550.000</ele>
      </trkpt>
      <trkpt lat="42.039270000" lon="2.276200000">
        <ele>550.000</ele>
      </trkpt>
      <trkpt lat="42.039500000" lon="2.275730000">
        <ele>550.000</ele>
      </trkpt>
      <trkpt lat="42.039750000" lon="2.275190000">
        <ele>550.000</ele>
      </trkpt>
      <trkpt lat="42.040320000" lon="2.274070000">
        <ele>549.000</ele>
      </trkpt>
      <trkpt lat="42.040630000" lon="2.273430000">
        <ele>548.000</ele>
      </trkpt>
      <trkpt lat="42.040730000" lon="2.273270000">
        <ele>547.000</ele>
      </trkpt>
      <trkpt lat="42.040810000" lon="2.273150000">
        <ele>547.000</ele>
      </trkpt>
      <trkpt lat="42.040850000" lon="2.273100000">
        <ele>546.000</ele>
      </trkpt>
      <trkpt lat="42.040870000" lon="2.273110000">
        <ele>546.000</ele>
      </trkpt>
      <trkpt lat="42.040890000" lon="2.273110000">
        <ele>546.000</ele>
      </trkpt>
      <trkpt lat="42.040920000" lon="2.273100000">
        <ele>546.000</ele>
      </trkpt>
      <trkpt lat="42.040950000" lon="2.273080000">
        <ele>545.000</ele>
      </trkpt>
      <trkpt lat="42.040980000" lon="2.273050000">
        <ele>545.000</ele>
      </trkpt>
      <trkpt lat="42.041000000" lon="2.273010000">
        <ele>545.000</ele>
      </trkpt>
      <trkpt lat="42.041010000" lon="2.272960000">
        <ele>545.000</ele>
      </trkpt>
      <trkpt lat="42.041020000" lon="2.272910000">
        <ele>545.000</ele>
      </trkpt>
      <trkpt lat="42.041010000" lon="2.272870000">
        <ele>545.000</ele>
      </trkpt>
      <trkpt lat="42.041000000" lon="2.272830000">
        <ele>545.000</ele>
      </trkpt>
      <trkpt lat="42.040980000" lon="2.272800000">
        <ele>545.000</ele>
      </trkpt>
      <trkpt lat="42.041020000" lon="2.272690000">
        <ele>545.000</ele>
      </trkpt>
      <trkpt lat="42.041070000" lon="2.272590000">
        <ele>545.000</ele>
      </trkpt>
      <trkpt lat="42.041230000" lon="2.272220000">
        <ele>545.000</ele>
      </trkpt>
      <trkpt lat="42.041250000" lon="2.272190000">
        <ele>544.000</ele>
      </trkpt>
      <trkpt lat="42.041410000" lon="2.271900000">
        <ele>544.000</ele>
      </trkpt>
      <trkpt lat="42.041630000" lon="2.271620000">
        <ele>544.000</ele>
      </trkpt>
      <trkpt lat="42.041930000" lon="2.271280000">
        <ele>543.000</ele>
      </trkpt>
      <trkpt lat="42.042030000" lon="2.271150000">
        <ele>543.000</ele>
      </trkpt>
      <trkpt lat="42.042250000" lon="2.270880000">
        <ele>542.000</ele>
      </trkpt>
      <trkpt lat="42.042540000" lon="2.270540000">
        <ele>541.000</ele>
      </trkpt>
      <trkpt lat="42.042840000" lon="2.270180000">
        <ele>539.000</ele>
      </trkpt>
      <trkpt lat="42.043040000" lon="2.269950000">
        <ele>537.000</ele>
      </trkpt>
      <trkpt lat="42.043150000" lon="2.269810000">
        <ele>536.000</ele>
      </trkpt>
      <trkpt lat="42.043230000" lon="2.269730000">
        <ele>535.000</ele>
      </trkpt>
      <trkpt lat="42.043440000" lon="2.269480000">
        <ele>534.000</ele>
      </trkpt>
      <trkpt lat="42.043780000" lon="2.269080000">
        <ele>532.000</ele>
      </trkpt>
      <trkpt lat="42.044100000" lon="2.268670000">
        <ele>530.000</ele>
      </trkpt>
      <trkpt lat="42.044230000" lon="2.268520000">
        <ele>529.000</ele>
      </trkpt>
      <trkpt lat="42.044360000" lon="2.268370000">
        <ele>527.000</ele>
      </trkpt>
      <trkpt lat="42.044780000" lon="2.267870000">
        <ele>525.000</ele>
      </trkpt>
      <trkpt lat="42.044920000" lon="2.267720000">
        <ele>524.000</ele>
      </trkpt>
      <trkpt lat="42.045060000" lon="2.267580000">
        <ele>523.000</ele>
      </trkpt>
      <trkpt lat="42.045290000" lon="2.267650000">
        <ele>522.000</ele>
      </trkpt>
      <trkpt lat="42.045370000" lon="2.267640000">
        <ele>521.000</ele>
      </trkpt>
      <trkpt lat="42.045700000" lon="2.267590000">
        <ele>520.000</ele>
      </trkpt>
      <trkpt lat="42.046180000" lon="2.267380000">
        <ele>520.000</ele>
      </trkpt>
      <trkpt lat="42.046690000" lon="2.267070000">
        <ele>519.000</ele>
      </trkpt>
      <trkpt lat="42.046780000" lon="2.266980000">
        <ele>518.000</ele>
      </trkpt>
      <trkpt lat="42.046940000" lon="2.266810000">
        <ele>518.000</ele>
      </trkpt>
      <trkpt lat="42.047020000" lon="2.266720000">
        <ele>517.000</ele>
      </trkpt>
      <trkpt lat="42.047310000" lon="2.266390000">
        <ele>517.000</ele>
      </trkpt>
      <trkpt lat="42.047950000" lon="2.265730000">
        <ele>515.000</ele>
      </trkpt>
      <trkpt lat="42.048270000" lon="2.265850000">
        <ele>514.000</ele>
      </trkpt>
      <trkpt lat="42.048430000" lon="2.265900000">
        <ele>513.000</ele>
      </trkpt>
      <trkpt lat="42.048530000" lon="2.265390000">
        <ele>512.000</ele>
      </trkpt>
      <trkpt lat="42.048560000" lon="2.265220000">
        <ele>511.000</ele>
      </trkpt>
      <trkpt lat="42.048780000" lon="2.264030000">
        <ele>509.000</ele>
      </trkpt>
      <trkpt lat="42.048760000" lon="2.263900000">
        <ele>508.000</ele>
      </trkpt>
      <trkpt lat="42.048740000" lon="2.263690000">
        <ele>507.000</ele>
      </trkpt>
      <trkpt lat="42.048610000" lon="2.263010000">
        <ele>506.000</ele>
      </trkpt>
      <trkpt lat="42.048650000" lon="2.262690000">
        <ele>506.000</ele>
      </trkpt>
      <trkpt lat="42.048950000" lon="2.262670000">
        <ele>506.000</ele>
      </trkpt>
      <trkpt lat="42.048990000" lon="2.262680000">
        <ele>506.000</ele>
      </trkpt>
      <trkpt lat="42.049010000" lon="2.262680000">
        <ele>506.000</ele>
      </trkpt>
      <trkpt lat="42.049300000" lon="2.262690000">
        <ele>506.000</ele>
      </trkpt>
      <trkpt lat="42.049320000" lon="2.262700000">
        <ele>507.000</ele>
      </trkpt>
      <trkpt lat="42.049740000" lon="2.262720000">
        <ele>507.000</ele>
      </trkpt>
      <trkpt lat="42.049800000" lon="2.262720000">
        <ele>507.000</ele>
      </trkpt>
      <trkpt lat="42.049870000" lon="2.262720000">
        <ele>507.000</ele>
      </trkpt>
      <trkpt lat="42.049870000" lon="2.262730000">
        <ele>508.000</ele>
      </trkpt>
      <trkpt lat="42.049880000" lon="2.262740000">
        <ele>508.000</ele>
      </trkpt>
      <trkpt lat="42.049880000" lon="2.262750000">
        <ele>508.000</ele>
      </trkpt>
      <trkpt lat="42.049890000" lon="2.262760000">
        <ele>508.000</ele>
      </trkpt>
      <trkpt lat="42.049890000" lon="2.262770000">
        <ele>508.000</ele>
      </trkpt>
      <trkpt lat="42.049900000" lon="2.262780000">
        <ele>508.000</ele>
      </trkpt>
      <trkpt lat="42.049910000" lon="2.262790000">
        <ele>508.000</ele>
      </trkpt>
      <trkpt lat="42.049920000" lon="2.262790000">
        <ele>508.000</ele>
      </trkpt>
      <trkpt lat="42.049930000" lon="2.262790000">
        <ele>508.000</ele>
      </trkpt>
      <trkpt lat="42.049930000" lon="2.262790000">
        <ele>509.000</ele>
      </trkpt>
      <trkpt lat="42.049940000" lon="2.262790000">
        <ele>509.000</ele>
      </trkpt>
      <trkpt lat="42.049950000" lon="2.262780000">
        <ele>509.000</ele>
      </trkpt>
      <trkpt lat="42.049960000" lon="2.262780000">
        <ele>509.000</ele>
      </trkpt>
      <trkpt lat="42.049970000" lon="2.262770000">
        <ele>509.000</ele>
      </trkpt>
      <trkpt lat="42.049970000" lon="2.262760000">
        <ele>509.000</ele>
      </trkpt>
      <trkpt lat="42.049980000" lon="2.262750000">
        <ele>509.000</ele>
      </trkpt>
      <trkpt lat="42.049980000" lon="2.262740000">
        <ele>509.000</ele>
      </trkpt>
      <trkpt lat="42.049980000" lon="2.262720000">
        <ele>509.000</ele>
      </trkpt>
      <trkpt lat="42.049980000" lon="2.262710000">
        <ele>509.000</ele>
      </trkpt>
      <trkpt lat="42.049980000" lon="2.262700000">
        <ele>509.000</ele>
      </trkpt>
      <trkpt lat="42.049980000" lon="2.262690000">
        <ele>509.000</ele>
      </trkpt>
      <trkpt lat="42.049980000" lon="2.262670000">
        <ele>509.000</ele>
      </trkpt>
      <trkpt lat="42.049970000" lon="2.262660000">
        <ele>509.000</ele>
      </trkpt>
      <trkpt lat="42.049960000" lon="2.262660000">
        <ele>509.000</ele>
      </trkpt>
      <trkpt lat="42.049960000" lon="2.262650000">
        <ele>509.000</ele>
      </trkpt>
      <trkpt lat="42.050060000" lon="2.262540000">
        <ele>510.000</ele>
      </trkpt>
      <trkpt lat="42.050190000" lon="2.262450000">
        <ele>510.000</ele>
      </trkpt>
      <trkpt lat="42.050430000" lon="2.262290000">
        <ele>511.000</ele>
      </trkpt>
      <trkpt lat="42.050430000" lon="2.262290000">
        <ele>511.000</ele>
      </trkpt>
      <trkpt lat="42.050550000" lon="2.262210000">
        <ele>512.000</ele>
      </trkpt>
      <trkpt lat="42.050670000" lon="2.262100000">
        <ele>512.000</ele>
      </trkpt>
      <trkpt lat="42.050720000" lon="2.262040000">
        <ele>513.000</ele>
      </trkpt>
      <trkpt lat="42.050760000" lon="2.261970000">
        <ele>513.000</ele>
      </trkpt>
      <trkpt lat="42.050790000" lon="2.261900000">
        <ele>514.000</ele>
      </trkpt>
      <trkpt lat="42.050810000" lon="2.261820000">
        <ele>514.000</ele>
      </trkpt>
      <trkpt lat="42.050820000" lon="2.261750000">
        <ele>514.000</ele>
      </trkpt>
      <trkpt lat="42.050830000" lon="2.261680000">
        <ele>515.000</ele>
      </trkpt>
      <trkpt lat="42.050830000" lon="2.261620000">
        <ele>515.000</ele>
      </trkpt>
      <trkpt lat="42.050830000" lon="2.261540000">
        <ele>515.000</ele>
      </trkpt>
      <trkpt lat="42.050800000" lon="2.261470000">
        <ele>515.000</ele>
      </trkpt>
      <trkpt lat="42.050770000" lon="2.261390000">
        <ele>516.000</ele>
      </trkpt>
      <trkpt lat="42.050750000" lon="2.261360000">
        <ele>516.000</ele>
      </trkpt>
      <trkpt lat="42.050420000" lon="2.260730000">
        <ele>517.000</ele>
      </trkpt>
      <trkpt lat="42.050220000" lon="2.260360000">
        <ele>518.000</ele>
      </trkpt>
      <trkpt lat="42.050100000" lon="2.260120000">
        <ele>519.000</ele>
      </trkpt>
      <trkpt lat="42.050050000" lon="2.260020000">
        <ele>520.000</ele>
      </trkpt>
      <trkpt lat="42.050010000" lon="2.259890000">
        <ele>521.000</ele>
      </trkpt>
      <trkpt lat="42.049990000" lon="2.259840000">
        <ele>521.000</ele>
      </trkpt>
      <trkpt lat="42.049980000" lon="2.259720000">
        <ele>522.000</ele>
      </trkpt>
      <trkpt lat="42.049990000" lon="2.259710000">
        <ele>522.000</ele>
      </trkpt>
      <trkpt lat="42.050000000" lon="2.259690000">
        <ele>522.000</ele>
      </trkpt>
      <trkpt lat="42.050000000" lon="2.259670000">
        <ele>522.000</ele>
      </trkpt>
      <trkpt lat="42.050010000" lon="2.259650000">
        <ele>523.000</ele>
      </trkpt>
      <trkpt lat="42.050060000" lon="2.259600000">
        <ele>523.000</ele>
      </trkpt>
      <trkpt lat="42.050110000" lon="2.259540000">
        <ele>523.000</ele>
      </trkpt>
      <trkpt lat="42.050160000" lon="2.259500000">
        <ele>523.000</ele>
      </trkpt>
      <trkpt lat="42.050240000" lon="2.259500000">
        <ele>523.000</ele>
      </trkpt>
      <trkpt lat="42.050360000" lon="2.259530000">
        <ele>524.000</ele>
      </trkpt>
      <trkpt lat="42.050600000" lon="2.259600000">
        <ele>524.000</ele>
      </trkpt>
      <trkpt lat="42.051120000" lon="2.259750000">
        <ele>525.000</ele>
      </trkpt>
      <trkpt lat="42.051700000" lon="2.259910000">
        <ele>526.000</ele>
      </trkpt>
      <trkpt lat="42.051750000" lon="2.259920000">
        <ele>527.000</ele>
      </trkpt>
      <trkpt lat="42.051800000" lon="2.259920000">
        <ele>528.000</ele>
      </trkpt>
      <trkpt lat="42.051840000" lon="2.259880000">
        <ele>529.000</ele>
      </trkpt>
      <trkpt lat="42.051880000" lon="2.259830000">
        <ele>529.000</ele>
      </trkpt>
      <trkpt lat="42.051920000" lon="2.259740000">
        <ele>529.000</ele>
      </trkpt>
      <trkpt lat="42.051960000" lon="2.259530000">
        <ele>530.000</ele>
      </trkpt>
      <trkpt lat="42.051990000" lon="2.259320000">
        <ele>530.000</ele>
      </trkpt>
      <trkpt lat="42.052010000" lon="2.259190000">
        <ele>530.000</ele>
      </trkpt>
      <trkpt lat="42.052040000" lon="2.259020000">
        <ele>531.000</ele>
      </trkpt>
      <trkpt lat="42.052070000" lon="2.258870000">
        <ele>531.000</ele>
      </trkpt>
      <trkpt lat="42.052210000" lon="2.257970000">
        <ele>532.000</ele>
      </trkpt>
      <trkpt lat="42.052300000" lon="2.257340000">
        <ele>532.000</ele>
      </trkpt>
      <trkpt lat="42.052360000" lon="2.257050000">
        <ele>533.000</ele>
      </trkpt>
      <trkpt lat="42.052530000" lon="2.256490000">
        <ele>534.000</ele>
      </trkpt>
      <trkpt lat="42.052550000" lon="2.256400000">
        <ele>534.000</ele>
      </trkpt>
      <trkpt lat="42.052700000" lon="2.256060000">
        <ele>535.000</ele>
      </trkpt>
      <trkpt lat="42.052780000" lon="2.255910000">
        <ele>536.000</ele>
      </trkpt>
      <trkpt lat="42.052860000" lon="2.255760000">
        <ele>536.000</ele>
      </trkpt>
      <trkpt lat="42.053000000" lon="2.255520000">
        <ele>536.000</ele>
      </trkpt>
      <trkpt lat="42.053150000" lon="2.255300000">
        <ele>537.000</ele>
      </trkpt>
      <trkpt lat="42.053200000" lon="2.255230000">
        <ele>537.000</ele>
      </trkpt>
      <trkpt lat="42.053330000" lon="2.255090000">
        <ele>537.000</ele>
      </trkpt>
      <trkpt lat="42.053450000" lon="2.254940000">
        <ele>538.000</ele>
      </trkpt>
      <trkpt lat="42.053570000" lon="2.254830000">
        <ele>538.000</ele>
      </trkpt>
      <trkpt lat="42.053680000" lon="2.254730000">
        <ele>538.000</ele>
      </trkpt>
      <trkpt lat="42.053920000" lon="2.254550000">
        <ele>538.000</ele>
      </trkpt>
      <trkpt lat="42.054080000" lon="2.254450000">
        <ele>537.000</ele>
      </trkpt>
      <trkpt lat="42.054270000" lon="2.254340000">
        <ele>537.000</ele>
      </trkpt>
      <trkpt lat="42.054470000" lon="2.254250000">
        <ele>536.000</ele>
      </trkpt>
      <trkpt lat="42.054660000" lon="2.254180000">
        <ele>536.000</ele>
      </trkpt>
      <trkpt lat="42.054700000" lon="2.254170000">
        <ele>535.000</ele>
      </trkpt>
      <trkpt lat="42.054820000" lon="2.254130000">
        <ele>535.000</ele>
      </trkpt>
      <trkpt lat="42.054980000" lon="2.254090000">
        <ele>535.000</ele>
      </trkpt>
      <trkpt lat="42.055140000" lon="2.254070000">
        <ele>534.000</ele>
      </trkpt>
      <trkpt lat="42.055300000" lon="2.254050000">
        <ele>534.000</ele>
      </trkpt>
      <trkpt lat="42.055490000" lon="2.254050000">
        <ele>534.000</ele>
      </trkpt>
      <trkpt lat="42.055680000" lon="2.254060000">
        <ele>533.000</ele>
      </trkpt>
      <trkpt lat="42.055990000" lon="2.254110000">
        <ele>533.000</ele>
      </trkpt>
      <trkpt lat="42.056290000" lon="2.254190000">
        <ele>533.000</ele>
      </trkpt>
      <trkpt lat="42.056500000" lon="2.254280000">
        <ele>532.000</ele>
      </trkpt>
      <trkpt lat="42.057120000" lon="2.254660000">
        <ele>532.000</ele>
      </trkpt>
      <trkpt lat="42.057200000" lon="2.254700000">
        <ele>531.000</ele>
      </trkpt>
      <trkpt lat="42.057280000" lon="2.254730000">
        <ele>531.000</ele>
      </trkpt>
      <trkpt lat="42.057660000" lon="2.254880000">
        <ele>530.000</ele>
      </trkpt>
      <trkpt lat="42.057850000" lon="2.254960000">
        <ele>530.000</ele>
      </trkpt>
      <trkpt lat="42.058060000" lon="2.255070000">
        <ele>529.000</ele>
      </trkpt>
      <trkpt lat="42.058340000" lon="2.255220000">
        <ele>528.000</ele>
      </trkpt>
      <trkpt lat="42.058640000" lon="2.255360000">
        <ele>528.000</ele>
      </trkpt>
      <trkpt lat="42.058800000" lon="2.255430000">
        <ele>527.000</ele>
      </trkpt>
      <trkpt lat="42.058960000" lon="2.255450000">
        <ele>527.000</ele>
      </trkpt>
      <trkpt lat="42.059230000" lon="2.255440000">
        <ele>526.000</ele>
      </trkpt>
      <trkpt lat="42.059500000" lon="2.255420000">
        <ele>526.000</ele>
      </trkpt>
      <trkpt lat="42.059560000" lon="2.255400000">
        <ele>526.000</ele>
      </trkpt>
      <trkpt lat="42.059590000" lon="2.255380000">
        <ele>526.000</ele>
      </trkpt>
      <trkpt lat="42.059690000" lon="2.255340000">
        <ele>527.000</ele>
      </trkpt>
      <trkpt lat="42.059870000" lon="2.255260000">
        <ele>527.000</ele>
      </trkpt>
      <trkpt lat="42.060220000" lon="2.255070000">
        <ele>527.000</ele>
      </trkpt>
      <trkpt lat="42.060720000" lon="2.254810000">
        <ele>528.000</ele>
      </trkpt>
      <trkpt lat="42.060770000" lon="2.254780000">
        <ele>528.000</ele>
      </trkpt>
      <trkpt lat="42.060770000" lon="2.254780000">
        <ele>528.000</ele>
      </trkpt>
      <trkpt lat="42.060990000" lon="2.254660000">
        <ele>528.000</ele>
      </trkpt>
      <trkpt lat="42.061280000" lon="2.254500000">
        <ele>528.000</ele>
      </trkpt>
      <trkpt lat="42.061360000" lon="2.254450000">
        <ele>527.000</ele>
      </trkpt>
      <trkpt lat="42.061450000" lon="2.254400000">
        <ele>527.000</ele>
      </trkpt>
      <trkpt lat="42.061540000" lon="2.254330000">
        <ele>527.000</ele>
      </trkpt>
      <trkpt lat="42.061610000" lon="2.254240000">
        <ele>526.000</ele>
      </trkpt>
      <trkpt lat="42.061840000" lon="2.253980000">
        <ele>526.000</ele>
      </trkpt>
      <trkpt lat="42.062040000" lon="2.253690000">
        <ele>525.000</ele>
      </trkpt>
      <trkpt lat="42.062450000" lon="2.253080000">
        <ele>524.000</ele>
      </trkpt>
      <trkpt lat="42.062710000" lon="2.252720000">
        <ele>523.000</ele>
      </trkpt>
      <trkpt lat="42.063490000" lon="2.251560000">
        <ele>522.000</ele>
      </trkpt>
      <trkpt lat="42.063910000" lon="2.251010000">
        <ele>520.000</ele>
      </trkpt>
      <trkpt lat="42.064330000" lon="2.250490000">
        <ele>520.000</ele>
      </trkpt>
      <trkpt lat="42.064540000" lon="2.250220000">
        <ele>519.000</ele>
      </trkpt>
      <trkpt lat="42.064640000" lon="2.250070000">
        <ele>519.000</ele>
      </trkpt>
      <trkpt lat="42.064710000" lon="2.249910000">
        <ele>519.000</ele>
      </trkpt>
      <trkpt lat="42.064830000" lon="2.249660000">
        <ele>519.000</ele>
      </trkpt>
      <trkpt lat="42.064910000" lon="2.249410000">
        <ele>520.000</ele>
      </trkpt>
      <trkpt lat="42.064960000" lon="2.249180000">
        <ele>520.000</ele>
      </trkpt>
      <trkpt lat="42.065010000" lon="2.248950000">
        <ele>520.000</ele>
      </trkpt>
      <trkpt lat="42.065030000" lon="2.248600000">
        <ele>520.000</ele>
      </trkpt>
      <trkpt lat="42.065030000" lon="2.248260000">
        <ele>520.000</ele>
      </trkpt>
      <trkpt lat="42.065030000" lon="2.247920000">
        <ele>520.000</ele>
      </trkpt>
      <trkpt lat="42.065030000" lon="2.247740000">
        <ele>520.000</ele>
      </trkpt>
      <trkpt lat="42.065010000" lon="2.247570000">
        <ele>520.000</ele>
      </trkpt>
      <trkpt lat="42.064980000" lon="2.247370000">
        <ele>520.000</ele>
      </trkpt>
      <trkpt lat="42.064930000" lon="2.247190000">
        <ele>520.000</ele>
      </trkpt>
      <trkpt lat="42.064820000" lon="2.246880000">
        <ele>520.000</ele>
      </trkpt>
      <trkpt lat="42.064690000" lon="2.246490000">
        <ele>520.000</ele>
      </trkpt>
      <trkpt lat="42.064510000" lon="2.245980000">
        <ele>520.000</ele>
      </trkpt>
      <trkpt lat="42.064350000" lon="2.245480000">
        <ele>520.000</ele>
      </trkpt>
      <trkpt lat="42.064230000" lon="2.245060000">
        <ele>521.000</ele>
      </trkpt>
      <trkpt lat="42.064140000" lon="2.244620000">
        <ele>521.000</ele>
      </trkpt>
      <trkpt lat="42.064110000" lon="2.244340000">
        <ele>521.000</ele>
      </trkpt>
      <trkpt lat="42.064100000" lon="2.244050000">
        <ele>522.000</ele>
      </trkpt>
      <trkpt lat="42.064110000" lon="2.243840000">
        <ele>522.000</ele>
      </trkpt>
      <trkpt lat="42.064120000" lon="2.243600000">
        <ele>522.000</ele>
      </trkpt>
      <trkpt lat="42.064130000" lon="2.243440000">
        <ele>523.000</ele>
      </trkpt>
      <trkpt lat="42.064150000" lon="2.243270000">
        <ele>523.000</ele>
      </trkpt>
      <trkpt lat="42.064220000" lon="2.242960000">
        <ele>523.000</ele>
      </trkpt>
      <trkpt lat="42.064270000" lon="2.242790000">
        <ele>524.000</ele>
      </trkpt>
      <trkpt lat="42.064310000" lon="2.242640000">
        <ele>524.000</ele>
      </trkpt>
      <trkpt lat="42.064350000" lon="2.242490000">
        <ele>524.000</ele>
      </trkpt>
      <trkpt lat="42.064380000" lon="2.242380000">
        <ele>524.000</ele>
      </trkpt>
      <trkpt lat="42.064400000" lon="2.242290000">
        <ele>524.000</ele>
      </trkpt>
      <trkpt lat="42.064400000" lon="2.242180000">
        <ele>525.000</ele>
      </trkpt>
      <trkpt lat="42.064410000" lon="2.242040000">
        <ele>525.000</ele>
      </trkpt>
      <trkpt lat="42.064400000" lon="2.241620000">
        <ele>525.000</ele>
      </trkpt>
      <trkpt lat="42.064400000" lon="2.241560000">
        <ele>525.000</ele>
      </trkpt>
      <trkpt lat="42.064390000" lon="2.240650000">
        <ele>525.000</ele>
      </trkpt>
      <trkpt lat="42.064410000" lon="2.240500000">
        <ele>526.000</ele>
      </trkpt>
      <trkpt lat="42.064440000" lon="2.240380000">
        <ele>526.000</ele>
      </trkpt>
      <trkpt lat="42.064490000" lon="2.240250000">
        <ele>526.000</ele>
      </trkpt>
      <trkpt lat="42.064570000" lon="2.240120000">
        <ele>526.000</ele>
      </trkpt>
      <trkpt lat="42.064590000" lon="2.240110000">
        <ele>526.000</ele>
      </trkpt>
      <trkpt lat="42.064820000" lon="2.239900000">
        <ele>526.000</ele>
      </trkpt>
      <trkpt lat="42.064930000" lon="2.239780000">
        <ele>526.000</ele>
      </trkpt>
      <trkpt lat="42.065040000" lon="2.239640000">
        <ele>526.000</ele>
      </trkpt>
      <trkpt lat="42.065100000" lon="2.239520000">
        <ele>526.000</ele>
      </trkpt>
      <trkpt lat="42.065140000" lon="2.239370000">
        <ele>526.000</ele>
      </trkpt>
      <trkpt lat="42.065180000" lon="2.239130000">
        <ele>526.000</ele>
      </trkpt>
      <trkpt lat="42.065350000" lon="2.238080000">
        <ele>526.000</ele>
      </trkpt>
      <trkpt lat="42.065540000" lon="2.237030000">
        <ele>526.000</ele>
      </trkpt>
      <trkpt lat="42.065550000" lon="2.236980000">
        <ele>526.000</ele>
      </trkpt>
      <trkpt lat="42.065550000" lon="2.236960000">
        <ele>526.000</ele>
      </trkpt>
      <trkpt lat="42.065590000" lon="2.236860000">
        <ele>526.000</ele>
      </trkpt>
      <trkpt lat="42.065600000" lon="2.236830000">
        <ele>526.000</ele>
      </trkpt>
      <trkpt lat="42.065660000" lon="2.236840000">
        <ele>526.000</ele>
      </trkpt>
      <trkpt lat="42.065910000" lon="2.236920000">
        <ele>526.000</ele>
      </trkpt>
      <trkpt lat="42.066100000" lon="2.236990000">
        <ele>527.000</ele>
      </trkpt>
      <trkpt lat="42.066290000" lon="2.237070000">
        <ele>527.000</ele>
      </trkpt>
      <trkpt lat="42.066660000" lon="2.237240000">
        <ele>528.000</ele>
      </trkpt>
      <trkpt lat="42.066980000" lon="2.237400000">
        <ele>529.000</ele>
      </trkpt>
      <trkpt lat="42.066980000" lon="2.237400000">
        <ele>530.000</ele>
      </trkpt>
      <trkpt lat="42.067320000" lon="2.237580000">
        <ele>531.000</ele>
      </trkpt>
      <trkpt lat="42.067790000" lon="2.237840000">
        <ele>531.000</ele>
      </trkpt>
      <trkpt lat="42.068250000" lon="2.238120000">
        <ele>531.000</ele>
      </trkpt>
      <trkpt lat="42.068350000" lon="2.238180000">
        <ele>531.000</ele>
      </trkpt>
      <trkpt lat="42.069030000" lon="2.238610000">
        <ele>531.000</ele>
      </trkpt>
      <trkpt lat="42.069740000" lon="2.239100000">
        <ele>532.000</ele>
      </trkpt>
      <trkpt lat="42.069990000" lon="2.239250000">
        <ele>534.000</ele>
      </trkpt>
      <trkpt lat="42.070230000" lon="2.239380000">
        <ele>535.000</ele>
      </trkpt>
      <trkpt lat="42.070550000" lon="2.239510000">
        <ele>537.000</ele>
      </trkpt>
      <trkpt lat="42.070710000" lon="2.239550000">
        <ele>539.000</ele>
      </trkpt>
      <trkpt lat="42.070870000" lon="2.239580000">
        <ele>540.000</ele>
      </trkpt>
      <trkpt lat="42.071070000" lon="2.239610000">
        <ele>540.000</ele>
      </trkpt>
      <trkpt lat="42.071270000" lon="2.239630000">
        <ele>541.000</ele>
      </trkpt>
      <trkpt lat="42.071500000" lon="2.239630000">
        <ele>541.000</ele>
      </trkpt>
      <trkpt lat="42.071730000" lon="2.239610000">
        <ele>541.000</ele>
      </trkpt>
      <trkpt lat="42.072200000" lon="2.239580000">
        <ele>542.000</ele>
      </trkpt>
      <trkpt lat="42.073080000" lon="2.239510000">
        <ele>542.000</ele>
      </trkpt>
      <trkpt lat="42.073370000" lon="2.239560000">
        <ele>542.000</ele>
      </trkpt>
      <trkpt lat="42.073590000" lon="2.239600000">
        <ele>541.000</ele>
      </trkpt>
      <trkpt lat="42.073820000" lon="2.239620000">
        <ele>541.000</ele>
      </trkpt>
      <trkpt lat="42.074100000" lon="2.239590000">
        <ele>540.000</ele>
      </trkpt>
      <trkpt lat="42.074290000" lon="2.239570000">
        <ele>540.000</ele>
      </trkpt>
      <trkpt lat="42.074370000" lon="2.239560000">
        <ele>539.000</ele>
      </trkpt>
      <trkpt lat="42.074460000" lon="2.239580000">
        <ele>539.000</ele>
      </trkpt>
      <trkpt lat="42.074520000" lon="2.239610000">
        <ele>538.000</ele>
      </trkpt>
      <trkpt lat="42.074580000" lon="2.239700000">
        <ele>538.000</ele>
      </trkpt>
      <trkpt lat="42.074600000" lon="2.239750000">
        <ele>538.000</ele>
      </trkpt>
      <trkpt lat="42.074640000" lon="2.239790000">
        <ele>538.000</ele>
      </trkpt>
      <trkpt lat="42.074690000" lon="2.239810000">
        <ele>537.000</ele>
      </trkpt>
      <trkpt lat="42.074740000" lon="2.239810000">
        <ele>537.000</ele>
      </trkpt>
      <trkpt lat="42.074790000" lon="2.239780000">
        <ele>537.000</ele>
      </trkpt>
      <trkpt lat="42.074820000" lon="2.239760000">
        <ele>537.000</ele>
      </trkpt>
      <trkpt lat="42.074860000" lon="2.239730000">
        <ele>537.000</ele>
      </trkpt>
      <trkpt lat="42.074910000" lon="2.239710000">
        <ele>537.000</ele>
      </trkpt>
      <trkpt lat="42.074960000" lon="2.239680000">
        <ele>536.000</ele>
      </trkpt>
      <trkpt lat="42.075040000" lon="2.239660000">
        <ele>536.000</ele>
      </trkpt>
      <trkpt lat="42.075150000" lon="2.239610000">
        <ele>536.000</ele>
      </trkpt>
      <trkpt lat="42.075270000" lon="2.239540000">
        <ele>536.000</ele>
      </trkpt>
      <trkpt lat="42.075370000" lon="2.239480000">
        <ele>536.000</ele>
      </trkpt>
      <trkpt lat="42.075570000" lon="2.239340000">
        <ele>536.000</ele>
      </trkpt>
      <trkpt lat="42.075810000" lon="2.239080000">
        <ele>535.000</ele>
      </trkpt>
      <trkpt lat="42.076250000" lon="2.238560000">
        <ele>535.000</ele>
      </trkpt>
      <trkpt lat="42.077010000" lon="2.237590000">
        <ele>534.000</ele>
      </trkpt>
      <trkpt lat="42.077200000" lon="2.237320000">
        <ele>533.000</ele>
      </trkpt>
      <trkpt lat="42.077380000" lon="2.237040000">
        <ele>534.000</ele>
      </trkpt>
      <trkpt lat="42.077580000" lon="2.236730000">
        <ele>535.000</ele>
      </trkpt>
      <trkpt lat="42.077740000" lon="2.236440000">
        <ele>536.000</ele>
      </trkpt>
      <trkpt lat="42.077960000" lon="2.235960000">
        <ele>538.000</ele>
      </trkpt>
      <trkpt lat="42.078060000" lon="2.235710000">
        <ele>540.000</ele>
      </trkpt>
      <trkpt lat="42.078150000" lon="2.235480000">
        <ele>541.000</ele>
      </trkpt>
      <trkpt lat="42.078450000" lon="2.234630000">
        <ele>544.000</ele>
      </trkpt>
      <trkpt lat="42.078730000" lon="2.233800000">
        <ele>547.000</ele>
      </trkpt>
      <trkpt lat="42.079190000" lon="2.232920000">
        <ele>551.000</ele>
      </trkpt>
      <trkpt lat="42.079350000" lon="2.232830000">
        <ele>553.000</ele>
      </trkpt>
      <trkpt lat="42.079380000" lon="2.232790000">
        <ele>555.000</ele>
      </trkpt>
      <trkpt lat="42.079410000" lon="2.232800000">
        <ele>556.000</ele>
      </trkpt>
      <trkpt lat="42.079440000" lon="2.232800000">
        <ele>557.000</ele>
      </trkpt>
      <trkpt lat="42.079470000" lon="2.232790000">
        <ele>557.000</ele>
      </trkpt>
      <trkpt lat="42.079510000" lon="2.232770000">
        <ele>557.000</ele>
      </trkpt>
      <trkpt lat="42.079540000" lon="2.232730000">
        <ele>557.000</ele>
      </trkpt>
      <trkpt lat="42.079570000" lon="2.232690000">
        <ele>557.000</ele>
      </trkpt>
      <trkpt lat="42.079580000" lon="2.232630000">
        <ele>557.000</ele>
      </trkpt>
      <trkpt lat="42.079580000" lon="2.232570000">
        <ele>557.000</ele>
      </trkpt>
      <trkpt lat="42.079570000" lon="2.232510000">
        <ele>557.000</ele>
      </trkpt>
      <trkpt lat="42.079550000" lon="2.232460000">
        <ele>557.000</ele>
      </trkpt>
      <trkpt lat="42.079510000" lon="2.232420000">
        <ele>557.000</ele>
      </trkpt>
      <trkpt lat="42.079470000" lon="2.232390000">
        <ele>557.000</ele>
      </trkpt>
      <trkpt lat="42.079430000" lon="2.232380000">
        <ele>557.000</ele>
      </trkpt>
      <trkpt lat="42.079380000" lon="2.232390000">
        <ele>557.000</ele>
      </trkpt>
      <trkpt lat="42.079250000" lon="2.232340000">
        <ele>557.000</ele>
      </trkpt>
      <trkpt lat="42.079130000" lon="2.232240000">
        <ele>556.000</ele>
      </trkpt>
      <trkpt lat="42.078820000" lon="2.231970000">
        <ele>556.000</ele>
      </trkpt>
      <trkpt lat="42.078370000" lon="2.231590000">
        <ele>555.000</ele>
      </trkpt>
      <trkpt lat="42.078290000" lon="2.231480000">
        <ele>554.000</ele>
      </trkpt>
      <trkpt lat="42.078270000" lon="2.231430000">
        <ele>554.000</ele>
      </trkpt>
      <trkpt lat="42.078250000" lon="2.231370000">
        <ele>553.000</ele>
      </trkpt>
      <trkpt lat="42.078260000" lon="2.231350000">
        <ele>553.000</ele>
      </trkpt>
      <trkpt lat="42.078270000" lon="2.231330000">
        <ele>552.000</ele>
      </trkpt>
      <trkpt lat="42.078270000" lon="2.231310000">
        <ele>552.000</ele>
      </trkpt>
      <trkpt lat="42.078310000" lon="2.231250000">
        <ele>552.000</ele>
      </trkpt>
      <trkpt lat="42.078340000" lon="2.231210000">
        <ele>552.000</ele>
      </trkpt>
      <trkpt lat="42.078430000" lon="2.231160000">
        <ele>551.000</ele>
      </trkpt>
      <trkpt lat="42.078570000" lon="2.231130000">
        <ele>551.000</ele>
      </trkpt>
      <trkpt lat="42.078790000" lon="2.231140000">
        <ele>550.000</ele>
      </trkpt>
      <trkpt lat="42.079010000" lon="2.231150000">
        <ele>549.000</ele>
      </trkpt>
      <trkpt lat="42.079130000" lon="2.231160000">
        <ele>548.000</ele>
      </trkpt>
      <trkpt lat="42.079240000" lon="2.231140000">
        <ele>547.000</ele>
      </trkpt>
      <trkpt lat="42.079310000" lon="2.231090000">
        <ele>546.000</ele>
      </trkpt>
      <trkpt lat="42.079400000" lon="2.231010000">
        <ele>545.000</ele>
      </trkpt>
      <trkpt lat="42.079550000" lon="2.230820000">
        <ele>544.000</ele>
      </trkpt>
      <trkpt lat="42.079720000" lon="2.230620000">
        <ele>543.000</ele>
      </trkpt>
      <trkpt lat="42.079960000" lon="2.230360000">
        <ele>542.000</ele>
      </trkpt>
      <trkpt lat="42.080140000" lon="2.230180000">
        <ele>542.000</ele>
      </trkpt>
      <trkpt lat="42.080230000" lon="2.230110000">
        <ele>541.000</ele>
      </trkpt>
      <trkpt lat="42.080670000" lon="2.229770000">
        <ele>541.000</ele>
      </trkpt>
      <trkpt lat="42.081070000" lon="2.229490000">
        <ele>541.000</ele>
      </trkpt>
      <trkpt lat="42.081370000" lon="2.229240000">
        <ele>541.000</ele>
      </trkpt>
      <trkpt lat="42.081570000" lon="2.228970000">
        <ele>541.000</ele>
      </trkpt>
      <trkpt lat="42.081670000" lon="2.228880000">
        <ele>541.000</ele>
      </trkpt>
      <trkpt lat="42.081720000" lon="2.228840000">
        <ele>541.000</ele>
      </trkpt>
      <trkpt lat="42.081750000" lon="2.228840000">
        <ele>541.000</ele>
      </trkpt>
      <trkpt lat="42.081780000" lon="2.228830000">
        <ele>541.000</ele>
      </trkpt>
      <trkpt lat="42.081810000" lon="2.228810000">
        <ele>541.000</ele>
      </trkpt>
      <trkpt lat="42.081830000" lon="2.228790000">
        <ele>541.000</ele>
      </trkpt>
      <trkpt lat="42.081900000" lon="2.228760000">
        <ele>541.000</ele>
      </trkpt>
      <trkpt lat="42.082020000" lon="2.228760000">
        <ele>541.000</ele>
      </trkpt>
      <trkpt lat="42.082840000" lon="2.229080000">
        <ele>541.000</ele>
      </trkpt>
      <trkpt lat="42.083000000" lon="2.229100000">
        <ele>541.000</ele>
      </trkpt>
      <trkpt lat="42.083160000" lon="2.229090000">
        <ele>541.000</ele>
      </trkpt>
      <trkpt lat="42.083230000" lon="2.229060000">
        <ele>541.000</ele>
      </trkpt>
      <trkpt lat="42.083230000" lon="2.229060000">
        <ele>542.000</ele>
      </trkpt>
      <trkpt lat="42.083270000" lon="2.229040000">
        <ele>542.000</ele>
      </trkpt>
      <trkpt lat="42.083590000" lon="2.228870000">
        <ele>542.000</ele>
      </trkpt>
      <trkpt lat="42.083900000" lon="2.228670000">
        <ele>543.000</ele>
      </trkpt>
      <trkpt lat="42.084140000" lon="2.228480000">
        <ele>545.000</ele>
      </trkpt>
      <trkpt lat="42.084490000" lon="2.228140000">
        <ele>546.000</ele>
      </trkpt>
      <trkpt lat="42.084710000" lon="2.227880000">
        <ele>548.000</ele>
      </trkpt>
      <trkpt lat="42.084930000" lon="2.227590000">
        <ele>549.000</ele>
      </trkpt>
      <trkpt lat="42.085080000" lon="2.227370000">
        <ele>549.000</ele>
      </trkpt>
      <trkpt lat="42.085280000" lon="2.226980000">
        <ele>550.000</ele>
      </trkpt>
      <trkpt lat="42.085410000" lon="2.226690000">
        <ele>551.000</ele>
      </trkpt>
      <trkpt lat="42.085530000" lon="2.226320000">
        <ele>551.000</ele>
      </trkpt>
      <trkpt lat="42.085660000" lon="2.225950000">
        <ele>551.000</ele>
      </trkpt>
      <trkpt lat="42.085760000" lon="2.225740000">
        <ele>552.000</ele>
      </trkpt>
      <trkpt lat="42.085930000" lon="2.225460000">
        <ele>552.000</ele>
      </trkpt>
      <trkpt lat="42.086060000" lon="2.225270000">
        <ele>553.000</ele>
      </trkpt>
      <trkpt lat="42.086140000" lon="2.225160000">
        <ele>553.000</ele>
      </trkpt>
      <trkpt lat="42.086310000" lon="2.224960000">
        <ele>554.000</ele>
      </trkpt>
      <trkpt lat="42.086630000" lon="2.224690000">
        <ele>555.000</ele>
      </trkpt>
      <trkpt lat="42.086980000" lon="2.224440000">
        <ele>556.000</ele>
      </trkpt>
      <trkpt lat="42.087350000" lon="2.224220000">
        <ele>557.000</ele>
      </trkpt>
      <trkpt lat="42.087580000" lon="2.224140000">
        <ele>558.000</ele>
      </trkpt>
      <trkpt lat="42.088370000" lon="2.223850000">
        <ele>561.000</ele>
      </trkpt>
      <trkpt lat="42.088890000" lon="2.223640000">
        <ele>564.000</ele>
      </trkpt>
      <trkpt lat="42.089260000" lon="2.223550000">
        <ele>567.000</ele>
      </trkpt>
      <trkpt lat="42.089550000" lon="2.223490000">
        <ele>570.000</ele>
      </trkpt>
      <trkpt lat="42.089930000" lon="2.223460000">
        <ele>572.000</ele>
      </trkpt>
      <trkpt lat="42.090290000" lon="2.223440000">
        <ele>575.000</ele>
      </trkpt>
      <trkpt lat="42.090850000" lon="2.223490000">
        <ele>579.000</ele>
      </trkpt>
      <trkpt lat="42.091300000" lon="2.223500000">
        <ele>582.000</ele>
      </trkpt>
      <trkpt lat="42.091340000" lon="2.223510000">
        <ele>585.000</ele>
      </trkpt>
      <trkpt lat="42.094100000" lon="2.223380000">
        <ele>592.000</ele>
      </trkpt>
      <trkpt lat="42.094210000" lon="2.223380000">
        <ele>597.000</ele>
      </trkpt>
      <trkpt lat="42.094440000" lon="2.223380000">
        <ele>599.000</ele>
      </trkpt>
      <trkpt lat="42.094830000" lon="2.223320000">
        <ele>601.000</ele>
      </trkpt>
      <trkpt lat="42.094910000" lon="2.223320000">
        <ele>602.000</ele>
      </trkpt>
      <trkpt lat="42.095190000" lon="2.223250000">
        <ele>602.000</ele>
      </trkpt>
      <trkpt lat="42.095430000" lon="2.223230000">
        <ele>601.000</ele>
      </trkpt>
      <trkpt lat="42.095650000" lon="2.223200000">
        <ele>601.000</ele>
      </trkpt>
      <trkpt lat="42.095780000" lon="2.223170000">
        <ele>600.000</ele>
      </trkpt>
      <trkpt lat="42.095950000" lon="2.223100000">
        <ele>600.000</ele>
      </trkpt>
      <trkpt lat="42.096170000" lon="2.222980000">
        <ele>599.000</ele>
      </trkpt>
      <trkpt lat="42.096240000" lon="2.222930000">
        <ele>599.000</ele>
      </trkpt>
      <trkpt lat="42.096290000" lon="2.222870000">
        <ele>598.000</ele>
      </trkpt>
      <trkpt lat="42.096400000" lon="2.222800000">
        <ele>598.000</ele>
      </trkpt>
      <trkpt lat="42.096650000" lon="2.222640000">
        <ele>597.000</ele>
      </trkpt>
      <trkpt lat="42.096880000" lon="2.222420000">
        <ele>596.000</ele>
      </trkpt>
      <trkpt lat="42.097060000" lon="2.222230000">
        <ele>596.000</ele>
      </trkpt>
      <trkpt lat="42.097160000" lon="2.222080000">
        <ele>595.000</ele>
      </trkpt>
      <trkpt lat="42.097240000" lon="2.221970000">
        <ele>595.000</ele>
      </trkpt>
      <trkpt lat="42.097310000" lon="2.221840000">
        <ele>594.000</ele>
      </trkpt>
      <trkpt lat="42.097410000" lon="2.221640000">
        <ele>594.000</ele>
      </trkpt>
      <trkpt lat="42.097750000" lon="2.220780000">
        <ele>592.000</ele>
      </trkpt>
      <trkpt lat="42.098030000" lon="2.220250000">
        <ele>590.000</ele>
      </trkpt>
      <trkpt lat="42.098320000" lon="2.219730000">
        <ele>588.000</ele>
      </trkpt>
      <trkpt lat="42.098490000" lon="2.219480000">
        <ele>587.000</ele>
      </trkpt>
      <trkpt lat="42.098680000" lon="2.219240000">
        <ele>585.000</ele>
      </trkpt>
      <trkpt lat="42.099030000" lon="2.218840000">
        <ele>583.000</ele>
      </trkpt>
      <trkpt lat="42.099120000" lon="2.218750000">
        <ele>581.000</ele>
      </trkpt>
      <trkpt lat="42.099120000" lon="2.218750000">
        <ele>580.000</ele>
      </trkpt>
      <trkpt lat="42.099390000" lon="2.218440000">
        <ele>578.000</ele>
      </trkpt>
      <trkpt lat="42.100100000" lon="2.217620000">
        <ele>574.000</ele>
      </trkpt>
      <trkpt lat="42.100330000" lon="2.217350000">
        <ele>572.000</ele>
      </trkpt>
      <trkpt lat="42.100400000" lon="2.217270000">
        <ele>571.000</ele>
      </trkpt>
      <trkpt lat="42.100450000" lon="2.217210000">
        <ele>570.000</ele>
      </trkpt>
      <trkpt lat="42.100600000" lon="2.217050000">
        <ele>570.000</ele>
      </trkpt>
      <trkpt lat="42.100870000" lon="2.216750000">
        <ele>570.000</ele>
      </trkpt>
      <trkpt lat="42.101010000" lon="2.216570000">
        <ele>571.000</ele>
      </trkpt>
      <trkpt lat="42.101330000" lon="2.216190000">
        <ele>571.000</ele>
      </trkpt>
      <trkpt lat="42.102120000" lon="2.215270000">
        <ele>573.000</ele>
      </trkpt>
      <trkpt lat="42.103150000" lon="2.214120000">
        <ele>575.000</ele>
      </trkpt>
      <trkpt lat="42.103210000" lon="2.214040000">
        <ele>577.000</ele>
      </trkpt>
      <trkpt lat="42.103260000" lon="2.213960000">
        <ele>578.000</ele>
      </trkpt>
      <trkpt lat="42.103900000" lon="2.213220000">
        <ele>579.000</ele>
      </trkpt>
      <trkpt lat="42.103960000" lon="2.213150000">
        <ele>580.000</ele>
      </trkpt>
      <trkpt lat="42.104290000" lon="2.212260000">
        <ele>583.000</ele>
      </trkpt>
      <trkpt lat="42.105050000" lon="2.210860000">
        <ele>586.000</ele>
      </trkpt>
      <trkpt lat="42.105500000" lon="2.210290000">
        <ele>587.000</ele>
      </trkpt>
      <trkpt lat="42.106160000" lon="2.209490000">
        <ele>585.000</ele>
      </trkpt>
      <trkpt lat="42.106880000" lon="2.209120000">
        <ele>582.000</ele>
      </trkpt>
      <trkpt lat="42.107760000" lon="2.208670000">
        <ele>580.000</ele>
      </trkpt>
      <trkpt lat="42.107950000" lon="2.208590000">
        <ele>579.000</ele>
      </trkpt>
      <trkpt lat="42.108040000" lon="2.208550000">
        <ele>579.000</ele>
      </trkpt>
      <trkpt lat="42.108870000" lon="2.208190000">
        <ele>579.000</ele>
      </trkpt>
      <trkpt lat="42.108930000" lon="2.208160000">
        <ele>579.000</ele>
      </trkpt>
      <trkpt lat="42.109020000" lon="2.208120000">
        <ele>579.000</ele>
      </trkpt>
      <trkpt lat="42.109150000" lon="2.208070000">
        <ele>580.000</ele>
      </trkpt>
      <trkpt lat="42.109220000" lon="2.208040000">
        <ele>580.000</ele>
      </trkpt>
      <trkpt lat="42.109650000" lon="2.207840000">
        <ele>580.000</ele>
      </trkpt>
      <trkpt lat="42.109900000" lon="2.207730000">
        <ele>581.000</ele>
      </trkpt>
      <trkpt lat="42.110190000" lon="2.207600000">
        <ele>581.000</ele>
      </trkpt>
      <trkpt lat="42.110240000" lon="2.207570000">
        <ele>582.000</ele>
      </trkpt>
      <trkpt lat="42.111270000" lon="2.207090000">
        <ele>583.000</ele>
      </trkpt>
      <trkpt lat="42.112150000" lon="2.206650000">
        <ele>584.000</ele>
      </trkpt>
      <trkpt lat="42.112500000" lon="2.206410000">
        <ele>585.000</ele>
      </trkpt>
      <trkpt lat="42.113710000" lon="2.205420000">
        <ele>586.000</ele>
      </trkpt>
      <trkpt lat="42.114620000" lon="2.204300000">
        <ele>586.000</ele>
      </trkpt>
      <trkpt lat="42.114660000" lon="2.204240000">
        <ele>585.000</ele>
      </trkpt>
      <trkpt lat="42.114780000" lon="2.204060000">
        <ele>585.000</ele>
      </trkpt>
      <trkpt lat="42.114980000" lon="2.203770000">
        <ele>585.000</ele>
      </trkpt>
      <trkpt lat="42.115210000" lon="2.203370000">
        <ele>584.000</ele>
      </trkpt>
      <trkpt lat="42.115370000" lon="2.203030000">
        <ele>584.000</ele>
      </trkpt>
      <trkpt lat="42.115370000" lon="2.203030000">
        <ele>584.000</ele>
      </trkpt>
      <trkpt lat="42.115600000" lon="2.202530000">
        <ele>586.000</ele>
      </trkpt>
      <trkpt lat="42.116140000" lon="2.201310000">
        <ele>589.000</ele>
      </trkpt>
      <trkpt lat="42.116300000" lon="2.201050000">
        <ele>592.000</ele>
      </trkpt>
      <trkpt lat="42.116400000" lon="2.200980000">
        <ele>594.000</ele>
      </trkpt>
      <trkpt lat="42.116550000" lon="2.200960000">
        <ele>595.000</ele>
      </trkpt>
      <trkpt lat="42.116720000" lon="2.200990000">
        <ele>595.000</ele>
      </trkpt>
      <trkpt lat="42.116880000" lon="2.201110000">
        <ele>594.000</ele>
      </trkpt>
      <trkpt lat="42.117830000" lon="2.201630000">
        <ele>591.000</ele>
      </trkpt>
      <trkpt lat="42.118150000" lon="2.201810000">
        <ele>587.000</ele>
      </trkpt>
      <trkpt lat="42.118230000" lon="2.201880000">
        <ele>585.000</ele>
      </trkpt>
      <trkpt lat="42.118300000" lon="2.201910000">
        <ele>584.000</ele>
      </trkpt>
      <trkpt lat="42.118470000" lon="2.201960000">
        <ele>584.000</ele>
      </trkpt>
      <trkpt lat="42.118530000" lon="2.201990000">
        <ele>584.000</ele>
      </trkpt>
      <trkpt lat="42.118580000" lon="2.202050000">
        <ele>584.000</ele>
      </trkpt>
      <trkpt lat="42.118630000" lon="2.202090000">
        <ele>585.000</ele>
      </trkpt>
      <trkpt lat="42.118700000" lon="2.202090000">
        <ele>585.000</ele>
      </trkpt>
      <trkpt lat="42.118760000" lon="2.202070000">
        <ele>586.000</ele>
      </trkpt>
      <trkpt lat="42.118810000" lon="2.202020000">
        <ele>586.000</ele>
      </trkpt>
      <trkpt lat="42.118850000" lon="2.201940000">
        <ele>587.000</ele>
      </trkpt>
      <trkpt lat="42.118860000" lon="2.201840000">
        <ele>587.000</ele>
      </trkpt>
      <trkpt lat="42.118840000" lon="2.201770000">
        <ele>588.000</ele>
      </trkpt>
      <trkpt lat="42.118910000" lon="2.201410000">
        <ele>589.000</ele>
      </trkpt>
      <trkpt lat="42.119090000" lon="2.201090000">
        <ele>591.000</ele>
      </trkpt>
      <trkpt lat="42.119300000" lon="2.200980000">
        <ele>593.000</ele>
      </trkpt>
      <trkpt lat="42.119530000" lon="2.200980000">
        <ele>595.000</ele>
      </trkpt>
      <trkpt lat="42.119810000" lon="2.201040000">
        <ele>597.000</ele>
      </trkpt>
      <trkpt lat="42.120080000" lon="2.201200000">
        <ele>599.000</ele>
      </trkpt>
      <trkpt lat="42.120580000" lon="2.201600000">
        <ele>602.000</ele>
      </trkpt>
      <trkpt lat="42.120890000" lon="2.201960000">
        <ele>605.000</ele>
      </trkpt>
      <trkpt lat="42.121320000" lon="2.202500000">
        <ele>609.000</ele>
      </trkpt>
      <trkpt lat="42.121580000" lon="2.202900000">
        <ele>610.000</ele>
      </trkpt>
      <trkpt lat="42.121850000" lon="2.203300000">
        <ele>610.000</ele>
      </trkpt>
      <trkpt lat="42.122220000" lon="2.203860000">
        <ele>609.000</ele>
      </trkpt>
      <trkpt lat="42.122330000" lon="2.203990000">
        <ele>608.000</ele>
      </trkpt>
      <trkpt lat="42.122460000" lon="2.204150000">
        <ele>606.000</ele>
      </trkpt>
      <trkpt lat="42.122670000" lon="2.204360000">
        <ele>605.000</ele>
      </trkpt>
      <trkpt lat="42.122890000" lon="2.204510000">
        <ele>604.000</ele>
      </trkpt>
      <trkpt lat="42.123170000" lon="2.204680000">
        <ele>603.000</ele>
      </trkpt>
      <trkpt lat="42.123300000" lon="2.204750000">
        <ele>603.000</ele>
      </trkpt>
      <trkpt lat="42.123580000" lon="2.204830000">
        <ele>603.000</ele>
      </trkpt>
      <trkpt lat="42.123880000" lon="2.204850000">
        <ele>604.000</ele>
      </trkpt>
      <trkpt lat="42.124190000" lon="2.204810000">
        <ele>604.000</ele>
      </trkpt>
      <trkpt lat="42.124500000" lon="2.204740000">
        <ele>605.000</ele>
      </trkpt>
      <trkpt lat="42.124730000" lon="2.204620000">
        <ele>606.000</ele>
      </trkpt>
      <trkpt lat="42.124970000" lon="2.204450000">
        <ele>607.000</ele>
      </trkpt>
      <trkpt lat="42.125300000" lon="2.204170000">
        <ele>609.000</ele>
      </trkpt>
      <trkpt lat="42.125530000" lon="2.203860000">
        <ele>612.000</ele>
      </trkpt>
      <trkpt lat="42.125830000" lon="2.203370000">
        <ele>614.000</ele>
      </trkpt>
      <trkpt lat="42.126070000" lon="2.203010000">
        <ele>617.000</ele>
      </trkpt>
      <trkpt lat="42.126330000" lon="2.202690000">
        <ele>619.000</ele>
      </trkpt>
      <trkpt lat="42.126570000" lon="2.202390000">
        <ele>619.000</ele>
      </trkpt>
      <trkpt lat="42.126840000" lon="2.202120000">
        <ele>618.000</ele>
      </trkpt>
      <trkpt lat="42.127240000" lon="2.201840000">
        <ele>616.000</ele>
      </trkpt>
      <trkpt lat="42.127880000" lon="2.201490000">
        <ele>614.000</ele>
      </trkpt>
      <trkpt lat="42.128120000" lon="2.201400000">
        <ele>612.000</ele>
      </trkpt>
      <trkpt lat="42.128380000" lon="2.201340000">
        <ele>610.000</ele>
      </trkpt>
      <trkpt lat="42.128770000" lon="2.201300000">
        <ele>609.000</ele>
      </trkpt>
      <trkpt lat="42.129000000" lon="2.201240000">
        <ele>608.000</ele>
      </trkpt>
      <trkpt lat="42.129390000" lon="2.201240000">
        <ele>607.000</ele>
      </trkpt>
      <trkpt lat="42.129780000" lon="2.201280000">
        <ele>606.000</ele>
      </trkpt>
      <trkpt lat="42.130210000" lon="2.201330000">
        <ele>611.000</ele>
      </trkpt>
      <trkpt lat="42.130630000" lon="2.201410000">
        <ele>619.000</ele>
      </trkpt>
      <trkpt lat="42.131180000" lon="2.201570000">
        <ele>630.980</ele>
      </trkpt>
      <trkpt lat="42.131300000" lon="2.201600000">
        <ele>630.890</ele>
      </trkpt>
      <trkpt lat="42.132440000" lon="2.202030000">
        <ele>630.050</ele>
      </trkpt>
      <trkpt lat="42.132930000" lon="2.202270000">
        <ele>629.680</ele>
      </trkpt>
      <trkpt lat="42.133390000" lon="2.202540000">
        <ele>629.320</ele>
      </trkpt>
      <trkpt lat="42.133670000" lon="2.202770000">
        <ele>629.080</ele>
      </trkpt>
      <trkpt lat="42.134050000" lon="2.203090000">
        <ele>628.760</ele>
      </trkpt>
      <trkpt lat="42.134440000" lon="2.203490000">
        <ele>628.410</ele>
      </trkpt>
      <trkpt lat="42.134750000" lon="2.203890000">
        <ele>628.110</ele>
      </trkpt>
      <trkpt lat="42.134980000" lon="2.204290000">
        <ele>627.840</ele>
      </trkpt>
      <trkpt lat="42.135130000" lon="2.204590000">
        <ele>627.650</ele>
      </trkpt>
      <trkpt lat="42.135220000" lon="2.204790000">
        <ele>627.530</ele>
      </trkpt>
      <trkpt lat="42.135290000" lon="2.204930000">
        <ele>627.440</ele>
      </trkpt>
      <trkpt lat="42.135350000" lon="2.205090000">
        <ele>627.340</ele>
      </trkpt>
      <trkpt lat="42.135420000" lon="2.205320000">
        <ele>627.210</ele>
      </trkpt>
      <trkpt lat="42.135490000" lon="2.205580000">
        <ele>627.060</ele>
      </trkpt>
      <trkpt lat="42.135550000" lon="2.205880000">
        <ele>626.900</ele>
      </trkpt>
      <trkpt lat="42.135590000" lon="2.206120000">
        <ele>626.770</ele>
      </trkpt>
      <trkpt lat="42.135630000" lon="2.206400000">
        <ele>626.620</ele>
      </trkpt>
      <trkpt lat="42.135690000" lon="2.206840000">
        <ele>626.380</ele>
      </trkpt>
      <trkpt lat="42.135770000" lon="2.207280000">
        <ele>626.140</ele>
      </trkpt>
      <trkpt lat="42.135840000" lon="2.207580000">
        <ele>626.000</ele>
      </trkpt>
      <trkpt lat="42.135930000" lon="2.207920000">
        <ele>626.000</ele>
      </trkpt>
      <trkpt lat="42.136030000" lon="2.208230000">
        <ele>625.000</ele>
      </trkpt>
      <trkpt lat="42.136170000" lon="2.208610000">
        <ele>624.000</ele>
      </trkpt>
      <trkpt lat="42.136310000" lon="2.208940000">
        <ele>624.000</ele>
      </trkpt>
      <trkpt lat="42.136440000" lon="2.209230000">
        <ele>624.000</ele>
      </trkpt>
      <trkpt lat="42.136570000" lon="2.209450000">
        <ele>623.000</ele>
      </trkpt>
      <trkpt lat="42.136730000" lon="2.209640000">
        <ele>623.000</ele>
      </trkpt>
      <trkpt lat="42.136840000" lon="2.209750000">
        <ele>623.000</ele>
      </trkpt>
      <trkpt lat="42.136950000" lon="2.209850000">
        <ele>624.000</ele>
      </trkpt>
      <trkpt lat="42.137120000" lon="2.209970000">
        <ele>624.000</ele>
      </trkpt>
      <trkpt lat="42.137310000" lon="2.210060000">
        <ele>625.000</ele>
      </trkpt>
      <trkpt lat="42.137540000" lon="2.210120000">
        <ele>625.000</ele>
      </trkpt>
      <trkpt lat="42.137760000" lon="2.210140000">
        <ele>626.000</ele>
      </trkpt>
      <trkpt lat="42.137960000" lon="2.210130000">
        <ele>627.000</ele>
      </trkpt>
      <trkpt lat="42.138040000" lon="2.210120000">
        <ele>627.000</ele>
      </trkpt>
      <trkpt lat="42.138220000" lon="2.210070000">
        <ele>628.000</ele>
      </trkpt>
      <trkpt lat="42.138650000" lon="2.209880000">
        <ele>629.000</ele>
      </trkpt>
      <trkpt lat="42.139130000" lon="2.209650000">
        <ele>630.000</ele>
      </trkpt>
      <trkpt lat="42.139530000" lon="2.209460000">
        <ele>632.000</ele>
      </trkpt>
      <trkpt lat="42.139820000" lon="2.209320000">
        <ele>634.000</ele>
      </trkpt>
      <trkpt lat="42.140010000" lon="2.209180000">
        <ele>636.000</ele>
      </trkpt>
      <trkpt lat="42.140390000" lon="2.208880000">
        <ele>638.000</ele>
      </trkpt>
      <trkpt lat="42.140970000" lon="2.208340000">
        <ele>639.000</ele>
      </trkpt>
      <trkpt lat="42.140970000" lon="2.208340000">
        <ele>639.000</ele>
      </trkpt>
      <trkpt lat="42.141020000" lon="2.208290000">
        <ele>640.000</ele>
      </trkpt>
      <trkpt lat="42.141300000" lon="2.208100000">
        <ele>640.000</ele>
      </trkpt>
      <trkpt lat="42.141620000" lon="2.207960000">
        <ele>639.000</ele>
      </trkpt>
      <trkpt lat="42.142200000" lon="2.207820000">
        <ele>638.000</ele>
      </trkpt>
      <trkpt lat="42.142280000" lon="2.207790000">
        <ele>638.000</ele>
      </trkpt>
      <trkpt lat="42.142530000" lon="2.207700000">
        <ele>637.000</ele>
      </trkpt>
      <trkpt lat="42.142870000" lon="2.207550000">
        <ele>636.000</ele>
      </trkpt>
      <trkpt lat="42.143730000" lon="2.207060000">
        <ele>634.000</ele>
      </trkpt>
      <trkpt lat="42.143950000" lon="2.206930000">
        <ele>633.000</ele>
      </trkpt>
      <trkpt lat="42.144630000" lon="2.206550000">
        <ele>631.000</ele>
      </trkpt>
      <trkpt lat="42.145500000" lon="2.206040000">
        <ele>630.000</ele>
      </trkpt>
      <trkpt lat="42.145680000" lon="2.205940000">
        <ele>630.000</ele>
      </trkpt>
      <trkpt lat="42.145820000" lon="2.205850000">
        <ele>630.000</ele>
      </trkpt>
      <trkpt lat="42.146150000" lon="2.205620000">
        <ele>630.000</ele>
      </trkpt>
      <trkpt lat="42.146280000" lon="2.205490000">
        <ele>630.000</ele>
      </trkpt>
      <trkpt lat="42.146420000" lon="2.205360000">
        <ele>630.000</ele>
      </trkpt>
      <trkpt lat="42.146860000" lon="2.204940000">
        <ele>631.000</ele>
      </trkpt>
      <trkpt lat="42.147470000" lon="2.204250000">
        <ele>633.000</ele>
      </trkpt>
      <trkpt lat="42.147940000" lon="2.203790000">
        <ele>634.000</ele>
      </trkpt>
      <trkpt lat="42.148290000" lon="2.203540000">
        <ele>635.000</ele>
      </trkpt>
      <trkpt lat="42.148720000" lon="2.203270000">
        <ele>635.000</ele>
      </trkpt>
      <trkpt lat="42.149020000" lon="2.203070000">
        <ele>636.000</ele>
      </trkpt>
      <trkpt lat="42.149380000" lon="2.202760000">
        <ele>636.000</ele>
      </trkpt>
      <trkpt lat="42.150130000" lon="2.201890000">
        <ele>636.000</ele>
      </trkpt>
      <trkpt lat="42.150490000" lon="2.201580000">
        <ele>635.000</ele>
      </trkpt>
      <trkpt lat="42.150920000" lon="2.201340000">
        <ele>634.000</ele>
      </trkpt>
      <trkpt lat="42.151140000" lon="2.201250000">
        <ele>634.000</ele>
      </trkpt>
      <trkpt lat="42.151370000" lon="2.201200000">
        <ele>635.000</ele>
      </trkpt>
      <trkpt lat="42.152670000" lon="2.201120000">
        <ele>639.000</ele>
      </trkpt>
      <trkpt lat="42.153270000" lon="2.201050000">
        <ele>644.000</ele>
      </trkpt>
      <trkpt lat="42.153560000" lon="2.201010000">
        <ele>647.000</ele>
      </trkpt>
      <trkpt lat="42.153940000" lon="2.200930000">
        <ele>651.000</ele>
      </trkpt>
      <trkpt lat="42.154800000" lon="2.200690000">
        <ele>656.000</ele>
      </trkpt>
      <trkpt lat="42.155010000" lon="2.200610000">
        <ele>659.000</ele>
      </trkpt>
      <trkpt lat="42.156020000" lon="2.200310000">
        <ele>665.000</ele>
      </trkpt>
      <trkpt lat="42.156490000" lon="2.200210000">
        <ele>675.000</ele>
      </trkpt>
      <trkpt lat="42.158210000" lon="2.200180000">
        <ele>708.000</ele>
      </trkpt>
      <trkpt lat="42.159150000" lon="2.200010000">
        <ele>718.000</ele>
      </trkpt>
      <trkpt lat="42.160010000" lon="2.199650000">
        <ele>714.000</ele>
      </trkpt>
      <trkpt lat="42.160220000" lon="2.199490000">
        <ele>710.000</ele>
      </trkpt>
      <trkpt lat="42.160760000" lon="2.198950000">
        <ele>704.000</ele>
      </trkpt>
      <trkpt lat="42.160900000" lon="2.198830000">
        <ele>700.000</ele>
      </trkpt>
      <trkpt lat="42.161260000" lon="2.198520000">
        <ele>695.000</ele>
      </trkpt>
      <trkpt lat="42.161630000" lon="2.198250000">
        <ele>689.000</ele>
      </trkpt>
      <trkpt lat="42.162010000" lon="2.198020000">
        <ele>685.000</ele>
      </trkpt>
      <trkpt lat="42.162070000" lon="2.197990000">
        <ele>681.000</ele>
      </trkpt>
      <trkpt lat="42.162580000" lon="2.197740000">
        <ele>678.000</ele>
      </trkpt>
      <trkpt lat="42.162900000" lon="2.197600000">
        <ele>675.000</ele>
      </trkpt>
      <trkpt lat="42.163220000" lon="2.197530000">
        <ele>672.000</ele>
      </trkpt>
      <trkpt lat="42.163510000" lon="2.197550000">
        <ele>670.000</ele>
      </trkpt>
      <trkpt lat="42.163790000" lon="2.197630000">
        <ele>667.000</ele>
      </trkpt>
      <trkpt lat="42.164030000" lon="2.197750000">
        <ele>666.000</ele>
      </trkpt>
      <trkpt lat="42.164150000" lon="2.197840000">
        <ele>664.000</ele>
      </trkpt>
      <trkpt lat="42.164270000" lon="2.197940000">
        <ele>663.000</ele>
      </trkpt>
      <trkpt lat="42.164400000" lon="2.198070000">
        <ele>662.000</ele>
      </trkpt>
      <trkpt lat="42.164560000" lon="2.198240000">
        <ele>661.000</ele>
      </trkpt>
      <trkpt lat="42.164870000" lon="2.198570000">
        <ele>659.000</ele>
      </trkpt>
      <trkpt lat="42.165080000" lon="2.198770000">
        <ele>658.000</ele>
      </trkpt>
      <trkpt lat="42.165140000" lon="2.198820000">
        <ele>657.000</ele>
      </trkpt>
      <trkpt lat="42.165180000" lon="2.198860000">
        <ele>657.000</ele>
      </trkpt>
      <trkpt lat="42.165180000" lon="2.198900000">
        <ele>657.000</ele>
      </trkpt>
      <trkpt lat="42.165180000" lon="2.198940000">
        <ele>656.000</ele>
      </trkpt>
      <trkpt lat="42.165200000" lon="2.198980000">
        <ele>656.000</ele>
      </trkpt>
      <trkpt lat="42.165220000" lon="2.199020000">
        <ele>656.000</ele>
      </trkpt>
      <trkpt lat="42.165240000" lon="2.199040000">
        <ele>656.000</ele>
      </trkpt>
      <trkpt lat="42.165280000" lon="2.199060000">
        <ele>657.000</ele>
      </trkpt>
      <trkpt lat="42.165400000" lon="2.199160000">
        <ele>657.000</ele>
      </trkpt>
      <trkpt lat="42.165460000" lon="2.199230000">
        <ele>657.000</ele>
      </trkpt>
      <trkpt lat="42.165530000" lon="2.199310000">
        <ele>657.000</ele>
      </trkpt>
      <trkpt lat="42.165600000" lon="2.199400000">
        <ele>658.000</ele>
      </trkpt>
      <trkpt lat="42.165690000" lon="2.199490000">
        <ele>658.000</ele>
      </trkpt>
      <trkpt lat="42.165820000" lon="2.199620000">
        <ele>658.000</ele>
      </trkpt>
      <trkpt lat="42.165930000" lon="2.199700000">
        <ele>659.000</ele>
      </trkpt>
      <trkpt lat="42.166050000" lon="2.199780000">
        <ele>659.000</ele>
      </trkpt>
      <trkpt lat="42.166160000" lon="2.199850000">
        <ele>660.000</ele>
      </trkpt>
      <trkpt lat="42.166280000" lon="2.199900000">
        <ele>660.000</ele>
      </trkpt>
      <trkpt lat="42.166410000" lon="2.199940000">
        <ele>661.000</ele>
      </trkpt>
      <trkpt lat="42.166530000" lon="2.199970000">
        <ele>661.000</ele>
      </trkpt>
      <trkpt lat="42.166670000" lon="2.199990000">
        <ele>662.000</ele>
      </trkpt>
      <trkpt lat="42.166830000" lon="2.199990000">
        <ele>662.000</ele>
      </trkpt>
      <trkpt lat="42.166980000" lon="2.199980000">
        <ele>662.000</ele>
      </trkpt>
      <trkpt lat="42.167120000" lon="2.199950000">
        <ele>662.000</ele>
      </trkpt>
      <trkpt lat="42.167240000" lon="2.199910000">
        <ele>662.000</ele>
      </trkpt>
      <trkpt lat="42.167370000" lon="2.199860000">
        <ele>662.000</ele>
      </trkpt>
      <trkpt lat="42.167470000" lon="2.199800000">
        <ele>661.000</ele>
      </trkpt>
      <trkpt lat="42.167570000" lon="2.199760000">
        <ele>661.000</ele>
      </trkpt>
      <trkpt lat="42.167700000" lon="2.199660000">
        <ele>661.000</ele>
      </trkpt>
      <trkpt lat="42.167830000" lon="2.199540000">
        <ele>661.000</ele>
      </trkpt>
      <trkpt lat="42.167930000" lon="2.199450000">
        <ele>661.000</ele>
      </trkpt>
      <trkpt lat="42.168010000" lon="2.199360000">
        <ele>660.000</ele>
      </trkpt>
      <trkpt lat="42.168130000" lon="2.199200000">
        <ele>660.000</ele>
      </trkpt>
      <trkpt lat="42.168960000" lon="2.198010000">
        <ele>659.000</ele>
      </trkpt>
      <trkpt lat="42.169490000" lon="2.197280000">
        <ele>659.000</ele>
      </trkpt>
      <trkpt lat="42.170100000" lon="2.196390000">
        <ele>659.000</ele>
      </trkpt>
      <trkpt lat="42.170340000" lon="2.196050000">
        <ele>659.000</ele>
      </trkpt>
      <trkpt lat="42.170340000" lon="2.196050000">
        <ele>659.000</ele>
      </trkpt>
      <trkpt lat="42.170550000" lon="2.195750000">
        <ele>660.000</ele>
      </trkpt>
      <trkpt lat="42.170790000" lon="2.195380000">
        <ele>660.000</ele>
      </trkpt>
      <trkpt lat="42.171370000" lon="2.194540000">
        <ele>662.000</ele>
      </trkpt>
      <trkpt lat="42.171870000" lon="2.193770000">
        <ele>663.000</ele>
      </trkpt>
      <trkpt lat="42.171890000" lon="2.193740000">
        <ele>664.000</ele>
      </trkpt>
      <trkpt lat="42.172100000" lon="2.193460000">
        <ele>665.000</ele>
      </trkpt>
      <trkpt lat="42.172380000" lon="2.193210000">
        <ele>665.000</ele>
      </trkpt>
      <trkpt lat="42.172720000" lon="2.193000000">
        <ele>665.000</ele>
      </trkpt>
      <trkpt lat="42.173050000" lon="2.192940000">
        <ele>665.000</ele>
      </trkpt>
      <trkpt lat="42.175000000" lon="2.193110000">
        <ele>665.000</ele>
      </trkpt>
      <trkpt lat="42.175440000" lon="2.193260000">
        <ele>664.000</ele>
      </trkpt>
      <trkpt lat="42.175600000" lon="2.193320000">
        <ele>664.000</ele>
      </trkpt>
      <trkpt lat="42.175830000" lon="2.193430000">
        <ele>663.000</ele>
      </trkpt>
      <trkpt lat="42.176200000" lon="2.193620000">
        <ele>663.000</ele>
      </trkpt>
      <trkpt lat="42.176410000" lon="2.193730000">
        <ele>662.000</ele>
      </trkpt>
      <trkpt lat="42.176660000" lon="2.193870000">
        <ele>662.000</ele>
      </trkpt>
      <trkpt lat="42.176760000" lon="2.193920000">
        <ele>661.000</ele>
      </trkpt>
      <trkpt lat="42.176900000" lon="2.193970000">
        <ele>661.000</ele>
      </trkpt>
      <trkpt lat="42.177120000" lon="2.194050000">
        <ele>661.000</ele>
      </trkpt>
      <trkpt lat="42.177210000" lon="2.194080000">
        <ele>662.000</ele>
      </trkpt>
      <trkpt lat="42.177460000" lon="2.194140000">
        <ele>662.000</ele>
      </trkpt>
      <trkpt lat="42.177980000" lon="2.194250000">
        <ele>663.000</ele>
      </trkpt>
      <trkpt lat="42.178190000" lon="2.194290000">
        <ele>664.000</ele>
      </trkpt>
      <trkpt lat="42.178550000" lon="2.194370000">
        <ele>665.000</ele>
      </trkpt>
      <trkpt lat="42.178660000" lon="2.194390000">
        <ele>665.000</ele>
      </trkpt>
      <trkpt lat="42.179390000" lon="2.194520000">
        <ele>666.000</ele>
      </trkpt>
      <trkpt lat="42.179860000" lon="2.194620000">
        <ele>667.000</ele>
      </trkpt>
      <trkpt lat="42.180340000" lon="2.194710000">
        <ele>668.000</ele>
      </trkpt>
      <trkpt lat="42.180860000" lon="2.194830000">
        <ele>669.000</ele>
      </trkpt>
      <trkpt lat="42.181360000" lon="2.194960000">
        <ele>670.000</ele>
      </trkpt>
      <trkpt lat="42.182010000" lon="2.195150000">
        <ele>671.000</ele>
      </trkpt>
      <trkpt lat="42.182260000" lon="2.195250000">
        <ele>671.000</ele>
      </trkpt>
      <trkpt lat="42.182380000" lon="2.195290000">
        <ele>672.000</ele>
      </trkpt>
      <trkpt lat="42.183060000" lon="2.195560000">
        <ele>673.000</ele>
      </trkpt>
      <trkpt lat="42.183120000" lon="2.195580000">
        <ele>674.000</ele>
      </trkpt>
      <trkpt lat="42.183390000" lon="2.195660000">
        <ele>675.000</ele>
      </trkpt>
      <trkpt lat="42.183470000" lon="2.195670000">
        <ele>675.000</ele>
      </trkpt>
      <trkpt lat="42.183560000" lon="2.195720000">
        <ele>676.000</ele>
      </trkpt>
      <trkpt lat="42.183670000" lon="2.195790000">
        <ele>676.000</ele>
      </trkpt>
      <trkpt lat="42.183730000" lon="2.195850000">
        <ele>677.000</ele>
      </trkpt>
      <trkpt lat="42.183740000" lon="2.195870000">
        <ele>677.000</ele>
      </trkpt>
      <trkpt lat="42.183750000" lon="2.195900000">
        <ele>677.000</ele>
      </trkpt>
      <trkpt lat="42.183770000" lon="2.195920000">
        <ele>677.000</ele>
      </trkpt>
      <trkpt lat="42.183790000" lon="2.195930000">
        <ele>678.000</ele>
      </trkpt>
      <trkpt lat="42.183810000" lon="2.195940000">
        <ele>678.000</ele>
      </trkpt>
      <trkpt lat="42.183830000" lon="2.195950000">
        <ele>678.000</ele>
      </trkpt>
      <trkpt lat="42.183850000" lon="2.195950000">
        <ele>678.000</ele>
      </trkpt>
      <trkpt lat="42.183870000" lon="2.195950000">
        <ele>678.000</ele>
      </trkpt>
      <trkpt lat="42.183890000" lon="2.195950000">
        <ele>678.000</ele>
      </trkpt>
      <trkpt lat="42.183920000" lon="2.195930000">
        <ele>678.000</ele>
      </trkpt>
      <trkpt lat="42.183930000" lon="2.195920000">
        <ele>678.000</ele>
      </trkpt>
      <trkpt lat="42.183950000" lon="2.195900000">
        <ele>678.000</ele>
      </trkpt>
      <trkpt lat="42.184020000" lon="2.195890000">
        <ele>678.000</ele>
      </trkpt>
      <trkpt lat="42.184100000" lon="2.195890000">
        <ele>678.000</ele>
      </trkpt>
      <trkpt lat="42.184190000" lon="2.195920000">
        <ele>678.000</ele>
      </trkpt>
      <trkpt lat="42.184520000" lon="2.196050000">
        <ele>678.000</ele>
      </trkpt>
      <trkpt lat="42.184570000" lon="2.196070000">
        <ele>678.000</ele>
      </trkpt>
      <trkpt lat="42.184760000" lon="2.196120000">
        <ele>678.000</ele>
      </trkpt>
      <trkpt lat="42.184810000" lon="2.196140000">
        <ele>678.000</ele>
      </trkpt>
      <trkpt lat="42.185600000" lon="2.196410000">
        <ele>677.000</ele>
      </trkpt>
      <trkpt lat="42.185670000" lon="2.196430000">
        <ele>677.000</ele>
      </trkpt>
      <trkpt lat="42.185780000" lon="2.196470000">
        <ele>677.000</ele>
      </trkpt>
      <trkpt lat="42.185780000" lon="2.196470000">
        <ele>677.000</ele>
      </trkpt>
      <trkpt lat="42.185840000" lon="2.196490000">
        <ele>677.000</ele>
      </trkpt>
      <trkpt lat="42.186010000" lon="2.196550000">
        <ele>677.000</ele>
      </trkpt>
      <trkpt lat="42.186240000" lon="2.196610000">
        <ele>677.000</ele>
      </trkpt>
      <trkpt lat="42.186360000" lon="2.196650000">
        <ele>677.000</ele>
      </trkpt>
      <trkpt lat="42.186500000" lon="2.196670000">
        <ele>677.000</ele>
      </trkpt>
      <trkpt lat="42.186630000" lon="2.196660000">
        <ele>677.000</ele>
      </trkpt>
      <trkpt lat="42.186770000" lon="2.196640000">
        <ele>678.000</ele>
      </trkpt>
      <trkpt lat="42.186830000" lon="2.196610000">
        <ele>678.000</ele>
      </trkpt>
      <trkpt lat="42.186890000" lon="2.196580000">
        <ele>678.000</ele>
      </trkpt>
      <trkpt lat="42.187000000" lon="2.196560000">
        <ele>678.000</ele>
      </trkpt>
      <trkpt lat="42.187060000" lon="2.196550000">
        <ele>678.000</ele>
      </trkpt>
      <trkpt lat="42.187110000" lon="2.196530000">
        <ele>678.000</ele>
      </trkpt>
      <trkpt lat="42.187120000" lon="2.196550000">
        <ele>678.000</ele>
      </trkpt>
      <trkpt lat="42.187130000" lon="2.196570000">
        <ele>678.000</ele>
      </trkpt>
      <trkpt lat="42.187150000" lon="2.196580000">
        <ele>679.000</ele>
      </trkpt>
      <trkpt lat="42.187160000" lon="2.196590000">
        <ele>679.000</ele>
      </trkpt>
      <trkpt lat="42.187180000" lon="2.196600000">
        <ele>679.000</ele>
      </trkpt>
      <trkpt lat="42.187190000" lon="2.196600000">
        <ele>679.000</ele>
      </trkpt>
      <trkpt lat="42.187210000" lon="2.196600000">
        <ele>679.000</ele>
      </trkpt>
      <trkpt lat="42.187230000" lon="2.196600000">
        <ele>679.000</ele>
      </trkpt>
      <trkpt lat="42.187250000" lon="2.196600000">
        <ele>679.000</ele>
      </trkpt>
      <trkpt lat="42.187270000" lon="2.196590000">
        <ele>679.000</ele>
      </trkpt>
      <trkpt lat="42.187280000" lon="2.196580000">
        <ele>679.000</ele>
      </trkpt>
      <trkpt lat="42.187300000" lon="2.196560000">
        <ele>679.000</ele>
      </trkpt>
      <trkpt lat="42.187320000" lon="2.196550000">
        <ele>679.000</ele>
      </trkpt>
      <trkpt lat="42.187330000" lon="2.196530000">
        <ele>679.000</ele>
      </trkpt>
      <trkpt lat="42.187340000" lon="2.196500000">
        <ele>679.000</ele>
      </trkpt>
      <trkpt lat="42.187350000" lon="2.196480000">
        <ele>679.000</ele>
      </trkpt>
      <trkpt lat="42.187350000" lon="2.196460000">
        <ele>679.000</ele>
      </trkpt>
      <trkpt lat="42.187360000" lon="2.196430000">
        <ele>679.000</ele>
      </trkpt>
      <trkpt lat="42.187360000" lon="2.196410000">
        <ele>679.000</ele>
      </trkpt>
      <trkpt lat="42.187550000" lon="2.196130000">
        <ele>679.000</ele>
      </trkpt>
      <trkpt lat="42.187960000" lon="2.195860000">
        <ele>679.000</ele>
      </trkpt>
      <trkpt lat="42.189260000" lon="2.194960000">
        <ele>680.000</ele>
      </trkpt>
      <trkpt lat="42.189620000" lon="2.194590000">
        <ele>681.000</ele>
      </trkpt>
      <trkpt lat="42.189660000" lon="2.194580000">
        <ele>681.000</ele>
      </trkpt>
      <trkpt lat="42.189760000" lon="2.194510000">
        <ele>681.000</ele>
      </trkpt>
      <trkpt lat="42.189840000" lon="2.194500000">
        <ele>681.000</ele>
      </trkpt>
      <trkpt lat="42.189880000" lon="2.194490000">
        <ele>681.000</ele>
      </trkpt>
      <trkpt lat="42.189940000" lon="2.194530000">
        <ele>681.000</ele>
      </trkpt>
      <trkpt lat="42.190000000" lon="2.194710000">
        <ele>681.000</ele>
      </trkpt>
      <trkpt lat="42.190010000" lon="2.194840000">
        <ele>681.000</ele>
      </trkpt>
      <trkpt lat="42.190040000" lon="2.195020000">
        <ele>681.000</ele>
      </trkpt>
      <trkpt lat="42.190090000" lon="2.195360000">
        <ele>681.000</ele>
      </trkpt>
      <trkpt lat="42.190150000" lon="2.195690000">
        <ele>681.000</ele>
      </trkpt>
      <trkpt lat="42.190180000" lon="2.195850000">
        <ele>681.000</ele>
      </trkpt>
      <trkpt lat="42.190210000" lon="2.195990000">
        <ele>681.000</ele>
      </trkpt>
      <trkpt lat="42.190290000" lon="2.196320000">
        <ele>681.000</ele>
      </trkpt>
      <trkpt lat="42.190350000" lon="2.196500000">
        <ele>681.000</ele>
      </trkpt>
      <trkpt lat="42.190390000" lon="2.196640000">
        <ele>680.000</ele>
      </trkpt>
      <trkpt lat="42.190440000" lon="2.196770000">
        <ele>680.000</ele>
      </trkpt>
      <trkpt lat="42.190450000" lon="2.196830000">
        <ele>680.000</ele>
      </trkpt>
      <trkpt lat="42.190510000" lon="2.197010000">
        <ele>680.000</ele>
      </trkpt>
      <trkpt lat="42.190800000" lon="2.197830000">
        <ele>679.000</ele>
      </trkpt>
      <trkpt lat="42.190810000" lon="2.197920000">
        <ele>678.000</ele>
      </trkpt>
      <trkpt lat="42.190810000" lon="2.197970000">
        <ele>678.000</ele>
      </trkpt>
      <trkpt lat="42.190810000" lon="2.198010000">
        <ele>677.000</ele>
      </trkpt>
      <trkpt lat="42.190770000" lon="2.198040000">
        <ele>677.000</ele>
      </trkpt>
      <trkpt lat="42.190740000" lon="2.198080000">
        <ele>677.000</ele>
      </trkpt>
      <trkpt lat="42.190720000" lon="2.198140000">
        <ele>677.000</ele>
      </trkpt>
      <trkpt lat="42.190720000" lon="2.198200000">
        <ele>677.000</ele>
      </trkpt>
      <trkpt lat="42.190720000" lon="2.198260000">
        <ele>677.000</ele>
      </trkpt>
      <trkpt lat="42.190740000" lon="2.198310000">
        <ele>677.000</ele>
      </trkpt>
      <trkpt lat="42.190770000" lon="2.198350000">
        <ele>677.000</ele>
      </trkpt>
      <trkpt lat="42.190800000" lon="2.198390000">
        <ele>677.000</ele>
      </trkpt>
      <trkpt lat="42.190850000" lon="2.198410000">
        <ele>678.000</ele>
      </trkpt>
      <trkpt lat="42.190890000" lon="2.198410000">
        <ele>678.000</ele>
      </trkpt>
      <trkpt lat="42.190960000" lon="2.198450000">
        <ele>678.000</ele>
      </trkpt>
      <trkpt lat="42.191070000" lon="2.198550000">
        <ele>679.000</ele>
      </trkpt>
      <trkpt lat="42.191230000" lon="2.198780000">
        <ele>679.000</ele>
      </trkpt>
      <trkpt lat="42.191300000" lon="2.198850000">
        <ele>680.000</ele>
      </trkpt>
      <trkpt lat="42.191400000" lon="2.198950000">
        <ele>680.000</ele>
      </trkpt>
      <trkpt lat="42.191550000" lon="2.199050000">
        <ele>681.000</ele>
      </trkpt>
      <trkpt lat="42.191700000" lon="2.199120000">
        <ele>682.000</ele>
      </trkpt>
      <trkpt lat="42.191910000" lon="2.199170000">
        <ele>683.000</ele>
      </trkpt>
      <trkpt lat="42.193290000" lon="2.199150000">
        <ele>686.000</ele>
      </trkpt>
      <trkpt lat="42.193380000" lon="2.199140000">
        <ele>688.000</ele>
      </trkpt>
      <trkpt lat="42.193460000" lon="2.199120000">
        <ele>689.000</ele>
      </trkpt>
      <trkpt lat="42.193540000" lon="2.199090000">
        <ele>689.000</ele>
      </trkpt>
      <trkpt lat="42.193610000" lon="2.199060000">
        <ele>690.000</ele>
      </trkpt>
      <trkpt lat="42.193690000" lon="2.199020000">
        <ele>690.000</ele>
      </trkpt>
      <trkpt lat="42.193750000" lon="2.198980000">
        <ele>690.000</ele>
      </trkpt>
      <trkpt lat="42.193840000" lon="2.198910000">
        <ele>690.000</ele>
      </trkpt>
      <trkpt lat="42.193930000" lon="2.198820000">
        <ele>690.000</ele>
      </trkpt>
      <trkpt lat="42.194030000" lon="2.198720000">
        <ele>690.000</ele>
      </trkpt>
      <trkpt lat="42.194150000" lon="2.198590000">
        <ele>690.000</ele>
      </trkpt>
      <trkpt lat="42.194400000" lon="2.198300000">
        <ele>689.000</ele>
      </trkpt>
      <trkpt lat="42.194510000" lon="2.198190000">
        <ele>689.000</ele>
      </trkpt>
      <trkpt lat="42.195010000" lon="2.197630000">
        <ele>688.000</ele>
      </trkpt>
      <trkpt lat="42.195010000" lon="2.197630000">
        <ele>688.000</ele>
      </trkpt>
      <trkpt lat="42.195410000" lon="2.197190000">
        <ele>687.000</ele>
      </trkpt>
      <trkpt lat="42.195620000" lon="2.196950000">
        <ele>687.000</ele>
      </trkpt>
      <trkpt lat="42.195670000" lon="2.196900000">
        <ele>687.000</ele>
      </trkpt>
      <trkpt lat="42.195700000" lon="2.196870000">
        <ele>687.000</ele>
      </trkpt>
      <trkpt lat="42.195920000" lon="2.196620000">
        <ele>687.000</ele>
      </trkpt>
      <trkpt lat="42.195980000" lon="2.196550000">
        <ele>687.000</ele>
      </trkpt>
      <trkpt lat="42.196020000" lon="2.196520000">
        <ele>687.000</ele>
      </trkpt>
      <trkpt lat="42.196200000" lon="2.196310000">
        <ele>687.000</ele>
      </trkpt>
      <trkpt lat="42.196270000" lon="2.196240000">
        <ele>687.000</ele>
      </trkpt>
      <trkpt lat="42.196360000" lon="2.196130000">
        <ele>687.000</ele>
      </trkpt>
      <trkpt lat="42.196800000" lon="2.195640000">
        <ele>687.000</ele>
      </trkpt>
      <trkpt lat="42.196850000" lon="2.195580000">
        <ele>687.000</ele>
      </trkpt>
      <trkpt lat="42.196960000" lon="2.195460000">
        <ele>687.000</ele>
      </trkpt>
      <trkpt lat="42.197060000" lon="2.195340000">
        <ele>687.000</ele>
      </trkpt>
      <trkpt lat="42.197110000" lon="2.195290000">
        <ele>687.000</ele>
      </trkpt>
      <trkpt lat="42.197180000" lon="2.195220000">
        <ele>687.000</ele>
      </trkpt>
      <trkpt lat="42.197340000" lon="2.195040000">
        <ele>687.000</ele>
      </trkpt>
      <trkpt lat="42.197420000" lon="2.194950000">
        <ele>687.000</ele>
      </trkpt>
      <trkpt lat="42.197460000" lon="2.194900000">
        <ele>688.000</ele>
      </trkpt>
      <trkpt lat="42.197720000" lon="2.194630000">
        <ele>688.000</ele>
      </trkpt>
      <trkpt lat="42.197780000" lon="2.194560000">
        <ele>688.000</ele>
      </trkpt>
      <trkpt lat="42.198020000" lon="2.194300000">
        <ele>688.000</ele>
      </trkpt>
      <trkpt lat="42.198280000" lon="2.194020000">
        <ele>689.000</ele>
      </trkpt>
      <trkpt lat="42.198320000" lon="2.193970000">
        <ele>689.000</ele>
      </trkpt>
      <trkpt lat="42.198370000" lon="2.193910000">
        <ele>689.000</ele>
      </trkpt>
      <trkpt lat="42.198590000" lon="2.193660000">
        <ele>689.000</ele>
      </trkpt>
      <trkpt lat="42.198820000" lon="2.193410000">
        <ele>689.000</ele>
      </trkpt>
      <trkpt lat="42.199250000" lon="2.192920000">
        <ele>689.000</ele>
      </trkpt>
      <trkpt lat="42.199290000" lon="2.192880000">
        <ele>689.000</ele>
      </trkpt>
      <trkpt lat="42.199330000" lon="2.192850000">
        <ele>689.000</ele>
      </trkpt>
      <trkpt lat="42.199350000" lon="2.192830000">
        <ele>689.000</ele>
      </trkpt>
      <trkpt lat="42.199390000" lon="2.192820000">
        <ele>689.000</ele>
      </trkpt>
      <trkpt lat="42.199420000" lon="2.192800000">
        <ele>689.000</ele>
      </trkpt>
      <trkpt lat="42.199520000" lon="2.192770000">
        <ele>689.000</ele>
      </trkpt>
      <trkpt lat="42.199580000" lon="2.192750000">
        <ele>689.000</ele>
      </trkpt>
      <trkpt lat="42.199640000" lon="2.192720000">
        <ele>689.000</ele>
      </trkpt>
      <trkpt lat="42.199740000" lon="2.192660000">
        <ele>689.000</ele>
      </trkpt>
      <trkpt lat="42.199770000" lon="2.192630000">
        <ele>690.000</ele>
      </trkpt>
      <trkpt lat="42.199790000" lon="2.192600000">
        <ele>690.000</ele>
      </trkpt>
      <trkpt lat="42.199800000" lon="2.192560000">
        <ele>690.000</ele>
      </trkpt>
      <trkpt lat="42.199800000" lon="2.192540000">
        <ele>690.000</ele>
      </trkpt>
      <trkpt lat="42.199810000" lon="2.192520000">
        <ele>690.000</ele>
      </trkpt>
      <trkpt lat="42.199820000" lon="2.192330000">
        <ele>690.000</ele>
      </trkpt>
      <trkpt lat="42.199830000" lon="2.192220000">
        <ele>690.000</ele>
      </trkpt>
      <trkpt lat="42.199830000" lon="2.192180000">
        <ele>690.000</ele>
      </trkpt>
      <trkpt lat="42.199840000" lon="2.192160000">
        <ele>690.000</ele>
      </trkpt>
      <trkpt lat="42.199850000" lon="2.192140000">
        <ele>690.000</ele>
      </trkpt>
      <trkpt lat="42.199860000" lon="2.192120000">
        <ele>691.000</ele>
      </trkpt>
      <trkpt lat="42.199890000" lon="2.192070000">
        <ele>691.000</ele>
      </trkpt>
      <trkpt lat="42.199970000" lon="2.191950000">
        <ele>691.000</ele>
      </trkpt>
      <trkpt lat="42.200030000" lon="2.191840000">
        <ele>691.000</ele>
      </trkpt>
      <trkpt lat="42.200070000" lon="2.191790000">
        <ele>691.000</ele>
      </trkpt>
      <trkpt lat="42.200110000" lon="2.191720000">
        <ele>691.000</ele>
      </trkpt>
      <trkpt lat="42.200330000" lon="2.191350000">
        <ele>692.000</ele>
      </trkpt>
      <trkpt lat="42.200360000" lon="2.191300000">
        <ele>692.000</ele>
      </trkpt>
      <trkpt lat="42.200560000" lon="2.190980000">
        <ele>693.000</ele>
      </trkpt>
      <trkpt lat="42.200650000" lon="2.190850000">
        <ele>693.000</ele>
      </trkpt>
      <trkpt lat="42.200710000" lon="2.190750000">
        <ele>693.000</ele>
      </trkpt>
      <trkpt lat="42.200640000" lon="2.190640000">
        <ele>694.000</ele>
      </trkpt>
      <trkpt lat="42.200610000" lon="2.190610000">
        <ele>694.000</ele>
      </trkpt>
      <trkpt lat="42.200600000" lon="2.190590000">
        <ele>694.000</ele>
      </trkpt>
      <trkpt lat="42.200600000" lon="2.190570000">
        <ele>694.000</ele>
      </trkpt>
      <trkpt lat="42.200600000" lon="2.190540000">
        <ele>695.000</ele>
      </trkpt>
      <trkpt lat="42.200610000" lon="2.190520000">
        <ele>695.000</ele>
      </trkpt>
      <trkpt lat="42.200620000" lon="2.190490000">
        <ele>695.000</ele>
      </trkpt>
      <trkpt lat="42.200640000" lon="2.190450000">
        <ele>695.000</ele>
      </trkpt>
      <trkpt lat="42.200660000" lon="2.190410000">
        <ele>695.000</ele>
      </trkpt>
      <trkpt lat="42.200710000" lon="2.190300000">
        <ele>695.000</ele>
      </trkpt>
      <trkpt lat="42.200730000" lon="2.190280000">
        <ele>695.000</ele>
      </trkpt>
      <trkpt lat="42.200740000" lon="2.190240000">
        <ele>695.000</ele>
      </trkpt>
      <trkpt lat="42.200750000" lon="2.190200000">
        <ele>696.000</ele>
      </trkpt>
      <trkpt lat="42.200750000" lon="2.190140000">
        <ele>696.000</ele>
      </trkpt>
      <trkpt lat="42.200800000" lon="2.189440000">
        <ele>696.000</ele>
      </trkpt>
      <trkpt lat="42.200850000" lon="2.189120000">
        <ele>697.000</ele>
      </trkpt>
      <trkpt lat="42.200850000" lon="2.189080000">
        <ele>698.000</ele>
      </trkpt>
      <trkpt lat="42.201030000" lon="2.188560000">
        <ele>698.000</ele>
      </trkpt>
      <trkpt lat="42.201050000" lon="2.188530000">
        <ele>699.000</ele>
      </trkpt>
      <trkpt lat="42.201070000" lon="2.188500000">
        <ele>699.000</ele>
      </trkpt>
      <trkpt lat="42.201090000" lon="2.188460000">
        <ele>700.000</ele>
      </trkpt>
      <trkpt lat="42.201110000" lon="2.188400000">
        <ele>700.000</ele>
      </trkpt>
      <trkpt lat="42.201120000" lon="2.188340000">
        <ele>700.000</ele>
      </trkpt>
      <trkpt lat="42.201130000" lon="2.188300000">
        <ele>700.000</ele>
      </trkpt>
      <trkpt lat="42.201140000" lon="2.188240000">
        <ele>700.000</ele>
      </trkpt>
      <trkpt lat="42.201150000" lon="2.188170000">
        <ele>700.000</ele>
      </trkpt>
      <trkpt lat="42.201170000" lon="2.188120000">
        <ele>700.000</ele>
      </trkpt>
      <trkpt lat="42.201430000" lon="2.187380000">
        <ele>700.000</ele>
      </trkpt>
      <trkpt lat="42.201460000" lon="2.187300000">
        <ele>700.000</ele>
      </trkpt>
      <trkpt lat="42.201690000" lon="2.186620000">
        <ele>700.000</ele>
      </trkpt>
      <trkpt lat="42.201690000" lon="2.186620000">
        <ele>700.000</ele>
      </trkpt>
      <trkpt lat="42.201770000" lon="2.186380000">
        <ele>700.000</ele>
      </trkpt>
      <trkpt lat="42.201790000" lon="2.186300000">
        <ele>700.000</ele>
      </trkpt>
      <trkpt lat="42.202010000" lon="2.185680000">
        <ele>700.000</ele>
      </trkpt>
      <trkpt lat="42.202030000" lon="2.185620000">
        <ele>701.000</ele>
      </trkpt>
      <trkpt lat="42.202130000" lon="2.185310000">
        <ele>701.000</ele>
      </trkpt>
      <trkpt lat="42.202340000" lon="2.184690000">
        <ele>701.000</ele>
      </trkpt>
      <trkpt lat="42.202400000" lon="2.184490000">
        <ele>701.000</ele>
      </trkpt>
      <trkpt lat="42.202670000" lon="2.183650000">
        <ele>701.000</ele>
      </trkpt>
      <trkpt lat="42.202700000" lon="2.183550000">
        <ele>701.000</ele>
      </trkpt>
      <trkpt lat="42.202730000" lon="2.183480000">
        <ele>701.000</ele>
      </trkpt>
      <trkpt lat="42.202780000" lon="2.183420000">
        <ele>701.000</ele>
      </trkpt>
      <trkpt lat="42.202810000" lon="2.183370000">
        <ele>701.000</ele>
      </trkpt>
      <trkpt lat="42.202890000" lon="2.183280000">
        <ele>701.000</ele>
      </trkpt>
      <trkpt lat="42.202930000" lon="2.183220000">
        <ele>701.000</ele>
      </trkpt>
      <trkpt lat="42.202960000" lon="2.183160000">
        <ele>701.000</ele>
      </trkpt>
      <trkpt lat="42.202990000" lon="2.183110000">
        <ele>701.000</ele>
      </trkpt>
      <trkpt lat="42.203010000" lon="2.183110000">
        <ele>701.000</ele>
      </trkpt>
      <trkpt lat="42.203030000" lon="2.183090000">
        <ele>701.000</ele>
      </trkpt>
      <trkpt lat="42.203060000" lon="2.183060000">
        <ele>701.000</ele>
      </trkpt>
      <trkpt lat="42.203100000" lon="2.183010000">
        <ele>701.000</ele>
      </trkpt>
      <trkpt lat="42.203120000" lon="2.182960000">
        <ele>701.000</ele>
      </trkpt>
      <trkpt lat="42.203130000" lon="2.182910000">
        <ele>701.000</ele>
      </trkpt>
      <trkpt lat="42.203150000" lon="2.182840000">
        <ele>701.000</ele>
      </trkpt>
      <trkpt lat="42.203180000" lon="2.182750000">
        <ele>701.000</ele>
      </trkpt>
      <trkpt lat="42.203230000" lon="2.182680000">
        <ele>701.000</ele>
      </trkpt>
      <trkpt lat="42.203270000" lon="2.182640000">
        <ele>700.000</ele>
      </trkpt>
      <trkpt lat="42.203390000" lon="2.182490000">
        <ele>700.000</ele>
      </trkpt>
      <trkpt lat="42.203670000" lon="2.182210000">
        <ele>700.000</ele>
      </trkpt>
      <trkpt lat="42.203730000" lon="2.182140000">
        <ele>700.000</ele>
      </trkpt>
      <trkpt lat="42.203790000" lon="2.182070000">
        <ele>700.000</ele>
      </trkpt>
      <trkpt lat="42.203840000" lon="2.182000000">
        <ele>699.000</ele>
      </trkpt>
      <trkpt lat="42.203890000" lon="2.181940000">
        <ele>699.000</ele>
      </trkpt>
      <trkpt lat="42.203930000" lon="2.181860000">
        <ele>699.000</ele>
      </trkpt>
      <trkpt lat="42.203980000" lon="2.181770000">
        <ele>699.000</ele>
      </trkpt>
      <trkpt lat="42.204050000" lon="2.181630000">
        <ele>699.000</ele>
      </trkpt>
      <trkpt lat="42.204150000" lon="2.181400000">
        <ele>699.000</ele>
      </trkpt>
      <trkpt lat="42.204240000" lon="2.181150000">
        <ele>699.000</ele>
      </trkpt>
      <trkpt lat="42.204300000" lon="2.180940000">
        <ele>700.000</ele>
      </trkpt>
      <trkpt lat="42.204340000" lon="2.180730000">
        <ele>700.000</ele>
      </trkpt>
      <trkpt lat="42.204360000" lon="2.180480000">
        <ele>701.000</ele>
      </trkpt>
      <trkpt lat="42.204370000" lon="2.180200000">
        <ele>702.000</ele>
      </trkpt>
      <trkpt lat="42.204390000" lon="2.179310000">
        <ele>703.000</ele>
      </trkpt>
      <trkpt lat="42.204430000" lon="2.178430000">
        <ele>705.000</ele>
      </trkpt>
      <trkpt lat="42.204480000" lon="2.178060000">
        <ele>706.000</ele>
      </trkpt>
      <trkpt lat="42.204540000" lon="2.177790000">
        <ele>707.000</ele>
      </trkpt>
      <trkpt lat="42.204600000" lon="2.177610000">
        <ele>708.000</ele>
      </trkpt>
      <trkpt lat="42.204650000" lon="2.177440000">
        <ele>708.000</ele>
      </trkpt>
      <trkpt lat="42.205710000" lon="2.175000000">
        <ele>709.000</ele>
      </trkpt>
      <trkpt lat="42.206100000" lon="2.174120000">
        <ele>709.000</ele>
      </trkpt>
      <trkpt lat="42.206380000" lon="2.173480000">
        <ele>709.000</ele>
      </trkpt>
      <trkpt lat="42.206790000" lon="2.172540000">
        <ele>709.000</ele>
      </trkpt>
      <trkpt lat="42.206950000" lon="2.172230000">
        <ele>709.000</ele>
      </trkpt>
      <trkpt lat="42.207140000" lon="2.171910000">
        <ele>709.000</ele>
      </trkpt>
      <trkpt lat="42.207410000" lon="2.171650000">
        <ele>710.000</ele>
      </trkpt>
      <trkpt lat="42.208140000" lon="2.171130000">
        <ele>710.000</ele>
      </trkpt>
      <trkpt lat="42.208380000" lon="2.170960000">
        <ele>711.000</ele>
      </trkpt>
      <trkpt lat="42.209170000" lon="2.170360000">
        <ele>712.000</ele>
      </trkpt>
      <trkpt lat="42.209270000" lon="2.170280000">
        <ele>712.000</ele>
      </trkpt>
      <trkpt lat="42.209390000" lon="2.170180000">
        <ele>713.000</ele>
      </trkpt>
      <trkpt lat="42.209450000" lon="2.170150000">
        <ele>713.000</ele>
      </trkpt>
      <trkpt lat="42.209730000" lon="2.169990000">
        <ele>714.000</ele>
      </trkpt>
      <trkpt lat="42.209880000" lon="2.169930000">
        <ele>714.000</ele>
      </trkpt>
      <trkpt lat="42.209970000" lon="2.169880000">
        <ele>714.000</ele>
      </trkpt>
      <trkpt lat="42.212550000" lon="2.169260000">
        <ele>715.000</ele>
      </trkpt>
      <trkpt lat="42.212550000" lon="2.169260000">
        <ele>716.000</ele>
      </trkpt>
      <trkpt lat="42.212830000" lon="2.169200000">
        <ele>717.000</ele>
      </trkpt>
      <trkpt lat="42.214200000" lon="2.168860000">
        <ele>718.000</ele>
      </trkpt>
      <trkpt lat="42.214470000" lon="2.168790000">
        <ele>720.000</ele>
      </trkpt>
      <trkpt lat="42.215020000" lon="2.168650000">
        <ele>721.000</ele>
      </trkpt>
      <trkpt lat="42.215520000" lon="2.168590000">
        <ele>722.000</ele>
      </trkpt>
      <trkpt lat="42.215830000" lon="2.168550000">
        <ele>722.000</ele>
      </trkpt>
      <trkpt lat="42.216030000" lon="2.168570000">
        <ele>723.000</ele>
      </trkpt>
      <trkpt lat="42.219280000" lon="2.169560000">
        <ele>724.000</ele>
      </trkpt>
      <trkpt lat="42.219660000" lon="2.169710000">
        <ele>725.000</ele>
      </trkpt>
      <trkpt lat="42.220080000" lon="2.169920000">
        <ele>727.000</ele>
      </trkpt>
      <trkpt lat="42.221290000" lon="2.170510000">
        <ele>730.000</ele>
      </trkpt>
      <trkpt lat="42.221410000" lon="2.170580000">
        <ele>732.000</ele>
      </trkpt>
      <trkpt lat="42.221440000" lon="2.170600000">
        <ele>733.000</ele>
      </trkpt>
      <trkpt lat="42.221690000" lon="2.170650000">
        <ele>734.000</ele>
      </trkpt>
      <trkpt lat="42.221920000" lon="2.170670000">
        <ele>735.000</ele>
      </trkpt>
      <trkpt lat="42.222300000" lon="2.170690000">
        <ele>736.000</ele>
      </trkpt>
      <trkpt lat="42.222420000" lon="2.170690000">
        <ele>736.000</ele>
      </trkpt>
      <trkpt lat="42.222440000" lon="2.170690000">
        <ele>737.000</ele>
      </trkpt>
      <trkpt lat="42.222460000" lon="2.170690000">
        <ele>737.000</ele>
      </trkpt>
      <trkpt lat="42.222480000" lon="2.170690000">
        <ele>737.000</ele>
      </trkpt>
      <trkpt lat="42.222660000" lon="2.170670000">
        <ele>738.000</ele>
      </trkpt>
      <trkpt lat="42.222700000" lon="2.170670000">
        <ele>738.000</ele>
      </trkpt>
      <trkpt lat="42.223040000" lon="2.170690000">
        <ele>738.000</ele>
      </trkpt>
      <trkpt lat="42.223390000" lon="2.170700000">
        <ele>739.000</ele>
      </trkpt>
      <trkpt lat="42.223470000" lon="2.170700000">
        <ele>739.000</ele>
      </trkpt>
      <trkpt lat="42.224070000" lon="2.170670000">
        <ele>739.000</ele>
      </trkpt>
      <trkpt lat="42.224210000" lon="2.170660000">
        <ele>740.000</ele>
      </trkpt>
      <trkpt lat="42.225190000" lon="2.170500000">
        <ele>740.000</ele>
      </trkpt>
      <trkpt lat="42.225740000" lon="2.170360000">
        <ele>740.000</ele>
      </trkpt>
      <trkpt lat="42.225880000" lon="2.170330000">
        <ele>740.000</ele>
      </trkpt>
      <trkpt lat="42.227950000" lon="2.169670000">
        <ele>739.000</ele>
      </trkpt>
      <trkpt lat="42.228190000" lon="2.169600000">
        <ele>739.000</ele>
      </trkpt>
      <trkpt lat="42.228540000" lon="2.169500000">
        <ele>739.000</ele>
      </trkpt>
      <trkpt lat="42.229610000" lon="2.169160000">
        <ele>741.000</ele>
      </trkpt>
      <trkpt lat="42.229850000" lon="2.169080000">
        <ele>743.000</ele>
      </trkpt>
      <trkpt lat="42.229920000" lon="2.169050000">
        <ele>744.000</ele>
      </trkpt>
      <trkpt lat="42.230610000" lon="2.168830000">
        <ele>746.000</ele>
      </trkpt>
      <trkpt lat="42.230770000" lon="2.168780000">
        <ele>747.000</ele>
      </trkpt>
      <trkpt lat="42.231100000" lon="2.168680000">
        <ele>749.000</ele>
      </trkpt>
      <trkpt lat="42.231370000" lon="2.168590000">
        <ele>751.000</ele>
      </trkpt>
      <trkpt lat="42.231620000" lon="2.168520000">
        <ele>752.000</ele>
      </trkpt>
      <trkpt lat="42.232090000" lon="2.168400000">
        <ele>753.000</ele>
      </trkpt>
      <trkpt lat="42.232470000" lon="2.168330000">
        <ele>754.000</ele>
      </trkpt>
      <trkpt lat="42.232820000" lon="2.168300000">
        <ele>755.000</ele>
      </trkpt>
      <trkpt lat="42.232930000" lon="2.168280000">
        <ele>755.000</ele>
      </trkpt>
      <trkpt lat="42.233090000" lon="2.168270000">
        <ele>756.000</ele>
      </trkpt>
      <trkpt lat="42.233970000" lon="2.168150000">
        <ele>756.000</ele>
      </trkpt>
      <trkpt lat="42.234630000" lon="2.168080000">
        <ele>756.000</ele>
      </trkpt>
      <trkpt lat="42.234630000" lon="2.168080000">
        <ele>756.000</ele>
      </trkpt>
      <trkpt lat="42.234720000" lon="2.168070000">
        <ele>757.000</ele>
      </trkpt>
      <trkpt lat="42.234980000" lon="2.168040000">
        <ele>757.000</ele>
      </trkpt>
      <trkpt lat="42.235140000" lon="2.168020000">
        <ele>757.000</ele>
      </trkpt>
      <trkpt lat="42.235330000" lon="2.168010000">
        <ele>757.000</ele>
      </trkpt>
      <trkpt lat="42.235510000" lon="2.168020000">
        <ele>757.000</ele>
      </trkpt>
      <trkpt lat="42.235700000" lon="2.168050000">
        <ele>757.000</ele>
      </trkpt>
      <trkpt lat="42.235880000" lon="2.168090000">
        <ele>757.000</ele>
      </trkpt>
      <trkpt lat="42.236270000" lon="2.168180000">
        <ele>758.000</ele>
      </trkpt>
      <trkpt lat="42.236500000" lon="2.168220000">
        <ele>758.000</ele>
      </trkpt>
      <trkpt lat="42.236710000" lon="2.168230000">
        <ele>759.000</ele>
      </trkpt>
      <trkpt lat="42.236890000" lon="2.168220000">
        <ele>759.000</ele>
      </trkpt>
      <trkpt lat="42.237160000" lon="2.168170000">
        <ele>760.000</ele>
      </trkpt>
      <trkpt lat="42.237560000" lon="2.168090000">
        <ele>760.000</ele>
      </trkpt>
      <trkpt lat="42.237840000" lon="2.168010000">
        <ele>761.000</ele>
      </trkpt>
      <trkpt lat="42.238010000" lon="2.167930000">
        <ele>762.000</ele>
      </trkpt>
      <trkpt lat="42.238220000" lon="2.167790000">
        <ele>762.000</ele>
      </trkpt>
      <trkpt lat="42.238410000" lon="2.167620000">
        <ele>762.000</ele>
      </trkpt>
      <trkpt lat="42.238620000" lon="2.167440000">
        <ele>763.000</ele>
      </trkpt>
      <trkpt lat="42.239110000" lon="2.167010000">
        <ele>763.000</ele>
      </trkpt>
      <trkpt lat="42.239290000" lon="2.166850000">
        <ele>764.000</ele>
      </trkpt>
      <trkpt lat="42.239470000" lon="2.166690000">
        <ele>764.000</ele>
      </trkpt>
      <trkpt lat="42.239650000" lon="2.166520000">
        <ele>764.000</ele>
      </trkpt>
      <trkpt lat="42.239990000" lon="2.166220000">
        <ele>765.000</ele>
      </trkpt>
      <trkpt lat="42.240190000" lon="2.166040000">
        <ele>765.000</ele>
      </trkpt>
      <trkpt lat="42.240570000" lon="2.165700000">
        <ele>766.000</ele>
      </trkpt>
      <trkpt lat="42.241090000" lon="2.165240000">
        <ele>767.000</ele>
      </trkpt>
      <trkpt lat="42.241490000" lon="2.164870000">
        <ele>768.000</ele>
      </trkpt>
      <trkpt lat="42.241670000" lon="2.164720000">
        <ele>769.000</ele>
      </trkpt>
      <trkpt lat="42.241760000" lon="2.164670000">
        <ele>769.000</ele>
      </trkpt>
      <trkpt lat="42.241840000" lon="2.164630000">
        <ele>770.000</ele>
      </trkpt>
      <trkpt lat="42.241920000" lon="2.164610000">
        <ele>770.000</ele>
      </trkpt>
      <trkpt lat="42.241980000" lon="2.164600000">
        <ele>771.000</ele>
      </trkpt>
      <trkpt lat="42.242030000" lon="2.164600000">
        <ele>771.000</ele>
      </trkpt>
      <trkpt lat="42.242150000" lon="2.164610000">
        <ele>771.000</ele>
      </trkpt>
      <trkpt lat="42.242260000" lon="2.164640000">
        <ele>772.000</ele>
      </trkpt>
      <trkpt lat="42.243610000" lon="2.165100000">
        <ele>773.000</ele>
      </trkpt>
      <trkpt lat="42.243900000" lon="2.165120000">
        <ele>774.000</ele>
      </trkpt>
      <trkpt lat="42.244200000" lon="2.165080000">
        <ele>775.000</ele>
      </trkpt>
      <trkpt lat="42.245240000" lon="2.164740000">
        <ele>774.000</ele>
      </trkpt>
      <trkpt lat="42.245450000" lon="2.164660000">
        <ele>774.000</ele>
      </trkpt>
      <trkpt lat="42.246500000" lon="2.164260000">
        <ele>775.000</ele>
      </trkpt>
      <trkpt lat="42.247160000" lon="2.164010000">
        <ele>777.000</ele>
      </trkpt>
      <trkpt lat="42.247430000" lon="2.163970000">
        <ele>779.000</ele>
      </trkpt>
      <trkpt lat="42.247680000" lon="2.164040000">
        <ele>781.000</ele>
      </trkpt>
      <trkpt lat="42.248240000" lon="2.164280000">
        <ele>783.000</ele>
      </trkpt>
      <trkpt lat="42.248470000" lon="2.164330000">
        <ele>786.000</ele>
      </trkpt>
      <trkpt lat="42.248750000" lon="2.164390000">
        <ele>788.000</ele>
      </trkpt>
      <trkpt lat="42.248910000" lon="2.164460000">
        <ele>790.000</ele>
      </trkpt>
      <trkpt lat="42.249010000" lon="2.164570000">
        <ele>792.000</ele>
      </trkpt>
      <trkpt lat="42.249150000" lon="2.164740000">
        <ele>793.000</ele>
      </trkpt>
      <trkpt lat="42.249250000" lon="2.164940000">
        <ele>795.000</ele>
      </trkpt>
      <trkpt lat="42.249420000" lon="2.165270000">
        <ele>796.000</ele>
      </trkpt>
      <trkpt lat="42.249610000" lon="2.165510000">
        <ele>797.000</ele>
      </trkpt>
      <trkpt lat="42.249790000" lon="2.165650000">
        <ele>797.000</ele>
      </trkpt>
      <trkpt lat="42.249970000" lon="2.165740000">
        <ele>798.000</ele>
      </trkpt>
      <trkpt lat="42.250210000" lon="2.165810000">
        <ele>799.000</ele>
      </trkpt>
      <trkpt lat="42.250300000" lon="2.165810000">
        <ele>799.000</ele>
      </trkpt>
      <trkpt lat="42.250400000" lon="2.165810000">
        <ele>800.000</ele>
      </trkpt>
      <trkpt lat="42.250460000" lon="2.165800000">
        <ele>800.000</ele>
      </trkpt>
      <trkpt lat="42.250510000" lon="2.165780000">
        <ele>801.000</ele>
      </trkpt>
      <trkpt lat="42.250580000" lon="2.165760000">
        <ele>801.000</ele>
      </trkpt>
      <trkpt lat="42.250650000" lon="2.165730000">
        <ele>801.000</ele>
      </trkpt>
      <trkpt lat="42.250700000" lon="2.165680000">
        <ele>801.000</ele>
      </trkpt>
      <trkpt lat="42.250750000" lon="2.165630000">
        <ele>801.000</ele>
      </trkpt>
      <trkpt lat="42.250990000" lon="2.165340000">
        <ele>801.000</ele>
      </trkpt>
      <trkpt lat="42.251410000" lon="2.164660000">
        <ele>800.000</ele>
      </trkpt>
      <trkpt lat="42.251720000" lon="2.164300000">
        <ele>798.000</ele>
      </trkpt>
      <trkpt lat="42.251860000" lon="2.164180000">
        <ele>798.000</ele>
      </trkpt>
      <trkpt lat="42.251960000" lon="2.164110000">
        <ele>797.000</ele>
      </trkpt>
      <trkpt lat="42.252140000" lon="2.164100000">
        <ele>796.000</ele>
      </trkpt>
      <trkpt lat="42.252320000" lon="2.164130000">
        <ele>796.000</ele>
      </trkpt>
      <trkpt lat="42.252460000" lon="2.164210000">
        <ele>796.000</ele>
      </trkpt>
      <trkpt lat="42.252570000" lon="2.164300000">
        <ele>796.000</ele>
      </trkpt>
      <trkpt lat="42.252750000" lon="2.164470000">
        <ele>796.000</ele>
      </trkpt>
      <trkpt lat="42.252920000" lon="2.164720000">
        <ele>797.000</ele>
      </trkpt>
      <trkpt lat="42.253180000" lon="2.165060000">
        <ele>797.000</ele>
      </trkpt>
      <trkpt lat="42.253510000" lon="2.165310000">
        <ele>798.000</ele>
      </trkpt>
      <trkpt lat="42.254120000" lon="2.165580000">
        <ele>800.000</ele>
      </trkpt>
      <trkpt lat="42.254420000" lon="2.165650000">
        <ele>801.000</ele>
      </trkpt>
      <trkpt lat="42.254810000" lon="2.165660000">
        <ele>802.000</ele>
      </trkpt>
      <trkpt lat="42.255250000" lon="2.165570000">
        <ele>803.000</ele>
      </trkpt>
      <trkpt lat="42.255570000" lon="2.165330000">
        <ele>803.000</ele>
      </trkpt>
      <trkpt lat="42.256340000" lon="2.164540000">
        <ele>804.000</ele>
      </trkpt>
      <trkpt lat="42.256540000" lon="2.164430000">
        <ele>805.000</ele>
      </trkpt>
      <trkpt lat="42.256760000" lon="2.164390000">
        <ele>805.000</ele>
      </trkpt>
      <trkpt lat="42.256960000" lon="2.164410000">
        <ele>806.000</ele>
      </trkpt>
      <trkpt lat="42.257150000" lon="2.164520000">
        <ele>806.000</ele>
      </trkpt>
      <trkpt lat="42.257310000" lon="2.164630000">
        <ele>806.000</ele>
      </trkpt>
      <trkpt lat="42.257440000" lon="2.164790000">
        <ele>806.000</ele>
      </trkpt>
      <trkpt lat="42.257790000" lon="2.165380000">
        <ele>806.000</ele>
      </trkpt>
      <trkpt lat="42.258010000" lon="2.165590000">
        <ele>806.000</ele>
      </trkpt>
      <trkpt lat="42.258080000" lon="2.165630000">
        <ele>806.000</ele>
      </trkpt>
      <trkpt lat="42.258290000" lon="2.165720000">
        <ele>806.000</ele>
      </trkpt>
      <trkpt lat="42.258570000" lon="2.165710000">
        <ele>806.000</ele>
      </trkpt>
      <trkpt lat="42.259670000" lon="2.165270000">
        <ele>808.000</ele>
      </trkpt>
      <trkpt lat="42.260310000" lon="2.164990000">
        <ele>809.000</ele>
      </trkpt>
      <trkpt lat="42.260950000" lon="2.164680000">
        <ele>811.000</ele>
      </trkpt>
      <trkpt lat="42.261110000" lon="2.164540000">
        <ele>813.000</ele>
      </trkpt>
      <trkpt lat="42.261250000" lon="2.164380000">
        <ele>814.000</ele>
      </trkpt>
      <trkpt lat="42.261360000" lon="2.164240000">
        <ele>816.000</ele>
      </trkpt>
      <trkpt lat="42.261450000" lon="2.164060000">
        <ele>817.000</ele>
      </trkpt>
      <trkpt lat="42.261710000" lon="2.163580000">
        <ele>818.000</ele>
      </trkpt>
      <trkpt lat="42.261880000" lon="2.163190000">
        <ele>819.000</ele>
      </trkpt>
      <trkpt lat="42.262020000" lon="2.162930000">
        <ele>819.000</ele>
      </trkpt>
      <trkpt lat="42.262200000" lon="2.162680000">
        <ele>819.000</ele>
      </trkpt>
      <trkpt lat="42.262360000" lon="2.162540000">
        <ele>819.000</ele>
      </trkpt>
      <trkpt lat="42.262560000" lon="2.162440000">
        <ele>819.000</ele>
      </trkpt>
      <trkpt lat="42.262760000" lon="2.162390000">
        <ele>819.000</ele>
      </trkpt>
      <trkpt lat="42.262950000" lon="2.162400000">
        <ele>819.000</ele>
      </trkpt>
      <trkpt lat="42.263340000" lon="2.162540000">
        <ele>819.000</ele>
      </trkpt>
      <trkpt lat="42.263630000" lon="2.162730000">
        <ele>819.000</ele>
      </trkpt>
      <trkpt lat="42.263760000" lon="2.162820000">
        <ele>819.000</ele>
      </trkpt>
      <trkpt lat="42.264260000" lon="2.163140000">
        <ele>820.000</ele>
      </trkpt>
      <trkpt lat="42.264520000" lon="2.163260000">
        <ele>821.000</ele>
      </trkpt>
      <trkpt lat="42.264680000" lon="2.163280000">
        <ele>821.000</ele>
      </trkpt>
      <trkpt lat="42.264790000" lon="2.163280000">
        <ele>822.000</ele>
      </trkpt>
      <trkpt lat="42.264940000" lon="2.163270000">
        <ele>822.000</ele>
      </trkpt>
      <trkpt lat="42.265090000" lon="2.163190000">
        <ele>823.000</ele>
      </trkpt>
      <trkpt lat="42.265220000" lon="2.163100000">
        <ele>823.000</ele>
      </trkpt>
      <trkpt lat="42.265440000" lon="2.162820000">
        <ele>823.000</ele>
      </trkpt>
      <trkpt lat="42.265620000" lon="2.162430000">
        <ele>823.000</ele>
      </trkpt>
      <trkpt lat="42.265860000" lon="2.161780000">
        <ele>823.000</ele>
      </trkpt>
      <trkpt lat="42.266020000" lon="2.161460000">
        <ele>823.000</ele>
      </trkpt>
      <trkpt lat="42.266210000" lon="2.161160000">
        <ele>823.000</ele>
      </trkpt>
      <trkpt lat="42.266650000" lon="2.160750000">
        <ele>824.000</ele>
      </trkpt>
      <trkpt lat="42.267090000" lon="2.160520000">
        <ele>826.000</ele>
      </trkpt>
      <trkpt lat="42.267710000" lon="2.160180000">
        <ele>828.000</ele>
      </trkpt>
      <trkpt lat="42.268260000" lon="2.159890000">
        <ele>830.000</ele>
      </trkpt>
      <trkpt lat="42.268780000" lon="2.159620000">
        <ele>834.000</ele>
      </trkpt>
      <trkpt lat="42.268980000" lon="2.159520000">
        <ele>837.000</ele>
      </trkpt>
      <trkpt lat="42.269410000" lon="2.159390000">
        <ele>841.000</ele>
      </trkpt>
      <trkpt lat="42.270030000" lon="2.159260000">
        <ele>846.000</ele>
      </trkpt>
      <trkpt lat="42.270130000" lon="2.159240000">
        <ele>849.000</ele>
      </trkpt>
      <trkpt lat="42.270410000" lon="2.159190000">
        <ele>851.000</ele>
      </trkpt>
      <trkpt lat="42.270800000" lon="2.159150000">
        <ele>851.000</ele>
      </trkpt>
      <trkpt lat="42.271120000" lon="2.159200000">
        <ele>851.000</ele>
      </trkpt>
      <trkpt lat="42.271700000" lon="2.159510000">
        <ele>850.000</ele>
      </trkpt>
      <trkpt lat="42.271950000" lon="2.159570000">
        <ele>848.000</ele>
      </trkpt>
      <trkpt lat="42.272270000" lon="2.159490000">
        <ele>848.000</ele>
      </trkpt>
      <trkpt lat="42.272830000" lon="2.159210000">
        <ele>848.000</ele>
      </trkpt>
      <trkpt lat="42.273180000" lon="2.159080000">
        <ele>849.000</ele>
      </trkpt>
      <trkpt lat="42.273280000" lon="2.159060000">
        <ele>849.000</ele>
      </trkpt>
      <trkpt lat="42.273420000" lon="2.159070000">
        <ele>850.000</ele>
      </trkpt>
      <trkpt lat="42.273530000" lon="2.159090000">
        <ele>850.000</ele>
      </trkpt>
      <trkpt lat="42.273640000" lon="2.159120000">
        <ele>851.000</ele>
      </trkpt>
      <trkpt lat="42.273800000" lon="2.159190000">
        <ele>851.000</ele>
      </trkpt>
      <trkpt lat="42.273980000" lon="2.159300000">
        <ele>852.000</ele>
      </trkpt>
      <trkpt lat="42.274140000" lon="2.159420000">
        <ele>852.000</ele>
      </trkpt>
      <trkpt lat="42.274310000" lon="2.159560000">
        <ele>852.000</ele>
      </trkpt>
      <trkpt lat="42.274520000" lon="2.159740000">
        <ele>852.000</ele>
      </trkpt>
      <trkpt lat="42.274600000" lon="2.159800000">
        <ele>852.000</ele>
      </trkpt>
      <trkpt lat="42.274750000" lon="2.159860000">
        <ele>852.000</ele>
      </trkpt>
      <trkpt lat="42.274870000" lon="2.159900000">
        <ele>852.000</ele>
      </trkpt>
      <trkpt lat="42.275430000" lon="2.159990000">
        <ele>852.000</ele>
      </trkpt>
      <trkpt lat="42.275650000" lon="2.160000000">
        <ele>852.000</ele>
      </trkpt>
      <trkpt lat="42.275760000" lon="2.159990000">
        <ele>852.000</ele>
      </trkpt>
      <trkpt lat="42.276270000" lon="2.159830000">
        <ele>851.000</ele>
      </trkpt>
      <trkpt lat="42.276920000" lon="2.159630000">
        <ele>851.000</ele>
      </trkpt>
      <trkpt lat="42.277120000" lon="2.159580000">
        <ele>851.000</ele>
      </trkpt>
      <trkpt lat="42.277420000" lon="2.159530000">
        <ele>851.000</ele>
      </trkpt>
      <trkpt lat="42.277560000" lon="2.159530000">
        <ele>851.000</ele>
      </trkpt>
      <trkpt lat="42.277830000" lon="2.159540000">
        <ele>852.000</ele>
      </trkpt>
      <trkpt lat="42.278050000" lon="2.159560000">
        <ele>853.000</ele>
      </trkpt>
      <trkpt lat="42.278340000" lon="2.159610000">
        <ele>854.000</ele>
      </trkpt>
      <trkpt lat="42.278690000" lon="2.159680000">
        <ele>855.000</ele>
      </trkpt>
      <trkpt lat="42.278980000" lon="2.159750000">
        <ele>857.000</ele>
      </trkpt>
      <trkpt lat="42.279250000" lon="2.159800000">
        <ele>858.000</ele>
      </trkpt>
      <trkpt lat="42.279390000" lon="2.159810000">
        <ele>860.000</ele>
      </trkpt>
      <trkpt lat="42.279530000" lon="2.159790000">
        <ele>861.000</ele>
      </trkpt>
      <trkpt lat="42.279730000" lon="2.159710000">
        <ele>863.000</ele>
      </trkpt>
      <trkpt lat="42.279880000" lon="2.159640000">
        <ele>864.000</ele>
      </trkpt>
      <trkpt lat="42.280230000" lon="2.159480000">
        <ele>866.000</ele>
      </trkpt>
      <trkpt lat="42.280690000" lon="2.159300000">
        <ele>869.000</ele>
      </trkpt>
      <trkpt lat="42.280920000" lon="2.159220000">
        <ele>872.000</ele>
      </trkpt>
      <trkpt lat="42.281120000" lon="2.159200000">
        <ele>874.000</ele>
      </trkpt>
      <trkpt lat="42.281230000" lon="2.159200000">
        <ele>875.000</ele>
      </trkpt>
      <trkpt lat="42.281460000" lon="2.159250000">
        <ele>876.000</ele>
      </trkpt>
      <trkpt lat="42.281580000" lon="2.159290000">
        <ele>876.000</ele>
      </trkpt>
      <trkpt lat="42.281780000" lon="2.159370000">
        <ele>876.000</ele>
      </trkpt>
      <trkpt lat="42.282050000" lon="2.159480000">
        <ele>876.000</ele>
      </trkpt>
      <trkpt lat="42.282150000" lon="2.159490000">
        <ele>876.000</ele>
      </trkpt>
      <trkpt lat="42.282270000" lon="2.159500000">
        <ele>875.000</ele>
      </trkpt>
      <trkpt lat="42.282420000" lon="2.159480000">
        <ele>875.000</ele>
      </trkpt>
      <trkpt lat="42.282990000" lon="2.159390000">
        <ele>874.000</ele>
      </trkpt>
      <trkpt lat="42.283170000" lon="2.159360000">
        <ele>874.000</ele>
      </trkpt>
      <trkpt lat="42.283320000" lon="2.159310000">
        <ele>875.000</ele>
      </trkpt>
      <trkpt lat="42.283440000" lon="2.159250000">
        <ele>876.000</ele>
      </trkpt>
      <trkpt lat="42.283580000" lon="2.159180000">
        <ele>877.000</ele>
      </trkpt>
      <trkpt lat="42.283730000" lon="2.159070000">
        <ele>878.000</ele>
      </trkpt>
      <trkpt lat="42.283960000" lon="2.158910000">
        <ele>880.000</ele>
      </trkpt>
      <trkpt lat="42.284090000" lon="2.158830000">
        <ele>882.000</ele>
      </trkpt>
      <trkpt lat="42.284190000" lon="2.158800000">
        <ele>883.000</ele>
      </trkpt>
      <trkpt lat="42.284260000" lon="2.158800000">
        <ele>884.000</ele>
      </trkpt>
      <trkpt lat="42.284360000" lon="2.158800000">
        <ele>885.000</ele>
      </trkpt>
      <trkpt lat="42.284480000" lon="2.158820000">
        <ele>887.000</ele>
      </trkpt>
      <trkpt lat="42.284570000" lon="2.158860000">
        <ele>888.000</ele>
      </trkpt>
      <trkpt lat="42.284650000" lon="2.158920000">
        <ele>889.000</ele>
      </trkpt>
      <trkpt lat="42.284780000" lon="2.159030000">
        <ele>890.000</ele>
      </trkpt>
      <trkpt lat="42.285360000" lon="2.159590000">
        <ele>889.000</ele>
      </trkpt>
      <trkpt lat="42.285700000" lon="2.159890000">
        <ele>888.000</ele>
      </trkpt>
      <trkpt lat="42.285840000" lon="2.160010000">
        <ele>886.000</ele>
      </trkpt>
      <trkpt lat="42.285980000" lon="2.160120000">
        <ele>885.000</ele>
      </trkpt>
      <trkpt lat="42.286140000" lon="2.160240000">
        <ele>883.000</ele>
      </trkpt>
      <trkpt lat="42.286300000" lon="2.160330000">
        <ele>882.000</ele>
      </trkpt>
      <trkpt lat="42.286410000" lon="2.160380000">
        <ele>881.000</ele>
      </trkpt>
      <trkpt lat="42.286580000" lon="2.160450000">
        <ele>881.000</ele>
      </trkpt>
      <trkpt lat="42.286720000" lon="2.160470000">
        <ele>880.000</ele>
      </trkpt>
      <trkpt lat="42.286840000" lon="2.160480000">
        <ele>880.000</ele>
      </trkpt>
      <trkpt lat="42.286960000" lon="2.160480000">
        <ele>880.000</ele>
      </trkpt>
      <trkpt lat="42.287090000" lon="2.160480000">
        <ele>880.000</ele>
      </trkpt>
      <trkpt lat="42.287200000" lon="2.160450000">
        <ele>880.000</ele>
      </trkpt>
      <trkpt lat="42.287380000" lon="2.160420000">
        <ele>880.000</ele>
      </trkpt>
      <trkpt lat="42.287500000" lon="2.160390000">
        <ele>880.000</ele>
      </trkpt>
      <trkpt lat="42.287790000" lon="2.160290000">
        <ele>880.000</ele>
      </trkpt>
      <trkpt lat="42.287970000" lon="2.160240000">
        <ele>880.000</ele>
      </trkpt>
      <trkpt lat="42.288510000" lon="2.160070000">
        <ele>880.000</ele>
      </trkpt>
      <trkpt lat="42.288680000" lon="2.160030000">
        <ele>881.000</ele>
      </trkpt>
      <trkpt lat="42.288800000" lon="2.160020000">
        <ele>881.000</ele>
      </trkpt>
      <trkpt lat="42.288900000" lon="2.160030000">
        <ele>881.000</ele>
      </trkpt>
      <trkpt lat="42.289000000" lon="2.160060000">
        <ele>881.000</ele>
      </trkpt>
      <trkpt lat="42.289130000" lon="2.160110000">
        <ele>882.000</ele>
      </trkpt>
      <trkpt lat="42.289470000" lon="2.160280000">
        <ele>882.000</ele>
      </trkpt>
      <trkpt lat="42.289840000" lon="2.160490000">
        <ele>883.000</ele>
      </trkpt>
      <trkpt lat="42.290020000" lon="2.160630000">
        <ele>884.000</ele>
      </trkpt>
      <trkpt lat="42.290120000" lon="2.160700000">
        <ele>885.000</ele>
      </trkpt>
      <trkpt lat="42.290210000" lon="2.160750000">
        <ele>885.000</ele>
      </trkpt>
      <trkpt lat="42.290320000" lon="2.160770000">
        <ele>886.000</ele>
      </trkpt>
      <trkpt lat="42.290390000" lon="2.160780000">
        <ele>887.000</ele>
      </trkpt>
      <trkpt lat="42.290480000" lon="2.160790000">
        <ele>888.000</ele>
      </trkpt>
      <trkpt lat="42.291160000" lon="2.160850000">
        <ele>891.000</ele>
      </trkpt>
      <trkpt lat="42.291410000" lon="2.160850000">
        <ele>894.000</ele>
      </trkpt>
      <trkpt lat="42.291510000" lon="2.160840000">
        <ele>896.000</ele>
      </trkpt>
      <trkpt lat="42.291600000" lon="2.160810000">
        <ele>898.000</ele>
      </trkpt>
      <trkpt lat="42.291850000" lon="2.160710000">
        <ele>900.000</ele>
      </trkpt>
      <trkpt lat="42.291960000" lon="2.160680000">
        <ele>902.000</ele>
      </trkpt>
      <trkpt lat="42.292070000" lon="2.160670000">
        <ele>903.000</ele>
      </trkpt>
      <trkpt lat="42.292160000" lon="2.160670000">
        <ele>904.000</ele>
      </trkpt>
      <trkpt lat="42.292310000" lon="2.160700000">
        <ele>905.000</ele>
      </trkpt>
      <trkpt lat="42.292430000" lon="2.160740000">
        <ele>905.000</ele>
      </trkpt>
      <trkpt lat="42.292590000" lon="2.160820000">
        <ele>905.000</ele>
      </trkpt>
      <trkpt lat="42.292770000" lon="2.160920000">
        <ele>905.000</ele>
      </trkpt>
      <trkpt lat="42.292910000" lon="2.161020000">
        <ele>905.000</ele>
      </trkpt>
      <trkpt lat="42.293040000" lon="2.161130000">
        <ele>905.000</ele>
      </trkpt>
      <trkpt lat="42.293160000" lon="2.161240000">
        <ele>905.000</ele>
      </trkpt>
      <trkpt lat="42.293310000" lon="2.161410000">
        <ele>904.000</ele>
      </trkpt>
      <trkpt lat="42.293470000" lon="2.161600000">
        <ele>904.000</ele>
      </trkpt>
      <trkpt lat="42.293590000" lon="2.161770000">
        <ele>904.000</ele>
      </trkpt>
      <trkpt lat="42.293720000" lon="2.161980000">
        <ele>903.000</ele>
      </trkpt>
      <trkpt lat="42.293810000" lon="2.162140000">
        <ele>903.000</ele>
      </trkpt>
      <trkpt lat="42.293880000" lon="2.162280000">
        <ele>902.000</ele>
      </trkpt>
      <trkpt lat="42.293950000" lon="2.162430000">
        <ele>901.000</ele>
      </trkpt>
      <trkpt lat="42.294020000" lon="2.162640000">
        <ele>901.000</ele>
      </trkpt>
      <trkpt lat="42.294080000" lon="2.162810000">
        <ele>900.000</ele>
      </trkpt>
      <trkpt lat="42.294160000" lon="2.163070000">
        <ele>899.000</ele>
      </trkpt>
      <trkpt lat="42.294260000" lon="2.163420000">
        <ele>897.000</ele>
      </trkpt>
      <trkpt lat="42.294340000" lon="2.163660000">
        <ele>896.000</ele>
      </trkpt>
      <trkpt lat="42.294470000" lon="2.163980000">
        <ele>895.000</ele>
      </trkpt>
      <trkpt lat="42.294580000" lon="2.164240000">
        <ele>893.000</ele>
      </trkpt>
      <trkpt lat="42.294690000" lon="2.164430000">
        <ele>893.000</ele>
      </trkpt>
      <trkpt lat="42.294760000" lon="2.164530000">
        <ele>893.000</ele>
      </trkpt>
      <trkpt lat="42.294860000" lon="2.164610000">
        <ele>893.000</ele>
      </trkpt>
      <trkpt lat="42.294970000" lon="2.164690000">
        <ele>894.000</ele>
      </trkpt>
      <trkpt lat="42.295130000" lon="2.164760000">
        <ele>895.000</ele>
      </trkpt>
      <trkpt lat="42.295460000" lon="2.164880000">
        <ele>896.000</ele>
      </trkpt>
      <trkpt lat="42.296210000" lon="2.165100000">
        <ele>899.000</ele>
      </trkpt>
      <trkpt lat="42.296490000" lon="2.165190000">
        <ele>901.000</ele>
      </trkpt>
      <trkpt lat="42.296710000" lon="2.165240000">
        <ele>903.000</ele>
      </trkpt>
      <trkpt lat="42.297070000" lon="2.165290000">
        <ele>903.000</ele>
      </trkpt>
      <trkpt lat="42.297590000" lon="2.165360000">
        <ele>904.000</ele>
      </trkpt>
      <trkpt lat="42.298030000" lon="2.165420000">
        <ele>904.000</ele>
      </trkpt>
      <trkpt lat="42.298170000" lon="2.165440000">
        <ele>904.000</ele>
      </trkpt>
      <trkpt lat="42.298270000" lon="2.165460000">
        <ele>904.000</ele>
      </trkpt>
      <trkpt lat="42.298350000" lon="2.165480000">
        <ele>905.000</ele>
      </trkpt>
      <trkpt lat="42.298430000" lon="2.165520000">
        <ele>905.000</ele>
      </trkpt>
      <trkpt lat="42.298520000" lon="2.165580000">
        <ele>905.000</ele>
      </trkpt>
      <trkpt lat="42.298740000" lon="2.165750000">
        <ele>905.000</ele>
      </trkpt>
      <trkpt lat="42.299040000" lon="2.165990000">
        <ele>905.000</ele>
      </trkpt>
      <trkpt lat="42.299260000" lon="2.166160000">
        <ele>906.000</ele>
      </trkpt>
      <trkpt lat="42.299380000" lon="2.166220000">
        <ele>906.000</ele>
      </trkpt>
      <trkpt lat="42.299500000" lon="2.166260000">
        <ele>906.000</ele>
      </trkpt>
      <trkpt lat="42.300030000" lon="2.166420000">
        <ele>907.000</ele>
      </trkpt>
      <trkpt lat="42.300510000" lon="2.166570000">
        <ele>907.000</ele>
      </trkpt>
      <trkpt lat="42.300740000" lon="2.166640000">
        <ele>907.000</ele>
      </trkpt>
      <trkpt lat="42.300930000" lon="2.166730000">
        <ele>908.000</ele>
      </trkpt>
      <trkpt lat="42.301070000" lon="2.166800000">
        <ele>908.000</ele>
      </trkpt>
      <trkpt lat="42.301260000" lon="2.166880000">
        <ele>908.000</ele>
      </trkpt>
      <trkpt lat="42.301320000" lon="2.166900000">
        <ele>908.000</ele>
      </trkpt>
      <trkpt lat="42.301460000" lon="2.166940000">
        <ele>908.000</ele>
      </trkpt>
      <trkpt lat="42.301610000" lon="2.166910000">
        <ele>909.000</ele>
      </trkpt>
      <trkpt lat="42.301620000" lon="2.166900000">
        <ele>909.000</ele>
      </trkpt>
      <trkpt lat="42.301750000" lon="2.166860000">
        <ele>909.000</ele>
      </trkpt>
      <trkpt lat="42.302340000" lon="2.166600000">
        <ele>909.000</ele>
      </trkpt>
      <trkpt lat="42.302580000" lon="2.166480000">
        <ele>910.000</ele>
      </trkpt>
      <trkpt lat="42.302680000" lon="2.166440000">
        <ele>910.000</ele>
      </trkpt>
      <trkpt lat="42.302760000" lon="2.166440000">
        <ele>910.000</ele>
      </trkpt>
      <trkpt lat="42.302960000" lon="2.166490000">
        <ele>911.000</ele>
      </trkpt>
      <trkpt lat="42.304530000" lon="2.166920000">
        <ele>913.000</ele>
      </trkpt>
      <trkpt lat="42.304760000" lon="2.166970000">
        <ele>915.000</ele>
      </trkpt>
      <trkpt lat="42.304850000" lon="2.166980000">
        <ele>916.000</ele>
      </trkpt>
      <trkpt lat="42.305050000" lon="2.166990000">
        <ele>917.000</ele>
      </trkpt>
      <trkpt lat="42.305240000" lon="2.166990000">
        <ele>918.000</ele>
      </trkpt>
      <trkpt lat="42.305430000" lon="2.166980000">
        <ele>918.000</ele>
      </trkpt>
      <trkpt lat="42.305760000" lon="2.166930000">
        <ele>919.000</ele>
      </trkpt>
      <trkpt lat="42.305840000" lon="2.166910000">
        <ele>919.000</ele>
      </trkpt>
      <trkpt lat="42.305900000" lon="2.166900000">
        <ele>920.000</ele>
      </trkpt>
      <trkpt lat="42.306070000" lon="2.166880000">
        <ele>920.000</ele>
      </trkpt>
      <trkpt lat="42.306260000" lon="2.166840000">
        <ele>920.000</ele>
      </trkpt>
      <trkpt lat="42.306310000" lon="2.166820000">
        <ele>920.000</ele>
      </trkpt>
      <trkpt lat="42.306360000" lon="2.166790000">
        <ele>920.000</ele>
      </trkpt>
      <trkpt lat="42.306400000" lon="2.166740000">
        <ele>920.000</ele>
      </trkpt>
      <trkpt lat="42.306440000" lon="2.166670000">
        <ele>921.000</ele>
      </trkpt>
      <trkpt lat="42.306540000" lon="2.166530000">
        <ele>921.000</ele>
      </trkpt>
      <trkpt lat="42.307510000" lon="2.165120000">
        <ele>923.000</ele>
      </trkpt>
      <trkpt lat="42.307550000" lon="2.165060000">
        <ele>925.000</ele>
      </trkpt>
      <trkpt lat="42.307960000" lon="2.164460000">
        <ele>927.000</ele>
      </trkpt>
      <trkpt lat="42.308030000" lon="2.164340000">
        <ele>928.000</ele>
      </trkpt>
      <trkpt lat="42.308080000" lon="2.164260000">
        <ele>929.000</ele>
      </trkpt>
      <trkpt lat="42.308190000" lon="2.164050000">
        <ele>929.000</ele>
      </trkpt>
      <trkpt lat="42.308260000" lon="2.163780000">
        <ele>930.000</ele>
      </trkpt>
      <trkpt lat="42.308530000" lon="2.162630000">
        <ele>930.000</ele>
      </trkpt>
      <trkpt lat="42.308670000" lon="2.161990000">
        <ele>931.000</ele>
      </trkpt>
      <trkpt lat="42.308710000" lon="2.161830000">
        <ele>931.000</ele>
      </trkpt>
      <trkpt lat="42.308790000" lon="2.161620000">
        <ele>932.000</ele>
      </trkpt>
      <trkpt lat="42.308860000" lon="2.161440000">
        <ele>932.000</ele>
      </trkpt>
      <trkpt lat="42.308910000" lon="2.161290000">
        <ele>933.000</ele>
      </trkpt>
      <trkpt lat="42.308940000" lon="2.161200000">
        <ele>933.000</ele>
      </trkpt>
      <trkpt lat="42.309000000" lon="2.161110000">
        <ele>934.000</ele>
      </trkpt>
      <trkpt lat="42.309090000" lon="2.161010000">
        <ele>934.000</ele>
      </trkpt>
      <trkpt lat="42.309160000" lon="2.160920000">
        <ele>935.000</ele>
      </trkpt>
      <trkpt lat="42.309190000" lon="2.160820000">
        <ele>935.000</ele>
      </trkpt>
      <trkpt lat="42.309200000" lon="2.160720000">
        <ele>935.000</ele>
      </trkpt>
      <trkpt lat="42.309200000" lon="2.160630000">
        <ele>936.000</ele>
      </trkpt>
      <trkpt lat="42.309180000" lon="2.160450000">
        <ele>936.000</ele>
      </trkpt>
      <trkpt lat="42.309140000" lon="2.160270000">
        <ele>937.000</ele>
      </trkpt>
      <trkpt lat="42.309090000" lon="2.160070000">
        <ele>937.000</ele>
      </trkpt>
      <trkpt lat="42.309030000" lon="2.159910000">
        <ele>938.000</ele>
      </trkpt>
      <trkpt lat="42.309010000" lon="2.159710000">
        <ele>938.000</ele>
      </trkpt>
      <trkpt lat="42.309000000" lon="2.159550000">
        <ele>939.000</ele>
      </trkpt>
      <trkpt lat="42.309010000" lon="2.159380000">
        <ele>940.000</ele>
      </trkpt>
      <trkpt lat="42.309050000" lon="2.159260000">
        <ele>940.000</ele>
      </trkpt>
      <trkpt lat="42.309110000" lon="2.159160000">
        <ele>941.000</ele>
      </trkpt>
      <trkpt lat="42.309240000" lon="2.159020000">
        <ele>941.000</ele>
      </trkpt>
      <trkpt lat="42.309310000" lon="2.158920000">
        <ele>942.000</ele>
      </trkpt>
      <trkpt lat="42.309370000" lon="2.158790000">
        <ele>942.000</ele>
      </trkpt>
      <trkpt lat="42.309410000" lon="2.158670000">
        <ele>943.000</ele>
      </trkpt>
      <trkpt lat="42.309440000" lon="2.158460000">
        <ele>944.000</ele>
      </trkpt>
      <trkpt lat="42.309480000" lon="2.158230000">
        <ele>944.000</ele>
      </trkpt>
      <trkpt lat="42.309550000" lon="2.157890000">
        <ele>945.000</ele>
      </trkpt>
      <trkpt lat="42.309580000" lon="2.157610000">
        <ele>946.000</ele>
      </trkpt>
      <trkpt lat="42.309630000" lon="2.157250000">
        <ele>947.000</ele>
      </trkpt>
      <trkpt lat="42.309650000" lon="2.157120000">
        <ele>948.000</ele>
      </trkpt>
      <trkpt lat="42.309650000" lon="2.157120000">
        <ele>949.000</ele>
      </trkpt>
      <trkpt lat="42.309750000" lon="2.156620000">
        <ele>950.000</ele>
      </trkpt>
      <trkpt lat="42.310040000" lon="2.155140000">
        <ele>952.000</ele>
      </trkpt>
      <trkpt lat="42.310140000" lon="2.154630000">
        <ele>954.000</ele>
      </trkpt>
      <trkpt lat="42.310170000" lon="2.154440000">
        <ele>956.000</ele>
      </trkpt>
      <trkpt lat="42.310190000" lon="2.154270000">
        <ele>957.000</ele>
      </trkpt>
      <trkpt lat="42.310170000" lon="2.154080000">
        <ele>958.000</ele>
      </trkpt>
      <trkpt lat="42.310130000" lon="2.153900000">
        <ele>958.000</ele>
      </trkpt>
      <trkpt lat="42.309860000" lon="2.153060000">
        <ele>959.000</ele>
      </trkpt>
      <trkpt lat="42.309830000" lon="2.152930000">
        <ele>960.000</ele>
      </trkpt>
      <trkpt lat="42.309820000" lon="2.152770000">
        <ele>960.000</ele>
      </trkpt>
      <trkpt lat="42.309850000" lon="2.152540000">
        <ele>961.000</ele>
      </trkpt>
      <trkpt lat="42.309900000" lon="2.152330000">
        <ele>961.000</ele>
      </trkpt>
      <trkpt lat="42.309950000" lon="2.152180000">
        <ele>962.000</ele>
      </trkpt>
      <trkpt lat="42.310010000" lon="2.152070000">
        <ele>962.000</ele>
      </trkpt>
      <trkpt lat="42.310100000" lon="2.151990000">
        <ele>963.000</ele>
      </trkpt>
      <trkpt lat="42.310280000" lon="2.151880000">
        <ele>964.000</ele>
      </trkpt>
      <trkpt lat="42.310510000" lon="2.151780000">
        <ele>965.000</ele>
      </trkpt>
      <trkpt lat="42.310630000" lon="2.151740000">
        <ele>966.000</ele>
      </trkpt>
      <trkpt lat="42.310780000" lon="2.151720000">
        <ele>967.000</ele>
      </trkpt>
      <trkpt lat="42.311050000" lon="2.151700000">
        <ele>969.000</ele>
      </trkpt>
      <trkpt lat="42.311220000" lon="2.151700000">
        <ele>970.000</ele>
      </trkpt>
      <trkpt lat="42.311350000" lon="2.151680000">
        <ele>972.000</ele>
      </trkpt>
      <trkpt lat="42.311420000" lon="2.151630000">
        <ele>973.000</ele>
      </trkpt>
      <trkpt lat="42.311470000" lon="2.151560000">
        <ele>974.000</ele>
      </trkpt>
      <trkpt lat="42.311530000" lon="2.151410000">
        <ele>975.000</ele>
      </trkpt>
      <trkpt lat="42.311550000" lon="2.151270000">
        <ele>976.000</ele>
      </trkpt>
      <trkpt lat="42.311640000" lon="2.150450000">
        <ele>977.000</ele>
      </trkpt>
      <trkpt lat="42.311670000" lon="2.150250000">
        <ele>978.000</ele>
      </trkpt>
      <trkpt lat="42.311750000" lon="2.149810000">
        <ele>980.000</ele>
      </trkpt>
      <trkpt lat="42.311810000" lon="2.149620000">
        <ele>981.000</ele>
      </trkpt>
      <trkpt lat="42.311850000" lon="2.149510000">
        <ele>981.000</ele>
      </trkpt>
      <trkpt lat="42.312190000" lon="2.148870000">
        <ele>983.000</ele>
      </trkpt>
      <trkpt lat="42.312220000" lon="2.148820000">
        <ele>984.000</ele>
      </trkpt>
      <trkpt lat="42.312400000" lon="2.148490000">
        <ele>985.000</ele>
      </trkpt>
      <trkpt lat="42.312580000" lon="2.148160000">
        <ele>987.000</ele>
      </trkpt>
      <trkpt lat="42.312850000" lon="2.147650000">
        <ele>990.000</ele>
      </trkpt>
      <trkpt lat="42.312930000" lon="2.147500000">
        <ele>992.000</ele>
      </trkpt>
      <trkpt lat="42.312960000" lon="2.147410000">
        <ele>993.000</ele>
      </trkpt>
      <trkpt lat="42.312980000" lon="2.147300000">
        <ele>995.000</ele>
      </trkpt>
      <trkpt lat="42.312980000" lon="2.147190000">
        <ele>996.000</ele>
      </trkpt>
      <trkpt lat="42.312950000" lon="2.146780000">
        <ele>997.000</ele>
      </trkpt>
      <trkpt lat="42.312940000" lon="2.146670000">
        <ele>999.000</ele>
      </trkpt>
      <trkpt lat="42.312920000" lon="2.146420000">
        <ele>1000.000</ele>
      </trkpt>
      <trkpt lat="42.312900000" lon="2.146040000">
        <ele>1002.000</ele>
      </trkpt>
      <trkpt lat="42.312890000" lon="2.145710000">
        <ele>1003.000</ele>
      </trkpt>
      <trkpt lat="42.312870000" lon="2.145610000">
        <ele>1005.000</ele>
      </trkpt>
      <trkpt lat="42.312840000" lon="2.145460000">
        <ele>1006.000</ele>
      </trkpt>
      <trkpt lat="42.312770000" lon="2.145270000">
        <ele>1007.000</ele>
      </trkpt>
      <trkpt lat="42.312680000" lon="2.145010000">
        <ele>1008.000</ele>
      </trkpt>
      <trkpt lat="42.312660000" lon="2.144950000">
        <ele>1009.000</ele>
      </trkpt>
      <trkpt lat="42.312650000" lon="2.144890000">
        <ele>1010.000</ele>
      </trkpt>
      <trkpt lat="42.312650000" lon="2.144820000">
        <ele>1011.000</ele>
      </trkpt>
      <trkpt lat="42.312650000" lon="2.144710000">
        <ele>1012.000</ele>
      </trkpt>
      <trkpt lat="42.312650000" lon="2.144550000">
        <ele>1012.000</ele>
      </trkpt>
      <trkpt lat="42.312640000" lon="2.144450000">
        <ele>1013.000</ele>
      </trkpt>
      <trkpt lat="42.312620000" lon="2.144270000">
        <ele>1014.000</ele>
      </trkpt>
      <trkpt lat="42.312590000" lon="2.144070000">
        <ele>1014.000</ele>
      </trkpt>
      <trkpt lat="42.312550000" lon="2.143890000">
        <ele>1015.000</ele>
      </trkpt>
      <trkpt lat="42.312510000" lon="2.143780000">
        <ele>1015.000</ele>
      </trkpt>
      <trkpt lat="42.312440000" lon="2.143630000">
        <ele>1015.000</ele>
      </trkpt>
      <trkpt lat="42.312390000" lon="2.143520000">
        <ele>1015.000</ele>
      </trkpt>
      <trkpt lat="42.312370000" lon="2.143400000">
        <ele>1015.000</ele>
      </trkpt>
      <trkpt lat="42.312360000" lon="2.143310000">
        <ele>1015.000</ele>
      </trkpt>
      <trkpt lat="42.312360000" lon="2.143260000">
        <ele>1015.000</ele>
      </trkpt>
      <trkpt lat="42.312370000" lon="2.143230000">
        <ele>1015.000</ele>
      </trkpt>
      <trkpt lat="42.312380000" lon="2.143090000">
        <ele>1015.000</ele>
      </trkpt>
      <trkpt lat="42.312380000" lon="2.142990000">
        <ele>1015.000</ele>
      </trkpt>
      <trkpt lat="42.312370000" lon="2.142920000">
        <ele>1014.000</ele>
      </trkpt>
      <trkpt lat="42.312350000" lon="2.142870000">
        <ele>1014.000</ele>
      </trkpt>
      <trkpt lat="42.312330000" lon="2.142790000">
        <ele>1014.000</ele>
      </trkpt>
      <trkpt lat="42.312300000" lon="2.142760000">
        <ele>1014.000</ele>
      </trkpt>
      <trkpt lat="42.312250000" lon="2.142700000">
        <ele>1014.000</ele>
      </trkpt>
      <trkpt lat="42.312190000" lon="2.142650000">
        <ele>1014.000</ele>
      </trkpt>
      <trkpt lat="42.312070000" lon="2.142550000">
        <ele>1014.000</ele>
      </trkpt>
      <trkpt lat="42.311920000" lon="2.142430000">
        <ele>1014.000</ele>
      </trkpt>
      <trkpt lat="42.311810000" lon="2.142320000">
        <ele>1014.000</ele>
      </trkpt>
      <trkpt lat="42.311770000" lon="2.142270000">
        <ele>1014.000</ele>
      </trkpt>
      <trkpt lat="42.311720000" lon="2.142140000">
        <ele>1014.000</ele>
      </trkpt>
      <trkpt lat="42.311640000" lon="2.141890000">
        <ele>1014.000</ele>
      </trkpt>
      <trkpt lat="42.311580000" lon="2.141680000">
        <ele>1014.000</ele>
      </trkpt>
      <trkpt lat="42.311530000" lon="2.141410000">
        <ele>1014.000</ele>
      </trkpt>
      <trkpt lat="42.311480000" lon="2.141070000">
        <ele>1015.000</ele>
      </trkpt>
      <trkpt lat="42.311440000" lon="2.140720000">
        <ele>1015.000</ele>
      </trkpt>
      <trkpt lat="42.311400000" lon="2.140420000">
        <ele>1016.000</ele>
      </trkpt>
      <trkpt lat="42.311390000" lon="2.140290000">
        <ele>1016.000</ele>
      </trkpt>
      <trkpt lat="42.311380000" lon="2.140170000">
        <ele>1016.000</ele>
      </trkpt>
      <trkpt lat="42.311380000" lon="2.140070000">
        <ele>1017.000</ele>
      </trkpt>
      <trkpt lat="42.311410000" lon="2.139920000">
        <ele>1017.000</ele>
      </trkpt>
      <trkpt lat="42.311420000" lon="2.139860000">
        <ele>1017.000</ele>
      </trkpt>
      <trkpt lat="42.311450000" lon="2.139800000">
        <ele>1018.000</ele>
      </trkpt>
      <trkpt lat="42.311480000" lon="2.139760000">
        <ele>1018.000</ele>
      </trkpt>
      <trkpt lat="42.311520000" lon="2.139710000">
        <ele>1018.000</ele>
      </trkpt>
      <trkpt lat="42.311600000" lon="2.139630000">
        <ele>1019.000</ele>
      </trkpt>
      <trkpt lat="42.311630000" lon="2.139580000">
        <ele>1019.000</ele>
      </trkpt>
      <trkpt lat="42.311660000" lon="2.139510000">
        <ele>1019.000</ele>
      </trkpt>
      <trkpt lat="42.311680000" lon="2.139440000">
        <ele>1020.000</ele>
      </trkpt>
      <trkpt lat="42.311680000" lon="2.139380000">
        <ele>1020.000</ele>
      </trkpt>
      <trkpt lat="42.311680000" lon="2.139310000">
        <ele>1021.000</ele>
      </trkpt>
      <trkpt lat="42.311680000" lon="2.139230000">
        <ele>1021.000</ele>
      </trkpt>
      <trkpt lat="42.311660000" lon="2.139160000">
        <ele>1021.000</ele>
      </trkpt>
      <trkpt lat="42.311620000" lon="2.139000000">
        <ele>1022.000</ele>
      </trkpt>
      <trkpt lat="42.311590000" lon="2.138850000">
        <ele>1022.000</ele>
      </trkpt>
      <trkpt lat="42.311570000" lon="2.138720000">
        <ele>1023.000</ele>
      </trkpt>
      <trkpt lat="42.311560000" lon="2.138590000">
        <ele>1024.000</ele>
      </trkpt>
      <trkpt lat="42.311550000" lon="2.138210000">
        <ele>1025.000</ele>
      </trkpt>
      <trkpt lat="42.311530000" lon="2.137830000">
        <ele>1026.000</ele>
      </trkpt>
      <trkpt lat="42.311510000" lon="2.137490000">
        <ele>1028.000</ele>
      </trkpt>
      <trkpt lat="42.311480000" lon="2.137240000">
        <ele>1029.000</ele>
      </trkpt>
      <trkpt lat="42.311460000" lon="2.137010000">
        <ele>1031.000</ele>
      </trkpt>
      <trkpt lat="42.311430000" lon="2.136780000">
        <ele>1032.000</ele>
      </trkpt>
      <trkpt lat="42.311400000" lon="2.136530000">
        <ele>1034.000</ele>
      </trkpt>
      <trkpt lat="42.311380000" lon="2.136390000">
        <ele>1035.000</ele>
      </trkpt>
      <trkpt lat="42.311380000" lon="2.136230000">
        <ele>1037.000</ele>
      </trkpt>
      <trkpt lat="42.311400000" lon="2.136100000">
        <ele>1038.000</ele>
      </trkpt>
      <trkpt lat="42.311440000" lon="2.135990000">
        <ele>1039.000</ele>
      </trkpt>
      <trkpt lat="42.311510000" lon="2.135890000">
        <ele>1040.000</ele>
      </trkpt>
      <trkpt lat="42.311600000" lon="2.135820000">
        <ele>1041.000</ele>
      </trkpt>
      <trkpt lat="42.311710000" lon="2.135750000">
        <ele>1042.000</ele>
      </trkpt>
      <trkpt lat="42.311810000" lon="2.135680000">
        <ele>1043.000</ele>
      </trkpt>
      <trkpt lat="42.311860000" lon="2.135630000">
        <ele>1044.000</ele>
      </trkpt>
      <trkpt lat="42.311890000" lon="2.135540000">
        <ele>1044.000</ele>
      </trkpt>
      <trkpt lat="42.311920000" lon="2.135460000">
        <ele>1045.000</ele>
      </trkpt>
      <trkpt lat="42.311910000" lon="2.135340000">
        <ele>1046.000</ele>
      </trkpt>
      <trkpt lat="42.311890000" lon="2.135270000">
        <ele>1046.000</ele>
      </trkpt>
      <trkpt lat="42.311840000" lon="2.135200000">
        <ele>1047.000</ele>
      </trkpt>
      <trkpt lat="42.311760000" lon="2.135080000">
        <ele>1046.000</ele>
      </trkpt>
      <trkpt lat="42.311720000" lon="2.134980000">
        <ele>1046.000</ele>
      </trkpt>
      <trkpt lat="42.311700000" lon="2.134850000">
        <ele>1046.000</ele>
      </trkpt>
      <trkpt lat="42.311690000" lon="2.134690000">
        <ele>1046.000</ele>
      </trkpt>
      <trkpt lat="42.311690000" lon="2.134130000">
        <ele>1045.000</ele>
      </trkpt>
      <trkpt lat="42.311670000" lon="2.133030000">
        <ele>1043.000</ele>
      </trkpt>
      <trkpt lat="42.311680000" lon="2.132740000">
        <ele>1041.000</ele>
      </trkpt>
      <trkpt lat="42.311700000" lon="2.132600000">
        <ele>1040.000</ele>
      </trkpt>
      <trkpt lat="42.311750000" lon="2.132480000">
        <ele>1040.000</ele>
      </trkpt>
      <trkpt lat="42.311870000" lon="2.132290000">
        <ele>1040.000</ele>
      </trkpt>
      <trkpt lat="42.311980000" lon="2.132090000">
        <ele>1041.000</ele>
      </trkpt>
      <trkpt lat="42.312110000" lon="2.131670000">
        <ele>1042.000</ele>
      </trkpt>
      <trkpt lat="42.312230000" lon="2.131300000">
        <ele>1044.000</ele>
      </trkpt>
      <trkpt lat="42.312350000" lon="2.131090000">
        <ele>1046.000</ele>
      </trkpt>
      <trkpt lat="42.312610000" lon="2.130790000">
        <ele>1048.000</ele>
      </trkpt>
      <trkpt lat="42.312790000" lon="2.130640000">
        <ele>1050.000</ele>
      </trkpt>
      <trkpt lat="42.312880000" lon="2.130570000">
        <ele>1052.000</ele>
      </trkpt>
      <trkpt lat="42.312970000" lon="2.130530000">
        <ele>1053.000</ele>
      </trkpt>
      <trkpt lat="42.313080000" lon="2.130500000">
        <ele>1054.000</ele>
      </trkpt>
      <trkpt lat="42.313190000" lon="2.130470000">
        <ele>1055.000</ele>
      </trkpt>
      <trkpt lat="42.313260000" lon="2.130460000">
        <ele>1055.000</ele>
      </trkpt>
      <trkpt lat="42.313310000" lon="2.130440000">
        <ele>1056.000</ele>
      </trkpt>
      <trkpt lat="42.313370000" lon="2.130410000">
        <ele>1056.000</ele>
      </trkpt>
      <trkpt lat="42.313410000" lon="2.130380000">
        <ele>1056.000</ele>
      </trkpt>
      <trkpt lat="42.313470000" lon="2.130300000">
        <ele>1057.000</ele>
      </trkpt>
      <trkpt lat="42.313480000" lon="2.130250000">
        <ele>1057.000</ele>
      </trkpt>
      <trkpt lat="42.313490000" lon="2.130190000">
        <ele>1057.000</ele>
      </trkpt>
      <trkpt lat="42.313500000" lon="2.130150000">
        <ele>1057.000</ele>
      </trkpt>
      <trkpt lat="42.313500000" lon="2.130100000">
        <ele>1057.000</ele>
      </trkpt>
      <trkpt lat="42.313490000" lon="2.130050000">
        <ele>1058.000</ele>
      </trkpt>
      <trkpt lat="42.313480000" lon="2.129990000">
        <ele>1058.000</ele>
      </trkpt>
      <trkpt lat="42.313460000" lon="2.129930000">
        <ele>1058.000</ele>
      </trkpt>
      <trkpt lat="42.313390000" lon="2.129760000">
        <ele>1058.000</ele>
      </trkpt>
      <trkpt lat="42.313280000" lon="2.129540000">
        <ele>1059.000</ele>
      </trkpt>
      <trkpt lat="42.313240000" lon="2.129410000">
        <ele>1059.000</ele>
      </trkpt>
      <trkpt lat="42.313210000" lon="2.129290000">
        <ele>1059.000</ele>
      </trkpt>
      <trkpt lat="42.313220000" lon="2.129060000">
        <ele>1060.000</ele>
      </trkpt>
      <trkpt lat="42.313260000" lon="2.128840000">
        <ele>1060.000</ele>
      </trkpt>
      <trkpt lat="42.313380000" lon="2.128350000">
        <ele>1061.000</ele>
      </trkpt>
      <trkpt lat="42.313440000" lon="2.128120000">
        <ele>1062.000</ele>
      </trkpt>
      <trkpt lat="42.313490000" lon="2.128020000">
        <ele>1063.000</ele>
      </trkpt>
      <trkpt lat="42.313550000" lon="2.127930000">
        <ele>1064.000</ele>
      </trkpt>
      <trkpt lat="42.313760000" lon="2.127790000">
        <ele>1065.000</ele>
      </trkpt>
      <trkpt lat="42.313940000" lon="2.127600000">
        <ele>1066.000</ele>
      </trkpt>
      <trkpt lat="42.314080000" lon="2.127400000">
        <ele>1067.000</ele>
      </trkpt>
      <trkpt lat="42.314280000" lon="2.127180000">
        <ele>1068.000</ele>
      </trkpt>
      <trkpt lat="42.314390000" lon="2.127090000">
        <ele>1069.000</ele>
      </trkpt>
      <trkpt lat="42.314520000" lon="2.127030000">
        <ele>1070.000</ele>
      </trkpt>
      <trkpt lat="42.314680000" lon="2.127020000">
        <ele>1071.000</ele>
      </trkpt>
      <trkpt lat="42.314840000" lon="2.127020000">
        <ele>1072.000</ele>
      </trkpt>
      <trkpt lat="42.314960000" lon="2.127020000">
        <ele>1073.000</ele>
      </trkpt>
      <trkpt lat="42.315090000" lon="2.127000000">
        <ele>1074.000</ele>
      </trkpt>
      <trkpt lat="42.315190000" lon="2.126940000">
        <ele>1075.000</ele>
      </trkpt>
      <trkpt lat="42.315270000" lon="2.126850000">
        <ele>1076.000</ele>
      </trkpt>
      <trkpt lat="42.315300000" lon="2.126800000">
        <ele>1077.000</ele>
      </trkpt>
      <trkpt lat="42.315300000" lon="2.126710000">
        <ele>1078.000</ele>
      </trkpt>
      <trkpt lat="42.315280000" lon="2.126620000">
        <ele>1078.000</ele>
      </trkpt>
      <trkpt lat="42.315240000" lon="2.126540000">
        <ele>1079.000</ele>
      </trkpt>
      <trkpt lat="42.315110000" lon="2.126440000">
        <ele>1080.000</ele>
      </trkpt>
      <trkpt lat="42.314940000" lon="2.126270000">
        <ele>1081.000</ele>
      </trkpt>
      <trkpt lat="42.314820000" lon="2.126070000">
        <ele>1082.000</ele>
      </trkpt>
      <trkpt lat="42.314700000" lon="2.125820000">
        <ele>1084.000</ele>
      </trkpt>
      <trkpt lat="42.314600000" lon="2.125670000">
        <ele>1084.000</ele>
      </trkpt>
      <trkpt lat="42.314460000" lon="2.125520000">
        <ele>1085.000</ele>
      </trkpt>
      <trkpt lat="42.314280000" lon="2.125380000">
        <ele>1085.000</ele>
      </trkpt>
      <trkpt lat="42.314170000" lon="2.125230000">
        <ele>1085.000</ele>
      </trkpt>
      <trkpt lat="42.314060000" lon="2.124900000">
        <ele>1085.000</ele>
      </trkpt>
      <trkpt lat="42.313800000" lon="2.123840000">
        <ele>1084.000</ele>
      </trkpt>
      <trkpt lat="42.313780000" lon="2.123680000">
        <ele>1083.000</ele>
      </trkpt>
      <trkpt lat="42.313780000" lon="2.123520000">
        <ele>1083.000</ele>
      </trkpt>
      <trkpt lat="42.313800000" lon="2.123360000">
        <ele>1083.000</ele>
      </trkpt>
      <trkpt lat="42.313840000" lon="2.123210000">
        <ele>1083.000</ele>
      </trkpt>
      <trkpt lat="42.314000000" lon="2.122540000">
        <ele>1085.000</ele>
      </trkpt>
      <trkpt lat="42.314050000" lon="2.122440000">
        <ele>1086.000</ele>
      </trkpt>
      <trkpt lat="42.314110000" lon="2.122370000">
        <ele>1087.000</ele>
      </trkpt>
      <trkpt lat="42.314190000" lon="2.122300000">
        <ele>1087.000</ele>
      </trkpt>
      <trkpt lat="42.314260000" lon="2.122220000">
        <ele>1088.000</ele>
      </trkpt>
      <trkpt lat="42.314320000" lon="2.121980000">
        <ele>1089.000</ele>
      </trkpt>
      <trkpt lat="42.314350000" lon="2.121720000">
        <ele>1090.000</ele>
      </trkpt>
      <trkpt lat="42.314420000" lon="2.121480000">
        <ele>1091.000</ele>
      </trkpt>
      <trkpt lat="42.314480000" lon="2.121250000">
        <ele>1092.000</ele>
      </trkpt>
      <trkpt lat="42.314500000" lon="2.121160000">
        <ele>1093.000</ele>
      </trkpt>
      <trkpt lat="42.314540000" lon="2.121080000">
        <ele>1094.000</ele>
      </trkpt>
      <trkpt lat="42.314670000" lon="2.120950000">
        <ele>1095.000</ele>
      </trkpt>
      <trkpt lat="42.314820000" lon="2.120830000">
        <ele>1095.000</ele>
      </trkpt>
      <trkpt lat="42.314900000" lon="2.120760000">
        <ele>1096.000</ele>
      </trkpt>
      <trkpt lat="42.314930000" lon="2.120690000">
        <ele>1097.000</ele>
      </trkpt>
      <trkpt lat="42.314950000" lon="2.120620000">
        <ele>1097.000</ele>
      </trkpt>
      <trkpt lat="42.314960000" lon="2.120490000">
        <ele>1097.000</ele>
      </trkpt>
      <trkpt lat="42.314920000" lon="2.120340000">
        <ele>1098.000</ele>
      </trkpt>
      <trkpt lat="42.314880000" lon="2.120160000">
        <ele>1099.000</ele>
      </trkpt>
      <trkpt lat="42.314880000" lon="2.119970000">
        <ele>1099.000</ele>
      </trkpt>
      <trkpt lat="42.314920000" lon="2.119800000">
        <ele>1100.000</ele>
      </trkpt>
      <trkpt lat="42.315010000" lon="2.119650000">
        <ele>1100.000</ele>
      </trkpt>
      <trkpt lat="42.315060000" lon="2.119600000">
        <ele>1101.000</ele>
      </trkpt>
      <trkpt lat="42.315140000" lon="2.119540000">
        <ele>1102.000</ele>
      </trkpt>
      <trkpt lat="42.315310000" lon="2.119460000">
        <ele>1102.000</ele>
      </trkpt>
      <trkpt lat="42.315360000" lon="2.119420000">
        <ele>1103.000</ele>
      </trkpt>
      <trkpt lat="42.315410000" lon="2.119350000">
        <ele>1103.000</ele>
      </trkpt>
      <trkpt lat="42.315460000" lon="2.119220000">
        <ele>1103.000</ele>
      </trkpt>
      <trkpt lat="42.315470000" lon="2.119150000">
        <ele>1103.000</ele>
      </trkpt>
      <trkpt lat="42.315460000" lon="2.119030000">
        <ele>1104.000</ele>
      </trkpt>
      <trkpt lat="42.315430000" lon="2.118870000">
        <ele>1104.000</ele>
      </trkpt>
      <trkpt lat="42.315370000" lon="2.118640000">
        <ele>1104.000</ele>
      </trkpt>
      <trkpt lat="42.315350000" lon="2.118440000">
        <ele>1104.000</ele>
      </trkpt>
      <trkpt lat="42.315360000" lon="2.118260000">
        <ele>1104.000</ele>
      </trkpt>
      <trkpt lat="42.315450000" lon="2.118090000">
        <ele>1104.000</ele>
      </trkpt>
      <trkpt lat="42.315510000" lon="2.117880000">
        <ele>1105.000</ele>
      </trkpt>
      <trkpt lat="42.315520000" lon="2.117650000">
        <ele>1105.000</ele>
      </trkpt>
      <trkpt lat="42.315560000" lon="2.117370000">
        <ele>1105.000</ele>
      </trkpt>
      <trkpt lat="42.315630000" lon="2.117050000">
        <ele>1105.000</ele>
      </trkpt>
      <trkpt lat="42.315670000" lon="2.116930000">
        <ele>1105.000</ele>
      </trkpt>
      <trkpt lat="42.315720000" lon="2.116810000">
        <ele>1106.000</ele>
      </trkpt>
      <trkpt lat="42.315800000" lon="2.116700000">
        <ele>1106.000</ele>
      </trkpt>
      <trkpt lat="42.315850000" lon="2.116590000">
        <ele>1106.000</ele>
      </trkpt>
      <trkpt lat="42.315900000" lon="2.116470000">
        <ele>1106.000</ele>
      </trkpt>
      <trkpt lat="42.315930000" lon="2.116340000">
        <ele>1107.000</ele>
      </trkpt>
      <trkpt lat="42.315950000" lon="2.116210000">
        <ele>1107.000</ele>
      </trkpt>
      <trkpt lat="42.315960000" lon="2.116080000">
        <ele>1107.000</ele>
      </trkpt>
      <trkpt lat="42.315970000" lon="2.115590000">
        <ele>1108.000</ele>
      </trkpt>
      <trkpt lat="42.315980000" lon="2.115130000">
        <ele>1108.000</ele>
      </trkpt>
      <trkpt lat="42.315980000" lon="2.114530000">
        <ele>1109.000</ele>
      </trkpt>
      <trkpt lat="42.315990000" lon="2.114360000">
        <ele>1110.000</ele>
      </trkpt>
      <trkpt lat="42.316030000" lon="2.114210000">
        <ele>1111.000</ele>
      </trkpt>
      <trkpt lat="42.316070000" lon="2.114080000">
        <ele>1112.000</ele>
      </trkpt>
      <trkpt lat="42.316090000" lon="2.114030000">
        <ele>1112.000</ele>
      </trkpt>
      <trkpt lat="42.316120000" lon="2.113940000">
        <ele>1113.000</ele>
      </trkpt>
      <trkpt lat="42.316150000" lon="2.113890000">
        <ele>1114.000</ele>
      </trkpt>
      <trkpt lat="42.316180000" lon="2.113850000">
        <ele>1114.000</ele>
      </trkpt>
      <trkpt lat="42.316220000" lon="2.113800000">
        <ele>1115.000</ele>
      </trkpt>
      <trkpt lat="42.316270000" lon="2.113770000">
        <ele>1115.000</ele>
      </trkpt>
      <trkpt lat="42.316440000" lon="2.113720000">
        <ele>1116.000</ele>
      </trkpt>
      <trkpt lat="42.316540000" lon="2.113700000">
        <ele>1117.000</ele>
      </trkpt>
      <trkpt lat="42.316610000" lon="2.113690000">
        <ele>1117.000</ele>
      </trkpt>
      <trkpt lat="42.316960000" lon="2.113590000">
        <ele>1119.000</ele>
      </trkpt>
      <trkpt lat="42.317150000" lon="2.113500000">
        <ele>1120.000</ele>
      </trkpt>
      <trkpt lat="42.317380000" lon="2.113350000">
        <ele>1122.000</ele>
      </trkpt>
      <trkpt lat="42.317630000" lon="2.113230000">
        <ele>1124.000</ele>
      </trkpt>
      <trkpt lat="42.317780000" lon="2.113160000">
        <ele>1125.000</ele>
      </trkpt>
      <trkpt lat="42.317950000" lon="2.113120000">
        <ele>1126.000</ele>
      </trkpt>
      <trkpt lat="42.318280000" lon="2.113070000">
        <ele>1128.000</ele>
      </trkpt>
      <trkpt lat="42.318970000" lon="2.113010000">
        <ele>1130.000</ele>
      </trkpt>
      <trkpt lat="42.319060000" lon="2.113000000">
        <ele>1132.000</ele>
      </trkpt>
      <trkpt lat="42.319160000" lon="2.112960000">
        <ele>1133.000</ele>
      </trkpt>
      <trkpt lat="42.319340000" lon="2.112860000">
        <ele>1134.000</ele>
      </trkpt>
      <trkpt lat="42.320010000" lon="2.112510000">
        <ele>1136.000</ele>
      </trkpt>
      <trkpt lat="42.320090000" lon="2.112450000">
        <ele>1137.000</ele>
      </trkpt>
      <trkpt lat="42.320170000" lon="2.112360000">
        <ele>1138.000</ele>
      </trkpt>
      <trkpt lat="42.320200000" lon="2.112220000">
        <ele>1139.000</ele>
      </trkpt>
      <trkpt lat="42.320210000" lon="2.112070000">
        <ele>1139.000</ele>
      </trkpt>
      <trkpt lat="42.320210000" lon="2.112050000">
        <ele>1140.000</ele>
      </trkpt>
      <trkpt lat="42.320250000" lon="2.111730000">
        <ele>1140.000</ele>
      </trkpt>
      <trkpt lat="42.320270000" lon="2.111430000">
        <ele>1141.000</ele>
      </trkpt>
      <trkpt lat="42.320220000" lon="2.111120000">
        <ele>1142.000</ele>
      </trkpt>
      <trkpt lat="42.320160000" lon="2.110850000">
        <ele>1144.000</ele>
      </trkpt>
      <trkpt lat="42.320080000" lon="2.110590000">
        <ele>1145.000</ele>
      </trkpt>
      <trkpt lat="42.320060000" lon="2.110450000">
        <ele>1147.000</ele>
      </trkpt>
      <trkpt lat="42.320050000" lon="2.110310000">
        <ele>1148.000</ele>
      </trkpt>
      <trkpt lat="42.320070000" lon="2.110050000">
        <ele>1150.000</ele>
      </trkpt>
      <trkpt lat="42.320060000" lon="2.109920000">
        <ele>1151.000</ele>
      </trkpt>
      <trkpt lat="42.320030000" lon="2.109790000">
        <ele>1152.000</ele>
      </trkpt>
      <trkpt lat="42.319980000" lon="2.109680000">
        <ele>1153.000</ele>
      </trkpt>
      <trkpt lat="42.319920000" lon="2.109580000">
        <ele>1154.000</ele>
      </trkpt>
      <trkpt lat="42.319760000" lon="2.109420000">
        <ele>1156.000</ele>
      </trkpt>
      <trkpt lat="42.319190000" lon="2.109010000">
        <ele>1159.000</ele>
      </trkpt>
      <trkpt lat="42.319060000" lon="2.108950000">
        <ele>1161.000</ele>
      </trkpt>
      <trkpt lat="42.318940000" lon="2.108930000">
        <ele>1162.000</ele>
      </trkpt>
      <trkpt lat="42.318680000" lon="2.108900000">
        <ele>1163.000</ele>
      </trkpt>
      <trkpt lat="42.318600000" lon="2.108850000">
        <ele>1164.000</ele>
      </trkpt>
      <trkpt lat="42.318550000" lon="2.108780000">
        <ele>1164.000</ele>
      </trkpt>
      <trkpt lat="42.318510000" lon="2.108690000">
        <ele>1164.000</ele>
      </trkpt>
      <trkpt lat="42.318490000" lon="2.108590000">
        <ele>1165.000</ele>
      </trkpt>
      <trkpt lat="42.318480000" lon="2.108370000">
        <ele>1165.000</ele>
      </trkpt>
      <trkpt lat="42.318500000" lon="2.108150000">
        <ele>1165.000</ele>
      </trkpt>
      <trkpt lat="42.318580000" lon="2.107770000">
        <ele>1165.000</ele>
      </trkpt>
      <trkpt lat="42.318950000" lon="2.106650000">
        <ele>1166.000</ele>
      </trkpt>
      <trkpt lat="42.319120000" lon="2.106090000">
        <ele>1167.000</ele>
      </trkpt>
      <trkpt lat="42.319210000" lon="2.105880000">
        <ele>1168.000</ele>
      </trkpt>
      <trkpt lat="42.319270000" lon="2.105790000">
        <ele>1169.000</ele>
      </trkpt>
      <trkpt lat="42.319330000" lon="2.105710000">
        <ele>1170.000</ele>
      </trkpt>
      <trkpt lat="42.319380000" lon="2.105650000">
        <ele>1170.000</ele>
      </trkpt>
      <trkpt lat="42.319440000" lon="2.105610000">
        <ele>1171.000</ele>
      </trkpt>
      <trkpt lat="42.319570000" lon="2.105550000">
        <ele>1171.000</ele>
      </trkpt>
      <trkpt lat="42.319720000" lon="2.105470000">
        <ele>1172.000</ele>
      </trkpt>
      <trkpt lat="42.319810000" lon="2.105400000">
        <ele>1173.000</ele>
      </trkpt>
      <trkpt lat="42.319880000" lon="2.105290000">
        <ele>1174.000</ele>
      </trkpt>
      <trkpt lat="42.319880000" lon="2.105200000">
        <ele>1174.000</ele>
      </trkpt>
      <trkpt lat="42.319850000" lon="2.105110000">
        <ele>1175.000</ele>
      </trkpt>
      <trkpt lat="42.319810000" lon="2.105010000">
        <ele>1175.000</ele>
      </trkpt>
      <trkpt lat="42.319740000" lon="2.104910000">
        <ele>1176.000</ele>
      </trkpt>
      <trkpt lat="42.319670000" lon="2.104800000">
        <ele>1176.000</ele>
      </trkpt>
      <trkpt lat="42.319630000" lon="2.104600000">
        <ele>1177.000</ele>
      </trkpt>
      <trkpt lat="42.319600000" lon="2.104330000">
        <ele>1177.000</ele>
      </trkpt>
      <trkpt lat="42.319570000" lon="2.104220000">
        <ele>1177.000</ele>
      </trkpt>
      <trkpt lat="42.319530000" lon="2.104140000">
        <ele>1177.000</ele>
      </trkpt>
      <trkpt lat="42.319470000" lon="2.104080000">
        <ele>1177.000</ele>
      </trkpt>
      <trkpt lat="42.319410000" lon="2.104080000">
        <ele>1177.000</ele>
      </trkpt>
      <trkpt lat="42.319360000" lon="2.104090000">
        <ele>1177.000</ele>
      </trkpt>
      <trkpt lat="42.319310000" lon="2.104110000">
        <ele>1177.000</ele>
      </trkpt>
      <trkpt lat="42.319240000" lon="2.104150000">
        <ele>1177.000</ele>
      </trkpt>
      <trkpt lat="42.319070000" lon="2.104270000">
        <ele>1177.000</ele>
      </trkpt>
      <trkpt lat="42.318930000" lon="2.104350000">
        <ele>1177.000</ele>
      </trkpt>
      <trkpt lat="42.318640000" lon="2.104430000">
        <ele>1177.000</ele>
      </trkpt>
      <trkpt lat="42.318510000" lon="2.104440000">
        <ele>1177.000</ele>
      </trkpt>
      <trkpt lat="42.318430000" lon="2.104430000">
        <ele>1177.000</ele>
      </trkpt>
      <trkpt lat="42.318340000" lon="2.104400000">
        <ele>1177.000</ele>
      </trkpt>
      <trkpt lat="42.318300000" lon="2.104340000">
        <ele>1177.000</ele>
      </trkpt>
      <trkpt lat="42.318250000" lon="2.104260000">
        <ele>1177.000</ele>
      </trkpt>
      <trkpt lat="42.318220000" lon="2.104110000">
        <ele>1177.000</ele>
      </trkpt>
      <trkpt lat="42.318130000" lon="2.103420000">
        <ele>1177.000</ele>
      </trkpt>
      <trkpt lat="42.318110000" lon="2.103290000">
        <ele>1178.000</ele>
      </trkpt>
      <trkpt lat="42.318110000" lon="2.103160000">
        <ele>1178.000</ele>
      </trkpt>
      <trkpt lat="42.318120000" lon="2.103030000">
        <ele>1179.000</ele>
      </trkpt>
      <trkpt lat="42.318140000" lon="2.102900000">
        <ele>1179.000</ele>
      </trkpt>
      <trkpt lat="42.318190000" lon="2.102730000">
        <ele>1180.000</ele>
      </trkpt>
      <trkpt lat="42.318260000" lon="2.102610000">
        <ele>1180.000</ele>
      </trkpt>
      <trkpt lat="42.318380000" lon="2.102440000">
        <ele>1180.000</ele>
      </trkpt>
      <trkpt lat="42.318380000" lon="2.102430000">
        <ele>1181.000</ele>
      </trkpt>
      <trkpt lat="42.318540000" lon="2.102280000">
        <ele>1181.000</ele>
      </trkpt>
      <trkpt lat="42.318750000" lon="2.102120000">
        <ele>1181.000</ele>
      </trkpt>
      <trkpt lat="42.318980000" lon="2.101960000">
        <ele>1182.000</ele>
      </trkpt>
      <trkpt lat="42.319260000" lon="2.101780000">
        <ele>1183.000</ele>
      </trkpt>
      <trkpt lat="42.319380000" lon="2.101670000">
        <ele>1183.000</ele>
      </trkpt>
      <trkpt lat="42.319500000" lon="2.101560000">
        <ele>1184.000</ele>
      </trkpt>
      <trkpt lat="42.319630000" lon="2.101380000">
        <ele>1184.000</ele>
      </trkpt>
      <trkpt lat="42.319750000" lon="2.101170000">
        <ele>1185.000</ele>
      </trkpt>
      <trkpt lat="42.319850000" lon="2.100970000">
        <ele>1185.000</ele>
      </trkpt>
      <trkpt lat="42.319950000" lon="2.100710000">
        <ele>1186.000</ele>
      </trkpt>
      <trkpt lat="42.320000000" lon="2.100570000">
        <ele>1186.000</ele>
      </trkpt>
      <trkpt lat="42.320060000" lon="2.100420000">
        <ele>1187.000</ele>
      </trkpt>
      <trkpt lat="42.320140000" lon="2.100310000">
        <ele>1187.000</ele>
      </trkpt>
      <trkpt lat="42.320240000" lon="2.100210000">
        <ele>1188.000</ele>
      </trkpt>
      <trkpt lat="42.320380000" lon="2.100120000">
        <ele>1189.000</ele>
      </trkpt>
      <trkpt lat="42.320530000" lon="2.100070000">
        <ele>1189.000</ele>
      </trkpt>
      <trkpt lat="42.320680000" lon="2.100050000">
        <ele>1190.000</ele>
      </trkpt>
      <trkpt lat="42.320840000" lon="2.100040000">
        <ele>1191.000</ele>
      </trkpt>
      <trkpt lat="42.321350000" lon="2.100100000">
        <ele>1193.000</ele>
      </trkpt>
      <trkpt lat="42.321730000" lon="2.100110000">
        <ele>1195.000</ele>
      </trkpt>
      <trkpt lat="42.321920000" lon="2.100020000">
        <ele>1197.000</ele>
      </trkpt>
      <trkpt lat="42.322000000" lon="2.099940000">
        <ele>1198.000</ele>
      </trkpt>
      <trkpt lat="42.322050000" lon="2.099790000">
        <ele>1199.000</ele>
      </trkpt>
      <trkpt lat="42.322040000" lon="2.099590000">
        <ele>1200.000</ele>
      </trkpt>
      <trkpt lat="42.321990000" lon="2.099320000">
        <ele>1201.000</ele>
      </trkpt>
      <trkpt lat="42.321920000" lon="2.099170000">
        <ele>1202.000</ele>
      </trkpt>
      <trkpt lat="42.321770000" lon="2.099070000">
        <ele>1203.000</ele>
      </trkpt>
      <trkpt lat="42.321550000" lon="2.098930000">
        <ele>1204.000</ele>
      </trkpt>
      <trkpt lat="42.321090000" lon="2.098460000">
        <ele>1206.000</ele>
      </trkpt>
      <trkpt lat="42.320780000" lon="2.098240000">
        <ele>1207.000</ele>
      </trkpt>
      <trkpt lat="42.320690000" lon="2.098250000">
        <ele>1208.000</ele>
      </trkpt>
      <trkpt lat="42.320570000" lon="2.098210000">
        <ele>1209.000</ele>
      </trkpt>
      <trkpt lat="42.320410000" lon="2.098150000">
        <ele>1209.000</ele>
      </trkpt>
      <trkpt lat="42.320290000" lon="2.098000000">
        <ele>1209.000</ele>
      </trkpt>
      <trkpt lat="42.320210000" lon="2.097780000">
        <ele>1208.000</ele>
      </trkpt>
      <trkpt lat="42.320180000" lon="2.097680000">
        <ele>1208.000</ele>
      </trkpt>
      <trkpt lat="42.320180000" lon="2.097540000">
        <ele>1207.000</ele>
      </trkpt>
      <trkpt lat="42.320180000" lon="2.097380000">
        <ele>1207.000</ele>
      </trkpt>
      <trkpt lat="42.320220000" lon="2.097170000">
        <ele>1206.000</ele>
      </trkpt>
      <trkpt lat="42.320290000" lon="2.096940000">
        <ele>1206.000</ele>
      </trkpt>
      <trkpt lat="42.320390000" lon="2.096710000">
        <ele>1205.000</ele>
      </trkpt>
      <trkpt lat="42.320460000" lon="2.096600000">
        <ele>1204.000</ele>
      </trkpt>
      <trkpt lat="42.320530000" lon="2.096500000">
        <ele>1204.000</ele>
      </trkpt>
      <trkpt lat="42.320740000" lon="2.096290000">
        <ele>1203.000</ele>
      </trkpt>
      <trkpt lat="42.320840000" lon="2.096140000">
        <ele>1202.000</ele>
      </trkpt>
      <trkpt lat="42.320860000" lon="2.096010000">
        <ele>1201.000</ele>
      </trkpt>
      <trkpt lat="42.320860000" lon="2.095580000">
        <ele>1198.000</ele>
      </trkpt>
      <trkpt lat="42.320880000" lon="2.095120000">
        <ele>1195.000</ele>
      </trkpt>
      <trkpt lat="42.320910000" lon="2.094800000">
        <ele>1192.000</ele>
      </trkpt>
      <trkpt lat="42.320920000" lon="2.094560000">
        <ele>1189.000</ele>
      </trkpt>
      <trkpt lat="42.320860000" lon="2.094320000">
        <ele>1187.000</ele>
      </trkpt>
      <trkpt lat="42.320870000" lon="2.094030000">
        <ele>1184.000</ele>
      </trkpt>
      <trkpt lat="42.320890000" lon="2.093880000">
        <ele>1181.000</ele>
      </trkpt>
      <trkpt lat="42.320920000" lon="2.093740000">
        <ele>1180.000</ele>
      </trkpt>
      <trkpt lat="42.320990000" lon="2.093550000">
        <ele>1178.000</ele>
      </trkpt>
      <trkpt lat="42.321110000" lon="2.093330000">
        <ele>1178.000</ele>
      </trkpt>
      <trkpt lat="42.321230000" lon="2.093130000">
        <ele>1177.000</ele>
      </trkpt>
      <trkpt lat="42.321330000" lon="2.092910000">
        <ele>1176.000</ele>
      </trkpt>
      <trkpt lat="42.321410000" lon="2.092800000">
        <ele>1176.000</ele>
      </trkpt>
      <trkpt lat="42.321490000" lon="2.092740000">
        <ele>1176.000</ele>
      </trkpt>
      <trkpt lat="42.321590000" lon="2.092740000">
        <ele>1175.000</ele>
      </trkpt>
      <trkpt lat="42.321690000" lon="2.092760000">
        <ele>1175.000</ele>
      </trkpt>
      <trkpt lat="42.321790000" lon="2.092810000">
        <ele>1175.000</ele>
      </trkpt>
      <trkpt lat="42.322030000" lon="2.092980000">
        <ele>1175.000</ele>
      </trkpt>
      <trkpt lat="42.322350000" lon="2.093180000">
        <ele>1174.000</ele>
      </trkpt>
      <trkpt lat="42.322450000" lon="2.093210000">
        <ele>1174.000</ele>
      </trkpt>
      <trkpt lat="42.322500000" lon="2.093210000">
        <ele>1173.000</ele>
      </trkpt>
      <trkpt lat="42.322540000" lon="2.093190000">
        <ele>1173.000</ele>
      </trkpt>
      <trkpt lat="42.322570000" lon="2.093160000">
        <ele>1172.000</ele>
      </trkpt>
      <trkpt lat="42.322600000" lon="2.093090000">
        <ele>1172.000</ele>
      </trkpt>
      <trkpt lat="42.322630000" lon="2.092950000">
        <ele>1171.000</ele>
      </trkpt>
      <trkpt lat="42.322650000" lon="2.092830000">
        <ele>1171.000</ele>
      </trkpt>
      <trkpt lat="42.322650000" lon="2.092750000">
        <ele>1170.000</ele>
      </trkpt>
      <trkpt lat="42.322640000" lon="2.092710000">
        <ele>1170.000</ele>
      </trkpt>
      <trkpt lat="42.322590000" lon="2.092630000">
        <ele>1169.000</ele>
      </trkpt>
      <trkpt lat="42.322520000" lon="2.092570000">
        <ele>1168.000</ele>
      </trkpt>
      <trkpt lat="42.322440000" lon="2.092470000">
        <ele>1168.000</ele>
      </trkpt>
      <trkpt lat="42.322230000" lon="2.091760000">
        <ele>1166.000</ele>
      </trkpt>
      <trkpt lat="42.322140000" lon="2.091530000">
        <ele>1164.000</ele>
      </trkpt>
      <trkpt lat="42.322090000" lon="2.091350000">
        <ele>1162.000</ele>
      </trkpt>
      <trkpt lat="42.322070000" lon="2.091160000">
        <ele>1161.000</ele>
      </trkpt>
      <trkpt lat="42.322090000" lon="2.090960000">
        <ele>1160.000</ele>
      </trkpt>
      <trkpt lat="42.322120000" lon="2.090810000">
        <ele>1159.000</ele>
      </trkpt>
      <trkpt lat="42.322150000" lon="2.090650000">
        <ele>1159.000</ele>
      </trkpt>
      <trkpt lat="42.322180000" lon="2.090490000">
        <ele>1158.000</ele>
      </trkpt>
      <trkpt lat="42.322200000" lon="2.090330000">
        <ele>1158.000</ele>
      </trkpt>
      <trkpt lat="42.322200000" lon="2.090220000">
        <ele>1158.000</ele>
      </trkpt>
      <trkpt lat="42.322170000" lon="2.090140000">
        <ele>1158.000</ele>
      </trkpt>
      <trkpt lat="42.322120000" lon="2.090100000">
        <ele>1158.000</ele>
      </trkpt>
      <trkpt lat="42.322050000" lon="2.090080000">
        <ele>1158.000</ele>
      </trkpt>
      <trkpt lat="42.321900000" lon="2.090040000">
        <ele>1158.000</ele>
      </trkpt>
      <trkpt lat="42.321810000" lon="2.089970000">
        <ele>1158.000</ele>
      </trkpt>
      <trkpt lat="42.321760000" lon="2.089900000">
        <ele>1158.000</ele>
      </trkpt>
      <trkpt lat="42.321730000" lon="2.089810000">
        <ele>1158.000</ele>
      </trkpt>
      <trkpt lat="42.321710000" lon="2.089710000">
        <ele>1158.000</ele>
      </trkpt>
      <trkpt lat="42.321710000" lon="2.089540000">
        <ele>1158.000</ele>
      </trkpt>
      <trkpt lat="42.321730000" lon="2.089400000">
        <ele>1158.000</ele>
      </trkpt>
      <trkpt lat="42.321770000" lon="2.089220000">
        <ele>1158.000</ele>
      </trkpt>
      <trkpt lat="42.321860000" lon="2.088960000">
        <ele>1158.000</ele>
      </trkpt>
      <trkpt lat="42.321880000" lon="2.088920000">
        <ele>1158.000</ele>
      </trkpt>
      <trkpt lat="42.321980000" lon="2.088650000">
        <ele>1158.000</ele>
      </trkpt>
      <trkpt lat="42.322050000" lon="2.088420000">
        <ele>1157.000</ele>
      </trkpt>
      <trkpt lat="42.322120000" lon="2.088140000">
        <ele>1156.000</ele>
      </trkpt>
      <trkpt lat="42.322170000" lon="2.087990000">
        <ele>1155.000</ele>
      </trkpt>
      <trkpt lat="42.322330000" lon="2.087740000">
        <ele>1154.000</ele>
      </trkpt>
      <trkpt lat="42.322380000" lon="2.087640000">
        <ele>1153.000</ele>
      </trkpt>
      <trkpt lat="42.322380000" lon="2.087580000">
        <ele>1152.000</ele>
      </trkpt>
      <trkpt lat="42.322380000" lon="2.087530000">
        <ele>1152.000</ele>
      </trkpt>
      <trkpt lat="42.322350000" lon="2.087430000">
        <ele>1151.000</ele>
      </trkpt>
      <trkpt lat="42.322300000" lon="2.087270000">
        <ele>1151.000</ele>
      </trkpt>
      <trkpt lat="42.322260000" lon="2.087110000">
        <ele>1150.000</ele>
      </trkpt>
      <trkpt lat="42.322260000" lon="2.086980000">
        <ele>1149.000</ele>
      </trkpt>
      <trkpt lat="42.322290000" lon="2.086840000">
        <ele>1148.000</ele>
      </trkpt>
      <trkpt lat="42.322330000" lon="2.086730000">
        <ele>1148.000</ele>
      </trkpt>
      <trkpt lat="42.322370000" lon="2.086640000">
        <ele>1147.000</ele>
      </trkpt>
      <trkpt lat="42.322470000" lon="2.086450000">
        <ele>1147.000</ele>
      </trkpt>
      <trkpt lat="42.322580000" lon="2.086340000">
        <ele>1147.000</ele>
      </trkpt>
      <trkpt lat="42.322780000" lon="2.086210000">
        <ele>1147.000</ele>
      </trkpt>
      <trkpt lat="42.323070000" lon="2.086080000">
        <ele>1147.000</ele>
      </trkpt>
      <trkpt lat="42.323120000" lon="2.086020000">
        <ele>1147.000</ele>
      </trkpt>
      <trkpt lat="42.323150000" lon="2.085940000">
        <ele>1147.000</ele>
      </trkpt>
      <trkpt lat="42.323160000" lon="2.085860000">
        <ele>1147.000</ele>
      </trkpt>
      <trkpt lat="42.323150000" lon="2.085630000">
        <ele>1147.000</ele>
      </trkpt>
      <trkpt lat="42.323150000" lon="2.085490000">
        <ele>1147.000</ele>
      </trkpt>
      <trkpt lat="42.323190000" lon="2.085390000">
        <ele>1147.000</ele>
      </trkpt>
      <trkpt lat="42.323260000" lon="2.085280000">
        <ele>1147.000</ele>
      </trkpt>
      <trkpt lat="42.323390000" lon="2.085080000">
        <ele>1147.000</ele>
      </trkpt>
      <trkpt lat="42.323520000" lon="2.084910000">
        <ele>1147.000</ele>
      </trkpt>
      <trkpt lat="42.323610000" lon="2.084790000">
        <ele>1147.000</ele>
      </trkpt>
      <trkpt lat="42.323630000" lon="2.084740000">
        <ele>1147.000</ele>
      </trkpt>
      <trkpt lat="42.323630000" lon="2.084670000">
        <ele>1147.000</ele>
      </trkpt>
      <trkpt lat="42.323600000" lon="2.084580000">
        <ele>1147.000</ele>
      </trkpt>
      <trkpt lat="42.323560000" lon="2.084520000">
        <ele>1147.000</ele>
      </trkpt>
      <trkpt lat="42.323460000" lon="2.084430000">
        <ele>1147.000</ele>
      </trkpt>
      <trkpt lat="42.323380000" lon="2.084370000">
        <ele>1147.000</ele>
      </trkpt>
      <trkpt lat="42.323150000" lon="2.084200000">
        <ele>1147.000</ele>
      </trkpt>
      <trkpt lat="42.323110000" lon="2.084130000">
        <ele>1146.000</ele>
      </trkpt>
      <trkpt lat="42.323080000" lon="2.084050000">
        <ele>1146.000</ele>
      </trkpt>
      <trkpt lat="42.322990000" lon="2.083720000">
        <ele>1146.000</ele>
      </trkpt>
      <trkpt lat="42.322970000" lon="2.083590000">
        <ele>1146.000</ele>
      </trkpt>
      <trkpt lat="42.322970000" lon="2.083480000">
        <ele>1146.000</ele>
      </trkpt>
      <trkpt lat="42.322990000" lon="2.083330000">
        <ele>1146.000</ele>
      </trkpt>
      <trkpt lat="42.323010000" lon="2.083200000">
        <ele>1145.000</ele>
      </trkpt>
      <trkpt lat="42.323050000" lon="2.083030000">
        <ele>1145.000</ele>
      </trkpt>
      <trkpt lat="42.323160000" lon="2.082810000">
        <ele>1145.000</ele>
      </trkpt>
      <trkpt lat="42.323240000" lon="2.082610000">
        <ele>1145.000</ele>
      </trkpt>
      <trkpt lat="42.323310000" lon="2.082460000">
        <ele>1145.000</ele>
      </trkpt>
      <trkpt lat="42.323530000" lon="2.082180000">
        <ele>1145.000</ele>
      </trkpt>
      <trkpt lat="42.323680000" lon="2.081990000">
        <ele>1146.000</ele>
      </trkpt>
      <trkpt lat="42.323720000" lon="2.081900000">
        <ele>1146.000</ele>
      </trkpt>
      <trkpt lat="42.323730000" lon="2.081800000">
        <ele>1146.000</ele>
      </trkpt>
      <trkpt lat="42.323720000" lon="2.081700000">
        <ele>1146.000</ele>
      </trkpt>
      <trkpt lat="42.323720000" lon="2.081520000">
        <ele>1146.000</ele>
      </trkpt>
      <trkpt lat="42.323740000" lon="2.081320000">
        <ele>1147.000</ele>
      </trkpt>
      <trkpt lat="42.323740000" lon="2.081170000">
        <ele>1147.000</ele>
      </trkpt>
      <trkpt lat="42.323730000" lon="2.081020000">
        <ele>1147.000</ele>
      </trkpt>
      <trkpt lat="42.323690000" lon="2.080730000">
        <ele>1147.000</ele>
      </trkpt>
      <trkpt lat="42.323660000" lon="2.080470000">
        <ele>1148.000</ele>
      </trkpt>
      <trkpt lat="42.323660000" lon="2.080330000">
        <ele>1148.000</ele>
      </trkpt>
      <trkpt lat="42.323660000" lon="2.080140000">
        <ele>1148.000</ele>
      </trkpt>
      <trkpt lat="42.323670000" lon="2.079860000">
        <ele>1148.000</ele>
      </trkpt>
      <trkpt lat="42.323670000" lon="2.079640000">
        <ele>1148.000</ele>
      </trkpt>
      <trkpt lat="42.323650000" lon="2.079470000">
        <ele>1148.000</ele>
      </trkpt>
      <trkpt lat="42.323580000" lon="2.078930000">
        <ele>1148.000</ele>
      </trkpt>
      <trkpt lat="42.323550000" lon="2.078720000">
        <ele>1148.000</ele>
      </trkpt>
      <trkpt lat="42.323540000" lon="2.078260000">
        <ele>1148.000</ele>
      </trkpt>
      <trkpt lat="42.323490000" lon="2.077910000">
        <ele>1148.000</ele>
      </trkpt>
      <trkpt lat="42.323370000" lon="2.077170000">
        <ele>1148.000</ele>
      </trkpt>
      <trkpt lat="42.323170000" lon="2.076550000">
        <ele>1150.000</ele>
      </trkpt>
      <trkpt lat="42.323040000" lon="2.076260000">
        <ele>1151.000</ele>
      </trkpt>
      <trkpt lat="42.322950000" lon="2.076060000">
        <ele>1152.000</ele>
      </trkpt>
      <trkpt lat="42.322900000" lon="2.075900000">
        <ele>1153.000</ele>
      </trkpt>
      <trkpt lat="42.322880000" lon="2.075470000">
        <ele>1154.000</ele>
      </trkpt>
      <trkpt lat="42.322840000" lon="2.075240000">
        <ele>1154.000</ele>
      </trkpt>
      <trkpt lat="42.322790000" lon="2.075030000">
        <ele>1155.000</ele>
      </trkpt>
      <trkpt lat="42.322720000" lon="2.074300000">
        <ele>1157.000</ele>
      </trkpt>
      <trkpt lat="42.322690000" lon="2.074170000">
        <ele>1157.000</ele>
      </trkpt>
      <trkpt lat="42.322470000" lon="2.073650000">
        <ele>1159.000</ele>
      </trkpt>
      <trkpt lat="42.322330000" lon="2.073270000">
        <ele>1160.000</ele>
      </trkpt>
      <trkpt lat="42.322230000" lon="2.072980000">
        <ele>1161.000</ele>
      </trkpt>
      <trkpt lat="42.322200000" lon="2.072860000">
        <ele>1162.000</ele>
      </trkpt>
      <trkpt lat="42.322160000" lon="2.072740000">
        <ele>1162.000</ele>
      </trkpt>
      <trkpt lat="42.321950000" lon="2.072420000">
        <ele>1163.000</ele>
      </trkpt>
      <trkpt lat="42.321860000" lon="2.072260000">
        <ele>1163.000</ele>
      </trkpt>
      <trkpt lat="42.321800000" lon="2.072030000">
        <ele>1163.000</ele>
      </trkpt>
      <trkpt lat="42.321760000" lon="2.071850000">
        <ele>1163.000</ele>
      </trkpt>
      <trkpt lat="42.321720000" lon="2.071710000">
        <ele>1163.000</ele>
      </trkpt>
      <trkpt lat="42.321570000" lon="2.071440000">
        <ele>1163.000</ele>
      </trkpt>
      <trkpt lat="42.321460000" lon="2.071190000">
        <ele>1163.000</ele>
      </trkpt>
      <trkpt lat="42.321440000" lon="2.071100000">
        <ele>1163.000</ele>
      </trkpt>
      <trkpt lat="42.321440000" lon="2.071000000">
        <ele>1163.000</ele>
      </trkpt>
      <trkpt lat="42.321480000" lon="2.070850000">
        <ele>1163.000</ele>
      </trkpt>
      <trkpt lat="42.321560000" lon="2.070680000">
        <ele>1163.000</ele>
      </trkpt>
      <trkpt lat="42.321600000" lon="2.070570000">
        <ele>1163.000</ele>
      </trkpt>
      <trkpt lat="42.321640000" lon="2.070440000">
        <ele>1163.000</ele>
      </trkpt>
      <trkpt lat="42.321650000" lon="2.070320000">
        <ele>1163.000</ele>
      </trkpt>
      <trkpt lat="42.321650000" lon="2.070200000">
        <ele>1163.000</ele>
      </trkpt>
      <trkpt lat="42.321620000" lon="2.069750000">
        <ele>1163.000</ele>
      </trkpt>
      <trkpt lat="42.321630000" lon="2.069530000">
        <ele>1162.000</ele>
      </trkpt>
      <trkpt lat="42.321690000" lon="2.069370000">
        <ele>1162.000</ele>
      </trkpt>
      <trkpt lat="42.321770000" lon="2.069250000">
        <ele>1162.000</ele>
      </trkpt>
      <trkpt lat="42.321870000" lon="2.069120000">
        <ele>1162.000</ele>
      </trkpt>
      <trkpt lat="42.321940000" lon="2.069050000">
        <ele>1162.000</ele>
      </trkpt>
      <trkpt lat="42.322010000" lon="2.069020000">
        <ele>1161.000</ele>
      </trkpt>
      <trkpt lat="42.322070000" lon="2.069000000">
        <ele>1161.000</ele>
      </trkpt>
      <trkpt lat="42.322200000" lon="2.069000000">
        <ele>1161.000</ele>
      </trkpt>
      <trkpt lat="42.322440000" lon="2.068960000">
        <ele>1161.000</ele>
      </trkpt>
      <trkpt lat="42.322560000" lon="2.068930000">
        <ele>1161.000</ele>
      </trkpt>
      <trkpt lat="42.322740000" lon="2.068870000">
        <ele>1161.000</ele>
      </trkpt>
      <trkpt lat="42.322950000" lon="2.068800000">
        <ele>1162.000</ele>
      </trkpt>
      <trkpt lat="42.323020000" lon="2.068780000">
        <ele>1163.000</ele>
      </trkpt>
      <trkpt lat="42.323150000" lon="2.068710000">
        <ele>1163.000</ele>
      </trkpt>
      <trkpt lat="42.323210000" lon="2.068650000">
        <ele>1164.000</ele>
      </trkpt>
      <trkpt lat="42.323310000" lon="2.068560000">
        <ele>1164.000</ele>
      </trkpt>
      <trkpt lat="42.323360000" lon="2.068500000">
        <ele>1165.000</ele>
      </trkpt>
      <trkpt lat="42.323400000" lon="2.068430000">
        <ele>1165.000</ele>
      </trkpt>
      <trkpt lat="42.323540000" lon="2.067990000">
        <ele>1166.000</ele>
      </trkpt>
      <trkpt lat="42.323540000" lon="2.067990000">
        <ele>1167.000</ele>
      </trkpt>
      <trkpt lat="42.323540000" lon="2.067990000">
        <ele>1167.000</ele>
      </trkpt>
      <trkpt lat="42.323540000" lon="2.067990000">
        <ele>1168.000</ele>
      </trkpt>
      <trkpt lat="42.323800000" lon="2.067240000">
        <ele>1169.000</ele>
      </trkpt>
      <trkpt lat="42.324130000" lon="2.066120000">
        <ele>1172.000</ele>
      </trkpt>
      <trkpt lat="42.324250000" lon="2.065720000">
        <ele>1175.000</ele>
      </trkpt>
      <trkpt lat="42.324400000" lon="2.065200000">
        <ele>1177.000</ele>
      </trkpt>
      <trkpt lat="42.324520000" lon="2.064590000">
        <ele>1180.000</ele>
      </trkpt>
      <trkpt lat="42.324610000" lon="2.064070000">
        <ele>1183.000</ele>
      </trkpt>
      <trkpt lat="42.324650000" lon="2.063890000">
        <ele>1185.000</ele>
      </trkpt>
      <trkpt lat="42.324700000" lon="2.063700000">
        <ele>1187.000</ele>
      </trkpt>
      <trkpt lat="42.324830000" lon="2.063350000">
        <ele>1189.000</ele>
      </trkpt>
      <trkpt lat="42.324880000" lon="2.063210000">
        <ele>1190.000</ele>
      </trkpt>
      <trkpt lat="42.324920000" lon="2.063070000">
        <ele>1191.000</ele>
      </trkpt>
      <trkpt lat="42.324950000" lon="2.062840000">
        <ele>1193.000</ele>
      </trkpt>
      <trkpt lat="42.324980000" lon="2.062590000">
        <ele>1194.000</ele>
      </trkpt>
      <trkpt lat="42.325000000" lon="2.062040000">
        <ele>1195.000</ele>
      </trkpt>
      <trkpt lat="42.325020000" lon="2.061510000">
        <ele>1197.000</ele>
      </trkpt>
      <trkpt lat="42.325020000" lon="2.061110000">
        <ele>1199.000</ele>
      </trkpt>
      <trkpt lat="42.325000000" lon="2.059730000">
        <ele>1202.000</ele>
      </trkpt>
      <trkpt lat="42.325030000" lon="2.059600000">
        <ele>1205.000</ele>
      </trkpt>
      <trkpt lat="42.325060000" lon="2.059460000">
        <ele>1206.000</ele>
      </trkpt>
      <trkpt lat="42.325240000" lon="2.058820000">
        <ele>1208.000</ele>
      </trkpt>
      <trkpt lat="42.325310000" lon="2.058660000">
        <ele>1209.000</ele>
      </trkpt>
      <trkpt lat="42.325390000" lon="2.058500000">
        <ele>1210.000</ele>
      </trkpt>
      <trkpt lat="42.325640000" lon="2.058100000">
        <ele>1211.000</ele>
      </trkpt>
      <trkpt lat="42.325940000" lon="2.057520000">
        <ele>1212.000</ele>
      </trkpt>
      <trkpt lat="42.326060000" lon="2.057300000">
        <ele>1213.000</ele>
      </trkpt>
      <trkpt lat="42.326180000" lon="2.057020000">
        <ele>1214.000</ele>
      </trkpt>
      <trkpt lat="42.326260000" lon="2.056710000">
        <ele>1216.000</ele>
      </trkpt>
      <trkpt lat="42.326320000" lon="2.056330000">
        <ele>1217.000</ele>
      </trkpt>
      <trkpt lat="42.326330000" lon="2.056140000">
        <ele>1219.000</ele>
      </trkpt>
      <trkpt lat="42.326320000" lon="2.055930000">
        <ele>1220.000</ele>
      </trkpt>
      <trkpt lat="42.326290000" lon="2.055460000">
        <ele>1222.000</ele>
      </trkpt>
      <trkpt lat="42.326270000" lon="2.055370000">
        <ele>1223.000</ele>
      </trkpt>
      <trkpt lat="42.326230000" lon="2.055260000">
        <ele>1224.000</ele>
      </trkpt>
      <trkpt lat="42.326120000" lon="2.055090000">
        <ele>1225.000</ele>
      </trkpt>
      <trkpt lat="42.326000000" lon="2.054860000">
        <ele>1227.000</ele>
      </trkpt>
      <trkpt lat="42.325930000" lon="2.054790000">
        <ele>1228.000</ele>
      </trkpt>
      <trkpt lat="42.325740000" lon="2.054610000">
        <ele>1229.000</ele>
      </trkpt>
      <trkpt lat="42.325630000" lon="2.054460000">
        <ele>1231.000</ele>
      </trkpt>
      <trkpt lat="42.325590000" lon="2.054410000">
        <ele>1232.000</ele>
      </trkpt>
      <trkpt lat="42.325560000" lon="2.054310000">
        <ele>1233.000</ele>
      </trkpt>
      <trkpt lat="42.325530000" lon="2.054200000">
        <ele>1234.000</ele>
      </trkpt>
      <trkpt lat="42.325510000" lon="2.054080000">
        <ele>1235.000</ele>
      </trkpt>
      <trkpt lat="42.325500000" lon="2.053960000">
        <ele>1236.000</ele>
      </trkpt>
      <trkpt lat="42.325510000" lon="2.053840000">
        <ele>1236.000</ele>
      </trkpt>
      <trkpt lat="42.325530000" lon="2.053700000">
        <ele>1237.000</ele>
      </trkpt>
      <trkpt lat="42.325570000" lon="2.053560000">
        <ele>1238.000</ele>
      </trkpt>
      <trkpt lat="42.325600000" lon="2.053420000">
        <ele>1239.000</ele>
      </trkpt>
      <trkpt lat="42.325630000" lon="2.053280000">
        <ele>1240.000</ele>
      </trkpt>
      <trkpt lat="42.325640000" lon="2.053110000">
        <ele>1241.000</ele>
      </trkpt>
      <trkpt lat="42.325630000" lon="2.052920000">
        <ele>1242.000</ele>
      </trkpt>
      <trkpt lat="42.325600000" lon="2.052750000">
        <ele>1243.000</ele>
      </trkpt>
      <trkpt lat="42.325540000" lon="2.052490000">
        <ele>1244.000</ele>
      </trkpt>
      <trkpt lat="42.325230000" lon="2.051510000">
        <ele>1244.000</ele>
      </trkpt>
      <trkpt lat="42.324880000" lon="2.050510000">
        <ele>1244.000</ele>
      </trkpt>
      <trkpt lat="42.324860000" lon="2.050450000">
        <ele>1244.000</ele>
      </trkpt>
      <trkpt lat="42.324790000" lon="2.050230000">
        <ele>1245.000</ele>
      </trkpt>
      <trkpt lat="42.324680000" lon="2.049930000">
        <ele>1246.000</ele>
      </trkpt>
      <trkpt lat="42.324560000" lon="2.049630000">
        <ele>1247.000</ele>
      </trkpt>
      <trkpt lat="42.324400000" lon="2.049340000">
        <ele>1248.000</ele>
      </trkpt>
      <trkpt lat="42.324210000" lon="2.049070000">
        <ele>1249.000</ele>
      </trkpt>
      <trkpt lat="42.324120000" lon="2.048950000">
        <ele>1250.000</ele>
      </trkpt>
      <trkpt lat="42.324000000" lon="2.048850000">
        <ele>1251.000</ele>
      </trkpt>
      <trkpt lat="42.323860000" lon="2.048780000">
        <ele>1252.000</ele>
      </trkpt>
      <trkpt lat="42.323690000" lon="2.048710000">
        <ele>1253.000</ele>
      </trkpt>
      <trkpt lat="42.323520000" lon="2.048620000">
        <ele>1254.000</ele>
      </trkpt>
      <trkpt lat="42.323430000" lon="2.048550000">
        <ele>1255.000</ele>
      </trkpt>
      <trkpt lat="42.323360000" lon="2.048470000">
        <ele>1255.000</ele>
      </trkpt>
      <trkpt lat="42.323310000" lon="2.048360000">
        <ele>1255.000</ele>
      </trkpt>
      <trkpt lat="42.323280000" lon="2.048250000">
        <ele>1256.000</ele>
      </trkpt>
      <trkpt lat="42.323220000" lon="2.048020000">
        <ele>1256.000</ele>
      </trkpt>
      <trkpt lat="42.323040000" lon="2.047640000">
        <ele>1256.000</ele>
      </trkpt>
      <trkpt lat="42.322910000" lon="2.047300000">
        <ele>1256.000</ele>
      </trkpt>
      <trkpt lat="42.322870000" lon="2.047210000">
        <ele>1257.000</ele>
      </trkpt>
      <trkpt lat="42.322800000" lon="2.047100000">
        <ele>1257.000</ele>
      </trkpt>
      <trkpt lat="42.322700000" lon="2.046970000">
        <ele>1257.000</ele>
      </trkpt>
      <trkpt lat="42.322650000" lon="2.046920000">
        <ele>1257.000</ele>
      </trkpt>
      <trkpt lat="42.322630000" lon="2.046870000">
        <ele>1257.000</ele>
      </trkpt>
      <trkpt lat="42.322610000" lon="2.046810000">
        <ele>1257.000</ele>
      </trkpt>
      <trkpt lat="42.322590000" lon="2.046700000">
        <ele>1258.000</ele>
      </trkpt>
      <trkpt lat="42.322580000" lon="2.046520000">
        <ele>1258.000</ele>
      </trkpt>
      <trkpt lat="42.322550000" lon="2.046270000">
        <ele>1259.000</ele>
      </trkpt>
      <trkpt lat="42.322510000" lon="2.046020000">
        <ele>1260.000</ele>
      </trkpt>
      <trkpt lat="42.322470000" lon="2.045810000">
        <ele>1261.000</ele>
      </trkpt>
      <trkpt lat="42.322460000" lon="2.045630000">
        <ele>1262.000</ele>
      </trkpt>
      <trkpt lat="42.322490000" lon="2.044780000">
        <ele>1264.000</ele>
      </trkpt>
      <trkpt lat="42.322450000" lon="2.042870000">
        <ele>1268.000</ele>
      </trkpt>
      <trkpt lat="42.322440000" lon="2.042800000">
        <ele>1271.000</ele>
      </trkpt>
      <trkpt lat="42.322420000" lon="2.042660000">
        <ele>1274.000</ele>
      </trkpt>
      <trkpt lat="42.322380000" lon="2.042410000">
        <ele>1275.000</ele>
      </trkpt>
      <trkpt lat="42.322280000" lon="2.042000000">
        <ele>1277.000</ele>
      </trkpt>
      <trkpt lat="42.322220000" lon="2.041750000">
        <ele>1278.000</ele>
      </trkpt>
      <trkpt lat="42.322180000" lon="2.041420000">
        <ele>1279.000</ele>
      </trkpt>
      <trkpt lat="42.322160000" lon="2.041080000">
        <ele>1280.000</ele>
      </trkpt>
      <trkpt lat="42.322130000" lon="2.040720000">
        <ele>1280.000</ele>
      </trkpt>
      <trkpt lat="42.322240000" lon="2.039060000">
        <ele>1282.000</ele>
      </trkpt>
      <trkpt lat="42.322240000" lon="2.038680000">
        <ele>1284.000</ele>
      </trkpt>
      <trkpt lat="42.322180000" lon="2.037910000">
        <ele>1286.000</ele>
      </trkpt>
      <trkpt lat="42.322130000" lon="2.037230000">
        <ele>1288.000</ele>
      </trkpt>
      <trkpt lat="42.322130000" lon="2.037080000">
        <ele>1289.000</ele>
      </trkpt>
      <trkpt lat="42.322150000" lon="2.036940000">
        <ele>1291.000</ele>
      </trkpt>
      <trkpt lat="42.322160000" lon="2.036810000">
        <ele>1291.000</ele>
      </trkpt>
      <trkpt lat="42.322200000" lon="2.036700000">
        <ele>1292.000</ele>
      </trkpt>
      <trkpt lat="42.322290000" lon="2.036560000">
        <ele>1293.000</ele>
      </trkpt>
      <trkpt lat="42.322400000" lon="2.036490000">
        <ele>1294.000</ele>
      </trkpt>
      <trkpt lat="42.322540000" lon="2.036450000">
        <ele>1295.000</ele>
      </trkpt>
      <trkpt lat="42.323060000" lon="2.036200000">
        <ele>1296.000</ele>
      </trkpt>
      <trkpt lat="42.323560000" lon="2.035930000">
        <ele>1299.000</ele>
      </trkpt>
      <trkpt lat="42.323700000" lon="2.035820000">
        <ele>1301.000</ele>
      </trkpt>
      <trkpt lat="42.323840000" lon="2.035710000">
        <ele>1302.000</ele>
      </trkpt>
      <trkpt lat="42.324100000" lon="2.035450000">
        <ele>1304.000</ele>
      </trkpt>
      <trkpt lat="42.324270000" lon="2.035290000">
        <ele>1305.000</ele>
      </trkpt>
      <trkpt lat="42.324380000" lon="2.035140000">
        <ele>1306.000</ele>
      </trkpt>
      <trkpt lat="42.324440000" lon="2.035040000">
        <ele>1307.000</ele>
      </trkpt>
      <trkpt lat="42.324440000" lon="2.034900000">
        <ele>1308.000</ele>
      </trkpt>
      <trkpt lat="42.324370000" lon="2.034760000">
        <ele>1308.000</ele>
      </trkpt>
      <trkpt lat="42.324260000" lon="2.034640000">
        <ele>1308.000</ele>
      </trkpt>
      <trkpt lat="42.324220000" lon="2.034620000">
        <ele>1309.000</ele>
      </trkpt>
      <trkpt lat="42.324170000" lon="2.034610000">
        <ele>1309.000</ele>
      </trkpt>
      <trkpt lat="42.324110000" lon="2.034630000">
        <ele>1309.000</ele>
      </trkpt>
      <trkpt lat="42.324060000" lon="2.034660000">
        <ele>1309.000</ele>
      </trkpt>
      <trkpt lat="42.323970000" lon="2.034780000">
        <ele>1310.000</ele>
      </trkpt>
      <trkpt lat="42.323830000" lon="2.034990000">
        <ele>1310.000</ele>
      </trkpt>
      <trkpt lat="42.323730000" lon="2.035120000">
        <ele>1310.000</ele>
      </trkpt>
      <trkpt lat="42.323630000" lon="2.035250000">
        <ele>1310.000</ele>
      </trkpt>
      <trkpt lat="42.323440000" lon="2.035410000">
        <ele>1311.000</ele>
      </trkpt>
      <trkpt lat="42.323340000" lon="2.035460000">
        <ele>1311.000</ele>
      </trkpt>
      <trkpt lat="42.323230000" lon="2.035480000">
        <ele>1312.000</ele>
      </trkpt>
      <trkpt lat="42.323110000" lon="2.035470000">
        <ele>1313.000</ele>
      </trkpt>
      <trkpt lat="42.322970000" lon="2.035430000">
        <ele>1313.000</ele>
      </trkpt>
      <trkpt lat="42.322750000" lon="2.035330000">
        <ele>1314.000</ele>
      </trkpt>
      <trkpt lat="42.322660000" lon="2.035250000">
        <ele>1315.000</ele>
      </trkpt>
      <trkpt lat="42.322610000" lon="2.035140000">
        <ele>1316.000</ele>
      </trkpt>
      <trkpt lat="42.322600000" lon="2.035040000">
        <ele>1317.000</ele>
      </trkpt>
      <trkpt lat="42.322610000" lon="2.034920000">
        <ele>1318.000</ele>
      </trkpt>
      <trkpt lat="42.322650000" lon="2.034800000">
        <ele>1318.000</ele>
      </trkpt>
      <trkpt lat="42.322720000" lon="2.034670000">
        <ele>1319.000</ele>
      </trkpt>
      <trkpt lat="42.322770000" lon="2.034490000">
        <ele>1320.000</ele>
      </trkpt>
      <trkpt lat="42.322840000" lon="2.034100000">
        <ele>1321.000</ele>
      </trkpt>
      <trkpt lat="42.322880000" lon="2.033770000">
        <ele>1323.000</ele>
      </trkpt>
      <trkpt lat="42.322910000" lon="2.033710000">
        <ele>1324.000</ele>
      </trkpt>
      <trkpt lat="42.322940000" lon="2.033640000">
        <ele>1324.000</ele>
      </trkpt>
      <trkpt lat="42.322990000" lon="2.033530000">
        <ele>1325.000</ele>
      </trkpt>
      <trkpt lat="42.323010000" lon="2.033430000">
        <ele>1326.000</ele>
      </trkpt>
      <trkpt lat="42.323020000" lon="2.033290000">
        <ele>1326.000</ele>
      </trkpt>
      <trkpt lat="42.323010000" lon="2.033170000">
        <ele>1327.000</ele>
      </trkpt>
      <trkpt lat="42.323020000" lon="2.033040000">
        <ele>1327.000</ele>
      </trkpt>
      <trkpt lat="42.323070000" lon="2.032720000">
        <ele>1328.000</ele>
      </trkpt>
      <trkpt lat="42.323140000" lon="2.032430000">
        <ele>1329.000</ele>
      </trkpt>
      <trkpt lat="42.323210000" lon="2.032100000">
        <ele>1330.000</ele>
      </trkpt>
      <trkpt lat="42.323290000" lon="2.031640000">
        <ele>1331.000</ele>
      </trkpt>
      <trkpt lat="42.323330000" lon="2.031440000">
        <ele>1332.000</ele>
      </trkpt>
      <trkpt lat="42.323370000" lon="2.031230000">
        <ele>1333.000</ele>
      </trkpt>
      <trkpt lat="42.323410000" lon="2.030940000">
        <ele>1335.000</ele>
      </trkpt>
      <trkpt lat="42.323430000" lon="2.030530000">
        <ele>1336.000</ele>
      </trkpt>
      <trkpt lat="42.323440000" lon="2.030370000">
        <ele>1337.000</ele>
      </trkpt>
      <trkpt lat="42.323430000" lon="2.030070000">
        <ele>1338.000</ele>
      </trkpt>
      <trkpt lat="42.323430000" lon="2.029830000">
        <ele>1340.000</ele>
      </trkpt>
      <trkpt lat="42.323460000" lon="2.029090000">
        <ele>1341.000</ele>
      </trkpt>
      <trkpt lat="42.323480000" lon="2.028610000">
        <ele>1343.000</ele>
      </trkpt>
      <trkpt lat="42.323480000" lon="2.028260000">
        <ele>1345.000</ele>
      </trkpt>
      <trkpt lat="42.323530000" lon="2.027980000">
        <ele>1347.000</ele>
      </trkpt>
      <trkpt lat="42.323520000" lon="2.027870000">
        <ele>1349.000</ele>
      </trkpt>
      <trkpt lat="42.323500000" lon="2.027760000">
        <ele>1350.000</ele>
      </trkpt>
      <trkpt lat="42.323400000" lon="2.027530000">
        <ele>1351.000</ele>
      </trkpt>
      <trkpt lat="42.323380000" lon="2.027440000">
        <ele>1352.000</ele>
      </trkpt>
      <trkpt lat="42.323370000" lon="2.027200000">
        <ele>1353.000</ele>
      </trkpt>
      <trkpt lat="42.323350000" lon="2.027010000">
        <ele>1354.000</ele>
      </trkpt>
      <trkpt lat="42.323110000" lon="2.026000000">
        <ele>1357.000</ele>
      </trkpt>
      <trkpt lat="42.323070000" lon="2.025820000">
        <ele>1359.000</ele>
      </trkpt>
      <trkpt lat="42.323040000" lon="2.025530000">
        <ele>1361.000</ele>
      </trkpt>
      <trkpt lat="42.323020000" lon="2.025360000">
        <ele>1362.000</ele>
      </trkpt>
      <trkpt lat="42.322910000" lon="2.024850000">
        <ele>1364.000</ele>
      </trkpt>
      <trkpt lat="42.322800000" lon="2.024530000">
        <ele>1366.000</ele>
      </trkpt>
      <trkpt lat="42.322650000" lon="2.024240000">
        <ele>1367.000</ele>
      </trkpt>
      <trkpt lat="42.322520000" lon="2.023970000">
        <ele>1369.000</ele>
      </trkpt>
      <trkpt lat="42.322360000" lon="2.023700000">
        <ele>1370.000</ele>
      </trkpt>
      <trkpt lat="42.322020000" lon="2.023380000">
        <ele>1372.000</ele>
      </trkpt>
      <trkpt lat="42.321930000" lon="2.023270000">
        <ele>1374.000</ele>
      </trkpt>
      <trkpt lat="42.321840000" lon="2.023140000">
        <ele>1375.000</ele>
      </trkpt>
      <trkpt lat="42.321720000" lon="2.022840000">
        <ele>1376.000</ele>
      </trkpt>
      <trkpt lat="42.321660000" lon="2.022630000">
        <ele>1377.000</ele>
      </trkpt>
      <trkpt lat="42.321660000" lon="2.022530000">
        <ele>1378.000</ele>
      </trkpt>
      <trkpt lat="42.321660000" lon="2.022440000">
        <ele>1379.000</ele>
      </trkpt>
      <trkpt lat="42.321720000" lon="2.022280000">
        <ele>1379.000</ele>
      </trkpt>
      <trkpt lat="42.321840000" lon="2.022070000">
        <ele>1380.000</ele>
      </trkpt>
      <trkpt lat="42.321930000" lon="2.021910000">
        <ele>1381.000</ele>
      </trkpt>
      <trkpt lat="42.321950000" lon="2.021820000">
        <ele>1382.000</ele>
      </trkpt>
      <trkpt lat="42.321950000" lon="2.021720000">
        <ele>1382.000</ele>
      </trkpt>
      <trkpt lat="42.321930000" lon="2.021630000">
        <ele>1383.000</ele>
      </trkpt>
      <trkpt lat="42.321900000" lon="2.021550000">
        <ele>1383.000</ele>
      </trkpt>
      <trkpt lat="42.321800000" lon="2.021430000">
        <ele>1384.000</ele>
      </trkpt>
      <trkpt lat="42.321700000" lon="2.021330000">
        <ele>1385.000</ele>
      </trkpt>
      <trkpt lat="42.321630000" lon="2.021230000">
        <ele>1385.000</ele>
      </trkpt>
      <trkpt lat="42.321540000" lon="2.021000000">
        <ele>1386.000</ele>
      </trkpt>
      <trkpt lat="42.321510000" lon="2.020800000">
        <ele>1387.000</ele>
      </trkpt>
      <trkpt lat="42.321530000" lon="2.020650000">
        <ele>1388.000</ele>
      </trkpt>
      <trkpt lat="42.321550000" lon="2.020500000">
        <ele>1389.000</ele>
      </trkpt>
      <trkpt lat="42.321620000" lon="2.020180000">
        <ele>1390.000</ele>
      </trkpt>
      <trkpt lat="42.321660000" lon="2.019870000">
        <ele>1391.000</ele>
      </trkpt>
      <trkpt lat="42.321670000" lon="2.019690000">
        <ele>1392.000</ele>
      </trkpt>
      <trkpt lat="42.321670000" lon="2.019450000">
        <ele>1393.000</ele>
      </trkpt>
      <trkpt lat="42.321620000" lon="2.019210000">
        <ele>1395.000</ele>
      </trkpt>
      <trkpt lat="42.321580000" lon="2.019100000">
        <ele>1396.000</ele>
      </trkpt>
      <trkpt lat="42.321280000" lon="2.018730000">
        <ele>1399.000</ele>
      </trkpt>
      <trkpt lat="42.321230000" lon="2.018640000">
        <ele>1401.000</ele>
      </trkpt>
      <trkpt lat="42.321180000" lon="2.018520000">
        <ele>1403.000</ele>
      </trkpt>
      <trkpt lat="42.321160000" lon="2.018430000">
        <ele>1404.000</ele>
      </trkpt>
      <trkpt lat="42.321150000" lon="2.018340000">
        <ele>1406.000</ele>
      </trkpt>
      <trkpt lat="42.321160000" lon="2.018140000">
        <ele>1407.000</ele>
      </trkpt>
      <trkpt lat="42.321100000" lon="2.017870000">
        <ele>1409.000</ele>
      </trkpt>
      <trkpt lat="42.321090000" lon="2.017810000">
        <ele>1411.000</ele>
      </trkpt>
      <trkpt lat="42.321100000" lon="2.017740000">
        <ele>1412.000</ele>
      </trkpt>
      <trkpt lat="42.321170000" lon="2.017530000">
        <ele>1413.000</ele>
      </trkpt>
      <trkpt lat="42.321210000" lon="2.017420000">
        <ele>1415.000</ele>
      </trkpt>
      <trkpt lat="42.321240000" lon="2.017320000">
        <ele>1416.000</ele>
      </trkpt>
      <trkpt lat="42.321240000" lon="2.017190000">
        <ele>1417.000</ele>
      </trkpt>
      <trkpt lat="42.321120000" lon="2.016290000">
        <ele>1418.000</ele>
      </trkpt>
      <trkpt lat="42.321110000" lon="2.015830000">
        <ele>1418.000</ele>
      </trkpt>
      <trkpt lat="42.321090000" lon="2.015520000">
        <ele>1419.000</ele>
      </trkpt>
      <trkpt lat="42.321020000" lon="2.015240000">
        <ele>1419.000</ele>
      </trkpt>
      <trkpt lat="42.320990000" lon="2.015100000">
        <ele>1420.000</ele>
      </trkpt>
      <trkpt lat="42.320960000" lon="2.015000000">
        <ele>1420.000</ele>
      </trkpt>
      <trkpt lat="42.320920000" lon="2.014820000">
        <ele>1420.000</ele>
      </trkpt>
      <trkpt lat="42.320880000" lon="2.014650000">
        <ele>1421.000</ele>
      </trkpt>
      <trkpt lat="42.320860000" lon="2.014550000">
        <ele>1421.000</ele>
      </trkpt>
      <trkpt lat="42.320860000" lon="2.014540000">
        <ele>1421.000</ele>
      </trkpt>
      <trkpt lat="42.320830000" lon="2.014380000">
        <ele>1422.000</ele>
      </trkpt>
      <trkpt lat="42.320810000" lon="2.014320000">
        <ele>1422.000</ele>
      </trkpt>
      <trkpt lat="42.320800000" lon="2.014230000">
        <ele>1423.000</ele>
      </trkpt>
      <trkpt lat="42.320790000" lon="2.014190000">
        <ele>1423.000</ele>
      </trkpt>
      <trkpt lat="42.320810000" lon="2.014170000">
        <ele>1424.000</ele>
      </trkpt>
      <trkpt lat="42.320810000" lon="2.014140000">
        <ele>1424.000</ele>
      </trkpt>
      <trkpt lat="42.320800000" lon="2.014100000">
        <ele>1424.000</ele>
      </trkpt>
      <trkpt lat="42.320790000" lon="2.014080000">
        <ele>1424.000</ele>
      </trkpt>
      <trkpt lat="42.320760000" lon="2.014070000">
        <ele>1424.000</ele>
      </trkpt>
      <trkpt lat="42.320720000" lon="2.013970000">
        <ele>1425.000</ele>
      </trkpt>
      <trkpt lat="42.320710000" lon="2.013860000">
        <ele>1425.000</ele>
      </trkpt>
      <trkpt lat="42.320700000" lon="2.013690000">
        <ele>1426.000</ele>
      </trkpt>
      <trkpt lat="42.320700000" lon="2.013510000">
        <ele>1427.000</ele>
      </trkpt>
      <trkpt lat="42.320660000" lon="2.013340000">
        <ele>1427.000</ele>
      </trkpt>
      <trkpt lat="42.320620000" lon="2.013240000">
        <ele>1428.000</ele>
      </trkpt>
      <trkpt lat="42.320560000" lon="2.013150000">
        <ele>1429.000</ele>
      </trkpt>
      <trkpt lat="42.320290000" lon="2.012890000">
        <ele>1430.000</ele>
      </trkpt>
      <trkpt lat="42.320230000" lon="2.012790000">
        <ele>1431.000</ele>
      </trkpt>
      <trkpt lat="42.320210000" lon="2.012750000">
        <ele>1432.000</ele>
      </trkpt>
      <trkpt lat="42.320180000" lon="2.012640000">
        <ele>1433.000</ele>
      </trkpt>
      <trkpt lat="42.320140000" lon="2.012400000">
        <ele>1434.000</ele>
      </trkpt>
      <trkpt lat="42.320070000" lon="2.012030000">
        <ele>1436.000</ele>
      </trkpt>
      <trkpt lat="42.320000000" lon="2.011670000">
        <ele>1438.000</ele>
      </trkpt>
      <trkpt lat="42.319890000" lon="2.011340000">
        <ele>1440.000</ele>
      </trkpt>
      <trkpt lat="42.319810000" lon="2.011130000">
        <ele>1442.000</ele>
      </trkpt>
      <trkpt lat="42.319730000" lon="2.010660000">
        <ele>1445.000</ele>
      </trkpt>
      <trkpt lat="42.319660000" lon="2.010380000">
        <ele>1447.000</ele>
      </trkpt>
      <trkpt lat="42.319590000" lon="2.009860000">
        <ele>1450.000</ele>
      </trkpt>
      <trkpt lat="42.319590000" lon="2.009680000">
        <ele>1453.000</ele>
      </trkpt>
      <trkpt lat="42.319640000" lon="2.009140000">
        <ele>1455.000</ele>
      </trkpt>
      <trkpt lat="42.319630000" lon="2.008870000">
        <ele>1458.000</ele>
      </trkpt>
      <trkpt lat="42.319630000" lon="2.008610000">
        <ele>1460.000</ele>
      </trkpt>
      <trkpt lat="42.319650000" lon="2.008510000">
        <ele>1461.000</ele>
      </trkpt>
      <trkpt lat="42.319720000" lon="2.008260000">
        <ele>1463.000</ele>
      </trkpt>
      <trkpt lat="42.319890000" lon="2.007530000">
        <ele>1466.000</ele>
      </trkpt>
      <trkpt lat="42.319990000" lon="2.006760000">
        <ele>1469.000</ele>
      </trkpt>
      <trkpt lat="42.319980000" lon="2.006650000">
        <ele>1471.000</ele>
      </trkpt>
      <trkpt lat="42.319970000" lon="2.006500000">
        <ele>1473.000</ele>
      </trkpt>
      <trkpt lat="42.319820000" lon="2.005920000">
        <ele>1475.000</ele>
      </trkpt>
      <trkpt lat="42.319760000" lon="2.005630000">
        <ele>1477.000</ele>
      </trkpt>
      <trkpt lat="42.319740000" lon="2.005500000">
        <ele>1479.000</ele>
      </trkpt>
      <trkpt lat="42.319750000" lon="2.005290000">
        <ele>1480.000</ele>
      </trkpt>
      <trkpt lat="42.319770000" lon="2.005220000">
        <ele>1481.000</ele>
      </trkpt>
      <trkpt lat="42.319850000" lon="2.005080000">
        <ele>1482.000</ele>
      </trkpt>
      <trkpt lat="42.320170000" lon="2.004660000">
        <ele>1484.000</ele>
      </trkpt>
      <trkpt lat="42.320280000" lon="2.004520000">
        <ele>1486.000</ele>
      </trkpt>
      <trkpt lat="42.320380000" lon="2.004450000">
        <ele>1488.000</ele>
      </trkpt>
      <trkpt lat="42.320500000" lon="2.004390000">
        <ele>1489.000</ele>
      </trkpt>
      <trkpt lat="42.320650000" lon="2.004380000">
        <ele>1490.000</ele>
      </trkpt>
      <trkpt lat="42.321020000" lon="2.004480000">
        <ele>1492.000</ele>
      </trkpt>
      <trkpt lat="42.321920000" lon="2.004870000">
        <ele>1496.000</ele>
      </trkpt>
      <trkpt lat="42.322160000" lon="2.004940000">
        <ele>1500.000</ele>
      </trkpt>
      <trkpt lat="42.322700000" lon="2.004930000">
        <ele>1504.000</ele>
      </trkpt>
      <trkpt lat="42.322860000" lon="2.004960000">
        <ele>1507.000</ele>
      </trkpt>
      <trkpt lat="42.323330000" lon="2.005150000">
        <ele>1510.000</ele>
      </trkpt>
      <trkpt lat="42.323430000" lon="2.005150000">
        <ele>1513.000</ele>
      </trkpt>
      <trkpt lat="42.323520000" lon="2.005100000">
        <ele>1515.000</ele>
      </trkpt>
      <trkpt lat="42.323760000" lon="2.004890000">
        <ele>1517.000</ele>
      </trkpt>
      <trkpt lat="42.324150000" lon="2.004450000">
        <ele>1521.000</ele>
      </trkpt>
      <trkpt lat="42.324500000" lon="2.004040000">
        <ele>1525.000</ele>
      </trkpt>
      <trkpt lat="42.324620000" lon="2.003930000">
        <ele>1528.000</ele>
      </trkpt>
      <trkpt lat="42.324770000" lon="2.003860000">
        <ele>1531.000</ele>
      </trkpt>
      <trkpt lat="42.325260000" lon="2.003760000">
        <ele>1535.000</ele>
      </trkpt>
      <trkpt lat="42.325610000" lon="2.003640000">
        <ele>1539.000</ele>
      </trkpt>
      <trkpt lat="42.326060000" lon="2.003360000">
        <ele>1542.000</ele>
      </trkpt>
      <trkpt lat="42.326430000" lon="2.003110000">
        <ele>1545.000</ele>
      </trkpt>
      <trkpt lat="42.326490000" lon="2.003050000">
        <ele>1547.000</ele>
      </trkpt>
      <trkpt lat="42.326630000" lon="2.002880000">
        <ele>1549.000</ele>
      </trkpt>
      <trkpt lat="42.327080000" lon="2.002150000">
        <ele>1551.000</ele>
      </trkpt>
      <trkpt lat="42.327670000" lon="2.001350000">
        <ele>1555.000</ele>
      </trkpt>
      <trkpt lat="42.327970000" lon="2.001020000">
        <ele>1559.000</ele>
      </trkpt>
      <trkpt lat="42.328350000" lon="2.000730000">
        <ele>1563.000</ele>
      </trkpt>
      <trkpt lat="42.328490000" lon="2.000660000">
        <ele>1566.000</ele>
      </trkpt>
      <trkpt lat="42.328660000" lon="2.000600000">
        <ele>1568.000</ele>
      </trkpt>
      <trkpt lat="42.330080000" lon="2.000390000">
        <ele>1576.000</ele>
      </trkpt>
      <trkpt lat="42.330690000" lon="2.000190000">
        <ele>1584.000</ele>
      </trkpt>
      <trkpt lat="42.331290000" lon="1.999940000">
        <ele>1592.000</ele>
      </trkpt>
      <trkpt lat="42.331390000" lon="1.999850000">
        <ele>1598.000</ele>
      </trkpt>
      <trkpt lat="42.331430000" lon="1.999790000">
        <ele>1602.000</ele>
      </trkpt>
      <trkpt lat="42.331460000" lon="1.999710000">
        <ele>1605.000</ele>
      </trkpt>
      <trkpt lat="42.331570000" lon="1.999330000">
        <ele>1609.000</ele>
      </trkpt>
      <trkpt lat="42.331640000" lon="1.999220000">
        <ele>1611.000</ele>
      </trkpt>
      <trkpt lat="42.331710000" lon="1.999120000">
        <ele>1613.000</ele>
      </trkpt>
      <trkpt lat="42.332050000" lon="1.998830000">
        <ele>1616.000</ele>
      </trkpt>
      <trkpt lat="42.332240000" lon="1.998650000">
        <ele>1619.000</ele>
      </trkpt>
      <trkpt lat="42.332380000" lon="1.998490000">
        <ele>1622.000</ele>
      </trkpt>
      <trkpt lat="42.332440000" lon="1.998350000">
        <ele>1625.000</ele>
      </trkpt>
      <trkpt lat="42.332460000" lon="1.998150000">
        <ele>1627.000</ele>
      </trkpt>
      <trkpt lat="42.332490000" lon="1.997090000">
        <ele>1631.000</ele>
      </trkpt>
      <trkpt lat="42.332470000" lon="1.996990000">
        <ele>1635.000</ele>
      </trkpt>
      <trkpt lat="42.332440000" lon="1.996890000">
        <ele>1637.000</ele>
      </trkpt>
      <trkpt lat="42.332400000" lon="1.996810000">
        <ele>1639.000</ele>
      </trkpt>
      <trkpt lat="42.332320000" lon="1.996730000">
        <ele>1641.000</ele>
      </trkpt>
      <trkpt lat="42.332240000" lon="1.996710000">
        <ele>1643.000</ele>
      </trkpt>
      <trkpt lat="42.332150000" lon="1.996720000">
        <ele>1644.000</ele>
      </trkpt>
      <trkpt lat="42.331890000" lon="1.996970000">
        <ele>1646.000</ele>
      </trkpt>
      <trkpt lat="42.331790000" lon="1.997040000">
        <ele>1648.000</ele>
      </trkpt>
      <trkpt lat="42.331690000" lon="1.997070000">
        <ele>1649.000</ele>
      </trkpt>
      <trkpt lat="42.331560000" lon="1.997100000">
        <ele>1651.000</ele>
      </trkpt>
      <trkpt lat="42.331450000" lon="1.997100000">
        <ele>1652.000</ele>
      </trkpt>
      <trkpt lat="42.331000000" lon="1.997110000">
        <ele>1654.000</ele>
      </trkpt>
      <trkpt lat="42.330590000" lon="1.997210000">
        <ele>1657.000</ele>
      </trkpt>
      <trkpt lat="42.330440000" lon="1.997230000">
        <ele>1659.000</ele>
      </trkpt>
      <trkpt lat="42.330260000" lon="1.997210000">
        <ele>1661.000</ele>
      </trkpt>
      <trkpt lat="42.329640000" lon="1.997000000">
        <ele>1665.000</ele>
      </trkpt>
      <trkpt lat="42.329470000" lon="1.996880000">
        <ele>1668.000</ele>
      </trkpt>
      <trkpt lat="42.329190000" lon="1.996670000">
        <ele>1671.000</ele>
      </trkpt>
      <trkpt lat="42.328720000" lon="1.996370000">
        <ele>1675.000</ele>
      </trkpt>
      <trkpt lat="42.328680000" lon="1.996330000">
        <ele>1678.000</ele>
      </trkpt>
      <trkpt lat="42.328650000" lon="1.996270000">
        <ele>1680.000</ele>
      </trkpt>
      <trkpt lat="42.328620000" lon="1.996150000">
        <ele>1682.000</ele>
      </trkpt>
      <trkpt lat="42.328610000" lon="1.996060000">
        <ele>1683.000</ele>
      </trkpt>
      <trkpt lat="42.328670000" lon="1.995680000">
        <ele>1685.000</ele>
      </trkpt>
      <trkpt lat="42.328750000" lon="1.995230000">
        <ele>1688.000</ele>
      </trkpt>
      <trkpt lat="42.328760000" lon="1.994990000">
        <ele>1691.000</ele>
      </trkpt>
      <trkpt lat="42.328760000" lon="1.994680000">
        <ele>1693.000</ele>
      </trkpt>
      <trkpt lat="42.328680000" lon="1.994260000">
        <ele>1697.000</ele>
      </trkpt>
      <trkpt lat="42.328660000" lon="1.993870000">
        <ele>1700.000</ele>
      </trkpt>
      <trkpt lat="42.328660000" lon="1.992960000">
        <ele>1705.000</ele>
      </trkpt>
      <trkpt lat="42.328700000" lon="1.992510000">
        <ele>1710.000</ele>
      </trkpt>
      <trkpt lat="42.328800000" lon="1.991740000">
        <ele>1715.000</ele>
      </trkpt>
      <trkpt lat="42.328880000" lon="1.991300000">
        <ele>1719.000</ele>
      </trkpt>
      <trkpt lat="42.328950000" lon="1.990970000">
        <ele>1722.000</ele>
      </trkpt>
      <trkpt lat="42.329110000" lon="1.990490000">
        <ele>1725.000</ele>
      </trkpt>
      <trkpt lat="42.329220000" lon="1.990230000">
        <ele>1728.000</ele>
      </trkpt>
      <trkpt lat="42.329360000" lon="1.990010000">
        <ele>1731.000</ele>
      </trkpt>
      <trkpt lat="42.329730000" lon="1.989540000">
        <ele>1734.000</ele>
      </trkpt>
      <trkpt lat="42.329910000" lon="1.989310000">
        <ele>1738.000</ele>
      </trkpt>
      <trkpt lat="42.330060000" lon="1.989070000">
        <ele>1741.000</ele>
      </trkpt>
      <trkpt lat="42.330110000" lon="1.988950000">
        <ele>1743.000</ele>
      </trkpt>
      <trkpt lat="42.330130000" lon="1.988800000">
        <ele>1746.000</ele>
      </trkpt>
      <trkpt lat="42.330110000" lon="1.988600000">
        <ele>1748.000</ele>
      </trkpt>
      <trkpt lat="42.330110000" lon="1.988600000">
        <ele>1749.000</ele>
      </trkpt>
      <trkpt lat="42.330110000" lon="1.988560000">
        <ele>1750.000</ele>
      </trkpt>
      <trkpt lat="42.330110000" lon="1.988320000">
        <ele>1751.000</ele>
      </trkpt>
      <trkpt lat="42.330120000" lon="1.988200000">
        <ele>1753.000</ele>
      </trkpt>
      <trkpt lat="42.330160000" lon="1.988100000">
        <ele>1754.000</ele>
      </trkpt>
      <trkpt lat="42.330490000" lon="1.987530000">
        <ele>1757.000</ele>
      </trkpt>
      <trkpt lat="42.330670000" lon="1.987220000">
        <ele>1760.000</ele>
      </trkpt>
      <trkpt lat="42.330810000" lon="1.986970000">
        <ele>1762.000</ele>
      </trkpt>
      <trkpt lat="42.330890000" lon="1.986790000">
        <ele>1765.000</ele>
      </trkpt>
      <trkpt lat="42.330960000" lon="1.986590000">
        <ele>1767.000</ele>
      </trkpt>
      <trkpt lat="42.331110000" lon="1.986190000">
        <ele>1770.000</ele>
      </trkpt>
      <trkpt lat="42.331190000" lon="1.985940000">
        <ele>1772.000</ele>
      </trkpt>
      <trkpt lat="42.331230000" lon="1.985790000">
        <ele>1774.000</ele>
      </trkpt>
      <trkpt lat="42.331260000" lon="1.985620000">
        <ele>1776.000</ele>
      </trkpt>
      <trkpt lat="42.331270000" lon="1.985430000">
        <ele>1778.000</ele>
      </trkpt>
      <trkpt lat="42.331270000" lon="1.985240000">
        <ele>1779.000</ele>
      </trkpt>
      <trkpt lat="42.331280000" lon="1.985080000">
        <ele>1780.000</ele>
      </trkpt>
      <trkpt lat="42.331320000" lon="1.984960000">
        <ele>1781.000</ele>
      </trkpt>
      <trkpt lat="42.331360000" lon="1.984850000">
        <ele>1782.000</ele>
      </trkpt>
      <trkpt lat="42.331450000" lon="1.984730000">
        <ele>1783.000</ele>
      </trkpt>
      <trkpt lat="42.331540000" lon="1.984630000">
        <ele>1783.000</ele>
      </trkpt>
      <trkpt lat="42.331580000" lon="1.984580000">
        <ele>1784.000</ele>
      </trkpt>
      <trkpt lat="42.331550000" lon="1.984560000">
        <ele>1784.000</ele>
      </trkpt>
      <trkpt lat="42.331510000" lon="1.984530000">
        <ele>1784.000</ele>
      </trkpt>
      <trkpt lat="42.331470000" lon="1.984500000">
        <ele>1784.000</ele>
      </trkpt>
      <trkpt lat="42.331380000" lon="1.984360000">
        <ele>1785.000</ele>
      </trkpt>
      <trkpt lat="42.331350000" lon="1.984160000">
        <ele>1785.000</ele>
      </trkpt>
      <trkpt lat="42.331340000" lon="1.983960000">
        <ele>1785.000</ele>
      </trkpt>
      <trkpt lat="42.331360000" lon="1.983630000">
        <ele>1786.000</ele>
      </trkpt>
      <trkpt lat="42.331370000" lon="1.983260000">
        <ele>1787.000</ele>
      </trkpt>
      <trkpt lat="42.331370000" lon="1.983000000">
        <ele>1787.000</ele>
      </trkpt>
      <trkpt lat="42.331400000" lon="1.982740000">
        <ele>1788.000</ele>
      </trkpt>
      <trkpt lat="42.331430000" lon="1.982530000">
        <ele>1788.000</ele>
      </trkpt>
      <trkpt lat="42.331460000" lon="1.982350000">
        <ele>1789.000</ele>
      </trkpt>
      <trkpt lat="42.331530000" lon="1.981990000">
        <ele>1789.000</ele>
      </trkpt>
      <trkpt lat="42.331550000" lon="1.981810000">
        <ele>1790.000</ele>
      </trkpt>
      <trkpt lat="42.331550000" lon="1.981730000">
        <ele>1790.000</ele>
      </trkpt>
      <trkpt lat="42.331540000" lon="1.981630000">
        <ele>1790.000</ele>
      </trkpt>
      <trkpt lat="42.331530000" lon="1.981530000">
        <ele>1790.000</ele>
      </trkpt>
      <trkpt lat="42.331490000" lon="1.981400000">
        <ele>1791.000</ele>
      </trkpt>
      <trkpt lat="42.331450000" lon="1.981240000">
        <ele>1791.000</ele>
      </trkpt>
      <trkpt lat="42.331280000" lon="1.980670000">
        <ele>1791.000</ele>
      </trkpt>
      <trkpt lat="42.331240000" lon="1.980470000">
        <ele>1792.000</ele>
      </trkpt>
      <trkpt lat="42.331230000" lon="1.980390000">
        <ele>1792.000</ele>
      </trkpt>
      <trkpt lat="42.331230000" lon="1.980230000">
        <ele>1792.000</ele>
      </trkpt>
      <trkpt lat="42.331250000" lon="1.980160000">
        <ele>1792.000</ele>
      </trkpt>
      <trkpt lat="42.331310000" lon="1.980020000">
        <ele>1792.000</ele>
      </trkpt>
      <trkpt lat="42.331480000" lon="1.979680000">
        <ele>1792.000</ele>
      </trkpt>
      <trkpt lat="42.331590000" lon="1.979490000">
        <ele>1792.000</ele>
      </trkpt>
      <trkpt lat="42.331640000" lon="1.979440000">
        <ele>1792.000</ele>
      </trkpt>
      <trkpt lat="42.331930000" lon="1.979190000">
        <ele>1792.000</ele>
      </trkpt>
      <trkpt lat="42.332030000" lon="1.979090000">
        <ele>1791.000</ele>
      </trkpt>
      <trkpt lat="42.332080000" lon="1.979040000">
        <ele>1791.000</ele>
      </trkpt>
      <trkpt lat="42.332170000" lon="1.978890000">
        <ele>1791.000</ele>
      </trkpt>
      <trkpt lat="42.332240000" lon="1.978650000">
        <ele>1791.000</ele>
      </trkpt>
      <trkpt lat="42.332260000" lon="1.978570000">
        <ele>1791.000</ele>
      </trkpt>
      <trkpt lat="42.332270000" lon="1.978390000">
        <ele>1791.000</ele>
      </trkpt>
      <trkpt lat="42.332260000" lon="1.978140000">
        <ele>1791.000</ele>
      </trkpt>
      <trkpt lat="42.332250000" lon="1.978060000">
        <ele>1791.000</ele>
      </trkpt>
      <trkpt lat="42.332220000" lon="1.977980000">
        <ele>1792.000</ele>
      </trkpt>
      <trkpt lat="42.332080000" lon="1.977740000">
        <ele>1792.000</ele>
      </trkpt>
      <trkpt lat="42.331950000" lon="1.977570000">
        <ele>1792.000</ele>
      </trkpt>
      <trkpt lat="42.331800000" lon="1.977430000">
        <ele>1793.000</ele>
      </trkpt>
      <trkpt lat="42.331700000" lon="1.977340000">
        <ele>1793.000</ele>
      </trkpt>
      <trkpt lat="42.331620000" lon="1.977240000">
        <ele>1794.000</ele>
      </trkpt>
      <trkpt lat="42.331470000" lon="1.976950000">
        <ele>1794.000</ele>
      </trkpt>
      <trkpt lat="42.331310000" lon="1.976600000">
        <ele>1795.000</ele>
      </trkpt>
      <trkpt lat="42.331130000" lon="1.976290000">
        <ele>1796.000</ele>
      </trkpt>
      <trkpt lat="42.331030000" lon="1.976080000">
        <ele>1797.000</ele>
      </trkpt>
      <trkpt lat="42.330980000" lon="1.975940000">
        <ele>1797.000</ele>
      </trkpt>
      <trkpt lat="42.330950000" lon="1.975790000">
        <ele>1798.000</ele>
      </trkpt>
      <trkpt lat="42.330920000" lon="1.975630000">
        <ele>1798.000</ele>
      </trkpt>
      <trkpt lat="42.330900000" lon="1.975360000">
        <ele>1799.000</ele>
      </trkpt>
      <trkpt lat="42.330880000" lon="1.974900000">
        <ele>1800.000</ele>
      </trkpt>
      <trkpt lat="42.330860000" lon="1.974400000">
        <ele>1801.000</ele>
      </trkpt>
      <trkpt lat="42.330820000" lon="1.973970000">
        <ele>1802.000</ele>
      </trkpt>
      <trkpt lat="42.330730000" lon="1.973470000">
        <ele>1802.000</ele>
      </trkpt>
      <trkpt lat="42.330690000" lon="1.973280000">
        <ele>1803.000</ele>
      </trkpt>
      <trkpt lat="42.330640000" lon="1.973040000">
        <ele>1804.000</ele>
      </trkpt>
      <trkpt lat="42.330580000" lon="1.972860000">
        <ele>1804.000</ele>
      </trkpt>
      <trkpt lat="42.330450000" lon="1.972510000">
        <ele>1804.000</ele>
      </trkpt>
      <trkpt lat="42.330280000" lon="1.972020000">
        <ele>1805.000</ele>
      </trkpt>
      <trkpt lat="42.330100000" lon="1.971460000">
        <ele>1805.000</ele>
      </trkpt>
      <trkpt lat="42.330080000" lon="1.971380000">
        <ele>1806.000</ele>
      </trkpt>
      <trkpt lat="42.330040000" lon="1.971200000">
        <ele>1806.000</ele>
      </trkpt>
      <trkpt lat="42.330010000" lon="1.970910000">
        <ele>1806.000</ele>
      </trkpt>
      <trkpt lat="42.330010000" lon="1.970830000">
        <ele>1806.000</ele>
      </trkpt>
      <trkpt lat="42.330010000" lon="1.970650000">
        <ele>1805.000</ele>
      </trkpt>
      <trkpt lat="42.330030000" lon="1.970140000">
        <ele>1805.000</ele>
      </trkpt>
      <trkpt lat="42.330080000" lon="1.969650000">
        <ele>1804.000</ele>
      </trkpt>
      <trkpt lat="42.330320000" lon="1.968440000">
        <ele>1803.000</ele>
      </trkpt>
      <trkpt lat="42.330350000" lon="1.968230000">
        <ele>1802.000</ele>
      </trkpt>
      <trkpt lat="42.330370000" lon="1.967950000">
        <ele>1801.000</ele>
      </trkpt>
      <trkpt lat="42.330370000" lon="1.967660000">
        <ele>1801.000</ele>
      </trkpt>
      <trkpt lat="42.330370000" lon="1.967410000">
        <ele>1801.000</ele>
      </trkpt>
      <trkpt lat="42.330400000" lon="1.967130000">
        <ele>1800.000</ele>
      </trkpt>
      <trkpt lat="42.330450000" lon="1.966840000">
        <ele>1800.000</ele>
      </trkpt>
      <trkpt lat="42.330540000" lon="1.966530000">
        <ele>1800.000</ele>
      </trkpt>
      <trkpt lat="42.330890000" lon="1.965570000">
        <ele>1799.000</ele>
      </trkpt>
      <trkpt lat="42.330930000" lon="1.965500000">
        <ele>1799.000</ele>
      </trkpt>
      <trkpt lat="42.330950000" lon="1.965420000">
        <ele>1799.000</ele>
      </trkpt>
      <trkpt lat="42.331030000" lon="1.965170000">
        <ele>1799.000</ele>
      </trkpt>
      <trkpt lat="42.331060000" lon="1.965010000">
        <ele>1799.000</ele>
      </trkpt>
      <trkpt lat="42.331070000" lon="1.964930000">
        <ele>1800.000</ele>
      </trkpt>
      <trkpt lat="42.331080000" lon="1.964760000">
        <ele>1800.000</ele>
      </trkpt>
      <trkpt lat="42.331080000" lon="1.964600000">
        <ele>1800.000</ele>
      </trkpt>
      <trkpt lat="42.331070000" lon="1.964430000">
        <ele>1801.000</ele>
      </trkpt>
      <trkpt lat="42.330900000" lon="1.963620000">
        <ele>1801.000</ele>
      </trkpt>
      <trkpt lat="42.330600000" lon="1.962610000">
        <ele>1803.000</ele>
      </trkpt>
      <trkpt lat="42.330500000" lon="1.962420000">
        <ele>1804.000</ele>
      </trkpt>
      <trkpt lat="42.330460000" lon="1.962350000">
        <ele>1805.000</ele>
      </trkpt>
      <trkpt lat="42.330420000" lon="1.962290000">
        <ele>1805.000</ele>
      </trkpt>
      <trkpt lat="42.330330000" lon="1.962180000">
        <ele>1806.000</ele>
      </trkpt>
      <trkpt lat="42.330280000" lon="1.962120000">
        <ele>1806.000</ele>
      </trkpt>
      <trkpt lat="42.330230000" lon="1.962070000">
        <ele>1807.000</ele>
      </trkpt>
      <trkpt lat="42.329590000" lon="1.961470000">
        <ele>1808.000</ele>
      </trkpt>
      <trkpt lat="42.328950000" lon="1.960850000">
        <ele>1809.000</ele>
      </trkpt>
      <trkpt lat="42.328130000" lon="1.960020000">
        <ele>1809.000</ele>
      </trkpt>
      <trkpt lat="42.327950000" lon="1.959890000">
        <ele>1809.000</ele>
      </trkpt>
      <trkpt lat="42.327660000" lon="1.959680000">
        <ele>1809.000</ele>
      </trkpt>
      <trkpt lat="42.327620000" lon="1.959650000">
        <ele>1809.000</ele>
      </trkpt>
      <trkpt lat="42.327540000" lon="1.959590000">
        <ele>1808.000</ele>
      </trkpt>
      <trkpt lat="42.327160000" lon="1.959310000">
        <ele>1808.000</ele>
      </trkpt>
      <trkpt lat="42.326970000" lon="1.959100000">
        <ele>1807.000</ele>
      </trkpt>
      <trkpt lat="42.326810000" lon="1.958900000">
        <ele>1807.000</ele>
      </trkpt>
      <trkpt lat="42.326710000" lon="1.958800000">
        <ele>1806.000</ele>
      </trkpt>
      <trkpt lat="42.326650000" lon="1.958760000">
        <ele>1806.000</ele>
      </trkpt>
      <trkpt lat="42.326630000" lon="1.958740000">
        <ele>1806.000</ele>
      </trkpt>
      <trkpt lat="42.326570000" lon="1.958700000">
        <ele>1806.000</ele>
      </trkpt>
      <trkpt lat="42.326310000" lon="1.958630000">
        <ele>1805.000</ele>
      </trkpt>
      <trkpt lat="42.326230000" lon="1.958600000">
        <ele>1805.000</ele>
      </trkpt>
      <trkpt lat="42.326140000" lon="1.958540000">
        <ele>1805.000</ele>
      </trkpt>
      <trkpt lat="42.326080000" lon="1.958460000">
        <ele>1805.000</ele>
      </trkpt>
      <trkpt lat="42.326030000" lon="1.958340000">
        <ele>1805.000</ele>
      </trkpt>
      <trkpt lat="42.325990000" lon="1.958180000">
        <ele>1805.000</ele>
      </trkpt>
      <trkpt lat="42.325880000" lon="1.957540000">
        <ele>1804.000</ele>
      </trkpt>
      <trkpt lat="42.325840000" lon="1.957000000">
        <ele>1803.000</ele>
      </trkpt>
      <trkpt lat="42.325820000" lon="1.956730000">
        <ele>1802.000</ele>
      </trkpt>
      <trkpt lat="42.325800000" lon="1.956660000">
        <ele>1802.000</ele>
      </trkpt>
      <trkpt lat="42.325740000" lon="1.956510000">
        <ele>1801.000</ele>
      </trkpt>
      <trkpt lat="42.325700000" lon="1.956450000">
        <ele>1801.000</ele>
      </trkpt>
      <trkpt lat="42.325610000" lon="1.956360000">
        <ele>1800.000</ele>
      </trkpt>
      <trkpt lat="42.325500000" lon="1.956250000">
        <ele>1799.000</ele>
      </trkpt>
      <trkpt lat="42.325370000" lon="1.956080000">
        <ele>1799.000</ele>
      </trkpt>
      <trkpt lat="42.325310000" lon="1.955950000">
        <ele>1798.000</ele>
      </trkpt>
      <trkpt lat="42.325280000" lon="1.955880000">
        <ele>1798.000</ele>
      </trkpt>
      <trkpt lat="42.325270000" lon="1.955800000">
        <ele>1797.000</ele>
      </trkpt>
      <trkpt lat="42.325260000" lon="1.955710000">
        <ele>1797.000</ele>
      </trkpt>
      <trkpt lat="42.325260000" lon="1.955570000">
        <ele>1796.000</ele>
      </trkpt>
      <trkpt lat="42.325260000" lon="1.955470000">
        <ele>1796.000</ele>
      </trkpt>
      <trkpt lat="42.325300000" lon="1.955320000">
        <ele>1795.000</ele>
      </trkpt>
      <trkpt lat="42.325330000" lon="1.955250000">
        <ele>1795.000</ele>
      </trkpt>
      <trkpt lat="42.325380000" lon="1.955140000">
        <ele>1794.000</ele>
      </trkpt>
      <trkpt lat="42.325450000" lon="1.955050000">
        <ele>1794.000</ele>
      </trkpt>
      <trkpt lat="42.325610000" lon="1.954890000">
        <ele>1793.000</ele>
      </trkpt>
      <trkpt lat="42.325700000" lon="1.954790000">
        <ele>1791.000</ele>
      </trkpt>
      <trkpt lat="42.325820000" lon="1.954670000">
        <ele>1790.000</ele>
      </trkpt>
      <trkpt lat="42.326190000" lon="1.954370000">
        <ele>1788.000</ele>
      </trkpt>
      <trkpt lat="42.326480000" lon="1.954110000">
        <ele>1786.000</ele>
      </trkpt>
      <trkpt lat="42.326790000" lon="1.953820000">
        <ele>1783.000</ele>
      </trkpt>
      <trkpt lat="42.327090000" lon="1.953560000">
        <ele>1780.000</ele>
      </trkpt>
      <trkpt lat="42.327200000" lon="1.953480000">
        <ele>1778.000</ele>
      </trkpt>
      <trkpt lat="42.327320000" lon="1.953420000">
        <ele>1776.000</ele>
      </trkpt>
      <trkpt lat="42.327620000" lon="1.953290000">
        <ele>1774.000</ele>
      </trkpt>
      <trkpt lat="42.327760000" lon="1.953180000">
        <ele>1772.000</ele>
      </trkpt>
      <trkpt lat="42.327800000" lon="1.953130000">
        <ele>1771.000</ele>
      </trkpt>
      <trkpt lat="42.327840000" lon="1.953090000">
        <ele>1770.000</ele>
      </trkpt>
      <trkpt lat="42.327880000" lon="1.953020000">
        <ele>1769.000</ele>
      </trkpt>
      <trkpt lat="42.327910000" lon="1.952950000">
        <ele>1768.000</ele>
      </trkpt>
      <trkpt lat="42.328020000" lon="1.952660000">
        <ele>1767.000</ele>
      </trkpt>
      <trkpt lat="42.328100000" lon="1.952480000">
        <ele>1766.000</ele>
      </trkpt>
      <trkpt lat="42.328150000" lon="1.952400000">
        <ele>1765.000</ele>
      </trkpt>
      <trkpt lat="42.328200000" lon="1.952330000">
        <ele>1764.000</ele>
      </trkpt>
      <trkpt lat="42.328430000" lon="1.952020000">
        <ele>1763.000</ele>
      </trkpt>
      <trkpt lat="42.328620000" lon="1.951770000">
        <ele>1762.000</ele>
      </trkpt>
      <trkpt lat="42.328680000" lon="1.951650000">
        <ele>1761.000</ele>
      </trkpt>
      <trkpt lat="42.328710000" lon="1.951580000">
        <ele>1760.000</ele>
      </trkpt>
      <trkpt lat="42.328760000" lon="1.951410000">
        <ele>1759.000</ele>
      </trkpt>
      <trkpt lat="42.328790000" lon="1.951240000">
        <ele>1758.000</ele>
      </trkpt>
      <trkpt lat="42.328830000" lon="1.951040000">
        <ele>1757.000</ele>
      </trkpt>
      <trkpt lat="42.328850000" lon="1.950820000">
        <ele>1756.000</ele>
      </trkpt>
      <trkpt lat="42.328860000" lon="1.950610000">
        <ele>1755.000</ele>
      </trkpt>
      <trkpt lat="42.328860000" lon="1.950250000">
        <ele>1754.000</ele>
      </trkpt>
      <trkpt lat="42.328870000" lon="1.950120000">
        <ele>1753.000</ele>
      </trkpt>
      <trkpt lat="42.328880000" lon="1.950070000">
        <ele>1753.000</ele>
      </trkpt>
      <trkpt lat="42.328910000" lon="1.949910000">
        <ele>1752.000</ele>
      </trkpt>
      <trkpt lat="42.328970000" lon="1.949750000">
        <ele>1751.000</ele>
      </trkpt>
      <trkpt lat="42.329040000" lon="1.949620000">
        <ele>1751.000</ele>
      </trkpt>
      <trkpt lat="42.329110000" lon="1.949530000">
        <ele>1750.000</ele>
      </trkpt>
      <trkpt lat="42.329200000" lon="1.949430000">
        <ele>1750.000</ele>
      </trkpt>
      <trkpt lat="42.329280000" lon="1.949360000">
        <ele>1749.000</ele>
      </trkpt>
      <trkpt lat="42.329480000" lon="1.949220000">
        <ele>1748.000</ele>
      </trkpt>
      <trkpt lat="42.329780000" lon="1.949040000">
        <ele>1747.000</ele>
      </trkpt>
      <trkpt lat="42.330070000" lon="1.948840000">
        <ele>1746.000</ele>
      </trkpt>
      <trkpt lat="42.330230000" lon="1.948690000">
        <ele>1745.000</ele>
      </trkpt>
      <trkpt lat="42.330310000" lon="1.948590000">
        <ele>1744.000</ele>
      </trkpt>
      <trkpt lat="42.330360000" lon="1.948480000">
        <ele>1744.000</ele>
      </trkpt>
      <trkpt lat="42.330720000" lon="1.947780000">
        <ele>1743.000</ele>
      </trkpt>
      <trkpt lat="42.330920000" lon="1.947340000">
        <ele>1742.000</ele>
      </trkpt>
      <trkpt lat="42.331000000" lon="1.947130000">
        <ele>1741.000</ele>
      </trkpt>
      <trkpt lat="42.331210000" lon="1.946430000">
        <ele>1740.000</ele>
      </trkpt>
      <trkpt lat="42.331310000" lon="1.946170000">
        <ele>1738.000</ele>
      </trkpt>
      <trkpt lat="42.331360000" lon="1.946060000">
        <ele>1737.000</ele>
      </trkpt>
      <trkpt lat="42.331430000" lon="1.945960000">
        <ele>1736.000</ele>
      </trkpt>
      <trkpt lat="42.331440000" lon="1.945940000">
        <ele>1735.000</ele>
      </trkpt>
      <trkpt lat="42.331520000" lon="1.945860000">
        <ele>1734.000</ele>
      </trkpt>
      <trkpt lat="42.331600000" lon="1.945770000">
        <ele>1733.000</ele>
      </trkpt>
      <trkpt lat="42.331780000" lon="1.945660000">
        <ele>1732.000</ele>
      </trkpt>
      <trkpt lat="42.331890000" lon="1.945610000">
        <ele>1730.000</ele>
      </trkpt>
      <trkpt lat="42.332000000" lon="1.945580000">
        <ele>1729.000</ele>
      </trkpt>
      <trkpt lat="42.332110000" lon="1.945570000">
        <ele>1728.000</ele>
      </trkpt>
      <trkpt lat="42.332190000" lon="1.945580000">
        <ele>1727.000</ele>
      </trkpt>
      <trkpt lat="42.332280000" lon="1.945590000">
        <ele>1726.000</ele>
      </trkpt>
      <trkpt lat="42.332400000" lon="1.945630000">
        <ele>1725.000</ele>
      </trkpt>
      <trkpt lat="42.332500000" lon="1.945670000">
        <ele>1724.000</ele>
      </trkpt>
      <trkpt lat="42.332660000" lon="1.945770000">
        <ele>1722.000</ele>
      </trkpt>
      <trkpt lat="42.332740000" lon="1.945850000">
        <ele>1721.000</ele>
      </trkpt>
      <trkpt lat="42.333020000" lon="1.946090000">
        <ele>1720.000</ele>
      </trkpt>
      <trkpt lat="42.333140000" lon="1.946150000">
        <ele>1719.000</ele>
      </trkpt>
      <trkpt lat="42.333220000" lon="1.946200000">
        <ele>1719.000</ele>
      </trkpt>
      <trkpt lat="42.333310000" lon="1.946210000">
        <ele>1719.000</ele>
      </trkpt>
      <trkpt lat="42.333380000" lon="1.946220000">
        <ele>1718.000</ele>
      </trkpt>
      <trkpt lat="42.333470000" lon="1.946210000">
        <ele>1718.000</ele>
      </trkpt>
      <trkpt lat="42.333580000" lon="1.946170000">
        <ele>1718.000</ele>
      </trkpt>
      <trkpt lat="42.333680000" lon="1.946120000">
        <ele>1718.000</ele>
      </trkpt>
      <trkpt lat="42.333790000" lon="1.946040000">
        <ele>1718.000</ele>
      </trkpt>
      <trkpt lat="42.333900000" lon="1.945930000">
        <ele>1717.000</ele>
      </trkpt>
      <trkpt lat="42.334340000" lon="1.945440000">
        <ele>1717.000</ele>
      </trkpt>
      <trkpt lat="42.334470000" lon="1.945300000">
        <ele>1717.000</ele>
      </trkpt>
      <trkpt lat="42.334550000" lon="1.945240000">
        <ele>1716.000</ele>
      </trkpt>
      <trkpt lat="42.334660000" lon="1.945180000">
        <ele>1716.000</ele>
      </trkpt>
      <trkpt lat="42.334730000" lon="1.945150000">
        <ele>1715.000</ele>
      </trkpt>
      <trkpt lat="42.334830000" lon="1.945140000">
        <ele>1715.000</ele>
      </trkpt>
      <trkpt lat="42.334900000" lon="1.945140000">
        <ele>1714.000</ele>
      </trkpt>
      <trkpt lat="42.334970000" lon="1.945160000">
        <ele>1714.000</ele>
      </trkpt>
      <trkpt lat="42.335490000" lon="1.945320000">
        <ele>1712.000</ele>
      </trkpt>
      <trkpt lat="42.335760000" lon="1.945410000">
        <ele>1711.000</ele>
      </trkpt>
      <trkpt lat="42.335840000" lon="1.945460000">
        <ele>1710.000</ele>
      </trkpt>
      <trkpt lat="42.335940000" lon="1.945530000">
        <ele>1709.000</ele>
      </trkpt>
      <trkpt lat="42.336030000" lon="1.945650000">
        <ele>1708.000</ele>
      </trkpt>
      <trkpt lat="42.336110000" lon="1.945770000">
        <ele>1707.000</ele>
      </trkpt>
      <trkpt lat="42.336200000" lon="1.945920000">
        <ele>1707.000</ele>
      </trkpt>
      <trkpt lat="42.336200000" lon="1.945920000">
        <ele>1706.000</ele>
      </trkpt>
      <trkpt lat="42.336710000" lon="1.946790000">
        <ele>1704.000</ele>
      </trkpt>
      <trkpt lat="42.336810000" lon="1.946960000">
        <ele>1702.000</ele>
      </trkpt>
      <trkpt lat="42.336910000" lon="1.947070000">
        <ele>1701.000</ele>
      </trkpt>
      <trkpt lat="42.337020000" lon="1.947150000">
        <ele>1699.000</ele>
      </trkpt>
      <trkpt lat="42.337140000" lon="1.947210000">
        <ele>1698.000</ele>
      </trkpt>
      <trkpt lat="42.337270000" lon="1.947230000">
        <ele>1697.000</ele>
      </trkpt>
      <trkpt lat="42.337380000" lon="1.947220000">
        <ele>1696.000</ele>
      </trkpt>
      <trkpt lat="42.337520000" lon="1.947190000">
        <ele>1695.000</ele>
      </trkpt>
      <trkpt lat="42.338090000" lon="1.947010000">
        <ele>1693.000</ele>
      </trkpt>
      <trkpt lat="42.338500000" lon="1.946860000">
        <ele>1691.000</ele>
      </trkpt>
      <trkpt lat="42.338570000" lon="1.946820000">
        <ele>1690.000</ele>
      </trkpt>
      <trkpt lat="42.338660000" lon="1.946750000">
        <ele>1688.000</ele>
      </trkpt>
      <trkpt lat="42.338700000" lon="1.946700000">
        <ele>1687.000</ele>
      </trkpt>
      <trkpt lat="42.338970000" lon="1.946410000">
        <ele>1686.000</ele>
      </trkpt>
      <trkpt lat="42.339280000" lon="1.946130000">
        <ele>1684.000</ele>
      </trkpt>
      <trkpt lat="42.339550000" lon="1.945830000">
        <ele>1683.000</ele>
      </trkpt>
      <trkpt lat="42.339690000" lon="1.945580000">
        <ele>1681.000</ele>
      </trkpt>
      <trkpt lat="42.339800000" lon="1.945300000">
        <ele>1680.000</ele>
      </trkpt>
      <trkpt lat="42.339840000" lon="1.945080000">
        <ele>1679.000</ele>
      </trkpt>
      <trkpt lat="42.339860000" lon="1.944720000">
        <ele>1678.000</ele>
      </trkpt>
      <trkpt lat="42.339880000" lon="1.944470000">
        <ele>1678.000</ele>
      </trkpt>
      <trkpt lat="42.339890000" lon="1.944110000">
        <ele>1677.000</ele>
      </trkpt>
      <trkpt lat="42.339890000" lon="1.944050000">
        <ele>1676.000</ele>
      </trkpt>
      <trkpt lat="42.339880000" lon="1.943860000">
        <ele>1676.000</ele>
      </trkpt>
      <trkpt lat="42.339840000" lon="1.943760000">
        <ele>1675.000</ele>
      </trkpt>
      <trkpt lat="42.339780000" lon="1.943670000">
        <ele>1675.000</ele>
      </trkpt>
      <trkpt lat="42.338820000" lon="1.942860000">
        <ele>1675.000</ele>
      </trkpt>
      <trkpt lat="42.338630000" lon="1.942690000">
        <ele>1675.000</ele>
      </trkpt>
      <trkpt lat="42.338500000" lon="1.942510000">
        <ele>1675.000</ele>
      </trkpt>
      <trkpt lat="42.338500000" lon="1.942450000">
        <ele>1675.000</ele>
      </trkpt>
      <trkpt lat="42.338480000" lon="1.942400000">
        <ele>1675.000</ele>
      </trkpt>
      <trkpt lat="42.338450000" lon="1.942360000">
        <ele>1675.000</ele>
      </trkpt>
      <trkpt lat="42.338410000" lon="1.942340000">
        <ele>1676.000</ele>
      </trkpt>
      <trkpt lat="42.338360000" lon="1.942340000">
        <ele>1676.000</ele>
      </trkpt>
      <trkpt lat="42.338310000" lon="1.942370000">
        <ele>1676.000</ele>
      </trkpt>
      <trkpt lat="42.338150000" lon="1.942320000">
        <ele>1676.000</ele>
      </trkpt>
      <trkpt lat="42.338100000" lon="1.942280000">
        <ele>1676.000</ele>
      </trkpt>
      <trkpt lat="42.337950000" lon="1.942140000">
        <ele>1676.000</ele>
      </trkpt>
      <trkpt lat="42.337760000" lon="1.941960000">
        <ele>1677.000</ele>
      </trkpt>
      <trkpt lat="42.337610000" lon="1.941800000">
        <ele>1677.000</ele>
      </trkpt>
      <trkpt lat="42.337490000" lon="1.941610000">
        <ele>1678.000</ele>
      </trkpt>
      <trkpt lat="42.337340000" lon="1.941370000">
        <ele>1678.000</ele>
      </trkpt>
      <trkpt lat="42.337000000" lon="1.940780000">
        <ele>1679.000</ele>
      </trkpt>
      <trkpt lat="42.336980000" lon="1.940740000">
        <ele>1679.000</ele>
      </trkpt>
      <trkpt lat="42.336950000" lon="1.940690000">
        <ele>1680.000</ele>
      </trkpt>
      <trkpt lat="42.336900000" lon="1.940610000">
        <ele>1680.000</ele>
      </trkpt>
      <trkpt lat="42.336400000" lon="1.939780000">
        <ele>1679.000</ele>
      </trkpt>
      <trkpt lat="42.336130000" lon="1.939340000">
        <ele>1678.000</ele>
      </trkpt>
      <trkpt lat="42.336020000" lon="1.939110000">
        <ele>1676.000</ele>
      </trkpt>
      <trkpt lat="42.335890000" lon="1.938860000">
        <ele>1675.000</ele>
      </trkpt>
      <trkpt lat="42.335780000" lon="1.938600000">
        <ele>1674.000</ele>
      </trkpt>
      <trkpt lat="42.335700000" lon="1.938350000">
        <ele>1673.000</ele>
      </trkpt>
      <trkpt lat="42.335650000" lon="1.938140000">
        <ele>1672.000</ele>
      </trkpt>
      <trkpt lat="42.335650000" lon="1.938000000">
        <ele>1671.000</ele>
      </trkpt>
      <trkpt lat="42.335680000" lon="1.937840000">
        <ele>1670.000</ele>
      </trkpt>
      <trkpt lat="42.335720000" lon="1.937740000">
        <ele>1669.000</ele>
      </trkpt>
      <trkpt lat="42.335810000" lon="1.937560000">
        <ele>1668.000</ele>
      </trkpt>
      <trkpt lat="42.335900000" lon="1.937410000">
        <ele>1667.000</ele>
      </trkpt>
      <trkpt lat="42.336020000" lon="1.937240000">
        <ele>1666.000</ele>
      </trkpt>
      <trkpt lat="42.336130000" lon="1.937110000">
        <ele>1665.000</ele>
      </trkpt>
      <trkpt lat="42.336390000" lon="1.936900000">
        <ele>1663.000</ele>
      </trkpt>
      <trkpt lat="42.336430000" lon="1.936860000">
        <ele>1662.000</ele>
      </trkpt>
      <trkpt lat="42.336520000" lon="1.936770000">
        <ele>1662.000</ele>
      </trkpt>
      <trkpt lat="42.336590000" lon="1.936690000">
        <ele>1661.000</ele>
      </trkpt>
      <trkpt lat="42.336660000" lon="1.936540000">
        <ele>1660.000</ele>
      </trkpt>
      <trkpt lat="42.336730000" lon="1.936390000">
        <ele>1660.000</ele>
      </trkpt>
      <trkpt lat="42.336840000" lon="1.936170000">
        <ele>1659.000</ele>
      </trkpt>
      <trkpt lat="42.337050000" lon="1.935710000">
        <ele>1659.000</ele>
      </trkpt>
      <trkpt lat="42.337260000" lon="1.935300000">
        <ele>1658.000</ele>
      </trkpt>
      <trkpt lat="42.337350000" lon="1.935160000">
        <ele>1657.000</ele>
      </trkpt>
      <trkpt lat="42.337480000" lon="1.935040000">
        <ele>1657.000</ele>
      </trkpt>
      <trkpt lat="42.337700000" lon="1.934870000">
        <ele>1656.000</ele>
      </trkpt>
      <trkpt lat="42.337920000" lon="1.934740000">
        <ele>1655.000</ele>
      </trkpt>
      <trkpt lat="42.338040000" lon="1.934690000">
        <ele>1654.000</ele>
      </trkpt>
      <trkpt lat="42.338090000" lon="1.934670000">
        <ele>1653.000</ele>
      </trkpt>
      <trkpt lat="42.338330000" lon="1.934620000">
        <ele>1651.000</ele>
      </trkpt>
      <trkpt lat="42.338420000" lon="1.934610000">
        <ele>1650.000</ele>
      </trkpt>
      <trkpt lat="42.338420000" lon="1.934610000">
        <ele>1650.000</ele>
      </trkpt>
      <trkpt lat="42.338550000" lon="1.934610000">
        <ele>1649.000</ele>
      </trkpt>
      <trkpt lat="42.338690000" lon="1.934630000">
        <ele>1648.000</ele>
      </trkpt>
      <trkpt lat="42.338700000" lon="1.934630000">
        <ele>1647.000</ele>
      </trkpt>
      <trkpt lat="42.338840000" lon="1.934710000">
        <ele>1646.000</ele>
      </trkpt>
      <trkpt lat="42.338950000" lon="1.934860000">
        <ele>1645.000</ele>
      </trkpt>
      <trkpt lat="42.339010000" lon="1.935050000">
        <ele>1644.000</ele>
      </trkpt>
      <trkpt lat="42.339040000" lon="1.935280000">
        <ele>1643.000</ele>
      </trkpt>
      <trkpt lat="42.339040000" lon="1.935320000">
        <ele>1642.000</ele>
      </trkpt>
      <trkpt lat="42.339080000" lon="1.935610000">
        <ele>1641.000</ele>
      </trkpt>
      <trkpt lat="42.339120000" lon="1.935930000">
        <ele>1639.000</ele>
      </trkpt>
      <trkpt lat="42.339190000" lon="1.936200000">
        <ele>1638.000</ele>
      </trkpt>
      <trkpt lat="42.339350000" lon="1.936550000">
        <ele>1636.000</ele>
      </trkpt>
      <trkpt lat="42.339390000" lon="1.936770000">
        <ele>1635.000</ele>
      </trkpt>
      <trkpt lat="42.339390000" lon="1.936960000">
        <ele>1633.000</ele>
      </trkpt>
      <trkpt lat="42.339290000" lon="1.937720000">
        <ele>1631.000</ele>
      </trkpt>
      <trkpt lat="42.339290000" lon="1.937760000">
        <ele>1629.000</ele>
      </trkpt>
      <trkpt lat="42.339260000" lon="1.938140000">
        <ele>1627.000</ele>
      </trkpt>
      <trkpt lat="42.339280000" lon="1.938570000">
        <ele>1626.000</ele>
      </trkpt>
      <trkpt lat="42.339310000" lon="1.938780000">
        <ele>1625.000</ele>
      </trkpt>
      <trkpt lat="42.339260000" lon="1.938800000">
        <ele>1624.000</ele>
      </trkpt>
      <trkpt lat="42.339220000" lon="1.938840000">
        <ele>1623.000</ele>
      </trkpt>
      <trkpt lat="42.339200000" lon="1.938890000">
        <ele>1623.000</ele>
      </trkpt>
      <trkpt lat="42.339200000" lon="1.938950000">
        <ele>1622.000</ele>
      </trkpt>
      <trkpt lat="42.339200000" lon="1.938980000">
        <ele>1622.000</ele>
      </trkpt>
      <trkpt lat="42.339210000" lon="1.939010000">
        <ele>1622.000</ele>
      </trkpt>
      <trkpt lat="42.339240000" lon="1.939050000">
        <ele>1622.000</ele>
      </trkpt>
      <trkpt lat="42.339280000" lon="1.939090000">
        <ele>1622.000</ele>
      </trkpt>
      <trkpt lat="42.339320000" lon="1.939100000">
        <ele>1621.000</ele>
      </trkpt>
      <trkpt lat="42.339370000" lon="1.939080000">
        <ele>1621.000</ele>
      </trkpt>
      <trkpt lat="42.339400000" lon="1.939050000">
        <ele>1621.000</ele>
      </trkpt>
      <trkpt lat="42.339520000" lon="1.939190000">
        <ele>1621.000</ele>
      </trkpt>
      <trkpt lat="42.340140000" lon="1.939570000">
        <ele>1620.000</ele>
      </trkpt>
      <trkpt lat="42.340800000" lon="1.939940000">
        <ele>1619.000</ele>
      </trkpt>
      <trkpt lat="42.340920000" lon="1.940000000">
        <ele>1618.000</ele>
      </trkpt>
      <trkpt lat="42.341040000" lon="1.940040000">
        <ele>1618.000</ele>
      </trkpt>
      <trkpt lat="42.341240000" lon="1.940040000">
        <ele>1617.000</ele>
      </trkpt>
      <trkpt lat="42.341400000" lon="1.940030000">
        <ele>1617.000</ele>
      </trkpt>
      <trkpt lat="42.342150000" lon="1.939960000">
        <ele>1616.000</ele>
      </trkpt>
      <trkpt lat="42.342330000" lon="1.940010000">
        <ele>1616.000</ele>
      </trkpt>
      <trkpt lat="42.342630000" lon="1.940210000">
        <ele>1616.000</ele>
      </trkpt>
      <trkpt lat="42.342790000" lon="1.940340000">
        <ele>1616.000</ele>
      </trkpt>
      <trkpt lat="42.342970000" lon="1.940520000">
        <ele>1615.000</ele>
      </trkpt>
      <trkpt lat="42.343120000" lon="1.940740000">
        <ele>1614.000</ele>
      </trkpt>
      <trkpt lat="42.343380000" lon="1.941310000">
        <ele>1613.000</ele>
      </trkpt>
      <trkpt lat="42.343460000" lon="1.941630000">
        <ele>1611.000</ele>
      </trkpt>
      <trkpt lat="42.343470000" lon="1.941950000">
        <ele>1610.000</ele>
      </trkpt>
      <trkpt lat="42.343510000" lon="1.942570000">
        <ele>1609.000</ele>
      </trkpt>
      <trkpt lat="42.343570000" lon="1.943130000">
        <ele>1606.000</ele>
      </trkpt>
      <trkpt lat="42.343810000" lon="1.944550000">
        <ele>1601.000</ele>
      </trkpt>
      <trkpt lat="42.344080000" lon="1.945770000">
        <ele>1594.000</ele>
      </trkpt>
      <trkpt lat="42.344320000" lon="1.946950000">
        <ele>1587.000</ele>
      </trkpt>
      <trkpt lat="42.344360000" lon="1.947290000">
        <ele>1582.000</ele>
      </trkpt>
      <trkpt lat="42.344360000" lon="1.947590000">
        <ele>1579.000</ele>
      </trkpt>
      <trkpt lat="42.344320000" lon="1.947880000">
        <ele>1576.000</ele>
      </trkpt>
      <trkpt lat="42.344250000" lon="1.948390000">
        <ele>1574.000</ele>
      </trkpt>
      <trkpt lat="42.344170000" lon="1.948710000">
        <ele>1571.000</ele>
      </trkpt>
      <trkpt lat="42.344030000" lon="1.949020000">
        <ele>1569.000</ele>
      </trkpt>
      <trkpt lat="42.343910000" lon="1.949320000">
        <ele>1567.000</ele>
      </trkpt>
      <trkpt lat="42.343630000" lon="1.949950000">
        <ele>1564.000</ele>
      </trkpt>
      <trkpt lat="42.343550000" lon="1.950350000">
        <ele>1561.000</ele>
      </trkpt>
      <trkpt lat="42.343520000" lon="1.950850000">
        <ele>1558.000</ele>
      </trkpt>
      <trkpt lat="42.343470000" lon="1.951480000">
        <ele>1555.000</ele>
      </trkpt>
      <trkpt lat="42.343460000" lon="1.951540000">
        <ele>1553.000</ele>
      </trkpt>
      <trkpt lat="42.343440000" lon="1.951880000">
        <ele>1550.000</ele>
      </trkpt>
      <trkpt lat="42.343400000" lon="1.952070000">
        <ele>1548.000</ele>
      </trkpt>
      <trkpt lat="42.343390000" lon="1.952120000">
        <ele>1547.000</ele>
      </trkpt>
      <trkpt lat="42.343370000" lon="1.952180000">
        <ele>1546.000</ele>
      </trkpt>
      <trkpt lat="42.343340000" lon="1.952290000">
        <ele>1545.000</ele>
      </trkpt>
      <trkpt lat="42.343190000" lon="1.952510000">
        <ele>1544.000</ele>
      </trkpt>
      <trkpt lat="42.342990000" lon="1.952780000">
        <ele>1542.000</ele>
      </trkpt>
      <trkpt lat="42.342800000" lon="1.953040000">
        <ele>1540.000</ele>
      </trkpt>
      <trkpt lat="42.342800000" lon="1.953040000">
        <ele>1539.000</ele>
      </trkpt>
      <trkpt lat="42.342670000" lon="1.953150000">
        <ele>1538.000</ele>
      </trkpt>
      <trkpt lat="42.342590000" lon="1.953210000">
        <ele>1537.000</ele>
      </trkpt>
      <trkpt lat="42.342500000" lon="1.953260000">
        <ele>1536.000</ele>
      </trkpt>
      <trkpt lat="42.342400000" lon="1.953290000">
        <ele>1535.000</ele>
      </trkpt>
      <trkpt lat="42.342300000" lon="1.953300000">
        <ele>1534.000</ele>
      </trkpt>
      <trkpt lat="42.342100000" lon="1.953280000">
        <ele>1533.000</ele>
      </trkpt>
      <trkpt lat="42.341900000" lon="1.953200000">
        <ele>1532.000</ele>
      </trkpt>
      <trkpt lat="42.341690000" lon="1.953100000">
        <ele>1531.000</ele>
      </trkpt>
      <trkpt lat="42.341520000" lon="1.953030000">
        <ele>1529.000</ele>
      </trkpt>
      <trkpt lat="42.341310000" lon="1.952970000">
        <ele>1528.000</ele>
      </trkpt>
      <trkpt lat="42.341070000" lon="1.952970000">
        <ele>1526.000</ele>
      </trkpt>
      <trkpt lat="42.340920000" lon="1.953000000">
        <ele>1525.000</ele>
      </trkpt>
      <trkpt lat="42.340790000" lon="1.953050000">
        <ele>1523.000</ele>
      </trkpt>
      <trkpt lat="42.340660000" lon="1.953110000">
        <ele>1522.000</ele>
      </trkpt>
      <trkpt lat="42.340470000" lon="1.953270000">
        <ele>1520.000</ele>
      </trkpt>
      <trkpt lat="42.340260000" lon="1.953460000">
        <ele>1518.000</ele>
      </trkpt>
      <trkpt lat="42.340090000" lon="1.953640000">
        <ele>1516.000</ele>
      </trkpt>
      <trkpt lat="42.339880000" lon="1.953810000">
        <ele>1513.000</ele>
      </trkpt>
      <trkpt lat="42.339750000" lon="1.953830000">
        <ele>1511.000</ele>
      </trkpt>
      <trkpt lat="42.339630000" lon="1.953790000">
        <ele>1510.000</ele>
      </trkpt>
      <trkpt lat="42.339580000" lon="1.953770000">
        <ele>1508.000</ele>
      </trkpt>
      <trkpt lat="42.339540000" lon="1.953740000">
        <ele>1507.000</ele>
      </trkpt>
      <trkpt lat="42.339500000" lon="1.953720000">
        <ele>1506.000</ele>
      </trkpt>
      <trkpt lat="42.339360000" lon="1.953570000">
        <ele>1505.000</ele>
      </trkpt>
      <trkpt lat="42.339240000" lon="1.953440000">
        <ele>1504.000</ele>
      </trkpt>
      <trkpt lat="42.339140000" lon="1.953350000">
        <ele>1503.000</ele>
      </trkpt>
      <trkpt lat="42.339010000" lon="1.953270000">
        <ele>1502.000</ele>
      </trkpt>
      <trkpt lat="42.338910000" lon="1.953260000">
        <ele>1501.000</ele>
      </trkpt>
      <trkpt lat="42.338870000" lon="1.953250000">
        <ele>1501.000</ele>
      </trkpt>
      <trkpt lat="42.338780000" lon="1.953310000">
        <ele>1500.000</ele>
      </trkpt>
      <trkpt lat="42.338710000" lon="1.953390000">
        <ele>1500.000</ele>
      </trkpt>
      <trkpt lat="42.338630000" lon="1.953530000">
        <ele>1499.000</ele>
      </trkpt>
      <trkpt lat="42.338550000" lon="1.953870000">
        <ele>1498.000</ele>
      </trkpt>
      <trkpt lat="42.338460000" lon="1.954250000">
        <ele>1497.000</ele>
      </trkpt>
      <trkpt lat="42.338380000" lon="1.954450000">
        <ele>1496.000</ele>
      </trkpt>
      <trkpt lat="42.338280000" lon="1.954620000">
        <ele>1495.000</ele>
      </trkpt>
      <trkpt lat="42.338020000" lon="1.955020000">
        <ele>1494.000</ele>
      </trkpt>
      <trkpt lat="42.337920000" lon="1.955160000">
        <ele>1493.000</ele>
      </trkpt>
      <trkpt lat="42.337810000" lon="1.955240000">
        <ele>1492.000</ele>
      </trkpt>
      <trkpt lat="42.337670000" lon="1.955280000">
        <ele>1491.000</ele>
      </trkpt>
      <trkpt lat="42.337530000" lon="1.955210000">
        <ele>1490.000</ele>
      </trkpt>
      <trkpt lat="42.337380000" lon="1.955100000">
        <ele>1489.000</ele>
      </trkpt>
      <trkpt lat="42.337090000" lon="1.954870000">
        <ele>1487.000</ele>
      </trkpt>
      <trkpt lat="42.336870000" lon="1.954680000">
        <ele>1485.000</ele>
      </trkpt>
      <trkpt lat="42.336720000" lon="1.954640000">
        <ele>1484.000</ele>
      </trkpt>
      <trkpt lat="42.336620000" lon="1.954650000">
        <ele>1483.000</ele>
      </trkpt>
      <trkpt lat="42.336540000" lon="1.954710000">
        <ele>1482.000</ele>
      </trkpt>
      <trkpt lat="42.336410000" lon="1.954850000">
        <ele>1481.000</ele>
      </trkpt>
      <trkpt lat="42.336370000" lon="1.954930000">
        <ele>1480.000</ele>
      </trkpt>
      <trkpt lat="42.336340000" lon="1.955010000">
        <ele>1479.000</ele>
      </trkpt>
      <trkpt lat="42.336300000" lon="1.955260000">
        <ele>1478.000</ele>
      </trkpt>
      <trkpt lat="42.336280000" lon="1.955540000">
        <ele>1477.000</ele>
      </trkpt>
      <trkpt lat="42.336300000" lon="1.955770000">
        <ele>1476.000</ele>
      </trkpt>
      <trkpt lat="42.336300000" lon="1.955840000">
        <ele>1475.000</ele>
      </trkpt>
      <trkpt lat="42.336350000" lon="1.956250000">
        <ele>1474.000</ele>
      </trkpt>
      <trkpt lat="42.336420000" lon="1.956600000">
        <ele>1472.000</ele>
      </trkpt>
      <trkpt lat="42.336490000" lon="1.956720000">
        <ele>1471.000</ele>
      </trkpt>
      <trkpt lat="42.336550000" lon="1.956820000">
        <ele>1470.000</ele>
      </trkpt>
      <trkpt lat="42.336800000" lon="1.957030000">
        <ele>1468.000</ele>
      </trkpt>
      <trkpt lat="42.337220000" lon="1.957350000">
        <ele>1466.000</ele>
      </trkpt>
      <trkpt lat="42.337580000" lon="1.957630000">
        <ele>1464.000</ele>
      </trkpt>
      <trkpt lat="42.337840000" lon="1.957760000">
        <ele>1462.000</ele>
      </trkpt>
      <trkpt lat="42.338070000" lon="1.957810000">
        <ele>1460.000</ele>
      </trkpt>
      <trkpt lat="42.338290000" lon="1.957840000">
        <ele>1459.000</ele>
      </trkpt>
      <trkpt lat="42.338760000" lon="1.957910000">
        <ele>1457.000</ele>
      </trkpt>
      <trkpt lat="42.339220000" lon="1.957980000">
        <ele>1454.000</ele>
      </trkpt>
      <trkpt lat="42.339320000" lon="1.957980000">
        <ele>1451.000</ele>
      </trkpt>
      <trkpt lat="42.339520000" lon="1.957970000">
        <ele>1449.000</ele>
      </trkpt>
      <trkpt lat="42.339810000" lon="1.957930000">
        <ele>1447.000</ele>
      </trkpt>
      <trkpt lat="42.339830000" lon="1.957930000">
        <ele>1445.000</ele>
      </trkpt>
      <trkpt lat="42.340470000" lon="1.957800000">
        <ele>1442.000</ele>
      </trkpt>
      <trkpt lat="42.340610000" lon="1.957780000">
        <ele>1439.000</ele>
      </trkpt>
      <trkpt lat="42.341140000" lon="1.957680000">
        <ele>1436.000</ele>
      </trkpt>
      <trkpt lat="42.341690000" lon="1.957570000">
        <ele>1434.000</ele>
      </trkpt>
      <trkpt lat="42.342150000" lon="1.957440000">
        <ele>1432.000</ele>
      </trkpt>
      <trkpt lat="42.342660000" lon="1.957310000">
        <ele>1430.000</ele>
      </trkpt>
      <trkpt lat="42.342830000" lon="1.957290000">
        <ele>1428.000</ele>
      </trkpt>
      <trkpt lat="42.342930000" lon="1.957300000">
        <ele>1427.000</ele>
      </trkpt>
      <trkpt lat="42.343000000" lon="1.957320000">
        <ele>1426.000</ele>
      </trkpt>
      <trkpt lat="42.343080000" lon="1.957370000">
        <ele>1425.000</ele>
      </trkpt>
      <trkpt lat="42.343090000" lon="1.957370000">
        <ele>1425.000</ele>
      </trkpt>
      <trkpt lat="42.343180000" lon="1.957460000">
        <ele>1425.000</ele>
      </trkpt>
      <trkpt lat="42.343350000" lon="1.957660000">
        <ele>1424.000</ele>
      </trkpt>
      <trkpt lat="42.343540000" lon="1.957800000">
        <ele>1424.000</ele>
      </trkpt>
      <trkpt lat="42.343680000" lon="1.957790000">
        <ele>1423.000</ele>
      </trkpt>
      <trkpt lat="42.343790000" lon="1.957770000">
        <ele>1423.000</ele>
      </trkpt>
      <trkpt lat="42.343940000" lon="1.957670000">
        <ele>1422.000</ele>
      </trkpt>
      <trkpt lat="42.344030000" lon="1.957550000">
        <ele>1422.000</ele>
      </trkpt>
      <trkpt lat="42.344070000" lon="1.957490000">
        <ele>1421.000</ele>
      </trkpt>
      <trkpt lat="42.344550000" lon="1.956850000">
        <ele>1420.000</ele>
      </trkpt>
      <trkpt lat="42.344780000" lon="1.956530000">
        <ele>1419.000</ele>
      </trkpt>
      <trkpt lat="42.344950000" lon="1.956300000">
        <ele>1418.000</ele>
      </trkpt>
      <trkpt lat="42.345010000" lon="1.956230000">
        <ele>1418.000</ele>
      </trkpt>
      <trkpt lat="42.345160000" lon="1.956030000">
        <ele>1417.000</ele>
      </trkpt>
      <trkpt lat="42.345350000" lon="1.955770000">
        <ele>1416.000</ele>
      </trkpt>
      <trkpt lat="42.345480000" lon="1.955600000">
        <ele>1416.000</ele>
      </trkpt>
      <trkpt lat="42.345850000" lon="1.955090000">
        <ele>1415.000</ele>
      </trkpt>
      <trkpt lat="42.345890000" lon="1.955050000">
        <ele>1414.000</ele>
      </trkpt>
      <trkpt lat="42.346040000" lon="1.954860000">
        <ele>1413.000</ele>
      </trkpt>
      <trkpt lat="42.346090000" lon="1.954830000">
        <ele>1413.000</ele>
      </trkpt>
      <trkpt lat="42.346130000" lon="1.954800000">
        <ele>1413.000</ele>
      </trkpt>
      <trkpt lat="42.346210000" lon="1.954770000">
        <ele>1412.000</ele>
      </trkpt>
      <trkpt lat="42.346290000" lon="1.954730000">
        <ele>1412.000</ele>
      </trkpt>
      <trkpt lat="42.346320000" lon="1.954700000">
        <ele>1412.000</ele>
      </trkpt>
      <trkpt lat="42.346340000" lon="1.954660000">
        <ele>1412.000</ele>
      </trkpt>
      <trkpt lat="42.346460000" lon="1.954480000">
        <ele>1412.000</ele>
      </trkpt>
      <trkpt lat="42.346640000" lon="1.954020000">
        <ele>1411.000</ele>
      </trkpt>
      <trkpt lat="42.347030000" lon="1.952970000">
        <ele>1411.000</ele>
      </trkpt>
      <trkpt lat="42.347210000" lon="1.952480000">
        <ele>1410.000</ele>
      </trkpt>
      <trkpt lat="42.347560000" lon="1.951510000">
        <ele>1408.000</ele>
      </trkpt>
      <trkpt lat="42.347630000" lon="1.951280000">
        <ele>1407.000</ele>
      </trkpt>
      <trkpt lat="42.347660000" lon="1.951120000">
        <ele>1406.000</ele>
      </trkpt>
      <trkpt lat="42.347670000" lon="1.950950000">
        <ele>1406.000</ele>
      </trkpt>
      <trkpt lat="42.347670000" lon="1.950650000">
        <ele>1405.000</ele>
      </trkpt>
      <trkpt lat="42.347670000" lon="1.950430000">
        <ele>1405.000</ele>
      </trkpt>
      <trkpt lat="42.347670000" lon="1.950430000">
        <ele>1405.000</ele>
      </trkpt>
      <trkpt lat="42.347680000" lon="1.950200000">
        <ele>1405.000</ele>
      </trkpt>
      <trkpt lat="42.347690000" lon="1.949930000">
        <ele>1406.000</ele>
      </trkpt>
      <trkpt lat="42.347720000" lon="1.949700000">
        <ele>1406.000</ele>
      </trkpt>
      <trkpt lat="42.347800000" lon="1.949370000">
        <ele>1408.000</ele>
      </trkpt>
      <trkpt lat="42.347920000" lon="1.948910000">
        <ele>1409.000</ele>
      </trkpt>
      <trkpt lat="42.347960000" lon="1.948710000">
        <ele>1410.000</ele>
      </trkpt>
      <trkpt lat="42.347990000" lon="1.948480000">
        <ele>1412.000</ele>
      </trkpt>
      <trkpt lat="42.348010000" lon="1.948190000">
        <ele>1413.000</ele>
      </trkpt>
      <trkpt lat="42.348010000" lon="1.948070000">
        <ele>1414.000</ele>
      </trkpt>
      <trkpt lat="42.348010000" lon="1.947950000">
        <ele>1414.000</ele>
      </trkpt>
      <trkpt lat="42.347990000" lon="1.947870000">
        <ele>1414.000</ele>
      </trkpt>
      <trkpt lat="42.347960000" lon="1.947790000">
        <ele>1414.000</ele>
      </trkpt>
      <trkpt lat="42.347860000" lon="1.947560000">
        <ele>1414.000</ele>
      </trkpt>
      <trkpt lat="42.347840000" lon="1.947480000">
        <ele>1414.000</ele>
      </trkpt>
      <trkpt lat="42.347830000" lon="1.947420000">
        <ele>1413.000</ele>
      </trkpt>
      <trkpt lat="42.347820000" lon="1.947350000">
        <ele>1413.000</ele>
      </trkpt>
      <trkpt lat="42.347830000" lon="1.947230000">
        <ele>1413.000</ele>
      </trkpt>
      <trkpt lat="42.347860000" lon="1.946870000">
        <ele>1412.000</ele>
      </trkpt>
      <trkpt lat="42.347890000" lon="1.946560000">
        <ele>1412.000</ele>
      </trkpt>
      <trkpt lat="42.347920000" lon="1.946160000">
        <ele>1411.000</ele>
      </trkpt>
      <trkpt lat="42.347930000" lon="1.946020000">
        <ele>1410.000</ele>
      </trkpt>
      <trkpt lat="42.347910000" lon="1.945860000">
        <ele>1409.000</ele>
      </trkpt>
      <trkpt lat="42.347860000" lon="1.945680000">
        <ele>1409.000</ele>
      </trkpt>
      <trkpt lat="42.347770000" lon="1.945480000">
        <ele>1408.000</ele>
      </trkpt>
      <trkpt lat="42.347660000" lon="1.945300000">
        <ele>1406.000</ele>
      </trkpt>
      <trkpt lat="42.347520000" lon="1.945050000">
        <ele>1404.000</ele>
      </trkpt>
      <trkpt lat="42.347410000" lon="1.944810000">
        <ele>1402.000</ele>
      </trkpt>
      <trkpt lat="42.347360000" lon="1.944600000">
        <ele>1399.000</ele>
      </trkpt>
      <trkpt lat="42.347350000" lon="1.944440000">
        <ele>1397.000</ele>
      </trkpt>
      <trkpt lat="42.347360000" lon="1.944270000">
        <ele>1395.000</ele>
      </trkpt>
      <trkpt lat="42.347390000" lon="1.944120000">
        <ele>1394.000</ele>
      </trkpt>
      <trkpt lat="42.347440000" lon="1.943940000">
        <ele>1392.000</ele>
      </trkpt>
      <trkpt lat="42.347530000" lon="1.943760000">
        <ele>1390.000</ele>
      </trkpt>
      <trkpt lat="42.347770000" lon="1.943300000">
        <ele>1387.000</ele>
      </trkpt>
      <trkpt lat="42.347840000" lon="1.943150000">
        <ele>1384.000</ele>
      </trkpt>
      <trkpt lat="42.347890000" lon="1.942950000">
        <ele>1382.000</ele>
      </trkpt>
      <trkpt lat="42.347920000" lon="1.942690000">
        <ele>1381.000</ele>
      </trkpt>
      <trkpt lat="42.347940000" lon="1.942390000">
        <ele>1379.000</ele>
      </trkpt>
      <trkpt lat="42.347980000" lon="1.942130000">
        <ele>1377.000</ele>
      </trkpt>
      <trkpt lat="42.348040000" lon="1.941910000">
        <ele>1375.000</ele>
      </trkpt>
      <trkpt lat="42.348110000" lon="1.941770000">
        <ele>1374.000</ele>
      </trkpt>
      <trkpt lat="42.348210000" lon="1.941610000">
        <ele>1373.000</ele>
      </trkpt>
      <trkpt lat="42.348340000" lon="1.941460000">
        <ele>1372.000</ele>
      </trkpt>
      <trkpt lat="42.348880000" lon="1.940830000">
        <ele>1369.000</ele>
      </trkpt>
      <trkpt lat="42.349170000" lon="1.940470000">
        <ele>1366.000</ele>
      </trkpt>
      <trkpt lat="42.349360000" lon="1.940220000">
        <ele>1365.000</ele>
      </trkpt>
      <trkpt lat="42.349470000" lon="1.940040000">
        <ele>1363.000</ele>
      </trkpt>
      <trkpt lat="42.349540000" lon="1.939860000">
        <ele>1362.000</ele>
      </trkpt>
      <trkpt lat="42.349590000" lon="1.939680000">
        <ele>1361.000</ele>
      </trkpt>
      <trkpt lat="42.349600000" lon="1.939490000">
        <ele>1360.000</ele>
      </trkpt>
      <trkpt lat="42.349580000" lon="1.939110000">
        <ele>1359.000</ele>
      </trkpt>
      <trkpt lat="42.349570000" lon="1.938720000">
        <ele>1358.000</ele>
      </trkpt>
      <trkpt lat="42.349540000" lon="1.938130000">
        <ele>1356.000</ele>
      </trkpt>
      <trkpt lat="42.349540000" lon="1.937840000">
        <ele>1354.000</ele>
      </trkpt>
      <trkpt lat="42.349560000" lon="1.937640000">
        <ele>1352.000</ele>
      </trkpt>
      <trkpt lat="42.349600000" lon="1.937410000">
        <ele>1350.000</ele>
      </trkpt>
      <trkpt lat="42.349660000" lon="1.937170000">
        <ele>1348.000</ele>
      </trkpt>
      <trkpt lat="42.349750000" lon="1.936940000">
        <ele>1347.000</ele>
      </trkpt>
      <trkpt lat="42.350050000" lon="1.936320000">
        <ele>1344.000</ele>
      </trkpt>
      <trkpt lat="42.350120000" lon="1.936140000">
        <ele>1342.000</ele>
      </trkpt>
      <trkpt lat="42.350170000" lon="1.935920000">
        <ele>1340.000</ele>
      </trkpt>
      <trkpt lat="42.350190000" lon="1.935730000">
        <ele>1338.000</ele>
      </trkpt>
      <trkpt lat="42.350180000" lon="1.935480000">
        <ele>1337.000</ele>
      </trkpt>
      <trkpt lat="42.350160000" lon="1.935010000">
        <ele>1335.000</ele>
      </trkpt>
      <trkpt lat="42.350180000" lon="1.934660000">
        <ele>1333.000</ele>
      </trkpt>
      <trkpt lat="42.350190000" lon="1.934240000">
        <ele>1331.000</ele>
      </trkpt>
      <trkpt lat="42.350200000" lon="1.933830000">
        <ele>1329.000</ele>
      </trkpt>
      <trkpt lat="42.350210000" lon="1.933400000">
        <ele>1327.000</ele>
      </trkpt>
      <trkpt lat="42.350200000" lon="1.933030000">
        <ele>1325.000</ele>
      </trkpt>
      <trkpt lat="42.350220000" lon="1.932700000">
        <ele>1323.000</ele>
      </trkpt>
      <trkpt lat="42.350270000" lon="1.932450000">
        <ele>1322.000</ele>
      </trkpt>
      <trkpt lat="42.350350000" lon="1.932210000">
        <ele>1320.000</ele>
      </trkpt>
      <trkpt lat="42.350470000" lon="1.931980000">
        <ele>1318.000</ele>
      </trkpt>
      <trkpt lat="42.350630000" lon="1.931770000">
        <ele>1317.000</ele>
      </trkpt>
      <trkpt lat="42.350770000" lon="1.931620000">
        <ele>1315.000</ele>
      </trkpt>
      <trkpt lat="42.351100000" lon="1.931320000">
        <ele>1314.000</ele>
      </trkpt>
      <trkpt lat="42.351370000" lon="1.931070000">
        <ele>1312.000</ele>
      </trkpt>
      <trkpt lat="42.351500000" lon="1.930880000">
        <ele>1310.000</ele>
      </trkpt>
      <trkpt lat="42.351600000" lon="1.930730000">
        <ele>1309.000</ele>
      </trkpt>
      <trkpt lat="42.351730000" lon="1.930530000">
        <ele>1308.000</ele>
      </trkpt>
      <trkpt lat="42.352010000" lon="1.930200000">
        <ele>1306.000</ele>
      </trkpt>
      <trkpt lat="42.352530000" lon="1.929600000">
        <ele>1304.000</ele>
      </trkpt>
      <trkpt lat="42.352800000" lon="1.929290000">
        <ele>1302.000</ele>
      </trkpt>
      <trkpt lat="42.352980000" lon="1.929100000">
        <ele>1299.000</ele>
      </trkpt>
      <trkpt lat="42.353120000" lon="1.928990000">
        <ele>1297.000</ele>
      </trkpt>
      <trkpt lat="42.353330000" lon="1.928890000">
        <ele>1295.000</ele>
      </trkpt>
      <trkpt lat="42.353870000" lon="1.928660000">
        <ele>1292.000</ele>
      </trkpt>
      <trkpt lat="42.354340000" lon="1.928440000">
        <ele>1288.000</ele>
      </trkpt>
      <trkpt lat="42.354560000" lon="1.928250000">
        <ele>1285.000</ele>
      </trkpt>
      <trkpt lat="42.354790000" lon="1.927960000">
        <ele>1282.000</ele>
      </trkpt>
      <trkpt lat="42.355040000" lon="1.927620000">
        <ele>1279.000</ele>
      </trkpt>
      <trkpt lat="42.355210000" lon="1.927390000">
        <ele>1276.000</ele>
      </trkpt>
      <trkpt lat="42.355340000" lon="1.927240000">
        <ele>1273.000</ele>
      </trkpt>
      <trkpt lat="42.355520000" lon="1.927040000">
        <ele>1271.000</ele>
      </trkpt>
      <trkpt lat="42.355810000" lon="1.926760000">
        <ele>1268.000</ele>
      </trkpt>
      <trkpt lat="42.356360000" lon="1.926250000">
        <ele>1265.000</ele>
      </trkpt>
      <trkpt lat="42.356720000" lon="1.925880000">
        <ele>1263.000</ele>
      </trkpt>
      <trkpt lat="42.356980000" lon="1.925600000">
        <ele>1260.000</ele>
      </trkpt>
      <trkpt lat="42.357210000" lon="1.925280000">
        <ele>1258.000</ele>
      </trkpt>
      <trkpt lat="42.357440000" lon="1.924920000">
        <ele>1256.000</ele>
      </trkpt>
      <trkpt lat="42.357640000" lon="1.924560000">
        <ele>1254.000</ele>
      </trkpt>
      <trkpt lat="42.357810000" lon="1.924190000">
        <ele>1253.000</ele>
      </trkpt>
      <trkpt lat="42.357910000" lon="1.923930000">
        <ele>1251.000</ele>
      </trkpt>
      <trkpt lat="42.358010000" lon="1.923650000">
        <ele>1250.000</ele>
      </trkpt>
      <trkpt lat="42.358250000" lon="1.922950000">
        <ele>1248.000</ele>
      </trkpt>
      <trkpt lat="42.358440000" lon="1.922410000">
        <ele>1246.000</ele>
      </trkpt>
      <trkpt lat="42.358640000" lon="1.921940000">
        <ele>1244.000</ele>
      </trkpt>
      <trkpt lat="42.358740000" lon="1.921740000">
        <ele>1242.000</ele>
      </trkpt>
      <trkpt lat="42.358900000" lon="1.921480000">
        <ele>1241.000</ele>
      </trkpt>
      <trkpt lat="42.359190000" lon="1.921080000">
        <ele>1239.000</ele>
      </trkpt>
      <trkpt lat="42.359500000" lon="1.920670000">
        <ele>1237.000</ele>
      </trkpt>
      <trkpt lat="42.359880000" lon="1.920170000">
        <ele>1235.000</ele>
      </trkpt>
      <trkpt lat="42.360240000" lon="1.919680000">
        <ele>1233.000</ele>
      </trkpt>
      <trkpt lat="42.360420000" lon="1.919410000">
        <ele>1231.000</ele>
      </trkpt>
      <trkpt lat="42.360600000" lon="1.919090000">
        <ele>1229.000</ele>
      </trkpt>
      <trkpt lat="42.360750000" lon="1.918760000">
        <ele>1227.000</ele>
      </trkpt>
      <trkpt lat="42.360870000" lon="1.918400000">
        <ele>1225.000</ele>
      </trkpt>
      <trkpt lat="42.360930000" lon="1.918160000">
        <ele>1223.000</ele>
      </trkpt>
      <trkpt lat="42.361000000" lon="1.917900000">
        <ele>1221.000</ele>
      </trkpt>
      <trkpt lat="42.361150000" lon="1.917360000">
        <ele>1220.000</ele>
      </trkpt>
      <trkpt lat="42.361280000" lon="1.917000000">
        <ele>1218.000</ele>
      </trkpt>
      <trkpt lat="42.361410000" lon="1.916670000">
        <ele>1217.000</ele>
      </trkpt>
      <trkpt lat="42.361790000" lon="1.915930000">
        <ele>1215.000</ele>
      </trkpt>
      <trkpt lat="42.362030000" lon="1.915450000">
        <ele>1213.000</ele>
      </trkpt>
      <trkpt lat="42.362270000" lon="1.914980000">
        <ele>1211.000</ele>
      </trkpt>
      <trkpt lat="42.362530000" lon="1.914480000">
        <ele>1209.000</ele>
      </trkpt>
      <trkpt lat="42.362760000" lon="1.914010000">
        <ele>1208.000</ele>
      </trkpt>
      <trkpt lat="42.362960000" lon="1.913600000">
        <ele>1206.000</ele>
      </trkpt>
      <trkpt lat="42.363170000" lon="1.913110000">
        <ele>1205.000</ele>
      </trkpt>
      <trkpt lat="42.363370000" lon="1.912610000">
        <ele>1203.000</ele>
      </trkpt>
      <trkpt lat="42.363580000" lon="1.912070000">
        <ele>1201.000</ele>
      </trkpt>
      <trkpt lat="42.363800000" lon="1.911540000">
        <ele>1199.000</ele>
      </trkpt>
      <trkpt lat="42.363990000" lon="1.911150000">
        <ele>1197.000</ele>
      </trkpt>
      <trkpt lat="42.364170000" lon="1.910820000">
        <ele>1196.000</ele>
      </trkpt>
      <trkpt lat="42.364310000" lon="1.910590000">
        <ele>1195.000</ele>
      </trkpt>
      <trkpt lat="42.364580000" lon="1.910210000">
        <ele>1194.000</ele>
      </trkpt>
      <trkpt lat="42.365040000" lon="1.909590000">
        <ele>1193.000</ele>
      </trkpt>
      <trkpt lat="42.365420000" lon="1.909080000">
        <ele>1193.000</ele>
      </trkpt>
      <trkpt lat="42.365800000" lon="1.908600000">
        <ele>1192.000</ele>
      </trkpt>
      <trkpt lat="42.366140000" lon="1.908200000">
        <ele>1192.000</ele>
      </trkpt>
      <trkpt lat="42.366820000" lon="1.907450000">
        <ele>1191.000</ele>
      </trkpt>
      <trkpt lat="42.367580000" lon="1.906610000">
        <ele>1192.000</ele>
      </trkpt>
      <trkpt lat="42.367790000" lon="1.906320000">
        <ele>1192.000</ele>
      </trkpt>
      <trkpt lat="42.367980000" lon="1.906050000">
        <ele>1193.000</ele>
      </trkpt>
      <trkpt lat="42.368140000" lon="1.905780000">
        <ele>1194.000</ele>
      </trkpt>
      <trkpt lat="42.368280000" lon="1.905520000">
        <ele>1194.000</ele>
      </trkpt>
      <trkpt lat="42.368390000" lon="1.905280000">
        <ele>1194.000</ele>
      </trkpt>
      <trkpt lat="42.368520000" lon="1.904980000">
        <ele>1194.000</ele>
      </trkpt>
      <trkpt lat="42.368610000" lon="1.904740000">
        <ele>1194.000</ele>
      </trkpt>
      <trkpt lat="42.369060000" lon="1.903500000">
        <ele>1194.000</ele>
      </trkpt>
      <trkpt lat="42.369210000" lon="1.903180000">
        <ele>1193.000</ele>
      </trkpt>
      <trkpt lat="42.369350000" lon="1.902920000">
        <ele>1192.000</ele>
      </trkpt>
      <trkpt lat="42.369470000" lon="1.902740000">
        <ele>1192.000</ele>
      </trkpt>
      <trkpt lat="42.369610000" lon="1.902550000">
        <ele>1191.000</ele>
      </trkpt>
      <trkpt lat="42.369770000" lon="1.902360000">
        <ele>1190.000</ele>
      </trkpt>
      <trkpt lat="42.369940000" lon="1.902190000">
        <ele>1190.000</ele>
      </trkpt>
      <trkpt lat="42.370430000" lon="1.901790000">
        <ele>1189.000</ele>
      </trkpt>
      <trkpt lat="42.370800000" lon="1.901450000">
        <ele>1187.000</ele>
      </trkpt>
      <trkpt lat="42.370910000" lon="1.901330000">
        <ele>1186.000</ele>
      </trkpt>
      <trkpt lat="42.371020000" lon="1.901190000">
        <ele>1185.000</ele>
      </trkpt>
      <trkpt lat="42.371150000" lon="1.900980000">
        <ele>1185.000</ele>
      </trkpt>
      <trkpt lat="42.371580000" lon="1.900130000">
        <ele>1183.000</ele>
      </trkpt>
      <trkpt lat="42.371610000" lon="1.900070000">
        <ele>1182.000</ele>
      </trkpt>
      <trkpt lat="42.371830000" lon="1.899670000">
        <ele>1181.000</ele>
      </trkpt>
      <trkpt lat="42.372000000" lon="1.899420000">
        <ele>1180.000</ele>
      </trkpt>
      <trkpt lat="42.372040000" lon="1.899370000">
        <ele>1179.000</ele>
      </trkpt>
      <trkpt lat="42.372350000" lon="1.899000000">
        <ele>1178.000</ele>
      </trkpt>
      <trkpt lat="42.372760000" lon="1.898560000">
        <ele>1177.000</ele>
      </trkpt>
      <trkpt lat="42.373210000" lon="1.898030000">
        <ele>1175.000</ele>
      </trkpt>
      <trkpt lat="42.373470000" lon="1.897700000">
        <ele>1174.000</ele>
      </trkpt>
      <trkpt lat="42.373710000" lon="1.897400000">
        <ele>1172.000</ele>
      </trkpt>
      <trkpt lat="42.373970000" lon="1.897080000">
        <ele>1170.000</ele>
      </trkpt>
      <trkpt lat="42.374360000" lon="1.896600000">
        <ele>1167.000</ele>
      </trkpt>
      <trkpt lat="42.374600000" lon="1.896340000">
        <ele>1164.000</ele>
      </trkpt>
      <trkpt lat="42.374800000" lon="1.896180000">
        <ele>1162.000</ele>
      </trkpt>
      <trkpt lat="42.374940000" lon="1.896080000">
        <ele>1161.000</ele>
      </trkpt>
      <trkpt lat="42.375170000" lon="1.895990000">
        <ele>1160.000</ele>
      </trkpt>
      <trkpt lat="42.375720000" lon="1.895840000">
        <ele>1158.000</ele>
      </trkpt>
      <trkpt lat="42.376160000" lon="1.895710000">
        <ele>1156.000</ele>
      </trkpt>
      <trkpt lat="42.376550000" lon="1.895610000">
        <ele>1155.000</ele>
      </trkpt>
      <trkpt lat="42.377160000" lon="1.895390000">
        <ele>1153.000</ele>
      </trkpt>
      <trkpt lat="42.377490000" lon="1.895210000">
        <ele>1151.000</ele>
      </trkpt>
      <trkpt lat="42.377880000" lon="1.894980000">
        <ele>1148.000</ele>
      </trkpt>
      <trkpt lat="42.378530000" lon="1.894490000">
        <ele>1146.000</ele>
      </trkpt>
      <trkpt lat="42.378720000" lon="1.894340000">
        <ele>1144.000</ele>
      </trkpt>
      <trkpt lat="42.379040000" lon="1.894110000">
        <ele>1142.000</ele>
      </trkpt>
      <trkpt lat="42.379240000" lon="1.893990000">
        <ele>1141.000</ele>
      </trkpt>
      <trkpt lat="42.379380000" lon="1.893920000">
        <ele>1140.000</ele>
      </trkpt>
      <trkpt lat="42.379630000" lon="1.893830000">
        <ele>1140.000</ele>
      </trkpt>
      <trkpt lat="42.379960000" lon="1.893710000">
        <ele>1139.000</ele>
      </trkpt>
      <trkpt lat="42.380310000" lon="1.893640000">
        <ele>1138.000</ele>
      </trkpt>
      <trkpt lat="42.380610000" lon="1.893540000">
        <ele>1137.000</ele>
      </trkpt>
      <trkpt lat="42.380760000" lon="1.893470000">
        <ele>1136.000</ele>
      </trkpt>
      <trkpt lat="42.380880000" lon="1.893390000">
        <ele>1136.000</ele>
      </trkpt>
      <trkpt lat="42.381020000" lon="1.893310000">
        <ele>1135.000</ele>
      </trkpt>
      <trkpt lat="42.381250000" lon="1.893080000">
        <ele>1134.000</ele>
      </trkpt>
      <trkpt lat="42.381500000" lon="1.892840000">
        <ele>1133.000</ele>
      </trkpt>
      <trkpt lat="42.381670000" lon="1.892710000">
        <ele>1132.000</ele>
      </trkpt>
      <trkpt lat="42.381850000" lon="1.892570000">
        <ele>1131.000</ele>
      </trkpt>
      <trkpt lat="42.382040000" lon="1.892450000">
        <ele>1130.000</ele>
      </trkpt>
      <trkpt lat="42.382220000" lon="1.892350000">
        <ele>1130.000</ele>
      </trkpt>
      <trkpt lat="42.382420000" lon="1.892260000">
        <ele>1130.000</ele>
      </trkpt>
      <trkpt lat="42.382620000" lon="1.892200000">
        <ele>1130.000</ele>
      </trkpt>
      <trkpt lat="42.382820000" lon="1.892140000">
        <ele>1131.000</ele>
      </trkpt>
      <trkpt lat="42.383030000" lon="1.892100000">
        <ele>1132.000</ele>
      </trkpt>
      <trkpt lat="42.383280000" lon="1.892100000">
        <ele>1133.000</ele>
      </trkpt>
      <trkpt lat="42.383560000" lon="1.892100000">
        <ele>1133.000</ele>
      </trkpt>
      <trkpt lat="42.383810000" lon="1.892110000">
        <ele>1134.000</ele>
      </trkpt>
      <trkpt lat="42.384040000" lon="1.892120000">
        <ele>1135.000</ele>
      </trkpt>
      <trkpt lat="42.384570000" lon="1.892170000">
        <ele>1134.000</ele>
      </trkpt>
      <trkpt lat="42.384790000" lon="1.892190000">
        <ele>1134.000</ele>
      </trkpt>
      <trkpt lat="42.385020000" lon="1.892220000">
        <ele>1133.000</ele>
      </trkpt>
      <trkpt lat="42.385390000" lon="1.892270000">
        <ele>1132.000</ele>
      </trkpt>
      <trkpt lat="42.385620000" lon="1.892310000">
        <ele>1131.000</ele>
      </trkpt>
      <trkpt lat="42.386060000" lon="1.892410000">
        <ele>1131.000</ele>
      </trkpt>
      <trkpt lat="42.386630000" lon="1.892560000">
        <ele>1130.000</ele>
      </trkpt>
      <trkpt lat="42.386950000" lon="1.892670000">
        <ele>1129.000</ele>
      </trkpt>
      <trkpt lat="42.387140000" lon="1.892760000">
        <ele>1129.000</ele>
      </trkpt>
      <trkpt lat="42.387360000" lon="1.892840000">
        <ele>1128.000</ele>
      </trkpt>
      <trkpt lat="42.387570000" lon="1.892930000">
        <ele>1128.000</ele>
      </trkpt>
      <trkpt lat="42.387780000" lon="1.893030000">
        <ele>1128.000</ele>
      </trkpt>
      <trkpt lat="42.388040000" lon="1.893160000">
        <ele>1127.000</ele>
      </trkpt>
      <trkpt lat="42.388350000" lon="1.893330000">
        <ele>1127.000</ele>
      </trkpt>
      <trkpt lat="42.388900000" lon="1.893650000">
        <ele>1126.000</ele>
      </trkpt>
      <trkpt lat="42.389450000" lon="1.893970000">
        <ele>1125.000</ele>
      </trkpt>
      <trkpt lat="42.390500000" lon="1.894580000">
        <ele>1123.000</ele>
      </trkpt>
      <trkpt lat="42.390500000" lon="1.894580000">
        <ele>1121.000</ele>
      </trkpt>
      <trkpt lat="42.391600000" lon="1.895200000">
        <ele>1118.000</ele>
      </trkpt>
      <trkpt lat="42.392390000" lon="1.895670000">
        <ele>1115.000</ele>
      </trkpt>
      <trkpt lat="42.393050000" lon="1.896060000">
        <ele>1112.000</ele>
      </trkpt>
      <trkpt lat="42.393600000" lon="1.896390000">
        <ele>1110.000</ele>
      </trkpt>
      <trkpt lat="42.393760000" lon="1.896510000">
        <ele>1108.000</ele>
      </trkpt>
      <trkpt lat="42.393870000" lon="1.896610000">
        <ele>1106.000</ele>
      </trkpt>
      <trkpt lat="42.394080000" lon="1.896820000">
        <ele>1105.000</ele>
      </trkpt>
      <trkpt lat="42.394230000" lon="1.897000000">
        <ele>1104.000</ele>
      </trkpt>
      <trkpt lat="42.394310000" lon="1.897100000">
        <ele>1104.000</ele>
      </trkpt>
      <trkpt lat="42.394400000" lon="1.897200000">
        <ele>1103.000</ele>
      </trkpt>
      <trkpt lat="42.394420000" lon="1.897220000">
        <ele>1103.000</ele>
      </trkpt>
      <trkpt lat="42.394560000" lon="1.897450000">
        <ele>1102.000</ele>
      </trkpt>
      <trkpt lat="42.394650000" lon="1.897600000">
        <ele>1102.000</ele>
      </trkpt>
      <trkpt lat="42.394750000" lon="1.897790000">
        <ele>1101.000</ele>
      </trkpt>
      <trkpt lat="42.394780000" lon="1.897880000">
        <ele>1101.000</ele>
      </trkpt>
      <trkpt lat="42.394790000" lon="1.897890000">
        <ele>1101.000</ele>
      </trkpt>
      <trkpt lat="42.394900000" lon="1.898160000">
        <ele>1100.000</ele>
      </trkpt>
      <trkpt lat="42.395040000" lon="1.898490000">
        <ele>1100.000</ele>
      </trkpt>
      <trkpt lat="42.395050000" lon="1.898540000">
        <ele>1100.000</ele>
      </trkpt>
      <trkpt lat="42.395080000" lon="1.898610000">
        <ele>1101.000</ele>
      </trkpt>
      <trkpt lat="42.395160000" lon="1.898840000">
        <ele>1101.000</ele>
      </trkpt>
      <trkpt lat="42.395230000" lon="1.899090000">
        <ele>1101.000</ele>
      </trkpt>
      <trkpt lat="42.395360000" lon="1.899480000">
        <ele>1102.000</ele>
      </trkpt>
      <trkpt lat="42.395440000" lon="1.899720000">
        <ele>1103.000</ele>
      </trkpt>
      <trkpt lat="42.395580000" lon="1.900140000">
        <ele>1104.000</ele>
      </trkpt>
      <trkpt lat="42.395660000" lon="1.900470000">
        <ele>1105.000</ele>
      </trkpt>
      <trkpt lat="42.395800000" lon="1.900960000">
        <ele>1105.000</ele>
      </trkpt>
      <trkpt lat="42.395900000" lon="1.901320000">
        <ele>1105.000</ele>
      </trkpt>
      <trkpt lat="42.395950000" lon="1.901530000">
        <ele>1105.000</ele>
      </trkpt>
      <trkpt lat="42.396010000" lon="1.901830000">
        <ele>1105.000</ele>
      </trkpt>
      <trkpt lat="42.396050000" lon="1.902110000">
        <ele>1105.000</ele>
      </trkpt>
      <trkpt lat="42.396100000" lon="1.902830000">
        <ele>1104.000</ele>
      </trkpt>
      <trkpt lat="42.396110000" lon="1.903110000">
        <ele>1104.000</ele>
      </trkpt>
      <trkpt lat="42.396120000" lon="1.904060000">
        <ele>1104.000</ele>
      </trkpt>
      <trkpt lat="42.396140000" lon="1.904850000">
        <ele>1104.000</ele>
      </trkpt>
      <trkpt lat="42.396160000" lon="1.905370000">
        <ele>1104.000</ele>
      </trkpt>
      <trkpt lat="42.396210000" lon="1.905970000">
        <ele>1104.000</ele>
      </trkpt>
      <trkpt lat="42.396290000" lon="1.906860000">
        <ele>1104.000</ele>
      </trkpt>
      <trkpt lat="42.396360000" lon="1.907320000">
        <ele>1103.000</ele>
      </trkpt>
      <trkpt lat="42.396430000" lon="1.907930000">
        <ele>1103.000</ele>
      </trkpt>
      <trkpt lat="42.396510000" lon="1.908570000">
        <ele>1102.000</ele>
      </trkpt>
      <trkpt lat="42.396600000" lon="1.909310000">
        <ele>1102.000</ele>
      </trkpt>
      <trkpt lat="42.396670000" lon="1.909820000">
        <ele>1102.000</ele>
      </trkpt>
      <trkpt lat="42.396750000" lon="1.910360000">
        <ele>1102.000</ele>
      </trkpt>
      <trkpt lat="42.396820000" lon="1.910700000">
        <ele>1102.000</ele>
      </trkpt>
      <trkpt lat="42.396880000" lon="1.910990000">
        <ele>1102.000</ele>
      </trkpt>
      <trkpt lat="42.396960000" lon="1.911260000">
        <ele>1102.000</ele>
      </trkpt>
      <trkpt lat="42.397030000" lon="1.911490000">
        <ele>1102.000</ele>
      </trkpt>
      <trkpt lat="42.397110000" lon="1.911690000">
        <ele>1101.000</ele>
      </trkpt>
      <trkpt lat="42.397250000" lon="1.912010000">
        <ele>1101.000</ele>
      </trkpt>
      <trkpt lat="42.397400000" lon="1.912310000">
        <ele>1101.000</ele>
      </trkpt>
      <trkpt lat="42.397480000" lon="1.912460000">
        <ele>1100.000</ele>
      </trkpt>
      <trkpt lat="42.397530000" lon="1.912530000">
        <ele>1100.000</ele>
      </trkpt>
      <trkpt lat="42.397640000" lon="1.912710000">
        <ele>1100.000</ele>
      </trkpt>
      <trkpt lat="42.397840000" lon="1.913000000">
        <ele>1100.000</ele>
      </trkpt>
      <trkpt lat="42.397960000" lon="1.913160000">
        <ele>1100.000</ele>
      </trkpt>
      <trkpt lat="42.398100000" lon="1.913350000">
        <ele>1101.000</ele>
      </trkpt>
      <trkpt lat="42.398310000" lon="1.913590000">
        <ele>1101.000</ele>
      </trkpt>
      <trkpt lat="42.398530000" lon="1.913840000">
        <ele>1102.000</ele>
      </trkpt>
      <trkpt lat="42.398760000" lon="1.914080000">
        <ele>1102.000</ele>
      </trkpt>
      <trkpt lat="42.398840000" lon="1.914170000">
        <ele>1103.000</ele>
      </trkpt>
      <trkpt lat="42.399120000" lon="1.914460000">
        <ele>1103.000</ele>
      </trkpt>
      <trkpt lat="42.399280000" lon="1.914610000">
        <ele>1104.000</ele>
      </trkpt>
      <trkpt lat="42.399460000" lon="1.914780000">
        <ele>1104.000</ele>
      </trkpt>
      <trkpt lat="42.399630000" lon="1.914930000">
        <ele>1103.000</ele>
      </trkpt>
      <trkpt lat="42.400000000" lon="1.915180000">
        <ele>1103.000</ele>
      </trkpt>
      <trkpt lat="42.400340000" lon="1.915350000">
        <ele>1103.000</ele>
      </trkpt>
      <trkpt lat="42.400520000" lon="1.915440000">
        <ele>1102.000</ele>
      </trkpt>
      <trkpt lat="42.400550000" lon="1.915460000">
        <ele>1102.000</ele>
      </trkpt>
      <trkpt lat="42.400820000" lon="1.915580000">
        <ele>1101.000</ele>
      </trkpt>
      <trkpt lat="42.401120000" lon="1.915660000">
        <ele>1101.000</ele>
      </trkpt>
      <trkpt lat="42.401220000" lon="1.915680000">
        <ele>1101.000</ele>
      </trkpt>
      <trkpt lat="42.401320000" lon="1.915690000">
        <ele>1101.000</ele>
      </trkpt>
      <trkpt lat="42.401590000" lon="1.915660000">
        <ele>1101.000</ele>
      </trkpt>
      <trkpt lat="42.401920000" lon="1.915580000">
        <ele>1101.000</ele>
      </trkpt>
      <trkpt lat="42.402110000" lon="1.915510000">
        <ele>1101.000</ele>
      </trkpt>
      <trkpt lat="42.402320000" lon="1.915430000">
        <ele>1101.000</ele>
      </trkpt>
      <trkpt lat="42.402500000" lon="1.915370000">
        <ele>1101.000</ele>
      </trkpt>
      <trkpt lat="42.402740000" lon="1.915300000">
        <ele>1101.000</ele>
      </trkpt>
      <trkpt lat="42.403030000" lon="1.915220000">
        <ele>1102.000</ele>
      </trkpt>
      <trkpt lat="42.403220000" lon="1.915170000">
        <ele>1102.000</ele>
      </trkpt>
      <trkpt lat="42.403350000" lon="1.915150000">
        <ele>1102.000</ele>
      </trkpt>
      <trkpt lat="42.403410000" lon="1.915150000">
        <ele>1103.000</ele>
      </trkpt>
      <trkpt lat="42.403500000" lon="1.915140000">
        <ele>1103.000</ele>
      </trkpt>
      <trkpt lat="42.403710000" lon="1.915150000">
        <ele>1103.000</ele>
      </trkpt>
      <trkpt lat="42.403830000" lon="1.915160000">
        <ele>1104.000</ele>
      </trkpt>
      <trkpt lat="42.403930000" lon="1.915180000">
        <ele>1104.000</ele>
      </trkpt>
      <trkpt lat="42.404120000" lon="1.915230000">
        <ele>1104.000</ele>
      </trkpt>
      <trkpt lat="42.404330000" lon="1.915320000">
        <ele>1105.000</ele>
      </trkpt>
      <trkpt lat="42.404540000" lon="1.915420000">
        <ele>1105.000</ele>
      </trkpt>
      <trkpt lat="42.404880000" lon="1.915610000">
        <ele>1106.000</ele>
      </trkpt>
      <trkpt lat="42.405130000" lon="1.915750000">
        <ele>1107.000</ele>
      </trkpt>
      <trkpt lat="42.405510000" lon="1.915940000">
        <ele>1107.000</ele>
      </trkpt>
      <trkpt lat="42.405780000" lon="1.916070000">
        <ele>1108.000</ele>
      </trkpt>
      <trkpt lat="42.406060000" lon="1.916180000">
        <ele>1108.000</ele>
      </trkpt>
      <trkpt lat="42.406790000" lon="1.916440000">
        <ele>1109.000</ele>
      </trkpt>
      <trkpt lat="42.411330000" lon="1.918150000">
        <ele>1112.000</ele>
      </trkpt>
      <trkpt lat="42.412410000" lon="1.918560000">
        <ele>1115.000</ele>
      </trkpt>
      <trkpt lat="42.413980000" lon="1.919150000">
        <ele>1118.000</ele>
      </trkpt>
      <trkpt lat="42.414250000" lon="1.919260000">
        <ele>1121.000</ele>
      </trkpt>
      <trkpt lat="42.415590000" lon="1.919750000">
        <ele>1123.000</ele>
      </trkpt>
      <trkpt lat="42.418050000" lon="1.920680000">
        <ele>1126.000</ele>
      </trkpt>
      <trkpt lat="42.418560000" lon="1.920880000">
        <ele>1129.000</ele>
      </trkpt>
      <trkpt lat="42.418560000" lon="1.920880000">
        <ele>1130.000</ele>
      </trkpt>
      <trkpt lat="42.418920000" lon="1.921010000">
        <ele>1131.000</ele>
      </trkpt>
      <trkpt lat="42.420260000" lon="1.921510000">
        <ele>1133.000</ele>
      </trkpt>
      <trkpt lat="42.420560000" lon="1.921630000">
        <ele>1134.000</ele>
      </trkpt>
      <trkpt lat="42.421030000" lon="1.921800000">
        <ele>1136.000</ele>
      </trkpt>
      <trkpt lat="42.422230000" lon="1.922260000">
        <ele>1137.000</ele>
      </trkpt>
      <trkpt lat="42.422660000" lon="1.922420000">
        <ele>1138.000</ele>
      </trkpt>
      <trkpt lat="42.423460000" lon="1.922720000">
        <ele>1139.000</ele>
      </trkpt>
      <trkpt lat="42.423600000" lon="1.922770000">
        <ele>1140.000</ele>
      </trkpt>
      <trkpt lat="42.423640000" lon="1.922780000">
        <ele>1140.000</ele>
      </trkpt>
      <trkpt lat="42.424230000" lon="1.923010000">
        <ele>1140.000</ele>
      </trkpt>
      <trkpt lat="42.424680000" lon="1.923180000">
        <ele>1141.000</ele>
      </trkpt>
      <trkpt lat="42.424900000" lon="1.923250000">
        <ele>1141.000</ele>
      </trkpt>
      <trkpt lat="42.425080000" lon="1.923440000">
        <ele>1142.000</ele>
      </trkpt>
      <trkpt lat="42.425220000" lon="1.923600000">
        <ele>1142.000</ele>
      </trkpt>
      <trkpt lat="42.425280000" lon="1.923660000">
        <ele>1142.000</ele>
      </trkpt>
      <trkpt lat="42.425310000" lon="1.923720000">
        <ele>1142.000</ele>
      </trkpt>
      <trkpt lat="42.425340000" lon="1.923770000">
        <ele>1143.000</ele>
      </trkpt>
      <trkpt lat="42.425380000" lon="1.923820000">
        <ele>1143.000</ele>
      </trkpt>
      <trkpt lat="42.425430000" lon="1.923850000">
        <ele>1143.000</ele>
      </trkpt>
      <trkpt lat="42.425470000" lon="1.923970000">
        <ele>1143.000</ele>
      </trkpt>
      <trkpt lat="42.425550000" lon="1.924120000">
        <ele>1143.000</ele>
      </trkpt>
      <trkpt lat="42.425600000" lon="1.924240000">
        <ele>1143.000</ele>
      </trkpt>
      <trkpt lat="42.425650000" lon="1.924370000">
        <ele>1143.000</ele>
      </trkpt>
      <trkpt lat="42.425690000" lon="1.924760000">
        <ele>1143.000</ele>
      </trkpt>
      <trkpt lat="42.425720000" lon="1.925090000">
        <ele>1144.000</ele>
      </trkpt>
      <trkpt lat="42.425790000" lon="1.925820000">
        <ele>1144.000</ele>
      </trkpt>
      <trkpt lat="42.425820000" lon="1.926040000">
        <ele>1144.000</ele>
      </trkpt>
      <trkpt lat="42.425870000" lon="1.926240000">
        <ele>1144.000</ele>
      </trkpt>
      <trkpt lat="42.425930000" lon="1.926370000">
        <ele>1144.000</ele>
      </trkpt>
      <trkpt lat="42.426000000" lon="1.926510000">
        <ele>1144.000</ele>
      </trkpt>
      <trkpt lat="42.426100000" lon="1.926640000">
        <ele>1144.000</ele>
      </trkpt>
      <trkpt lat="42.426460000" lon="1.927150000">
        <ele>1144.000</ele>
      </trkpt>
      <trkpt lat="42.426550000" lon="1.927280000">
        <ele>1144.000</ele>
      </trkpt>
      <trkpt lat="42.426630000" lon="1.927390000">
        <ele>1145.000</ele>
      </trkpt>
      <trkpt lat="42.426710000" lon="1.927530000">
        <ele>1145.000</ele>
      </trkpt>
      <trkpt lat="42.426760000" lon="1.927660000">
        <ele>1145.000</ele>
      </trkpt>
      <trkpt lat="42.426800000" lon="1.927770000">
        <ele>1146.000</ele>
      </trkpt>
      <trkpt lat="42.426820000" lon="1.927830000">
        <ele>1146.000</ele>
      </trkpt>
      <trkpt lat="42.426830000" lon="1.927910000">
        <ele>1146.000</ele>
      </trkpt>
      <trkpt lat="42.426840000" lon="1.928020000">
        <ele>1146.000</ele>
      </trkpt>
      <trkpt lat="42.426850000" lon="1.928050000">
        <ele>1147.000</ele>
      </trkpt>
      <trkpt lat="42.426880000" lon="1.928160000">
        <ele>1147.000</ele>
      </trkpt>
      <trkpt lat="42.426930000" lon="1.928240000">
        <ele>1147.000</ele>
      </trkpt>
      <trkpt lat="42.426990000" lon="1.928320000">
        <ele>1147.000</ele>
      </trkpt>
      <trkpt lat="42.427000000" lon="1.928330000">
        <ele>1147.000</ele>
      </trkpt>
      <trkpt lat="42.427040000" lon="1.928370000">
        <ele>1148.000</ele>
      </trkpt>
      <trkpt lat="42.427090000" lon="1.928390000">
        <ele>1148.000</ele>
      </trkpt>
      <trkpt lat="42.427180000" lon="1.928500000">
        <ele>1148.000</ele>
      </trkpt>
      <trkpt lat="42.427270000" lon="1.928620000">
        <ele>1148.000</ele>
      </trkpt>
      <trkpt lat="42.427360000" lon="1.928740000">
        <ele>1149.000</ele>
      </trkpt>
      <trkpt lat="42.427560000" lon="1.929180000">
        <ele>1149.000</ele>
      </trkpt>
      <trkpt lat="42.427600000" lon="1.929270000">
        <ele>1150.000</ele>
      </trkpt>
      <trkpt lat="42.427870000" lon="1.929850000">
        <ele>1149.000</ele>
      </trkpt>
      <trkpt lat="42.428320000" lon="1.930800000">
        <ele>1148.000</ele>
      </trkpt>
      <trkpt lat="42.428610000" lon="1.931420000">
        <ele>1146.000</ele>
      </trkpt>
      <trkpt lat="42.429010000" lon="1.932190000">
        <ele>1145.000</ele>
      </trkpt>
      <trkpt lat="42.429420000" lon="1.932850000">
        <ele>1144.000</ele>
      </trkpt>
      <trkpt lat="42.429430000" lon="1.932880000">
        <ele>1144.000</ele>
      </trkpt>
      <trkpt lat="42.429680000" lon="1.933230000">
        <ele>1144.000</ele>
      </trkpt>
      <trkpt lat="42.429810000" lon="1.933370000">
        <ele>1144.000</ele>
      </trkpt>
      <trkpt lat="42.429920000" lon="1.933520000">
        <ele>1144.000</ele>
      </trkpt>
      <trkpt lat="42.430210000" lon="1.933820000">
        <ele>1144.000</ele>
      </trkpt>
      <trkpt lat="42.430680000" lon="1.934290000">
        <ele>1144.000</ele>
      </trkpt>
      <trkpt lat="42.431920000" lon="1.935320000">
        <ele>1145.000</ele>
      </trkpt>
      <trkpt lat="42.432030000" lon="1.935420000">
        <ele>1145.000</ele>
      </trkpt>
      <trkpt lat="42.432350000" lon="1.935710000">
        <ele>1146.000</ele>
      </trkpt>
      <trkpt lat="42.432520000" lon="1.935890000">
        <ele>1146.000</ele>
      </trkpt>
      <trkpt lat="42.432650000" lon="1.936010000">
        <ele>1146.000</ele>
      </trkpt>
      <trkpt lat="42.432700000" lon="1.936080000">
        <ele>1146.000</ele>
      </trkpt>
      <trkpt lat="42.432790000" lon="1.936200000">
        <ele>1145.000</ele>
      </trkpt>
      <trkpt lat="42.432910000" lon="1.936370000">
        <ele>1145.000</ele>
      </trkpt>
      <trkpt lat="42.432960000" lon="1.936460000">
        <ele>1145.000</ele>
      </trkpt>
      <trkpt lat="42.433000000" lon="1.936550000">
        <ele>1145.000</ele>
      </trkpt>
      <trkpt lat="42.433050000" lon="1.936660000">
        <ele>1145.000</ele>
      </trkpt>
      <trkpt lat="42.433050000" lon="1.936700000">
        <ele>1145.000</ele>
      </trkpt>
      <trkpt lat="42.433050000" lon="1.936740000">
        <ele>1145.000</ele>
      </trkpt>
      <trkpt lat="42.433080000" lon="1.936800000">
        <ele>1145.000</ele>
      </trkpt>
      <trkpt lat="42.433120000" lon="1.936840000">
        <ele>1145.000</ele>
      </trkpt>
      <trkpt lat="42.433150000" lon="1.936920000">
        <ele>1145.000</ele>
      </trkpt>
      <trkpt lat="42.433200000" lon="1.937000000">
        <ele>1145.000</ele>
      </trkpt>
      <trkpt lat="42.433260000" lon="1.937100000">
        <ele>1145.000</ele>
      </trkpt>
      <trkpt lat="42.433350000" lon="1.937190000">
        <ele>1145.000</ele>
      </trkpt>
      <trkpt lat="42.433720000" lon="1.937600000">
        <ele>1145.000</ele>
      </trkpt>
      <trkpt lat="42.433770000" lon="1.937650000">
        <ele>1145.000</ele>
      </trkpt>
      <trkpt lat="42.434280000" lon="1.938200000">
        <ele>1145.000</ele>
      </trkpt>
      <trkpt lat="42.434370000" lon="1.938290000">
        <ele>1145.000</ele>
      </trkpt>
      <trkpt lat="42.434440000" lon="1.938370000">
        <ele>1145.000</ele>
      </trkpt>
      <trkpt lat="42.434650000" lon="1.938600000">
        <ele>1145.000</ele>
      </trkpt>
      <trkpt lat="42.434770000" lon="1.938740000">
        <ele>1145.000</ele>
      </trkpt>
      <trkpt lat="42.435070000" lon="1.938980000">
        <ele>1145.000</ele>
      </trkpt>
      <trkpt lat="42.435620000" lon="1.939350000">
        <ele>1145.000</ele>
      </trkpt>
      <trkpt lat="42.437300000" lon="1.940460000">
        <ele>1145.000</ele>
      </trkpt>
      <trkpt lat="42.437870000" lon="1.940830000">
        <ele>1145.000</ele>
      </trkpt>
      <trkpt lat="42.438630000" lon="1.941320000">
        <ele>1146.000</ele>
      </trkpt>
      <trkpt lat="42.438970000" lon="1.941530000">
        <ele>1146.000</ele>
      </trkpt>
      <trkpt lat="42.439130000" lon="1.941590000">
        <ele>1147.000</ele>
      </trkpt>
      <trkpt lat="42.439290000" lon="1.941630000">
        <ele>1147.000</ele>
      </trkpt>
      <trkpt lat="42.439460000" lon="1.941650000">
        <ele>1148.000</ele>
      </trkpt>
      <trkpt lat="42.439680000" lon="1.941670000">
        <ele>1148.000</ele>
      </trkpt>
      <trkpt lat="42.440620000" lon="1.941720000">
        <ele>1149.000</ele>
      </trkpt>
      <trkpt lat="42.441520000" lon="1.941770000">
        <ele>1151.000</ele>
      </trkpt>
      <trkpt lat="42.441720000" lon="1.941780000">
        <ele>1152.000</ele>
      </trkpt>
      <trkpt lat="42.442950000" lon="1.941850000">
        <ele>1153.000</ele>
      </trkpt>
      <trkpt lat="42.442950000" lon="1.941850000">
        <ele>1154.000</ele>
      </trkpt>
      <trkpt lat="42.443150000" lon="1.941860000">
        <ele>1155.000</ele>
      </trkpt>
      <trkpt lat="42.443270000" lon="1.941870000">
        <ele>1155.000</ele>
      </trkpt>
      <trkpt lat="42.443440000" lon="1.941870000">
        <ele>1156.000</ele>
      </trkpt>
      <trkpt lat="42.443720000" lon="1.941890000">
        <ele>1156.000</ele>
      </trkpt>
      <trkpt lat="42.443830000" lon="1.941900000">
        <ele>1157.000</ele>
      </trkpt>
      <trkpt lat="42.443930000" lon="1.941920000">
        <ele>1157.000</ele>
      </trkpt>
      <trkpt lat="42.444010000" lon="1.941950000">
        <ele>1157.000</ele>
      </trkpt>
      <trkpt lat="42.444110000" lon="1.941980000">
        <ele>1157.000</ele>
      </trkpt>
      <trkpt lat="42.444190000" lon="1.942030000">
        <ele>1158.000</ele>
      </trkpt>
      <trkpt lat="42.444270000" lon="1.942080000">
        <ele>1158.000</ele>
      </trkpt>
      <trkpt lat="42.444350000" lon="1.942140000">
        <ele>1158.000</ele>
      </trkpt>
      <trkpt lat="42.444430000" lon="1.942210000">
        <ele>1158.000</ele>
      </trkpt>
      <trkpt lat="42.444500000" lon="1.942280000">
        <ele>1158.000</ele>
      </trkpt>
      <trkpt lat="42.444600000" lon="1.942400000">
        <ele>1159.000</ele>
      </trkpt>
      <trkpt lat="42.444750000" lon="1.942600000">
        <ele>1159.000</ele>
      </trkpt>
      <trkpt lat="42.444820000" lon="1.942710000">
        <ele>1159.000</ele>
      </trkpt>
      <trkpt lat="42.444890000" lon="1.942840000">
        <ele>1160.000</ele>
      </trkpt>
      <trkpt lat="42.444940000" lon="1.942950000">
        <ele>1160.000</ele>
      </trkpt>
      <trkpt lat="42.444980000" lon="1.943070000">
        <ele>1160.000</ele>
      </trkpt>
      <trkpt lat="42.445230000" lon="1.943840000">
        <ele>1160.000</ele>
      </trkpt>
      <trkpt lat="42.445410000" lon="1.944420000">
        <ele>1161.000</ele>
      </trkpt>
      <trkpt lat="42.445770000" lon="1.945590000">
        <ele>1162.000</ele>
      </trkpt>
      <trkpt lat="42.445820000" lon="1.945850000">
        <ele>1162.000</ele>
      </trkpt>
      <trkpt lat="42.445830000" lon="1.945940000">
        <ele>1163.000</ele>
      </trkpt>
      <trkpt lat="42.445830000" lon="1.946020000">
        <ele>1163.000</ele>
      </trkpt>
      <trkpt lat="42.445830000" lon="1.946090000">
        <ele>1163.000</ele>
      </trkpt>
      <trkpt lat="42.445820000" lon="1.946120000">
        <ele>1163.000</ele>
      </trkpt>
      <trkpt lat="42.445800000" lon="1.946160000">
        <ele>1164.000</ele>
      </trkpt>
      <trkpt lat="42.445800000" lon="1.946210000">
        <ele>1164.000</ele>
      </trkpt>
      <trkpt lat="42.445810000" lon="1.946270000">
        <ele>1164.000</ele>
      </trkpt>
      <trkpt lat="42.445830000" lon="1.946320000">
        <ele>1164.000</ele>
      </trkpt>
      <trkpt lat="42.445860000" lon="1.946360000">
        <ele>1164.000</ele>
      </trkpt>
      <trkpt lat="42.445900000" lon="1.946390000">
        <ele>1164.000</ele>
      </trkpt>
      <trkpt lat="42.445930000" lon="1.946400000">
        <ele>1164.000</ele>
      </trkpt>
      <trkpt lat="42.445980000" lon="1.946400000">
        <ele>1164.000</ele>
      </trkpt>
      <trkpt lat="42.446020000" lon="1.946370000">
        <ele>1164.000</ele>
      </trkpt>
      <trkpt lat="42.446050000" lon="1.946340000">
        <ele>1164.000</ele>
      </trkpt>
      <trkpt lat="42.446090000" lon="1.946290000">
        <ele>1164.000</ele>
      </trkpt>
      <trkpt lat="42.446100000" lon="1.946240000">
        <ele>1164.000</ele>
      </trkpt>
      <trkpt lat="42.446100000" lon="1.946180000">
        <ele>1164.000</ele>
      </trkpt>
      <trkpt lat="42.446130000" lon="1.946090000">
        <ele>1164.000</ele>
      </trkpt>
      <trkpt lat="42.446190000" lon="1.945970000">
        <ele>1164.000</ele>
      </trkpt>
      <trkpt lat="42.446260000" lon="1.945830000">
        <ele>1164.000</ele>
      </trkpt>
      <trkpt lat="42.446800000" lon="1.945030000">
        <ele>1164.000</ele>
      </trkpt>
      <trkpt lat="42.447120000" lon="1.944710000">
        <ele>1165.000</ele>
      </trkpt>
      <trkpt lat="42.447170000" lon="1.944720000">
        <ele>1165.000</ele>
      </trkpt>
      <trkpt lat="42.447220000" lon="1.944700000">
        <ele>1165.000</ele>
      </trkpt>
      <trkpt lat="42.447260000" lon="1.944670000">
        <ele>1165.000</ele>
      </trkpt>
      <trkpt lat="42.447290000" lon="1.944620000">
        <ele>1165.000</ele>
      </trkpt>
      <trkpt lat="42.447390000" lon="1.944540000">
        <ele>1166.000</ele>
      </trkpt>
      <trkpt lat="42.447690000" lon="1.944440000">
        <ele>1166.000</ele>
      </trkpt>
      <trkpt lat="42.448330000" lon="1.944330000">
        <ele>1166.000</ele>
      </trkpt>
      <trkpt lat="42.448750000" lon="1.944300000">
        <ele>1167.000</ele>
      </trkpt>
      <trkpt lat="42.449780000" lon="1.944360000">
        <ele>1168.000</ele>
      </trkpt>
      <trkpt lat="42.449980000" lon="1.944350000">
        <ele>1169.000</ele>
      </trkpt>
      <trkpt lat="42.450900000" lon="1.944300000">
        <ele>1171.000</ele>
      </trkpt>
      <trkpt lat="42.451150000" lon="1.944280000">
        <ele>1172.000</ele>
      </trkpt>
      <trkpt lat="42.451430000" lon="1.944220000">
        <ele>1173.000</ele>
      </trkpt>
      <trkpt lat="42.452180000" lon="1.943960000">
        <ele>1175.000</ele>
      </trkpt>
      <trkpt lat="42.453640000" lon="1.943470000">
        <ele>1178.000</ele>
      </trkpt>
      <trkpt lat="42.454290000" lon="1.943230000">
        <ele>1180.000</ele>
      </trkpt>
      <trkpt lat="42.454680000" lon="1.943000000">
        <ele>1182.000</ele>
      </trkpt>
      <trkpt lat="42.454870000" lon="1.942850000">
        <ele>1183.000</ele>
      </trkpt>
      <trkpt lat="42.455760000" lon="1.942200000">
        <ele>1184.000</ele>
      </trkpt>
      <trkpt lat="42.455830000" lon="1.942150000">
        <ele>1185.000</ele>
      </trkpt>
      <trkpt lat="42.456640000" lon="1.941550000">
        <ele>1186.000</ele>
      </trkpt>
      <trkpt lat="42.456880000" lon="1.941390000">
        <ele>1188.000</ele>
      </trkpt>
      <trkpt lat="42.457080000" lon="1.941270000">
        <ele>1189.000</ele>
      </trkpt>
      <trkpt lat="42.457320000" lon="1.941140000">
        <ele>1190.000</ele>
      </trkpt>
      <trkpt lat="42.457830000" lon="1.940880000">
        <ele>1191.000</ele>
      </trkpt>
      <trkpt lat="42.458470000" lon="1.940560000">
        <ele>1192.000</ele>
      </trkpt>
      <trkpt lat="42.458470000" lon="1.940560000">
        <ele>1193.000</ele>
      </trkpt>
      <trkpt lat="42.458980000" lon="1.940310000">
        <ele>1193.000</ele>
      </trkpt>
      <trkpt lat="42.459540000" lon="1.940030000">
        <ele>1194.000</ele>
      </trkpt>
      <trkpt lat="42.459570000" lon="1.940010000">
        <ele>1194.000</ele>
      </trkpt>
      <trkpt lat="42.459770000" lon="1.939910000">
        <ele>1194.000</ele>
      </trkpt>
      <trkpt lat="42.459810000" lon="1.939880000">
        <ele>1195.000</ele>
      </trkpt>
      <trkpt lat="42.459910000" lon="1.939810000">
        <ele>1195.000</ele>
      </trkpt>
      <trkpt lat="42.459940000" lon="1.939760000">
        <ele>1195.000</ele>
      </trkpt>
      <trkpt lat="42.460070000" lon="1.939600000">
        <ele>1196.000</ele>
      </trkpt>
      <trkpt lat="42.460330000" lon="1.939210000">
        <ele>1196.000</ele>
      </trkpt>
      <trkpt lat="42.460390000" lon="1.939120000">
        <ele>1197.000</ele>
      </trkpt>
      <trkpt lat="42.460860000" lon="1.938440000">
        <ele>1198.000</ele>
      </trkpt>
      <trkpt lat="42.461120000" lon="1.938050000">
        <ele>1199.000</ele>
      </trkpt>
      <trkpt lat="42.461330000" lon="1.937740000">
        <ele>1200.000</ele>
      </trkpt>
      <trkpt lat="42.461390000" lon="1.937640000">
        <ele>1201.000</ele>
      </trkpt>
      <trkpt lat="42.461420000" lon="1.937560000">
        <ele>1201.000</ele>
      </trkpt>
      <trkpt lat="42.461460000" lon="1.937440000">
        <ele>1202.000</ele>
      </trkpt>
      <trkpt lat="42.461470000" lon="1.937310000">
        <ele>1203.000</ele>
      </trkpt>
      <trkpt lat="42.461500000" lon="1.937290000">
        <ele>1203.000</ele>
      </trkpt>
      <trkpt lat="42.461610000" lon="1.937200000">
        <ele>1204.000</ele>
      </trkpt>
      <trkpt lat="42.461650000" lon="1.937130000">
        <ele>1204.000</ele>
      </trkpt>
      <trkpt lat="42.461770000" lon="1.936980000">
        <ele>1205.000</ele>
      </trkpt>
      <trkpt lat="42.461880000" lon="1.936910000">
        <ele>1205.000</ele>
      </trkpt>
      <trkpt lat="42.461920000" lon="1.936910000">
        <ele>1206.000</ele>
      </trkpt>
      <trkpt lat="42.461970000" lon="1.936890000">
        <ele>1206.000</ele>
      </trkpt>
      <trkpt lat="42.462000000" lon="1.936900000">
        <ele>1206.000</ele>
      </trkpt>
      <trkpt lat="42.462080000" lon="1.936900000">
        <ele>1207.000</ele>
      </trkpt>
      <trkpt lat="42.462160000" lon="1.936930000">
        <ele>1207.000</ele>
      </trkpt>
      <trkpt lat="42.462240000" lon="1.937020000">
        <ele>1208.000</ele>
      </trkpt>
      <trkpt lat="42.462260000" lon="1.937040000">
        <ele>1208.000</ele>
      </trkpt>
      <trkpt lat="42.462280000" lon="1.937060000">
        <ele>1208.000</ele>
      </trkpt>
      <trkpt lat="42.462380000" lon="1.937230000">
        <ele>1209.000</ele>
      </trkpt>
      <trkpt lat="42.462490000" lon="1.937480000">
        <ele>1209.000</ele>
      </trkpt>
      <trkpt lat="42.462490000" lon="1.937480000">
        <ele>1210.000</ele>
      </trkpt>
      <trkpt lat="42.462490000" lon="1.937480000">
        <ele>1210.000</ele>
      </trkpt>
      <trkpt lat="42.462550000" lon="1.937640000">
        <ele>1210.000</ele>
      </trkpt>
      <trkpt lat="42.462570000" lon="1.937680000">
        <ele>1210.000</ele>
      </trkpt>
      <trkpt lat="42.462670000" lon="1.937930000">
        <ele>1211.000</ele>
      </trkpt>
      <trkpt lat="42.462690000" lon="1.937990000">
        <ele>1211.000</ele>
      </trkpt>
      <trkpt lat="42.462810000" lon="1.938290000">
        <ele>1211.000</ele>
      </trkpt>
      <trkpt lat="42.462840000" lon="1.938360000">
        <ele>1212.000</ele>
      </trkpt>
      <trkpt lat="42.462910000" lon="1.938570000">
        <ele>1212.000</ele>
      </trkpt>
      <trkpt lat="42.463070000" lon="1.939060000">
        <ele>1213.000</ele>
      </trkpt>
      <trkpt lat="42.463080000" lon="1.939110000">
        <ele>1213.000</ele>
      </trkpt>
      <trkpt lat="42.463100000" lon="1.939210000">
        <ele>1214.000</ele>
      </trkpt>
      <trkpt lat="42.463110000" lon="1.939290000">
        <ele>1214.000</ele>
      </trkpt>
      <trkpt lat="42.463170000" lon="1.939370000">
        <ele>1214.000</ele>
      </trkpt>
      <trkpt lat="42.463280000" lon="1.939420000">
        <ele>1214.000</ele>
      </trkpt>
      <trkpt lat="42.463390000" lon="1.939370000">
        <ele>1215.000</ele>
      </trkpt>
      <trkpt lat="42.463490000" lon="1.939320000">
        <ele>1215.000</ele>
      </trkpt>
      <trkpt lat="42.463590000" lon="1.939310000">
        <ele>1215.000</ele>
      </trkpt>
      <trkpt lat="42.463710000" lon="1.939340000">
        <ele>1215.000</ele>
      </trkpt>
      <trkpt lat="42.463800000" lon="1.939340000">
        <ele>1215.000</ele>
      </trkpt>
      <trkpt lat="42.463900000" lon="1.939340000">
        <ele>1216.000</ele>
      </trkpt>
      <trkpt lat="42.464260000" lon="1.939240000">
        <ele>1216.000</ele>
      </trkpt>
      <trkpt lat="42.464410000" lon="1.939180000">
        <ele>1216.000</ele>
      </trkpt>
      <trkpt lat="42.464520000" lon="1.939170000">
        <ele>1216.000</ele>
      </trkpt>
      <trkpt lat="42.464620000" lon="1.939200000">
        <ele>1216.000</ele>
      </trkpt>
      <trkpt lat="42.464760000" lon="1.939310000">
        <ele>1216.000</ele>
      </trkpt>
      <trkpt lat="42.465030000" lon="1.939560000">
        <ele>1216.000</ele>
      </trkpt>
      <trkpt lat="42.465150000" lon="1.939680000">
        <ele>1216.000</ele>
      </trkpt>
      <trkpt lat="42.465300000" lon="1.939810000">
        <ele>1216.000</ele>
      </trkpt>
      <trkpt lat="42.465630000" lon="1.940110000">
        <ele>1217.000</ele>
      </trkpt>
      <trkpt lat="42.466010000" lon="1.940480000">
        <ele>1218.000</ele>
      </trkpt>
      <trkpt lat="42.466460000" lon="1.940890000">
        <ele>1220.000</ele>
      </trkpt>
      <trkpt lat="42.466590000" lon="1.941030000">
        <ele>1221.000</ele>
      </trkpt>
      <trkpt lat="42.466660000" lon="1.941160000">
        <ele>1223.000</ele>
      </trkpt>
      <trkpt lat="42.466830000" lon="1.941560000">
        <ele>1224.000</ele>
      </trkpt>
      <trkpt lat="42.467040000" lon="1.942090000">
        <ele>1225.000</ele>
      </trkpt>
      <trkpt lat="42.467160000" lon="1.942320000">
        <ele>1226.000</ele>
      </trkpt>
      <trkpt lat="42.467420000" lon="1.942700000">
        <ele>1227.000</ele>
      </trkpt>
      <trkpt lat="42.467620000" lon="1.943000000">
        <ele>1227.000</ele>
      </trkpt>
      <trkpt lat="42.467920000" lon="1.943410000">
        <ele>1228.000</ele>
      </trkpt>
      <trkpt lat="42.468270000" lon="1.943810000">
        <ele>1229.000</ele>
      </trkpt>
      <trkpt lat="42.468630000" lon="1.944090000">
        <ele>1230.000</ele>
      </trkpt>
      <trkpt lat="42.468800000" lon="1.944230000">
        <ele>1232.000</ele>
      </trkpt>
      <trkpt lat="42.468930000" lon="1.944400000">
        <ele>1233.000</ele>
      </trkpt>
      <trkpt lat="42.469000000" lon="1.944600000">
        <ele>1234.000</ele>
      </trkpt>
      <trkpt lat="42.469050000" lon="1.944780000">
        <ele>1235.000</ele>
      </trkpt>
      <trkpt lat="42.469140000" lon="1.945210000">
        <ele>1237.000</ele>
      </trkpt>
      <trkpt lat="42.469170000" lon="1.945380000">
        <ele>1238.000</ele>
      </trkpt>
      <trkpt lat="42.469260000" lon="1.945890000">
        <ele>1239.000</ele>
      </trkpt>
      <trkpt lat="42.469340000" lon="1.946320000">
        <ele>1241.000</ele>
      </trkpt>
      <trkpt lat="42.469430000" lon="1.946530000">
        <ele>1243.000</ele>
      </trkpt>
      <trkpt lat="42.469520000" lon="1.946700000">
        <ele>1244.000</ele>
      </trkpt>
      <trkpt lat="42.469810000" lon="1.947170000">
        <ele>1246.000</ele>
      </trkpt>
      <trkpt lat="42.469930000" lon="1.947330000">
        <ele>1248.000</ele>
      </trkpt>
      <trkpt lat="42.470060000" lon="1.947430000">
        <ele>1250.000</ele>
      </trkpt>
      <trkpt lat="42.470260000" lon="1.947560000">
        <ele>1251.000</ele>
      </trkpt>
      <trkpt lat="42.470430000" lon="1.947690000">
        <ele>1253.000</ele>
      </trkpt>
      <trkpt lat="42.470610000" lon="1.947910000">
        <ele>1254.000</ele>
      </trkpt>
      <trkpt lat="42.470800000" lon="1.948150000">
        <ele>1255.000</ele>
      </trkpt>
      <trkpt lat="42.470880000" lon="1.948330000">
        <ele>1255.000</ele>
      </trkpt>
      <trkpt lat="42.470960000" lon="1.948520000">
        <ele>1256.000</ele>
      </trkpt>
      <trkpt lat="42.471080000" lon="1.948700000">
        <ele>1256.000</ele>
      </trkpt>
      <trkpt lat="42.471190000" lon="1.948920000">
        <ele>1257.000</ele>
      </trkpt>
      <trkpt lat="42.471330000" lon="1.949300000">
        <ele>1257.000</ele>
      </trkpt>
      <trkpt lat="42.471460000" lon="1.949550000">
        <ele>1257.000</ele>
      </trkpt>
      <trkpt lat="42.471540000" lon="1.949740000">
        <ele>1258.000</ele>
      </trkpt>
      <trkpt lat="42.471630000" lon="1.950020000">
        <ele>1259.000</ele>
      </trkpt>
      <trkpt lat="42.471710000" lon="1.950170000">
        <ele>1259.000</ele>
      </trkpt>
      <trkpt lat="42.471810000" lon="1.950250000">
        <ele>1260.000</ele>
      </trkpt>
      <trkpt lat="42.471890000" lon="1.950290000">
        <ele>1261.000</ele>
      </trkpt>
      <trkpt lat="42.472060000" lon="1.950370000">
        <ele>1262.000</ele>
      </trkpt>
      <trkpt lat="42.472220000" lon="1.950470000">
        <ele>1263.000</ele>
      </trkpt>
      <trkpt lat="42.472430000" lon="1.950540000">
        <ele>1264.000</ele>
      </trkpt>
      <trkpt lat="42.472590000" lon="1.950630000">
        <ele>1265.000</ele>
      </trkpt>
      <trkpt lat="42.472850000" lon="1.950870000">
        <ele>1266.000</ele>
      </trkpt>
      <trkpt lat="42.473110000" lon="1.951140000">
        <ele>1268.000</ele>
      </trkpt>
      <trkpt lat="42.473220000" lon="1.951220000">
        <ele>1269.000</ele>
      </trkpt>
      <trkpt lat="42.473370000" lon="1.951280000">
        <ele>1271.000</ele>
      </trkpt>
      <trkpt lat="42.473470000" lon="1.951300000">
        <ele>1271.000</ele>
      </trkpt>
      <trkpt lat="42.473580000" lon="1.951290000">
        <ele>1272.000</ele>
      </trkpt>
      <trkpt lat="42.473870000" lon="1.951170000">
        <ele>1273.000</ele>
      </trkpt>
      <trkpt lat="42.474030000" lon="1.951140000">
        <ele>1274.000</ele>
      </trkpt>
      <trkpt lat="42.474190000" lon="1.951150000">
        <ele>1275.000</ele>
      </trkpt>
      <trkpt lat="42.474540000" lon="1.951160000">
        <ele>1276.000</ele>
      </trkpt>
      <trkpt lat="42.474840000" lon="1.951200000">
        <ele>1277.000</ele>
      </trkpt>
      <trkpt lat="42.475090000" lon="1.951280000">
        <ele>1278.000</ele>
      </trkpt>
      <trkpt lat="42.475440000" lon="1.951440000">
        <ele>1280.000</ele>
      </trkpt>
      <trkpt lat="42.475570000" lon="1.951490000">
        <ele>1281.000</ele>
      </trkpt>
      <trkpt lat="42.475660000" lon="1.951490000">
        <ele>1282.000</ele>
      </trkpt>
      <trkpt lat="42.475780000" lon="1.951460000">
        <ele>1283.000</ele>
      </trkpt>
      <trkpt lat="42.476150000" lon="1.951320000">
        <ele>1285.000</ele>
      </trkpt>
      <trkpt lat="42.476430000" lon="1.951180000">
        <ele>1287.000</ele>
      </trkpt>
      <trkpt lat="42.476730000" lon="1.951040000">
        <ele>1289.000</ele>
      </trkpt>
      <trkpt lat="42.476840000" lon="1.951010000">
        <ele>1290.000</ele>
      </trkpt>
      <trkpt lat="42.476900000" lon="1.951010000">
        <ele>1292.000</ele>
      </trkpt>
      <trkpt lat="42.476990000" lon="1.951030000">
        <ele>1293.000</ele>
      </trkpt>
      <trkpt lat="42.477090000" lon="1.951100000">
        <ele>1294.000</ele>
      </trkpt>
      <trkpt lat="42.477230000" lon="1.951240000">
        <ele>1295.000</ele>
      </trkpt>
      <trkpt lat="42.477240000" lon="1.951260000">
        <ele>1295.000</ele>
      </trkpt>
      <trkpt lat="42.477320000" lon="1.951390000">
        <ele>1296.000</ele>
      </trkpt>
      <trkpt lat="42.477710000" lon="1.952030000">
        <ele>1298.000</ele>
      </trkpt>
      <trkpt lat="42.477740000" lon="1.952090000">
        <ele>1300.000</ele>
      </trkpt>
      <trkpt lat="42.477880000" lon="1.952310000">
        <ele>1301.000</ele>
      </trkpt>
      <trkpt lat="42.477940000" lon="1.952410000">
        <ele>1302.000</ele>
      </trkpt>
      <trkpt lat="42.478030000" lon="1.952560000">
        <ele>1303.000</ele>
      </trkpt>
      <trkpt lat="42.478080000" lon="1.952690000">
        <ele>1304.000</ele>
      </trkpt>
      <trkpt lat="42.478140000" lon="1.952810000">
        <ele>1305.000</ele>
      </trkpt>
      <trkpt lat="42.478180000" lon="1.952850000">
        <ele>1306.000</ele>
      </trkpt>
      <trkpt lat="42.478170000" lon="1.952920000">
        <ele>1306.000</ele>
      </trkpt>
      <trkpt lat="42.478190000" lon="1.952980000">
        <ele>1306.000</ele>
      </trkpt>
      <trkpt lat="42.478200000" lon="1.952990000">
        <ele>1307.000</ele>
      </trkpt>
      <trkpt lat="42.478180000" lon="1.953190000">
        <ele>1307.000</ele>
      </trkpt>
      <trkpt lat="42.478170000" lon="1.953270000">
        <ele>1307.000</ele>
      </trkpt>
      <trkpt lat="42.478220000" lon="1.953590000">
        <ele>1307.000</ele>
      </trkpt>
      <trkpt lat="42.478220000" lon="1.953650000">
        <ele>1307.000</ele>
      </trkpt>
      <trkpt lat="42.478240000" lon="1.953820000">
        <ele>1308.000</ele>
      </trkpt>
      <trkpt lat="42.478260000" lon="1.954030000">
        <ele>1308.000</ele>
      </trkpt>
      <trkpt lat="42.478310000" lon="1.954400000">
        <ele>1308.000</ele>
      </trkpt>
      <trkpt lat="42.478370000" lon="1.954660000">
        <ele>1308.000</ele>
      </trkpt>
      <trkpt lat="42.478410000" lon="1.954760000">
        <ele>1309.000</ele>
      </trkpt>
      <trkpt lat="42.478430000" lon="1.954820000">
        <ele>1309.000</ele>
      </trkpt>
      <trkpt lat="42.478520000" lon="1.954970000">
        <ele>1309.000</ele>
      </trkpt>
      <trkpt lat="42.478670000" lon="1.955190000">
        <ele>1310.000</ele>
      </trkpt>
      <trkpt lat="42.478810000" lon="1.955390000">
        <ele>1310.000</ele>
      </trkpt>
      <trkpt lat="42.479030000" lon="1.955790000">
        <ele>1312.000</ele>
      </trkpt>
      <trkpt lat="42.479100000" lon="1.955920000">
        <ele>1312.000</ele>
      </trkpt>
      <trkpt lat="42.479140000" lon="1.956050000">
        <ele>1313.000</ele>
      </trkpt>
      <trkpt lat="42.479190000" lon="1.956190000">
        <ele>1314.000</ele>
      </trkpt>
      <trkpt lat="42.479220000" lon="1.956430000">
        <ele>1315.000</ele>
      </trkpt>
      <trkpt lat="42.479310000" lon="1.956730000">
        <ele>1316.000</ele>
      </trkpt>
      <trkpt lat="42.479470000" lon="1.957050000">
        <ele>1317.000</ele>
      </trkpt>
      <trkpt lat="42.479710000" lon="1.957420000">
        <ele>1318.000</ele>
      </trkpt>
      <trkpt lat="42.479770000" lon="1.957560000">
        <ele>1319.000</ele>
      </trkpt>
      <trkpt lat="42.480070000" lon="1.957900000">
        <ele>1321.000</ele>
      </trkpt>
      <trkpt lat="42.480400000" lon="1.958190000">
        <ele>1322.000</ele>
      </trkpt>
      <trkpt lat="42.480800000" lon="1.958430000">
        <ele>1324.000</ele>
      </trkpt>
      <trkpt lat="42.480930000" lon="1.958510000">
        <ele>1325.000</ele>
      </trkpt>
      <trkpt lat="42.481190000" lon="1.958640000">
        <ele>1326.000</ele>
      </trkpt>
      <trkpt lat="42.481560000" lon="1.958870000">
        <ele>1328.000</ele>
      </trkpt>
      <trkpt lat="42.481760000" lon="1.959050000">
        <ele>1329.000</ele>
      </trkpt>
      <trkpt lat="42.481930000" lon="1.959250000">
        <ele>1331.000</ele>
      </trkpt>
      <trkpt lat="42.481960000" lon="1.959290000">
        <ele>1332.000</ele>
      </trkpt>
      <trkpt lat="42.482120000" lon="1.959500000">
        <ele>1333.000</ele>
      </trkpt>
      <trkpt lat="42.482300000" lon="1.959720000">
        <ele>1334.000</ele>
      </trkpt>
      <trkpt lat="42.482390000" lon="1.959810000">
        <ele>1335.000</ele>
      </trkpt>
      <trkpt lat="42.482470000" lon="1.959890000">
        <ele>1336.000</ele>
      </trkpt>
      <trkpt lat="42.482630000" lon="1.959940000">
        <ele>1337.000</ele>
      </trkpt>
      <trkpt lat="42.482860000" lon="1.959950000">
        <ele>1337.000</ele>
      </trkpt>
      <trkpt lat="42.482950000" lon="1.959980000">
        <ele>1338.000</ele>
      </trkpt>
      <trkpt lat="42.482990000" lon="1.959990000">
        <ele>1338.000</ele>
      </trkpt>
      <trkpt lat="42.483080000" lon="1.960050000">
        <ele>1339.000</ele>
      </trkpt>
      <trkpt lat="42.483090000" lon="1.960050000">
        <ele>1339.000</ele>
      </trkpt>
      <trkpt lat="42.483270000" lon="1.960260000">
        <ele>1339.000</ele>
      </trkpt>
      <trkpt lat="42.483320000" lon="1.960320000">
        <ele>1340.000</ele>
      </trkpt>
      <trkpt lat="42.483680000" lon="1.960780000">
        <ele>1340.000</ele>
      </trkpt>
      <trkpt lat="42.483760000" lon="1.960900000">
        <ele>1341.000</ele>
      </trkpt>
      <trkpt lat="42.483810000" lon="1.960970000">
        <ele>1341.000</ele>
      </trkpt>
      <trkpt lat="42.483890000" lon="1.961070000">
        <ele>1342.000</ele>
      </trkpt>
      <trkpt lat="42.484400000" lon="1.961730000">
        <ele>1343.000</ele>
      </trkpt>
      <trkpt lat="42.484520000" lon="1.961880000">
        <ele>1343.000</ele>
      </trkpt>
      <trkpt lat="42.484580000" lon="1.961950000">
        <ele>1344.000</ele>
      </trkpt>
      <trkpt lat="42.484580000" lon="1.961950000">
        <ele>1344.000</ele>
      </trkpt>
      <trkpt lat="42.484950000" lon="1.962440000">
        <ele>1344.000</ele>
      </trkpt>
      <trkpt lat="42.485960000" lon="1.963750000">
        <ele>1345.000</ele>
      </trkpt>
      <trkpt lat="42.486000000" lon="1.963800000">
        <ele>1345.000</ele>
      </trkpt>
      <trkpt lat="42.486300000" lon="1.964200000">
        <ele>1345.000</ele>
      </trkpt>
      <trkpt lat="42.486380000" lon="1.964390000">
        <ele>1345.000</ele>
      </trkpt>
      <trkpt lat="42.486400000" lon="1.964520000">
        <ele>1346.000</ele>
      </trkpt>
      <trkpt lat="42.486400000" lon="1.964630000">
        <ele>1346.000</ele>
      </trkpt>
      <trkpt lat="42.486380000" lon="1.964740000">
        <ele>1346.000</ele>
      </trkpt>
      <trkpt lat="42.486350000" lon="1.964860000">
        <ele>1346.000</ele>
      </trkpt>
      <trkpt lat="42.486280000" lon="1.964990000">
        <ele>1346.000</ele>
      </trkpt>
      <trkpt lat="42.486200000" lon="1.965070000">
        <ele>1346.000</ele>
      </trkpt>
      <trkpt lat="42.485970000" lon="1.965240000">
        <ele>1346.000</ele>
      </trkpt>
      <trkpt lat="42.485920000" lon="1.965290000">
        <ele>1346.000</ele>
      </trkpt>
      <trkpt lat="42.485830000" lon="1.965360000">
        <ele>1346.000</ele>
      </trkpt>
      <trkpt lat="42.485690000" lon="1.965500000">
        <ele>1346.000</ele>
      </trkpt>
      <trkpt lat="42.485530000" lon="1.965700000">
        <ele>1347.000</ele>
      </trkpt>
      <trkpt lat="42.485300000" lon="1.966010000">
        <ele>1347.000</ele>
      </trkpt>
      <trkpt lat="42.485190000" lon="1.966140000">
        <ele>1348.000</ele>
      </trkpt>
      <trkpt lat="42.485090000" lon="1.966200000">
        <ele>1349.000</ele>
      </trkpt>
      <trkpt lat="42.484970000" lon="1.966240000">
        <ele>1349.000</ele>
      </trkpt>
      <trkpt lat="42.484850000" lon="1.966240000">
        <ele>1350.000</ele>
      </trkpt>
      <trkpt lat="42.484710000" lon="1.966200000">
        <ele>1350.000</ele>
      </trkpt>
      <trkpt lat="42.484530000" lon="1.966160000">
        <ele>1351.000</ele>
      </trkpt>
      <trkpt lat="42.484350000" lon="1.966160000">
        <ele>1351.000</ele>
      </trkpt>
      <trkpt lat="42.483910000" lon="1.966320000">
        <ele>1352.000</ele>
      </trkpt>
      <trkpt lat="42.483780000" lon="1.966340000">
        <ele>1353.000</ele>
      </trkpt>
      <trkpt lat="42.483280000" lon="1.966370000">
        <ele>1355.000</ele>
      </trkpt>
      <trkpt lat="42.483130000" lon="1.966410000">
        <ele>1357.000</ele>
      </trkpt>
      <trkpt lat="42.482780000" lon="1.966540000">
        <ele>1359.000</ele>
      </trkpt>
      <trkpt lat="42.482570000" lon="1.966570000">
        <ele>1361.000</ele>
      </trkpt>
      <trkpt lat="42.482390000" lon="1.966560000">
        <ele>1363.000</ele>
      </trkpt>
      <trkpt lat="42.481980000" lon="1.966500000">
        <ele>1365.000</ele>
      </trkpt>
      <trkpt lat="42.481860000" lon="1.966480000">
        <ele>1367.000</ele>
      </trkpt>
      <trkpt lat="42.481560000" lon="1.966400000">
        <ele>1368.000</ele>
      </trkpt>
      <trkpt lat="42.481270000" lon="1.966290000">
        <ele>1370.000</ele>
      </trkpt>
      <trkpt lat="42.480840000" lon="1.965990000">
        <ele>1371.000</ele>
      </trkpt>
      <trkpt lat="42.480710000" lon="1.965870000">
        <ele>1372.000</ele>
      </trkpt>
      <trkpt lat="42.480590000" lon="1.965730000">
        <ele>1373.000</ele>
      </trkpt>
      <trkpt lat="42.480520000" lon="1.965570000">
        <ele>1374.000</ele>
      </trkpt>
      <trkpt lat="42.480450000" lon="1.965320000">
        <ele>1375.000</ele>
      </trkpt>
      <trkpt lat="42.480380000" lon="1.965180000">
        <ele>1376.000</ele>
      </trkpt>
      <trkpt lat="42.480300000" lon="1.965100000">
        <ele>1376.000</ele>
      </trkpt>
      <trkpt lat="42.480220000" lon="1.965080000">
        <ele>1377.000</ele>
      </trkpt>
      <trkpt lat="42.480150000" lon="1.965100000">
        <ele>1377.000</ele>
      </trkpt>
      <trkpt lat="42.480090000" lon="1.965150000">
        <ele>1378.000</ele>
      </trkpt>
      <trkpt lat="42.480020000" lon="1.965250000">
        <ele>1378.000</ele>
      </trkpt>
      <trkpt lat="42.480000000" lon="1.965360000">
        <ele>1379.000</ele>
      </trkpt>
      <trkpt lat="42.480000000" lon="1.965480000">
        <ele>1379.000</ele>
      </trkpt>
      <trkpt lat="42.480070000" lon="1.965780000">
        <ele>1380.000</ele>
      </trkpt>
      <trkpt lat="42.480090000" lon="1.965960000">
        <ele>1381.000</ele>
      </trkpt>
      <trkpt lat="42.480100000" lon="1.966160000">
        <ele>1382.000</ele>
      </trkpt>
      <trkpt lat="42.480070000" lon="1.966630000">
        <ele>1383.000</ele>
      </trkpt>
      <trkpt lat="42.480080000" lon="1.966750000">
        <ele>1384.000</ele>
      </trkpt>
      <trkpt lat="42.480110000" lon="1.966860000">
        <ele>1384.000</ele>
      </trkpt>
      <trkpt lat="42.480170000" lon="1.966990000">
        <ele>1385.000</ele>
      </trkpt>
      <trkpt lat="42.481290000" lon="1.969150000">
        <ele>1390.000</ele>
      </trkpt>
      <trkpt lat="42.481380000" lon="1.969290000">
        <ele>1393.000</ele>
      </trkpt>
      <trkpt lat="42.481510000" lon="1.969420000">
        <ele>1395.000</ele>
      </trkpt>
      <trkpt lat="42.481680000" lon="1.969530000">
        <ele>1397.000</ele>
      </trkpt>
      <trkpt lat="42.482020000" lon="1.969710000">
        <ele>1400.000</ele>
      </trkpt>
      <trkpt lat="42.482220000" lon="1.969850000">
        <ele>1402.000</ele>
      </trkpt>
      <trkpt lat="42.483040000" lon="1.970730000">
        <ele>1405.000</ele>
      </trkpt>
      <trkpt lat="42.483300000" lon="1.970910000">
        <ele>1408.000</ele>
      </trkpt>
      <trkpt lat="42.483510000" lon="1.971000000">
        <ele>1410.000</ele>
      </trkpt>
      <trkpt lat="42.483780000" lon="1.971000000">
        <ele>1412.000</ele>
      </trkpt>
      <trkpt lat="42.483840000" lon="1.970990000">
        <ele>1414.000</ele>
      </trkpt>
      <trkpt lat="42.484090000" lon="1.970910000">
        <ele>1415.000</ele>
      </trkpt>
      <trkpt lat="42.485260000" lon="1.970320000">
        <ele>1418.000</ele>
      </trkpt>
      <trkpt lat="42.485480000" lon="1.970190000">
        <ele>1421.000</ele>
      </trkpt>
      <trkpt lat="42.485890000" lon="1.969860000">
        <ele>1424.000</ele>
      </trkpt>
      <trkpt lat="42.486070000" lon="1.969750000">
        <ele>1428.000</ele>
      </trkpt>
      <trkpt lat="42.486410000" lon="1.969640000">
        <ele>1431.000</ele>
      </trkpt>
      <trkpt lat="42.486850000" lon="1.969570000">
        <ele>1435.000</ele>
      </trkpt>
      <trkpt lat="42.487040000" lon="1.969580000">
        <ele>1439.000</ele>
      </trkpt>
      <trkpt lat="42.487150000" lon="1.969620000">
        <ele>1441.000</ele>
      </trkpt>
      <trkpt lat="42.487330000" lon="1.969750000">
        <ele>1443.000</ele>
      </trkpt>
      <trkpt lat="42.487440000" lon="1.969910000">
        <ele>1444.000</ele>
      </trkpt>
      <trkpt lat="42.487510000" lon="1.970070000">
        <ele>1445.000</ele>
      </trkpt>
      <trkpt lat="42.487550000" lon="1.970240000">
        <ele>1446.000</ele>
      </trkpt>
      <trkpt lat="42.487570000" lon="1.970420000">
        <ele>1447.000</ele>
      </trkpt>
      <trkpt lat="42.487610000" lon="1.970770000">
        <ele>1448.000</ele>
      </trkpt>
      <trkpt lat="42.487650000" lon="1.971040000">
        <ele>1448.000</ele>
      </trkpt>
      <trkpt lat="42.487720000" lon="1.971340000">
        <ele>1449.000</ele>
      </trkpt>
      <trkpt lat="42.487810000" lon="1.971680000">
        <ele>1450.000</ele>
      </trkpt>
      <trkpt lat="42.487960000" lon="1.972160000">
        <ele>1451.000</ele>
      </trkpt>
      <trkpt lat="42.488670000" lon="1.973950000">
        <ele>1455.000</ele>
      </trkpt>
      <trkpt lat="42.488710000" lon="1.974190000">
        <ele>1457.000</ele>
      </trkpt>
      <trkpt lat="42.488730000" lon="1.974380000">
        <ele>1459.000</ele>
      </trkpt>
      <trkpt lat="42.488730000" lon="1.974690000">
        <ele>1461.000</ele>
      </trkpt>
      <trkpt lat="42.488560000" lon="1.975810000">
        <ele>1463.000</ele>
      </trkpt>
      <trkpt lat="42.488550000" lon="1.975970000">
        <ele>1465.000</ele>
      </trkpt>
      <trkpt lat="42.488570000" lon="1.976080000">
        <ele>1467.000</ele>
      </trkpt>
      <trkpt lat="42.488600000" lon="1.976160000">
        <ele>1468.000</ele>
      </trkpt>
      <trkpt lat="42.488660000" lon="1.976220000">
        <ele>1469.000</ele>
      </trkpt>
      <trkpt lat="42.488730000" lon="1.976240000">
        <ele>1469.000</ele>
      </trkpt>
      <trkpt lat="42.488810000" lon="1.976220000">
        <ele>1470.000</ele>
      </trkpt>
      <trkpt lat="42.488880000" lon="1.976150000">
        <ele>1471.000</ele>
      </trkpt>
      <trkpt lat="42.488940000" lon="1.976020000">
        <ele>1471.000</ele>
      </trkpt>
      <trkpt lat="42.488960000" lon="1.975880000">
        <ele>1472.000</ele>
      </trkpt>
      <trkpt lat="42.488940000" lon="1.975650000">
        <ele>1473.000</ele>
      </trkpt>
      <trkpt lat="42.488940000" lon="1.975420000">
        <ele>1475.000</ele>
      </trkpt>
      <trkpt lat="42.488980000" lon="1.975290000">
        <ele>1476.000</ele>
      </trkpt>
      <trkpt lat="42.489040000" lon="1.975160000">
        <ele>1477.000</ele>
      </trkpt>
      <trkpt lat="42.489150000" lon="1.975010000">
        <ele>1478.000</ele>
      </trkpt>
      <trkpt lat="42.489320000" lon="1.974860000">
        <ele>1479.000</ele>
      </trkpt>
      <trkpt lat="42.489630000" lon="1.974670000">
        <ele>1481.000</ele>
      </trkpt>
      <trkpt lat="42.489780000" lon="1.974570000">
        <ele>1483.000</ele>
      </trkpt>
      <trkpt lat="42.489930000" lon="1.974420000">
        <ele>1485.000</ele>
      </trkpt>
      <trkpt lat="42.490090000" lon="1.974130000">
        <ele>1486.000</ele>
      </trkpt>
      <trkpt lat="42.490260000" lon="1.973680000">
        <ele>1488.000</ele>
      </trkpt>
      <trkpt lat="42.490360000" lon="1.973510000">
        <ele>1490.000</ele>
      </trkpt>
      <trkpt lat="42.490480000" lon="1.973370000">
        <ele>1491.000</ele>
      </trkpt>
      <trkpt lat="42.490710000" lon="1.973190000">
        <ele>1493.000</ele>
      </trkpt>
      <trkpt lat="42.490840000" lon="1.973130000">
        <ele>1494.000</ele>
      </trkpt>
      <trkpt lat="42.490930000" lon="1.973120000">
        <ele>1496.000</ele>
      </trkpt>
      <trkpt lat="42.491030000" lon="1.973130000">
        <ele>1497.000</ele>
      </trkpt>
      <trkpt lat="42.491170000" lon="1.973190000">
        <ele>1498.000</ele>
      </trkpt>
      <trkpt lat="42.491530000" lon="1.973420000">
        <ele>1499.000</ele>
      </trkpt>
      <trkpt lat="42.491660000" lon="1.973440000">
        <ele>1500.000</ele>
      </trkpt>
      <trkpt lat="42.491700000" lon="1.973440000">
        <ele>1501.000</ele>
      </trkpt>
      <trkpt lat="42.491820000" lon="1.973410000">
        <ele>1502.000</ele>
      </trkpt>
      <trkpt lat="42.492020000" lon="1.973290000">
        <ele>1504.000</ele>
      </trkpt>
      <trkpt lat="42.492150000" lon="1.973230000">
        <ele>1505.000</ele>
      </trkpt>
      <trkpt lat="42.492230000" lon="1.973210000">
        <ele>1506.000</ele>
      </trkpt>
      <trkpt lat="42.492300000" lon="1.973230000">
        <ele>1506.000</ele>
      </trkpt>
      <trkpt lat="42.492390000" lon="1.973260000">
        <ele>1507.000</ele>
      </trkpt>
      <trkpt lat="42.492470000" lon="1.973310000">
        <ele>1508.000</ele>
      </trkpt>
      <trkpt lat="42.492560000" lon="1.973420000">
        <ele>1509.000</ele>
      </trkpt>
      <trkpt lat="42.492630000" lon="1.973550000">
        <ele>1509.000</ele>
      </trkpt>
      <trkpt lat="42.492670000" lon="1.973660000">
        <ele>1510.000</ele>
      </trkpt>
      <trkpt lat="42.492710000" lon="1.973830000">
        <ele>1511.000</ele>
      </trkpt>
      <trkpt lat="42.492720000" lon="1.974060000">
        <ele>1512.000</ele>
      </trkpt>
      <trkpt lat="42.492720000" lon="1.975170000">
        <ele>1515.000</ele>
      </trkpt>
      <trkpt lat="42.492730000" lon="1.975550000">
        <ele>1517.000</ele>
      </trkpt>
      <trkpt lat="42.492770000" lon="1.975940000">
        <ele>1520.000</ele>
      </trkpt>
      <trkpt lat="42.492830000" lon="1.976250000">
        <ele>1522.000</ele>
      </trkpt>
      <trkpt lat="42.492940000" lon="1.976620000">
        <ele>1524.000</ele>
      </trkpt>
      <trkpt lat="42.493040000" lon="1.976880000">
        <ele>1526.000</ele>
      </trkpt>
      <trkpt lat="42.493120000" lon="1.977030000">
        <ele>1527.000</ele>
      </trkpt>
      <trkpt lat="42.493250000" lon="1.977180000">
        <ele>1528.000</ele>
      </trkpt>
      <trkpt lat="42.493360000" lon="1.977250000">
        <ele>1529.000</ele>
      </trkpt>
      <trkpt lat="42.493550000" lon="1.977330000">
        <ele>1530.000</ele>
      </trkpt>
      <trkpt lat="42.493680000" lon="1.977370000">
        <ele>1530.000</ele>
      </trkpt>
      <trkpt lat="42.493800000" lon="1.977370000">
        <ele>1531.000</ele>
      </trkpt>
      <trkpt lat="42.493870000" lon="1.977370000">
        <ele>1531.000</ele>
      </trkpt>
      <trkpt lat="42.494000000" lon="1.977330000">
        <ele>1532.000</ele>
      </trkpt>
      <trkpt lat="42.494100000" lon="1.977260000">
        <ele>1532.000</ele>
      </trkpt>
      <trkpt lat="42.494200000" lon="1.977150000">
        <ele>1533.000</ele>
      </trkpt>
      <trkpt lat="42.494300000" lon="1.977010000">
        <ele>1533.000</ele>
      </trkpt>
      <trkpt lat="42.494370000" lon="1.976900000">
        <ele>1533.000</ele>
      </trkpt>
      <trkpt lat="42.494480000" lon="1.976810000">
        <ele>1534.000</ele>
      </trkpt>
      <trkpt lat="42.494640000" lon="1.976720000">
        <ele>1534.000</ele>
      </trkpt>
      <trkpt lat="42.494730000" lon="1.976640000">
        <ele>1535.000</ele>
      </trkpt>
      <trkpt lat="42.494810000" lon="1.976550000">
        <ele>1536.000</ele>
      </trkpt>
      <trkpt lat="42.494960000" lon="1.976270000">
        <ele>1538.000</ele>
      </trkpt>
      <trkpt lat="42.495120000" lon="1.976050000">
        <ele>1539.000</ele>
      </trkpt>
      <trkpt lat="42.495420000" lon="1.975680000">
        <ele>1541.000</ele>
      </trkpt>
      <trkpt lat="42.495500000" lon="1.975610000">
        <ele>1543.000</ele>
      </trkpt>
      <trkpt lat="42.495590000" lon="1.975580000">
        <ele>1545.000</ele>
      </trkpt>
      <trkpt lat="42.495660000" lon="1.975590000">
        <ele>1546.000</ele>
      </trkpt>
      <trkpt lat="42.495710000" lon="1.975640000">
        <ele>1547.000</ele>
      </trkpt>
      <trkpt lat="42.495760000" lon="1.975710000">
        <ele>1548.000</ele>
      </trkpt>
      <trkpt lat="42.495790000" lon="1.975780000">
        <ele>1548.000</ele>
      </trkpt>
      <trkpt lat="42.495790000" lon="1.975890000">
        <ele>1549.000</ele>
      </trkpt>
      <trkpt lat="42.495760000" lon="1.976000000">
        <ele>1549.000</ele>
      </trkpt>
      <trkpt lat="42.495700000" lon="1.976100000">
        <ele>1550.000</ele>
      </trkpt>
      <trkpt lat="42.495500000" lon="1.976300000">
        <ele>1550.000</ele>
      </trkpt>
      <trkpt lat="42.495410000" lon="1.976410000">
        <ele>1550.000</ele>
      </trkpt>
      <trkpt lat="42.495340000" lon="1.976530000">
        <ele>1550.000</ele>
      </trkpt>
      <trkpt lat="42.495270000" lon="1.976700000">
        <ele>1550.000</ele>
      </trkpt>
      <trkpt lat="42.495220000" lon="1.976910000">
        <ele>1550.000</ele>
      </trkpt>
      <trkpt lat="42.495200000" lon="1.977070000">
        <ele>1550.000</ele>
      </trkpt>
      <trkpt lat="42.495190000" lon="1.977960000">
        <ele>1550.000</ele>
      </trkpt>
      <trkpt lat="42.495190000" lon="1.978830000">
        <ele>1549.000</ele>
      </trkpt>
      <trkpt lat="42.495220000" lon="1.979020000">
        <ele>1549.000</ele>
      </trkpt>
      <trkpt lat="42.495270000" lon="1.979170000">
        <ele>1549.000</ele>
      </trkpt>
      <trkpt lat="42.495320000" lon="1.979270000">
        <ele>1550.000</ele>
      </trkpt>
      <trkpt lat="42.495470000" lon="1.979470000">
        <ele>1550.000</ele>
      </trkpt>
      <trkpt lat="42.495540000" lon="1.979600000">
        <ele>1550.000</ele>
      </trkpt>
      <trkpt lat="42.495580000" lon="1.979750000">
        <ele>1551.000</ele>
      </trkpt>
      <trkpt lat="42.495600000" lon="1.979890000">
        <ele>1551.000</ele>
      </trkpt>
      <trkpt lat="42.495590000" lon="1.980070000">
        <ele>1552.000</ele>
      </trkpt>
      <trkpt lat="42.495560000" lon="1.980190000">
        <ele>1552.000</ele>
      </trkpt>
      <trkpt lat="42.495510000" lon="1.980320000">
        <ele>1553.000</ele>
      </trkpt>
      <trkpt lat="42.495330000" lon="1.980620000">
        <ele>1554.000</ele>
      </trkpt>
      <trkpt lat="42.495250000" lon="1.980810000">
        <ele>1554.000</ele>
      </trkpt>
      <trkpt lat="42.495190000" lon="1.981080000">
        <ele>1555.000</ele>
      </trkpt>
      <trkpt lat="42.495200000" lon="1.981380000">
        <ele>1556.000</ele>
      </trkpt>
      <trkpt lat="42.495330000" lon="1.981760000">
        <ele>1556.000</ele>
      </trkpt>
      <trkpt lat="42.495370000" lon="1.982160000">
        <ele>1557.000</ele>
      </trkpt>
      <trkpt lat="42.495340000" lon="1.982550000">
        <ele>1558.000</ele>
      </trkpt>
      <trkpt lat="42.495290000" lon="1.982840000">
        <ele>1558.000</ele>
      </trkpt>
      <trkpt lat="42.495220000" lon="1.983290000">
        <ele>1559.000</ele>
      </trkpt>
      <trkpt lat="42.495180000" lon="1.983720000">
        <ele>1559.000</ele>
      </trkpt>
      <trkpt lat="42.495210000" lon="1.984030000">
        <ele>1560.000</ele>
      </trkpt>
      <trkpt lat="42.495260000" lon="1.984310000">
        <ele>1561.000</ele>
      </trkpt>
      <trkpt lat="42.495340000" lon="1.984600000">
        <ele>1562.000</ele>
      </trkpt>
      <trkpt lat="42.495440000" lon="1.984840000">
        <ele>1563.000</ele>
      </trkpt>
      <trkpt lat="42.495470000" lon="1.984930000">
        <ele>1563.000</ele>
      </trkpt>
      <trkpt lat="42.495560000" lon="1.985080000">
        <ele>1564.000</ele>
      </trkpt>
      <trkpt lat="42.495820000" lon="1.985410000">
        <ele>1565.000</ele>
      </trkpt>
      <trkpt lat="42.496050000" lon="1.985700000">
        <ele>1566.000</ele>
      </trkpt>
      <trkpt lat="42.496290000" lon="1.986060000">
        <ele>1568.000</ele>
      </trkpt>
      <trkpt lat="42.496470000" lon="1.986450000">
        <ele>1569.000</ele>
      </trkpt>
      <trkpt lat="42.496570000" lon="1.986740000">
        <ele>1570.000</ele>
      </trkpt>
      <trkpt lat="42.496590000" lon="1.986960000">
        <ele>1572.000</ele>
      </trkpt>
      <trkpt lat="42.496580000" lon="1.987150000">
        <ele>1572.000</ele>
      </trkpt>
      <trkpt lat="42.496590000" lon="1.987300000">
        <ele>1573.000</ele>
      </trkpt>
      <trkpt lat="42.496620000" lon="1.987510000">
        <ele>1574.000</ele>
      </trkpt>
      <trkpt lat="42.496670000" lon="1.987730000">
        <ele>1575.000</ele>
      </trkpt>
      <trkpt lat="42.496760000" lon="1.988060000">
        <ele>1576.000</ele>
      </trkpt>
      <trkpt lat="42.496810000" lon="1.988320000">
        <ele>1576.000</ele>
      </trkpt>
      <trkpt lat="42.496850000" lon="1.988750000">
        <ele>1577.000</ele>
      </trkpt>
      <trkpt lat="42.496870000" lon="1.988920000">
        <ele>1578.000</ele>
      </trkpt>
      <trkpt lat="42.496870000" lon="1.988920000">
        <ele>1579.000</ele>
      </trkpt>
      <trkpt lat="42.496880000" lon="1.989040000">
        <ele>1579.000</ele>
      </trkpt>
      <trkpt lat="42.496940000" lon="1.989410000">
        <ele>1580.000</ele>
      </trkpt>
      <trkpt lat="42.496980000" lon="1.989590000">
        <ele>1581.000</ele>
      </trkpt>
      <trkpt lat="42.497120000" lon="1.989960000">
        <ele>1582.000</ele>
      </trkpt>
      <trkpt lat="42.497320000" lon="1.990390000">
        <ele>1583.000</ele>
      </trkpt>
      <trkpt lat="42.497520000" lon="1.990850000">
        <ele>1585.000</ele>
      </trkpt>
      <trkpt lat="42.497550000" lon="1.990950000">
        <ele>1586.000</ele>
      </trkpt>
      <trkpt lat="42.497580000" lon="1.991090000">
        <ele>1587.000</ele>
      </trkpt>
      <trkpt lat="42.497570000" lon="1.991180000">
        <ele>1587.000</ele>
      </trkpt>
      <trkpt lat="42.497590000" lon="1.991260000">
        <ele>1588.000</ele>
      </trkpt>
      <trkpt lat="42.497630000" lon="1.991320000">
        <ele>1588.000</ele>
      </trkpt>
      <trkpt lat="42.497690000" lon="1.991350000">
        <ele>1589.000</ele>
      </trkpt>
      <trkpt lat="42.497730000" lon="1.991440000">
        <ele>1589.000</ele>
      </trkpt>
      <trkpt lat="42.497770000" lon="1.991520000">
        <ele>1590.000</ele>
      </trkpt>
      <trkpt lat="42.497830000" lon="1.991660000">
        <ele>1590.000</ele>
      </trkpt>
      <trkpt lat="42.498000000" lon="1.992090000">
        <ele>1591.000</ele>
      </trkpt>
      <trkpt lat="42.498380000" lon="1.993350000">
        <ele>1593.000</ele>
      </trkpt>
      <trkpt lat="42.498500000" lon="1.993790000">
        <ele>1594.000</ele>
      </trkpt>
      <trkpt lat="42.498550000" lon="1.993950000">
        <ele>1595.000</ele>
      </trkpt>
      <trkpt lat="42.498780000" lon="1.994700000">
        <ele>1595.000</ele>
      </trkpt>
      <trkpt lat="42.498880000" lon="1.995070000">
        <ele>1596.000</ele>
      </trkpt>
      <trkpt lat="42.498920000" lon="1.995240000">
        <ele>1596.000</ele>
      </trkpt>
      <trkpt lat="42.499010000" lon="1.995790000">
        <ele>1596.000</ele>
      </trkpt>
      <trkpt lat="42.499010000" lon="1.995960000">
        <ele>1596.000</ele>
      </trkpt>
      <trkpt lat="42.499050000" lon="1.996280000">
        <ele>1597.000</ele>
      </trkpt>
      <trkpt lat="42.499090000" lon="1.996510000">
        <ele>1597.000</ele>
      </trkpt>
      <trkpt lat="42.499140000" lon="1.996770000">
        <ele>1597.000</ele>
      </trkpt>
      <trkpt lat="42.499160000" lon="1.996910000">
        <ele>1598.000</ele>
      </trkpt>
      <trkpt lat="42.499160000" lon="1.997000000">
        <ele>1598.000</ele>
      </trkpt>
      <trkpt lat="42.499180000" lon="1.997380000">
        <ele>1598.000</ele>
      </trkpt>
      <trkpt lat="42.499180000" lon="1.997570000">
        <ele>1599.000</ele>
      </trkpt>
      <trkpt lat="42.499180000" lon="1.997760000">
        <ele>1599.000</ele>
      </trkpt>
      <trkpt lat="42.499170000" lon="1.997990000">
        <ele>1599.000</ele>
      </trkpt>
      <trkpt lat="42.499150000" lon="1.998150000">
        <ele>1600.000</ele>
      </trkpt>
      <trkpt lat="42.499120000" lon="1.998270000">
        <ele>1600.000</ele>
      </trkpt>
      <trkpt lat="42.498820000" lon="1.998920000">
        <ele>1600.000</ele>
      </trkpt>
      <trkpt lat="42.498700000" lon="1.999180000">
        <ele>1601.000</ele>
      </trkpt>
      <trkpt lat="42.498540000" lon="1.999410000">
        <ele>1601.000</ele>
      </trkpt>
      <trkpt lat="42.498430000" lon="1.999560000">
        <ele>1602.000</ele>
      </trkpt>
      <trkpt lat="42.498400000" lon="1.999590000">
        <ele>1602.000</ele>
      </trkpt>
      <trkpt lat="42.498210000" lon="1.999890000">
        <ele>1603.000</ele>
      </trkpt>
      <trkpt lat="42.498100000" lon="2.000180000">
        <ele>1603.000</ele>
      </trkpt>
      <trkpt lat="42.497980000" lon="2.000670000">
        <ele>1603.000</ele>
      </trkpt>
      <trkpt lat="42.497970000" lon="2.000890000">
        <ele>1604.000</ele>
      </trkpt>
      <trkpt lat="42.497990000" lon="2.001040000">
        <ele>1605.000</ele>
      </trkpt>
      <trkpt lat="42.498040000" lon="2.001170000">
        <ele>1605.000</ele>
      </trkpt>
      <trkpt lat="42.498070000" lon="2.001250000">
        <ele>1606.000</ele>
      </trkpt>
      <trkpt lat="42.498130000" lon="2.001430000">
        <ele>1607.000</ele>
      </trkpt>
      <trkpt lat="42.498180000" lon="2.001610000">
        <ele>1607.000</ele>
      </trkpt>
      <trkpt lat="42.498270000" lon="2.002460000">
        <ele>1609.000</ele>
      </trkpt>
      <trkpt lat="42.498350000" lon="2.002910000">
        <ele>1611.000</ele>
      </trkpt>
      <trkpt lat="42.498440000" lon="2.003330000">
        <ele>1613.000</ele>
      </trkpt>
      <trkpt lat="42.498550000" lon="2.003780000">
        <ele>1614.000</ele>
      </trkpt>
      <trkpt lat="42.498580000" lon="2.003870000">
        <ele>1615.000</ele>
      </trkpt>
      <trkpt lat="42.498630000" lon="2.003990000">
        <ele>1615.000</ele>
      </trkpt>
      <trkpt lat="42.498710000" lon="2.004130000">
        <ele>1615.000</ele>
      </trkpt>
      <trkpt lat="42.498880000" lon="2.004340000">
        <ele>1615.000</ele>
      </trkpt>
      <trkpt lat="42.499010000" lon="2.004450000">
        <ele>1615.000</ele>
      </trkpt>
      <trkpt lat="42.499250000" lon="2.004670000">
        <ele>1615.000</ele>
      </trkpt>
      <trkpt lat="42.499500000" lon="2.005020000">
        <ele>1615.000</ele>
      </trkpt>
      <trkpt lat="42.499690000" lon="2.005410000">
        <ele>1615.000</ele>
      </trkpt>
      <trkpt lat="42.499790000" lon="2.005750000">
        <ele>1615.000</ele>
      </trkpt>
      <trkpt lat="42.499880000" lon="2.006120000">
        <ele>1614.000</ele>
      </trkpt>
      <trkpt lat="42.500160000" lon="2.007600000">
        <ele>1613.000</ele>
      </trkpt>
      <trkpt lat="42.500240000" lon="2.008110000">
        <ele>1611.000</ele>
      </trkpt>
      <trkpt lat="42.500320000" lon="2.008690000">
        <ele>1611.000</ele>
      </trkpt>
      <trkpt lat="42.500300000" lon="2.009250000">
        <ele>1610.000</ele>
      </trkpt>
      <trkpt lat="42.500280000" lon="2.009610000">
        <ele>1610.000</ele>
      </trkpt>
      <trkpt lat="42.500280000" lon="2.009920000">
        <ele>1610.000</ele>
      </trkpt>
      <trkpt lat="42.500300000" lon="2.010080000">
        <ele>1611.000</ele>
      </trkpt>
      <trkpt lat="42.500350000" lon="2.010280000">
        <ele>1611.000</ele>
      </trkpt>
      <trkpt lat="42.500460000" lon="2.010520000">
        <ele>1611.000</ele>
      </trkpt>
      <trkpt lat="42.500730000" lon="2.010990000">
        <ele>1612.000</ele>
      </trkpt>
      <trkpt lat="42.500840000" lon="2.011240000">
        <ele>1613.000</ele>
      </trkpt>
      <trkpt lat="42.500850000" lon="2.011410000">
        <ele>1614.000</ele>
      </trkpt>
      <trkpt lat="42.500790000" lon="2.011600000">
        <ele>1615.000</ele>
      </trkpt>
      <trkpt lat="42.500700000" lon="2.011710000">
        <ele>1615.000</ele>
      </trkpt>
      <trkpt lat="42.500580000" lon="2.011760000">
        <ele>1616.000</ele>
      </trkpt>
      <trkpt lat="42.500400000" lon="2.011720000">
        <ele>1617.000</ele>
      </trkpt>
      <trkpt lat="42.500240000" lon="2.011650000">
        <ele>1618.000</ele>
      </trkpt>
      <trkpt lat="42.500060000" lon="2.011620000">
        <ele>1618.000</ele>
      </trkpt>
      <trkpt lat="42.499970000" lon="2.011640000">
        <ele>1619.000</ele>
      </trkpt>
      <trkpt lat="42.499850000" lon="2.011710000">
        <ele>1620.000</ele>
      </trkpt>
      <trkpt lat="42.499700000" lon="2.011780000">
        <ele>1621.000</ele>
      </trkpt>
      <trkpt lat="42.499480000" lon="2.011950000">
        <ele>1622.000</ele>
      </trkpt>
      <trkpt lat="42.498940000" lon="2.012520000">
        <ele>1625.000</ele>
      </trkpt>
      <trkpt lat="42.498590000" lon="2.012740000">
        <ele>1628.000</ele>
      </trkpt>
      <trkpt lat="42.498480000" lon="2.012830000">
        <ele>1630.000</ele>
      </trkpt>
      <trkpt lat="42.498330000" lon="2.013030000">
        <ele>1632.000</ele>
      </trkpt>
      <trkpt lat="42.498140000" lon="2.013330000">
        <ele>1634.000</ele>
      </trkpt>
      <trkpt lat="42.497990000" lon="2.013500000">
        <ele>1635.000</ele>
      </trkpt>
      <trkpt lat="42.497910000" lon="2.013570000">
        <ele>1636.000</ele>
      </trkpt>
      <trkpt lat="42.497850000" lon="2.013560000">
        <ele>1637.000</ele>
      </trkpt>
      <trkpt lat="42.497800000" lon="2.013580000">
        <ele>1637.000</ele>
      </trkpt>
      <trkpt lat="42.497750000" lon="2.013620000">
        <ele>1637.000</ele>
      </trkpt>
      <trkpt lat="42.497710000" lon="2.013660000">
        <ele>1638.000</ele>
      </trkpt>
      <trkpt lat="42.497710000" lon="2.013670000">
        <ele>1638.000</ele>
      </trkpt>
      <trkpt lat="42.497670000" lon="2.013790000">
        <ele>1638.000</ele>
      </trkpt>
      <trkpt lat="42.497660000" lon="2.013870000">
        <ele>1638.000</ele>
      </trkpt>
      <trkpt lat="42.497680000" lon="2.013950000">
        <ele>1638.000</ele>
      </trkpt>
      <trkpt lat="42.497700000" lon="2.014020000">
        <ele>1639.000</ele>
      </trkpt>
      <trkpt lat="42.497740000" lon="2.014070000">
        <ele>1639.000</ele>
      </trkpt>
      <trkpt lat="42.497790000" lon="2.014110000">
        <ele>1639.000</ele>
      </trkpt>
      <trkpt lat="42.497850000" lon="2.014130000">
        <ele>1639.000</ele>
      </trkpt>
      <trkpt lat="42.497900000" lon="2.014120000">
        <ele>1639.000</ele>
      </trkpt>
      <trkpt lat="42.497980000" lon="2.014160000">
        <ele>1639.000</ele>
      </trkpt>
      <trkpt lat="42.498050000" lon="2.014260000">
        <ele>1639.000</ele>
      </trkpt>
      <trkpt lat="42.498130000" lon="2.014510000">
        <ele>1640.000</ele>
      </trkpt>
      <trkpt lat="42.498140000" lon="2.014650000">
        <ele>1640.000</ele>
      </trkpt>
      <trkpt lat="42.498140000" lon="2.014900000">
        <ele>1640.000</ele>
      </trkpt>
      <trkpt lat="42.498150000" lon="2.015070000">
        <ele>1641.000</ele>
      </trkpt>
      <trkpt lat="42.498170000" lon="2.015450000">
        <ele>1641.000</ele>
      </trkpt>
      <trkpt lat="42.498200000" lon="2.015870000">
        <ele>1642.000</ele>
      </trkpt>
      <trkpt lat="42.498410000" lon="2.017210000">
        <ele>1643.000</ele>
      </trkpt>
      <trkpt lat="42.498460000" lon="2.017400000">
        <ele>1644.000</ele>
      </trkpt>
      <trkpt lat="42.498500000" lon="2.017470000">
        <ele>1645.000</ele>
      </trkpt>
      <trkpt lat="42.498560000" lon="2.017510000">
        <ele>1646.000</ele>
      </trkpt>
      <trkpt lat="42.498680000" lon="2.017570000">
        <ele>1646.000</ele>
      </trkpt>
      <trkpt lat="42.498830000" lon="2.017590000">
        <ele>1647.000</ele>
      </trkpt>
      <trkpt lat="42.498980000" lon="2.017650000">
        <ele>1648.000</ele>
      </trkpt>
      <trkpt lat="42.499070000" lon="2.017700000">
        <ele>1648.000</ele>
      </trkpt>
      <trkpt lat="42.499140000" lon="2.017750000">
        <ele>1649.000</ele>
      </trkpt>
      <trkpt lat="42.499190000" lon="2.017810000">
        <ele>1650.000</ele>
      </trkpt>
      <trkpt lat="42.499250000" lon="2.017880000">
        <ele>1650.000</ele>
      </trkpt>
      <trkpt lat="42.499310000" lon="2.017960000">
        <ele>1650.000</ele>
      </trkpt>
      <trkpt lat="42.499410000" lon="2.018200000">
        <ele>1651.000</ele>
      </trkpt>
      <trkpt lat="42.499470000" lon="2.018370000">
        <ele>1652.000</ele>
      </trkpt>
      <trkpt lat="42.499530000" lon="2.018530000">
        <ele>1653.000</ele>
      </trkpt>
      <trkpt lat="42.499610000" lon="2.018770000">
        <ele>1653.000</ele>
      </trkpt>
      <trkpt lat="42.499680000" lon="2.019160000">
        <ele>1654.000</ele>
      </trkpt>
      <trkpt lat="42.499710000" lon="2.019310000">
        <ele>1655.000</ele>
      </trkpt>
      <trkpt lat="42.499740000" lon="2.019500000">
        <ele>1656.000</ele>
      </trkpt>
      <trkpt lat="42.499770000" lon="2.019710000">
        <ele>1657.000</ele>
      </trkpt>
      <trkpt lat="42.499820000" lon="2.019830000">
        <ele>1658.000</ele>
      </trkpt>
      <trkpt lat="42.499850000" lon="2.019890000">
        <ele>1658.000</ele>
      </trkpt>
      <trkpt lat="42.499950000" lon="2.020080000">
        <ele>1659.000</ele>
      </trkpt>
      <trkpt lat="42.500030000" lon="2.020260000">
        <ele>1660.000</ele>
      </trkpt>
      <trkpt lat="42.500170000" lon="2.020480000">
        <ele>1660.000</ele>
      </trkpt>
      <trkpt lat="42.500260000" lon="2.020650000">
        <ele>1661.000</ele>
      </trkpt>
      <trkpt lat="42.500340000" lon="2.020880000">
        <ele>1662.000</ele>
      </trkpt>
      <trkpt lat="42.500400000" lon="2.021110000">
        <ele>1663.000</ele>
      </trkpt>
      <trkpt lat="42.500460000" lon="2.021370000">
        <ele>1664.000</ele>
      </trkpt>
      <trkpt lat="42.500490000" lon="2.021630000">
        <ele>1665.000</ele>
      </trkpt>
      <trkpt lat="42.500510000" lon="2.021880000">
        <ele>1666.000</ele>
      </trkpt>
      <trkpt lat="42.500500000" lon="2.022380000">
        <ele>1667.000</ele>
      </trkpt>
      <trkpt lat="42.500490000" lon="2.022980000">
        <ele>1669.000</ele>
      </trkpt>
      <trkpt lat="42.500510000" lon="2.023250000">
        <ele>1670.000</ele>
      </trkpt>
      <trkpt lat="42.500550000" lon="2.023520000">
        <ele>1672.000</ele>
      </trkpt>
      <trkpt lat="42.500680000" lon="2.024200000">
        <ele>1674.000</ele>
      </trkpt>
      <trkpt lat="42.500900000" lon="2.025170000">
        <ele>1676.000</ele>
      </trkpt>
      <trkpt lat="42.501100000" lon="2.025780000">
        <ele>1678.000</ele>
      </trkpt>
      <trkpt lat="42.501260000" lon="2.026100000">
        <ele>1679.000</ele>
      </trkpt>
      <trkpt lat="42.501440000" lon="2.026360000">
        <ele>1680.000</ele>
      </trkpt>
      <trkpt lat="42.501920000" lon="2.026720000">
        <ele>1682.000</ele>
      </trkpt>
      <trkpt lat="42.502170000" lon="2.026830000">
        <ele>1684.000</ele>
      </trkpt>
      <trkpt lat="42.502490000" lon="2.026920000">
        <ele>1686.000</ele>
      </trkpt>
      <trkpt lat="42.502830000" lon="2.027030000">
        <ele>1689.000</ele>
      </trkpt>
      <trkpt lat="42.503080000" lon="2.027090000">
        <ele>1692.000</ele>
      </trkpt>
      <trkpt lat="42.503260000" lon="2.027120000">
        <ele>1695.000</ele>
      </trkpt>
      <trkpt lat="42.503560000" lon="2.027140000">
        <ele>1698.000</ele>
      </trkpt>
      <trkpt lat="42.503770000" lon="2.027130000">
        <ele>1701.000</ele>
      </trkpt>
      <trkpt lat="42.503900000" lon="2.027160000">
        <ele>1703.000</ele>
      </trkpt>
      <trkpt lat="42.503970000" lon="2.027200000">
        <ele>1704.000</ele>
      </trkpt>
      <trkpt lat="42.504090000" lon="2.027280000">
        <ele>1705.000</ele>
      </trkpt>
      <trkpt lat="42.504230000" lon="2.027460000">
        <ele>1706.000</ele>
      </trkpt>
      <trkpt lat="42.504410000" lon="2.027680000">
        <ele>1707.000</ele>
      </trkpt>
      <trkpt lat="42.504660000" lon="2.027900000">
        <ele>1707.000</ele>
      </trkpt>
      <trkpt lat="42.504850000" lon="2.028100000">
        <ele>1708.000</ele>
      </trkpt>
      <trkpt lat="42.504970000" lon="2.028300000">
        <ele>1708.000</ele>
      </trkpt>
      <trkpt lat="42.505050000" lon="2.028490000">
        <ele>1708.000</ele>
      </trkpt>
      <trkpt lat="42.505130000" lon="2.028650000">
        <ele>1709.000</ele>
      </trkpt>
      <trkpt lat="42.505260000" lon="2.028850000">
        <ele>1710.000</ele>
      </trkpt>
      <trkpt lat="42.505420000" lon="2.029030000">
        <ele>1711.000</ele>
      </trkpt>
      <trkpt lat="42.505540000" lon="2.029130000">
        <ele>1712.000</ele>
      </trkpt>
      <trkpt lat="42.505700000" lon="2.029210000">
        <ele>1713.000</ele>
      </trkpt>
      <trkpt lat="42.505920000" lon="2.029280000">
        <ele>1715.000</ele>
      </trkpt>
      <trkpt lat="42.506130000" lon="2.029320000">
        <ele>1716.000</ele>
      </trkpt>
      <trkpt lat="42.506320000" lon="2.029380000">
        <ele>1718.000</ele>
      </trkpt>
      <trkpt lat="42.506370000" lon="2.029410000">
        <ele>1719.000</ele>
      </trkpt>
      <trkpt lat="42.506440000" lon="2.029490000">
        <ele>1720.000</ele>
      </trkpt>
      <trkpt lat="42.506510000" lon="2.029630000">
        <ele>1722.000</ele>
      </trkpt>
      <trkpt lat="42.506560000" lon="2.029780000">
        <ele>1723.000</ele>
      </trkpt>
      <trkpt lat="42.506600000" lon="2.030030000">
        <ele>1724.000</ele>
      </trkpt>
      <trkpt lat="42.506610000" lon="2.030400000">
        <ele>1725.000</ele>
      </trkpt>
      <trkpt lat="42.506610000" lon="2.030570000">
        <ele>1726.000</ele>
      </trkpt>
      <trkpt lat="42.506600000" lon="2.030670000">
        <ele>1727.000</ele>
      </trkpt>
      <trkpt lat="42.506580000" lon="2.030710000">
        <ele>1727.000</ele>
      </trkpt>
      <trkpt lat="42.506530000" lon="2.030820000">
        <ele>1728.000</ele>
      </trkpt>
      <trkpt lat="42.506400000" lon="2.031040000">
        <ele>1728.000</ele>
      </trkpt>
      <trkpt lat="42.506320000" lon="2.031140000">
        <ele>1729.000</ele>
      </trkpt>
      <trkpt lat="42.506220000" lon="2.031250000">
        <ele>1730.000</ele>
      </trkpt>
      <trkpt lat="42.506100000" lon="2.031340000">
        <ele>1730.000</ele>
      </trkpt>
      <trkpt lat="42.505830000" lon="2.031460000">
        <ele>1731.000</ele>
      </trkpt>
      <trkpt lat="42.505720000" lon="2.031520000">
        <ele>1731.000</ele>
      </trkpt>
      <trkpt lat="42.505630000" lon="2.031600000">
        <ele>1732.000</ele>
      </trkpt>
      <trkpt lat="42.505560000" lon="2.031710000">
        <ele>1732.000</ele>
      </trkpt>
      <trkpt lat="42.505500000" lon="2.031880000">
        <ele>1733.000</ele>
      </trkpt>
      <trkpt lat="42.505480000" lon="2.032010000">
        <ele>1734.000</ele>
      </trkpt>
      <trkpt lat="42.505470000" lon="2.032140000">
        <ele>1734.000</ele>
      </trkpt>
      <trkpt lat="42.505510000" lon="2.032610000">
        <ele>1735.000</ele>
      </trkpt>
      <trkpt lat="42.505500000" lon="2.032770000">
        <ele>1736.000</ele>
      </trkpt>
      <trkpt lat="42.505440000" lon="2.033080000">
        <ele>1737.000</ele>
      </trkpt>
      <trkpt lat="42.505440000" lon="2.033080000">
        <ele>1738.000</ele>
      </trkpt>
      <trkpt lat="42.505380000" lon="2.033370000">
        <ele>1739.000</ele>
      </trkpt>
      <trkpt lat="42.505360000" lon="2.033490000">
        <ele>1740.000</ele>
      </trkpt>
      <trkpt lat="42.505360000" lon="2.033640000">
        <ele>1740.000</ele>
      </trkpt>
      <trkpt lat="42.505370000" lon="2.033810000">
        <ele>1741.000</ele>
      </trkpt>
      <trkpt lat="42.505390000" lon="2.033910000">
        <ele>1742.000</ele>
      </trkpt>
      <trkpt lat="42.505450000" lon="2.034070000">
        <ele>1742.000</ele>
      </trkpt>
      <trkpt lat="42.505510000" lon="2.034280000">
        <ele>1743.000</ele>
      </trkpt>
      <trkpt lat="42.505530000" lon="2.034360000">
        <ele>1744.000</ele>
      </trkpt>
      <trkpt lat="42.505560000" lon="2.034580000">
        <ele>1744.000</ele>
      </trkpt>
      <trkpt lat="42.505580000" lon="2.034760000">
        <ele>1745.000</ele>
      </trkpt>
      <trkpt lat="42.505570000" lon="2.034980000">
        <ele>1745.000</ele>
      </trkpt>
      <trkpt lat="42.505540000" lon="2.035170000">
        <ele>1746.000</ele>
      </trkpt>
      <trkpt lat="42.505480000" lon="2.035460000">
        <ele>1746.000</ele>
      </trkpt>
      <trkpt lat="42.505360000" lon="2.035930000">
        <ele>1747.000</ele>
      </trkpt>
      <trkpt lat="42.505340000" lon="2.035990000">
        <ele>1748.000</ele>
      </trkpt>
      <trkpt lat="42.505290000" lon="2.036170000">
        <ele>1748.000</ele>
      </trkpt>
      <trkpt lat="42.505250000" lon="2.036250000">
        <ele>1748.000</ele>
      </trkpt>
      <trkpt lat="42.505200000" lon="2.036330000">
        <ele>1749.000</ele>
      </trkpt>
      <trkpt lat="42.505150000" lon="2.036400000">
        <ele>1749.000</ele>
      </trkpt>
      <trkpt lat="42.505080000" lon="2.036470000">
        <ele>1749.000</ele>
      </trkpt>
      <trkpt lat="42.504960000" lon="2.036560000">
        <ele>1750.000</ele>
      </trkpt>
      <trkpt lat="42.504890000" lon="2.036600000">
        <ele>1750.000</ele>
      </trkpt>
      <trkpt lat="42.504800000" lon="2.036650000">
        <ele>1750.000</ele>
      </trkpt>
      <trkpt lat="42.504730000" lon="2.036690000">
        <ele>1750.000</ele>
      </trkpt>
      <trkpt lat="42.504700000" lon="2.036730000">
        <ele>1750.000</ele>
      </trkpt>
      <trkpt lat="42.504650000" lon="2.036760000">
        <ele>1750.000</ele>
      </trkpt>
      <trkpt lat="42.504620000" lon="2.036790000">
        <ele>1750.000</ele>
      </trkpt>
      <trkpt lat="42.504590000" lon="2.036830000">
        <ele>1750.000</ele>
      </trkpt>
      <trkpt lat="42.504520000" lon="2.036940000">
        <ele>1750.000</ele>
      </trkpt>
      <trkpt lat="42.504380000" lon="2.037250000">
        <ele>1749.000</ele>
      </trkpt>
      <trkpt lat="42.504260000" lon="2.037510000">
        <ele>1749.000</ele>
      </trkpt>
      <trkpt lat="42.504190000" lon="2.037650000">
        <ele>1748.000</ele>
      </trkpt>
      <trkpt lat="42.504180000" lon="2.037680000">
        <ele>1748.000</ele>
      </trkpt>
      <trkpt lat="42.504160000" lon="2.037720000">
        <ele>1748.000</ele>
      </trkpt>
      <trkpt lat="42.504140000" lon="2.037760000">
        <ele>1748.000</ele>
      </trkpt>
      <trkpt lat="42.503970000" lon="2.038140000">
        <ele>1747.000</ele>
      </trkpt>
      <trkpt lat="42.503920000" lon="2.038290000">
        <ele>1747.000</ele>
      </trkpt>
      <trkpt lat="42.503890000" lon="2.038380000">
        <ele>1747.000</ele>
      </trkpt>
      <trkpt lat="42.503820000" lon="2.038820000">
        <ele>1746.000</ele>
      </trkpt>
      <trkpt lat="42.503820000" lon="2.038850000">
        <ele>1746.000</ele>
      </trkpt>
      <trkpt lat="42.503830000" lon="2.038920000">
        <ele>1746.000</ele>
      </trkpt>
      <trkpt lat="42.503990000" lon="2.039050000">
        <ele>1746.000</ele>
      </trkpt>
      <trkpt lat="42.504130000" lon="2.039160000">
        <ele>1747.000</ele>
      </trkpt>
      <trkpt lat="42.504220000" lon="2.039230000">
        <ele>1748.000</ele>
      </trkpt>
      <trkpt lat="42.504280000" lon="2.039280000">
        <ele>1748.000</ele>
      </trkpt>
      <trkpt lat="42.504320000" lon="2.039320000">
        <ele>1749.000</ele>
      </trkpt>
      <trkpt lat="42.504390000" lon="2.039440000">
        <ele>1749.000</ele>
      </trkpt>
      <trkpt lat="42.504650000" lon="2.039870000">
        <ele>1751.000</ele>
      </trkpt>
      <trkpt lat="42.504740000" lon="2.040050000">
        <ele>1752.000</ele>
      </trkpt>
      <trkpt lat="42.504780000" lon="2.040130000">
        <ele>1753.000</ele>
      </trkpt>
      <trkpt lat="42.504790000" lon="2.040140000">
        <ele>1753.000</ele>
      </trkpt>
      <trkpt lat="42.504820000" lon="2.040190000">
        <ele>1754.000</ele>
      </trkpt>
      <trkpt lat="42.504970000" lon="2.040470000">
        <ele>1755.000</ele>
      </trkpt>
      <trkpt lat="42.505000000" lon="2.040570000">
        <ele>1756.000</ele>
      </trkpt>
      <trkpt lat="42.505000000" lon="2.040600000">
        <ele>1756.000</ele>
      </trkpt>
      <trkpt lat="42.505040000" lon="2.040950000">
        <ele>1757.000</ele>
      </trkpt>
      <trkpt lat="42.505090000" lon="2.041550000">
        <ele>1758.000</ele>
      </trkpt>
      <trkpt lat="42.505100000" lon="2.041700000">
        <ele>1758.000</ele>
      </trkpt>
      <trkpt lat="42.505120000" lon="2.041820000">
        <ele>1759.000</ele>
      </trkpt>
      <trkpt lat="42.505140000" lon="2.042090000">
        <ele>1759.000</ele>
      </trkpt>
      <trkpt lat="42.505160000" lon="2.042290000">
        <ele>1759.000</ele>
      </trkpt>
      <trkpt lat="42.505230000" lon="2.042950000">
        <ele>1760.000</ele>
      </trkpt>
      <trkpt lat="42.505250000" lon="2.043130000">
        <ele>1760.000</ele>
      </trkpt>
      <trkpt lat="42.505260000" lon="2.043250000">
        <ele>1761.000</ele>
      </trkpt>
      <trkpt lat="42.505260000" lon="2.043770000">
        <ele>1763.000</ele>
      </trkpt>
      <trkpt lat="42.505260000" lon="2.043790000">
        <ele>1764.000</ele>
      </trkpt>
      <trkpt lat="42.505250000" lon="2.043880000">
        <ele>1765.000</ele>
      </trkpt>
      <trkpt lat="42.505180000" lon="2.044230000">
        <ele>1766.000</ele>
      </trkpt>
      <trkpt lat="42.505150000" lon="2.044320000">
        <ele>1767.000</ele>
      </trkpt>
      <trkpt lat="42.505120000" lon="2.044410000">
        <ele>1768.000</ele>
      </trkpt>
      <trkpt lat="42.505090000" lon="2.044550000">
        <ele>1769.000</ele>
      </trkpt>
      <trkpt lat="42.505100000" lon="2.044690000">
        <ele>1770.000</ele>
      </trkpt>
      <trkpt lat="42.505140000" lon="2.044790000">
        <ele>1771.000</ele>
      </trkpt>
      <trkpt lat="42.505220000" lon="2.044890000">
        <ele>1772.000</ele>
      </trkpt>
      <trkpt lat="42.505300000" lon="2.044960000">
        <ele>1773.000</ele>
      </trkpt>
      <trkpt lat="42.505380000" lon="2.045030000">
        <ele>1774.000</ele>
      </trkpt>
      <trkpt lat="42.505500000" lon="2.045120000">
        <ele>1775.000</ele>
      </trkpt>
      <trkpt lat="42.505580000" lon="2.045190000">
        <ele>1776.000</ele>
      </trkpt>
      <trkpt lat="42.505670000" lon="2.045250000">
        <ele>1777.000</ele>
      </trkpt>
      <trkpt lat="42.505920000" lon="2.045430000">
        <ele>1778.000</ele>
      </trkpt>
      <trkpt lat="42.506150000" lon="2.045570000">
        <ele>1779.000</ele>
      </trkpt>
      <trkpt lat="42.506430000" lon="2.045760000">
        <ele>1780.000</ele>
      </trkpt>
      <trkpt lat="42.506820000" lon="2.046070000">
        <ele>1782.000</ele>
      </trkpt>
      <trkpt lat="42.506900000" lon="2.046120000">
        <ele>1783.000</ele>
      </trkpt>
      <trkpt lat="42.506990000" lon="2.046150000">
        <ele>1784.000</ele>
      </trkpt>
      <trkpt lat="42.507160000" lon="2.046160000">
        <ele>1785.000</ele>
      </trkpt>
      <trkpt lat="42.507260000" lon="2.046150000">
        <ele>1785.000</ele>
      </trkpt>
      <trkpt lat="42.507360000" lon="2.046130000">
        <ele>1786.000</ele>
      </trkpt>
      <trkpt lat="42.507500000" lon="2.046070000">
        <ele>1787.000</ele>
      </trkpt>
      <trkpt lat="42.507620000" lon="2.045990000">
        <ele>1788.000</ele>
      </trkpt>
      <trkpt lat="42.507750000" lon="2.045910000">
        <ele>1789.000</ele>
      </trkpt>
      <trkpt lat="42.507990000" lon="2.045810000">
        <ele>1790.000</ele>
      </trkpt>
      <trkpt lat="42.508130000" lon="2.045790000">
        <ele>1791.000</ele>
      </trkpt>
      <trkpt lat="42.508250000" lon="2.045780000">
        <ele>1792.000</ele>
      </trkpt>
      <trkpt lat="42.508410000" lon="2.045820000">
        <ele>1793.000</ele>
      </trkpt>
      <trkpt lat="42.508620000" lon="2.045890000">
        <ele>1794.000</ele>
      </trkpt>
      <trkpt lat="42.508790000" lon="2.046010000">
        <ele>1796.000</ele>
      </trkpt>
      <trkpt lat="42.508960000" lon="2.046220000">
        <ele>1797.000</ele>
      </trkpt>
      <trkpt lat="42.509140000" lon="2.046460000">
        <ele>1798.000</ele>
      </trkpt>
      <trkpt lat="42.509210000" lon="2.046550000">
        <ele>1800.000</ele>
      </trkpt>
      <trkpt lat="42.509230000" lon="2.046570000">
        <ele>1801.000</ele>
      </trkpt>
      <trkpt lat="42.509300000" lon="2.046620000">
        <ele>1802.000</ele>
      </trkpt>
      <trkpt lat="42.509400000" lon="2.046670000">
        <ele>1803.000</ele>
      </trkpt>
      <trkpt lat="42.509560000" lon="2.046720000">
        <ele>1804.000</ele>
      </trkpt>
      <trkpt lat="42.509700000" lon="2.046770000">
        <ele>1806.000</ele>
      </trkpt>
      <trkpt lat="42.509930000" lon="2.046880000">
        <ele>1808.000</ele>
      </trkpt>
      <trkpt lat="42.510080000" lon="2.046940000">
        <ele>1810.000</ele>
      </trkpt>
      <trkpt lat="42.510140000" lon="2.046950000">
        <ele>1811.000</ele>
      </trkpt>
      <trkpt lat="42.510190000" lon="2.046950000">
        <ele>1812.000</ele>
      </trkpt>
      <trkpt lat="42.510300000" lon="2.046930000">
        <ele>1813.000</ele>
      </trkpt>
      <trkpt lat="42.510440000" lon="2.046830000">
        <ele>1815.000</ele>
      </trkpt>
      <trkpt lat="42.510570000" lon="2.046660000">
        <ele>1816.000</ele>
      </trkpt>
      <trkpt lat="42.510750000" lon="2.046450000">
        <ele>1818.000</ele>
      </trkpt>
      <trkpt lat="42.510890000" lon="2.046350000">
        <ele>1820.000</ele>
      </trkpt>
      <trkpt lat="42.511290000" lon="2.046220000">
        <ele>1821.000</ele>
      </trkpt>
      <trkpt lat="42.511410000" lon="2.046210000">
        <ele>1822.000</ele>
      </trkpt>
      <trkpt lat="42.511630000" lon="2.046150000">
        <ele>1823.000</ele>
      </trkpt>
      <trkpt lat="42.511750000" lon="2.046140000">
        <ele>1824.000</ele>
      </trkpt>
      <trkpt lat="42.511820000" lon="2.046150000">
        <ele>1824.000</ele>
      </trkpt>
      <trkpt lat="42.511890000" lon="2.046170000">
        <ele>1825.000</ele>
      </trkpt>
      <trkpt lat="42.511980000" lon="2.046260000">
        <ele>1825.000</ele>
      </trkpt>
      <trkpt lat="42.512040000" lon="2.046340000">
        <ele>1825.000</ele>
      </trkpt>
      <trkpt lat="42.512050000" lon="2.046370000">
        <ele>1826.000</ele>
      </trkpt>
      <trkpt lat="42.512100000" lon="2.046490000">
        <ele>1826.000</ele>
      </trkpt>
      <trkpt lat="42.512120000" lon="2.046620000">
        <ele>1826.000</ele>
      </trkpt>
      <trkpt lat="42.512140000" lon="2.046720000">
        <ele>1826.000</ele>
      </trkpt>
      <trkpt lat="42.512120000" lon="2.046810000">
        <ele>1827.000</ele>
      </trkpt>
      <trkpt lat="42.512100000" lon="2.047000000">
        <ele>1827.000</ele>
      </trkpt>
      <trkpt lat="42.511880000" lon="2.047710000">
        <ele>1828.000</ele>
      </trkpt>
      <trkpt lat="42.511660000" lon="2.048460000">
        <ele>1830.000</ele>
      </trkpt>
      <trkpt lat="42.511570000" lon="2.048720000">
        <ele>1832.000</ele>
      </trkpt>
      <trkpt lat="42.511520000" lon="2.048920000">
        <ele>1834.000</ele>
      </trkpt>
      <trkpt lat="42.511490000" lon="2.049180000">
        <ele>1835.000</ele>
      </trkpt>
      <trkpt lat="42.511480000" lon="2.049360000">
        <ele>1836.000</ele>
      </trkpt>
      <trkpt lat="42.511500000" lon="2.049560000">
        <ele>1837.000</ele>
      </trkpt>
      <trkpt lat="42.511520000" lon="2.049710000">
        <ele>1837.000</ele>
      </trkpt>
      <trkpt lat="42.511550000" lon="2.049920000">
        <ele>1837.000</ele>
      </trkpt>
      <trkpt lat="42.511570000" lon="2.049970000">
        <ele>1838.000</ele>
      </trkpt>
      <trkpt lat="42.511590000" lon="2.050140000">
        <ele>1838.000</ele>
      </trkpt>
      <trkpt lat="42.511630000" lon="2.050280000">
        <ele>1837.000</ele>
      </trkpt>
      <trkpt lat="42.511700000" lon="2.050430000">
        <ele>1837.000</ele>
      </trkpt>
      <trkpt lat="42.511820000" lon="2.050580000">
        <ele>1837.000</ele>
      </trkpt>
      <trkpt lat="42.511820000" lon="2.050620000">
        <ele>1837.000</ele>
      </trkpt>
      <trkpt lat="42.511830000" lon="2.050650000">
        <ele>1837.000</ele>
      </trkpt>
      <trkpt lat="42.511850000" lon="2.050680000">
        <ele>1837.000</ele>
      </trkpt>
      <trkpt lat="42.511870000" lon="2.050710000">
        <ele>1837.000</ele>
      </trkpt>
      <trkpt lat="42.511890000" lon="2.050720000">
        <ele>1837.000</ele>
      </trkpt>
      <trkpt lat="42.511920000" lon="2.050720000">
        <ele>1837.000</ele>
      </trkpt>
      <trkpt lat="42.511950000" lon="2.050720000">
        <ele>1837.000</ele>
      </trkpt>
      <trkpt lat="42.512110000" lon="2.050770000">
        <ele>1837.000</ele>
      </trkpt>
      <trkpt lat="42.512210000" lon="2.050800000">
        <ele>1836.000</ele>
      </trkpt>
      <trkpt lat="42.512310000" lon="2.050820000">
        <ele>1836.000</ele>
      </trkpt>
      <trkpt lat="42.512480000" lon="2.050830000">
        <ele>1836.000</ele>
      </trkpt>
      <trkpt lat="42.512600000" lon="2.050780000">
        <ele>1836.000</ele>
      </trkpt>
      <trkpt lat="42.512800000" lon="2.050710000">
        <ele>1835.000</ele>
      </trkpt>
      <trkpt lat="42.513180000" lon="2.050470000">
        <ele>1834.000</ele>
      </trkpt>
      <trkpt lat="42.513370000" lon="2.050360000">
        <ele>1833.000</ele>
      </trkpt>
      <trkpt lat="42.513570000" lon="2.050280000">
        <ele>1832.000</ele>
      </trkpt>
      <trkpt lat="42.513770000" lon="2.050250000">
        <ele>1831.000</ele>
      </trkpt>
      <trkpt lat="42.514010000" lon="2.050270000">
        <ele>1830.000</ele>
      </trkpt>
      <trkpt lat="42.514810000" lon="2.050560000">
        <ele>1828.000</ele>
      </trkpt>
      <trkpt lat="42.515040000" lon="2.050710000">
        <ele>1826.000</ele>
      </trkpt>
      <trkpt lat="42.515170000" lon="2.050910000">
        <ele>1825.000</ele>
      </trkpt>
      <trkpt lat="42.515290000" lon="2.051190000">
        <ele>1823.000</ele>
      </trkpt>
      <trkpt lat="42.515300000" lon="2.051270000">
        <ele>1823.000</ele>
      </trkpt>
      <trkpt lat="42.515330000" lon="2.051480000">
        <ele>1822.000</ele>
      </trkpt>
      <trkpt lat="42.515360000" lon="2.051860000">
        <ele>1821.000</ele>
      </trkpt>
      <trkpt lat="42.515350000" lon="2.052150000">
        <ele>1820.000</ele>
      </trkpt>
      <trkpt lat="42.515330000" lon="2.052350000">
        <ele>1819.000</ele>
      </trkpt>
      <trkpt lat="42.515220000" lon="2.052800000">
        <ele>1818.000</ele>
      </trkpt>
      <trkpt lat="42.515170000" lon="2.053090000">
        <ele>1817.000</ele>
      </trkpt>
      <trkpt lat="42.515190000" lon="2.053470000">
        <ele>1816.000</ele>
      </trkpt>
      <trkpt lat="42.515230000" lon="2.053790000">
        <ele>1815.000</ele>
      </trkpt>
      <trkpt lat="42.515270000" lon="2.054180000">
        <ele>1814.000</ele>
      </trkpt>
      <trkpt lat="42.515300000" lon="2.054490000">
        <ele>1812.000</ele>
      </trkpt>
      <trkpt lat="42.515320000" lon="2.054970000">
        <ele>1811.000</ele>
      </trkpt>
      <trkpt lat="42.515290000" lon="2.055380000">
        <ele>1809.000</ele>
      </trkpt>
      <trkpt lat="42.515090000" lon="2.056350000">
        <ele>1807.000</ele>
      </trkpt>
      <trkpt lat="42.514920000" lon="2.057140000">
        <ele>1805.000</ele>
      </trkpt>
      <trkpt lat="42.514880000" lon="2.057420000">
        <ele>1803.000</ele>
      </trkpt>
      <trkpt lat="42.514860000" lon="2.057560000">
        <ele>1802.000</ele>
      </trkpt>
      <trkpt lat="42.514860000" lon="2.057560000">
        <ele>1801.000</ele>
      </trkpt>
      <trkpt lat="42.514810000" lon="2.058000000">
        <ele>1800.000</ele>
      </trkpt>
      <trkpt lat="42.514700000" lon="2.058990000">
        <ele>1798.000</ele>
      </trkpt>
      <trkpt lat="42.514650000" lon="2.059470000">
        <ele>1795.000</ele>
      </trkpt>
      <trkpt lat="42.514580000" lon="2.059760000">
        <ele>1793.000</ele>
      </trkpt>
      <trkpt lat="42.514550000" lon="2.059870000">
        <ele>1792.000</ele>
      </trkpt>
      <trkpt lat="42.514510000" lon="2.059890000">
        <ele>1791.000</ele>
      </trkpt>
      <trkpt lat="42.514490000" lon="2.059930000">
        <ele>1790.000</ele>
      </trkpt>
      <trkpt lat="42.514460000" lon="2.059970000">
        <ele>1790.000</ele>
      </trkpt>
      <trkpt lat="42.514450000" lon="2.060010000">
        <ele>1789.000</ele>
      </trkpt>
      <trkpt lat="42.514440000" lon="2.060080000">
        <ele>1789.000</ele>
      </trkpt>
      <trkpt lat="42.514460000" lon="2.060140000">
        <ele>1788.000</ele>
      </trkpt>
      <trkpt lat="42.514480000" lon="2.060200000">
        <ele>1788.000</ele>
      </trkpt>
      <trkpt lat="42.514520000" lon="2.060230000">
        <ele>1788.000</ele>
      </trkpt>
      <trkpt lat="42.514530000" lon="2.060380000">
        <ele>1787.000</ele>
      </trkpt>
      <trkpt lat="42.514540000" lon="2.060610000">
        <ele>1787.000</ele>
      </trkpt>
      <trkpt lat="42.514520000" lon="2.060860000">
        <ele>1787.000</ele>
      </trkpt>
      <trkpt lat="42.514490000" lon="2.061090000">
        <ele>1787.000</ele>
      </trkpt>
      <trkpt lat="42.514460000" lon="2.061310000">
        <ele>1786.000</ele>
      </trkpt>
      <trkpt lat="42.514430000" lon="2.061460000">
        <ele>1786.000</ele>
      </trkpt>
      <trkpt lat="42.514360000" lon="2.061770000">
        <ele>1786.000</ele>
      </trkpt>
      <trkpt lat="42.514290000" lon="2.062000000">
        <ele>1786.000</ele>
      </trkpt>
      <trkpt lat="42.514190000" lon="2.062310000">
        <ele>1786.000</ele>
      </trkpt>
      <trkpt lat="42.514050000" lon="2.062860000">
        <ele>1786.000</ele>
      </trkpt>
      <trkpt lat="42.513950000" lon="2.063270000">
        <ele>1785.000</ele>
      </trkpt>
      <trkpt lat="42.513910000" lon="2.063380000">
        <ele>1784.000</ele>
      </trkpt>
      <trkpt lat="42.513890000" lon="2.063480000">
        <ele>1783.000</ele>
      </trkpt>
      <trkpt lat="42.513860000" lon="2.063640000">
        <ele>1782.000</ele>
      </trkpt>
      <trkpt lat="42.513840000" lon="2.063840000">
        <ele>1781.000</ele>
      </trkpt>
      <trkpt lat="42.513850000" lon="2.064070000">
        <ele>1779.000</ele>
      </trkpt>
      <trkpt lat="42.513870000" lon="2.064290000">
        <ele>1778.000</ele>
      </trkpt>
      <trkpt lat="42.513910000" lon="2.064460000">
        <ele>1777.000</ele>
      </trkpt>
      <trkpt lat="42.513970000" lon="2.064640000">
        <ele>1775.000</ele>
      </trkpt>
      <trkpt lat="42.514040000" lon="2.064790000">
        <ele>1774.000</ele>
      </trkpt>
      <trkpt lat="42.514180000" lon="2.065020000">
        <ele>1772.000</ele>
      </trkpt>
      <trkpt lat="42.514250000" lon="2.065100000">
        <ele>1771.000</ele>
      </trkpt>
      <trkpt lat="42.514380000" lon="2.065230000">
        <ele>1770.000</ele>
      </trkpt>
      <trkpt lat="42.514520000" lon="2.065360000">
        <ele>1768.000</ele>
      </trkpt>
      <trkpt lat="42.514840000" lon="2.065630000">
        <ele>1766.000</ele>
      </trkpt>
      <trkpt lat="42.515020000" lon="2.065780000">
        <ele>1764.000</ele>
      </trkpt>
      <trkpt lat="42.515220000" lon="2.065960000">
        <ele>1762.000</ele>
      </trkpt>
      <trkpt lat="42.515390000" lon="2.066210000">
        <ele>1760.000</ele>
      </trkpt>
      <trkpt lat="42.515520000" lon="2.066460000">
        <ele>1758.000</ele>
      </trkpt>
      <trkpt lat="42.515600000" lon="2.066820000">
        <ele>1756.000</ele>
      </trkpt>
      <trkpt lat="42.515620000" lon="2.067110000">
        <ele>1754.000</ele>
      </trkpt>
      <trkpt lat="42.515610000" lon="2.067370000">
        <ele>1752.000</ele>
      </trkpt>
      <trkpt lat="42.515600000" lon="2.067760000">
        <ele>1751.000</ele>
      </trkpt>
      <trkpt lat="42.515560000" lon="2.068350000">
        <ele>1749.000</ele>
      </trkpt>
      <trkpt lat="42.515490000" lon="2.069480000">
        <ele>1746.000</ele>
      </trkpt>
      <trkpt lat="42.515460000" lon="2.069960000">
        <ele>1743.000</ele>
      </trkpt>
      <trkpt lat="42.515420000" lon="2.070300000">
        <ele>1742.000</ele>
      </trkpt>
      <trkpt lat="42.515380000" lon="2.070570000">
        <ele>1740.000</ele>
      </trkpt>
      <trkpt lat="42.515310000" lon="2.070850000">
        <ele>1739.000</ele>
      </trkpt>
      <trkpt lat="42.515200000" lon="2.071150000">
        <ele>1739.000</ele>
      </trkpt>
      <trkpt lat="42.515080000" lon="2.071440000">
        <ele>1738.000</ele>
      </trkpt>
      <trkpt lat="42.514900000" lon="2.071910000">
        <ele>1737.000</ele>
      </trkpt>
      <trkpt lat="42.514810000" lon="2.072220000">
        <ele>1736.000</ele>
      </trkpt>
      <trkpt lat="42.514770000" lon="2.072500000">
        <ele>1735.000</ele>
      </trkpt>
      <trkpt lat="42.514760000" lon="2.072740000">
        <ele>1735.000</ele>
      </trkpt>
      <trkpt lat="42.514780000" lon="2.072950000">
        <ele>1734.000</ele>
      </trkpt>
      <trkpt lat="42.514810000" lon="2.073150000">
        <ele>1734.000</ele>
      </trkpt>
      <trkpt lat="42.514850000" lon="2.073330000">
        <ele>1733.000</ele>
      </trkpt>
      <trkpt lat="42.514980000" lon="2.073700000">
        <ele>1732.000</ele>
      </trkpt>
      <trkpt lat="42.515080000" lon="2.074070000">
        <ele>1732.000</ele>
      </trkpt>
      <trkpt lat="42.515130000" lon="2.074230000">
        <ele>1731.000</ele>
      </trkpt>
      <trkpt lat="42.515180000" lon="2.074480000">
        <ele>1730.000</ele>
      </trkpt>
      <trkpt lat="42.515210000" lon="2.074770000">
        <ele>1730.000</ele>
      </trkpt>
      <trkpt lat="42.515240000" lon="2.075220000">
        <ele>1730.000</ele>
      </trkpt>
      <trkpt lat="42.515250000" lon="2.075480000">
        <ele>1730.000</ele>
      </trkpt>
      <trkpt lat="42.515270000" lon="2.075800000">
        <ele>1730.000</ele>
      </trkpt>
      <trkpt lat="42.515260000" lon="2.075960000">
        <ele>1730.000</ele>
      </trkpt>
      <trkpt lat="42.515230000" lon="2.076130000">
        <ele>1730.000</ele>
      </trkpt>
      <trkpt lat="42.515190000" lon="2.076270000">
        <ele>1730.000</ele>
      </trkpt>
      <trkpt lat="42.515110000" lon="2.076450000">
        <ele>1730.000</ele>
      </trkpt>
      <trkpt lat="42.514880000" lon="2.076840000">
        <ele>1730.000</ele>
      </trkpt>
      <trkpt lat="42.514680000" lon="2.077140000">
        <ele>1730.000</ele>
      </trkpt>
      <trkpt lat="42.514450000" lon="2.077500000">
        <ele>1730.000</ele>
      </trkpt>
      <trkpt lat="42.514260000" lon="2.077860000">
        <ele>1730.000</ele>
      </trkpt>
      <trkpt lat="42.513950000" lon="2.078510000">
        <ele>1731.000</ele>
      </trkpt>
      <trkpt lat="42.513600000" lon="2.079200000">
        <ele>1731.000</ele>
      </trkpt>
      <trkpt lat="42.513450000" lon="2.079520000">
        <ele>1731.000</ele>
      </trkpt>
      <trkpt lat="42.513290000" lon="2.079830000">
        <ele>1730.000</ele>
      </trkpt>
      <trkpt lat="42.513040000" lon="2.080390000">
        <ele>1727.000</ele>
      </trkpt>
      <trkpt lat="42.512810000" lon="2.080940000">
        <ele>1724.000</ele>
      </trkpt>
      <trkpt lat="42.512570000" lon="2.081560000">
        <ele>1720.000</ele>
      </trkpt>
      <trkpt lat="42.512320000" lon="2.082230000">
        <ele>1717.000</ele>
      </trkpt>
      <trkpt lat="42.512000000" lon="2.083100000">
        <ele>1714.000</ele>
      </trkpt>
      <trkpt lat="42.511850000" lon="2.083460000">
        <ele>1712.000</ele>
      </trkpt>
      <trkpt lat="42.511690000" lon="2.083840000">
        <ele>1711.000</ele>
      </trkpt>
      <trkpt lat="42.511660000" lon="2.083900000">
        <ele>1710.000</ele>
      </trkpt>
      <trkpt lat="42.511550000" lon="2.084130000">
        <ele>1708.000</ele>
      </trkpt>
      <trkpt lat="42.511430000" lon="2.084390000">
        <ele>1707.000</ele>
      </trkpt>
      <trkpt lat="42.511360000" lon="2.084560000">
        <ele>1706.000</ele>
      </trkpt>
      <trkpt lat="42.511290000" lon="2.084740000">
        <ele>1705.000</ele>
      </trkpt>
      <trkpt lat="42.511240000" lon="2.084910000">
        <ele>1704.000</ele>
      </trkpt>
      <trkpt lat="42.511190000" lon="2.085160000">
        <ele>1703.000</ele>
      </trkpt>
      <trkpt lat="42.511160000" lon="2.085410000">
        <ele>1702.000</ele>
      </trkpt>
      <trkpt lat="42.511150000" lon="2.085610000">
        <ele>1701.000</ele>
      </trkpt>
      <trkpt lat="42.511160000" lon="2.085900000">
        <ele>1700.000</ele>
      </trkpt>
      <trkpt lat="42.511180000" lon="2.086300000">
        <ele>1698.000</ele>
      </trkpt>
      <trkpt lat="42.511220000" lon="2.086810000">
        <ele>1697.000</ele>
      </trkpt>
      <trkpt lat="42.511270000" lon="2.087600000">
        <ele>1694.000</ele>
      </trkpt>
      <trkpt lat="42.511290000" lon="2.087860000">
        <ele>1693.000</ele>
      </trkpt>
      <trkpt lat="42.511300000" lon="2.088080000">
        <ele>1691.000</ele>
      </trkpt>
      <trkpt lat="42.511290000" lon="2.088290000">
        <ele>1690.000</ele>
      </trkpt>
      <trkpt lat="42.511280000" lon="2.088500000">
        <ele>1689.000</ele>
      </trkpt>
      <trkpt lat="42.511240000" lon="2.088760000">
        <ele>1688.000</ele>
      </trkpt>
      <trkpt lat="42.511180000" lon="2.089090000">
        <ele>1687.000</ele>
      </trkpt>
      <trkpt lat="42.511140000" lon="2.089320000">
        <ele>1686.000</ele>
      </trkpt>
      <trkpt lat="42.511110000" lon="2.089620000">
        <ele>1685.000</ele>
      </trkpt>
      <trkpt lat="42.511090000" lon="2.089850000">
        <ele>1684.000</ele>
      </trkpt>
      <trkpt lat="42.511090000" lon="2.090180000">
        <ele>1683.000</ele>
      </trkpt>
      <trkpt lat="42.511090000" lon="2.090500000">
        <ele>1682.000</ele>
      </trkpt>
      <trkpt lat="42.511120000" lon="2.090880000">
        <ele>1681.000</ele>
      </trkpt>
      <trkpt lat="42.511140000" lon="2.091320000">
        <ele>1680.000</ele>
      </trkpt>
      <trkpt lat="42.511130000" lon="2.091460000">
        <ele>1679.000</ele>
      </trkpt>
      <trkpt lat="42.511110000" lon="2.091650000">
        <ele>1678.000</ele>
      </trkpt>
      <trkpt lat="42.511050000" lon="2.092050000">
        <ele>1678.000</ele>
      </trkpt>
      <trkpt lat="42.510990000" lon="2.092470000">
        <ele>1677.000</ele>
      </trkpt>
      <trkpt lat="42.510970000" lon="2.092780000">
        <ele>1676.000</ele>
      </trkpt>
      <trkpt lat="42.510950000" lon="2.093140000">
        <ele>1676.000</ele>
      </trkpt>
      <trkpt lat="42.510940000" lon="2.093670000">
        <ele>1675.000</ele>
      </trkpt>
      <trkpt lat="42.510910000" lon="2.094380000">
        <ele>1674.000</ele>
      </trkpt>
      <trkpt lat="42.510910000" lon="2.094700000">
        <ele>1674.000</ele>
      </trkpt>
      <trkpt lat="42.510910000" lon="2.094870000">
        <ele>1673.000</ele>
      </trkpt>
      <trkpt lat="42.510920000" lon="2.095110000">
        <ele>1673.000</ele>
      </trkpt>
      <trkpt lat="42.510940000" lon="2.095370000">
        <ele>1672.000</ele>
      </trkpt>
      <trkpt lat="42.510970000" lon="2.095620000">
        <ele>1672.000</ele>
      </trkpt>
      <trkpt lat="42.511000000" lon="2.095850000">
        <ele>1672.000</ele>
      </trkpt>
      <trkpt lat="42.511090000" lon="2.096250000">
        <ele>1672.000</ele>
      </trkpt>
      <trkpt lat="42.511180000" lon="2.096640000">
        <ele>1671.000</ele>
      </trkpt>
      <trkpt lat="42.511250000" lon="2.096910000">
        <ele>1671.000</ele>
      </trkpt>
      <trkpt lat="42.511370000" lon="2.097350000">
        <ele>1670.000</ele>
      </trkpt>
      <trkpt lat="42.511480000" lon="2.097710000">
        <ele>1669.000</ele>
      </trkpt>
      <trkpt lat="42.511590000" lon="2.098000000">
        <ele>1668.000</ele>
      </trkpt>
      <trkpt lat="42.511780000" lon="2.098440000">
        <ele>1666.000</ele>
      </trkpt>
      <trkpt lat="42.511880000" lon="2.098670000">
        <ele>1665.000</ele>
      </trkpt>
      <trkpt lat="42.511970000" lon="2.098970000">
        <ele>1663.000</ele>
      </trkpt>
      <trkpt lat="42.512020000" lon="2.099160000">
        <ele>1662.000</ele>
      </trkpt>
      <trkpt lat="42.512040000" lon="2.099380000">
        <ele>1661.000</ele>
      </trkpt>
      <trkpt lat="42.512060000" lon="2.099760000">
        <ele>1660.000</ele>
      </trkpt>
      <trkpt lat="42.512080000" lon="2.100130000">
        <ele>1660.000</ele>
      </trkpt>
      <trkpt lat="42.512110000" lon="2.100380000">
        <ele>1659.000</ele>
      </trkpt>
      <trkpt lat="42.512170000" lon="2.100670000">
        <ele>1658.000</ele>
      </trkpt>
      <trkpt lat="42.512300000" lon="2.101020000">
        <ele>1658.000</ele>
      </trkpt>
      <trkpt lat="42.512490000" lon="2.101410000">
        <ele>1657.000</ele>
      </trkpt>
      <trkpt lat="42.512720000" lon="2.101810000">
        <ele>1657.000</ele>
      </trkpt>
      <trkpt lat="42.512830000" lon="2.102160000">
        <ele>1656.000</ele>
      </trkpt>
      <trkpt lat="42.512900000" lon="2.102420000">
        <ele>1655.000</ele>
      </trkpt>
      <trkpt lat="42.512950000" lon="2.102790000">
        <ele>1654.000</ele>
      </trkpt>
      <trkpt lat="42.513020000" lon="2.103160000">
        <ele>1653.000</ele>
      </trkpt>
      <trkpt lat="42.513090000" lon="2.103650000">
        <ele>1651.000</ele>
      </trkpt>
      <trkpt lat="42.513130000" lon="2.103840000">
        <ele>1650.000</ele>
      </trkpt>
      <trkpt lat="42.513230000" lon="2.104450000">
        <ele>1649.000</ele>
      </trkpt>
      <trkpt lat="42.513310000" lon="2.104820000">
        <ele>1648.000</ele>
      </trkpt>
      <trkpt lat="42.513410000" lon="2.105180000">
        <ele>1647.000</ele>
      </trkpt>
      <trkpt lat="42.513530000" lon="2.105430000">
        <ele>1647.000</ele>
      </trkpt>
      <trkpt lat="42.513620000" lon="2.105670000">
        <ele>1647.000</ele>
      </trkpt>
      <trkpt lat="42.513650000" lon="2.105750000">
        <ele>1647.000</ele>
      </trkpt>
      <trkpt lat="42.513650000" lon="2.105750000">
        <ele>1647.000</ele>
      </trkpt>
      <trkpt lat="42.513760000" lon="2.106030000">
        <ele>1647.000</ele>
      </trkpt>
      <trkpt lat="42.513960000" lon="2.106500000">
        <ele>1647.000</ele>
      </trkpt>
      <trkpt lat="42.514130000" lon="2.106860000">
        <ele>1647.000</ele>
      </trkpt>
      <trkpt lat="42.514250000" lon="2.107140000">
        <ele>1647.000</ele>
      </trkpt>
      <trkpt lat="42.514340000" lon="2.107360000">
        <ele>1647.000</ele>
      </trkpt>
      <trkpt lat="42.514370000" lon="2.107510000">
        <ele>1647.000</ele>
      </trkpt>
      <trkpt lat="42.514380000" lon="2.107700000">
        <ele>1647.000</ele>
      </trkpt>
      <trkpt lat="42.514360000" lon="2.107840000">
        <ele>1647.000</ele>
      </trkpt>
      <trkpt lat="42.514340000" lon="2.107950000">
        <ele>1646.000</ele>
      </trkpt>
      <trkpt lat="42.514310000" lon="2.108080000">
        <ele>1646.000</ele>
      </trkpt>
      <trkpt lat="42.514250000" lon="2.108200000">
        <ele>1646.000</ele>
      </trkpt>
      <trkpt lat="42.514200000" lon="2.108320000">
        <ele>1646.000</ele>
      </trkpt>
      <trkpt lat="42.514110000" lon="2.108440000">
        <ele>1646.000</ele>
      </trkpt>
      <trkpt lat="42.513980000" lon="2.108600000">
        <ele>1646.000</ele>
      </trkpt>
      <trkpt lat="42.513820000" lon="2.108850000">
        <ele>1645.000</ele>
      </trkpt>
      <trkpt lat="42.513650000" lon="2.109090000">
        <ele>1645.000</ele>
      </trkpt>
      <trkpt lat="42.513510000" lon="2.109290000">
        <ele>1644.000</ele>
      </trkpt>
      <trkpt lat="42.513400000" lon="2.109490000">
        <ele>1643.000</ele>
      </trkpt>
      <trkpt lat="42.513290000" lon="2.109750000">
        <ele>1641.000</ele>
      </trkpt>
      <trkpt lat="42.513230000" lon="2.109870000">
        <ele>1639.000</ele>
      </trkpt>
      <trkpt lat="42.513160000" lon="2.109960000">
        <ele>1638.000</ele>
      </trkpt>
      <trkpt lat="42.513070000" lon="2.110020000">
        <ele>1637.000</ele>
      </trkpt>
      <trkpt lat="42.512980000" lon="2.110050000">
        <ele>1635.000</ele>
      </trkpt>
      <trkpt lat="42.512890000" lon="2.110070000">
        <ele>1634.000</ele>
      </trkpt>
      <trkpt lat="42.512620000" lon="2.110100000">
        <ele>1632.000</ele>
      </trkpt>
      <trkpt lat="42.512490000" lon="2.110120000">
        <ele>1631.000</ele>
      </trkpt>
      <trkpt lat="42.512400000" lon="2.110160000">
        <ele>1629.000</ele>
      </trkpt>
      <trkpt lat="42.512300000" lon="2.110220000">
        <ele>1628.000</ele>
      </trkpt>
      <trkpt lat="42.512210000" lon="2.110320000">
        <ele>1626.000</ele>
      </trkpt>
      <trkpt lat="42.512140000" lon="2.110440000">
        <ele>1625.000</ele>
      </trkpt>
      <trkpt lat="42.512070000" lon="2.110630000">
        <ele>1624.000</ele>
      </trkpt>
      <trkpt lat="42.512010000" lon="2.110920000">
        <ele>1622.000</ele>
      </trkpt>
      <trkpt lat="42.511950000" lon="2.111260000">
        <ele>1620.000</ele>
      </trkpt>
      <trkpt lat="42.511860000" lon="2.111750000">
        <ele>1618.000</ele>
      </trkpt>
      <trkpt lat="42.511800000" lon="2.112060000">
        <ele>1616.000</ele>
      </trkpt>
      <trkpt lat="42.511680000" lon="2.112530000">
        <ele>1613.000</ele>
      </trkpt>
      <trkpt lat="42.511630000" lon="2.112820000">
        <ele>1610.000</ele>
      </trkpt>
      <trkpt lat="42.511590000" lon="2.112960000">
        <ele>1609.000</ele>
      </trkpt>
      <trkpt lat="42.511500000" lon="2.113340000">
        <ele>1607.000</ele>
      </trkpt>
      <trkpt lat="42.511440000" lon="2.113480000">
        <ele>1605.000</ele>
      </trkpt>
      <trkpt lat="42.511380000" lon="2.113610000">
        <ele>1604.000</ele>
      </trkpt>
      <trkpt lat="42.511290000" lon="2.113750000">
        <ele>1603.000</ele>
      </trkpt>
      <trkpt lat="42.511170000" lon="2.113900000">
        <ele>1602.000</ele>
      </trkpt>
      <trkpt lat="42.511080000" lon="2.114010000">
        <ele>1601.000</ele>
      </trkpt>
      <trkpt lat="42.511020000" lon="2.114070000">
        <ele>1601.000</ele>
      </trkpt>
      <trkpt lat="42.510970000" lon="2.114110000">
        <ele>1600.000</ele>
      </trkpt>
      <trkpt lat="42.510930000" lon="2.114120000">
        <ele>1600.000</ele>
      </trkpt>
      <trkpt lat="42.510890000" lon="2.114140000">
        <ele>1599.000</ele>
      </trkpt>
      <trkpt lat="42.510850000" lon="2.114180000">
        <ele>1599.000</ele>
      </trkpt>
      <trkpt lat="42.510810000" lon="2.114240000">
        <ele>1599.000</ele>
      </trkpt>
      <trkpt lat="42.510800000" lon="2.114310000">
        <ele>1598.000</ele>
      </trkpt>
      <trkpt lat="42.510800000" lon="2.114380000">
        <ele>1598.000</ele>
      </trkpt>
      <trkpt lat="42.510810000" lon="2.114450000">
        <ele>1598.000</ele>
      </trkpt>
      <trkpt lat="42.510850000" lon="2.114510000">
        <ele>1597.000</ele>
      </trkpt>
      <trkpt lat="42.510880000" lon="2.114550000">
        <ele>1597.000</ele>
      </trkpt>
      <trkpt lat="42.510920000" lon="2.114570000">
        <ele>1597.000</ele>
      </trkpt>
      <trkpt lat="42.510970000" lon="2.114580000">
        <ele>1597.000</ele>
      </trkpt>
      <trkpt lat="42.511010000" lon="2.114570000">
        <ele>1596.000</ele>
      </trkpt>
      <trkpt lat="42.511050000" lon="2.114550000">
        <ele>1596.000</ele>
      </trkpt>
      <trkpt lat="42.511110000" lon="2.114540000">
        <ele>1596.000</ele>
      </trkpt>
      <trkpt lat="42.511190000" lon="2.114550000">
        <ele>1596.000</ele>
      </trkpt>
      <trkpt lat="42.511260000" lon="2.114570000">
        <ele>1596.000</ele>
      </trkpt>
      <trkpt lat="42.511330000" lon="2.114590000">
        <ele>1596.000</ele>
      </trkpt>
      <trkpt lat="42.511450000" lon="2.114600000">
        <ele>1596.000</ele>
      </trkpt>
      <trkpt lat="42.511600000" lon="2.114670000">
        <ele>1596.000</ele>
      </trkpt>
      <trkpt lat="42.511670000" lon="2.114690000">
        <ele>1596.000</ele>
      </trkpt>
      <trkpt lat="42.511740000" lon="2.114700000">
        <ele>1596.000</ele>
      </trkpt>
      <trkpt lat="42.511810000" lon="2.114700000">
        <ele>1596.000</ele>
      </trkpt>
      <trkpt lat="42.511870000" lon="2.114690000">
        <ele>1596.000</ele>
      </trkpt>
      <trkpt lat="42.511920000" lon="2.114670000">
        <ele>1596.000</ele>
      </trkpt>
      <trkpt lat="42.511970000" lon="2.114630000">
        <ele>1596.000</ele>
      </trkpt>
      <trkpt lat="42.512030000" lon="2.114570000">
        <ele>1596.000</ele>
      </trkpt>
      <trkpt lat="42.512080000" lon="2.114500000">
        <ele>1596.000</ele>
      </trkpt>
      <trkpt lat="42.512120000" lon="2.114410000">
        <ele>1596.000</ele>
      </trkpt>
      <trkpt lat="42.512150000" lon="2.114320000">
        <ele>1596.000</ele>
      </trkpt>
      <trkpt lat="42.512160000" lon="2.114230000">
        <ele>1596.000</ele>
      </trkpt>
      <trkpt lat="42.512250000" lon="2.113300000">
        <ele>1596.000</ele>
      </trkpt>
      <trkpt lat="42.512290000" lon="2.113090000">
        <ele>1596.000</ele>
      </trkpt>
      <trkpt lat="42.512360000" lon="2.112890000">
        <ele>1596.000</ele>
      </trkpt>
      <trkpt lat="42.512500000" lon="2.112610000">
        <ele>1597.000</ele>
      </trkpt>
      <trkpt lat="42.512810000" lon="2.112070000">
        <ele>1598.000</ele>
      </trkpt>
      <trkpt lat="42.513050000" lon="2.111720000">
        <ele>1599.000</ele>
      </trkpt>
      <trkpt lat="42.513370000" lon="2.111290000">
        <ele>1600.000</ele>
      </trkpt>
      <trkpt lat="42.513470000" lon="2.111090000">
        <ele>1601.000</ele>
      </trkpt>
      <trkpt lat="42.513600000" lon="2.110720000">
        <ele>1602.000</ele>
      </trkpt>
      <trkpt lat="42.513670000" lon="2.110580000">
        <ele>1603.000</ele>
      </trkpt>
      <trkpt lat="42.513750000" lon="2.110490000">
        <ele>1604.000</ele>
      </trkpt>
      <trkpt lat="42.513820000" lon="2.110460000">
        <ele>1605.000</ele>
      </trkpt>
      <trkpt lat="42.513900000" lon="2.110460000">
        <ele>1605.000</ele>
      </trkpt>
      <trkpt lat="42.514640000" lon="2.110600000">
        <ele>1607.000</ele>
      </trkpt>
      <trkpt lat="42.514780000" lon="2.110660000">
        <ele>1608.000</ele>
      </trkpt>
      <trkpt lat="42.514890000" lon="2.110780000">
        <ele>1609.000</ele>
      </trkpt>
      <trkpt lat="42.514960000" lon="2.110950000">
        <ele>1610.000</ele>
      </trkpt>
      <trkpt lat="42.514990000" lon="2.111100000">
        <ele>1611.000</ele>
      </trkpt>
      <trkpt lat="42.514990000" lon="2.111270000">
        <ele>1611.000</ele>
      </trkpt>
      <trkpt lat="42.514970000" lon="2.111460000">
        <ele>1612.000</ele>
      </trkpt>
      <trkpt lat="42.514860000" lon="2.111900000">
        <ele>1612.000</ele>
      </trkpt>
      <trkpt lat="42.514830000" lon="2.112030000">
        <ele>1613.000</ele>
      </trkpt>
      <trkpt lat="42.514830000" lon="2.112200000">
        <ele>1613.000</ele>
      </trkpt>
      <trkpt lat="42.514860000" lon="2.112390000">
        <ele>1613.000</ele>
      </trkpt>
      <trkpt lat="42.514970000" lon="2.112620000">
        <ele>1614.000</ele>
      </trkpt>
      <trkpt lat="42.515130000" lon="2.112950000">
        <ele>1614.000</ele>
      </trkpt>
      <trkpt lat="42.515280000" lon="2.113290000">
        <ele>1615.000</ele>
      </trkpt>
      <trkpt lat="42.515480000" lon="2.113810000">
        <ele>1615.000</ele>
      </trkpt>
      <trkpt lat="42.515590000" lon="2.114030000">
        <ele>1616.000</ele>
      </trkpt>
      <trkpt lat="42.515660000" lon="2.114150000">
        <ele>1617.000</ele>
      </trkpt>
      <trkpt lat="42.515740000" lon="2.114280000">
        <ele>1617.000</ele>
      </trkpt>
      <trkpt lat="42.515810000" lon="2.114360000">
        <ele>1617.000</ele>
      </trkpt>
      <trkpt lat="42.515910000" lon="2.114480000">
        <ele>1618.000</ele>
      </trkpt>
      <trkpt lat="42.516020000" lon="2.114580000">
        <ele>1618.000</ele>
      </trkpt>
      <trkpt lat="42.516040000" lon="2.114600000">
        <ele>1619.000</ele>
      </trkpt>
      <trkpt lat="42.516390000" lon="2.114820000">
        <ele>1619.000</ele>
      </trkpt>
      <trkpt lat="42.516770000" lon="2.115080000">
        <ele>1620.000</ele>
      </trkpt>
      <trkpt lat="42.517080000" lon="2.115310000">
        <ele>1620.000</ele>
      </trkpt>
      <trkpt lat="42.517590000" lon="2.115670000">
        <ele>1620.000</ele>
      </trkpt>
      <trkpt lat="42.518440000" lon="2.116280000">
        <ele>1620.000</ele>
      </trkpt>
      <trkpt lat="42.519700000" lon="2.117160000">
        <ele>1621.000</ele>
      </trkpt>
      <trkpt lat="42.519700000" lon="2.117160000">
        <ele>1622.000</ele>
      </trkpt>
      <trkpt lat="42.520170000" lon="2.117500000">
        <ele>1624.000</ele>
      </trkpt>
      <trkpt lat="42.520340000" lon="2.117600000">
        <ele>1625.000</ele>
      </trkpt>
      <trkpt lat="42.520600000" lon="2.117810000">
        <ele>1626.000</ele>
      </trkpt>
      <trkpt lat="42.520790000" lon="2.118030000">
        <ele>1627.000</ele>
      </trkpt>
      <trkpt lat="42.521000000" lon="2.118370000">
        <ele>1628.000</ele>
      </trkpt>
      <trkpt lat="42.521500000" lon="2.119170000">
        <ele>1629.000</ele>
      </trkpt>
      <trkpt lat="42.522310000" lon="2.120350000">
        <ele>1632.000</ele>
      </trkpt>
      <trkpt lat="42.522550000" lon="2.120700000">
        <ele>1634.000</ele>
      </trkpt>
      <trkpt lat="42.522780000" lon="2.121050000">
        <ele>1637.000</ele>
      </trkpt>
      <trkpt lat="42.522970000" lon="2.121280000">
        <ele>1639.000</ele>
      </trkpt>
      <trkpt lat="42.523080000" lon="2.121390000">
        <ele>1640.000</ele>
      </trkpt>
      <trkpt lat="42.523310000" lon="2.121580000">
        <ele>1642.000</ele>
      </trkpt>
      <trkpt lat="42.523460000" lon="2.121750000">
        <ele>1643.000</ele>
      </trkpt>
      <trkpt lat="42.523610000" lon="2.121860000">
        <ele>1645.000</ele>
      </trkpt>
      <trkpt lat="42.523860000" lon="2.121980000">
        <ele>1646.000</ele>
      </trkpt>
      <trkpt lat="42.523950000" lon="2.122050000">
        <ele>1647.000</ele>
      </trkpt>
      <trkpt lat="42.524700000" lon="2.122630000">
        <ele>1649.000</ele>
      </trkpt>
      <trkpt lat="42.524850000" lon="2.122720000">
        <ele>1651.000</ele>
      </trkpt>
      <trkpt lat="42.525070000" lon="2.122790000">
        <ele>1652.000</ele>
      </trkpt>
      <trkpt lat="42.525150000" lon="2.122790000">
        <ele>1654.000</ele>
      </trkpt>
      <trkpt lat="42.525370000" lon="2.122770000">
        <ele>1655.000</ele>
      </trkpt>
      <trkpt lat="42.525430000" lon="2.122770000">
        <ele>1656.000</ele>
      </trkpt>
      <trkpt lat="42.525560000" lon="2.122770000">
        <ele>1657.000</ele>
      </trkpt>
      <trkpt lat="42.525700000" lon="2.122820000">
        <ele>1658.000</ele>
      </trkpt>
      <trkpt lat="42.525820000" lon="2.122850000">
        <ele>1658.000</ele>
      </trkpt>
      <trkpt lat="42.525960000" lon="2.122900000">
        <ele>1659.000</ele>
      </trkpt>
      <trkpt lat="42.526190000" lon="2.122980000">
        <ele>1660.000</ele>
      </trkpt>
      <trkpt lat="42.526360000" lon="2.123030000">
        <ele>1661.000</ele>
      </trkpt>
      <trkpt lat="42.526390000" lon="2.123040000">
        <ele>1662.000</ele>
      </trkpt>
      <trkpt lat="42.526460000" lon="2.123050000">
        <ele>1662.000</ele>
      </trkpt>
      <trkpt lat="42.526540000" lon="2.123040000">
        <ele>1663.000</ele>
      </trkpt>
      <trkpt lat="42.526610000" lon="2.123020000">
        <ele>1663.000</ele>
      </trkpt>
      <trkpt lat="42.526770000" lon="2.122960000">
        <ele>1664.000</ele>
      </trkpt>
      <trkpt lat="42.526820000" lon="2.122940000">
        <ele>1664.000</ele>
      </trkpt>
      <trkpt lat="42.527180000" lon="2.122780000">
        <ele>1664.000</ele>
      </trkpt>
      <trkpt lat="42.527320000" lon="2.122730000">
        <ele>1665.000</ele>
      </trkpt>
      <trkpt lat="42.527410000" lon="2.122700000">
        <ele>1665.000</ele>
      </trkpt>
      <trkpt lat="42.527530000" lon="2.122650000">
        <ele>1666.000</ele>
      </trkpt>
      <trkpt lat="42.527640000" lon="2.122640000">
        <ele>1666.000</ele>
      </trkpt>
      <trkpt lat="42.527730000" lon="2.122660000">
        <ele>1667.000</ele>
      </trkpt>
      <trkpt lat="42.527810000" lon="2.122690000">
        <ele>1667.000</ele>
      </trkpt>
      <trkpt lat="42.527920000" lon="2.122770000">
        <ele>1667.000</ele>
      </trkpt>
      <trkpt lat="42.528150000" lon="2.122970000">
        <ele>1668.000</ele>
      </trkpt>
      <trkpt lat="42.528380000" lon="2.123190000">
        <ele>1668.000</ele>
      </trkpt>
      <trkpt lat="42.528540000" lon="2.123330000">
        <ele>1669.000</ele>
      </trkpt>
      <trkpt lat="42.528680000" lon="2.123400000">
        <ele>1670.000</ele>
      </trkpt>
      <trkpt lat="42.528890000" lon="2.123460000">
        <ele>1671.000</ele>
      </trkpt>
      <trkpt lat="42.529000000" lon="2.123560000">
        <ele>1672.000</ele>
      </trkpt>
      <trkpt lat="42.529050000" lon="2.123620000">
        <ele>1673.000</ele>
      </trkpt>
      <trkpt lat="42.529090000" lon="2.123730000">
        <ele>1673.000</ele>
      </trkpt>
      <trkpt lat="42.529090000" lon="2.123860000">
        <ele>1674.000</ele>
      </trkpt>
      <trkpt lat="42.529060000" lon="2.123980000">
        <ele>1675.000</ele>
      </trkpt>
      <trkpt lat="42.528930000" lon="2.124180000">
        <ele>1675.000</ele>
      </trkpt>
      <trkpt lat="42.528860000" lon="2.124310000">
        <ele>1676.000</ele>
      </trkpt>
      <trkpt lat="42.528780000" lon="2.124480000">
        <ele>1677.000</ele>
      </trkpt>
      <trkpt lat="42.528720000" lon="2.124690000">
        <ele>1678.000</ele>
      </trkpt>
      <trkpt lat="42.528710000" lon="2.124900000">
        <ele>1679.000</ele>
      </trkpt>
      <trkpt lat="42.528720000" lon="2.125100000">
        <ele>1680.000</ele>
      </trkpt>
      <trkpt lat="42.528750000" lon="2.125240000">
        <ele>1680.000</ele>
      </trkpt>
      <trkpt lat="42.528800000" lon="2.125400000">
        <ele>1681.000</ele>
      </trkpt>
      <trkpt lat="42.528880000" lon="2.125520000">
        <ele>1682.000</ele>
      </trkpt>
      <trkpt lat="42.528950000" lon="2.125620000">
        <ele>1683.000</ele>
      </trkpt>
      <trkpt lat="42.529100000" lon="2.125790000">
        <ele>1683.000</ele>
      </trkpt>
      <trkpt lat="42.529190000" lon="2.125900000">
        <ele>1684.000</ele>
      </trkpt>
      <trkpt lat="42.529290000" lon="2.126090000">
        <ele>1685.000</ele>
      </trkpt>
      <trkpt lat="42.529410000" lon="2.126370000">
        <ele>1686.000</ele>
      </trkpt>
      <trkpt lat="42.529580000" lon="2.126880000">
        <ele>1688.000</ele>
      </trkpt>
      <trkpt lat="42.529660000" lon="2.127030000">
        <ele>1689.000</ele>
      </trkpt>
      <trkpt lat="42.529760000" lon="2.127160000">
        <ele>1690.000</ele>
      </trkpt>
      <trkpt lat="42.529870000" lon="2.127240000">
        <ele>1691.000</ele>
      </trkpt>
      <trkpt lat="42.529940000" lon="2.127280000">
        <ele>1691.000</ele>
      </trkpt>
      <trkpt lat="42.530030000" lon="2.127310000">
        <ele>1692.000</ele>
      </trkpt>
      <trkpt lat="42.530160000" lon="2.127330000">
        <ele>1692.000</ele>
      </trkpt>
      <trkpt lat="42.530280000" lon="2.127310000">
        <ele>1693.000</ele>
      </trkpt>
      <trkpt lat="42.530390000" lon="2.127260000">
        <ele>1693.000</ele>
      </trkpt>
      <trkpt lat="42.530560000" lon="2.127130000">
        <ele>1694.000</ele>
      </trkpt>
      <trkpt lat="42.530810000" lon="2.126920000">
        <ele>1694.000</ele>
      </trkpt>
      <trkpt lat="42.530910000" lon="2.126870000">
        <ele>1695.000</ele>
      </trkpt>
      <trkpt lat="42.531000000" lon="2.126850000">
        <ele>1695.000</ele>
      </trkpt>
      <trkpt lat="42.531110000" lon="2.126850000">
        <ele>1696.000</ele>
      </trkpt>
      <trkpt lat="42.531300000" lon="2.126870000">
        <ele>1696.000</ele>
      </trkpt>
      <trkpt lat="42.531370000" lon="2.126860000">
        <ele>1697.000</ele>
      </trkpt>
      <trkpt lat="42.531470000" lon="2.126820000">
        <ele>1697.000</ele>
      </trkpt>
      <trkpt lat="42.531540000" lon="2.126770000">
        <ele>1697.000</ele>
      </trkpt>
      <trkpt lat="42.531620000" lon="2.126680000">
        <ele>1697.000</ele>
      </trkpt>
      <trkpt lat="42.531700000" lon="2.126510000">
        <ele>1698.000</ele>
      </trkpt>
      <trkpt lat="42.531810000" lon="2.126180000">
        <ele>1698.000</ele>
      </trkpt>
      <trkpt lat="42.531960000" lon="2.125960000">
        <ele>1698.000</ele>
      </trkpt>
      <trkpt lat="42.532070000" lon="2.125870000">
        <ele>1698.000</ele>
      </trkpt>
      <trkpt lat="42.532170000" lon="2.125820000">
        <ele>1698.000</ele>
      </trkpt>
      <trkpt lat="42.532350000" lon="2.125720000">
        <ele>1699.000</ele>
      </trkpt>
      <trkpt lat="42.532430000" lon="2.125670000">
        <ele>1699.000</ele>
      </trkpt>
      <trkpt lat="42.532830000" lon="2.125470000">
        <ele>1699.000</ele>
      </trkpt>
      <trkpt lat="42.533150000" lon="2.125290000">
        <ele>1699.000</ele>
      </trkpt>
      <trkpt lat="42.533300000" lon="2.125190000">
        <ele>1699.000</ele>
      </trkpt>
      <trkpt lat="42.533650000" lon="2.124990000">
        <ele>1699.000</ele>
      </trkpt>
      <trkpt lat="42.533900000" lon="2.124810000">
        <ele>1699.000</ele>
      </trkpt>
      <trkpt lat="42.534320000" lon="2.124440000">
        <ele>1699.000</ele>
      </trkpt>
      <trkpt lat="42.534820000" lon="2.124010000">
        <ele>1698.000</ele>
      </trkpt>
      <trkpt lat="42.535370000" lon="2.123600000">
        <ele>1698.000</ele>
      </trkpt>
      <trkpt lat="42.535880000" lon="2.123230000">
        <ele>1699.000</ele>
      </trkpt>
      <trkpt lat="42.538750000" lon="2.121140000">
        <ele>1701.000</ele>
      </trkpt>
      <trkpt lat="42.539420000" lon="2.120650000">
        <ele>1701.000</ele>
      </trkpt>
      <trkpt lat="42.539420000" lon="2.120650000">
        <ele>1702.000</ele>
      </trkpt>
      <trkpt lat="42.539960000" lon="2.120250000">
        <ele>1702.000</ele>
      </trkpt>
      <trkpt lat="42.540350000" lon="2.120030000">
        <ele>1702.000</ele>
      </trkpt>
      <trkpt lat="42.540500000" lon="2.119930000">
        <ele>1702.000</ele>
      </trkpt>
      <trkpt lat="42.541000000" lon="2.119570000">
        <ele>1703.000</ele>
      </trkpt>
      <trkpt lat="42.541030000" lon="2.119550000">
        <ele>1703.000</ele>
      </trkpt>
      <trkpt lat="42.541060000" lon="2.119530000">
        <ele>1703.000</ele>
      </trkpt>
      <trkpt lat="42.541510000" lon="2.119180000">
        <ele>1704.000</ele>
      </trkpt>
      <trkpt lat="42.542080000" lon="2.118720000">
        <ele>1705.000</ele>
      </trkpt>
      <trkpt lat="42.543110000" lon="2.117950000">
        <ele>1706.000</ele>
      </trkpt>
      <trkpt lat="42.543570000" lon="2.117610000">
        <ele>1706.000</ele>
      </trkpt>
      <trkpt lat="42.545120000" lon="2.116420000">
        <ele>1707.000</ele>
      </trkpt>
      <trkpt lat="42.546320000" lon="2.115520000">
        <ele>1708.000</ele>
      </trkpt>
      <trkpt lat="42.547720000" lon="2.114450000">
        <ele>1710.000</ele>
      </trkpt>
      <trkpt lat="42.548080000" lon="2.114190000">
        <ele>1712.000</ele>
      </trkpt>
      <trkpt lat="42.548200000" lon="2.114100000">
        <ele>1713.000</ele>
      </trkpt>
      <trkpt lat="42.548630000" lon="2.113860000">
        <ele>1714.000</ele>
      </trkpt>
      <trkpt lat="42.548830000" lon="2.113730000">
        <ele>1714.000</ele>
      </trkpt>
      <trkpt lat="42.549140000" lon="2.113490000">
        <ele>1715.000</ele>
      </trkpt>
      <trkpt lat="42.549180000" lon="2.113470000">
        <ele>1715.000</ele>
      </trkpt>
      <trkpt lat="42.549220000" lon="2.113450000">
        <ele>1715.000</ele>
      </trkpt>
      <trkpt lat="42.549260000" lon="2.113460000">
        <ele>1715.000</ele>
      </trkpt>
      <trkpt lat="42.549290000" lon="2.113460000">
        <ele>1715.000</ele>
      </trkpt>
      <trkpt lat="42.549330000" lon="2.113440000">
        <ele>1715.000</ele>
      </trkpt>
      <trkpt lat="42.549350000" lon="2.113410000">
        <ele>1715.000</ele>
      </trkpt>
      <trkpt lat="42.549370000" lon="2.113360000">
        <ele>1715.000</ele>
      </trkpt>
      <trkpt lat="42.549480000" lon="2.113250000">
        <ele>1715.000</ele>
      </trkpt>
      <trkpt lat="42.549590000" lon="2.113160000">
        <ele>1715.000</ele>
      </trkpt>
      <trkpt lat="42.549840000" lon="2.113040000">
        <ele>1714.000</ele>
      </trkpt>
      <trkpt lat="42.551070000" lon="2.112480000">
        <ele>1712.000</ele>
      </trkpt>
      <trkpt lat="42.552360000" lon="2.111900000">
        <ele>1707.000</ele>
      </trkpt>
      <trkpt lat="42.552810000" lon="2.111710000">
        <ele>1703.000</ele>
      </trkpt>
      <trkpt lat="42.552980000" lon="2.111590000">
        <ele>1700.000</ele>
      </trkpt>
      <trkpt lat="42.553120000" lon="2.111460000">
        <ele>1698.000</ele>
      </trkpt>
      <trkpt lat="42.553400000" lon="2.111100000">
        <ele>1695.000</ele>
      </trkpt>
      <trkpt lat="42.554040000" lon="2.110190000">
        <ele>1692.000</ele>
      </trkpt>
      <trkpt lat="42.554160000" lon="2.109940000">
        <ele>1689.000</ele>
      </trkpt>
      <trkpt lat="42.554220000" lon="2.109700000">
        <ele>1686.000</ele>
      </trkpt>
      <trkpt lat="42.554300000" lon="2.109300000">
        <ele>1684.000</ele>
      </trkpt>
      <trkpt lat="42.554410000" lon="2.108500000">
        <ele>1682.000</ele>
      </trkpt>
      <trkpt lat="42.554460000" lon="2.107850000">
        <ele>1680.000</ele>
      </trkpt>
      <trkpt lat="42.554490000" lon="2.107570000">
        <ele>1679.000</ele>
      </trkpt>
      <trkpt lat="42.554530000" lon="2.107350000">
        <ele>1677.000</ele>
      </trkpt>
      <trkpt lat="42.554610000" lon="2.107130000">
        <ele>1676.000</ele>
      </trkpt>
      <trkpt lat="42.554810000" lon="2.106680000">
        <ele>1675.000</ele>
      </trkpt>
      <trkpt lat="42.554900000" lon="2.106430000">
        <ele>1674.000</ele>
      </trkpt>
      <trkpt lat="42.555010000" lon="2.106230000">
        <ele>1673.000</ele>
      </trkpt>
      <trkpt lat="42.555110000" lon="2.106120000">
        <ele>1672.000</ele>
      </trkpt>
      <trkpt lat="42.555660000" lon="2.105750000">
        <ele>1671.000</ele>
      </trkpt>
      <trkpt lat="42.555940000" lon="2.105600000">
        <ele>1670.000</ele>
      </trkpt>
      <trkpt lat="42.556170000" lon="2.105500000">
        <ele>1668.000</ele>
      </trkpt>
      <trkpt lat="42.556340000" lon="2.105480000">
        <ele>1667.000</ele>
      </trkpt>
      <trkpt lat="42.556920000" lon="2.105510000">
        <ele>1665.000</ele>
      </trkpt>
      <trkpt lat="42.557320000" lon="2.105500000">
        <ele>1663.000</ele>
      </trkpt>
      <trkpt lat="42.557500000" lon="2.105510000">
        <ele>1661.000</ele>
      </trkpt>
      <trkpt lat="42.557630000" lon="2.105560000">
        <ele>1659.000</ele>
      </trkpt>
      <trkpt lat="42.557790000" lon="2.105680000">
        <ele>1658.000</ele>
      </trkpt>
      <trkpt lat="42.558010000" lon="2.105920000">
        <ele>1656.000</ele>
      </trkpt>
      <trkpt lat="42.558120000" lon="2.106050000">
        <ele>1655.000</ele>
      </trkpt>
      <trkpt lat="42.558270000" lon="2.106150000">
        <ele>1654.000</ele>
      </trkpt>
      <trkpt lat="42.558460000" lon="2.106260000">
        <ele>1652.000</ele>
      </trkpt>
      <trkpt lat="42.558730000" lon="2.106410000">
        <ele>1651.000</ele>
      </trkpt>
      <trkpt lat="42.558900000" lon="2.106540000">
        <ele>1650.000</ele>
      </trkpt>
      <trkpt lat="42.559350000" lon="2.107020000">
        <ele>1648.000</ele>
      </trkpt>
      <trkpt lat="42.559490000" lon="2.107140000">
        <ele>1647.000</ele>
      </trkpt>
      <trkpt lat="42.559610000" lon="2.107210000">
        <ele>1645.000</ele>
      </trkpt>
      <trkpt lat="42.559860000" lon="2.107320000">
        <ele>1643.000</ele>
      </trkpt>
      <trkpt lat="42.559980000" lon="2.107380000">
        <ele>1642.000</ele>
      </trkpt>
      <trkpt lat="42.560110000" lon="2.107480000">
        <ele>1641.000</ele>
      </trkpt>
      <trkpt lat="42.560200000" lon="2.107630000">
        <ele>1639.000</ele>
      </trkpt>
      <trkpt lat="42.560290000" lon="2.107800000">
        <ele>1638.000</ele>
      </trkpt>
      <trkpt lat="42.560360000" lon="2.108060000">
        <ele>1637.000</ele>
      </trkpt>
      <trkpt lat="42.560400000" lon="2.108280000">
        <ele>1636.000</ele>
      </trkpt>
      <trkpt lat="42.560470000" lon="2.108500000">
        <ele>1634.000</ele>
      </trkpt>
      <trkpt lat="42.560540000" lon="2.108640000">
        <ele>1633.000</ele>
      </trkpt>
      <trkpt lat="42.560650000" lon="2.108810000">
        <ele>1632.000</ele>
      </trkpt>
      <trkpt lat="42.560770000" lon="2.108940000">
        <ele>1631.000</ele>
      </trkpt>
      <trkpt lat="42.560880000" lon="2.109060000">
        <ele>1630.000</ele>
      </trkpt>
      <trkpt lat="42.561150000" lon="2.109240000">
        <ele>1629.000</ele>
      </trkpt>
      <trkpt lat="42.561340000" lon="2.109350000">
        <ele>1628.000</ele>
      </trkpt>
      <trkpt lat="42.561440000" lon="2.109400000">
        <ele>1627.000</ele>
      </trkpt>
      <trkpt lat="42.561580000" lon="2.109420000">
        <ele>1626.000</ele>
      </trkpt>
      <trkpt lat="42.561750000" lon="2.109410000">
        <ele>1625.000</ele>
      </trkpt>
      <trkpt lat="42.562070000" lon="2.109300000">
        <ele>1624.000</ele>
      </trkpt>
      <trkpt lat="42.562240000" lon="2.109250000">
        <ele>1623.000</ele>
      </trkpt>
      <trkpt lat="42.562400000" lon="2.109240000">
        <ele>1622.000</ele>
      </trkpt>
      <trkpt lat="42.562540000" lon="2.109270000">
        <ele>1621.000</ele>
      </trkpt>
      <trkpt lat="42.562700000" lon="2.109320000">
        <ele>1620.000</ele>
      </trkpt>
      <trkpt lat="42.564530000" lon="2.110090000">
        <ele>1617.000</ele>
      </trkpt>
      <trkpt lat="42.565250000" lon="2.110370000">
        <ele>1613.000</ele>
      </trkpt>
      <trkpt lat="42.566330000" lon="2.110830000">
        <ele>1608.000</ele>
      </trkpt>
      <trkpt lat="42.566730000" lon="2.111020000">
        <ele>1604.000</ele>
      </trkpt>
      <trkpt lat="42.567250000" lon="2.111320000">
        <ele>1599.000</ele>
      </trkpt>
      <trkpt lat="42.567430000" lon="2.111420000">
        <ele>1596.000</ele>
      </trkpt>
      <trkpt lat="42.568020000" lon="2.111750000">
        <ele>1592.000</ele>
      </trkpt>
      <trkpt lat="42.568310000" lon="2.111890000">
        <ele>1589.000</ele>
      </trkpt>
      <trkpt lat="42.568650000" lon="2.112000000">
        <ele>1587.000</ele>
      </trkpt>
      <trkpt lat="42.568950000" lon="2.112070000">
        <ele>1585.000</ele>
      </trkpt>
      <trkpt lat="42.569460000" lon="2.112150000">
        <ele>1583.000</ele>
      </trkpt>
      <trkpt lat="42.570080000" lon="2.112260000">
        <ele>1581.000</ele>
      </trkpt>
      <trkpt lat="42.570510000" lon="2.112330000">
        <ele>1579.000</ele>
      </trkpt>
      <trkpt lat="42.570920000" lon="2.112410000">
        <ele>1577.000</ele>
      </trkpt>
      <trkpt lat="42.571300000" lon="2.112560000">
        <ele>1574.000</ele>
      </trkpt>
      <trkpt lat="42.571630000" lon="2.112720000">
        <ele>1571.000</ele>
      </trkpt>
      <trkpt lat="42.571810000" lon="2.112790000">
        <ele>1569.000</ele>
      </trkpt>
      <trkpt lat="42.572000000" lon="2.112840000">
        <ele>1567.000</ele>
      </trkpt>
      <trkpt lat="42.572390000" lon="2.112910000">
        <ele>1565.000</ele>
      </trkpt>
      <trkpt lat="42.572830000" lon="2.112980000">
        <ele>1563.000</ele>
      </trkpt>
      <trkpt lat="42.573270000" lon="2.113020000">
        <ele>1560.000</ele>
      </trkpt>
      <trkpt lat="42.573470000" lon="2.113040000">
        <ele>1558.000</ele>
      </trkpt>
      <trkpt lat="42.573650000" lon="2.113040000">
        <ele>1556.000</ele>
      </trkpt>
      <trkpt lat="42.573890000" lon="2.113020000">
        <ele>1554.000</ele>
      </trkpt>
      <trkpt lat="42.574510000" lon="2.112950000">
        <ele>1552.000</ele>
      </trkpt>
      <trkpt lat="42.574680000" lon="2.112950000">
        <ele>1551.000</ele>
      </trkpt>
      <trkpt lat="42.574850000" lon="2.112970000">
        <ele>1549.000</ele>
      </trkpt>
      <trkpt lat="42.575040000" lon="2.113040000">
        <ele>1548.000</ele>
      </trkpt>
      <trkpt lat="42.575180000" lon="2.113110000">
        <ele>1548.000</ele>
      </trkpt>
      <trkpt lat="42.575480000" lon="2.113350000">
        <ele>1547.000</ele>
      </trkpt>
      <trkpt lat="42.575950000" lon="2.113790000">
        <ele>1545.000</ele>
      </trkpt>
      <trkpt lat="42.576470000" lon="2.114270000">
        <ele>1543.000</ele>
      </trkpt>
      <trkpt lat="42.576760000" lon="2.114490000">
        <ele>1541.000</ele>
      </trkpt>
      <trkpt lat="42.577140000" lon="2.114700000">
        <ele>1539.000</ele>
      </trkpt>
      <trkpt lat="42.577660000" lon="2.114950000">
        <ele>1536.000</ele>
      </trkpt>
      <trkpt lat="42.577840000" lon="2.115020000">
        <ele>1534.000</ele>
      </trkpt>
      <trkpt lat="42.578020000" lon="2.115060000">
        <ele>1533.000</ele>
      </trkpt>
      <trkpt lat="42.578200000" lon="2.115040000">
        <ele>1531.000</ele>
      </trkpt>
      <trkpt lat="42.578460000" lon="2.114960000">
        <ele>1529.000</ele>
      </trkpt>
      <trkpt lat="42.578960000" lon="2.114740000">
        <ele>1527.000</ele>
      </trkpt>
      <trkpt lat="42.579160000" lon="2.114700000">
        <ele>1525.000</ele>
      </trkpt>
      <trkpt lat="42.579350000" lon="2.114720000">
        <ele>1524.000</ele>
      </trkpt>
      <trkpt lat="42.579590000" lon="2.114790000">
        <ele>1522.000</ele>
      </trkpt>
      <trkpt lat="42.579860000" lon="2.114900000">
        <ele>1520.000</ele>
      </trkpt>
      <trkpt lat="42.580040000" lon="2.114940000">
        <ele>1518.000</ele>
      </trkpt>
      <trkpt lat="42.580200000" lon="2.114940000">
        <ele>1517.000</ele>
      </trkpt>
      <trkpt lat="42.580350000" lon="2.114900000">
        <ele>1516.000</ele>
      </trkpt>
      <trkpt lat="42.580460000" lon="2.114820000">
        <ele>1515.000</ele>
      </trkpt>
      <trkpt lat="42.580560000" lon="2.114720000">
        <ele>1513.000</ele>
      </trkpt>
      <trkpt lat="42.580800000" lon="2.114420000">
        <ele>1512.000</ele>
      </trkpt>
      <trkpt lat="42.581030000" lon="2.114130000">
        <ele>1510.000</ele>
      </trkpt>
      <trkpt lat="42.581170000" lon="2.113950000">
        <ele>1509.000</ele>
      </trkpt>
      <trkpt lat="42.581410000" lon="2.113670000">
        <ele>1508.000</ele>
      </trkpt>
      <trkpt lat="42.581520000" lon="2.113580000">
        <ele>1508.000</ele>
      </trkpt>
      <trkpt lat="42.581630000" lon="2.113520000">
        <ele>1508.000</ele>
      </trkpt>
      <trkpt lat="42.581850000" lon="2.113460000">
        <ele>1509.000</ele>
      </trkpt>
      <trkpt lat="42.581950000" lon="2.113440000">
        <ele>1509.000</ele>
      </trkpt>
      <trkpt lat="42.582100000" lon="2.113440000">
        <ele>1510.000</ele>
      </trkpt>
      <trkpt lat="42.582200000" lon="2.113450000">
        <ele>1511.000</ele>
      </trkpt>
      <trkpt lat="42.582290000" lon="2.113480000">
        <ele>1511.000</ele>
      </trkpt>
      <trkpt lat="42.582390000" lon="2.113530000">
        <ele>1512.000</ele>
      </trkpt>
      <trkpt lat="42.582490000" lon="2.113600000">
        <ele>1513.000</ele>
      </trkpt>
      <trkpt lat="42.582690000" lon="2.113800000">
        <ele>1513.000</ele>
      </trkpt>
      <trkpt lat="42.583130000" lon="2.114300000">
        <ele>1515.000</ele>
      </trkpt>
      <trkpt lat="42.583670000" lon="2.114930000">
        <ele>1517.000</ele>
      </trkpt>
      <trkpt lat="42.584200000" lon="2.115560000">
        <ele>1518.000</ele>
      </trkpt>
      <trkpt lat="42.584350000" lon="2.115720000">
        <ele>1520.000</ele>
      </trkpt>
      <trkpt lat="42.584490000" lon="2.115840000">
        <ele>1520.000</ele>
      </trkpt>
      <trkpt lat="42.584610000" lon="2.115920000">
        <ele>1521.000</ele>
      </trkpt>
      <trkpt lat="42.584760000" lon="2.115990000">
        <ele>1522.000</ele>
      </trkpt>
      <trkpt lat="42.584880000" lon="2.116020000">
        <ele>1522.000</ele>
      </trkpt>
      <trkpt lat="42.585020000" lon="2.116020000">
        <ele>1522.000</ele>
      </trkpt>
      <trkpt lat="42.585160000" lon="2.115980000">
        <ele>1523.000</ele>
      </trkpt>
      <trkpt lat="42.585310000" lon="2.115920000">
        <ele>1523.000</ele>
      </trkpt>
      <trkpt lat="42.585430000" lon="2.115840000">
        <ele>1523.000</ele>
      </trkpt>
      <trkpt lat="42.585570000" lon="2.115710000">
        <ele>1524.000</ele>
      </trkpt>
      <trkpt lat="42.585690000" lon="2.115560000">
        <ele>1524.000</ele>
      </trkpt>
      <trkpt lat="42.585800000" lon="2.115370000">
        <ele>1524.000</ele>
      </trkpt>
      <trkpt lat="42.586270000" lon="2.114290000">
        <ele>1525.000</ele>
      </trkpt>
      <trkpt lat="42.586420000" lon="2.113970000">
        <ele>1526.000</ele>
      </trkpt>
      <trkpt lat="42.586460000" lon="2.113900000">
        <ele>1526.000</ele>
      </trkpt>
      <trkpt lat="42.586560000" lon="2.113750000">
        <ele>1527.000</ele>
      </trkpt>
      <trkpt lat="42.586530000" lon="2.113700000">
        <ele>1527.000</ele>
      </trkpt>
      <trkpt lat="42.586500000" lon="2.113590000">
        <ele>1528.000</ele>
      </trkpt>
      <trkpt lat="42.586490000" lon="2.113520000">
        <ele>1528.000</ele>
      </trkpt>
      <trkpt lat="42.586490000" lon="2.113430000">
        <ele>1528.000</ele>
      </trkpt>
      <trkpt lat="42.586500000" lon="2.113380000">
        <ele>1528.000</ele>
      </trkpt>
      <trkpt lat="42.586530000" lon="2.113300000">
        <ele>1528.000</ele>
      </trkpt>
      <trkpt lat="42.586640000" lon="2.113120000">
        <ele>1529.000</ele>
      </trkpt>
      <trkpt lat="42.586700000" lon="2.112990000">
        <ele>1529.000</ele>
      </trkpt>
      <trkpt lat="42.586750000" lon="2.112780000">
        <ele>1529.000</ele>
      </trkpt>
      <trkpt lat="42.586800000" lon="2.112480000">
        <ele>1530.000</ele>
      </trkpt>
      <trkpt lat="42.586830000" lon="2.112060000">
        <ele>1530.000</ele>
      </trkpt>
      <trkpt lat="42.586990000" lon="2.109300000">
        <ele>1534.000</ele>
      </trkpt>
      <trkpt lat="42.587060000" lon="2.108220000">
        <ele>1539.000</ele>
      </trkpt>
      <trkpt lat="42.587120000" lon="2.107600000">
        <ele>1543.000</ele>
      </trkpt>
      <trkpt lat="42.587130000" lon="2.107070000">
        <ele>1547.000</ele>
      </trkpt>
      <trkpt lat="42.587100000" lon="2.106690000">
        <ele>1550.000</ele>
      </trkpt>
      <trkpt lat="42.587100000" lon="2.106690000">
        <ele>1552.000</ele>
      </trkpt>
      <trkpt lat="42.587100000" lon="2.106630000">
        <ele>1554.000</ele>
      </trkpt>
      <trkpt lat="42.586670000" lon="2.104240000">
        <ele>1556.000</ele>
      </trkpt>
      <trkpt lat="42.586660000" lon="2.104180000">
        <ele>1557.000</ele>
      </trkpt>
      <trkpt lat="42.586600000" lon="2.103820000">
        <ele>1558.000</ele>
      </trkpt>
      <trkpt lat="42.586530000" lon="2.103420000">
        <ele>1560.000</ele>
      </trkpt>
      <trkpt lat="42.585990000" lon="2.100270000">
        <ele>1565.000</ele>
      </trkpt>
      <trkpt lat="42.585370000" lon="2.096490000">
        <ele>1569.000</ele>
      </trkpt>
      <trkpt lat="42.585280000" lon="2.095990000">
        <ele>1571.000</ele>
      </trkpt>
      <trkpt lat="42.585270000" lon="2.095900000">
        <ele>1573.000</ele>
      </trkpt>
      <trkpt lat="42.585120000" lon="2.094330000">
        <ele>1572.000</ele>
      </trkpt>
      <trkpt lat="42.585050000" lon="2.093580000">
        <ele>1572.000</ele>
      </trkpt>
      <trkpt lat="42.585020000" lon="2.093140000">
        <ele>1572.000</ele>
      </trkpt>
      <trkpt lat="42.585000000" lon="2.092330000">
        <ele>1573.000</ele>
      </trkpt>
      <trkpt lat="42.584990000" lon="2.092090000">
        <ele>1574.000</ele>
      </trkpt>
      <trkpt lat="42.584920000" lon="2.091640000">
        <ele>1575.000</ele>
      </trkpt>
      <trkpt lat="42.584910000" lon="2.091370000">
        <ele>1576.000</ele>
      </trkpt>
      <trkpt lat="42.585050000" lon="2.089700000">
        <ele>1579.000</ele>
      </trkpt>
      <trkpt lat="42.585090000" lon="2.089140000">
        <ele>1581.000</ele>
      </trkpt>
      <trkpt lat="42.585100000" lon="2.088600000">
        <ele>1583.000</ele>
      </trkpt>
      <trkpt lat="42.585090000" lon="2.088310000">
        <ele>1584.000</ele>
      </trkpt>
      <trkpt lat="42.585070000" lon="2.088100000">
        <ele>1585.000</ele>
      </trkpt>
      <trkpt lat="42.585030000" lon="2.087660000">
        <ele>1585.000</ele>
      </trkpt>
      <trkpt lat="42.585020000" lon="2.087430000">
        <ele>1586.000</ele>
      </trkpt>
      <trkpt lat="42.585030000" lon="2.087310000">
        <ele>1586.000</ele>
      </trkpt>
      <trkpt lat="42.585080000" lon="2.087130000">
        <ele>1587.000</ele>
      </trkpt>
      <trkpt lat="42.585140000" lon="2.087040000">
        <ele>1587.000</ele>
      </trkpt>
      <trkpt lat="42.585240000" lon="2.086920000">
        <ele>1588.000</ele>
      </trkpt>
      <trkpt lat="42.585440000" lon="2.086710000">
        <ele>1588.000</ele>
      </trkpt>
      <trkpt lat="42.585580000" lon="2.086600000">
        <ele>1589.000</ele>
      </trkpt>
      <trkpt lat="42.585640000" lon="2.086570000">
        <ele>1589.000</ele>
      </trkpt>
      <trkpt lat="42.585660000" lon="2.086560000">
        <ele>1590.000</ele>
      </trkpt>
      <trkpt lat="42.585600000" lon="2.086190000">
        <ele>1590.000</ele>
      </trkpt>
      <trkpt lat="42.585530000" lon="2.085870000">
        <ele>1591.000</ele>
      </trkpt>
      <trkpt lat="42.585440000" lon="2.085630000">
        <ele>1592.000</ele>
      </trkpt>
      <trkpt lat="42.585330000" lon="2.085430000">
        <ele>1593.000</ele>
      </trkpt>
      <trkpt lat="42.585150000" lon="2.085230000">
        <ele>1594.000</ele>
      </trkpt>
      <trkpt lat="42.584920000" lon="2.084990000">
        <ele>1594.000</ele>
      </trkpt>
      <trkpt lat="42.584820000" lon="2.084860000">
        <ele>1595.000</ele>
      </trkpt>
      <trkpt lat="42.584700000" lon="2.084660000">
        <ele>1595.000</ele>
      </trkpt>
      <trkpt lat="42.584300000" lon="2.083910000">
        <ele>1596.000</ele>
      </trkpt>
      <trkpt lat="42.583870000" lon="2.083040000">
        <ele>1597.000</ele>
      </trkpt>
      <trkpt lat="42.583680000" lon="2.082640000">
        <ele>1598.000</ele>
      </trkpt>
      <trkpt lat="42.583450000" lon="2.082160000">
        <ele>1600.000</ele>
      </trkpt>
      <trkpt lat="42.583150000" lon="2.081650000">
        <ele>1603.000</ele>
      </trkpt>
      <trkpt lat="42.582930000" lon="2.081400000">
        <ele>1605.000</ele>
      </trkpt>
      <trkpt lat="42.582710000" lon="2.081180000">
        <ele>1607.000</ele>
      </trkpt>
      <trkpt lat="42.582500000" lon="2.080920000">
        <ele>1609.000</ele>
      </trkpt>
      <trkpt lat="42.582260000" lon="2.080560000">
        <ele>1610.000</ele>
      </trkpt>
      <trkpt lat="42.582070000" lon="2.080270000">
        <ele>1612.000</ele>
      </trkpt>
      <trkpt lat="42.581990000" lon="2.080150000">
        <ele>1613.000</ele>
      </trkpt>
      <trkpt lat="42.581880000" lon="2.079820000">
        <ele>1613.000</ele>
      </trkpt>
      <trkpt lat="42.581800000" lon="2.079680000">
        <ele>1614.000</ele>
      </trkpt>
      <trkpt lat="42.581550000" lon="2.079310000">
        <ele>1615.000</ele>
      </trkpt>
      <trkpt lat="42.581380000" lon="2.079040000">
        <ele>1616.000</ele>
      </trkpt>
      <trkpt lat="42.581270000" lon="2.078750000">
        <ele>1617.000</ele>
      </trkpt>
      <trkpt lat="42.581250000" lon="2.078670000">
        <ele>1618.000</ele>
      </trkpt>
      <trkpt lat="42.581180000" lon="2.078470000">
        <ele>1619.000</ele>
      </trkpt>
      <trkpt lat="42.581130000" lon="2.078320000">
        <ele>1620.000</ele>
      </trkpt>
      <trkpt lat="42.581030000" lon="2.078190000">
        <ele>1621.000</ele>
      </trkpt>
      <trkpt lat="42.580680000" lon="2.077890000">
        <ele>1622.000</ele>
      </trkpt>
      <trkpt lat="42.580450000" lon="2.077780000">
        <ele>1624.000</ele>
      </trkpt>
      <trkpt lat="42.580400000" lon="2.077750000">
        <ele>1625.000</ele>
      </trkpt>
      <trkpt lat="42.580290000" lon="2.077730000">
        <ele>1626.000</ele>
      </trkpt>
      <trkpt lat="42.580260000" lon="2.077720000">
        <ele>1626.000</ele>
      </trkpt>
      <trkpt lat="42.580150000" lon="2.077700000">
        <ele>1627.000</ele>
      </trkpt>
      <trkpt lat="42.579930000" lon="2.077680000">
        <ele>1627.000</ele>
      </trkpt>
      <trkpt lat="42.579710000" lon="2.077670000">
        <ele>1628.000</ele>
      </trkpt>
      <trkpt lat="42.579470000" lon="2.077630000">
        <ele>1629.000</ele>
      </trkpt>
      <trkpt lat="42.579280000" lon="2.077550000">
        <ele>1630.000</ele>
      </trkpt>
      <trkpt lat="42.579240000" lon="2.077510000">
        <ele>1630.000</ele>
      </trkpt>
      <trkpt lat="42.579240000" lon="2.077510000">
        <ele>1630.000</ele>
      </trkpt>
      <trkpt lat="42.579080000" lon="2.077390000">
        <ele>1631.000</ele>
      </trkpt>
      <trkpt lat="42.578920000" lon="2.077240000">
        <ele>1631.000</ele>
      </trkpt>
      <trkpt lat="42.578730000" lon="2.077010000">
        <ele>1632.000</ele>
      </trkpt>
      <trkpt lat="42.578650000" lon="2.076920000">
        <ele>1632.000</ele>
      </trkpt>
      <trkpt lat="42.578430000" lon="2.076630000">
        <ele>1634.000</ele>
      </trkpt>
      <trkpt lat="42.578320000" lon="2.076480000">
        <ele>1635.000</ele>
      </trkpt>
      <trkpt lat="42.578050000" lon="2.076040000">
        <ele>1638.000</ele>
      </trkpt>
      <trkpt lat="42.578010000" lon="2.075980000">
        <ele>1639.000</ele>
      </trkpt>
      <trkpt lat="42.577910000" lon="2.075800000">
        <ele>1641.000</ele>
      </trkpt>
      <trkpt lat="42.577860000" lon="2.075640000">
        <ele>1643.000</ele>
      </trkpt>
      <trkpt lat="42.577830000" lon="2.075490000">
        <ele>1644.000</ele>
      </trkpt>
      <trkpt lat="42.577820000" lon="2.075320000">
        <ele>1645.000</ele>
      </trkpt>
      <trkpt lat="42.577840000" lon="2.075150000">
        <ele>1647.000</ele>
      </trkpt>
      <trkpt lat="42.577850000" lon="2.075030000">
        <ele>1648.000</ele>
      </trkpt>
      <trkpt lat="42.577830000" lon="2.074940000">
        <ele>1649.000</ele>
      </trkpt>
      <trkpt lat="42.577820000" lon="2.074900000">
        <ele>1650.000</ele>
      </trkpt>
      <trkpt lat="42.577800000" lon="2.074850000">
        <ele>1650.000</ele>
      </trkpt>
      <trkpt lat="42.577690000" lon="2.074660000">
        <ele>1651.000</ele>
      </trkpt>
      <trkpt lat="42.577630000" lon="2.074550000">
        <ele>1651.000</ele>
      </trkpt>
      <trkpt lat="42.577580000" lon="2.074360000">
        <ele>1652.000</ele>
      </trkpt>
      <trkpt lat="42.577550000" lon="2.074230000">
        <ele>1652.000</ele>
      </trkpt>
      <trkpt lat="42.577540000" lon="2.074200000">
        <ele>1653.000</ele>
      </trkpt>
      <trkpt lat="42.577480000" lon="2.074150000">
        <ele>1653.000</ele>
      </trkpt>
      <trkpt lat="42.577420000" lon="2.074090000">
        <ele>1653.000</ele>
      </trkpt>
      <trkpt lat="42.577400000" lon="2.074020000">
        <ele>1654.000</ele>
      </trkpt>
      <trkpt lat="42.577420000" lon="2.073960000">
        <ele>1654.000</ele>
      </trkpt>
      <trkpt lat="42.577550000" lon="2.073770000">
        <ele>1654.000</ele>
      </trkpt>
      <trkpt lat="42.577610000" lon="2.073670000">
        <ele>1654.000</ele>
      </trkpt>
      <trkpt lat="42.577650000" lon="2.073590000">
        <ele>1655.000</ele>
      </trkpt>
      <trkpt lat="42.577680000" lon="2.073490000">
        <ele>1655.000</ele>
      </trkpt>
      <trkpt lat="42.577680000" lon="2.073430000">
        <ele>1655.000</ele>
      </trkpt>
      <trkpt lat="42.577670000" lon="2.073340000">
        <ele>1656.000</ele>
      </trkpt>
      <trkpt lat="42.577660000" lon="2.073250000">
        <ele>1656.000</ele>
      </trkpt>
      <trkpt lat="42.577650000" lon="2.073210000">
        <ele>1656.000</ele>
      </trkpt>
      <trkpt lat="42.577600000" lon="2.072980000">
        <ele>1656.000</ele>
      </trkpt>
      <trkpt lat="42.577580000" lon="2.072880000">
        <ele>1657.000</ele>
      </trkpt>
      <trkpt lat="42.577570000" lon="2.072840000">
        <ele>1657.000</ele>
      </trkpt>
      <trkpt lat="42.577570000" lon="2.072790000">
        <ele>1657.000</ele>
      </trkpt>
      <trkpt lat="42.577560000" lon="2.072740000">
        <ele>1657.000</ele>
      </trkpt>
      <trkpt lat="42.577550000" lon="2.072660000">
        <ele>1657.000</ele>
      </trkpt>
      <trkpt lat="42.577530000" lon="2.072590000">
        <ele>1657.000</ele>
      </trkpt>
      <trkpt lat="42.577520000" lon="2.072550000">
        <ele>1657.000</ele>
      </trkpt>
      <trkpt lat="42.577480000" lon="2.072330000">
        <ele>1657.000</ele>
      </trkpt>
      <trkpt lat="42.577440000" lon="2.072170000">
        <ele>1657.000</ele>
      </trkpt>
      <trkpt lat="42.577420000" lon="2.072060000">
        <ele>1657.000</ele>
      </trkpt>
      <trkpt lat="42.577400000" lon="2.072010000">
        <ele>1657.000</ele>
      </trkpt>
      <trkpt lat="42.577370000" lon="2.071920000">
        <ele>1657.000</ele>
      </trkpt>
      <trkpt lat="42.577330000" lon="2.071810000">
        <ele>1657.000</ele>
      </trkpt>
      <trkpt lat="42.577270000" lon="2.071710000">
        <ele>1657.000</ele>
      </trkpt>
      <trkpt lat="42.577210000" lon="2.071610000">
        <ele>1657.000</ele>
      </trkpt>
      <trkpt lat="42.577140000" lon="2.071490000">
        <ele>1657.000</ele>
      </trkpt>
      <trkpt lat="42.576930000" lon="2.071150000">
        <ele>1657.000</ele>
      </trkpt>
      <trkpt lat="42.576850000" lon="2.071010000">
        <ele>1657.000</ele>
      </trkpt>
      <trkpt lat="42.576650000" lon="2.070680000">
        <ele>1657.000</ele>
      </trkpt>
      <trkpt lat="42.576340000" lon="2.070160000">
        <ele>1658.000</ele>
      </trkpt>
      <trkpt lat="42.576290000" lon="2.070080000">
        <ele>1658.000</ele>
      </trkpt>
      <trkpt lat="42.576260000" lon="2.070030000">
        <ele>1658.000</ele>
      </trkpt>
      <trkpt lat="42.576220000" lon="2.069980000">
        <ele>1658.000</ele>
      </trkpt>
      <trkpt lat="42.575930000" lon="2.069520000">
        <ele>1658.000</ele>
      </trkpt>
      <trkpt lat="42.575880000" lon="2.069470000">
        <ele>1658.000</ele>
      </trkpt>
      <trkpt lat="42.575800000" lon="2.069380000">
        <ele>1659.000</ele>
      </trkpt>
      <trkpt lat="42.575720000" lon="2.069320000">
        <ele>1659.000</ele>
      </trkpt>
      <trkpt lat="42.575610000" lon="2.069280000">
        <ele>1659.000</ele>
      </trkpt>
      <trkpt lat="42.575520000" lon="2.069270000">
        <ele>1659.000</ele>
      </trkpt>
      <trkpt lat="42.575430000" lon="2.069260000">
        <ele>1659.000</ele>
      </trkpt>
      <trkpt lat="42.575350000" lon="2.069280000">
        <ele>1659.000</ele>
      </trkpt>
      <trkpt lat="42.575280000" lon="2.069310000">
        <ele>1659.000</ele>
      </trkpt>
      <trkpt lat="42.575190000" lon="2.069390000">
        <ele>1659.000</ele>
      </trkpt>
      <trkpt lat="42.575110000" lon="2.069410000">
        <ele>1659.000</ele>
      </trkpt>
      <trkpt lat="42.575060000" lon="2.069430000">
        <ele>1659.000</ele>
      </trkpt>
      <trkpt lat="42.575030000" lon="2.069420000">
        <ele>1659.000</ele>
      </trkpt>
      <trkpt lat="42.575000000" lon="2.069410000">
        <ele>1659.000</ele>
      </trkpt>
      <trkpt lat="42.574970000" lon="2.069420000">
        <ele>1659.000</ele>
      </trkpt>
      <trkpt lat="42.574950000" lon="2.069450000">
        <ele>1659.000</ele>
      </trkpt>
      <trkpt lat="42.574930000" lon="2.069480000">
        <ele>1659.000</ele>
      </trkpt>
      <trkpt lat="42.574930000" lon="2.069510000">
        <ele>1659.000</ele>
      </trkpt>
      <trkpt lat="42.574930000" lon="2.069540000">
        <ele>1659.000</ele>
      </trkpt>
      <trkpt lat="42.574930000" lon="2.069570000">
        <ele>1659.000</ele>
      </trkpt>
      <trkpt lat="42.574940000" lon="2.069590000">
        <ele>1659.000</ele>
      </trkpt>
      <trkpt lat="42.574880000" lon="2.069750000">
        <ele>1659.000</ele>
      </trkpt>
      <trkpt lat="42.574770000" lon="2.069920000">
        <ele>1659.000</ele>
      </trkpt>
      <trkpt lat="42.574630000" lon="2.070100000">
        <ele>1658.000</ele>
      </trkpt>
      <trkpt lat="42.574580000" lon="2.070150000">
        <ele>1658.000</ele>
      </trkpt>
      <trkpt lat="42.574490000" lon="2.070220000">
        <ele>1658.000</ele>
      </trkpt>
      <trkpt lat="42.574390000" lon="2.070260000">
        <ele>1658.000</ele>
      </trkpt>
      <trkpt lat="42.574160000" lon="2.070320000">
        <ele>1658.000</ele>
      </trkpt>
      <trkpt lat="42.573540000" lon="2.070470000">
        <ele>1657.000</ele>
      </trkpt>
      <trkpt lat="42.573490000" lon="2.070480000">
        <ele>1657.000</ele>
      </trkpt>
      <trkpt lat="42.573340000" lon="2.070530000">
        <ele>1657.000</ele>
      </trkpt>
      <trkpt lat="42.573170000" lon="2.070640000">
        <ele>1657.000</ele>
      </trkpt>
      <trkpt lat="42.573050000" lon="2.070760000">
        <ele>1658.000</ele>
      </trkpt>
      <trkpt lat="42.572880000" lon="2.070980000">
        <ele>1658.000</ele>
      </trkpt>
      <trkpt lat="42.572450000" lon="2.071540000">
        <ele>1659.000</ele>
      </trkpt>
      <trkpt lat="42.572400000" lon="2.071600000">
        <ele>1660.000</ele>
      </trkpt>
      <trkpt lat="42.572360000" lon="2.071660000">
        <ele>1660.000</ele>
      </trkpt>
      <trkpt lat="42.572300000" lon="2.071740000">
        <ele>1661.000</ele>
      </trkpt>
      <trkpt lat="42.571940000" lon="2.072200000">
        <ele>1662.000</ele>
      </trkpt>
      <trkpt lat="42.571830000" lon="2.072340000">
        <ele>1663.000</ele>
      </trkpt>
      <trkpt lat="42.571760000" lon="2.072420000">
        <ele>1663.000</ele>
      </trkpt>
      <trkpt lat="42.571720000" lon="2.072480000">
        <ele>1664.000</ele>
      </trkpt>
      <trkpt lat="42.571510000" lon="2.072710000">
        <ele>1664.000</ele>
      </trkpt>
      <trkpt lat="42.571440000" lon="2.072800000">
        <ele>1665.000</ele>
      </trkpt>
      <trkpt lat="42.571200000" lon="2.073080000">
        <ele>1666.000</ele>
      </trkpt>
      <trkpt lat="42.570870000" lon="2.073470000">
        <ele>1667.000</ele>
      </trkpt>
      <trkpt lat="42.570640000" lon="2.073710000">
        <ele>1668.000</ele>
      </trkpt>
      <trkpt lat="42.570520000" lon="2.073830000">
        <ele>1669.000</ele>
      </trkpt>
      <trkpt lat="42.570380000" lon="2.073910000">
        <ele>1670.000</ele>
      </trkpt>
      <trkpt lat="42.570170000" lon="2.073980000">
        <ele>1671.000</ele>
      </trkpt>
      <trkpt lat="42.569980000" lon="2.074030000">
        <ele>1672.000</ele>
      </trkpt>
      <trkpt lat="42.569910000" lon="2.074030000">
        <ele>1673.000</ele>
      </trkpt>
      <trkpt lat="42.569710000" lon="2.074030000">
        <ele>1674.000</ele>
      </trkpt>
      <trkpt lat="42.569550000" lon="2.073970000">
        <ele>1676.000</ele>
      </trkpt>
      <trkpt lat="42.569430000" lon="2.073880000">
        <ele>1677.000</ele>
      </trkpt>
      <trkpt lat="42.569290000" lon="2.073720000">
        <ele>1678.000</ele>
      </trkpt>
      <trkpt lat="42.569040000" lon="2.073390000">
        <ele>1680.000</ele>
      </trkpt>
      <trkpt lat="42.568920000" lon="2.073250000">
        <ele>1681.000</ele>
      </trkpt>
      <trkpt lat="42.568810000" lon="2.073180000">
        <ele>1683.000</ele>
      </trkpt>
      <trkpt lat="42.568700000" lon="2.073110000">
        <ele>1683.000</ele>
      </trkpt>
      <trkpt lat="42.568320000" lon="2.073010000">
        <ele>1684.000</ele>
      </trkpt>
      <trkpt lat="42.568020000" lon="2.072930000">
        <ele>1685.000</ele>
      </trkpt>
      <trkpt lat="42.567640000" lon="2.072770000">
        <ele>1687.000</ele>
      </trkpt>
      <trkpt lat="42.567660000" lon="2.072710000">
        <ele>1687.000</ele>
      </trkpt>
      <trkpt lat="42.567750000" lon="2.072670000">
        <ele>1688.000</ele>
      </trkpt>
      <trkpt lat="42.567810000" lon="2.072660000">
        <ele>1688.000</ele>
      </trkpt>
      <trkpt lat="42.568010000" lon="2.072680000">
        <ele>1689.000</ele>
      </trkpt>
      <trkpt lat="42.568010000" lon="2.072680000">
        <ele>1689.000</ele>
      </trkpt>
      <trkpt lat="42.568150000" lon="2.072700000">
        <ele>1690.000</ele>
      </trkpt>
      <trkpt lat="42.568360000" lon="2.072700000">
        <ele>1690.000</ele>
      </trkpt>
      <trkpt lat="42.568620000" lon="2.072740000">
        <ele>1692.000</ele>
      </trkpt>
      <trkpt lat="42.568800000" lon="2.072750000">
        <ele>1693.000</ele>
      </trkpt>
      <trkpt lat="42.568910000" lon="2.072710000">
        <ele>1694.000</ele>
      </trkpt>
      <trkpt lat="42.568940000" lon="2.072640000">
        <ele>1695.000</ele>
      </trkpt>
      <trkpt lat="42.568930000" lon="2.072560000">
        <ele>1695.000</ele>
      </trkpt>
      <trkpt lat="42.568890000" lon="2.072480000">
        <ele>1696.000</ele>
      </trkpt>
      <trkpt lat="42.568860000" lon="2.072440000">
        <ele>1696.000</ele>
      </trkpt>
      <trkpt lat="42.568320000" lon="2.072160000">
        <ele>1698.000</ele>
      </trkpt>
      <trkpt lat="42.568190000" lon="2.072060000">
        <ele>1700.000</ele>
      </trkpt>
      <trkpt lat="42.568150000" lon="2.072000000">
        <ele>1701.000</ele>
      </trkpt>
      <trkpt lat="42.568130000" lon="2.071920000">
        <ele>1702.000</ele>
      </trkpt>
      <trkpt lat="42.568150000" lon="2.071830000">
        <ele>1702.000</ele>
      </trkpt>
      <trkpt lat="42.568180000" lon="2.071770000">
        <ele>1703.000</ele>
      </trkpt>
      <trkpt lat="42.568260000" lon="2.071740000">
        <ele>1704.000</ele>
      </trkpt>
      <trkpt lat="42.568380000" lon="2.071760000">
        <ele>1704.000</ele>
      </trkpt>
      <trkpt lat="42.568940000" lon="2.071990000">
        <ele>1706.000</ele>
      </trkpt>
      <trkpt lat="42.569030000" lon="2.071990000">
        <ele>1707.000</ele>
      </trkpt>
      <trkpt lat="42.569070000" lon="2.071920000">
        <ele>1708.000</ele>
      </trkpt>
      <trkpt lat="42.569080000" lon="2.071860000">
        <ele>1709.000</ele>
      </trkpt>
      <trkpt lat="42.569070000" lon="2.071780000">
        <ele>1710.000</ele>
      </trkpt>
      <trkpt lat="42.569030000" lon="2.071720000">
        <ele>1711.000</ele>
      </trkpt>
      <trkpt lat="42.568890000" lon="2.071600000">
        <ele>1711.000</ele>
      </trkpt>
      <trkpt lat="42.568760000" lon="2.071500000">
        <ele>1712.000</ele>
      </trkpt>
      <trkpt lat="42.568700000" lon="2.071340000">
        <ele>1713.000</ele>
      </trkpt>
      <trkpt lat="42.568670000" lon="2.071160000">
        <ele>1714.000</ele>
      </trkpt>
      <trkpt lat="42.568650000" lon="2.070840000">
        <ele>1715.000</ele>
      </trkpt>
      <trkpt lat="42.568650000" lon="2.070730000">
        <ele>1716.000</ele>
      </trkpt>
      <trkpt lat="42.568660000" lon="2.070610000">
        <ele>1718.000</ele>
      </trkpt>
      <trkpt lat="42.568710000" lon="2.070460000">
        <ele>1719.000</ele>
      </trkpt>
      <trkpt lat="42.568840000" lon="2.070340000">
        <ele>1720.000</ele>
      </trkpt>
      <trkpt lat="42.569040000" lon="2.070240000">
        <ele>1722.000</ele>
      </trkpt>
      <trkpt lat="42.569260000" lon="2.070120000">
        <ele>1724.000</ele>
      </trkpt>
      <trkpt lat="42.569430000" lon="2.070000000">
        <ele>1726.000</ele>
      </trkpt>
      <trkpt lat="42.569500000" lon="2.069890000">
        <ele>1727.000</ele>
      </trkpt>
      <trkpt lat="42.569510000" lon="2.069800000">
        <ele>1729.000</ele>
      </trkpt>
      <trkpt lat="42.569480000" lon="2.069730000">
        <ele>1730.000</ele>
      </trkpt>
      <trkpt lat="42.569410000" lon="2.069690000">
        <ele>1731.000</ele>
      </trkpt>
      <trkpt lat="42.569240000" lon="2.069710000">
        <ele>1732.000</ele>
      </trkpt>
      <trkpt lat="42.568630000" lon="2.069840000">
        <ele>1735.000</ele>
      </trkpt>
      <trkpt lat="42.568480000" lon="2.069910000">
        <ele>1738.000</ele>
      </trkpt>
      <trkpt lat="42.568260000" lon="2.070030000">
        <ele>1740.000</ele>
      </trkpt>
      <trkpt lat="42.568110000" lon="2.070130000">
        <ele>1742.000</ele>
      </trkpt>
      <trkpt lat="42.567990000" lon="2.070180000">
        <ele>1744.000</ele>
      </trkpt>
      <trkpt lat="42.567730000" lon="2.070240000">
        <ele>1746.000</ele>
      </trkpt>
      <trkpt lat="42.567360000" lon="2.070300000">
        <ele>1749.000</ele>
      </trkpt>
      <trkpt lat="42.567030000" lon="2.070340000">
        <ele>1751.000</ele>
      </trkpt>
      <trkpt lat="42.566790000" lon="2.070330000">
        <ele>1754.000</ele>
      </trkpt>
      <trkpt lat="42.566530000" lon="2.070300000">
        <ele>1756.000</ele>
      </trkpt>
      <trkpt lat="42.566330000" lon="2.070290000">
        <ele>1758.000</ele>
      </trkpt>
      <trkpt lat="42.565930000" lon="2.070190000">
        <ele>1760.000</ele>
      </trkpt>
      <trkpt lat="42.565770000" lon="2.070130000">
        <ele>1762.000</ele>
      </trkpt>
      <trkpt lat="42.565650000" lon="2.070040000">
        <ele>1764.000</ele>
      </trkpt>
      <trkpt lat="42.565300000" lon="2.069760000">
        <ele>1766.000</ele>
      </trkpt>
      <trkpt lat="42.565150000" lon="2.069670000">
        <ele>1768.000</ele>
      </trkpt>
      <trkpt lat="42.564980000" lon="2.069620000">
        <ele>1769.000</ele>
      </trkpt>
      <trkpt lat="42.564660000" lon="2.069590000">
        <ele>1771.000</ele>
      </trkpt>
      <trkpt lat="42.564330000" lon="2.069520000">
        <ele>1772.000</ele>
      </trkpt>
      <trkpt lat="42.564140000" lon="2.069500000">
        <ele>1774.000</ele>
      </trkpt>
      <trkpt lat="42.563970000" lon="2.069500000">
        <ele>1775.000</ele>
      </trkpt>
      <trkpt lat="42.563720000" lon="2.069540000">
        <ele>1776.000</ele>
      </trkpt>
      <trkpt lat="42.563300000" lon="2.069600000">
        <ele>1777.000</ele>
      </trkpt>
      <trkpt lat="42.563140000" lon="2.069550000">
        <ele>1778.000</ele>
      </trkpt>
      <trkpt lat="42.562960000" lon="2.069390000">
        <ele>1780.000</ele>
      </trkpt>
      <trkpt lat="42.562860000" lon="2.069240000">
        <ele>1781.000</ele>
      </trkpt>
      <trkpt lat="42.562820000" lon="2.069120000">
        <ele>1782.000</ele>
      </trkpt>
      <trkpt lat="42.562760000" lon="2.068940000">
        <ele>1783.000</ele>
      </trkpt>
      <trkpt lat="42.562720000" lon="2.068710000">
        <ele>1785.000</ele>
      </trkpt>
      <trkpt lat="42.562730000" lon="2.068430000">
        <ele>1786.000</ele>
      </trkpt>
      <trkpt lat="42.562770000" lon="2.068140000">
        <ele>1788.000</ele>
      </trkpt>
      <trkpt lat="42.562840000" lon="2.067980000">
        <ele>1789.000</ele>
      </trkpt>
      <trkpt lat="42.562840000" lon="2.067980000">
        <ele>1790.000</ele>
      </trkpt>
      <trkpt lat="42.562910000" lon="2.067810000">
        <ele>1791.000</ele>
      </trkpt>
      <trkpt lat="42.563090000" lon="2.067410000">
        <ele>1793.000</ele>
      </trkpt>
      <trkpt lat="42.563090000" lon="2.067410000">
        <ele>1794.000</ele>
      </trkpt>
      <trkpt lat="42.563090000" lon="2.067410000">
        <ele>1795.000</ele>
      </trkpt>
      <trkpt lat="42.563160000" lon="2.067270000">
        <ele>1796.000</ele>
      </trkpt>
      <trkpt lat="42.563240000" lon="2.067020000">
        <ele>1797.000</ele>
      </trkpt>
      <trkpt lat="42.563300000" lon="2.066860000">
        <ele>1797.000</ele>
      </trkpt>
      <trkpt lat="42.563350000" lon="2.066780000">
        <ele>1798.000</ele>
      </trkpt>
      <trkpt lat="42.563370000" lon="2.066720000">
        <ele>1799.000</ele>
      </trkpt>
      <trkpt lat="42.563410000" lon="2.066590000">
        <ele>1799.000</ele>
      </trkpt>
      <trkpt lat="42.563430000" lon="2.066460000">
        <ele>1800.000</ele>
      </trkpt>
      <trkpt lat="42.563560000" lon="2.066300000">
        <ele>1800.000</ele>
      </trkpt>
      <trkpt lat="42.563660000" lon="2.066190000">
        <ele>1801.000</ele>
      </trkpt>
    </trkseg>
  </trk>
</gpx>
