<?xml version="1.0" encoding="UTF-8"?>
<gpx version="1.0" creator="GPSBabel - https://www.gpsbabel.org" xmlns="http://www.topografix.com/GPX/1/0">
  <time>2026-06-19T07:15:42.895Z</time>
  <bounds minlat="43.129270000" minlon="-0.378160000" maxlat="43.583380000" maxlon="0.516080000"/>
  <trk>
    <trkseg>
      <trkpt lat="43.129270000" lon="0.417400000">
        <ele>594.000</ele>
      </trkpt>
      <trkpt lat="43.129640000" lon="0.417600000">
        <ele>593.000</ele>
      </trkpt>
      <trkpt lat="43.129710000" lon="0.417630000">
        <ele>593.000</ele>
      </trkpt>
      <trkpt lat="43.134790000" lon="0.420310000">
        <ele>588.000</ele>
      </trkpt>
      <trkpt lat="43.135430000" lon="0.420640000">
        <ele>584.000</ele>
      </trkpt>
      <trkpt lat="43.137610000" lon="0.421780000">
        <ele>582.000</ele>
      </trkpt>
      <trkpt lat="43.138240000" lon="0.422120000">
        <ele>580.000</ele>
      </trkpt>
      <trkpt lat="43.139310000" lon="0.422680000">
        <ele>578.000</ele>
      </trkpt>
      <trkpt lat="43.144270000" lon="0.425290000">
        <ele>574.000</ele>
      </trkpt>
      <trkpt lat="43.145340000" lon="0.425850000">
        <ele>571.000</ele>
      </trkpt>
      <trkpt lat="43.145610000" lon="0.425990000">
        <ele>569.000</ele>
      </trkpt>
      <trkpt lat="43.146240000" lon="0.426320000">
        <ele>567.000</ele>
      </trkpt>
      <trkpt lat="43.147660000" lon="0.427050000">
        <ele>565.000</ele>
      </trkpt>
      <trkpt lat="43.149100000" lon="0.427830000">
        <ele>563.000</ele>
      </trkpt>
      <trkpt lat="43.149210000" lon="0.427880000">
        <ele>561.000</ele>
      </trkpt>
      <trkpt lat="43.149580000" lon="0.428080000">
        <ele>560.000</ele>
      </trkpt>
      <trkpt lat="43.150010000" lon="0.428300000">
        <ele>559.000</ele>
      </trkpt>
      <trkpt lat="43.150910000" lon="0.428770000">
        <ele>558.000</ele>
      </trkpt>
      <trkpt lat="43.152120000" lon="0.429410000">
        <ele>558.000</ele>
      </trkpt>
      <trkpt lat="43.153010000" lon="0.429870000">
        <ele>558.000</ele>
      </trkpt>
      <trkpt lat="43.153040000" lon="0.429890000">
        <ele>558.000</ele>
      </trkpt>
      <trkpt lat="43.155470000" lon="0.431150000">
        <ele>558.000</ele>
      </trkpt>
      <trkpt lat="43.156270000" lon="0.431570000">
        <ele>559.000</ele>
      </trkpt>
      <trkpt lat="43.158740000" lon="0.432890000">
        <ele>559.000</ele>
      </trkpt>
      <trkpt lat="43.158750000" lon="0.432890000">
        <ele>559.000</ele>
      </trkpt>
      <trkpt lat="43.161510000" lon="0.434320000">
        <ele>559.000</ele>
      </trkpt>
      <trkpt lat="43.165450000" lon="0.436390000">
        <ele>557.000</ele>
      </trkpt>
      <trkpt lat="43.168040000" lon="0.437740000">
        <ele>554.000</ele>
      </trkpt>
      <trkpt lat="43.168930000" lon="0.438230000">
        <ele>552.000</ele>
      </trkpt>
      <trkpt lat="43.171180000" lon="0.439420000">
        <ele>549.000</ele>
      </trkpt>
      <trkpt lat="43.180650000" lon="0.444380000">
        <ele>543.000</ele>
      </trkpt>
      <trkpt lat="43.181510000" lon="0.444820000">
        <ele>538.000</ele>
      </trkpt>
      <trkpt lat="43.181700000" lon="0.444920000">
        <ele>535.000</ele>
      </trkpt>
      <trkpt lat="43.183110000" lon="0.445670000">
        <ele>533.000</ele>
      </trkpt>
      <trkpt lat="43.183830000" lon="0.446040000">
        <ele>531.000</ele>
      </trkpt>
      <trkpt lat="43.184510000" lon="0.446400000">
        <ele>530.000</ele>
      </trkpt>
      <trkpt lat="43.184740000" lon="0.446530000">
        <ele>529.000</ele>
      </trkpt>
      <trkpt lat="43.185020000" lon="0.446680000">
        <ele>528.000</ele>
      </trkpt>
      <trkpt lat="43.185150000" lon="0.446770000">
        <ele>527.000</ele>
      </trkpt>
      <trkpt lat="43.185310000" lon="0.446890000">
        <ele>527.000</ele>
      </trkpt>
      <trkpt lat="43.185480000" lon="0.447030000">
        <ele>526.000</ele>
      </trkpt>
      <trkpt lat="43.185950000" lon="0.447480000">
        <ele>526.000</ele>
      </trkpt>
      <trkpt lat="43.186290000" lon="0.447780000">
        <ele>525.000</ele>
      </trkpt>
      <trkpt lat="43.186470000" lon="0.447940000">
        <ele>524.000</ele>
      </trkpt>
      <trkpt lat="43.186600000" lon="0.448030000">
        <ele>524.000</ele>
      </trkpt>
      <trkpt lat="43.186760000" lon="0.448120000">
        <ele>523.000</ele>
      </trkpt>
      <trkpt lat="43.186890000" lon="0.448190000">
        <ele>522.000</ele>
      </trkpt>
      <trkpt lat="43.187030000" lon="0.448250000">
        <ele>522.000</ele>
      </trkpt>
      <trkpt lat="43.187290000" lon="0.448320000">
        <ele>521.000</ele>
      </trkpt>
      <trkpt lat="43.187450000" lon="0.448350000">
        <ele>520.000</ele>
      </trkpt>
      <trkpt lat="43.187800000" lon="0.448390000">
        <ele>519.000</ele>
      </trkpt>
      <trkpt lat="43.188170000" lon="0.448430000">
        <ele>518.000</ele>
      </trkpt>
      <trkpt lat="43.188780000" lon="0.448490000">
        <ele>517.000</ele>
      </trkpt>
      <trkpt lat="43.189200000" lon="0.448530000">
        <ele>515.000</ele>
      </trkpt>
      <trkpt lat="43.189480000" lon="0.448540000">
        <ele>515.000</ele>
      </trkpt>
      <trkpt lat="43.189770000" lon="0.448540000">
        <ele>514.000</ele>
      </trkpt>
      <trkpt lat="43.190070000" lon="0.448500000">
        <ele>513.000</ele>
      </trkpt>
      <trkpt lat="43.190460000" lon="0.448430000">
        <ele>513.000</ele>
      </trkpt>
      <trkpt lat="43.190830000" lon="0.448380000">
        <ele>512.000</ele>
      </trkpt>
      <trkpt lat="43.191110000" lon="0.448350000">
        <ele>512.000</ele>
      </trkpt>
      <trkpt lat="43.191420000" lon="0.448340000">
        <ele>511.000</ele>
      </trkpt>
      <trkpt lat="43.191860000" lon="0.448350000">
        <ele>510.000</ele>
      </trkpt>
      <trkpt lat="43.192480000" lon="0.448370000">
        <ele>508.000</ele>
      </trkpt>
      <trkpt lat="43.192690000" lon="0.448390000">
        <ele>507.000</ele>
      </trkpt>
      <trkpt lat="43.192820000" lon="0.448410000">
        <ele>506.000</ele>
      </trkpt>
      <trkpt lat="43.192980000" lon="0.448440000">
        <ele>505.000</ele>
      </trkpt>
      <trkpt lat="43.193090000" lon="0.448480000">
        <ele>505.000</ele>
      </trkpt>
      <trkpt lat="43.193220000" lon="0.448540000">
        <ele>505.000</ele>
      </trkpt>
      <trkpt lat="43.193410000" lon="0.448660000">
        <ele>504.000</ele>
      </trkpt>
      <trkpt lat="43.193890000" lon="0.448910000">
        <ele>504.000</ele>
      </trkpt>
      <trkpt lat="43.194130000" lon="0.449030000">
        <ele>503.000</ele>
      </trkpt>
      <trkpt lat="43.194930000" lon="0.449410000">
        <ele>503.000</ele>
      </trkpt>
      <trkpt lat="43.195810000" lon="0.449880000">
        <ele>503.000</ele>
      </trkpt>
      <trkpt lat="43.196010000" lon="0.450000000">
        <ele>503.000</ele>
      </trkpt>
      <trkpt lat="43.196180000" lon="0.450150000">
        <ele>503.000</ele>
      </trkpt>
      <trkpt lat="43.196330000" lon="0.450330000">
        <ele>503.000</ele>
      </trkpt>
      <trkpt lat="43.196410000" lon="0.450440000">
        <ele>503.000</ele>
      </trkpt>
      <trkpt lat="43.196490000" lon="0.450600000">
        <ele>503.000</ele>
      </trkpt>
      <trkpt lat="43.196590000" lon="0.450880000">
        <ele>503.000</ele>
      </trkpt>
      <trkpt lat="43.197250000" lon="0.452960000">
        <ele>504.000</ele>
      </trkpt>
      <trkpt lat="43.197360000" lon="0.453240000">
        <ele>504.000</ele>
      </trkpt>
      <trkpt lat="43.197470000" lon="0.453510000">
        <ele>504.000</ele>
      </trkpt>
      <trkpt lat="43.197580000" lon="0.453720000">
        <ele>504.000</ele>
      </trkpt>
      <trkpt lat="43.197680000" lon="0.453890000">
        <ele>504.000</ele>
      </trkpt>
      <trkpt lat="43.197760000" lon="0.454040000">
        <ele>503.000</ele>
      </trkpt>
      <trkpt lat="43.197860000" lon="0.454210000">
        <ele>503.000</ele>
      </trkpt>
      <trkpt lat="43.198140000" lon="0.454580000">
        <ele>503.000</ele>
      </trkpt>
      <trkpt lat="43.198380000" lon="0.454820000">
        <ele>503.000</ele>
      </trkpt>
      <trkpt lat="43.198630000" lon="0.455030000">
        <ele>502.000</ele>
      </trkpt>
      <trkpt lat="43.199320000" lon="0.455590000">
        <ele>501.000</ele>
      </trkpt>
      <trkpt lat="43.199680000" lon="0.455920000">
        <ele>499.000</ele>
      </trkpt>
      <trkpt lat="43.199770000" lon="0.456000000">
        <ele>497.000</ele>
      </trkpt>
      <trkpt lat="43.199840000" lon="0.456090000">
        <ele>496.000</ele>
      </trkpt>
      <trkpt lat="43.199950000" lon="0.456220000">
        <ele>495.000</ele>
      </trkpt>
      <trkpt lat="43.200030000" lon="0.456360000">
        <ele>494.000</ele>
      </trkpt>
      <trkpt lat="43.200090000" lon="0.456490000">
        <ele>493.000</ele>
      </trkpt>
      <trkpt lat="43.200500000" lon="0.457270000">
        <ele>491.000</ele>
      </trkpt>
      <trkpt lat="43.200640000" lon="0.457460000">
        <ele>488.000</ele>
      </trkpt>
      <trkpt lat="43.200750000" lon="0.457610000">
        <ele>486.000</ele>
      </trkpt>
      <trkpt lat="43.200860000" lon="0.457730000">
        <ele>484.000</ele>
      </trkpt>
      <trkpt lat="43.201010000" lon="0.457850000">
        <ele>483.000</ele>
      </trkpt>
      <trkpt lat="43.202760000" lon="0.459180000">
        <ele>476.000</ele>
      </trkpt>
      <trkpt lat="43.203050000" lon="0.459420000">
        <ele>470.000</ele>
      </trkpt>
      <trkpt lat="43.203180000" lon="0.459560000">
        <ele>465.000</ele>
      </trkpt>
      <trkpt lat="43.203290000" lon="0.459690000">
        <ele>462.000</ele>
      </trkpt>
      <trkpt lat="43.203340000" lon="0.459810000">
        <ele>459.000</ele>
      </trkpt>
      <trkpt lat="43.203430000" lon="0.460010000">
        <ele>457.000</ele>
      </trkpt>
      <trkpt lat="43.203480000" lon="0.460130000">
        <ele>455.000</ele>
      </trkpt>
      <trkpt lat="43.203640000" lon="0.460590000">
        <ele>452.000</ele>
      </trkpt>
      <trkpt lat="43.203740000" lon="0.460880000">
        <ele>450.000</ele>
      </trkpt>
      <trkpt lat="43.203830000" lon="0.461090000">
        <ele>448.000</ele>
      </trkpt>
      <trkpt lat="43.203910000" lon="0.461240000">
        <ele>446.000</ele>
      </trkpt>
      <trkpt lat="43.204060000" lon="0.461470000">
        <ele>443.000</ele>
      </trkpt>
      <trkpt lat="43.204450000" lon="0.461900000">
        <ele>440.000</ele>
      </trkpt>
      <trkpt lat="43.204560000" lon="0.462020000">
        <ele>438.000</ele>
      </trkpt>
      <trkpt lat="43.204640000" lon="0.462150000">
        <ele>436.000</ele>
      </trkpt>
      <trkpt lat="43.204700000" lon="0.462290000">
        <ele>434.000</ele>
      </trkpt>
      <trkpt lat="43.204780000" lon="0.462520000">
        <ele>433.000</ele>
      </trkpt>
      <trkpt lat="43.204840000" lon="0.462750000">
        <ele>431.000</ele>
      </trkpt>
      <trkpt lat="43.204890000" lon="0.462960000">
        <ele>429.000</ele>
      </trkpt>
      <trkpt lat="43.204890000" lon="0.462980000">
        <ele>428.000</ele>
      </trkpt>
      <trkpt lat="43.204960000" lon="0.463300000">
        <ele>427.000</ele>
      </trkpt>
      <trkpt lat="43.204990000" lon="0.463400000">
        <ele>425.000</ele>
      </trkpt>
      <trkpt lat="43.205060000" lon="0.463570000">
        <ele>424.000</ele>
      </trkpt>
      <trkpt lat="43.205090000" lon="0.463630000">
        <ele>424.000</ele>
      </trkpt>
      <trkpt lat="43.205130000" lon="0.463700000">
        <ele>423.000</ele>
      </trkpt>
      <trkpt lat="43.205180000" lon="0.463800000">
        <ele>422.000</ele>
      </trkpt>
      <trkpt lat="43.205240000" lon="0.463870000">
        <ele>422.000</ele>
      </trkpt>
      <trkpt lat="43.205350000" lon="0.463980000">
        <ele>421.000</ele>
      </trkpt>
      <trkpt lat="43.205560000" lon="0.464170000">
        <ele>420.000</ele>
      </trkpt>
      <trkpt lat="43.205860000" lon="0.464430000">
        <ele>419.000</ele>
      </trkpt>
      <trkpt lat="43.206060000" lon="0.464610000">
        <ele>418.000</ele>
      </trkpt>
      <trkpt lat="43.206210000" lon="0.464750000">
        <ele>417.000</ele>
      </trkpt>
      <trkpt lat="43.206350000" lon="0.464910000">
        <ele>416.000</ele>
      </trkpt>
      <trkpt lat="43.206540000" lon="0.465130000">
        <ele>415.000</ele>
      </trkpt>
      <trkpt lat="43.206710000" lon="0.465340000">
        <ele>414.000</ele>
      </trkpt>
      <trkpt lat="43.206810000" lon="0.465460000">
        <ele>413.000</ele>
      </trkpt>
      <trkpt lat="43.206940000" lon="0.465580000">
        <ele>412.000</ele>
      </trkpt>
      <trkpt lat="43.207010000" lon="0.465630000">
        <ele>411.000</ele>
      </trkpt>
      <trkpt lat="43.207310000" lon="0.465820000">
        <ele>411.000</ele>
      </trkpt>
      <trkpt lat="43.208160000" lon="0.466370000">
        <ele>409.000</ele>
      </trkpt>
      <trkpt lat="43.208290000" lon="0.466470000">
        <ele>408.000</ele>
      </trkpt>
      <trkpt lat="43.208590000" lon="0.466700000">
        <ele>407.000</ele>
      </trkpt>
      <trkpt lat="43.208630000" lon="0.466730000">
        <ele>406.000</ele>
      </trkpt>
      <trkpt lat="43.210040000" lon="0.468020000">
        <ele>405.000</ele>
      </trkpt>
      <trkpt lat="43.211410000" lon="0.469250000">
        <ele>402.000</ele>
      </trkpt>
      <trkpt lat="43.213280000" lon="0.470930000">
        <ele>397.000</ele>
      </trkpt>
      <trkpt lat="43.214550000" lon="0.472080000">
        <ele>392.000</ele>
      </trkpt>
      <trkpt lat="43.214610000" lon="0.472130000">
        <ele>390.000</ele>
      </trkpt>
      <trkpt lat="43.217750000" lon="0.474980000">
        <ele>386.000</ele>
      </trkpt>
      <trkpt lat="43.221140000" lon="0.478030000">
        <ele>380.000</ele>
      </trkpt>
      <trkpt lat="43.221410000" lon="0.478280000">
        <ele>375.000</ele>
      </trkpt>
      <trkpt lat="43.222620000" lon="0.479380000">
        <ele>372.000</ele>
      </trkpt>
      <trkpt lat="43.224510000" lon="0.481070000">
        <ele>368.000</ele>
      </trkpt>
      <trkpt lat="43.225410000" lon="0.481880000">
        <ele>365.000</ele>
      </trkpt>
      <trkpt lat="43.225520000" lon="0.481970000">
        <ele>363.000</ele>
      </trkpt>
      <trkpt lat="43.225840000" lon="0.482280000">
        <ele>362.000</ele>
      </trkpt>
      <trkpt lat="43.226290000" lon="0.482690000">
        <ele>361.000</ele>
      </trkpt>
      <trkpt lat="43.227390000" lon="0.483680000">
        <ele>360.000</ele>
      </trkpt>
      <trkpt lat="43.227830000" lon="0.484070000">
        <ele>359.000</ele>
      </trkpt>
      <trkpt lat="43.228820000" lon="0.484960000">
        <ele>358.000</ele>
      </trkpt>
      <trkpt lat="43.230140000" lon="0.486140000">
        <ele>358.000</ele>
      </trkpt>
      <trkpt lat="43.234280000" lon="0.489900000">
        <ele>354.000</ele>
      </trkpt>
      <trkpt lat="43.235880000" lon="0.491330000">
        <ele>350.000</ele>
      </trkpt>
      <trkpt lat="43.236690000" lon="0.492060000">
        <ele>347.000</ele>
      </trkpt>
      <trkpt lat="43.238380000" lon="0.493580000">
        <ele>344.000</ele>
      </trkpt>
      <trkpt lat="43.239550000" lon="0.494650000">
        <ele>341.000</ele>
      </trkpt>
      <trkpt lat="43.241210000" lon="0.496150000">
        <ele>338.000</ele>
      </trkpt>
      <trkpt lat="43.241800000" lon="0.496650000">
        <ele>336.000</ele>
      </trkpt>
      <trkpt lat="43.242070000" lon="0.496840000">
        <ele>335.000</ele>
      </trkpt>
      <trkpt lat="43.242370000" lon="0.497020000">
        <ele>334.000</ele>
      </trkpt>
      <trkpt lat="43.242740000" lon="0.497200000">
        <ele>333.000</ele>
      </trkpt>
      <trkpt lat="43.242910000" lon="0.497270000">
        <ele>333.000</ele>
      </trkpt>
      <trkpt lat="43.243460000" lon="0.497480000">
        <ele>332.000</ele>
      </trkpt>
      <trkpt lat="43.243630000" lon="0.497550000">
        <ele>332.000</ele>
      </trkpt>
      <trkpt lat="43.244460000" lon="0.497870000">
        <ele>331.000</ele>
      </trkpt>
      <trkpt lat="43.244740000" lon="0.497970000">
        <ele>330.000</ele>
      </trkpt>
      <trkpt lat="43.247180000" lon="0.498870000">
        <ele>331.000</ele>
      </trkpt>
      <trkpt lat="43.247300000" lon="0.498920000">
        <ele>331.000</ele>
      </trkpt>
      <trkpt lat="43.249160000" lon="0.499600000">
        <ele>329.000</ele>
      </trkpt>
      <trkpt lat="43.249320000" lon="0.499660000">
        <ele>328.000</ele>
      </trkpt>
      <trkpt lat="43.249420000" lon="0.499690000">
        <ele>327.000</ele>
      </trkpt>
      <trkpt lat="43.254200000" lon="0.501490000">
        <ele>323.000</ele>
      </trkpt>
      <trkpt lat="43.256510000" lon="0.502350000">
        <ele>320.000</ele>
      </trkpt>
      <trkpt lat="43.256890000" lon="0.502480000">
        <ele>318.000</ele>
      </trkpt>
      <trkpt lat="43.257150000" lon="0.502580000">
        <ele>316.000</ele>
      </trkpt>
      <trkpt lat="43.258540000" lon="0.503090000">
        <ele>313.000</ele>
      </trkpt>
      <trkpt lat="43.258840000" lon="0.503210000">
        <ele>312.000</ele>
      </trkpt>
      <trkpt lat="43.259600000" lon="0.503490000">
        <ele>311.000</ele>
      </trkpt>
      <trkpt lat="43.261250000" lon="0.504100000">
        <ele>311.000</ele>
      </trkpt>
      <trkpt lat="43.263080000" lon="0.504780000">
        <ele>313.000</ele>
      </trkpt>
      <trkpt lat="43.264840000" lon="0.505440000">
        <ele>314.000</ele>
      </trkpt>
      <trkpt lat="43.264910000" lon="0.505460000">
        <ele>314.000</ele>
      </trkpt>
      <trkpt lat="43.264970000" lon="0.505490000">
        <ele>315.000</ele>
      </trkpt>
      <trkpt lat="43.266550000" lon="0.506080000">
        <ele>315.000</ele>
      </trkpt>
      <trkpt lat="43.266620000" lon="0.506100000">
        <ele>315.000</ele>
      </trkpt>
      <trkpt lat="43.267990000" lon="0.506620000">
        <ele>315.000</ele>
      </trkpt>
      <trkpt lat="43.268260000" lon="0.506730000">
        <ele>315.000</ele>
      </trkpt>
      <trkpt lat="43.268910000" lon="0.506960000">
        <ele>315.000</ele>
      </trkpt>
      <trkpt lat="43.269440000" lon="0.507160000">
        <ele>314.000</ele>
      </trkpt>
      <trkpt lat="43.271310000" lon="0.507870000">
        <ele>313.000</ele>
      </trkpt>
      <trkpt lat="43.274470000" lon="0.509050000">
        <ele>313.000</ele>
      </trkpt>
      <trkpt lat="43.275390000" lon="0.509390000">
        <ele>312.000</ele>
      </trkpt>
      <trkpt lat="43.276280000" lon="0.509710000">
        <ele>312.000</ele>
      </trkpt>
      <trkpt lat="43.278150000" lon="0.510400000">
        <ele>313.000</ele>
      </trkpt>
      <trkpt lat="43.279110000" lon="0.510750000">
        <ele>314.000</ele>
      </trkpt>
      <trkpt lat="43.279660000" lon="0.510960000">
        <ele>315.000</ele>
      </trkpt>
      <trkpt lat="43.280130000" lon="0.511120000">
        <ele>316.000</ele>
      </trkpt>
      <trkpt lat="43.280310000" lon="0.511190000">
        <ele>317.000</ele>
      </trkpt>
      <trkpt lat="43.280670000" lon="0.511330000">
        <ele>318.000</ele>
      </trkpt>
      <trkpt lat="43.281200000" lon="0.511540000">
        <ele>318.000</ele>
      </trkpt>
      <trkpt lat="43.281730000" lon="0.511740000">
        <ele>319.000</ele>
      </trkpt>
      <trkpt lat="43.287720000" lon="0.513970000">
        <ele>320.000</ele>
      </trkpt>
      <trkpt lat="43.287790000" lon="0.514000000">
        <ele>321.000</ele>
      </trkpt>
      <trkpt lat="43.291390000" lon="0.515320000">
        <ele>320.000</ele>
      </trkpt>
      <trkpt lat="43.292610000" lon="0.515770000">
        <ele>319.000</ele>
      </trkpt>
      <trkpt lat="43.292740000" lon="0.515820000">
        <ele>319.000</ele>
      </trkpt>
      <trkpt lat="43.292740000" lon="0.515820000">
        <ele>319.000</ele>
      </trkpt>
      <trkpt lat="43.292880000" lon="0.515870000">
        <ele>319.000</ele>
      </trkpt>
      <trkpt lat="43.293200000" lon="0.515990000">
        <ele>319.000</ele>
      </trkpt>
      <trkpt lat="43.293280000" lon="0.516020000">
        <ele>319.000</ele>
      </trkpt>
      <trkpt lat="43.293370000" lon="0.516070000">
        <ele>319.000</ele>
      </trkpt>
      <trkpt lat="43.293400000" lon="0.516080000">
        <ele>319.000</ele>
      </trkpt>
      <trkpt lat="43.293550000" lon="0.516080000">
        <ele>320.000</ele>
      </trkpt>
      <trkpt lat="43.293600000" lon="0.516030000">
        <ele>320.000</ele>
      </trkpt>
      <trkpt lat="43.293650000" lon="0.516010000">
        <ele>320.000</ele>
      </trkpt>
      <trkpt lat="43.293700000" lon="0.516010000">
        <ele>320.000</ele>
      </trkpt>
      <trkpt lat="43.293720000" lon="0.515980000">
        <ele>320.000</ele>
      </trkpt>
      <trkpt lat="43.293740000" lon="0.515960000">
        <ele>320.000</ele>
      </trkpt>
      <trkpt lat="43.293790000" lon="0.515910000">
        <ele>320.000</ele>
      </trkpt>
      <trkpt lat="43.293800000" lon="0.515880000">
        <ele>320.000</ele>
      </trkpt>
      <trkpt lat="43.293830000" lon="0.515820000">
        <ele>320.000</ele>
      </trkpt>
      <trkpt lat="43.293860000" lon="0.515710000">
        <ele>320.000</ele>
      </trkpt>
      <trkpt lat="43.293920000" lon="0.515490000">
        <ele>320.000</ele>
      </trkpt>
      <trkpt lat="43.294040000" lon="0.515060000">
        <ele>320.000</ele>
      </trkpt>
      <trkpt lat="43.294350000" lon="0.513920000">
        <ele>320.000</ele>
      </trkpt>
      <trkpt lat="43.294560000" lon="0.513160000">
        <ele>322.000</ele>
      </trkpt>
      <trkpt lat="43.294760000" lon="0.512370000">
        <ele>325.000</ele>
      </trkpt>
      <trkpt lat="43.294780000" lon="0.512300000">
        <ele>327.000</ele>
      </trkpt>
      <trkpt lat="43.294800000" lon="0.512260000">
        <ele>329.000</ele>
      </trkpt>
      <trkpt lat="43.294870000" lon="0.512010000">
        <ele>330.000</ele>
      </trkpt>
      <trkpt lat="43.295150000" lon="0.510970000">
        <ele>334.000</ele>
      </trkpt>
      <trkpt lat="43.295170000" lon="0.510870000">
        <ele>336.000</ele>
      </trkpt>
      <trkpt lat="43.295190000" lon="0.510810000">
        <ele>338.000</ele>
      </trkpt>
      <trkpt lat="43.295240000" lon="0.510600000">
        <ele>340.000</ele>
      </trkpt>
      <trkpt lat="43.295240000" lon="0.510600000">
        <ele>341.000</ele>
      </trkpt>
      <trkpt lat="43.295240000" lon="0.510580000">
        <ele>342.000</ele>
      </trkpt>
      <trkpt lat="43.295260000" lon="0.510460000">
        <ele>343.000</ele>
      </trkpt>
      <trkpt lat="43.295270000" lon="0.510360000">
        <ele>344.000</ele>
      </trkpt>
      <trkpt lat="43.295270000" lon="0.510200000">
        <ele>345.000</ele>
      </trkpt>
      <trkpt lat="43.295250000" lon="0.510030000">
        <ele>346.000</ele>
      </trkpt>
      <trkpt lat="43.295220000" lon="0.509880000">
        <ele>347.000</ele>
      </trkpt>
      <trkpt lat="43.295160000" lon="0.509720000">
        <ele>348.000</ele>
      </trkpt>
      <trkpt lat="43.295060000" lon="0.509460000">
        <ele>349.000</ele>
      </trkpt>
      <trkpt lat="43.294930000" lon="0.509200000">
        <ele>351.000</ele>
      </trkpt>
      <trkpt lat="43.294890000" lon="0.509130000">
        <ele>353.000</ele>
      </trkpt>
      <trkpt lat="43.294790000" lon="0.508940000">
        <ele>354.000</ele>
      </trkpt>
      <trkpt lat="43.294650000" lon="0.508690000">
        <ele>356.000</ele>
      </trkpt>
      <trkpt lat="43.294610000" lon="0.508600000">
        <ele>357.000</ele>
      </trkpt>
      <trkpt lat="43.294560000" lon="0.508480000">
        <ele>358.000</ele>
      </trkpt>
      <trkpt lat="43.294550000" lon="0.508450000">
        <ele>359.000</ele>
      </trkpt>
      <trkpt lat="43.294500000" lon="0.508280000">
        <ele>360.000</ele>
      </trkpt>
      <trkpt lat="43.294480000" lon="0.508180000">
        <ele>360.000</ele>
      </trkpt>
      <trkpt lat="43.294480000" lon="0.507940000">
        <ele>361.000</ele>
      </trkpt>
      <trkpt lat="43.294490000" lon="0.507790000">
        <ele>362.000</ele>
      </trkpt>
      <trkpt lat="43.294510000" lon="0.507690000">
        <ele>362.000</ele>
      </trkpt>
      <trkpt lat="43.294510000" lon="0.507660000">
        <ele>363.000</ele>
      </trkpt>
      <trkpt lat="43.294530000" lon="0.507530000">
        <ele>363.000</ele>
      </trkpt>
      <trkpt lat="43.294560000" lon="0.507250000">
        <ele>364.000</ele>
      </trkpt>
      <trkpt lat="43.294590000" lon="0.507090000">
        <ele>364.000</ele>
      </trkpt>
      <trkpt lat="43.294610000" lon="0.506960000">
        <ele>365.000</ele>
      </trkpt>
      <trkpt lat="43.294620000" lon="0.506920000">
        <ele>365.000</ele>
      </trkpt>
      <trkpt lat="43.294630000" lon="0.506770000">
        <ele>366.000</ele>
      </trkpt>
      <trkpt lat="43.294640000" lon="0.506740000">
        <ele>366.000</ele>
      </trkpt>
      <trkpt lat="43.294630000" lon="0.506550000">
        <ele>366.000</ele>
      </trkpt>
      <trkpt lat="43.294620000" lon="0.506380000">
        <ele>367.000</ele>
      </trkpt>
      <trkpt lat="43.294600000" lon="0.506200000">
        <ele>367.000</ele>
      </trkpt>
      <trkpt lat="43.294590000" lon="0.506070000">
        <ele>368.000</ele>
      </trkpt>
      <trkpt lat="43.294580000" lon="0.506000000">
        <ele>368.000</ele>
      </trkpt>
      <trkpt lat="43.294550000" lon="0.505890000">
        <ele>368.000</ele>
      </trkpt>
      <trkpt lat="43.294540000" lon="0.505840000">
        <ele>368.000</ele>
      </trkpt>
      <trkpt lat="43.294500000" lon="0.505750000">
        <ele>368.000</ele>
      </trkpt>
      <trkpt lat="43.294470000" lon="0.505680000">
        <ele>368.000</ele>
      </trkpt>
      <trkpt lat="43.294410000" lon="0.505550000">
        <ele>368.000</ele>
      </trkpt>
      <trkpt lat="43.294380000" lon="0.505490000">
        <ele>367.000</ele>
      </trkpt>
      <trkpt lat="43.294380000" lon="0.505480000">
        <ele>367.000</ele>
      </trkpt>
      <trkpt lat="43.294360000" lon="0.505430000">
        <ele>367.000</ele>
      </trkpt>
      <trkpt lat="43.294330000" lon="0.505390000">
        <ele>367.000</ele>
      </trkpt>
      <trkpt lat="43.294320000" lon="0.505370000">
        <ele>367.000</ele>
      </trkpt>
      <trkpt lat="43.294280000" lon="0.505300000">
        <ele>367.000</ele>
      </trkpt>
      <trkpt lat="43.294300000" lon="0.505280000">
        <ele>367.000</ele>
      </trkpt>
      <trkpt lat="43.294320000" lon="0.505260000">
        <ele>367.000</ele>
      </trkpt>
      <trkpt lat="43.294330000" lon="0.505230000">
        <ele>367.000</ele>
      </trkpt>
      <trkpt lat="43.294330000" lon="0.505190000">
        <ele>367.000</ele>
      </trkpt>
      <trkpt lat="43.294330000" lon="0.505150000">
        <ele>366.000</ele>
      </trkpt>
      <trkpt lat="43.294310000" lon="0.505120000">
        <ele>366.000</ele>
      </trkpt>
      <trkpt lat="43.294290000" lon="0.505100000">
        <ele>366.000</ele>
      </trkpt>
      <trkpt lat="43.294330000" lon="0.504990000">
        <ele>366.000</ele>
      </trkpt>
      <trkpt lat="43.294350000" lon="0.504950000">
        <ele>366.000</ele>
      </trkpt>
      <trkpt lat="43.294420000" lon="0.504740000">
        <ele>366.000</ele>
      </trkpt>
      <trkpt lat="43.294450000" lon="0.504660000">
        <ele>366.000</ele>
      </trkpt>
      <trkpt lat="43.294490000" lon="0.504550000">
        <ele>365.000</ele>
      </trkpt>
      <trkpt lat="43.294930000" lon="0.503250000">
        <ele>364.000</ele>
      </trkpt>
      <trkpt lat="43.294980000" lon="0.503070000">
        <ele>364.000</ele>
      </trkpt>
      <trkpt lat="43.295000000" lon="0.502920000">
        <ele>363.000</ele>
      </trkpt>
      <trkpt lat="43.295000000" lon="0.502780000">
        <ele>362.000</ele>
      </trkpt>
      <trkpt lat="43.294990000" lon="0.502710000">
        <ele>361.000</ele>
      </trkpt>
      <trkpt lat="43.294970000" lon="0.502630000">
        <ele>361.000</ele>
      </trkpt>
      <trkpt lat="43.294920000" lon="0.502480000">
        <ele>360.000</ele>
      </trkpt>
      <trkpt lat="43.294850000" lon="0.502360000">
        <ele>360.000</ele>
      </trkpt>
      <trkpt lat="43.294790000" lon="0.502270000">
        <ele>359.000</ele>
      </trkpt>
      <trkpt lat="43.294580000" lon="0.502030000">
        <ele>358.000</ele>
      </trkpt>
      <trkpt lat="43.294270000" lon="0.501650000">
        <ele>357.000</ele>
      </trkpt>
      <trkpt lat="43.294160000" lon="0.501490000">
        <ele>355.000</ele>
      </trkpt>
      <trkpt lat="43.294110000" lon="0.501330000">
        <ele>354.000</ele>
      </trkpt>
      <trkpt lat="43.294090000" lon="0.501180000">
        <ele>353.000</ele>
      </trkpt>
      <trkpt lat="43.294090000" lon="0.500990000">
        <ele>352.000</ele>
      </trkpt>
      <trkpt lat="43.294170000" lon="0.500700000">
        <ele>351.000</ele>
      </trkpt>
      <trkpt lat="43.294260000" lon="0.500420000">
        <ele>349.000</ele>
      </trkpt>
      <trkpt lat="43.294440000" lon="0.500050000">
        <ele>347.000</ele>
      </trkpt>
      <trkpt lat="43.294650000" lon="0.499690000">
        <ele>345.000</ele>
      </trkpt>
      <trkpt lat="43.294840000" lon="0.499420000">
        <ele>342.000</ele>
      </trkpt>
      <trkpt lat="43.295070000" lon="0.499140000">
        <ele>340.000</ele>
      </trkpt>
      <trkpt lat="43.295240000" lon="0.498980000">
        <ele>337.000</ele>
      </trkpt>
      <trkpt lat="43.295400000" lon="0.498850000">
        <ele>334.000</ele>
      </trkpt>
      <trkpt lat="43.295590000" lon="0.498740000">
        <ele>332.000</ele>
      </trkpt>
      <trkpt lat="43.295800000" lon="0.498640000">
        <ele>329.000</ele>
      </trkpt>
      <trkpt lat="43.295840000" lon="0.498620000">
        <ele>327.000</ele>
      </trkpt>
      <trkpt lat="43.295980000" lon="0.498570000">
        <ele>325.000</ele>
      </trkpt>
      <trkpt lat="43.296560000" lon="0.498280000">
        <ele>321.000</ele>
      </trkpt>
      <trkpt lat="43.296740000" lon="0.498150000">
        <ele>317.000</ele>
      </trkpt>
      <trkpt lat="43.296950000" lon="0.497940000">
        <ele>315.000</ele>
      </trkpt>
      <trkpt lat="43.297090000" lon="0.497810000">
        <ele>313.000</ele>
      </trkpt>
      <trkpt lat="43.297310000" lon="0.497560000">
        <ele>312.000</ele>
      </trkpt>
      <trkpt lat="43.297510000" lon="0.497310000">
        <ele>312.000</ele>
      </trkpt>
      <trkpt lat="43.297670000" lon="0.497060000">
        <ele>312.000</ele>
      </trkpt>
      <trkpt lat="43.297810000" lon="0.496780000">
        <ele>312.000</ele>
      </trkpt>
      <trkpt lat="43.297940000" lon="0.496510000">
        <ele>312.000</ele>
      </trkpt>
      <trkpt lat="43.298310000" lon="0.495690000">
        <ele>313.000</ele>
      </trkpt>
      <trkpt lat="43.298630000" lon="0.494970000">
        <ele>314.000</ele>
      </trkpt>
      <trkpt lat="43.298940000" lon="0.494290000">
        <ele>316.000</ele>
      </trkpt>
      <trkpt lat="43.298940000" lon="0.494290000">
        <ele>317.000</ele>
      </trkpt>
      <trkpt lat="43.299210000" lon="0.493670000">
        <ele>319.000</ele>
      </trkpt>
      <trkpt lat="43.299270000" lon="0.493550000">
        <ele>320.000</ele>
      </trkpt>
      <trkpt lat="43.299830000" lon="0.492310000">
        <ele>322.000</ele>
      </trkpt>
      <trkpt lat="43.299940000" lon="0.492050000">
        <ele>323.000</ele>
      </trkpt>
      <trkpt lat="43.300040000" lon="0.491770000">
        <ele>325.000</ele>
      </trkpt>
      <trkpt lat="43.300130000" lon="0.491500000">
        <ele>326.000</ele>
      </trkpt>
      <trkpt lat="43.300200000" lon="0.491220000">
        <ele>327.000</ele>
      </trkpt>
      <trkpt lat="43.300230000" lon="0.491000000">
        <ele>327.000</ele>
      </trkpt>
      <trkpt lat="43.300230000" lon="0.490860000">
        <ele>327.000</ele>
      </trkpt>
      <trkpt lat="43.300220000" lon="0.490730000">
        <ele>327.000</ele>
      </trkpt>
      <trkpt lat="43.300190000" lon="0.490610000">
        <ele>327.000</ele>
      </trkpt>
      <trkpt lat="43.300110000" lon="0.490440000">
        <ele>326.000</ele>
      </trkpt>
      <trkpt lat="43.299950000" lon="0.490200000">
        <ele>326.000</ele>
      </trkpt>
      <trkpt lat="43.299770000" lon="0.489950000">
        <ele>325.000</ele>
      </trkpt>
      <trkpt lat="43.299370000" lon="0.489460000">
        <ele>323.000</ele>
      </trkpt>
      <trkpt lat="43.299240000" lon="0.489280000">
        <ele>322.000</ele>
      </trkpt>
      <trkpt lat="43.299150000" lon="0.489110000">
        <ele>321.000</ele>
      </trkpt>
      <trkpt lat="43.299030000" lon="0.488820000">
        <ele>319.000</ele>
      </trkpt>
      <trkpt lat="43.298920000" lon="0.488490000">
        <ele>317.000</ele>
      </trkpt>
      <trkpt lat="43.298820000" lon="0.488260000">
        <ele>316.000</ele>
      </trkpt>
      <trkpt lat="43.298650000" lon="0.487960000">
        <ele>314.000</ele>
      </trkpt>
      <trkpt lat="43.298430000" lon="0.487620000">
        <ele>311.000</ele>
      </trkpt>
      <trkpt lat="43.297950000" lon="0.486920000">
        <ele>308.000</ele>
      </trkpt>
      <trkpt lat="43.297830000" lon="0.486740000">
        <ele>305.000</ele>
      </trkpt>
      <trkpt lat="43.297780000" lon="0.486620000">
        <ele>303.000</ele>
      </trkpt>
      <trkpt lat="43.297740000" lon="0.486490000">
        <ele>301.000</ele>
      </trkpt>
      <trkpt lat="43.297730000" lon="0.486360000">
        <ele>300.000</ele>
      </trkpt>
      <trkpt lat="43.297730000" lon="0.486200000">
        <ele>299.000</ele>
      </trkpt>
      <trkpt lat="43.297750000" lon="0.486060000">
        <ele>298.000</ele>
      </trkpt>
      <trkpt lat="43.297840000" lon="0.485730000">
        <ele>297.000</ele>
      </trkpt>
      <trkpt lat="43.298510000" lon="0.483990000">
        <ele>293.000</ele>
      </trkpt>
      <trkpt lat="43.299220000" lon="0.482120000">
        <ele>292.000</ele>
      </trkpt>
      <trkpt lat="43.299530000" lon="0.481310000">
        <ele>293.000</ele>
      </trkpt>
      <trkpt lat="43.299850000" lon="0.480450000">
        <ele>293.000</ele>
      </trkpt>
      <trkpt lat="43.299980000" lon="0.480110000">
        <ele>294.000</ele>
      </trkpt>
      <trkpt lat="43.300040000" lon="0.479950000">
        <ele>294.000</ele>
      </trkpt>
      <trkpt lat="43.300370000" lon="0.479080000">
        <ele>295.000</ele>
      </trkpt>
      <trkpt lat="43.300630000" lon="0.478390000">
        <ele>295.000</ele>
      </trkpt>
      <trkpt lat="43.301580000" lon="0.475860000">
        <ele>298.000</ele>
      </trkpt>
      <trkpt lat="43.301770000" lon="0.475380000">
        <ele>302.000</ele>
      </trkpt>
      <trkpt lat="43.301860000" lon="0.475130000">
        <ele>304.000</ele>
      </trkpt>
      <trkpt lat="43.302090000" lon="0.474530000">
        <ele>307.000</ele>
      </trkpt>
      <trkpt lat="43.302990000" lon="0.472470000">
        <ele>314.000</ele>
      </trkpt>
      <trkpt lat="43.303160000" lon="0.472100000">
        <ele>319.000</ele>
      </trkpt>
      <trkpt lat="43.303190000" lon="0.472020000">
        <ele>322.000</ele>
      </trkpt>
      <trkpt lat="43.303440000" lon="0.471470000">
        <ele>325.000</ele>
      </trkpt>
      <trkpt lat="43.303530000" lon="0.471300000">
        <ele>327.000</ele>
      </trkpt>
      <trkpt lat="43.303620000" lon="0.471170000">
        <ele>329.000</ele>
      </trkpt>
      <trkpt lat="43.303690000" lon="0.471090000">
        <ele>330.000</ele>
      </trkpt>
      <trkpt lat="43.303790000" lon="0.471010000">
        <ele>331.000</ele>
      </trkpt>
      <trkpt lat="43.303910000" lon="0.470930000">
        <ele>332.000</ele>
      </trkpt>
      <trkpt lat="43.304080000" lon="0.470880000">
        <ele>333.000</ele>
      </trkpt>
      <trkpt lat="43.304270000" lon="0.470860000">
        <ele>334.000</ele>
      </trkpt>
      <trkpt lat="43.305080000" lon="0.470760000">
        <ele>335.000</ele>
      </trkpt>
      <trkpt lat="43.305210000" lon="0.470750000">
        <ele>336.000</ele>
      </trkpt>
      <trkpt lat="43.305300000" lon="0.470720000">
        <ele>336.000</ele>
      </trkpt>
      <trkpt lat="43.305380000" lon="0.470700000">
        <ele>336.000</ele>
      </trkpt>
      <trkpt lat="43.305440000" lon="0.470650000">
        <ele>337.000</ele>
      </trkpt>
      <trkpt lat="43.305500000" lon="0.470580000">
        <ele>337.000</ele>
      </trkpt>
      <trkpt lat="43.305550000" lon="0.470530000">
        <ele>337.000</ele>
      </trkpt>
      <trkpt lat="43.305590000" lon="0.470450000">
        <ele>337.000</ele>
      </trkpt>
      <trkpt lat="43.305620000" lon="0.470360000">
        <ele>338.000</ele>
      </trkpt>
      <trkpt lat="43.305630000" lon="0.470260000">
        <ele>338.000</ele>
      </trkpt>
      <trkpt lat="43.305630000" lon="0.470200000">
        <ele>338.000</ele>
      </trkpt>
      <trkpt lat="43.305620000" lon="0.470140000">
        <ele>338.000</ele>
      </trkpt>
      <trkpt lat="43.305590000" lon="0.470050000">
        <ele>338.000</ele>
      </trkpt>
      <trkpt lat="43.305540000" lon="0.469950000">
        <ele>338.000</ele>
      </trkpt>
      <trkpt lat="43.305470000" lon="0.469890000">
        <ele>338.000</ele>
      </trkpt>
      <trkpt lat="43.305390000" lon="0.469820000">
        <ele>338.000</ele>
      </trkpt>
      <trkpt lat="43.305110000" lon="0.469650000">
        <ele>337.000</ele>
      </trkpt>
      <trkpt lat="43.304970000" lon="0.469560000">
        <ele>336.000</ele>
      </trkpt>
      <trkpt lat="43.304780000" lon="0.469410000">
        <ele>335.000</ele>
      </trkpt>
      <trkpt lat="43.304700000" lon="0.469340000">
        <ele>334.000</ele>
      </trkpt>
      <trkpt lat="43.304230000" lon="0.468880000">
        <ele>332.000</ele>
      </trkpt>
      <trkpt lat="43.303700000" lon="0.468440000">
        <ele>329.000</ele>
      </trkpt>
      <trkpt lat="43.303380000" lon="0.468240000">
        <ele>326.000</ele>
      </trkpt>
      <trkpt lat="43.303030000" lon="0.468140000">
        <ele>323.000</ele>
      </trkpt>
      <trkpt lat="43.302760000" lon="0.468050000">
        <ele>320.000</ele>
      </trkpt>
      <trkpt lat="43.302200000" lon="0.467710000">
        <ele>317.000</ele>
      </trkpt>
      <trkpt lat="43.301870000" lon="0.467580000">
        <ele>314.000</ele>
      </trkpt>
      <trkpt lat="43.301440000" lon="0.467490000">
        <ele>311.000</ele>
      </trkpt>
      <trkpt lat="43.301230000" lon="0.467490000">
        <ele>309.000</ele>
      </trkpt>
      <trkpt lat="43.301180000" lon="0.467490000">
        <ele>307.000</ele>
      </trkpt>
      <trkpt lat="43.300990000" lon="0.467480000">
        <ele>306.000</ele>
      </trkpt>
      <trkpt lat="43.300690000" lon="0.467420000">
        <ele>304.000</ele>
      </trkpt>
      <trkpt lat="43.300180000" lon="0.467210000">
        <ele>301.000</ele>
      </trkpt>
      <trkpt lat="43.299600000" lon="0.467070000">
        <ele>298.000</ele>
      </trkpt>
      <trkpt lat="43.299190000" lon="0.466910000">
        <ele>296.000</ele>
      </trkpt>
      <trkpt lat="43.298860000" lon="0.466700000">
        <ele>293.000</ele>
      </trkpt>
      <trkpt lat="43.298770000" lon="0.466620000">
        <ele>291.000</ele>
      </trkpt>
      <trkpt lat="43.298710000" lon="0.466530000">
        <ele>289.000</ele>
      </trkpt>
      <trkpt lat="43.298670000" lon="0.466430000">
        <ele>288.000</ele>
      </trkpt>
      <trkpt lat="43.298630000" lon="0.466320000">
        <ele>287.000</ele>
      </trkpt>
      <trkpt lat="43.298620000" lon="0.466160000">
        <ele>286.000</ele>
      </trkpt>
      <trkpt lat="43.298630000" lon="0.465990000">
        <ele>285.000</ele>
      </trkpt>
      <trkpt lat="43.298650000" lon="0.465680000">
        <ele>284.000</ele>
      </trkpt>
      <trkpt lat="43.298710000" lon="0.464930000">
        <ele>282.000</ele>
      </trkpt>
      <trkpt lat="43.298780000" lon="0.464080000">
        <ele>281.000</ele>
      </trkpt>
      <trkpt lat="43.298790000" lon="0.464050000">
        <ele>280.000</ele>
      </trkpt>
      <trkpt lat="43.298830000" lon="0.463540000">
        <ele>279.000</ele>
      </trkpt>
      <trkpt lat="43.299100000" lon="0.460490000">
        <ele>277.000</ele>
      </trkpt>
      <trkpt lat="43.299110000" lon="0.460350000">
        <ele>275.000</ele>
      </trkpt>
      <trkpt lat="43.299120000" lon="0.460240000">
        <ele>274.000</ele>
      </trkpt>
      <trkpt lat="43.299200000" lon="0.459350000">
        <ele>274.000</ele>
      </trkpt>
      <trkpt lat="43.299240000" lon="0.458930000">
        <ele>274.000</ele>
      </trkpt>
      <trkpt lat="43.299300000" lon="0.458170000">
        <ele>274.000</ele>
      </trkpt>
      <trkpt lat="43.299550000" lon="0.455390000">
        <ele>274.000</ele>
      </trkpt>
      <trkpt lat="43.299590000" lon="0.454900000">
        <ele>275.000</ele>
      </trkpt>
      <trkpt lat="43.299670000" lon="0.453970000">
        <ele>277.000</ele>
      </trkpt>
      <trkpt lat="43.299690000" lon="0.453760000">
        <ele>278.000</ele>
      </trkpt>
      <trkpt lat="43.299930000" lon="0.450800000">
        <ele>283.000</ele>
      </trkpt>
      <trkpt lat="43.300010000" lon="0.450040000">
        <ele>287.000</ele>
      </trkpt>
      <trkpt lat="43.300210000" lon="0.448550000">
        <ele>291.000</ele>
      </trkpt>
      <trkpt lat="43.300220000" lon="0.448400000">
        <ele>293.000</ele>
      </trkpt>
      <trkpt lat="43.300470000" lon="0.446560000">
        <ele>296.000</ele>
      </trkpt>
      <trkpt lat="43.300630000" lon="0.445460000">
        <ele>298.000</ele>
      </trkpt>
      <trkpt lat="43.301050000" lon="0.442420000">
        <ele>300.000</ele>
      </trkpt>
      <trkpt lat="43.301150000" lon="0.441690000">
        <ele>301.000</ele>
      </trkpt>
      <trkpt lat="43.301540000" lon="0.438920000">
        <ele>304.000</ele>
      </trkpt>
      <trkpt lat="43.301620000" lon="0.438370000">
        <ele>305.000</ele>
      </trkpt>
      <trkpt lat="43.301620000" lon="0.438330000">
        <ele>305.000</ele>
      </trkpt>
      <trkpt lat="43.301710000" lon="0.437780000">
        <ele>305.000</ele>
      </trkpt>
      <trkpt lat="43.301720000" lon="0.437620000">
        <ele>305.000</ele>
      </trkpt>
      <trkpt lat="43.301730000" lon="0.437410000">
        <ele>304.000</ele>
      </trkpt>
      <trkpt lat="43.301720000" lon="0.437290000">
        <ele>304.000</ele>
      </trkpt>
      <trkpt lat="43.301700000" lon="0.437170000">
        <ele>304.000</ele>
      </trkpt>
      <trkpt lat="43.301630000" lon="0.436980000">
        <ele>303.000</ele>
      </trkpt>
      <trkpt lat="43.301500000" lon="0.436770000">
        <ele>302.000</ele>
      </trkpt>
      <trkpt lat="43.301250000" lon="0.436410000">
        <ele>301.000</ele>
      </trkpt>
      <trkpt lat="43.301250000" lon="0.436410000">
        <ele>301.000</ele>
      </trkpt>
      <trkpt lat="43.301000000" lon="0.436060000">
        <ele>300.000</ele>
      </trkpt>
      <trkpt lat="43.300470000" lon="0.435430000">
        <ele>297.000</ele>
      </trkpt>
      <trkpt lat="43.299730000" lon="0.434670000">
        <ele>294.000</ele>
      </trkpt>
      <trkpt lat="43.299400000" lon="0.434340000">
        <ele>291.000</ele>
      </trkpt>
      <trkpt lat="43.298890000" lon="0.433850000">
        <ele>287.000</ele>
      </trkpt>
      <trkpt lat="43.298770000" lon="0.433710000">
        <ele>284.000</ele>
      </trkpt>
      <trkpt lat="43.298630000" lon="0.433440000">
        <ele>281.000</ele>
      </trkpt>
      <trkpt lat="43.298490000" lon="0.433070000">
        <ele>279.000</ele>
      </trkpt>
      <trkpt lat="43.298360000" lon="0.432580000">
        <ele>276.000</ele>
      </trkpt>
      <trkpt lat="43.298350000" lon="0.432340000">
        <ele>274.000</ele>
      </trkpt>
      <trkpt lat="43.298390000" lon="0.431800000">
        <ele>272.000</ele>
      </trkpt>
      <trkpt lat="43.298570000" lon="0.429800000">
        <ele>270.000</ele>
      </trkpt>
      <trkpt lat="43.298600000" lon="0.429490000">
        <ele>267.000</ele>
      </trkpt>
      <trkpt lat="43.298670000" lon="0.428740000">
        <ele>265.000</ele>
      </trkpt>
      <trkpt lat="43.298760000" lon="0.427750000">
        <ele>262.000</ele>
      </trkpt>
      <trkpt lat="43.298790000" lon="0.427460000">
        <ele>259.000</ele>
      </trkpt>
      <trkpt lat="43.298810000" lon="0.427180000">
        <ele>257.000</ele>
      </trkpt>
      <trkpt lat="43.298870000" lon="0.426650000">
        <ele>256.000</ele>
      </trkpt>
      <trkpt lat="43.298920000" lon="0.425910000">
        <ele>256.000</ele>
      </trkpt>
      <trkpt lat="43.299110000" lon="0.423850000">
        <ele>258.000</ele>
      </trkpt>
      <trkpt lat="43.299310000" lon="0.421420000">
        <ele>265.000</ele>
      </trkpt>
      <trkpt lat="43.299330000" lon="0.421200000">
        <ele>270.000</ele>
      </trkpt>
      <trkpt lat="43.299410000" lon="0.420260000">
        <ele>273.000</ele>
      </trkpt>
      <trkpt lat="43.299500000" lon="0.419300000">
        <ele>275.000</ele>
      </trkpt>
      <trkpt lat="43.299640000" lon="0.417730000">
        <ele>277.000</ele>
      </trkpt>
      <trkpt lat="43.299850000" lon="0.415430000">
        <ele>279.000</ele>
      </trkpt>
      <trkpt lat="43.299870000" lon="0.415180000">
        <ele>280.000</ele>
      </trkpt>
      <trkpt lat="43.300020000" lon="0.413440000">
        <ele>283.000</ele>
      </trkpt>
      <trkpt lat="43.300100000" lon="0.412540000">
        <ele>285.000</ele>
      </trkpt>
      <trkpt lat="43.300310000" lon="0.410120000">
        <ele>290.000</ele>
      </trkpt>
      <trkpt lat="43.300320000" lon="0.410050000">
        <ele>293.000</ele>
      </trkpt>
      <trkpt lat="43.300570000" lon="0.407250000">
        <ele>299.000</ele>
      </trkpt>
      <trkpt lat="43.300600000" lon="0.406860000">
        <ele>304.000</ele>
      </trkpt>
      <trkpt lat="43.300740000" lon="0.405190000">
        <ele>310.000</ele>
      </trkpt>
      <trkpt lat="43.300790000" lon="0.404560000">
        <ele>316.000</ele>
      </trkpt>
      <trkpt lat="43.300770000" lon="0.403920000">
        <ele>321.000</ele>
      </trkpt>
      <trkpt lat="43.300580000" lon="0.402370000">
        <ele>327.000</ele>
      </trkpt>
      <trkpt lat="43.300580000" lon="0.402220000">
        <ele>332.000</ele>
      </trkpt>
      <trkpt lat="43.300610000" lon="0.402070000">
        <ele>335.000</ele>
      </trkpt>
      <trkpt lat="43.300650000" lon="0.401940000">
        <ele>337.000</ele>
      </trkpt>
      <trkpt lat="43.300720000" lon="0.401790000">
        <ele>339.000</ele>
      </trkpt>
      <trkpt lat="43.300970000" lon="0.401420000">
        <ele>341.000</ele>
      </trkpt>
      <trkpt lat="43.301110000" lon="0.401290000">
        <ele>342.000</ele>
      </trkpt>
      <trkpt lat="43.301430000" lon="0.400980000">
        <ele>343.000</ele>
      </trkpt>
      <trkpt lat="43.301520000" lon="0.400860000">
        <ele>345.000</ele>
      </trkpt>
      <trkpt lat="43.301630000" lon="0.400710000">
        <ele>346.000</ele>
      </trkpt>
      <trkpt lat="43.301700000" lon="0.400580000">
        <ele>346.000</ele>
      </trkpt>
      <trkpt lat="43.301770000" lon="0.400420000">
        <ele>347.000</ele>
      </trkpt>
      <trkpt lat="43.301850000" lon="0.400150000">
        <ele>348.000</ele>
      </trkpt>
      <trkpt lat="43.301880000" lon="0.399960000">
        <ele>349.000</ele>
      </trkpt>
      <trkpt lat="43.301890000" lon="0.399640000">
        <ele>349.000</ele>
      </trkpt>
      <trkpt lat="43.301750000" lon="0.397840000">
        <ele>351.000</ele>
      </trkpt>
      <trkpt lat="43.301750000" lon="0.397800000">
        <ele>352.000</ele>
      </trkpt>
      <trkpt lat="43.301710000" lon="0.396890000">
        <ele>353.000</ele>
      </trkpt>
      <trkpt lat="43.301720000" lon="0.396550000">
        <ele>354.000</ele>
      </trkpt>
      <trkpt lat="43.301760000" lon="0.396260000">
        <ele>355.000</ele>
      </trkpt>
      <trkpt lat="43.301850000" lon="0.395880000">
        <ele>355.000</ele>
      </trkpt>
      <trkpt lat="43.301910000" lon="0.395670000">
        <ele>356.000</ele>
      </trkpt>
      <trkpt lat="43.302030000" lon="0.395280000">
        <ele>356.000</ele>
      </trkpt>
      <trkpt lat="43.302560000" lon="0.393530000">
        <ele>357.000</ele>
      </trkpt>
      <trkpt lat="43.302810000" lon="0.392750000">
        <ele>360.000</ele>
      </trkpt>
      <trkpt lat="43.303350000" lon="0.391220000">
        <ele>366.000</ele>
      </trkpt>
      <trkpt lat="43.303420000" lon="0.390960000">
        <ele>369.000</ele>
      </trkpt>
      <trkpt lat="43.303480000" lon="0.390630000">
        <ele>371.000</ele>
      </trkpt>
      <trkpt lat="43.303490000" lon="0.390390000">
        <ele>372.000</ele>
      </trkpt>
      <trkpt lat="43.303490000" lon="0.390090000">
        <ele>372.000</ele>
      </trkpt>
      <trkpt lat="43.303440000" lon="0.389780000">
        <ele>371.000</ele>
      </trkpt>
      <trkpt lat="43.303420000" lon="0.389420000">
        <ele>370.000</ele>
      </trkpt>
      <trkpt lat="43.303410000" lon="0.389220000">
        <ele>369.000</ele>
      </trkpt>
      <trkpt lat="43.303430000" lon="0.388990000">
        <ele>368.000</ele>
      </trkpt>
      <trkpt lat="43.303670000" lon="0.387740000">
        <ele>365.000</ele>
      </trkpt>
      <trkpt lat="43.303690000" lon="0.387590000">
        <ele>363.000</ele>
      </trkpt>
      <trkpt lat="43.303690000" lon="0.387440000">
        <ele>362.000</ele>
      </trkpt>
      <trkpt lat="43.303690000" lon="0.387280000">
        <ele>361.000</ele>
      </trkpt>
      <trkpt lat="43.303670000" lon="0.387190000">
        <ele>360.000</ele>
      </trkpt>
      <trkpt lat="43.303640000" lon="0.387080000">
        <ele>359.000</ele>
      </trkpt>
      <trkpt lat="43.303510000" lon="0.386680000">
        <ele>358.000</ele>
      </trkpt>
      <trkpt lat="43.303480000" lon="0.386510000">
        <ele>357.000</ele>
      </trkpt>
      <trkpt lat="43.303480000" lon="0.386400000">
        <ele>357.000</ele>
      </trkpt>
      <trkpt lat="43.303490000" lon="0.386230000">
        <ele>356.000</ele>
      </trkpt>
      <trkpt lat="43.303530000" lon="0.386100000">
        <ele>356.000</ele>
      </trkpt>
      <trkpt lat="43.303590000" lon="0.385970000">
        <ele>355.000</ele>
      </trkpt>
      <trkpt lat="43.303650000" lon="0.385860000">
        <ele>355.000</ele>
      </trkpt>
      <trkpt lat="43.304090000" lon="0.385250000">
        <ele>354.000</ele>
      </trkpt>
      <trkpt lat="43.304270000" lon="0.384940000">
        <ele>352.000</ele>
      </trkpt>
      <trkpt lat="43.304380000" lon="0.384700000">
        <ele>351.000</ele>
      </trkpt>
      <trkpt lat="43.304490000" lon="0.384360000">
        <ele>349.000</ele>
      </trkpt>
      <trkpt lat="43.304640000" lon="0.383800000">
        <ele>347.000</ele>
      </trkpt>
      <trkpt lat="43.304950000" lon="0.382400000">
        <ele>343.000</ele>
      </trkpt>
      <trkpt lat="43.305190000" lon="0.381610000">
        <ele>340.000</ele>
      </trkpt>
      <trkpt lat="43.305260000" lon="0.381370000">
        <ele>337.000</ele>
      </trkpt>
      <trkpt lat="43.305530000" lon="0.380350000">
        <ele>334.000</ele>
      </trkpt>
      <trkpt lat="43.305610000" lon="0.380160000">
        <ele>332.000</ele>
      </trkpt>
      <trkpt lat="43.305700000" lon="0.379990000">
        <ele>331.000</ele>
      </trkpt>
      <trkpt lat="43.305830000" lon="0.379870000">
        <ele>330.000</ele>
      </trkpt>
      <trkpt lat="43.305980000" lon="0.379800000">
        <ele>329.000</ele>
      </trkpt>
      <trkpt lat="43.306120000" lon="0.379770000">
        <ele>329.000</ele>
      </trkpt>
      <trkpt lat="43.306290000" lon="0.379810000">
        <ele>329.000</ele>
      </trkpt>
      <trkpt lat="43.306500000" lon="0.379900000">
        <ele>329.000</ele>
      </trkpt>
      <trkpt lat="43.306700000" lon="0.379970000">
        <ele>329.000</ele>
      </trkpt>
      <trkpt lat="43.306830000" lon="0.379970000">
        <ele>329.000</ele>
      </trkpt>
      <trkpt lat="43.306970000" lon="0.379950000">
        <ele>329.000</ele>
      </trkpt>
      <trkpt lat="43.307150000" lon="0.379880000">
        <ele>329.000</ele>
      </trkpt>
      <trkpt lat="43.307520000" lon="0.379770000">
        <ele>330.000</ele>
      </trkpt>
      <trkpt lat="43.308190000" lon="0.379760000">
        <ele>329.000</ele>
      </trkpt>
      <trkpt lat="43.308300000" lon="0.379760000">
        <ele>328.000</ele>
      </trkpt>
      <trkpt lat="43.308400000" lon="0.379720000">
        <ele>327.000</ele>
      </trkpt>
      <trkpt lat="43.308550000" lon="0.379640000">
        <ele>327.000</ele>
      </trkpt>
      <trkpt lat="43.308710000" lon="0.379530000">
        <ele>326.000</ele>
      </trkpt>
      <trkpt lat="43.309250000" lon="0.379240000">
        <ele>324.000</ele>
      </trkpt>
      <trkpt lat="43.309470000" lon="0.379160000">
        <ele>323.000</ele>
      </trkpt>
      <trkpt lat="43.309570000" lon="0.379180000">
        <ele>322.000</ele>
      </trkpt>
      <trkpt lat="43.309680000" lon="0.379220000">
        <ele>321.000</ele>
      </trkpt>
      <trkpt lat="43.309950000" lon="0.379420000">
        <ele>320.000</ele>
      </trkpt>
      <trkpt lat="43.310160000" lon="0.379560000">
        <ele>318.000</ele>
      </trkpt>
      <trkpt lat="43.310310000" lon="0.379580000">
        <ele>317.000</ele>
      </trkpt>
      <trkpt lat="43.310670000" lon="0.379600000">
        <ele>315.000</ele>
      </trkpt>
      <trkpt lat="43.310820000" lon="0.379610000">
        <ele>314.000</ele>
      </trkpt>
      <trkpt lat="43.310970000" lon="0.379650000">
        <ele>313.000</ele>
      </trkpt>
      <trkpt lat="43.311150000" lon="0.379700000">
        <ele>312.000</ele>
      </trkpt>
      <trkpt lat="43.311330000" lon="0.379750000">
        <ele>310.000</ele>
      </trkpt>
      <trkpt lat="43.311510000" lon="0.379750000">
        <ele>309.000</ele>
      </trkpt>
      <trkpt lat="43.311940000" lon="0.379720000">
        <ele>306.000</ele>
      </trkpt>
      <trkpt lat="43.312000000" lon="0.379720000">
        <ele>305.000</ele>
      </trkpt>
      <trkpt lat="43.312060000" lon="0.379740000">
        <ele>303.000</ele>
      </trkpt>
      <trkpt lat="43.312150000" lon="0.379790000">
        <ele>302.000</ele>
      </trkpt>
      <trkpt lat="43.312400000" lon="0.380020000">
        <ele>300.000</ele>
      </trkpt>
      <trkpt lat="43.312450000" lon="0.380060000">
        <ele>298.000</ele>
      </trkpt>
      <trkpt lat="43.312510000" lon="0.380090000">
        <ele>297.000</ele>
      </trkpt>
      <trkpt lat="43.312620000" lon="0.380100000">
        <ele>296.000</ele>
      </trkpt>
      <trkpt lat="43.313130000" lon="0.380050000">
        <ele>294.000</ele>
      </trkpt>
      <trkpt lat="43.313390000" lon="0.380070000">
        <ele>291.000</ele>
      </trkpt>
      <trkpt lat="43.313580000" lon="0.380100000">
        <ele>289.000</ele>
      </trkpt>
      <trkpt lat="43.313810000" lon="0.380110000">
        <ele>287.000</ele>
      </trkpt>
      <trkpt lat="43.314450000" lon="0.380150000">
        <ele>285.000</ele>
      </trkpt>
      <trkpt lat="43.314610000" lon="0.380190000">
        <ele>282.000</ele>
      </trkpt>
      <trkpt lat="43.314800000" lon="0.380250000">
        <ele>281.000</ele>
      </trkpt>
      <trkpt lat="43.314950000" lon="0.380340000">
        <ele>279.000</ele>
      </trkpt>
      <trkpt lat="43.315110000" lon="0.380480000">
        <ele>277.000</ele>
      </trkpt>
      <trkpt lat="43.315370000" lon="0.380740000">
        <ele>276.000</ele>
      </trkpt>
      <trkpt lat="43.315510000" lon="0.380840000">
        <ele>275.000</ele>
      </trkpt>
      <trkpt lat="43.315680000" lon="0.380940000">
        <ele>274.000</ele>
      </trkpt>
      <trkpt lat="43.316060000" lon="0.381120000">
        <ele>272.000</ele>
      </trkpt>
      <trkpt lat="43.316270000" lon="0.381210000">
        <ele>271.000</ele>
      </trkpt>
      <trkpt lat="43.316490000" lon="0.381280000">
        <ele>270.000</ele>
      </trkpt>
      <trkpt lat="43.316760000" lon="0.381330000">
        <ele>269.000</ele>
      </trkpt>
      <trkpt lat="43.317510000" lon="0.381350000">
        <ele>266.000</ele>
      </trkpt>
      <trkpt lat="43.317810000" lon="0.381370000">
        <ele>264.000</ele>
      </trkpt>
      <trkpt lat="43.318270000" lon="0.381440000">
        <ele>261.000</ele>
      </trkpt>
      <trkpt lat="43.318530000" lon="0.381480000">
        <ele>259.000</ele>
      </trkpt>
      <trkpt lat="43.318850000" lon="0.381500000">
        <ele>256.000</ele>
      </trkpt>
      <trkpt lat="43.319140000" lon="0.381500000">
        <ele>255.000</ele>
      </trkpt>
      <trkpt lat="43.319230000" lon="0.381470000">
        <ele>253.000</ele>
      </trkpt>
      <trkpt lat="43.319350000" lon="0.381420000">
        <ele>252.000</ele>
      </trkpt>
      <trkpt lat="43.319490000" lon="0.381350000">
        <ele>252.000</ele>
      </trkpt>
      <trkpt lat="43.319630000" lon="0.381240000">
        <ele>251.000</ele>
      </trkpt>
      <trkpt lat="43.319760000" lon="0.381070000">
        <ele>251.000</ele>
      </trkpt>
      <trkpt lat="43.319830000" lon="0.380940000">
        <ele>250.000</ele>
      </trkpt>
      <trkpt lat="43.319890000" lon="0.380800000">
        <ele>250.000</ele>
      </trkpt>
      <trkpt lat="43.321120000" lon="0.376410000">
        <ele>248.000</ele>
      </trkpt>
      <trkpt lat="43.321290000" lon="0.375770000">
        <ele>246.000</ele>
      </trkpt>
      <trkpt lat="43.321460000" lon="0.375120000">
        <ele>245.000</ele>
      </trkpt>
      <trkpt lat="43.321550000" lon="0.374780000">
        <ele>244.000</ele>
      </trkpt>
      <trkpt lat="43.321740000" lon="0.374130000">
        <ele>243.000</ele>
      </trkpt>
      <trkpt lat="43.321950000" lon="0.373330000">
        <ele>242.000</ele>
      </trkpt>
      <trkpt lat="43.321980000" lon="0.373120000">
        <ele>242.000</ele>
      </trkpt>
      <trkpt lat="43.321960000" lon="0.372860000">
        <ele>241.000</ele>
      </trkpt>
      <trkpt lat="43.321900000" lon="0.372640000">
        <ele>241.000</ele>
      </trkpt>
      <trkpt lat="43.321960000" lon="0.372600000">
        <ele>241.000</ele>
      </trkpt>
      <trkpt lat="43.322040000" lon="0.372600000">
        <ele>240.000</ele>
      </trkpt>
      <trkpt lat="43.322210000" lon="0.372640000">
        <ele>240.000</ele>
      </trkpt>
      <trkpt lat="43.322510000" lon="0.372740000">
        <ele>240.000</ele>
      </trkpt>
      <trkpt lat="43.322820000" lon="0.372860000">
        <ele>240.000</ele>
      </trkpt>
      <trkpt lat="43.322970000" lon="0.372890000">
        <ele>240.000</ele>
      </trkpt>
      <trkpt lat="43.323070000" lon="0.372890000">
        <ele>240.000</ele>
      </trkpt>
      <trkpt lat="43.323140000" lon="0.372920000">
        <ele>240.000</ele>
      </trkpt>
      <trkpt lat="43.324480000" lon="0.374470000">
        <ele>239.000</ele>
      </trkpt>
      <trkpt lat="43.324790000" lon="0.374830000">
        <ele>239.000</ele>
      </trkpt>
      <trkpt lat="43.324790000" lon="0.374830000">
        <ele>239.000</ele>
      </trkpt>
      <trkpt lat="43.325600000" lon="0.375760000">
        <ele>238.000</ele>
      </trkpt>
      <trkpt lat="43.326490000" lon="0.376770000">
        <ele>238.000</ele>
      </trkpt>
      <trkpt lat="43.326530000" lon="0.376800000">
        <ele>237.000</ele>
      </trkpt>
      <trkpt lat="43.326750000" lon="0.376970000">
        <ele>237.000</ele>
      </trkpt>
      <trkpt lat="43.327020000" lon="0.377130000">
        <ele>237.000</ele>
      </trkpt>
      <trkpt lat="43.327310000" lon="0.377270000">
        <ele>237.000</ele>
      </trkpt>
      <trkpt lat="43.328850000" lon="0.377790000">
        <ele>236.000</ele>
      </trkpt>
      <trkpt lat="43.331210000" lon="0.378650000">
        <ele>236.000</ele>
      </trkpt>
      <trkpt lat="43.334650000" lon="0.379880000">
        <ele>234.000</ele>
      </trkpt>
      <trkpt lat="43.334670000" lon="0.379890000">
        <ele>233.000</ele>
      </trkpt>
      <trkpt lat="43.334810000" lon="0.379930000">
        <ele>233.000</ele>
      </trkpt>
      <trkpt lat="43.335160000" lon="0.380050000">
        <ele>232.000</ele>
      </trkpt>
      <trkpt lat="43.335430000" lon="0.380130000">
        <ele>232.000</ele>
      </trkpt>
      <trkpt lat="43.336040000" lon="0.380260000">
        <ele>232.000</ele>
      </trkpt>
      <trkpt lat="43.338810000" lon="0.380860000">
        <ele>231.000</ele>
      </trkpt>
      <trkpt lat="43.339960000" lon="0.381110000">
        <ele>231.000</ele>
      </trkpt>
      <trkpt lat="43.342290000" lon="0.381610000">
        <ele>232.000</ele>
      </trkpt>
      <trkpt lat="43.342880000" lon="0.381730000">
        <ele>233.000</ele>
      </trkpt>
      <trkpt lat="43.343180000" lon="0.381800000">
        <ele>233.000</ele>
      </trkpt>
      <trkpt lat="43.343400000" lon="0.381850000">
        <ele>234.000</ele>
      </trkpt>
      <trkpt lat="43.344130000" lon="0.381990000">
        <ele>234.000</ele>
      </trkpt>
      <trkpt lat="43.344630000" lon="0.382020000">
        <ele>234.000</ele>
      </trkpt>
      <trkpt lat="43.344790000" lon="0.382010000">
        <ele>234.000</ele>
      </trkpt>
      <trkpt lat="43.344970000" lon="0.381970000">
        <ele>234.000</ele>
      </trkpt>
      <trkpt lat="43.345320000" lon="0.381920000">
        <ele>234.000</ele>
      </trkpt>
      <trkpt lat="43.345700000" lon="0.381890000">
        <ele>235.000</ele>
      </trkpt>
      <trkpt lat="43.345960000" lon="0.381900000">
        <ele>235.000</ele>
      </trkpt>
      <trkpt lat="43.346070000" lon="0.381920000">
        <ele>235.000</ele>
      </trkpt>
      <trkpt lat="43.346160000" lon="0.381950000">
        <ele>235.000</ele>
      </trkpt>
      <trkpt lat="43.348690000" lon="0.382910000">
        <ele>235.000</ele>
      </trkpt>
      <trkpt lat="43.348860000" lon="0.383020000">
        <ele>235.000</ele>
      </trkpt>
      <trkpt lat="43.349310000" lon="0.383360000">
        <ele>234.000</ele>
      </trkpt>
      <trkpt lat="43.349470000" lon="0.383430000">
        <ele>234.000</ele>
      </trkpt>
      <trkpt lat="43.349650000" lon="0.383450000">
        <ele>233.000</ele>
      </trkpt>
      <trkpt lat="43.349730000" lon="0.383450000">
        <ele>232.000</ele>
      </trkpt>
      <trkpt lat="43.350050000" lon="0.383410000">
        <ele>232.000</ele>
      </trkpt>
      <trkpt lat="43.350210000" lon="0.383420000">
        <ele>231.000</ele>
      </trkpt>
      <trkpt lat="43.350990000" lon="0.383660000">
        <ele>229.000</ele>
      </trkpt>
      <trkpt lat="43.351590000" lon="0.383800000">
        <ele>229.000</ele>
      </trkpt>
      <trkpt lat="43.351650000" lon="0.383800000">
        <ele>228.000</ele>
      </trkpt>
      <trkpt lat="43.351730000" lon="0.383810000">
        <ele>228.000</ele>
      </trkpt>
      <trkpt lat="43.353750000" lon="0.383710000">
        <ele>228.000</ele>
      </trkpt>
      <trkpt lat="43.354060000" lon="0.383720000">
        <ele>228.000</ele>
      </trkpt>
      <trkpt lat="43.354260000" lon="0.383770000">
        <ele>228.000</ele>
      </trkpt>
      <trkpt lat="43.355330000" lon="0.384250000">
        <ele>228.000</ele>
      </trkpt>
      <trkpt lat="43.356500000" lon="0.384780000">
        <ele>228.000</ele>
      </trkpt>
      <trkpt lat="43.356980000" lon="0.384920000">
        <ele>228.000</ele>
      </trkpt>
      <trkpt lat="43.357060000" lon="0.384940000">
        <ele>228.000</ele>
      </trkpt>
      <trkpt lat="43.357650000" lon="0.385040000">
        <ele>228.000</ele>
      </trkpt>
      <trkpt lat="43.359620000" lon="0.385260000">
        <ele>227.000</ele>
      </trkpt>
      <trkpt lat="43.360830000" lon="0.385340000">
        <ele>227.000</ele>
      </trkpt>
      <trkpt lat="43.362500000" lon="0.385250000">
        <ele>226.000</ele>
      </trkpt>
      <trkpt lat="43.363630000" lon="0.385390000">
        <ele>226.000</ele>
      </trkpt>
      <trkpt lat="43.363970000" lon="0.385440000">
        <ele>225.000</ele>
      </trkpt>
      <trkpt lat="43.367270000" lon="0.385800000">
        <ele>224.000</ele>
      </trkpt>
      <trkpt lat="43.367690000" lon="0.385840000">
        <ele>223.000</ele>
      </trkpt>
      <trkpt lat="43.369240000" lon="0.386050000">
        <ele>223.000</ele>
      </trkpt>
      <trkpt lat="43.374170000" lon="0.387290000">
        <ele>221.000</ele>
      </trkpt>
      <trkpt lat="43.374570000" lon="0.387420000">
        <ele>220.000</ele>
      </trkpt>
      <trkpt lat="43.374970000" lon="0.387670000">
        <ele>218.000</ele>
      </trkpt>
      <trkpt lat="43.375280000" lon="0.387900000">
        <ele>217.000</ele>
      </trkpt>
      <trkpt lat="43.376100000" lon="0.388540000">
        <ele>216.000</ele>
      </trkpt>
      <trkpt lat="43.377320000" lon="0.389470000">
        <ele>215.000</ele>
      </trkpt>
      <trkpt lat="43.377810000" lon="0.389840000">
        <ele>214.000</ele>
      </trkpt>
      <trkpt lat="43.378870000" lon="0.390660000">
        <ele>214.000</ele>
      </trkpt>
      <trkpt lat="43.379490000" lon="0.391120000">
        <ele>213.000</ele>
      </trkpt>
      <trkpt lat="43.379780000" lon="0.391290000">
        <ele>213.000</ele>
      </trkpt>
      <trkpt lat="43.379890000" lon="0.391350000">
        <ele>213.000</ele>
      </trkpt>
      <trkpt lat="43.382010000" lon="0.392230000">
        <ele>212.000</ele>
      </trkpt>
      <trkpt lat="43.382520000" lon="0.392460000">
        <ele>211.000</ele>
      </trkpt>
      <trkpt lat="43.383000000" lon="0.392650000">
        <ele>211.000</ele>
      </trkpt>
      <trkpt lat="43.383020000" lon="0.392670000">
        <ele>210.000</ele>
      </trkpt>
      <trkpt lat="43.383700000" lon="0.392900000">
        <ele>210.000</ele>
      </trkpt>
      <trkpt lat="43.383880000" lon="0.392940000">
        <ele>209.000</ele>
      </trkpt>
      <trkpt lat="43.384310000" lon="0.392960000">
        <ele>209.000</ele>
      </trkpt>
      <trkpt lat="43.387330000" lon="0.392750000">
        <ele>209.000</ele>
      </trkpt>
      <trkpt lat="43.388830000" lon="0.392820000">
        <ele>208.000</ele>
      </trkpt>
      <trkpt lat="43.390470000" lon="0.392910000">
        <ele>208.000</ele>
      </trkpt>
      <trkpt lat="43.398850000" lon="0.393460000">
        <ele>207.000</ele>
      </trkpt>
      <trkpt lat="43.399000000" lon="0.393460000">
        <ele>207.000</ele>
      </trkpt>
      <trkpt lat="43.400140000" lon="0.393520000">
        <ele>205.000</ele>
      </trkpt>
      <trkpt lat="43.400510000" lon="0.393570000">
        <ele>204.000</ele>
      </trkpt>
      <trkpt lat="43.400810000" lon="0.393650000">
        <ele>203.000</ele>
      </trkpt>
      <trkpt lat="43.401220000" lon="0.393790000">
        <ele>202.000</ele>
      </trkpt>
      <trkpt lat="43.402460000" lon="0.394320000">
        <ele>203.000</ele>
      </trkpt>
      <trkpt lat="43.403520000" lon="0.394780000">
        <ele>204.000</ele>
      </trkpt>
      <trkpt lat="43.407620000" lon="0.396620000">
        <ele>205.000</ele>
      </trkpt>
      <trkpt lat="43.408130000" lon="0.396840000">
        <ele>204.000</ele>
      </trkpt>
      <trkpt lat="43.408540000" lon="0.397030000">
        <ele>202.000</ele>
      </trkpt>
      <trkpt lat="43.409120000" lon="0.397390000">
        <ele>200.000</ele>
      </trkpt>
      <trkpt lat="43.409490000" lon="0.397620000">
        <ele>197.000</ele>
      </trkpt>
      <trkpt lat="43.409560000" lon="0.397650000">
        <ele>195.000</ele>
      </trkpt>
      <trkpt lat="43.413140000" lon="0.399910000">
        <ele>194.000</ele>
      </trkpt>
      <trkpt lat="43.414450000" lon="0.400720000">
        <ele>193.000</ele>
      </trkpt>
      <trkpt lat="43.418290000" lon="0.403150000">
        <ele>192.000</ele>
      </trkpt>
      <trkpt lat="43.422830000" lon="0.405980000">
        <ele>190.000</ele>
      </trkpt>
      <trkpt lat="43.422950000" lon="0.406060000">
        <ele>189.000</ele>
      </trkpt>
      <trkpt lat="43.425110000" lon="0.407410000">
        <ele>188.000</ele>
      </trkpt>
      <trkpt lat="43.425370000" lon="0.407570000">
        <ele>188.000</ele>
      </trkpt>
      <trkpt lat="43.425780000" lon="0.407860000">
        <ele>187.000</ele>
      </trkpt>
      <trkpt lat="43.426080000" lon="0.408120000">
        <ele>187.000</ele>
      </trkpt>
      <trkpt lat="43.426430000" lon="0.408480000">
        <ele>187.000</ele>
      </trkpt>
      <trkpt lat="43.426700000" lon="0.408850000">
        <ele>186.000</ele>
      </trkpt>
      <trkpt lat="43.426920000" lon="0.409210000">
        <ele>186.000</ele>
      </trkpt>
      <trkpt lat="43.427100000" lon="0.409560000">
        <ele>186.000</ele>
      </trkpt>
      <trkpt lat="43.427270000" lon="0.409970000">
        <ele>185.000</ele>
      </trkpt>
      <trkpt lat="43.427380000" lon="0.410300000">
        <ele>185.000</ele>
      </trkpt>
      <trkpt lat="43.427510000" lon="0.410780000">
        <ele>185.000</ele>
      </trkpt>
      <trkpt lat="43.427590000" lon="0.411230000">
        <ele>184.000</ele>
      </trkpt>
      <trkpt lat="43.427650000" lon="0.411660000">
        <ele>184.000</ele>
      </trkpt>
      <trkpt lat="43.427670000" lon="0.411910000">
        <ele>183.000</ele>
      </trkpt>
      <trkpt lat="43.427700000" lon="0.412420000">
        <ele>183.000</ele>
      </trkpt>
      <trkpt lat="43.427740000" lon="0.413190000">
        <ele>182.000</ele>
      </trkpt>
      <trkpt lat="43.427770000" lon="0.413960000">
        <ele>182.000</ele>
      </trkpt>
      <trkpt lat="43.427830000" lon="0.414850000">
        <ele>181.000</ele>
      </trkpt>
      <trkpt lat="43.427820000" lon="0.415040000">
        <ele>181.000</ele>
      </trkpt>
      <trkpt lat="43.427810000" lon="0.415100000">
        <ele>181.000</ele>
      </trkpt>
      <trkpt lat="43.427800000" lon="0.415160000">
        <ele>181.000</ele>
      </trkpt>
      <trkpt lat="43.427840000" lon="0.415190000">
        <ele>181.000</ele>
      </trkpt>
      <trkpt lat="43.427890000" lon="0.415220000">
        <ele>181.000</ele>
      </trkpt>
      <trkpt lat="43.427900000" lon="0.415230000">
        <ele>181.000</ele>
      </trkpt>
      <trkpt lat="43.428440000" lon="0.415200000">
        <ele>181.000</ele>
      </trkpt>
      <trkpt lat="43.428590000" lon="0.415190000">
        <ele>181.000</ele>
      </trkpt>
      <trkpt lat="43.429130000" lon="0.415190000">
        <ele>181.000</ele>
      </trkpt>
      <trkpt lat="43.429290000" lon="0.415210000">
        <ele>180.000</ele>
      </trkpt>
      <trkpt lat="43.429450000" lon="0.415270000">
        <ele>180.000</ele>
      </trkpt>
      <trkpt lat="43.430040000" lon="0.415420000">
        <ele>180.000</ele>
      </trkpt>
      <trkpt lat="43.430200000" lon="0.415430000">
        <ele>180.000</ele>
      </trkpt>
      <trkpt lat="43.430340000" lon="0.415420000">
        <ele>180.000</ele>
      </trkpt>
      <trkpt lat="43.430460000" lon="0.415370000">
        <ele>180.000</ele>
      </trkpt>
      <trkpt lat="43.430650000" lon="0.415240000">
        <ele>179.000</ele>
      </trkpt>
      <trkpt lat="43.431320000" lon="0.414700000">
        <ele>179.000</ele>
      </trkpt>
      <trkpt lat="43.431390000" lon="0.414630000">
        <ele>179.000</ele>
      </trkpt>
      <trkpt lat="43.431600000" lon="0.414540000">
        <ele>179.000</ele>
      </trkpt>
      <trkpt lat="43.431810000" lon="0.414520000">
        <ele>178.000</ele>
      </trkpt>
      <trkpt lat="43.432040000" lon="0.414560000">
        <ele>178.000</ele>
      </trkpt>
      <trkpt lat="43.432240000" lon="0.414620000">
        <ele>178.000</ele>
      </trkpt>
      <trkpt lat="43.432410000" lon="0.414690000">
        <ele>178.000</ele>
      </trkpt>
      <trkpt lat="43.432820000" lon="0.414930000">
        <ele>177.000</ele>
      </trkpt>
      <trkpt lat="43.434380000" lon="0.415980000">
        <ele>176.000</ele>
      </trkpt>
      <trkpt lat="43.434560000" lon="0.416130000">
        <ele>176.000</ele>
      </trkpt>
      <trkpt lat="43.434810000" lon="0.416360000">
        <ele>176.000</ele>
      </trkpt>
      <trkpt lat="43.435360000" lon="0.417090000">
        <ele>176.000</ele>
      </trkpt>
      <trkpt lat="43.435610000" lon="0.417340000">
        <ele>176.000</ele>
      </trkpt>
      <trkpt lat="43.435830000" lon="0.417470000">
        <ele>176.000</ele>
      </trkpt>
      <trkpt lat="43.436270000" lon="0.417740000">
        <ele>176.000</ele>
      </trkpt>
      <trkpt lat="43.436920000" lon="0.418140000">
        <ele>176.000</ele>
      </trkpt>
      <trkpt lat="43.437180000" lon="0.418270000">
        <ele>176.000</ele>
      </trkpt>
      <trkpt lat="43.437450000" lon="0.418380000">
        <ele>176.000</ele>
      </trkpt>
      <trkpt lat="43.437720000" lon="0.418460000">
        <ele>176.000</ele>
      </trkpt>
      <trkpt lat="43.438390000" lon="0.418590000">
        <ele>175.000</ele>
      </trkpt>
      <trkpt lat="43.438990000" lon="0.418700000">
        <ele>175.000</ele>
      </trkpt>
      <trkpt lat="43.439190000" lon="0.418710000">
        <ele>174.000</ele>
      </trkpt>
      <trkpt lat="43.439360000" lon="0.418700000">
        <ele>174.000</ele>
      </trkpt>
      <trkpt lat="43.439900000" lon="0.418510000">
        <ele>174.000</ele>
      </trkpt>
      <trkpt lat="43.440110000" lon="0.418460000">
        <ele>173.000</ele>
      </trkpt>
      <trkpt lat="43.440350000" lon="0.418460000">
        <ele>173.000</ele>
      </trkpt>
      <trkpt lat="43.441730000" lon="0.418810000">
        <ele>173.000</ele>
      </trkpt>
      <trkpt lat="43.441890000" lon="0.418830000">
        <ele>173.000</ele>
      </trkpt>
      <trkpt lat="43.442030000" lon="0.418810000">
        <ele>173.000</ele>
      </trkpt>
      <trkpt lat="43.442270000" lon="0.418700000">
        <ele>172.000</ele>
      </trkpt>
      <trkpt lat="43.443350000" lon="0.418110000">
        <ele>172.000</ele>
      </trkpt>
      <trkpt lat="43.444440000" lon="0.417490000">
        <ele>172.000</ele>
      </trkpt>
      <trkpt lat="43.444700000" lon="0.417340000">
        <ele>171.000</ele>
      </trkpt>
      <trkpt lat="43.444990000" lon="0.417150000">
        <ele>171.000</ele>
      </trkpt>
      <trkpt lat="43.447210000" lon="0.415310000">
        <ele>171.000</ele>
      </trkpt>
      <trkpt lat="43.447540000" lon="0.415010000">
        <ele>171.000</ele>
      </trkpt>
      <trkpt lat="43.447770000" lon="0.414740000">
        <ele>171.000</ele>
      </trkpt>
      <trkpt lat="43.447960000" lon="0.414440000">
        <ele>171.000</ele>
      </trkpt>
      <trkpt lat="43.448140000" lon="0.414100000">
        <ele>171.000</ele>
      </trkpt>
      <trkpt lat="43.448680000" lon="0.412930000">
        <ele>172.000</ele>
      </trkpt>
      <trkpt lat="43.448920000" lon="0.412410000">
        <ele>172.000</ele>
      </trkpt>
      <trkpt lat="43.449230000" lon="0.411810000">
        <ele>172.000</ele>
      </trkpt>
      <trkpt lat="43.449470000" lon="0.411400000">
        <ele>172.000</ele>
      </trkpt>
      <trkpt lat="43.449970000" lon="0.410720000">
        <ele>172.000</ele>
      </trkpt>
      <trkpt lat="43.450200000" lon="0.410460000">
        <ele>172.000</ele>
      </trkpt>
      <trkpt lat="43.450390000" lon="0.410310000">
        <ele>172.000</ele>
      </trkpt>
      <trkpt lat="43.450620000" lon="0.410210000">
        <ele>172.000</ele>
      </trkpt>
      <trkpt lat="43.450880000" lon="0.410150000">
        <ele>172.000</ele>
      </trkpt>
      <trkpt lat="43.452240000" lon="0.410120000">
        <ele>171.000</ele>
      </trkpt>
      <trkpt lat="43.452580000" lon="0.410100000">
        <ele>171.000</ele>
      </trkpt>
      <trkpt lat="43.452830000" lon="0.410020000">
        <ele>170.000</ele>
      </trkpt>
      <trkpt lat="43.453040000" lon="0.409940000">
        <ele>170.000</ele>
      </trkpt>
      <trkpt lat="43.453250000" lon="0.409810000">
        <ele>170.000</ele>
      </trkpt>
      <trkpt lat="43.453860000" lon="0.409400000">
        <ele>171.000</ele>
      </trkpt>
      <trkpt lat="43.456450000" lon="0.407730000">
        <ele>172.000</ele>
      </trkpt>
      <trkpt lat="43.456690000" lon="0.407600000">
        <ele>172.000</ele>
      </trkpt>
      <trkpt lat="43.456890000" lon="0.407550000">
        <ele>173.000</ele>
      </trkpt>
      <trkpt lat="43.457090000" lon="0.407550000">
        <ele>174.000</ele>
      </trkpt>
      <trkpt lat="43.457290000" lon="0.407610000">
        <ele>174.000</ele>
      </trkpt>
      <trkpt lat="43.457480000" lon="0.407680000">
        <ele>174.000</ele>
      </trkpt>
      <trkpt lat="43.457630000" lon="0.407790000">
        <ele>175.000</ele>
      </trkpt>
      <trkpt lat="43.457930000" lon="0.408010000">
        <ele>175.000</ele>
      </trkpt>
      <trkpt lat="43.458010000" lon="0.408090000">
        <ele>176.000</ele>
      </trkpt>
      <trkpt lat="43.458500000" lon="0.408560000">
        <ele>176.000</ele>
      </trkpt>
      <trkpt lat="43.459000000" lon="0.409020000">
        <ele>176.000</ele>
      </trkpt>
      <trkpt lat="43.460010000" lon="0.409920000">
        <ele>173.000</ele>
      </trkpt>
      <trkpt lat="43.460540000" lon="0.410420000">
        <ele>171.000</ele>
      </trkpt>
      <trkpt lat="43.460710000" lon="0.410560000">
        <ele>170.000</ele>
      </trkpt>
      <trkpt lat="43.461080000" lon="0.410880000">
        <ele>169.000</ele>
      </trkpt>
      <trkpt lat="43.461500000" lon="0.411270000">
        <ele>168.000</ele>
      </trkpt>
      <trkpt lat="43.461710000" lon="0.411470000">
        <ele>168.000</ele>
      </trkpt>
      <trkpt lat="43.461930000" lon="0.411630000">
        <ele>167.000</ele>
      </trkpt>
      <trkpt lat="43.462040000" lon="0.411700000">
        <ele>167.000</ele>
      </trkpt>
      <trkpt lat="43.462160000" lon="0.411750000">
        <ele>167.000</ele>
      </trkpt>
      <trkpt lat="43.462360000" lon="0.411800000">
        <ele>167.000</ele>
      </trkpt>
      <trkpt lat="43.462510000" lon="0.411810000">
        <ele>167.000</ele>
      </trkpt>
      <trkpt lat="43.462780000" lon="0.411790000">
        <ele>167.000</ele>
      </trkpt>
      <trkpt lat="43.468360000" lon="0.411520000">
        <ele>167.000</ele>
      </trkpt>
      <trkpt lat="43.468830000" lon="0.411460000">
        <ele>166.000</ele>
      </trkpt>
      <trkpt lat="43.469770000" lon="0.411270000">
        <ele>166.000</ele>
      </trkpt>
      <trkpt lat="43.470330000" lon="0.411190000">
        <ele>166.000</ele>
      </trkpt>
      <trkpt lat="43.470720000" lon="0.411110000">
        <ele>166.000</ele>
      </trkpt>
      <trkpt lat="43.471030000" lon="0.411050000">
        <ele>166.000</ele>
      </trkpt>
      <trkpt lat="43.471200000" lon="0.410990000">
        <ele>166.000</ele>
      </trkpt>
      <trkpt lat="43.471350000" lon="0.410930000">
        <ele>166.000</ele>
      </trkpt>
      <trkpt lat="43.472530000" lon="0.410330000">
        <ele>166.000</ele>
      </trkpt>
      <trkpt lat="43.475100000" lon="0.409030000">
        <ele>165.000</ele>
      </trkpt>
      <trkpt lat="43.475370000" lon="0.408920000">
        <ele>165.000</ele>
      </trkpt>
      <trkpt lat="43.476370000" lon="0.408610000">
        <ele>165.000</ele>
      </trkpt>
      <trkpt lat="43.476370000" lon="0.408610000">
        <ele>165.000</ele>
      </trkpt>
      <trkpt lat="43.479730000" lon="0.407530000">
        <ele>165.000</ele>
      </trkpt>
      <trkpt lat="43.480210000" lon="0.407370000">
        <ele>165.000</ele>
      </trkpt>
      <trkpt lat="43.480570000" lon="0.407260000">
        <ele>166.000</ele>
      </trkpt>
      <trkpt lat="43.480890000" lon="0.407220000">
        <ele>166.000</ele>
      </trkpt>
      <trkpt lat="43.480990000" lon="0.407200000">
        <ele>166.000</ele>
      </trkpt>
      <trkpt lat="43.481030000" lon="0.407190000">
        <ele>166.000</ele>
      </trkpt>
      <trkpt lat="43.481130000" lon="0.407150000">
        <ele>166.000</ele>
      </trkpt>
      <trkpt lat="43.481220000" lon="0.407120000">
        <ele>166.000</ele>
      </trkpt>
      <trkpt lat="43.481290000" lon="0.407080000">
        <ele>166.000</ele>
      </trkpt>
      <trkpt lat="43.481760000" lon="0.407040000">
        <ele>166.000</ele>
      </trkpt>
      <trkpt lat="43.481820000" lon="0.407030000">
        <ele>166.000</ele>
      </trkpt>
      <trkpt lat="43.482120000" lon="0.406990000">
        <ele>166.000</ele>
      </trkpt>
      <trkpt lat="43.482260000" lon="0.406970000">
        <ele>166.000</ele>
      </trkpt>
      <trkpt lat="43.482350000" lon="0.406960000">
        <ele>166.000</ele>
      </trkpt>
      <trkpt lat="43.482380000" lon="0.406960000">
        <ele>166.000</ele>
      </trkpt>
      <trkpt lat="43.482440000" lon="0.406980000">
        <ele>165.000</ele>
      </trkpt>
      <trkpt lat="43.482490000" lon="0.407000000">
        <ele>165.000</ele>
      </trkpt>
      <trkpt lat="43.482530000" lon="0.407010000">
        <ele>165.000</ele>
      </trkpt>
      <trkpt lat="43.482570000" lon="0.407010000">
        <ele>165.000</ele>
      </trkpt>
      <trkpt lat="43.482660000" lon="0.407010000">
        <ele>165.000</ele>
      </trkpt>
      <trkpt lat="43.482730000" lon="0.407000000">
        <ele>165.000</ele>
      </trkpt>
      <trkpt lat="43.482900000" lon="0.406980000">
        <ele>165.000</ele>
      </trkpt>
      <trkpt lat="43.483070000" lon="0.406940000">
        <ele>164.000</ele>
      </trkpt>
      <trkpt lat="43.483800000" lon="0.406880000">
        <ele>164.000</ele>
      </trkpt>
      <trkpt lat="43.484320000" lon="0.406820000">
        <ele>163.000</ele>
      </trkpt>
      <trkpt lat="43.484840000" lon="0.406730000">
        <ele>163.000</ele>
      </trkpt>
      <trkpt lat="43.486620000" lon="0.406300000">
        <ele>162.000</ele>
      </trkpt>
      <trkpt lat="43.488030000" lon="0.405970000">
        <ele>162.000</ele>
      </trkpt>
      <trkpt lat="43.488750000" lon="0.405830000">
        <ele>162.000</ele>
      </trkpt>
      <trkpt lat="43.489380000" lon="0.405790000">
        <ele>162.000</ele>
      </trkpt>
      <trkpt lat="43.489560000" lon="0.405790000">
        <ele>162.000</ele>
      </trkpt>
      <trkpt lat="43.490560000" lon="0.405860000">
        <ele>162.000</ele>
      </trkpt>
      <trkpt lat="43.492530000" lon="0.406010000">
        <ele>161.000</ele>
      </trkpt>
      <trkpt lat="43.492610000" lon="0.406020000">
        <ele>161.000</ele>
      </trkpt>
      <trkpt lat="43.493340000" lon="0.406070000">
        <ele>161.000</ele>
      </trkpt>
      <trkpt lat="43.495290000" lon="0.406230000">
        <ele>160.000</ele>
      </trkpt>
      <trkpt lat="43.495480000" lon="0.406240000">
        <ele>159.000</ele>
      </trkpt>
      <trkpt lat="43.495660000" lon="0.406260000">
        <ele>159.000</ele>
      </trkpt>
      <trkpt lat="43.497520000" lon="0.406390000">
        <ele>159.000</ele>
      </trkpt>
      <trkpt lat="43.497840000" lon="0.406390000">
        <ele>159.000</ele>
      </trkpt>
      <trkpt lat="43.498020000" lon="0.406380000">
        <ele>158.000</ele>
      </trkpt>
      <trkpt lat="43.498210000" lon="0.406360000">
        <ele>158.000</ele>
      </trkpt>
      <trkpt lat="43.499300000" lon="0.406260000">
        <ele>158.000</ele>
      </trkpt>
      <trkpt lat="43.499790000" lon="0.406210000">
        <ele>157.000</ele>
      </trkpt>
      <trkpt lat="43.499820000" lon="0.406200000">
        <ele>157.000</ele>
      </trkpt>
      <trkpt lat="43.500530000" lon="0.406140000">
        <ele>157.000</ele>
      </trkpt>
      <trkpt lat="43.501760000" lon="0.406020000">
        <ele>156.000</ele>
      </trkpt>
      <trkpt lat="43.502190000" lon="0.405910000">
        <ele>155.000</ele>
      </trkpt>
      <trkpt lat="43.502910000" lon="0.405670000">
        <ele>156.000</ele>
      </trkpt>
      <trkpt lat="43.505160000" lon="0.404940000">
        <ele>158.000</ele>
      </trkpt>
      <trkpt lat="43.505410000" lon="0.404860000">
        <ele>160.000</ele>
      </trkpt>
      <trkpt lat="43.505900000" lon="0.404700000">
        <ele>162.000</ele>
      </trkpt>
      <trkpt lat="43.506080000" lon="0.404650000">
        <ele>162.000</ele>
      </trkpt>
      <trkpt lat="43.506230000" lon="0.404630000">
        <ele>163.000</ele>
      </trkpt>
      <trkpt lat="43.506360000" lon="0.404640000">
        <ele>164.000</ele>
      </trkpt>
      <trkpt lat="43.506510000" lon="0.404650000">
        <ele>164.000</ele>
      </trkpt>
      <trkpt lat="43.507220000" lon="0.404740000">
        <ele>165.000</ele>
      </trkpt>
      <trkpt lat="43.507490000" lon="0.404770000">
        <ele>165.000</ele>
      </trkpt>
      <trkpt lat="43.508440000" lon="0.404930000">
        <ele>166.000</ele>
      </trkpt>
      <trkpt lat="43.508870000" lon="0.405000000">
        <ele>167.000</ele>
      </trkpt>
      <trkpt lat="43.508980000" lon="0.405010000">
        <ele>168.000</ele>
      </trkpt>
      <trkpt lat="43.509110000" lon="0.405000000">
        <ele>168.000</ele>
      </trkpt>
      <trkpt lat="43.509260000" lon="0.404980000">
        <ele>169.000</ele>
      </trkpt>
      <trkpt lat="43.509370000" lon="0.404940000">
        <ele>169.000</ele>
      </trkpt>
      <trkpt lat="43.509840000" lon="0.404820000">
        <ele>169.000</ele>
      </trkpt>
      <trkpt lat="43.510310000" lon="0.404690000">
        <ele>170.000</ele>
      </trkpt>
      <trkpt lat="43.510780000" lon="0.404560000">
        <ele>170.000</ele>
      </trkpt>
      <trkpt lat="43.510970000" lon="0.404510000">
        <ele>170.000</ele>
      </trkpt>
      <trkpt lat="43.511170000" lon="0.404460000">
        <ele>170.000</ele>
      </trkpt>
      <trkpt lat="43.511240000" lon="0.404460000">
        <ele>170.000</ele>
      </trkpt>
      <trkpt lat="43.511290000" lon="0.404450000">
        <ele>170.000</ele>
      </trkpt>
      <trkpt lat="43.511350000" lon="0.404410000">
        <ele>169.000</ele>
      </trkpt>
      <trkpt lat="43.511380000" lon="0.404400000">
        <ele>169.000</ele>
      </trkpt>
      <trkpt lat="43.511450000" lon="0.404340000">
        <ele>169.000</ele>
      </trkpt>
      <trkpt lat="43.511490000" lon="0.404280000">
        <ele>169.000</ele>
      </trkpt>
      <trkpt lat="43.511600000" lon="0.404380000">
        <ele>169.000</ele>
      </trkpt>
      <trkpt lat="43.511860000" lon="0.404630000">
        <ele>168.000</ele>
      </trkpt>
      <trkpt lat="43.511900000" lon="0.404670000">
        <ele>167.000</ele>
      </trkpt>
      <trkpt lat="43.511910000" lon="0.404680000">
        <ele>167.000</ele>
      </trkpt>
      <trkpt lat="43.512090000" lon="0.404850000">
        <ele>167.000</ele>
      </trkpt>
      <trkpt lat="43.512140000" lon="0.404910000">
        <ele>166.000</ele>
      </trkpt>
      <trkpt lat="43.512180000" lon="0.404990000">
        <ele>166.000</ele>
      </trkpt>
      <trkpt lat="43.512210000" lon="0.405080000">
        <ele>166.000</ele>
      </trkpt>
      <trkpt lat="43.512200000" lon="0.405160000">
        <ele>165.000</ele>
      </trkpt>
      <trkpt lat="43.512190000" lon="0.405250000">
        <ele>165.000</ele>
      </trkpt>
      <trkpt lat="43.512160000" lon="0.405390000">
        <ele>165.000</ele>
      </trkpt>
      <trkpt lat="43.512030000" lon="0.405910000">
        <ele>164.000</ele>
      </trkpt>
      <trkpt lat="43.512010000" lon="0.406080000">
        <ele>163.000</ele>
      </trkpt>
      <trkpt lat="43.512030000" lon="0.406220000">
        <ele>163.000</ele>
      </trkpt>
      <trkpt lat="43.512070000" lon="0.406340000">
        <ele>163.000</ele>
      </trkpt>
      <trkpt lat="43.512120000" lon="0.406440000">
        <ele>162.000</ele>
      </trkpt>
      <trkpt lat="43.512200000" lon="0.406540000">
        <ele>162.000</ele>
      </trkpt>
      <trkpt lat="43.512320000" lon="0.406620000">
        <ele>162.000</ele>
      </trkpt>
      <trkpt lat="43.513680000" lon="0.407120000">
        <ele>161.000</ele>
      </trkpt>
      <trkpt lat="43.514090000" lon="0.407260000">
        <ele>161.000</ele>
      </trkpt>
      <trkpt lat="43.514250000" lon="0.407280000">
        <ele>160.000</ele>
      </trkpt>
      <trkpt lat="43.514340000" lon="0.407290000">
        <ele>160.000</ele>
      </trkpt>
      <trkpt lat="43.514400000" lon="0.407290000">
        <ele>160.000</ele>
      </trkpt>
      <trkpt lat="43.514900000" lon="0.407300000">
        <ele>159.000</ele>
      </trkpt>
      <trkpt lat="43.514960000" lon="0.407310000">
        <ele>159.000</ele>
      </trkpt>
      <trkpt lat="43.515090000" lon="0.407350000">
        <ele>159.000</ele>
      </trkpt>
      <trkpt lat="43.515140000" lon="0.407320000">
        <ele>159.000</ele>
      </trkpt>
      <trkpt lat="43.515160000" lon="0.407310000">
        <ele>159.000</ele>
      </trkpt>
      <trkpt lat="43.515520000" lon="0.407350000">
        <ele>159.000</ele>
      </trkpt>
      <trkpt lat="43.515650000" lon="0.407360000">
        <ele>159.000</ele>
      </trkpt>
      <trkpt lat="43.515790000" lon="0.407370000">
        <ele>159.000</ele>
      </trkpt>
      <trkpt lat="43.515840000" lon="0.407370000">
        <ele>159.000</ele>
      </trkpt>
      <trkpt lat="43.515880000" lon="0.407350000">
        <ele>160.000</ele>
      </trkpt>
      <trkpt lat="43.515930000" lon="0.407320000">
        <ele>160.000</ele>
      </trkpt>
      <trkpt lat="43.515970000" lon="0.407270000">
        <ele>160.000</ele>
      </trkpt>
      <trkpt lat="43.516000000" lon="0.407210000">
        <ele>160.000</ele>
      </trkpt>
      <trkpt lat="43.516010000" lon="0.407140000">
        <ele>160.000</ele>
      </trkpt>
      <trkpt lat="43.516030000" lon="0.406990000">
        <ele>161.000</ele>
      </trkpt>
      <trkpt lat="43.516040000" lon="0.406900000">
        <ele>161.000</ele>
      </trkpt>
      <trkpt lat="43.516050000" lon="0.406870000">
        <ele>161.000</ele>
      </trkpt>
      <trkpt lat="43.516070000" lon="0.406780000">
        <ele>162.000</ele>
      </trkpt>
      <trkpt lat="43.516120000" lon="0.406650000">
        <ele>162.000</ele>
      </trkpt>
      <trkpt lat="43.516190000" lon="0.406450000">
        <ele>162.000</ele>
      </trkpt>
      <trkpt lat="43.516260000" lon="0.406130000">
        <ele>163.000</ele>
      </trkpt>
      <trkpt lat="43.516330000" lon="0.405840000">
        <ele>164.000</ele>
      </trkpt>
      <trkpt lat="43.516420000" lon="0.405420000">
        <ele>165.000</ele>
      </trkpt>
      <trkpt lat="43.516430000" lon="0.405380000">
        <ele>165.000</ele>
      </trkpt>
      <trkpt lat="43.516450000" lon="0.405300000">
        <ele>166.000</ele>
      </trkpt>
      <trkpt lat="43.516490000" lon="0.405080000">
        <ele>166.000</ele>
      </trkpt>
      <trkpt lat="43.516500000" lon="0.404940000">
        <ele>166.000</ele>
      </trkpt>
      <trkpt lat="43.516500000" lon="0.404750000">
        <ele>167.000</ele>
      </trkpt>
      <trkpt lat="43.516510000" lon="0.404110000">
        <ele>167.000</ele>
      </trkpt>
      <trkpt lat="43.516510000" lon="0.404010000">
        <ele>167.000</ele>
      </trkpt>
      <trkpt lat="43.516630000" lon="0.404000000">
        <ele>168.000</ele>
      </trkpt>
      <trkpt lat="43.516900000" lon="0.403980000">
        <ele>168.000</ele>
      </trkpt>
      <trkpt lat="43.517230000" lon="0.403970000">
        <ele>168.000</ele>
      </trkpt>
      <trkpt lat="43.517410000" lon="0.403970000">
        <ele>169.000</ele>
      </trkpt>
      <trkpt lat="43.517620000" lon="0.403980000">
        <ele>169.000</ele>
      </trkpt>
      <trkpt lat="43.517760000" lon="0.403990000">
        <ele>169.000</ele>
      </trkpt>
      <trkpt lat="43.517840000" lon="0.404000000">
        <ele>169.000</ele>
      </trkpt>
      <trkpt lat="43.517890000" lon="0.404000000">
        <ele>169.000</ele>
      </trkpt>
      <trkpt lat="43.518270000" lon="0.404030000">
        <ele>168.000</ele>
      </trkpt>
      <trkpt lat="43.518620000" lon="0.404060000">
        <ele>168.000</ele>
      </trkpt>
      <trkpt lat="43.518770000" lon="0.404070000">
        <ele>167.000</ele>
      </trkpt>
      <trkpt lat="43.518810000" lon="0.404070000">
        <ele>167.000</ele>
      </trkpt>
      <trkpt lat="43.518870000" lon="0.404080000">
        <ele>167.000</ele>
      </trkpt>
      <trkpt lat="43.519130000" lon="0.404090000">
        <ele>167.000</ele>
      </trkpt>
      <trkpt lat="43.519330000" lon="0.404110000">
        <ele>166.000</ele>
      </trkpt>
      <trkpt lat="43.519530000" lon="0.404130000">
        <ele>166.000</ele>
      </trkpt>
      <trkpt lat="43.519660000" lon="0.404130000">
        <ele>166.000</ele>
      </trkpt>
      <trkpt lat="43.519970000" lon="0.404150000">
        <ele>166.000</ele>
      </trkpt>
      <trkpt lat="43.520430000" lon="0.404190000">
        <ele>166.000</ele>
      </trkpt>
      <trkpt lat="43.520680000" lon="0.404200000">
        <ele>166.000</ele>
      </trkpt>
      <trkpt lat="43.520840000" lon="0.404210000">
        <ele>167.000</ele>
      </trkpt>
      <trkpt lat="43.520890000" lon="0.404220000">
        <ele>167.000</ele>
      </trkpt>
      <trkpt lat="43.521340000" lon="0.404250000">
        <ele>167.000</ele>
      </trkpt>
      <trkpt lat="43.521410000" lon="0.404260000">
        <ele>167.000</ele>
      </trkpt>
      <trkpt lat="43.521730000" lon="0.404290000">
        <ele>167.000</ele>
      </trkpt>
      <trkpt lat="43.521740000" lon="0.404290000">
        <ele>167.000</ele>
      </trkpt>
      <trkpt lat="43.521810000" lon="0.404290000">
        <ele>167.000</ele>
      </trkpt>
      <trkpt lat="43.522040000" lon="0.404310000">
        <ele>166.000</ele>
      </trkpt>
      <trkpt lat="43.522110000" lon="0.404320000">
        <ele>166.000</ele>
      </trkpt>
      <trkpt lat="43.522230000" lon="0.404330000">
        <ele>166.000</ele>
      </trkpt>
      <trkpt lat="43.522440000" lon="0.404340000">
        <ele>165.000</ele>
      </trkpt>
      <trkpt lat="43.522910000" lon="0.404380000">
        <ele>165.000</ele>
      </trkpt>
      <trkpt lat="43.523200000" lon="0.404410000">
        <ele>164.000</ele>
      </trkpt>
      <trkpt lat="43.523400000" lon="0.404420000">
        <ele>164.000</ele>
      </trkpt>
      <trkpt lat="43.523440000" lon="0.404430000">
        <ele>163.000</ele>
      </trkpt>
      <trkpt lat="43.523890000" lon="0.404470000">
        <ele>163.000</ele>
      </trkpt>
      <trkpt lat="43.523960000" lon="0.404470000">
        <ele>163.000</ele>
      </trkpt>
      <trkpt lat="43.524440000" lon="0.404520000">
        <ele>163.000</ele>
      </trkpt>
      <trkpt lat="43.524810000" lon="0.404550000">
        <ele>164.000</ele>
      </trkpt>
      <trkpt lat="43.525180000" lon="0.404590000">
        <ele>164.000</ele>
      </trkpt>
      <trkpt lat="43.525490000" lon="0.404600000">
        <ele>164.000</ele>
      </trkpt>
      <trkpt lat="43.525590000" lon="0.404610000">
        <ele>164.000</ele>
      </trkpt>
      <trkpt lat="43.525670000" lon="0.404630000">
        <ele>164.000</ele>
      </trkpt>
      <trkpt lat="43.525750000" lon="0.404670000">
        <ele>164.000</ele>
      </trkpt>
      <trkpt lat="43.525840000" lon="0.404730000">
        <ele>164.000</ele>
      </trkpt>
      <trkpt lat="43.525900000" lon="0.404800000">
        <ele>164.000</ele>
      </trkpt>
      <trkpt lat="43.525980000" lon="0.404910000">
        <ele>164.000</ele>
      </trkpt>
      <trkpt lat="43.526040000" lon="0.405030000">
        <ele>164.000</ele>
      </trkpt>
      <trkpt lat="43.526130000" lon="0.405200000">
        <ele>164.000</ele>
      </trkpt>
      <trkpt lat="43.526420000" lon="0.405710000">
        <ele>164.000</ele>
      </trkpt>
      <trkpt lat="43.526800000" lon="0.406400000">
        <ele>164.000</ele>
      </trkpt>
      <trkpt lat="43.526900000" lon="0.406510000">
        <ele>164.000</ele>
      </trkpt>
      <trkpt lat="43.527030000" lon="0.406580000">
        <ele>163.000</ele>
      </trkpt>
      <trkpt lat="43.527200000" lon="0.406590000">
        <ele>163.000</ele>
      </trkpt>
      <trkpt lat="43.527660000" lon="0.406520000">
        <ele>162.000</ele>
      </trkpt>
      <trkpt lat="43.527910000" lon="0.406480000">
        <ele>161.000</ele>
      </trkpt>
      <trkpt lat="43.528280000" lon="0.406460000">
        <ele>160.000</ele>
      </trkpt>
      <trkpt lat="43.529400000" lon="0.406400000">
        <ele>158.000</ele>
      </trkpt>
      <trkpt lat="43.531260000" lon="0.406320000">
        <ele>156.000</ele>
      </trkpt>
      <trkpt lat="43.531420000" lon="0.406320000">
        <ele>156.000</ele>
      </trkpt>
      <trkpt lat="43.531570000" lon="0.406350000">
        <ele>155.000</ele>
      </trkpt>
      <trkpt lat="43.531730000" lon="0.406400000">
        <ele>155.000</ele>
      </trkpt>
      <trkpt lat="43.531990000" lon="0.406520000">
        <ele>155.000</ele>
      </trkpt>
      <trkpt lat="43.532290000" lon="0.406680000">
        <ele>156.000</ele>
      </trkpt>
      <trkpt lat="43.532420000" lon="0.406750000">
        <ele>157.000</ele>
      </trkpt>
      <trkpt lat="43.532640000" lon="0.406890000">
        <ele>157.000</ele>
      </trkpt>
      <trkpt lat="43.532740000" lon="0.406930000">
        <ele>158.000</ele>
      </trkpt>
      <trkpt lat="43.532840000" lon="0.406940000">
        <ele>158.000</ele>
      </trkpt>
      <trkpt lat="43.532920000" lon="0.406920000">
        <ele>159.000</ele>
      </trkpt>
      <trkpt lat="43.533210000" lon="0.406760000">
        <ele>159.000</ele>
      </trkpt>
      <trkpt lat="43.533270000" lon="0.406740000">
        <ele>160.000</ele>
      </trkpt>
      <trkpt lat="43.533370000" lon="0.406730000">
        <ele>160.000</ele>
      </trkpt>
      <trkpt lat="43.533440000" lon="0.406740000">
        <ele>160.000</ele>
      </trkpt>
      <trkpt lat="43.533540000" lon="0.406780000">
        <ele>160.000</ele>
      </trkpt>
      <trkpt lat="43.534110000" lon="0.407250000">
        <ele>159.000</ele>
      </trkpt>
      <trkpt lat="43.534310000" lon="0.407350000">
        <ele>158.000</ele>
      </trkpt>
      <trkpt lat="43.534720000" lon="0.407460000">
        <ele>157.000</ele>
      </trkpt>
      <trkpt lat="43.534880000" lon="0.407480000">
        <ele>156.000</ele>
      </trkpt>
      <trkpt lat="43.535000000" lon="0.407470000">
        <ele>155.000</ele>
      </trkpt>
      <trkpt lat="43.535100000" lon="0.407430000">
        <ele>155.000</ele>
      </trkpt>
      <trkpt lat="43.535210000" lon="0.407320000">
        <ele>155.000</ele>
      </trkpt>
      <trkpt lat="43.535290000" lon="0.407160000">
        <ele>156.000</ele>
      </trkpt>
      <trkpt lat="43.535380000" lon="0.406960000">
        <ele>156.000</ele>
      </trkpt>
      <trkpt lat="43.535850000" lon="0.405870000">
        <ele>159.000</ele>
      </trkpt>
      <trkpt lat="43.535960000" lon="0.405600000">
        <ele>162.000</ele>
      </trkpt>
      <trkpt lat="43.536070000" lon="0.405260000">
        <ele>165.000</ele>
      </trkpt>
      <trkpt lat="43.536130000" lon="0.404980000">
        <ele>166.000</ele>
      </trkpt>
      <trkpt lat="43.536170000" lon="0.404660000">
        <ele>168.000</ele>
      </trkpt>
      <trkpt lat="43.536310000" lon="0.402340000">
        <ele>171.000</ele>
      </trkpt>
      <trkpt lat="43.536380000" lon="0.401640000">
        <ele>173.000</ele>
      </trkpt>
      <trkpt lat="43.536430000" lon="0.401340000">
        <ele>176.000</ele>
      </trkpt>
      <trkpt lat="43.536610000" lon="0.400430000">
        <ele>178.000</ele>
      </trkpt>
      <trkpt lat="43.536680000" lon="0.399930000">
        <ele>180.000</ele>
      </trkpt>
      <trkpt lat="43.536700000" lon="0.399430000">
        <ele>182.000</ele>
      </trkpt>
      <trkpt lat="43.536700000" lon="0.398980000">
        <ele>184.000</ele>
      </trkpt>
      <trkpt lat="43.536700000" lon="0.398980000">
        <ele>185.000</ele>
      </trkpt>
      <trkpt lat="43.536710000" lon="0.396980000">
        <ele>186.000</ele>
      </trkpt>
      <trkpt lat="43.536730000" lon="0.396600000">
        <ele>187.000</ele>
      </trkpt>
      <trkpt lat="43.536860000" lon="0.395700000">
        <ele>189.000</ele>
      </trkpt>
      <trkpt lat="43.537000000" lon="0.394770000">
        <ele>192.000</ele>
      </trkpt>
      <trkpt lat="43.537080000" lon="0.394390000">
        <ele>194.000</ele>
      </trkpt>
      <trkpt lat="43.537100000" lon="0.394320000">
        <ele>196.000</ele>
      </trkpt>
      <trkpt lat="43.537200000" lon="0.393960000">
        <ele>197.000</ele>
      </trkpt>
      <trkpt lat="43.537910000" lon="0.392090000">
        <ele>200.000</ele>
      </trkpt>
      <trkpt lat="43.538060000" lon="0.391640000">
        <ele>202.000</ele>
      </trkpt>
      <trkpt lat="43.538100000" lon="0.391520000">
        <ele>204.000</ele>
      </trkpt>
      <trkpt lat="43.538150000" lon="0.391340000">
        <ele>205.000</ele>
      </trkpt>
      <trkpt lat="43.538180000" lon="0.391170000">
        <ele>206.000</ele>
      </trkpt>
      <trkpt lat="43.538280000" lon="0.390140000">
        <ele>206.000</ele>
      </trkpt>
      <trkpt lat="43.538320000" lon="0.389720000">
        <ele>207.000</ele>
      </trkpt>
      <trkpt lat="43.538380000" lon="0.389310000">
        <ele>208.000</ele>
      </trkpt>
      <trkpt lat="43.538730000" lon="0.387440000">
        <ele>209.000</ele>
      </trkpt>
      <trkpt lat="43.538830000" lon="0.386950000">
        <ele>210.000</ele>
      </trkpt>
      <trkpt lat="43.538940000" lon="0.386520000">
        <ele>212.000</ele>
      </trkpt>
      <trkpt lat="43.539390000" lon="0.384900000">
        <ele>215.000</ele>
      </trkpt>
      <trkpt lat="43.539600000" lon="0.384160000">
        <ele>217.000</ele>
      </trkpt>
      <trkpt lat="43.539720000" lon="0.383820000">
        <ele>219.000</ele>
      </trkpt>
      <trkpt lat="43.539830000" lon="0.383530000">
        <ele>221.000</ele>
      </trkpt>
      <trkpt lat="43.540000000" lon="0.383170000">
        <ele>222.000</ele>
      </trkpt>
      <trkpt lat="43.541690000" lon="0.379910000">
        <ele>226.000</ele>
      </trkpt>
      <trkpt lat="43.543540000" lon="0.376900000">
        <ele>230.000</ele>
      </trkpt>
      <trkpt lat="43.543710000" lon="0.376660000">
        <ele>233.000</ele>
      </trkpt>
      <trkpt lat="43.544330000" lon="0.375910000">
        <ele>233.000</ele>
      </trkpt>
      <trkpt lat="43.544420000" lon="0.375790000">
        <ele>232.000</ele>
      </trkpt>
      <trkpt lat="43.544500000" lon="0.375650000">
        <ele>232.000</ele>
      </trkpt>
      <trkpt lat="43.544580000" lon="0.375380000">
        <ele>231.000</ele>
      </trkpt>
      <trkpt lat="43.544910000" lon="0.374160000">
        <ele>228.000</ele>
      </trkpt>
      <trkpt lat="43.544960000" lon="0.373910000">
        <ele>226.000</ele>
      </trkpt>
      <trkpt lat="43.544980000" lon="0.373670000">
        <ele>224.000</ele>
      </trkpt>
      <trkpt lat="43.544970000" lon="0.373460000">
        <ele>223.000</ele>
      </trkpt>
      <trkpt lat="43.544860000" lon="0.372080000">
        <ele>220.000</ele>
      </trkpt>
      <trkpt lat="43.544870000" lon="0.371900000">
        <ele>218.000</ele>
      </trkpt>
      <trkpt lat="43.544900000" lon="0.371750000">
        <ele>216.000</ele>
      </trkpt>
      <trkpt lat="43.544930000" lon="0.371640000">
        <ele>215.000</ele>
      </trkpt>
      <trkpt lat="43.545090000" lon="0.371310000">
        <ele>214.000</ele>
      </trkpt>
      <trkpt lat="43.545160000" lon="0.371120000">
        <ele>212.000</ele>
      </trkpt>
      <trkpt lat="43.545300000" lon="0.370400000">
        <ele>210.000</ele>
      </trkpt>
      <trkpt lat="43.545360000" lon="0.370210000">
        <ele>209.000</ele>
      </trkpt>
      <trkpt lat="43.545430000" lon="0.370060000">
        <ele>207.000</ele>
      </trkpt>
      <trkpt lat="43.545520000" lon="0.369910000">
        <ele>206.000</ele>
      </trkpt>
      <trkpt lat="43.545620000" lon="0.369790000">
        <ele>205.000</ele>
      </trkpt>
      <trkpt lat="43.546620000" lon="0.369070000">
        <ele>202.000</ele>
      </trkpt>
      <trkpt lat="43.547220000" lon="0.368740000">
        <ele>199.000</ele>
      </trkpt>
      <trkpt lat="43.547400000" lon="0.368610000">
        <ele>196.000</ele>
      </trkpt>
      <trkpt lat="43.547560000" lon="0.368420000">
        <ele>194.000</ele>
      </trkpt>
      <trkpt lat="43.548060000" lon="0.367770000">
        <ele>191.000</ele>
      </trkpt>
      <trkpt lat="43.548130000" lon="0.367680000">
        <ele>189.000</ele>
      </trkpt>
      <trkpt lat="43.548160000" lon="0.367650000">
        <ele>188.000</ele>
      </trkpt>
      <trkpt lat="43.549870000" lon="0.365380000">
        <ele>188.000</ele>
      </trkpt>
      <trkpt lat="43.550200000" lon="0.364950000">
        <ele>188.000</ele>
      </trkpt>
      <trkpt lat="43.550650000" lon="0.364360000">
        <ele>190.000</ele>
      </trkpt>
      <trkpt lat="43.550780000" lon="0.364180000">
        <ele>191.000</ele>
      </trkpt>
      <trkpt lat="43.550870000" lon="0.363920000">
        <ele>192.000</ele>
      </trkpt>
      <trkpt lat="43.550920000" lon="0.363630000">
        <ele>194.000</ele>
      </trkpt>
      <trkpt lat="43.550950000" lon="0.362690000">
        <ele>196.000</ele>
      </trkpt>
      <trkpt lat="43.550970000" lon="0.362080000">
        <ele>198.000</ele>
      </trkpt>
      <trkpt lat="43.551010000" lon="0.361710000">
        <ele>200.000</ele>
      </trkpt>
      <trkpt lat="43.551020000" lon="0.361670000">
        <ele>202.000</ele>
      </trkpt>
      <trkpt lat="43.551060000" lon="0.361460000">
        <ele>203.000</ele>
      </trkpt>
      <trkpt lat="43.551240000" lon="0.360550000">
        <ele>205.000</ele>
      </trkpt>
      <trkpt lat="43.551450000" lon="0.359640000">
        <ele>208.000</ele>
      </trkpt>
      <trkpt lat="43.552860000" lon="0.354320000">
        <ele>215.000</ele>
      </trkpt>
      <trkpt lat="43.552940000" lon="0.354050000">
        <ele>219.000</ele>
      </trkpt>
      <trkpt lat="43.553050000" lon="0.353790000">
        <ele>223.000</ele>
      </trkpt>
      <trkpt lat="43.554140000" lon="0.351800000">
        <ele>228.000</ele>
      </trkpt>
      <trkpt lat="43.554520000" lon="0.351210000">
        <ele>233.000</ele>
      </trkpt>
      <trkpt lat="43.554970000" lon="0.350590000">
        <ele>236.000</ele>
      </trkpt>
      <trkpt lat="43.555180000" lon="0.350350000">
        <ele>239.000</ele>
      </trkpt>
      <trkpt lat="43.556040000" lon="0.349510000">
        <ele>241.000</ele>
      </trkpt>
      <trkpt lat="43.556270000" lon="0.349320000">
        <ele>243.000</ele>
      </trkpt>
      <trkpt lat="43.556870000" lon="0.348900000">
        <ele>246.000</ele>
      </trkpt>
      <trkpt lat="43.557880000" lon="0.348220000">
        <ele>249.000</ele>
      </trkpt>
      <trkpt lat="43.558060000" lon="0.348130000">
        <ele>250.000</ele>
      </trkpt>
      <trkpt lat="43.558330000" lon="0.348020000">
        <ele>251.000</ele>
      </trkpt>
      <trkpt lat="43.558840000" lon="0.347830000">
        <ele>252.000</ele>
      </trkpt>
      <trkpt lat="43.559080000" lon="0.347760000">
        <ele>252.000</ele>
      </trkpt>
      <trkpt lat="43.559230000" lon="0.347740000">
        <ele>251.000</ele>
      </trkpt>
      <trkpt lat="43.559430000" lon="0.347730000">
        <ele>251.000</ele>
      </trkpt>
      <trkpt lat="43.560830000" lon="0.347970000">
        <ele>250.000</ele>
      </trkpt>
      <trkpt lat="43.561050000" lon="0.347990000">
        <ele>249.000</ele>
      </trkpt>
      <trkpt lat="43.561300000" lon="0.347990000">
        <ele>249.000</ele>
      </trkpt>
      <trkpt lat="43.561740000" lon="0.347950000">
        <ele>249.000</ele>
      </trkpt>
      <trkpt lat="43.561930000" lon="0.347890000">
        <ele>250.000</ele>
      </trkpt>
      <trkpt lat="43.562070000" lon="0.347810000">
        <ele>250.000</ele>
      </trkpt>
      <trkpt lat="43.562200000" lon="0.347710000">
        <ele>251.000</ele>
      </trkpt>
      <trkpt lat="43.562530000" lon="0.347360000">
        <ele>251.000</ele>
      </trkpt>
      <trkpt lat="43.563070000" lon="0.346770000">
        <ele>251.000</ele>
      </trkpt>
      <trkpt lat="43.563370000" lon="0.346420000">
        <ele>251.000</ele>
      </trkpt>
      <trkpt lat="43.563490000" lon="0.346250000">
        <ele>250.000</ele>
      </trkpt>
      <trkpt lat="43.563720000" lon="0.345920000">
        <ele>250.000</ele>
      </trkpt>
      <trkpt lat="43.563830000" lon="0.345760000">
        <ele>249.000</ele>
      </trkpt>
      <trkpt lat="43.563980000" lon="0.345560000">
        <ele>249.000</ele>
      </trkpt>
      <trkpt lat="43.564150000" lon="0.345390000">
        <ele>248.000</ele>
      </trkpt>
      <trkpt lat="43.564510000" lon="0.345100000">
        <ele>246.000</ele>
      </trkpt>
      <trkpt lat="43.566320000" lon="0.343780000">
        <ele>241.000</ele>
      </trkpt>
      <trkpt lat="43.566660000" lon="0.343530000">
        <ele>237.000</ele>
      </trkpt>
      <trkpt lat="43.567270000" lon="0.343070000">
        <ele>234.000</ele>
      </trkpt>
      <trkpt lat="43.567450000" lon="0.342910000">
        <ele>232.000</ele>
      </trkpt>
      <trkpt lat="43.568780000" lon="0.341420000">
        <ele>230.000</ele>
      </trkpt>
      <trkpt lat="43.569360000" lon="0.340790000">
        <ele>227.000</ele>
      </trkpt>
      <trkpt lat="43.570120000" lon="0.339940000">
        <ele>223.000</ele>
      </trkpt>
      <trkpt lat="43.570350000" lon="0.339630000">
        <ele>220.000</ele>
      </trkpt>
      <trkpt lat="43.571100000" lon="0.338420000">
        <ele>215.000</ele>
      </trkpt>
      <trkpt lat="43.571220000" lon="0.338290000">
        <ele>212.000</ele>
      </trkpt>
      <trkpt lat="43.571360000" lon="0.338190000">
        <ele>209.000</ele>
      </trkpt>
      <trkpt lat="43.571510000" lon="0.338120000">
        <ele>207.000</ele>
      </trkpt>
      <trkpt lat="43.572140000" lon="0.337870000">
        <ele>204.000</ele>
      </trkpt>
      <trkpt lat="43.573230000" lon="0.337410000">
        <ele>203.000</ele>
      </trkpt>
      <trkpt lat="43.573660000" lon="0.337230000">
        <ele>203.000</ele>
      </trkpt>
      <trkpt lat="43.573850000" lon="0.337090000">
        <ele>203.000</ele>
      </trkpt>
      <trkpt lat="43.574020000" lon="0.336930000">
        <ele>204.000</ele>
      </trkpt>
      <trkpt lat="43.574340000" lon="0.336540000">
        <ele>205.000</ele>
      </trkpt>
      <trkpt lat="43.574510000" lon="0.336360000">
        <ele>206.000</ele>
      </trkpt>
      <trkpt lat="43.574650000" lon="0.336260000">
        <ele>208.000</ele>
      </trkpt>
      <trkpt lat="43.574830000" lon="0.336160000">
        <ele>209.000</ele>
      </trkpt>
      <trkpt lat="43.575010000" lon="0.336110000">
        <ele>210.000</ele>
      </trkpt>
      <trkpt lat="43.575380000" lon="0.336030000">
        <ele>212.000</ele>
      </trkpt>
      <trkpt lat="43.575550000" lon="0.335950000">
        <ele>213.000</ele>
      </trkpt>
      <trkpt lat="43.575690000" lon="0.335850000">
        <ele>215.000</ele>
      </trkpt>
      <trkpt lat="43.575810000" lon="0.335700000">
        <ele>215.000</ele>
      </trkpt>
      <trkpt lat="43.575900000" lon="0.335500000">
        <ele>216.000</ele>
      </trkpt>
      <trkpt lat="43.576300000" lon="0.334340000">
        <ele>217.000</ele>
      </trkpt>
      <trkpt lat="43.576400000" lon="0.334070000">
        <ele>218.000</ele>
      </trkpt>
      <trkpt lat="43.576470000" lon="0.333940000">
        <ele>218.000</ele>
      </trkpt>
      <trkpt lat="43.576560000" lon="0.333780000">
        <ele>219.000</ele>
      </trkpt>
      <trkpt lat="43.576670000" lon="0.333620000">
        <ele>219.000</ele>
      </trkpt>
      <trkpt lat="43.576780000" lon="0.333490000">
        <ele>219.000</ele>
      </trkpt>
      <trkpt lat="43.576880000" lon="0.333410000">
        <ele>218.000</ele>
      </trkpt>
      <trkpt lat="43.576970000" lon="0.333360000">
        <ele>218.000</ele>
      </trkpt>
      <trkpt lat="43.577060000" lon="0.333330000">
        <ele>218.000</ele>
      </trkpt>
      <trkpt lat="43.577290000" lon="0.333280000">
        <ele>217.000</ele>
      </trkpt>
      <trkpt lat="43.577430000" lon="0.333250000">
        <ele>216.000</ele>
      </trkpt>
      <trkpt lat="43.577640000" lon="0.333190000">
        <ele>216.000</ele>
      </trkpt>
      <trkpt lat="43.577670000" lon="0.333190000">
        <ele>215.000</ele>
      </trkpt>
      <trkpt lat="43.577780000" lon="0.331770000">
        <ele>213.000</ele>
      </trkpt>
      <trkpt lat="43.577780000" lon="0.331590000">
        <ele>212.000</ele>
      </trkpt>
      <trkpt lat="43.577700000" lon="0.330780000">
        <ele>210.000</ele>
      </trkpt>
      <trkpt lat="43.577690000" lon="0.330630000">
        <ele>208.000</ele>
      </trkpt>
      <trkpt lat="43.577700000" lon="0.330500000">
        <ele>207.000</ele>
      </trkpt>
      <trkpt lat="43.577730000" lon="0.330360000">
        <ele>206.000</ele>
      </trkpt>
      <trkpt lat="43.577820000" lon="0.330090000">
        <ele>205.000</ele>
      </trkpt>
      <trkpt lat="43.577870000" lon="0.329960000">
        <ele>204.000</ele>
      </trkpt>
      <trkpt lat="43.577910000" lon="0.329830000">
        <ele>203.000</ele>
      </trkpt>
      <trkpt lat="43.577920000" lon="0.329750000">
        <ele>202.000</ele>
      </trkpt>
      <trkpt lat="43.577950000" lon="0.329600000">
        <ele>201.000</ele>
      </trkpt>
      <trkpt lat="43.578020000" lon="0.329210000">
        <ele>200.000</ele>
      </trkpt>
      <trkpt lat="43.578030000" lon="0.329050000">
        <ele>200.000</ele>
      </trkpt>
      <trkpt lat="43.578030000" lon="0.328880000">
        <ele>199.000</ele>
      </trkpt>
      <trkpt lat="43.578000000" lon="0.328700000">
        <ele>198.000</ele>
      </trkpt>
      <trkpt lat="43.577960000" lon="0.328550000">
        <ele>197.000</ele>
      </trkpt>
      <trkpt lat="43.577910000" lon="0.328400000">
        <ele>196.000</ele>
      </trkpt>
      <trkpt lat="43.577700000" lon="0.328070000">
        <ele>194.000</ele>
      </trkpt>
      <trkpt lat="43.577650000" lon="0.327950000">
        <ele>193.000</ele>
      </trkpt>
      <trkpt lat="43.577610000" lon="0.327790000">
        <ele>192.000</ele>
      </trkpt>
      <trkpt lat="43.577600000" lon="0.327630000">
        <ele>191.000</ele>
      </trkpt>
      <trkpt lat="43.577610000" lon="0.327480000">
        <ele>190.000</ele>
      </trkpt>
      <trkpt lat="43.577640000" lon="0.327290000">
        <ele>189.000</ele>
      </trkpt>
      <trkpt lat="43.577670000" lon="0.327140000">
        <ele>188.000</ele>
      </trkpt>
      <trkpt lat="43.577810000" lon="0.326250000">
        <ele>185.000</ele>
      </trkpt>
      <trkpt lat="43.577820000" lon="0.326120000">
        <ele>183.000</ele>
      </trkpt>
      <trkpt lat="43.577840000" lon="0.325940000">
        <ele>182.000</ele>
      </trkpt>
      <trkpt lat="43.577880000" lon="0.325820000">
        <ele>181.000</ele>
      </trkpt>
      <trkpt lat="43.577930000" lon="0.325720000">
        <ele>179.000</ele>
      </trkpt>
      <trkpt lat="43.578000000" lon="0.325640000">
        <ele>178.000</ele>
      </trkpt>
      <trkpt lat="43.578070000" lon="0.325570000">
        <ele>178.000</ele>
      </trkpt>
      <trkpt lat="43.578220000" lon="0.325470000">
        <ele>177.000</ele>
      </trkpt>
      <trkpt lat="43.578370000" lon="0.325410000">
        <ele>175.000</ele>
      </trkpt>
      <trkpt lat="43.578510000" lon="0.325360000">
        <ele>174.000</ele>
      </trkpt>
      <trkpt lat="43.578650000" lon="0.325330000">
        <ele>173.000</ele>
      </trkpt>
      <trkpt lat="43.578790000" lon="0.325320000">
        <ele>172.000</ele>
      </trkpt>
      <trkpt lat="43.578970000" lon="0.325320000">
        <ele>171.000</ele>
      </trkpt>
      <trkpt lat="43.579120000" lon="0.325330000">
        <ele>170.000</ele>
      </trkpt>
      <trkpt lat="43.579330000" lon="0.325390000">
        <ele>168.000</ele>
      </trkpt>
      <trkpt lat="43.579380000" lon="0.325410000">
        <ele>167.000</ele>
      </trkpt>
      <trkpt lat="43.579710000" lon="0.325490000">
        <ele>166.000</ele>
      </trkpt>
      <trkpt lat="43.579800000" lon="0.325500000">
        <ele>166.000</ele>
      </trkpt>
      <trkpt lat="43.579870000" lon="0.325500000">
        <ele>165.000</ele>
      </trkpt>
      <trkpt lat="43.580000000" lon="0.325450000">
        <ele>165.000</ele>
      </trkpt>
      <trkpt lat="43.580070000" lon="0.325390000">
        <ele>164.000</ele>
      </trkpt>
      <trkpt lat="43.580150000" lon="0.325290000">
        <ele>164.000</ele>
      </trkpt>
      <trkpt lat="43.580200000" lon="0.325210000">
        <ele>163.000</ele>
      </trkpt>
      <trkpt lat="43.580240000" lon="0.325060000">
        <ele>163.000</ele>
      </trkpt>
      <trkpt lat="43.580240000" lon="0.324880000">
        <ele>163.000</ele>
      </trkpt>
      <trkpt lat="43.580250000" lon="0.324040000">
        <ele>162.000</ele>
      </trkpt>
      <trkpt lat="43.580290000" lon="0.322140000">
        <ele>160.000</ele>
      </trkpt>
      <trkpt lat="43.580290000" lon="0.321820000">
        <ele>159.000</ele>
      </trkpt>
      <trkpt lat="43.580340000" lon="0.318650000">
        <ele>158.000</ele>
      </trkpt>
      <trkpt lat="43.580350000" lon="0.318140000">
        <ele>158.000</ele>
      </trkpt>
      <trkpt lat="43.580420000" lon="0.313180000">
        <ele>158.000</ele>
      </trkpt>
      <trkpt lat="43.580460000" lon="0.310740000">
        <ele>160.000</ele>
      </trkpt>
      <trkpt lat="43.580470000" lon="0.309520000">
        <ele>161.000</ele>
      </trkpt>
      <trkpt lat="43.580470000" lon="0.309220000">
        <ele>162.000</ele>
      </trkpt>
      <trkpt lat="43.580440000" lon="0.308910000">
        <ele>163.000</ele>
      </trkpt>
      <trkpt lat="43.580410000" lon="0.308580000">
        <ele>164.000</ele>
      </trkpt>
      <trkpt lat="43.580200000" lon="0.307090000">
        <ele>167.000</ele>
      </trkpt>
      <trkpt lat="43.580200000" lon="0.307090000">
        <ele>168.000</ele>
      </trkpt>
      <trkpt lat="43.580050000" lon="0.306060000">
        <ele>170.000</ele>
      </trkpt>
      <trkpt lat="43.580030000" lon="0.305890000">
        <ele>172.000</ele>
      </trkpt>
      <trkpt lat="43.579990000" lon="0.305660000">
        <ele>173.000</ele>
      </trkpt>
      <trkpt lat="43.579930000" lon="0.305230000">
        <ele>175.000</ele>
      </trkpt>
      <trkpt lat="43.579840000" lon="0.304580000">
        <ele>177.000</ele>
      </trkpt>
      <trkpt lat="43.579560000" lon="0.302620000">
        <ele>181.000</ele>
      </trkpt>
      <trkpt lat="43.579520000" lon="0.302300000">
        <ele>184.000</ele>
      </trkpt>
      <trkpt lat="43.579420000" lon="0.301610000">
        <ele>187.000</ele>
      </trkpt>
      <trkpt lat="43.579310000" lon="0.300800000">
        <ele>190.000</ele>
      </trkpt>
      <trkpt lat="43.579280000" lon="0.300570000">
        <ele>192.000</ele>
      </trkpt>
      <trkpt lat="43.579260000" lon="0.300310000">
        <ele>194.000</ele>
      </trkpt>
      <trkpt lat="43.579250000" lon="0.299770000">
        <ele>196.000</ele>
      </trkpt>
      <trkpt lat="43.579460000" lon="0.295550000">
        <ele>202.000</ele>
      </trkpt>
      <trkpt lat="43.579480000" lon="0.295160000">
        <ele>207.000</ele>
      </trkpt>
      <trkpt lat="43.579480000" lon="0.294750000">
        <ele>210.000</ele>
      </trkpt>
      <trkpt lat="43.579440000" lon="0.292880000">
        <ele>215.000</ele>
      </trkpt>
      <trkpt lat="43.579460000" lon="0.292460000">
        <ele>217.000</ele>
      </trkpt>
      <trkpt lat="43.579490000" lon="0.291980000">
        <ele>218.000</ele>
      </trkpt>
      <trkpt lat="43.579610000" lon="0.290300000">
        <ele>217.000</ele>
      </trkpt>
      <trkpt lat="43.579670000" lon="0.289630000">
        <ele>216.000</ele>
      </trkpt>
      <trkpt lat="43.579720000" lon="0.289330000">
        <ele>215.000</ele>
      </trkpt>
      <trkpt lat="43.579810000" lon="0.289110000">
        <ele>215.000</ele>
      </trkpt>
      <trkpt lat="43.579940000" lon="0.288940000">
        <ele>215.000</ele>
      </trkpt>
      <trkpt lat="43.580080000" lon="0.288830000">
        <ele>215.000</ele>
      </trkpt>
      <trkpt lat="43.580390000" lon="0.288660000">
        <ele>215.000</ele>
      </trkpt>
      <trkpt lat="43.580470000" lon="0.288550000">
        <ele>215.000</ele>
      </trkpt>
      <trkpt lat="43.580540000" lon="0.288410000">
        <ele>215.000</ele>
      </trkpt>
      <trkpt lat="43.580570000" lon="0.288240000">
        <ele>215.000</ele>
      </trkpt>
      <trkpt lat="43.580570000" lon="0.288040000">
        <ele>216.000</ele>
      </trkpt>
      <trkpt lat="43.580560000" lon="0.287870000">
        <ele>216.000</ele>
      </trkpt>
      <trkpt lat="43.580400000" lon="0.286230000">
        <ele>218.000</ele>
      </trkpt>
      <trkpt lat="43.580390000" lon="0.286150000">
        <ele>219.000</ele>
      </trkpt>
      <trkpt lat="43.580350000" lon="0.285820000">
        <ele>220.000</ele>
      </trkpt>
      <trkpt lat="43.580350000" lon="0.285520000">
        <ele>220.000</ele>
      </trkpt>
      <trkpt lat="43.580370000" lon="0.285260000">
        <ele>219.000</ele>
      </trkpt>
      <trkpt lat="43.580410000" lon="0.285010000">
        <ele>219.000</ele>
      </trkpt>
      <trkpt lat="43.581090000" lon="0.281470000">
        <ele>212.000</ele>
      </trkpt>
      <trkpt lat="43.581940000" lon="0.277060000">
        <ele>199.000</ele>
      </trkpt>
      <trkpt lat="43.582230000" lon="0.275530000">
        <ele>190.000</ele>
      </trkpt>
      <trkpt lat="43.582280000" lon="0.275280000">
        <ele>183.000</ele>
      </trkpt>
      <trkpt lat="43.582480000" lon="0.274170000">
        <ele>179.000</ele>
      </trkpt>
      <trkpt lat="43.582650000" lon="0.273330000">
        <ele>177.000</ele>
      </trkpt>
      <trkpt lat="43.582680000" lon="0.273050000">
        <ele>176.000</ele>
      </trkpt>
      <trkpt lat="43.582700000" lon="0.272800000">
        <ele>176.000</ele>
      </trkpt>
      <trkpt lat="43.582700000" lon="0.272530000">
        <ele>176.000</ele>
      </trkpt>
      <trkpt lat="43.582410000" lon="0.268140000">
        <ele>183.000</ele>
      </trkpt>
      <trkpt lat="43.582220000" lon="0.265620000">
        <ele>189.000</ele>
      </trkpt>
      <trkpt lat="43.582070000" lon="0.263620000">
        <ele>194.000</ele>
      </trkpt>
      <trkpt lat="43.582030000" lon="0.263290000">
        <ele>197.000</ele>
      </trkpt>
      <trkpt lat="43.582010000" lon="0.263070000">
        <ele>199.000</ele>
      </trkpt>
      <trkpt lat="43.582020000" lon="0.262840000">
        <ele>200.000</ele>
      </trkpt>
      <trkpt lat="43.582050000" lon="0.262640000">
        <ele>201.000</ele>
      </trkpt>
      <trkpt lat="43.582110000" lon="0.262390000">
        <ele>201.000</ele>
      </trkpt>
      <trkpt lat="43.582190000" lon="0.262190000">
        <ele>200.000</ele>
      </trkpt>
      <trkpt lat="43.582900000" lon="0.260530000">
        <ele>197.000</ele>
      </trkpt>
      <trkpt lat="43.583040000" lon="0.260160000">
        <ele>194.000</ele>
      </trkpt>
      <trkpt lat="43.583140000" lon="0.259850000">
        <ele>192.000</ele>
      </trkpt>
      <trkpt lat="43.583230000" lon="0.259420000">
        <ele>189.000</ele>
      </trkpt>
      <trkpt lat="43.583290000" lon="0.259060000">
        <ele>187.000</ele>
      </trkpt>
      <trkpt lat="43.583350000" lon="0.258630000">
        <ele>184.000</ele>
      </trkpt>
      <trkpt lat="43.583370000" lon="0.258440000">
        <ele>182.000</ele>
      </trkpt>
      <trkpt lat="43.583380000" lon="0.258250000">
        <ele>181.000</ele>
      </trkpt>
      <trkpt lat="43.583370000" lon="0.258060000">
        <ele>179.000</ele>
      </trkpt>
      <trkpt lat="43.583320000" lon="0.257860000">
        <ele>178.000</ele>
      </trkpt>
      <trkpt lat="43.583190000" lon="0.257410000">
        <ele>177.000</ele>
      </trkpt>
      <trkpt lat="43.583110000" lon="0.257110000">
        <ele>177.000</ele>
      </trkpt>
      <trkpt lat="43.583050000" lon="0.256790000">
        <ele>176.000</ele>
      </trkpt>
      <trkpt lat="43.583020000" lon="0.256520000">
        <ele>176.000</ele>
      </trkpt>
      <trkpt lat="43.582950000" lon="0.255870000">
        <ele>175.000</ele>
      </trkpt>
      <trkpt lat="43.582930000" lon="0.255750000">
        <ele>175.000</ele>
      </trkpt>
      <trkpt lat="43.582900000" lon="0.255660000">
        <ele>174.000</ele>
      </trkpt>
      <trkpt lat="43.582860000" lon="0.255570000">
        <ele>174.000</ele>
      </trkpt>
      <trkpt lat="43.582810000" lon="0.255500000">
        <ele>174.000</ele>
      </trkpt>
      <trkpt lat="43.582760000" lon="0.255440000">
        <ele>174.000</ele>
      </trkpt>
      <trkpt lat="43.582700000" lon="0.255390000">
        <ele>174.000</ele>
      </trkpt>
      <trkpt lat="43.581420000" lon="0.254750000">
        <ele>174.000</ele>
      </trkpt>
      <trkpt lat="43.581370000" lon="0.254730000">
        <ele>174.000</ele>
      </trkpt>
      <trkpt lat="43.580660000" lon="0.254350000">
        <ele>175.000</ele>
      </trkpt>
      <trkpt lat="43.580590000" lon="0.254300000">
        <ele>175.000</ele>
      </trkpt>
      <trkpt lat="43.580510000" lon="0.254230000">
        <ele>176.000</ele>
      </trkpt>
      <trkpt lat="43.580400000" lon="0.254120000">
        <ele>176.000</ele>
      </trkpt>
      <trkpt lat="43.580300000" lon="0.253960000">
        <ele>177.000</ele>
      </trkpt>
      <trkpt lat="43.580170000" lon="0.253680000">
        <ele>178.000</ele>
      </trkpt>
      <trkpt lat="43.579470000" lon="0.252200000">
        <ele>182.000</ele>
      </trkpt>
      <trkpt lat="43.579210000" lon="0.251670000">
        <ele>187.000</ele>
      </trkpt>
      <trkpt lat="43.579000000" lon="0.251220000">
        <ele>190.000</ele>
      </trkpt>
      <trkpt lat="43.578930000" lon="0.251080000">
        <ele>193.000</ele>
      </trkpt>
      <trkpt lat="43.578870000" lon="0.250920000">
        <ele>196.000</ele>
      </trkpt>
      <trkpt lat="43.578830000" lon="0.250740000">
        <ele>198.000</ele>
      </trkpt>
      <trkpt lat="43.578810000" lon="0.250550000">
        <ele>200.000</ele>
      </trkpt>
      <trkpt lat="43.578800000" lon="0.250370000">
        <ele>201.000</ele>
      </trkpt>
      <trkpt lat="43.578820000" lon="0.250190000">
        <ele>203.000</ele>
      </trkpt>
      <trkpt lat="43.578820000" lon="0.250140000">
        <ele>204.000</ele>
      </trkpt>
      <trkpt lat="43.578860000" lon="0.249870000">
        <ele>205.000</ele>
      </trkpt>
      <trkpt lat="43.579040000" lon="0.248470000">
        <ele>209.000</ele>
      </trkpt>
      <trkpt lat="43.579120000" lon="0.247910000">
        <ele>213.000</ele>
      </trkpt>
      <trkpt lat="43.579160000" lon="0.247600000">
        <ele>216.000</ele>
      </trkpt>
      <trkpt lat="43.579190000" lon="0.247300000">
        <ele>219.000</ele>
      </trkpt>
      <trkpt lat="43.579250000" lon="0.246620000">
        <ele>221.000</ele>
      </trkpt>
      <trkpt lat="43.579280000" lon="0.246060000">
        <ele>223.000</ele>
      </trkpt>
      <trkpt lat="43.579290000" lon="0.246010000">
        <ele>224.000</ele>
      </trkpt>
      <trkpt lat="43.579310000" lon="0.245680000">
        <ele>225.000</ele>
      </trkpt>
      <trkpt lat="43.579310000" lon="0.245570000">
        <ele>225.000</ele>
      </trkpt>
      <trkpt lat="43.579320000" lon="0.245340000">
        <ele>226.000</ele>
      </trkpt>
      <trkpt lat="43.579330000" lon="0.245120000">
        <ele>226.000</ele>
      </trkpt>
      <trkpt lat="43.579330000" lon="0.245120000">
        <ele>227.000</ele>
      </trkpt>
      <trkpt lat="43.579340000" lon="0.244960000">
        <ele>227.000</ele>
      </trkpt>
      <trkpt lat="43.579340000" lon="0.244900000">
        <ele>227.000</ele>
      </trkpt>
      <trkpt lat="43.579340000" lon="0.244830000">
        <ele>227.000</ele>
      </trkpt>
      <trkpt lat="43.579350000" lon="0.244790000">
        <ele>227.000</ele>
      </trkpt>
      <trkpt lat="43.579350000" lon="0.244720000">
        <ele>227.000</ele>
      </trkpt>
      <trkpt lat="43.579340000" lon="0.243930000">
        <ele>227.000</ele>
      </trkpt>
      <trkpt lat="43.579310000" lon="0.243040000">
        <ele>227.000</ele>
      </trkpt>
      <trkpt lat="43.579310000" lon="0.242920000">
        <ele>227.000</ele>
      </trkpt>
      <trkpt lat="43.579300000" lon="0.242700000">
        <ele>227.000</ele>
      </trkpt>
      <trkpt lat="43.579290000" lon="0.242620000">
        <ele>227.000</ele>
      </trkpt>
      <trkpt lat="43.579280000" lon="0.242350000">
        <ele>227.000</ele>
      </trkpt>
      <trkpt lat="43.579280000" lon="0.242150000">
        <ele>227.000</ele>
      </trkpt>
      <trkpt lat="43.579270000" lon="0.241920000">
        <ele>227.000</ele>
      </trkpt>
      <trkpt lat="43.579260000" lon="0.241870000">
        <ele>227.000</ele>
      </trkpt>
      <trkpt lat="43.579260000" lon="0.241800000">
        <ele>227.000</ele>
      </trkpt>
      <trkpt lat="43.579240000" lon="0.241630000">
        <ele>227.000</ele>
      </trkpt>
      <trkpt lat="43.579220000" lon="0.241470000">
        <ele>227.000</ele>
      </trkpt>
      <trkpt lat="43.579210000" lon="0.241440000">
        <ele>227.000</ele>
      </trkpt>
      <trkpt lat="43.579180000" lon="0.241240000">
        <ele>227.000</ele>
      </trkpt>
      <trkpt lat="43.579070000" lon="0.240830000">
        <ele>227.000</ele>
      </trkpt>
      <trkpt lat="43.578960000" lon="0.240400000">
        <ele>227.000</ele>
      </trkpt>
      <trkpt lat="43.578940000" lon="0.240330000">
        <ele>227.000</ele>
      </trkpt>
      <trkpt lat="43.578910000" lon="0.240200000">
        <ele>227.000</ele>
      </trkpt>
      <trkpt lat="43.578720000" lon="0.239440000">
        <ele>227.000</ele>
      </trkpt>
      <trkpt lat="43.578670000" lon="0.239250000">
        <ele>227.000</ele>
      </trkpt>
      <trkpt lat="43.578560000" lon="0.238820000">
        <ele>228.000</ele>
      </trkpt>
      <trkpt lat="43.578500000" lon="0.238570000">
        <ele>229.000</ele>
      </trkpt>
      <trkpt lat="43.578430000" lon="0.238270000">
        <ele>230.000</ele>
      </trkpt>
      <trkpt lat="43.578250000" lon="0.237140000">
        <ele>233.000</ele>
      </trkpt>
      <trkpt lat="43.578220000" lon="0.236830000">
        <ele>235.000</ele>
      </trkpt>
      <trkpt lat="43.578220000" lon="0.236530000">
        <ele>237.000</ele>
      </trkpt>
      <trkpt lat="43.578230000" lon="0.236070000">
        <ele>239.000</ele>
      </trkpt>
      <trkpt lat="43.578240000" lon="0.235860000">
        <ele>240.000</ele>
      </trkpt>
      <trkpt lat="43.578220000" lon="0.234110000">
        <ele>244.000</ele>
      </trkpt>
      <trkpt lat="43.578220000" lon="0.234110000">
        <ele>246.000</ele>
      </trkpt>
      <trkpt lat="43.578210000" lon="0.233780000">
        <ele>247.000</ele>
      </trkpt>
      <trkpt lat="43.578190000" lon="0.233640000">
        <ele>248.000</ele>
      </trkpt>
      <trkpt lat="43.578170000" lon="0.233490000">
        <ele>249.000</ele>
      </trkpt>
      <trkpt lat="43.578120000" lon="0.233350000">
        <ele>249.000</ele>
      </trkpt>
      <trkpt lat="43.578050000" lon="0.233230000">
        <ele>249.000</ele>
      </trkpt>
      <trkpt lat="43.577950000" lon="0.233070000">
        <ele>249.000</ele>
      </trkpt>
      <trkpt lat="43.577900000" lon="0.232980000">
        <ele>249.000</ele>
      </trkpt>
      <trkpt lat="43.577870000" lon="0.232890000">
        <ele>249.000</ele>
      </trkpt>
      <trkpt lat="43.577820000" lon="0.232880000">
        <ele>249.000</ele>
      </trkpt>
      <trkpt lat="43.577710000" lon="0.232830000">
        <ele>249.000</ele>
      </trkpt>
      <trkpt lat="43.577060000" lon="0.232440000">
        <ele>248.000</ele>
      </trkpt>
      <trkpt lat="43.576860000" lon="0.232340000">
        <ele>248.000</ele>
      </trkpt>
      <trkpt lat="43.576690000" lon="0.232270000">
        <ele>248.000</ele>
      </trkpt>
      <trkpt lat="43.576490000" lon="0.232240000">
        <ele>248.000</ele>
      </trkpt>
      <trkpt lat="43.576290000" lon="0.232230000">
        <ele>248.000</ele>
      </trkpt>
      <trkpt lat="43.576070000" lon="0.232270000">
        <ele>248.000</ele>
      </trkpt>
      <trkpt lat="43.575890000" lon="0.232340000">
        <ele>248.000</ele>
      </trkpt>
      <trkpt lat="43.575740000" lon="0.232410000">
        <ele>248.000</ele>
      </trkpt>
      <trkpt lat="43.575560000" lon="0.232530000">
        <ele>248.000</ele>
      </trkpt>
      <trkpt lat="43.575380000" lon="0.232660000">
        <ele>248.000</ele>
      </trkpt>
      <trkpt lat="43.573070000" lon="0.234620000">
        <ele>248.000</ele>
      </trkpt>
      <trkpt lat="43.572870000" lon="0.234760000">
        <ele>249.000</ele>
      </trkpt>
      <trkpt lat="43.572640000" lon="0.234840000">
        <ele>250.000</ele>
      </trkpt>
      <trkpt lat="43.572450000" lon="0.234860000">
        <ele>251.000</ele>
      </trkpt>
      <trkpt lat="43.571500000" lon="0.234850000">
        <ele>253.000</ele>
      </trkpt>
      <trkpt lat="43.571290000" lon="0.234820000">
        <ele>256.000</ele>
      </trkpt>
      <trkpt lat="43.571140000" lon="0.234780000">
        <ele>257.000</ele>
      </trkpt>
      <trkpt lat="43.570950000" lon="0.234720000">
        <ele>258.000</ele>
      </trkpt>
      <trkpt lat="43.570260000" lon="0.234390000">
        <ele>259.000</ele>
      </trkpt>
      <trkpt lat="43.570050000" lon="0.234280000">
        <ele>260.000</ele>
      </trkpt>
      <trkpt lat="43.569880000" lon="0.234120000">
        <ele>260.000</ele>
      </trkpt>
      <trkpt lat="43.569750000" lon="0.233920000">
        <ele>261.000</ele>
      </trkpt>
      <trkpt lat="43.569550000" lon="0.233480000">
        <ele>261.000</ele>
      </trkpt>
      <trkpt lat="43.569480000" lon="0.233340000">
        <ele>261.000</ele>
      </trkpt>
      <trkpt lat="43.569410000" lon="0.233240000">
        <ele>261.000</ele>
      </trkpt>
      <trkpt lat="43.569340000" lon="0.233160000">
        <ele>261.000</ele>
      </trkpt>
      <trkpt lat="43.569240000" lon="0.233070000">
        <ele>261.000</ele>
      </trkpt>
      <trkpt lat="43.569060000" lon="0.232950000">
        <ele>261.000</ele>
      </trkpt>
      <trkpt lat="43.567550000" lon="0.232170000">
        <ele>261.000</ele>
      </trkpt>
      <trkpt lat="43.567430000" lon="0.232090000">
        <ele>262.000</ele>
      </trkpt>
      <trkpt lat="43.567290000" lon="0.231980000">
        <ele>262.000</ele>
      </trkpt>
      <trkpt lat="43.566200000" lon="0.230880000">
        <ele>265.000</ele>
      </trkpt>
      <trkpt lat="43.566070000" lon="0.230720000">
        <ele>267.000</ele>
      </trkpt>
      <trkpt lat="43.565950000" lon="0.230530000">
        <ele>268.000</ele>
      </trkpt>
      <trkpt lat="43.565470000" lon="0.229790000">
        <ele>269.000</ele>
      </trkpt>
      <trkpt lat="43.565090000" lon="0.229170000">
        <ele>270.000</ele>
      </trkpt>
      <trkpt lat="43.564610000" lon="0.228410000">
        <ele>271.000</ele>
      </trkpt>
      <trkpt lat="43.564480000" lon="0.228130000">
        <ele>272.000</ele>
      </trkpt>
      <trkpt lat="43.564410000" lon="0.227820000">
        <ele>272.000</ele>
      </trkpt>
      <trkpt lat="43.564270000" lon="0.226230000">
        <ele>273.000</ele>
      </trkpt>
      <trkpt lat="43.564250000" lon="0.226080000">
        <ele>274.000</ele>
      </trkpt>
      <trkpt lat="43.564230000" lon="0.225930000">
        <ele>274.000</ele>
      </trkpt>
      <trkpt lat="43.564180000" lon="0.225820000">
        <ele>275.000</ele>
      </trkpt>
      <trkpt lat="43.564110000" lon="0.225710000">
        <ele>275.000</ele>
      </trkpt>
      <trkpt lat="43.564010000" lon="0.225630000">
        <ele>275.000</ele>
      </trkpt>
      <trkpt lat="43.563880000" lon="0.225580000">
        <ele>275.000</ele>
      </trkpt>
      <trkpt lat="43.560750000" lon="0.225310000">
        <ele>273.000</ele>
      </trkpt>
      <trkpt lat="43.560130000" lon="0.225250000">
        <ele>272.000</ele>
      </trkpt>
      <trkpt lat="43.560020000" lon="0.225250000">
        <ele>271.000</ele>
      </trkpt>
      <trkpt lat="43.559900000" lon="0.225260000">
        <ele>271.000</ele>
      </trkpt>
      <trkpt lat="43.559770000" lon="0.225290000">
        <ele>270.000</ele>
      </trkpt>
      <trkpt lat="43.559650000" lon="0.225330000">
        <ele>270.000</ele>
      </trkpt>
      <trkpt lat="43.559300000" lon="0.225520000">
        <ele>269.000</ele>
      </trkpt>
      <trkpt lat="43.558840000" lon="0.225760000">
        <ele>269.000</ele>
      </trkpt>
      <trkpt lat="43.558660000" lon="0.225870000">
        <ele>268.000</ele>
      </trkpt>
      <trkpt lat="43.558500000" lon="0.226010000">
        <ele>267.000</ele>
      </trkpt>
      <trkpt lat="43.558160000" lon="0.226410000">
        <ele>267.000</ele>
      </trkpt>
      <trkpt lat="43.558040000" lon="0.226530000">
        <ele>266.000</ele>
      </trkpt>
      <trkpt lat="43.557900000" lon="0.226620000">
        <ele>265.000</ele>
      </trkpt>
      <trkpt lat="43.557740000" lon="0.226710000">
        <ele>265.000</ele>
      </trkpt>
      <trkpt lat="43.557580000" lon="0.226740000">
        <ele>264.000</ele>
      </trkpt>
      <trkpt lat="43.557340000" lon="0.226780000">
        <ele>263.000</ele>
      </trkpt>
      <trkpt lat="43.557180000" lon="0.226810000">
        <ele>263.000</ele>
      </trkpt>
      <trkpt lat="43.555600000" lon="0.227080000">
        <ele>261.000</ele>
      </trkpt>
      <trkpt lat="43.555430000" lon="0.227120000">
        <ele>261.000</ele>
      </trkpt>
      <trkpt lat="43.555290000" lon="0.227140000">
        <ele>260.000</ele>
      </trkpt>
      <trkpt lat="43.555150000" lon="0.227150000">
        <ele>260.000</ele>
      </trkpt>
      <trkpt lat="43.555020000" lon="0.227150000">
        <ele>259.000</ele>
      </trkpt>
      <trkpt lat="43.554860000" lon="0.227120000">
        <ele>259.000</ele>
      </trkpt>
      <trkpt lat="43.554730000" lon="0.227070000">
        <ele>259.000</ele>
      </trkpt>
      <trkpt lat="43.553080000" lon="0.226270000">
        <ele>261.000</ele>
      </trkpt>
      <trkpt lat="43.552960000" lon="0.226230000">
        <ele>262.000</ele>
      </trkpt>
      <trkpt lat="43.552860000" lon="0.226230000">
        <ele>263.000</ele>
      </trkpt>
      <trkpt lat="43.552740000" lon="0.226250000">
        <ele>264.000</ele>
      </trkpt>
      <trkpt lat="43.552620000" lon="0.226290000">
        <ele>264.000</ele>
      </trkpt>
      <trkpt lat="43.552500000" lon="0.226380000">
        <ele>265.000</ele>
      </trkpt>
      <trkpt lat="43.552400000" lon="0.226490000">
        <ele>266.000</ele>
      </trkpt>
      <trkpt lat="43.551990000" lon="0.227090000">
        <ele>267.000</ele>
      </trkpt>
      <trkpt lat="43.551680000" lon="0.227510000">
        <ele>269.000</ele>
      </trkpt>
      <trkpt lat="43.551550000" lon="0.227680000">
        <ele>271.000</ele>
      </trkpt>
      <trkpt lat="43.551420000" lon="0.227820000">
        <ele>271.000</ele>
      </trkpt>
      <trkpt lat="43.551300000" lon="0.227930000">
        <ele>272.000</ele>
      </trkpt>
      <trkpt lat="43.551160000" lon="0.228050000">
        <ele>272.000</ele>
      </trkpt>
      <trkpt lat="43.550530000" lon="0.228570000">
        <ele>272.000</ele>
      </trkpt>
      <trkpt lat="43.550410000" lon="0.228680000">
        <ele>271.000</ele>
      </trkpt>
      <trkpt lat="43.550380000" lon="0.228720000">
        <ele>271.000</ele>
      </trkpt>
      <trkpt lat="43.550290000" lon="0.228820000">
        <ele>271.000</ele>
      </trkpt>
      <trkpt lat="43.550200000" lon="0.228950000">
        <ele>271.000</ele>
      </trkpt>
      <trkpt lat="43.550100000" lon="0.229120000">
        <ele>270.000</ele>
      </trkpt>
      <trkpt lat="43.549990000" lon="0.229340000">
        <ele>270.000</ele>
      </trkpt>
      <trkpt lat="43.548730000" lon="0.232240000">
        <ele>272.000</ele>
      </trkpt>
      <trkpt lat="43.548650000" lon="0.232380000">
        <ele>273.000</ele>
      </trkpt>
      <trkpt lat="43.548560000" lon="0.232480000">
        <ele>274.000</ele>
      </trkpt>
      <trkpt lat="43.548450000" lon="0.232560000">
        <ele>275.000</ele>
      </trkpt>
      <trkpt lat="43.548340000" lon="0.232620000">
        <ele>275.000</ele>
      </trkpt>
      <trkpt lat="43.548220000" lon="0.232640000">
        <ele>275.000</ele>
      </trkpt>
      <trkpt lat="43.548070000" lon="0.232650000">
        <ele>275.000</ele>
      </trkpt>
      <trkpt lat="43.546600000" lon="0.232770000">
        <ele>276.000</ele>
      </trkpt>
      <trkpt lat="43.546210000" lon="0.232810000">
        <ele>276.000</ele>
      </trkpt>
      <trkpt lat="43.546030000" lon="0.232820000">
        <ele>276.000</ele>
      </trkpt>
      <trkpt lat="43.545870000" lon="0.232840000">
        <ele>276.000</ele>
      </trkpt>
      <trkpt lat="43.545680000" lon="0.232910000">
        <ele>276.000</ele>
      </trkpt>
      <trkpt lat="43.545460000" lon="0.233010000">
        <ele>276.000</ele>
      </trkpt>
      <trkpt lat="43.545300000" lon="0.233060000">
        <ele>275.000</ele>
      </trkpt>
      <trkpt lat="43.544960000" lon="0.233140000">
        <ele>275.000</ele>
      </trkpt>
      <trkpt lat="43.544830000" lon="0.233170000">
        <ele>275.000</ele>
      </trkpt>
      <trkpt lat="43.544700000" lon="0.233240000">
        <ele>275.000</ele>
      </trkpt>
      <trkpt lat="43.544600000" lon="0.233320000">
        <ele>275.000</ele>
      </trkpt>
      <trkpt lat="43.544490000" lon="0.233430000">
        <ele>275.000</ele>
      </trkpt>
      <trkpt lat="43.542600000" lon="0.235650000">
        <ele>275.000</ele>
      </trkpt>
      <trkpt lat="43.542040000" lon="0.236310000">
        <ele>274.000</ele>
      </trkpt>
      <trkpt lat="43.541950000" lon="0.236440000">
        <ele>274.000</ele>
      </trkpt>
      <trkpt lat="43.541610000" lon="0.237060000">
        <ele>273.000</ele>
      </trkpt>
      <trkpt lat="43.541490000" lon="0.237190000">
        <ele>272.000</ele>
      </trkpt>
      <trkpt lat="43.541430000" lon="0.237230000">
        <ele>271.000</ele>
      </trkpt>
      <trkpt lat="43.541350000" lon="0.237240000">
        <ele>271.000</ele>
      </trkpt>
      <trkpt lat="43.541260000" lon="0.237220000">
        <ele>270.000</ele>
      </trkpt>
      <trkpt lat="43.541120000" lon="0.237160000">
        <ele>270.000</ele>
      </trkpt>
      <trkpt lat="43.540560000" lon="0.236740000">
        <ele>271.000</ele>
      </trkpt>
      <trkpt lat="43.540420000" lon="0.236670000">
        <ele>271.000</ele>
      </trkpt>
      <trkpt lat="43.540270000" lon="0.236640000">
        <ele>271.000</ele>
      </trkpt>
      <trkpt lat="43.540130000" lon="0.236660000">
        <ele>272.000</ele>
      </trkpt>
      <trkpt lat="43.540010000" lon="0.236700000">
        <ele>272.000</ele>
      </trkpt>
      <trkpt lat="43.536280000" lon="0.239150000">
        <ele>275.000</ele>
      </trkpt>
      <trkpt lat="43.536190000" lon="0.239180000">
        <ele>277.000</ele>
      </trkpt>
      <trkpt lat="43.536120000" lon="0.239200000">
        <ele>278.000</ele>
      </trkpt>
      <trkpt lat="43.536010000" lon="0.239190000">
        <ele>279.000</ele>
      </trkpt>
      <trkpt lat="43.535950000" lon="0.239170000">
        <ele>279.000</ele>
      </trkpt>
      <trkpt lat="43.535880000" lon="0.239140000">
        <ele>279.000</ele>
      </trkpt>
      <trkpt lat="43.535820000" lon="0.239090000">
        <ele>279.000</ele>
      </trkpt>
      <trkpt lat="43.535750000" lon="0.239020000">
        <ele>278.000</ele>
      </trkpt>
      <trkpt lat="43.535670000" lon="0.238880000">
        <ele>278.000</ele>
      </trkpt>
      <trkpt lat="43.535290000" lon="0.238200000">
        <ele>276.000</ele>
      </trkpt>
      <trkpt lat="43.534990000" lon="0.237610000">
        <ele>273.000</ele>
      </trkpt>
      <trkpt lat="43.534910000" lon="0.237450000">
        <ele>272.000</ele>
      </trkpt>
      <trkpt lat="43.533440000" lon="0.234620000">
        <ele>270.000</ele>
      </trkpt>
      <trkpt lat="43.533340000" lon="0.234290000">
        <ele>269.000</ele>
      </trkpt>
      <trkpt lat="43.533240000" lon="0.233690000">
        <ele>269.000</ele>
      </trkpt>
      <trkpt lat="43.533210000" lon="0.233500000">
        <ele>268.000</ele>
      </trkpt>
      <trkpt lat="43.533140000" lon="0.233020000">
        <ele>268.000</ele>
      </trkpt>
      <trkpt lat="43.533120000" lon="0.232820000">
        <ele>268.000</ele>
      </trkpt>
      <trkpt lat="43.533120000" lon="0.232640000">
        <ele>269.000</ele>
      </trkpt>
      <trkpt lat="43.533130000" lon="0.232490000">
        <ele>269.000</ele>
      </trkpt>
      <trkpt lat="43.533160000" lon="0.232320000">
        <ele>269.000</ele>
      </trkpt>
      <trkpt lat="43.533210000" lon="0.232130000">
        <ele>269.000</ele>
      </trkpt>
      <trkpt lat="43.533390000" lon="0.231610000">
        <ele>269.000</ele>
      </trkpt>
      <trkpt lat="43.533550000" lon="0.231260000">
        <ele>268.000</ele>
      </trkpt>
      <trkpt lat="43.534420000" lon="0.229310000">
        <ele>265.000</ele>
      </trkpt>
      <trkpt lat="43.534550000" lon="0.228960000">
        <ele>262.000</ele>
      </trkpt>
      <trkpt lat="43.534600000" lon="0.228690000">
        <ele>261.000</ele>
      </trkpt>
      <trkpt lat="43.534630000" lon="0.228390000">
        <ele>260.000</ele>
      </trkpt>
      <trkpt lat="43.534660000" lon="0.225980000">
        <ele>258.000</ele>
      </trkpt>
      <trkpt lat="43.534670000" lon="0.225570000">
        <ele>257.000</ele>
      </trkpt>
      <trkpt lat="43.534670000" lon="0.225370000">
        <ele>256.000</ele>
      </trkpt>
      <trkpt lat="43.534690000" lon="0.224250000">
        <ele>257.000</ele>
      </trkpt>
      <trkpt lat="43.534690000" lon="0.223890000">
        <ele>257.000</ele>
      </trkpt>
      <trkpt lat="43.534710000" lon="0.223510000">
        <ele>257.000</ele>
      </trkpt>
      <trkpt lat="43.534730000" lon="0.223360000">
        <ele>258.000</ele>
      </trkpt>
      <trkpt lat="43.534730000" lon="0.223360000">
        <ele>258.000</ele>
      </trkpt>
      <trkpt lat="43.534740000" lon="0.223230000">
        <ele>258.000</ele>
      </trkpt>
      <trkpt lat="43.534770000" lon="0.223050000">
        <ele>258.000</ele>
      </trkpt>
      <trkpt lat="43.534790000" lon="0.222900000">
        <ele>258.000</ele>
      </trkpt>
      <trkpt lat="43.534920000" lon="0.222190000">
        <ele>257.000</ele>
      </trkpt>
      <trkpt lat="43.535090000" lon="0.221230000">
        <ele>256.000</ele>
      </trkpt>
      <trkpt lat="43.535130000" lon="0.220960000">
        <ele>254.000</ele>
      </trkpt>
      <trkpt lat="43.535150000" lon="0.220700000">
        <ele>253.000</ele>
      </trkpt>
      <trkpt lat="43.535140000" lon="0.220500000">
        <ele>253.000</ele>
      </trkpt>
      <trkpt lat="43.535100000" lon="0.220290000">
        <ele>252.000</ele>
      </trkpt>
      <trkpt lat="43.535030000" lon="0.220070000">
        <ele>252.000</ele>
      </trkpt>
      <trkpt lat="43.534870000" lon="0.219740000">
        <ele>251.000</ele>
      </trkpt>
      <trkpt lat="43.534290000" lon="0.218520000">
        <ele>251.000</ele>
      </trkpt>
      <trkpt lat="43.534080000" lon="0.218140000">
        <ele>250.000</ele>
      </trkpt>
      <trkpt lat="43.533870000" lon="0.217870000">
        <ele>249.000</ele>
      </trkpt>
      <trkpt lat="43.533700000" lon="0.217640000">
        <ele>247.000</ele>
      </trkpt>
      <trkpt lat="43.533520000" lon="0.217290000">
        <ele>246.000</ele>
      </trkpt>
      <trkpt lat="43.533340000" lon="0.216960000">
        <ele>245.000</ele>
      </trkpt>
      <trkpt lat="43.533160000" lon="0.216720000">
        <ele>243.000</ele>
      </trkpt>
      <trkpt lat="43.532530000" lon="0.216100000">
        <ele>241.000</ele>
      </trkpt>
      <trkpt lat="43.531130000" lon="0.214750000">
        <ele>239.000</ele>
      </trkpt>
      <trkpt lat="43.531030000" lon="0.214640000">
        <ele>237.000</ele>
      </trkpt>
      <trkpt lat="43.530910000" lon="0.214460000">
        <ele>236.000</ele>
      </trkpt>
      <trkpt lat="43.530770000" lon="0.214210000">
        <ele>235.000</ele>
      </trkpt>
      <trkpt lat="43.530570000" lon="0.213820000">
        <ele>234.000</ele>
      </trkpt>
      <trkpt lat="43.530490000" lon="0.213680000">
        <ele>233.000</ele>
      </trkpt>
      <trkpt lat="43.530440000" lon="0.213570000">
        <ele>233.000</ele>
      </trkpt>
      <trkpt lat="43.530340000" lon="0.213360000">
        <ele>232.000</ele>
      </trkpt>
      <trkpt lat="43.530230000" lon="0.213130000">
        <ele>232.000</ele>
      </trkpt>
      <trkpt lat="43.530130000" lon="0.212940000">
        <ele>232.000</ele>
      </trkpt>
      <trkpt lat="43.530040000" lon="0.212750000">
        <ele>231.000</ele>
      </trkpt>
      <trkpt lat="43.529990000" lon="0.212630000">
        <ele>231.000</ele>
      </trkpt>
      <trkpt lat="43.529940000" lon="0.212520000">
        <ele>231.000</ele>
      </trkpt>
      <trkpt lat="43.529780000" lon="0.212010000">
        <ele>231.000</ele>
      </trkpt>
      <trkpt lat="43.529740000" lon="0.211890000">
        <ele>230.000</ele>
      </trkpt>
      <trkpt lat="43.529660000" lon="0.211740000">
        <ele>230.000</ele>
      </trkpt>
      <trkpt lat="43.529610000" lon="0.211650000">
        <ele>230.000</ele>
      </trkpt>
      <trkpt lat="43.529550000" lon="0.211570000">
        <ele>230.000</ele>
      </trkpt>
      <trkpt lat="43.529310000" lon="0.211310000">
        <ele>230.000</ele>
      </trkpt>
      <trkpt lat="43.529220000" lon="0.211190000">
        <ele>230.000</ele>
      </trkpt>
      <trkpt lat="43.529180000" lon="0.211120000">
        <ele>229.000</ele>
      </trkpt>
      <trkpt lat="43.529130000" lon="0.211000000">
        <ele>229.000</ele>
      </trkpt>
      <trkpt lat="43.529080000" lon="0.210850000">
        <ele>229.000</ele>
      </trkpt>
      <trkpt lat="43.529040000" lon="0.210660000">
        <ele>229.000</ele>
      </trkpt>
      <trkpt lat="43.528640000" lon="0.208870000">
        <ele>229.000</ele>
      </trkpt>
      <trkpt lat="43.528300000" lon="0.207330000">
        <ele>230.000</ele>
      </trkpt>
      <trkpt lat="43.528290000" lon="0.207050000">
        <ele>230.000</ele>
      </trkpt>
      <trkpt lat="43.528310000" lon="0.206730000">
        <ele>231.000</ele>
      </trkpt>
      <trkpt lat="43.528640000" lon="0.203720000">
        <ele>234.000</ele>
      </trkpt>
      <trkpt lat="43.528700000" lon="0.203110000">
        <ele>237.000</ele>
      </trkpt>
      <trkpt lat="43.528930000" lon="0.201070000">
        <ele>239.000</ele>
      </trkpt>
      <trkpt lat="43.528980000" lon="0.200780000">
        <ele>240.000</ele>
      </trkpt>
      <trkpt lat="43.529460000" lon="0.198720000">
        <ele>237.000</ele>
      </trkpt>
      <trkpt lat="43.529520000" lon="0.198350000">
        <ele>234.000</ele>
      </trkpt>
      <trkpt lat="43.529540000" lon="0.198070000">
        <ele>232.000</ele>
      </trkpt>
      <trkpt lat="43.529520000" lon="0.197840000">
        <ele>231.000</ele>
      </trkpt>
      <trkpt lat="43.529460000" lon="0.197570000">
        <ele>230.000</ele>
      </trkpt>
      <trkpt lat="43.529060000" lon="0.196350000">
        <ele>229.000</ele>
      </trkpt>
      <trkpt lat="43.529040000" lon="0.196200000">
        <ele>228.000</ele>
      </trkpt>
      <trkpt lat="43.529020000" lon="0.196060000">
        <ele>228.000</ele>
      </trkpt>
      <trkpt lat="43.529020000" lon="0.195900000">
        <ele>227.000</ele>
      </trkpt>
      <trkpt lat="43.529050000" lon="0.195700000">
        <ele>227.000</ele>
      </trkpt>
      <trkpt lat="43.529430000" lon="0.194070000">
        <ele>225.000</ele>
      </trkpt>
      <trkpt lat="43.529480000" lon="0.193760000">
        <ele>224.000</ele>
      </trkpt>
      <trkpt lat="43.529490000" lon="0.193500000">
        <ele>223.000</ele>
      </trkpt>
      <trkpt lat="43.529490000" lon="0.193290000">
        <ele>222.000</ele>
      </trkpt>
      <trkpt lat="43.529450000" lon="0.193120000">
        <ele>220.000</ele>
      </trkpt>
      <trkpt lat="43.529400000" lon="0.192970000">
        <ele>219.000</ele>
      </trkpt>
      <trkpt lat="43.529310000" lon="0.192830000">
        <ele>218.000</ele>
      </trkpt>
      <trkpt lat="43.529220000" lon="0.192740000">
        <ele>217.000</ele>
      </trkpt>
      <trkpt lat="43.529090000" lon="0.192660000">
        <ele>216.000</ele>
      </trkpt>
      <trkpt lat="43.528960000" lon="0.192610000">
        <ele>215.000</ele>
      </trkpt>
      <trkpt lat="43.528600000" lon="0.192570000">
        <ele>213.000</ele>
      </trkpt>
      <trkpt lat="43.528480000" lon="0.192540000">
        <ele>212.000</ele>
      </trkpt>
      <trkpt lat="43.528390000" lon="0.192480000">
        <ele>211.000</ele>
      </trkpt>
      <trkpt lat="43.528290000" lon="0.192390000">
        <ele>210.000</ele>
      </trkpt>
      <trkpt lat="43.528210000" lon="0.192280000">
        <ele>208.000</ele>
      </trkpt>
      <trkpt lat="43.527950000" lon="0.191760000">
        <ele>206.000</ele>
      </trkpt>
      <trkpt lat="43.527840000" lon="0.191540000">
        <ele>205.000</ele>
      </trkpt>
      <trkpt lat="43.527730000" lon="0.191390000">
        <ele>204.000</ele>
      </trkpt>
      <trkpt lat="43.527540000" lon="0.191200000">
        <ele>202.000</ele>
      </trkpt>
      <trkpt lat="43.526190000" lon="0.190100000">
        <ele>199.000</ele>
      </trkpt>
      <trkpt lat="43.526000000" lon="0.189930000">
        <ele>196.000</ele>
      </trkpt>
      <trkpt lat="43.525820000" lon="0.189700000">
        <ele>194.000</ele>
      </trkpt>
      <trkpt lat="43.525670000" lon="0.189500000">
        <ele>192.000</ele>
      </trkpt>
      <trkpt lat="43.525460000" lon="0.189290000">
        <ele>190.000</ele>
      </trkpt>
      <trkpt lat="43.525360000" lon="0.189160000">
        <ele>188.000</ele>
      </trkpt>
      <trkpt lat="43.525270000" lon="0.189000000">
        <ele>186.000</ele>
      </trkpt>
      <trkpt lat="43.524890000" lon="0.187950000">
        <ele>183.000</ele>
      </trkpt>
      <trkpt lat="43.524840000" lon="0.187660000">
        <ele>180.000</ele>
      </trkpt>
      <trkpt lat="43.524860000" lon="0.187460000">
        <ele>179.000</ele>
      </trkpt>
      <trkpt lat="43.524920000" lon="0.187280000">
        <ele>177.000</ele>
      </trkpt>
      <trkpt lat="43.525010000" lon="0.187140000">
        <ele>176.000</ele>
      </trkpt>
      <trkpt lat="43.525110000" lon="0.187060000">
        <ele>175.000</ele>
      </trkpt>
      <trkpt lat="43.525220000" lon="0.187000000">
        <ele>174.000</ele>
      </trkpt>
      <trkpt lat="43.526090000" lon="0.186760000">
        <ele>172.000</ele>
      </trkpt>
      <trkpt lat="43.526280000" lon="0.186670000">
        <ele>171.000</ele>
      </trkpt>
      <trkpt lat="43.526440000" lon="0.186540000">
        <ele>169.000</ele>
      </trkpt>
      <trkpt lat="43.526550000" lon="0.186370000">
        <ele>168.000</ele>
      </trkpt>
      <trkpt lat="43.526600000" lon="0.186200000">
        <ele>167.000</ele>
      </trkpt>
      <trkpt lat="43.526630000" lon="0.186020000">
        <ele>166.000</ele>
      </trkpt>
      <trkpt lat="43.526630000" lon="0.185890000">
        <ele>165.000</ele>
      </trkpt>
      <trkpt lat="43.526600000" lon="0.185720000">
        <ele>165.000</ele>
      </trkpt>
      <trkpt lat="43.526500000" lon="0.185410000">
        <ele>164.000</ele>
      </trkpt>
      <trkpt lat="43.526460000" lon="0.185310000">
        <ele>163.000</ele>
      </trkpt>
      <trkpt lat="43.526340000" lon="0.184930000">
        <ele>162.000</ele>
      </trkpt>
      <trkpt lat="43.526140000" lon="0.184330000">
        <ele>160.000</ele>
      </trkpt>
      <trkpt lat="43.525040000" lon="0.181130000">
        <ele>159.000</ele>
      </trkpt>
      <trkpt lat="43.524970000" lon="0.180860000">
        <ele>158.000</ele>
      </trkpt>
      <trkpt lat="43.524930000" lon="0.180640000">
        <ele>158.000</ele>
      </trkpt>
      <trkpt lat="43.524910000" lon="0.180460000">
        <ele>157.000</ele>
      </trkpt>
      <trkpt lat="43.524910000" lon="0.180280000">
        <ele>157.000</ele>
      </trkpt>
      <trkpt lat="43.524920000" lon="0.180090000">
        <ele>156.000</ele>
      </trkpt>
      <trkpt lat="43.525040000" lon="0.179550000">
        <ele>156.000</ele>
      </trkpt>
      <trkpt lat="43.525240000" lon="0.178750000">
        <ele>156.000</ele>
      </trkpt>
      <trkpt lat="43.526520000" lon="0.173320000">
        <ele>155.000</ele>
      </trkpt>
      <trkpt lat="43.526590000" lon="0.173000000">
        <ele>154.000</ele>
      </trkpt>
      <trkpt lat="43.526650000" lon="0.172740000">
        <ele>154.000</ele>
      </trkpt>
      <trkpt lat="43.526680000" lon="0.172540000">
        <ele>153.000</ele>
      </trkpt>
      <trkpt lat="43.526670000" lon="0.172330000">
        <ele>153.000</ele>
      </trkpt>
      <trkpt lat="43.526660000" lon="0.172120000">
        <ele>153.000</ele>
      </trkpt>
      <trkpt lat="43.526630000" lon="0.171630000">
        <ele>153.000</ele>
      </trkpt>
      <trkpt lat="43.526630000" lon="0.171220000">
        <ele>153.000</ele>
      </trkpt>
      <trkpt lat="43.526720000" lon="0.169490000">
        <ele>153.000</ele>
      </trkpt>
      <trkpt lat="43.526740000" lon="0.169030000">
        <ele>153.000</ele>
      </trkpt>
      <trkpt lat="43.526740000" lon="0.168930000">
        <ele>153.000</ele>
      </trkpt>
      <trkpt lat="43.526720000" lon="0.168840000">
        <ele>153.000</ele>
      </trkpt>
      <trkpt lat="43.526690000" lon="0.168770000">
        <ele>153.000</ele>
      </trkpt>
      <trkpt lat="43.526640000" lon="0.168720000">
        <ele>153.000</ele>
      </trkpt>
      <trkpt lat="43.526440000" lon="0.168570000">
        <ele>153.000</ele>
      </trkpt>
      <trkpt lat="43.526320000" lon="0.168470000">
        <ele>153.000</ele>
      </trkpt>
      <trkpt lat="43.526240000" lon="0.168380000">
        <ele>153.000</ele>
      </trkpt>
      <trkpt lat="43.526190000" lon="0.168290000">
        <ele>153.000</ele>
      </trkpt>
      <trkpt lat="43.526090000" lon="0.167990000">
        <ele>153.000</ele>
      </trkpt>
      <trkpt lat="43.526070000" lon="0.167880000">
        <ele>153.000</ele>
      </trkpt>
      <trkpt lat="43.525230000" lon="0.164590000">
        <ele>154.000</ele>
      </trkpt>
      <trkpt lat="43.524950000" lon="0.163480000">
        <ele>155.000</ele>
      </trkpt>
      <trkpt lat="43.524940000" lon="0.163430000">
        <ele>156.000</ele>
      </trkpt>
      <trkpt lat="43.524760000" lon="0.162720000">
        <ele>157.000</ele>
      </trkpt>
      <trkpt lat="43.524560000" lon="0.161950000">
        <ele>158.000</ele>
      </trkpt>
      <trkpt lat="43.524560000" lon="0.161950000">
        <ele>159.000</ele>
      </trkpt>
      <trkpt lat="43.524520000" lon="0.161790000">
        <ele>159.000</ele>
      </trkpt>
      <trkpt lat="43.524490000" lon="0.161680000">
        <ele>160.000</ele>
      </trkpt>
      <trkpt lat="43.524480000" lon="0.161640000">
        <ele>160.000</ele>
      </trkpt>
      <trkpt lat="43.524530000" lon="0.161620000">
        <ele>160.000</ele>
      </trkpt>
      <trkpt lat="43.524740000" lon="0.161510000">
        <ele>160.000</ele>
      </trkpt>
      <trkpt lat="43.524770000" lon="0.161500000">
        <ele>160.000</ele>
      </trkpt>
      <trkpt lat="43.525040000" lon="0.161360000">
        <ele>160.000</ele>
      </trkpt>
      <trkpt lat="43.525230000" lon="0.161270000">
        <ele>159.000</ele>
      </trkpt>
      <trkpt lat="43.525410000" lon="0.161180000">
        <ele>159.000</ele>
      </trkpt>
      <trkpt lat="43.525480000" lon="0.161150000">
        <ele>159.000</ele>
      </trkpt>
      <trkpt lat="43.525910000" lon="0.160910000">
        <ele>159.000</ele>
      </trkpt>
      <trkpt lat="43.526070000" lon="0.160870000">
        <ele>158.000</ele>
      </trkpt>
      <trkpt lat="43.526120000" lon="0.160830000">
        <ele>158.000</ele>
      </trkpt>
      <trkpt lat="43.526070000" lon="0.160600000">
        <ele>158.000</ele>
      </trkpt>
      <trkpt lat="43.525930000" lon="0.160080000">
        <ele>157.000</ele>
      </trkpt>
      <trkpt lat="43.525850000" lon="0.159730000">
        <ele>157.000</ele>
      </trkpt>
      <trkpt lat="43.525780000" lon="0.159460000">
        <ele>156.000</ele>
      </trkpt>
      <trkpt lat="43.525760000" lon="0.159380000">
        <ele>156.000</ele>
      </trkpt>
      <trkpt lat="43.525700000" lon="0.159130000">
        <ele>155.000</ele>
      </trkpt>
      <trkpt lat="43.525640000" lon="0.158890000">
        <ele>155.000</ele>
      </trkpt>
      <trkpt lat="43.525730000" lon="0.158840000">
        <ele>155.000</ele>
      </trkpt>
      <trkpt lat="43.525730000" lon="0.158840000">
        <ele>154.000</ele>
      </trkpt>
      <trkpt lat="43.525640000" lon="0.158890000">
        <ele>154.000</ele>
      </trkpt>
      <trkpt lat="43.525610000" lon="0.158770000">
        <ele>154.000</ele>
      </trkpt>
      <trkpt lat="43.525540000" lon="0.158460000">
        <ele>154.000</ele>
      </trkpt>
      <trkpt lat="43.525480000" lon="0.158200000">
        <ele>154.000</ele>
      </trkpt>
      <trkpt lat="43.525420000" lon="0.157990000">
        <ele>153.000</ele>
      </trkpt>
      <trkpt lat="43.525380000" lon="0.157800000">
        <ele>153.000</ele>
      </trkpt>
      <trkpt lat="43.525350000" lon="0.157710000">
        <ele>153.000</ele>
      </trkpt>
      <trkpt lat="43.525340000" lon="0.157700000">
        <ele>153.000</ele>
      </trkpt>
      <trkpt lat="43.525300000" lon="0.157630000">
        <ele>153.000</ele>
      </trkpt>
      <trkpt lat="43.525250000" lon="0.157560000">
        <ele>153.000</ele>
      </trkpt>
      <trkpt lat="43.525080000" lon="0.157400000">
        <ele>153.000</ele>
      </trkpt>
      <trkpt lat="43.524980000" lon="0.157300000">
        <ele>153.000</ele>
      </trkpt>
      <trkpt lat="43.524920000" lon="0.157240000">
        <ele>153.000</ele>
      </trkpt>
      <trkpt lat="43.524790000" lon="0.157140000">
        <ele>153.000</ele>
      </trkpt>
      <trkpt lat="43.524760000" lon="0.157110000">
        <ele>153.000</ele>
      </trkpt>
      <trkpt lat="43.524720000" lon="0.157090000">
        <ele>153.000</ele>
      </trkpt>
      <trkpt lat="43.524610000" lon="0.157020000">
        <ele>153.000</ele>
      </trkpt>
      <trkpt lat="43.524550000" lon="0.156990000">
        <ele>153.000</ele>
      </trkpt>
      <trkpt lat="43.524500000" lon="0.156970000">
        <ele>153.000</ele>
      </trkpt>
      <trkpt lat="43.524390000" lon="0.156920000">
        <ele>153.000</ele>
      </trkpt>
      <trkpt lat="43.524250000" lon="0.156890000">
        <ele>153.000</ele>
      </trkpt>
      <trkpt lat="43.524110000" lon="0.156870000">
        <ele>153.000</ele>
      </trkpt>
      <trkpt lat="43.523930000" lon="0.156860000">
        <ele>154.000</ele>
      </trkpt>
      <trkpt lat="43.523920000" lon="0.156860000">
        <ele>154.000</ele>
      </trkpt>
      <trkpt lat="43.523730000" lon="0.156880000">
        <ele>154.000</ele>
      </trkpt>
      <trkpt lat="43.523590000" lon="0.156920000">
        <ele>155.000</ele>
      </trkpt>
      <trkpt lat="43.523290000" lon="0.157050000">
        <ele>155.000</ele>
      </trkpt>
      <trkpt lat="43.523270000" lon="0.156970000">
        <ele>156.000</ele>
      </trkpt>
      <trkpt lat="43.523230000" lon="0.156750000">
        <ele>156.000</ele>
      </trkpt>
      <trkpt lat="43.523190000" lon="0.156580000">
        <ele>156.000</ele>
      </trkpt>
      <trkpt lat="43.523110000" lon="0.156070000">
        <ele>157.000</ele>
      </trkpt>
      <trkpt lat="43.523030000" lon="0.155430000">
        <ele>158.000</ele>
      </trkpt>
      <trkpt lat="43.522940000" lon="0.154730000">
        <ele>159.000</ele>
      </trkpt>
      <trkpt lat="43.522920000" lon="0.154610000">
        <ele>159.000</ele>
      </trkpt>
      <trkpt lat="43.522900000" lon="0.154420000">
        <ele>160.000</ele>
      </trkpt>
      <trkpt lat="43.522890000" lon="0.154340000">
        <ele>160.000</ele>
      </trkpt>
      <trkpt lat="43.522760000" lon="0.153290000">
        <ele>161.000</ele>
      </trkpt>
      <trkpt lat="43.522680000" lon="0.152670000">
        <ele>161.000</ele>
      </trkpt>
      <trkpt lat="43.522560000" lon="0.151660000">
        <ele>161.000</ele>
      </trkpt>
      <trkpt lat="43.522330000" lon="0.149800000">
        <ele>160.000</ele>
      </trkpt>
      <trkpt lat="43.522260000" lon="0.149220000">
        <ele>159.000</ele>
      </trkpt>
      <trkpt lat="43.522260000" lon="0.149220000">
        <ele>158.000</ele>
      </trkpt>
      <trkpt lat="43.522260000" lon="0.149220000">
        <ele>158.000</ele>
      </trkpt>
      <trkpt lat="43.522110000" lon="0.148050000">
        <ele>157.000</ele>
      </trkpt>
      <trkpt lat="43.521970000" lon="0.146930000">
        <ele>157.000</ele>
      </trkpt>
      <trkpt lat="43.521960000" lon="0.146870000">
        <ele>156.000</ele>
      </trkpt>
      <trkpt lat="43.521930000" lon="0.146640000">
        <ele>156.000</ele>
      </trkpt>
      <trkpt lat="43.521880000" lon="0.146210000">
        <ele>157.000</ele>
      </trkpt>
      <trkpt lat="43.521870000" lon="0.146080000">
        <ele>157.000</ele>
      </trkpt>
      <trkpt lat="43.521810000" lon="0.145650000">
        <ele>158.000</ele>
      </trkpt>
      <trkpt lat="43.521280000" lon="0.141290000">
        <ele>162.000</ele>
      </trkpt>
      <trkpt lat="43.521120000" lon="0.140040000">
        <ele>166.000</ele>
      </trkpt>
      <trkpt lat="43.521010000" lon="0.139210000">
        <ele>171.000</ele>
      </trkpt>
      <trkpt lat="43.520690000" lon="0.136610000">
        <ele>178.000</ele>
      </trkpt>
      <trkpt lat="43.520610000" lon="0.136120000">
        <ele>184.000</ele>
      </trkpt>
      <trkpt lat="43.520480000" lon="0.135590000">
        <ele>189.000</ele>
      </trkpt>
      <trkpt lat="43.520330000" lon="0.135110000">
        <ele>193.000</ele>
      </trkpt>
      <trkpt lat="43.520310000" lon="0.135070000">
        <ele>195.000</ele>
      </trkpt>
      <trkpt lat="43.520190000" lon="0.134770000">
        <ele>198.000</ele>
      </trkpt>
      <trkpt lat="43.520090000" lon="0.134570000">
        <ele>199.000</ele>
      </trkpt>
      <trkpt lat="43.520010000" lon="0.134460000">
        <ele>201.000</ele>
      </trkpt>
      <trkpt lat="43.519930000" lon="0.134370000">
        <ele>202.000</ele>
      </trkpt>
      <trkpt lat="43.519830000" lon="0.134280000">
        <ele>203.000</ele>
      </trkpt>
      <trkpt lat="43.519730000" lon="0.134220000">
        <ele>203.000</ele>
      </trkpt>
      <trkpt lat="43.519260000" lon="0.134000000">
        <ele>202.000</ele>
      </trkpt>
      <trkpt lat="43.519110000" lon="0.133890000">
        <ele>202.000</ele>
      </trkpt>
      <trkpt lat="43.518990000" lon="0.133740000">
        <ele>201.000</ele>
      </trkpt>
      <trkpt lat="43.518910000" lon="0.133560000">
        <ele>200.000</ele>
      </trkpt>
      <trkpt lat="43.518860000" lon="0.133370000">
        <ele>200.000</ele>
      </trkpt>
      <trkpt lat="43.518840000" lon="0.133100000">
        <ele>199.000</ele>
      </trkpt>
      <trkpt lat="43.518870000" lon="0.132840000">
        <ele>198.000</ele>
      </trkpt>
      <trkpt lat="43.518940000" lon="0.132580000">
        <ele>197.000</ele>
      </trkpt>
      <trkpt lat="43.520530000" lon="0.127960000">
        <ele>187.000</ele>
      </trkpt>
      <trkpt lat="43.520660000" lon="0.127550000">
        <ele>179.000</ele>
      </trkpt>
      <trkpt lat="43.520770000" lon="0.127130000">
        <ele>174.000</ele>
      </trkpt>
      <trkpt lat="43.520860000" lon="0.126870000">
        <ele>169.000</ele>
      </trkpt>
      <trkpt lat="43.520950000" lon="0.126630000">
        <ele>166.000</ele>
      </trkpt>
      <trkpt lat="43.521490000" lon="0.125580000">
        <ele>162.000</ele>
      </trkpt>
      <trkpt lat="43.521550000" lon="0.125420000">
        <ele>159.000</ele>
      </trkpt>
      <trkpt lat="43.521610000" lon="0.125200000">
        <ele>157.000</ele>
      </trkpt>
      <trkpt lat="43.521650000" lon="0.124910000">
        <ele>155.000</ele>
      </trkpt>
      <trkpt lat="43.521650000" lon="0.124700000">
        <ele>154.000</ele>
      </trkpt>
      <trkpt lat="43.521640000" lon="0.124470000">
        <ele>153.000</ele>
      </trkpt>
      <trkpt lat="43.521610000" lon="0.124250000">
        <ele>152.000</ele>
      </trkpt>
      <trkpt lat="43.521570000" lon="0.124010000">
        <ele>151.000</ele>
      </trkpt>
      <trkpt lat="43.521450000" lon="0.123620000">
        <ele>150.000</ele>
      </trkpt>
      <trkpt lat="43.521320000" lon="0.123180000">
        <ele>149.000</ele>
      </trkpt>
      <trkpt lat="43.520920000" lon="0.121800000">
        <ele>149.000</ele>
      </trkpt>
      <trkpt lat="43.520470000" lon="0.120270000">
        <ele>149.000</ele>
      </trkpt>
      <trkpt lat="43.519490000" lon="0.116900000">
        <ele>150.000</ele>
      </trkpt>
      <trkpt lat="43.519460000" lon="0.116820000">
        <ele>151.000</ele>
      </trkpt>
      <trkpt lat="43.519320000" lon="0.116310000">
        <ele>151.000</ele>
      </trkpt>
      <trkpt lat="43.519290000" lon="0.116230000">
        <ele>151.000</ele>
      </trkpt>
      <trkpt lat="43.518640000" lon="0.114000000">
        <ele>150.000</ele>
      </trkpt>
      <trkpt lat="43.518370000" lon="0.113100000">
        <ele>149.000</ele>
      </trkpt>
      <trkpt lat="43.518110000" lon="0.112220000">
        <ele>149.000</ele>
      </trkpt>
      <trkpt lat="43.518100000" lon="0.112160000">
        <ele>149.000</ele>
      </trkpt>
      <trkpt lat="43.518030000" lon="0.111930000">
        <ele>148.000</ele>
      </trkpt>
      <trkpt lat="43.517650000" lon="0.110620000">
        <ele>148.000</ele>
      </trkpt>
      <trkpt lat="43.516700000" lon="0.107400000">
        <ele>148.000</ele>
      </trkpt>
      <trkpt lat="43.515810000" lon="0.104360000">
        <ele>148.000</ele>
      </trkpt>
      <trkpt lat="43.514470000" lon="0.099790000">
        <ele>150.000</ele>
      </trkpt>
      <trkpt lat="43.513640000" lon="0.096930000">
        <ele>152.000</ele>
      </trkpt>
      <trkpt lat="43.512930000" lon="0.094550000">
        <ele>157.000</ele>
      </trkpt>
      <trkpt lat="43.512740000" lon="0.093870000">
        <ele>162.000</ele>
      </trkpt>
      <trkpt lat="43.512720000" lon="0.093720000">
        <ele>165.000</ele>
      </trkpt>
      <trkpt lat="43.512720000" lon="0.093520000">
        <ele>168.000</ele>
      </trkpt>
      <trkpt lat="43.512730000" lon="0.093410000">
        <ele>170.000</ele>
      </trkpt>
      <trkpt lat="43.512780000" lon="0.093260000">
        <ele>171.000</ele>
      </trkpt>
      <trkpt lat="43.512960000" lon="0.092840000">
        <ele>173.000</ele>
      </trkpt>
      <trkpt lat="43.513050000" lon="0.092650000">
        <ele>175.000</ele>
      </trkpt>
      <trkpt lat="43.513150000" lon="0.092480000">
        <ele>176.000</ele>
      </trkpt>
      <trkpt lat="43.513240000" lon="0.092330000">
        <ele>178.000</ele>
      </trkpt>
      <trkpt lat="43.513640000" lon="0.091820000">
        <ele>179.000</ele>
      </trkpt>
      <trkpt lat="43.513720000" lon="0.091710000">
        <ele>179.000</ele>
      </trkpt>
      <trkpt lat="43.513770000" lon="0.091590000">
        <ele>180.000</ele>
      </trkpt>
      <trkpt lat="43.513810000" lon="0.091470000">
        <ele>180.000</ele>
      </trkpt>
      <trkpt lat="43.513820000" lon="0.091340000">
        <ele>180.000</ele>
      </trkpt>
      <trkpt lat="43.513840000" lon="0.090920000">
        <ele>180.000</ele>
      </trkpt>
      <trkpt lat="43.513850000" lon="0.090850000">
        <ele>180.000</ele>
      </trkpt>
      <trkpt lat="43.513860000" lon="0.090730000">
        <ele>180.000</ele>
      </trkpt>
      <trkpt lat="43.514150000" lon="0.088080000">
        <ele>180.000</ele>
      </trkpt>
      <trkpt lat="43.514170000" lon="0.087720000">
        <ele>180.000</ele>
      </trkpt>
      <trkpt lat="43.514170000" lon="0.087630000">
        <ele>179.000</ele>
      </trkpt>
      <trkpt lat="43.514160000" lon="0.087530000">
        <ele>179.000</ele>
      </trkpt>
      <trkpt lat="43.514140000" lon="0.087430000">
        <ele>179.000</ele>
      </trkpt>
      <trkpt lat="43.514110000" lon="0.087340000">
        <ele>179.000</ele>
      </trkpt>
      <trkpt lat="43.514000000" lon="0.087070000">
        <ele>179.000</ele>
      </trkpt>
      <trkpt lat="43.513950000" lon="0.086960000">
        <ele>179.000</ele>
      </trkpt>
      <trkpt lat="43.513600000" lon="0.086160000">
        <ele>178.000</ele>
      </trkpt>
      <trkpt lat="43.513190000" lon="0.085230000">
        <ele>178.000</ele>
      </trkpt>
      <trkpt lat="43.512380000" lon="0.083420000">
        <ele>178.000</ele>
      </trkpt>
      <trkpt lat="43.511550000" lon="0.081580000">
        <ele>179.000</ele>
      </trkpt>
      <trkpt lat="43.511470000" lon="0.081390000">
        <ele>180.000</ele>
      </trkpt>
      <trkpt lat="43.511350000" lon="0.081220000">
        <ele>181.000</ele>
      </trkpt>
      <trkpt lat="43.511230000" lon="0.081100000">
        <ele>182.000</ele>
      </trkpt>
      <trkpt lat="43.510110000" lon="0.080170000">
        <ele>185.000</ele>
      </trkpt>
      <trkpt lat="43.510000000" lon="0.080070000">
        <ele>188.000</ele>
      </trkpt>
      <trkpt lat="43.509820000" lon="0.079770000">
        <ele>190.000</ele>
      </trkpt>
      <trkpt lat="43.509740000" lon="0.079680000">
        <ele>192.000</ele>
      </trkpt>
      <trkpt lat="43.509640000" lon="0.079660000">
        <ele>194.000</ele>
      </trkpt>
      <trkpt lat="43.509330000" lon="0.079770000">
        <ele>196.000</ele>
      </trkpt>
      <trkpt lat="43.509210000" lon="0.079770000">
        <ele>198.000</ele>
      </trkpt>
      <trkpt lat="43.508720000" lon="0.079620000">
        <ele>201.000</ele>
      </trkpt>
      <trkpt lat="43.508580000" lon="0.079600000">
        <ele>204.000</ele>
      </trkpt>
      <trkpt lat="43.508080000" lon="0.079650000">
        <ele>207.000</ele>
      </trkpt>
      <trkpt lat="43.507960000" lon="0.079640000">
        <ele>209.000</ele>
      </trkpt>
      <trkpt lat="43.507890000" lon="0.079610000">
        <ele>211.000</ele>
      </trkpt>
      <trkpt lat="43.507820000" lon="0.079560000">
        <ele>212.000</ele>
      </trkpt>
      <trkpt lat="43.507630000" lon="0.079380000">
        <ele>213.000</ele>
      </trkpt>
      <trkpt lat="43.507530000" lon="0.079320000">
        <ele>214.000</ele>
      </trkpt>
      <trkpt lat="43.507440000" lon="0.079280000">
        <ele>215.000</ele>
      </trkpt>
      <trkpt lat="43.507280000" lon="0.079250000">
        <ele>216.000</ele>
      </trkpt>
      <trkpt lat="43.507000000" lon="0.079240000">
        <ele>217.000</ele>
      </trkpt>
      <trkpt lat="43.506840000" lon="0.079180000">
        <ele>218.000</ele>
      </trkpt>
      <trkpt lat="43.506670000" lon="0.079060000">
        <ele>218.000</ele>
      </trkpt>
      <trkpt lat="43.506560000" lon="0.078960000">
        <ele>219.000</ele>
      </trkpt>
      <trkpt lat="43.506450000" lon="0.078870000">
        <ele>220.000</ele>
      </trkpt>
      <trkpt lat="43.506380000" lon="0.078810000">
        <ele>220.000</ele>
      </trkpt>
      <trkpt lat="43.506340000" lon="0.078760000">
        <ele>221.000</ele>
      </trkpt>
      <trkpt lat="43.506290000" lon="0.078690000">
        <ele>221.000</ele>
      </trkpt>
      <trkpt lat="43.506210000" lon="0.078490000">
        <ele>221.000</ele>
      </trkpt>
      <trkpt lat="43.506140000" lon="0.078330000">
        <ele>221.000</ele>
      </trkpt>
      <trkpt lat="43.506080000" lon="0.078220000">
        <ele>220.000</ele>
      </trkpt>
      <trkpt lat="43.505860000" lon="0.077790000">
        <ele>220.000</ele>
      </trkpt>
      <trkpt lat="43.505790000" lon="0.077630000">
        <ele>219.000</ele>
      </trkpt>
      <trkpt lat="43.505710000" lon="0.077240000">
        <ele>219.000</ele>
      </trkpt>
      <trkpt lat="43.505660000" lon="0.077080000">
        <ele>218.000</ele>
      </trkpt>
      <trkpt lat="43.505520000" lon="0.076860000">
        <ele>217.000</ele>
      </trkpt>
      <trkpt lat="43.505360000" lon="0.076690000">
        <ele>217.000</ele>
      </trkpt>
      <trkpt lat="43.505200000" lon="0.076550000">
        <ele>216.000</ele>
      </trkpt>
      <trkpt lat="43.505030000" lon="0.076480000">
        <ele>214.000</ele>
      </trkpt>
      <trkpt lat="43.504850000" lon="0.076440000">
        <ele>213.000</ele>
      </trkpt>
      <trkpt lat="43.504590000" lon="0.076440000">
        <ele>211.000</ele>
      </trkpt>
      <trkpt lat="43.503500000" lon="0.076550000">
        <ele>206.000</ele>
      </trkpt>
      <trkpt lat="43.503220000" lon="0.076580000">
        <ele>202.000</ele>
      </trkpt>
      <trkpt lat="43.503020000" lon="0.076560000">
        <ele>199.000</ele>
      </trkpt>
      <trkpt lat="43.502870000" lon="0.076510000">
        <ele>197.000</ele>
      </trkpt>
      <trkpt lat="43.502720000" lon="0.076410000">
        <ele>194.000</ele>
      </trkpt>
      <trkpt lat="43.502520000" lon="0.076220000">
        <ele>192.000</ele>
      </trkpt>
      <trkpt lat="43.501890000" lon="0.075590000">
        <ele>189.000</ele>
      </trkpt>
      <trkpt lat="43.500890000" lon="0.074590000">
        <ele>186.000</ele>
      </trkpt>
      <trkpt lat="43.500550000" lon="0.074260000">
        <ele>184.000</ele>
      </trkpt>
      <trkpt lat="43.498350000" lon="0.072100000">
        <ele>181.000</ele>
      </trkpt>
      <trkpt lat="43.498200000" lon="0.071960000">
        <ele>179.000</ele>
      </trkpt>
      <trkpt lat="43.498110000" lon="0.071880000">
        <ele>177.000</ele>
      </trkpt>
      <trkpt lat="43.498090000" lon="0.071860000">
        <ele>176.000</ele>
      </trkpt>
      <trkpt lat="43.493950000" lon="0.067790000">
        <ele>175.000</ele>
      </trkpt>
      <trkpt lat="43.490340000" lon="0.064230000">
        <ele>174.000</ele>
      </trkpt>
      <trkpt lat="43.489430000" lon="0.063340000">
        <ele>174.000</ele>
      </trkpt>
      <trkpt lat="43.489250000" lon="0.063160000">
        <ele>173.000</ele>
      </trkpt>
      <trkpt lat="43.482450000" lon="0.056480000">
        <ele>174.000</ele>
      </trkpt>
      <trkpt lat="43.482340000" lon="0.056380000">
        <ele>175.000</ele>
      </trkpt>
      <trkpt lat="43.480350000" lon="0.054430000">
        <ele>175.000</ele>
      </trkpt>
      <trkpt lat="43.480350000" lon="0.054430000">
        <ele>175.000</ele>
      </trkpt>
      <trkpt lat="43.477860000" lon="0.051980000">
        <ele>175.000</ele>
      </trkpt>
      <trkpt lat="43.477760000" lon="0.051840000">
        <ele>175.000</ele>
      </trkpt>
      <trkpt lat="43.477660000" lon="0.051630000">
        <ele>175.000</ele>
      </trkpt>
      <trkpt lat="43.477620000" lon="0.051650000">
        <ele>175.000</ele>
      </trkpt>
      <trkpt lat="43.477580000" lon="0.051660000">
        <ele>175.000</ele>
      </trkpt>
      <trkpt lat="43.477540000" lon="0.051650000">
        <ele>175.000</ele>
      </trkpt>
      <trkpt lat="43.477500000" lon="0.051620000">
        <ele>175.000</ele>
      </trkpt>
      <trkpt lat="43.477470000" lon="0.051580000">
        <ele>175.000</ele>
      </trkpt>
      <trkpt lat="43.477450000" lon="0.051530000">
        <ele>175.000</ele>
      </trkpt>
      <trkpt lat="43.477440000" lon="0.051480000">
        <ele>175.000</ele>
      </trkpt>
      <trkpt lat="43.477440000" lon="0.051420000">
        <ele>175.000</ele>
      </trkpt>
      <trkpt lat="43.477360000" lon="0.051410000">
        <ele>175.000</ele>
      </trkpt>
      <trkpt lat="43.477200000" lon="0.051340000">
        <ele>175.000</ele>
      </trkpt>
      <trkpt lat="43.476970000" lon="0.051100000">
        <ele>175.000</ele>
      </trkpt>
      <trkpt lat="43.476400000" lon="0.050550000">
        <ele>175.000</ele>
      </trkpt>
      <trkpt lat="43.476180000" lon="0.050330000">
        <ele>175.000</ele>
      </trkpt>
      <trkpt lat="43.476180000" lon="0.050330000">
        <ele>175.000</ele>
      </trkpt>
      <trkpt lat="43.476000000" lon="0.050150000">
        <ele>175.000</ele>
      </trkpt>
      <trkpt lat="43.474680000" lon="0.048870000">
        <ele>175.000</ele>
      </trkpt>
      <trkpt lat="43.474480000" lon="0.048670000">
        <ele>176.000</ele>
      </trkpt>
      <trkpt lat="43.474390000" lon="0.048580000">
        <ele>176.000</ele>
      </trkpt>
      <trkpt lat="43.473490000" lon="0.047690000">
        <ele>177.000</ele>
      </trkpt>
      <trkpt lat="43.471980000" lon="0.046210000">
        <ele>178.000</ele>
      </trkpt>
      <trkpt lat="43.471700000" lon="0.045900000">
        <ele>178.000</ele>
      </trkpt>
      <trkpt lat="43.471550000" lon="0.045730000">
        <ele>179.000</ele>
      </trkpt>
      <trkpt lat="43.471490000" lon="0.045640000">
        <ele>179.000</ele>
      </trkpt>
      <trkpt lat="43.471460000" lon="0.045570000">
        <ele>179.000</ele>
      </trkpt>
      <trkpt lat="43.471440000" lon="0.045510000">
        <ele>179.000</ele>
      </trkpt>
      <trkpt lat="43.471440000" lon="0.045320000">
        <ele>179.000</ele>
      </trkpt>
      <trkpt lat="43.471450000" lon="0.044800000">
        <ele>179.000</ele>
      </trkpt>
      <trkpt lat="43.471470000" lon="0.043840000">
        <ele>179.000</ele>
      </trkpt>
      <trkpt lat="43.471450000" lon="0.043680000">
        <ele>179.000</ele>
      </trkpt>
      <trkpt lat="43.471410000" lon="0.043410000">
        <ele>179.000</ele>
      </trkpt>
      <trkpt lat="43.471280000" lon="0.042740000">
        <ele>179.000</ele>
      </trkpt>
      <trkpt lat="43.471240000" lon="0.042530000">
        <ele>179.000</ele>
      </trkpt>
      <trkpt lat="43.471170000" lon="0.041900000">
        <ele>179.000</ele>
      </trkpt>
      <trkpt lat="43.471170000" lon="0.041780000">
        <ele>179.000</ele>
      </trkpt>
      <trkpt lat="43.471180000" lon="0.041630000">
        <ele>179.000</ele>
      </trkpt>
      <trkpt lat="43.471200000" lon="0.041630000">
        <ele>179.000</ele>
      </trkpt>
      <trkpt lat="43.471220000" lon="0.041620000">
        <ele>179.000</ele>
      </trkpt>
      <trkpt lat="43.471240000" lon="0.041600000">
        <ele>179.000</ele>
      </trkpt>
      <trkpt lat="43.471250000" lon="0.041580000">
        <ele>179.000</ele>
      </trkpt>
      <trkpt lat="43.471260000" lon="0.041550000">
        <ele>179.000</ele>
      </trkpt>
      <trkpt lat="43.471250000" lon="0.041520000">
        <ele>179.000</ele>
      </trkpt>
      <trkpt lat="43.471250000" lon="0.041500000">
        <ele>179.000</ele>
      </trkpt>
      <trkpt lat="43.471230000" lon="0.041470000">
        <ele>179.000</ele>
      </trkpt>
      <trkpt lat="43.471220000" lon="0.041460000">
        <ele>179.000</ele>
      </trkpt>
      <trkpt lat="43.471200000" lon="0.041450000">
        <ele>179.000</ele>
      </trkpt>
      <trkpt lat="43.471180000" lon="0.041460000">
        <ele>179.000</ele>
      </trkpt>
      <trkpt lat="43.471160000" lon="0.041470000">
        <ele>179.000</ele>
      </trkpt>
      <trkpt lat="43.471140000" lon="0.041410000">
        <ele>179.000</ele>
      </trkpt>
      <trkpt lat="43.471120000" lon="0.041290000">
        <ele>179.000</ele>
      </trkpt>
      <trkpt lat="43.471100000" lon="0.040690000">
        <ele>179.000</ele>
      </trkpt>
      <trkpt lat="43.471100000" lon="0.040560000">
        <ele>179.000</ele>
      </trkpt>
      <trkpt lat="43.471100000" lon="0.040530000">
        <ele>179.000</ele>
      </trkpt>
      <trkpt lat="43.471090000" lon="0.040260000">
        <ele>179.000</ele>
      </trkpt>
      <trkpt lat="43.471070000" lon="0.039140000">
        <ele>179.000</ele>
      </trkpt>
      <trkpt lat="43.471030000" lon="0.038000000">
        <ele>178.000</ele>
      </trkpt>
      <trkpt lat="43.471030000" lon="0.037940000">
        <ele>178.000</ele>
      </trkpt>
      <trkpt lat="43.471040000" lon="0.036980000">
        <ele>178.000</ele>
      </trkpt>
      <trkpt lat="43.471040000" lon="0.036800000">
        <ele>178.000</ele>
      </trkpt>
      <trkpt lat="43.471030000" lon="0.036670000">
        <ele>178.000</ele>
      </trkpt>
      <trkpt lat="43.471020000" lon="0.036550000">
        <ele>178.000</ele>
      </trkpt>
      <trkpt lat="43.470950000" lon="0.036170000">
        <ele>178.000</ele>
      </trkpt>
      <trkpt lat="43.470890000" lon="0.035960000">
        <ele>178.000</ele>
      </trkpt>
      <trkpt lat="43.470840000" lon="0.035880000">
        <ele>178.000</ele>
      </trkpt>
      <trkpt lat="43.470810000" lon="0.035830000">
        <ele>178.000</ele>
      </trkpt>
      <trkpt lat="43.470760000" lon="0.035770000">
        <ele>178.000</ele>
      </trkpt>
      <trkpt lat="43.470660000" lon="0.035670000">
        <ele>178.000</ele>
      </trkpt>
      <trkpt lat="43.470390000" lon="0.035500000">
        <ele>178.000</ele>
      </trkpt>
      <trkpt lat="43.470290000" lon="0.035490000">
        <ele>178.000</ele>
      </trkpt>
      <trkpt lat="43.470120000" lon="0.035480000">
        <ele>178.000</ele>
      </trkpt>
      <trkpt lat="43.470060000" lon="0.035460000">
        <ele>178.000</ele>
      </trkpt>
      <trkpt lat="43.470010000" lon="0.035380000">
        <ele>178.000</ele>
      </trkpt>
      <trkpt lat="43.469890000" lon="0.035000000">
        <ele>178.000</ele>
      </trkpt>
      <trkpt lat="43.469840000" lon="0.034890000">
        <ele>178.000</ele>
      </trkpt>
      <trkpt lat="43.469770000" lon="0.034790000">
        <ele>178.000</ele>
      </trkpt>
      <trkpt lat="43.469690000" lon="0.034710000">
        <ele>178.000</ele>
      </trkpt>
      <trkpt lat="43.469610000" lon="0.034680000">
        <ele>179.000</ele>
      </trkpt>
      <trkpt lat="43.469540000" lon="0.034670000">
        <ele>179.000</ele>
      </trkpt>
      <trkpt lat="43.469420000" lon="0.034670000">
        <ele>179.000</ele>
      </trkpt>
      <trkpt lat="43.469380000" lon="0.034650000">
        <ele>179.000</ele>
      </trkpt>
      <trkpt lat="43.469270000" lon="0.034650000">
        <ele>179.000</ele>
      </trkpt>
      <trkpt lat="43.468690000" lon="0.034690000">
        <ele>179.000</ele>
      </trkpt>
      <trkpt lat="43.468620000" lon="0.034700000">
        <ele>179.000</ele>
      </trkpt>
      <trkpt lat="43.468570000" lon="0.034700000">
        <ele>179.000</ele>
      </trkpt>
      <trkpt lat="43.468480000" lon="0.034660000">
        <ele>179.000</ele>
      </trkpt>
      <trkpt lat="43.468440000" lon="0.034640000">
        <ele>179.000</ele>
      </trkpt>
      <trkpt lat="43.468400000" lon="0.034630000">
        <ele>180.000</ele>
      </trkpt>
      <trkpt lat="43.468290000" lon="0.034620000">
        <ele>180.000</ele>
      </trkpt>
      <trkpt lat="43.468250000" lon="0.034610000">
        <ele>180.000</ele>
      </trkpt>
      <trkpt lat="43.468250000" lon="0.034700000">
        <ele>180.000</ele>
      </trkpt>
      <trkpt lat="43.468020000" lon="0.034730000">
        <ele>180.000</ele>
      </trkpt>
      <trkpt lat="43.467910000" lon="0.034740000">
        <ele>180.000</ele>
      </trkpt>
      <trkpt lat="43.467510000" lon="0.034780000">
        <ele>180.000</ele>
      </trkpt>
      <trkpt lat="43.467420000" lon="0.034790000">
        <ele>180.000</ele>
      </trkpt>
      <trkpt lat="43.467160000" lon="0.034820000">
        <ele>180.000</ele>
      </trkpt>
      <trkpt lat="43.466990000" lon="0.034840000">
        <ele>180.000</ele>
      </trkpt>
      <trkpt lat="43.466600000" lon="0.034910000">
        <ele>180.000</ele>
      </trkpt>
      <trkpt lat="43.466330000" lon="0.034950000">
        <ele>180.000</ele>
      </trkpt>
      <trkpt lat="43.466210000" lon="0.034960000">
        <ele>181.000</ele>
      </trkpt>
      <trkpt lat="43.466130000" lon="0.035000000">
        <ele>181.000</ele>
      </trkpt>
      <trkpt lat="43.466080000" lon="0.035050000">
        <ele>181.000</ele>
      </trkpt>
      <trkpt lat="43.466060000" lon="0.035100000">
        <ele>181.000</ele>
      </trkpt>
      <trkpt lat="43.466030000" lon="0.035170000">
        <ele>181.000</ele>
      </trkpt>
      <trkpt lat="43.466020000" lon="0.035240000">
        <ele>181.000</ele>
      </trkpt>
      <trkpt lat="43.466020000" lon="0.035740000">
        <ele>181.000</ele>
      </trkpt>
      <trkpt lat="43.466020000" lon="0.035840000">
        <ele>181.000</ele>
      </trkpt>
      <trkpt lat="43.466010000" lon="0.035900000">
        <ele>181.000</ele>
      </trkpt>
      <trkpt lat="43.465990000" lon="0.035960000">
        <ele>181.000</ele>
      </trkpt>
      <trkpt lat="43.465950000" lon="0.035990000">
        <ele>182.000</ele>
      </trkpt>
      <trkpt lat="43.465830000" lon="0.036010000">
        <ele>182.000</ele>
      </trkpt>
      <trkpt lat="43.465640000" lon="0.036060000">
        <ele>182.000</ele>
      </trkpt>
      <trkpt lat="43.465540000" lon="0.036080000">
        <ele>182.000</ele>
      </trkpt>
      <trkpt lat="43.465470000" lon="0.036100000">
        <ele>182.000</ele>
      </trkpt>
      <trkpt lat="43.465010000" lon="0.036260000">
        <ele>182.000</ele>
      </trkpt>
      <trkpt lat="43.464630000" lon="0.036380000">
        <ele>182.000</ele>
      </trkpt>
      <trkpt lat="43.464580000" lon="0.036390000">
        <ele>182.000</ele>
      </trkpt>
      <trkpt lat="43.464510000" lon="0.036420000">
        <ele>182.000</ele>
      </trkpt>
      <trkpt lat="43.463510000" lon="0.036740000">
        <ele>182.000</ele>
      </trkpt>
      <trkpt lat="43.463390000" lon="0.036780000">
        <ele>181.000</ele>
      </trkpt>
      <trkpt lat="43.463130000" lon="0.036860000">
        <ele>181.000</ele>
      </trkpt>
      <trkpt lat="43.462880000" lon="0.036940000">
        <ele>181.000</ele>
      </trkpt>
      <trkpt lat="43.462610000" lon="0.037030000">
        <ele>181.000</ele>
      </trkpt>
      <trkpt lat="43.462610000" lon="0.037030000">
        <ele>181.000</ele>
      </trkpt>
      <trkpt lat="43.462470000" lon="0.037070000">
        <ele>181.000</ele>
      </trkpt>
      <trkpt lat="43.462110000" lon="0.037190000">
        <ele>182.000</ele>
      </trkpt>
      <trkpt lat="43.461930000" lon="0.037240000">
        <ele>182.000</ele>
      </trkpt>
      <trkpt lat="43.461860000" lon="0.037270000">
        <ele>182.000</ele>
      </trkpt>
      <trkpt lat="43.461170000" lon="0.037480000">
        <ele>183.000</ele>
      </trkpt>
      <trkpt lat="43.459380000" lon="0.038040000">
        <ele>182.000</ele>
      </trkpt>
      <trkpt lat="43.458950000" lon="0.038170000">
        <ele>182.000</ele>
      </trkpt>
      <trkpt lat="43.458580000" lon="0.038290000">
        <ele>182.000</ele>
      </trkpt>
      <trkpt lat="43.457710000" lon="0.038560000">
        <ele>182.000</ele>
      </trkpt>
      <trkpt lat="43.456140000" lon="0.039050000">
        <ele>183.000</ele>
      </trkpt>
      <trkpt lat="43.455620000" lon="0.039210000">
        <ele>183.000</ele>
      </trkpt>
      <trkpt lat="43.453900000" lon="0.039750000">
        <ele>183.000</ele>
      </trkpt>
      <trkpt lat="43.453710000" lon="0.039830000">
        <ele>184.000</ele>
      </trkpt>
      <trkpt lat="43.453520000" lon="0.039960000">
        <ele>184.000</ele>
      </trkpt>
      <trkpt lat="43.453310000" lon="0.040140000">
        <ele>184.000</ele>
      </trkpt>
      <trkpt lat="43.453090000" lon="0.040290000">
        <ele>184.000</ele>
      </trkpt>
      <trkpt lat="43.452970000" lon="0.040330000">
        <ele>184.000</ele>
      </trkpt>
      <trkpt lat="43.452850000" lon="0.040340000">
        <ele>184.000</ele>
      </trkpt>
      <trkpt lat="43.452700000" lon="0.040320000">
        <ele>184.000</ele>
      </trkpt>
      <trkpt lat="43.452660000" lon="0.040320000">
        <ele>184.000</ele>
      </trkpt>
      <trkpt lat="43.452520000" lon="0.040290000">
        <ele>184.000</ele>
      </trkpt>
      <trkpt lat="43.452420000" lon="0.040240000">
        <ele>184.000</ele>
      </trkpt>
      <trkpt lat="43.452300000" lon="0.040010000">
        <ele>184.000</ele>
      </trkpt>
      <trkpt lat="43.452260000" lon="0.039850000">
        <ele>184.000</ele>
      </trkpt>
      <trkpt lat="43.452260000" lon="0.039700000">
        <ele>185.000</ele>
      </trkpt>
      <trkpt lat="43.452280000" lon="0.039630000">
        <ele>185.000</ele>
      </trkpt>
      <trkpt lat="43.452280000" lon="0.039550000">
        <ele>185.000</ele>
      </trkpt>
      <trkpt lat="43.452260000" lon="0.039440000">
        <ele>185.000</ele>
      </trkpt>
      <trkpt lat="43.452200000" lon="0.039350000">
        <ele>185.000</ele>
      </trkpt>
      <trkpt lat="43.452150000" lon="0.039300000">
        <ele>185.000</ele>
      </trkpt>
      <trkpt lat="43.452080000" lon="0.039280000">
        <ele>185.000</ele>
      </trkpt>
      <trkpt lat="43.452020000" lon="0.039290000">
        <ele>185.000</ele>
      </trkpt>
      <trkpt lat="43.451960000" lon="0.039320000">
        <ele>185.000</ele>
      </trkpt>
      <trkpt lat="43.451900000" lon="0.039370000">
        <ele>185.000</ele>
      </trkpt>
      <trkpt lat="43.451870000" lon="0.039450000">
        <ele>185.000</ele>
      </trkpt>
      <trkpt lat="43.451850000" lon="0.039540000">
        <ele>185.000</ele>
      </trkpt>
      <trkpt lat="43.451790000" lon="0.039690000">
        <ele>185.000</ele>
      </trkpt>
      <trkpt lat="43.451720000" lon="0.039820000">
        <ele>185.000</ele>
      </trkpt>
      <trkpt lat="43.451510000" lon="0.040050000">
        <ele>185.000</ele>
      </trkpt>
      <trkpt lat="43.451200000" lon="0.040320000">
        <ele>185.000</ele>
      </trkpt>
      <trkpt lat="43.450750000" lon="0.040640000">
        <ele>185.000</ele>
      </trkpt>
      <trkpt lat="43.450310000" lon="0.040870000">
        <ele>185.000</ele>
      </trkpt>
      <trkpt lat="43.449710000" lon="0.041070000">
        <ele>186.000</ele>
      </trkpt>
      <trkpt lat="43.448070000" lon="0.041600000">
        <ele>186.000</ele>
      </trkpt>
      <trkpt lat="43.448070000" lon="0.041600000">
        <ele>186.000</ele>
      </trkpt>
      <trkpt lat="43.447540000" lon="0.041770000">
        <ele>186.000</ele>
      </trkpt>
      <trkpt lat="43.447120000" lon="0.041910000">
        <ele>186.000</ele>
      </trkpt>
      <trkpt lat="43.446300000" lon="0.042160000">
        <ele>186.000</ele>
      </trkpt>
      <trkpt lat="43.445040000" lon="0.042560000">
        <ele>187.000</ele>
      </trkpt>
      <trkpt lat="43.443660000" lon="0.043000000">
        <ele>187.000</ele>
      </trkpt>
      <trkpt lat="43.441340000" lon="0.043710000">
        <ele>187.000</ele>
      </trkpt>
      <trkpt lat="43.438100000" lon="0.044760000">
        <ele>188.000</ele>
      </trkpt>
      <trkpt lat="43.436920000" lon="0.045150000">
        <ele>190.000</ele>
      </trkpt>
      <trkpt lat="43.435480000" lon="0.045590000">
        <ele>192.000</ele>
      </trkpt>
      <trkpt lat="43.435350000" lon="0.045640000">
        <ele>194.000</ele>
      </trkpt>
      <trkpt lat="43.430120000" lon="0.047290000">
        <ele>195.000</ele>
      </trkpt>
      <trkpt lat="43.429420000" lon="0.047510000">
        <ele>196.000</ele>
      </trkpt>
      <trkpt lat="43.429270000" lon="0.047550000">
        <ele>197.000</ele>
      </trkpt>
      <trkpt lat="43.429150000" lon="0.047590000">
        <ele>197.000</ele>
      </trkpt>
      <trkpt lat="43.429030000" lon="0.047620000">
        <ele>197.000</ele>
      </trkpt>
      <trkpt lat="43.428400000" lon="0.047820000">
        <ele>198.000</ele>
      </trkpt>
      <trkpt lat="43.427570000" lon="0.048070000">
        <ele>198.000</ele>
      </trkpt>
      <trkpt lat="43.427330000" lon="0.048140000">
        <ele>198.000</ele>
      </trkpt>
      <trkpt lat="43.427230000" lon="0.048170000">
        <ele>198.000</ele>
      </trkpt>
      <trkpt lat="43.426580000" lon="0.048370000">
        <ele>198.000</ele>
      </trkpt>
      <trkpt lat="43.426440000" lon="0.048420000">
        <ele>198.000</ele>
      </trkpt>
      <trkpt lat="43.425700000" lon="0.048660000">
        <ele>197.000</ele>
      </trkpt>
      <trkpt lat="43.421890000" lon="0.049870000">
        <ele>198.000</ele>
      </trkpt>
      <trkpt lat="43.417940000" lon="0.051120000">
        <ele>199.000</ele>
      </trkpt>
      <trkpt lat="43.416300000" lon="0.051630000">
        <ele>201.000</ele>
      </trkpt>
      <trkpt lat="43.415560000" lon="0.051830000">
        <ele>202.000</ele>
      </trkpt>
      <trkpt lat="43.414930000" lon="0.051970000">
        <ele>203.000</ele>
      </trkpt>
      <trkpt lat="43.414610000" lon="0.052020000">
        <ele>204.000</ele>
      </trkpt>
      <trkpt lat="43.414050000" lon="0.052080000">
        <ele>204.000</ele>
      </trkpt>
      <trkpt lat="43.412750000" lon="0.052160000">
        <ele>205.000</ele>
      </trkpt>
      <trkpt lat="43.411480000" lon="0.052220000">
        <ele>205.000</ele>
      </trkpt>
      <trkpt lat="43.406190000" lon="0.052470000">
        <ele>205.000</ele>
      </trkpt>
      <trkpt lat="43.405720000" lon="0.052490000">
        <ele>206.000</ele>
      </trkpt>
      <trkpt lat="43.405410000" lon="0.052500000">
        <ele>207.000</ele>
      </trkpt>
      <trkpt lat="43.404440000" lon="0.052540000">
        <ele>207.000</ele>
      </trkpt>
      <trkpt lat="43.404250000" lon="0.052550000">
        <ele>208.000</ele>
      </trkpt>
      <trkpt lat="43.404130000" lon="0.052570000">
        <ele>209.000</ele>
      </trkpt>
      <trkpt lat="43.403520000" lon="0.052660000">
        <ele>208.000</ele>
      </trkpt>
      <trkpt lat="43.402930000" lon="0.052820000">
        <ele>208.000</ele>
      </trkpt>
      <trkpt lat="43.402380000" lon="0.053050000">
        <ele>208.000</ele>
      </trkpt>
      <trkpt lat="43.401990000" lon="0.053140000">
        <ele>208.000</ele>
      </trkpt>
      <trkpt lat="43.401760000" lon="0.053120000">
        <ele>208.000</ele>
      </trkpt>
      <trkpt lat="43.401680000" lon="0.053070000">
        <ele>208.000</ele>
      </trkpt>
      <trkpt lat="43.401520000" lon="0.052940000">
        <ele>209.000</ele>
      </trkpt>
      <trkpt lat="43.401360000" lon="0.052810000">
        <ele>209.000</ele>
      </trkpt>
      <trkpt lat="43.401310000" lon="0.052780000">
        <ele>209.000</ele>
      </trkpt>
      <trkpt lat="43.401220000" lon="0.052770000">
        <ele>210.000</ele>
      </trkpt>
      <trkpt lat="43.401140000" lon="0.052740000">
        <ele>210.000</ele>
      </trkpt>
      <trkpt lat="43.401020000" lon="0.052720000">
        <ele>210.000</ele>
      </trkpt>
      <trkpt lat="43.400580000" lon="0.052730000">
        <ele>211.000</ele>
      </trkpt>
      <trkpt lat="43.399630000" lon="0.052770000">
        <ele>211.000</ele>
      </trkpt>
      <trkpt lat="43.399500000" lon="0.052780000">
        <ele>211.000</ele>
      </trkpt>
      <trkpt lat="43.398780000" lon="0.052810000">
        <ele>210.000</ele>
      </trkpt>
      <trkpt lat="43.398340000" lon="0.052830000">
        <ele>209.000</ele>
      </trkpt>
      <trkpt lat="43.398270000" lon="0.052830000">
        <ele>209.000</ele>
      </trkpt>
      <trkpt lat="43.398020000" lon="0.052860000">
        <ele>209.000</ele>
      </trkpt>
      <trkpt lat="43.397310000" lon="0.052900000">
        <ele>209.000</ele>
      </trkpt>
      <trkpt lat="43.397250000" lon="0.052900000">
        <ele>209.000</ele>
      </trkpt>
      <trkpt lat="43.397090000" lon="0.052920000">
        <ele>210.000</ele>
      </trkpt>
      <trkpt lat="43.396870000" lon="0.052930000">
        <ele>210.000</ele>
      </trkpt>
      <trkpt lat="43.395940000" lon="0.052970000">
        <ele>211.000</ele>
      </trkpt>
      <trkpt lat="43.395050000" lon="0.053000000">
        <ele>212.000</ele>
      </trkpt>
      <trkpt lat="43.395050000" lon="0.053020000">
        <ele>212.000</ele>
      </trkpt>
      <trkpt lat="43.395050000" lon="0.053020000">
        <ele>213.000</ele>
      </trkpt>
      <trkpt lat="43.395050000" lon="0.053000000">
        <ele>213.000</ele>
      </trkpt>
      <trkpt lat="43.394170000" lon="0.053040000">
        <ele>213.000</ele>
      </trkpt>
      <trkpt lat="43.394050000" lon="0.053050000">
        <ele>213.000</ele>
      </trkpt>
      <trkpt lat="43.392710000" lon="0.053100000">
        <ele>212.000</ele>
      </trkpt>
      <trkpt lat="43.391180000" lon="0.053160000">
        <ele>212.000</ele>
      </trkpt>
      <trkpt lat="43.391110000" lon="0.053160000">
        <ele>212.000</ele>
      </trkpt>
      <trkpt lat="43.390550000" lon="0.053190000">
        <ele>212.000</ele>
      </trkpt>
      <trkpt lat="43.390250000" lon="0.053200000">
        <ele>213.000</ele>
      </trkpt>
      <trkpt lat="43.390010000" lon="0.053210000">
        <ele>214.000</ele>
      </trkpt>
      <trkpt lat="43.389200000" lon="0.053240000">
        <ele>215.000</ele>
      </trkpt>
      <trkpt lat="43.388750000" lon="0.053340000">
        <ele>216.000</ele>
      </trkpt>
      <trkpt lat="43.388580000" lon="0.053380000">
        <ele>216.000</ele>
      </trkpt>
      <trkpt lat="43.387830000" lon="0.053930000">
        <ele>217.000</ele>
      </trkpt>
      <trkpt lat="43.387340000" lon="0.054230000">
        <ele>217.000</ele>
      </trkpt>
      <trkpt lat="43.387110000" lon="0.054360000">
        <ele>217.000</ele>
      </trkpt>
      <trkpt lat="43.386820000" lon="0.054550000">
        <ele>218.000</ele>
      </trkpt>
      <trkpt lat="43.386530000" lon="0.054760000">
        <ele>218.000</ele>
      </trkpt>
      <trkpt lat="43.386470000" lon="0.054730000">
        <ele>218.000</ele>
      </trkpt>
      <trkpt lat="43.386430000" lon="0.054530000">
        <ele>218.000</ele>
      </trkpt>
      <trkpt lat="43.386360000" lon="0.054300000">
        <ele>219.000</ele>
      </trkpt>
      <trkpt lat="43.386350000" lon="0.054250000">
        <ele>219.000</ele>
      </trkpt>
      <trkpt lat="43.386330000" lon="0.054190000">
        <ele>219.000</ele>
      </trkpt>
      <trkpt lat="43.386310000" lon="0.054110000">
        <ele>219.000</ele>
      </trkpt>
      <trkpt lat="43.386020000" lon="0.052900000">
        <ele>220.000</ele>
      </trkpt>
      <trkpt lat="43.385890000" lon="0.052370000">
        <ele>220.000</ele>
      </trkpt>
      <trkpt lat="43.385850000" lon="0.052260000">
        <ele>220.000</ele>
      </trkpt>
      <trkpt lat="43.385850000" lon="0.052260000">
        <ele>220.000</ele>
      </trkpt>
      <trkpt lat="43.385660000" lon="0.051470000">
        <ele>220.000</ele>
      </trkpt>
      <trkpt lat="43.385580000" lon="0.051400000">
        <ele>220.000</ele>
      </trkpt>
      <trkpt lat="43.385570000" lon="0.051390000">
        <ele>220.000</ele>
      </trkpt>
      <trkpt lat="43.385550000" lon="0.051370000">
        <ele>220.000</ele>
      </trkpt>
      <trkpt lat="43.385450000" lon="0.051290000">
        <ele>220.000</ele>
      </trkpt>
      <trkpt lat="43.385340000" lon="0.051260000">
        <ele>220.000</ele>
      </trkpt>
      <trkpt lat="43.385160000" lon="0.051280000">
        <ele>220.000</ele>
      </trkpt>
      <trkpt lat="43.385140000" lon="0.051280000">
        <ele>220.000</ele>
      </trkpt>
      <trkpt lat="43.385080000" lon="0.051250000">
        <ele>220.000</ele>
      </trkpt>
      <trkpt lat="43.384980000" lon="0.051220000">
        <ele>220.000</ele>
      </trkpt>
      <trkpt lat="43.384960000" lon="0.051180000">
        <ele>220.000</ele>
      </trkpt>
      <trkpt lat="43.384950000" lon="0.051100000">
        <ele>219.000</ele>
      </trkpt>
      <trkpt lat="43.384940000" lon="0.051030000">
        <ele>219.000</ele>
      </trkpt>
      <trkpt lat="43.384920000" lon="0.050950000">
        <ele>219.000</ele>
      </trkpt>
      <trkpt lat="43.384910000" lon="0.050920000">
        <ele>219.000</ele>
      </trkpt>
      <trkpt lat="43.384880000" lon="0.050830000">
        <ele>219.000</ele>
      </trkpt>
      <trkpt lat="43.384840000" lon="0.050650000">
        <ele>219.000</ele>
      </trkpt>
      <trkpt lat="43.384830000" lon="0.050470000">
        <ele>219.000</ele>
      </trkpt>
      <trkpt lat="43.384870000" lon="0.049950000">
        <ele>219.000</ele>
      </trkpt>
      <trkpt lat="43.384880000" lon="0.049750000">
        <ele>219.000</ele>
      </trkpt>
      <trkpt lat="43.384910000" lon="0.049130000">
        <ele>218.000</ele>
      </trkpt>
      <trkpt lat="43.384990000" lon="0.048000000">
        <ele>218.000</ele>
      </trkpt>
      <trkpt lat="43.385020000" lon="0.047790000">
        <ele>217.000</ele>
      </trkpt>
      <trkpt lat="43.385160000" lon="0.047330000">
        <ele>217.000</ele>
      </trkpt>
      <trkpt lat="43.385750000" lon="0.045450000">
        <ele>217.000</ele>
      </trkpt>
      <trkpt lat="43.386110000" lon="0.044350000">
        <ele>217.000</ele>
      </trkpt>
      <trkpt lat="43.386310000" lon="0.043760000">
        <ele>216.000</ele>
      </trkpt>
      <trkpt lat="43.386860000" lon="0.042100000">
        <ele>216.000</ele>
      </trkpt>
      <trkpt lat="43.387770000" lon="0.039290000">
        <ele>216.000</ele>
      </trkpt>
      <trkpt lat="43.387820000" lon="0.039150000">
        <ele>216.000</ele>
      </trkpt>
      <trkpt lat="43.388070000" lon="0.038380000">
        <ele>215.000</ele>
      </trkpt>
      <trkpt lat="43.388350000" lon="0.037530000">
        <ele>215.000</ele>
      </trkpt>
      <trkpt lat="43.388580000" lon="0.036860000">
        <ele>215.000</ele>
      </trkpt>
      <trkpt lat="43.388870000" lon="0.035980000">
        <ele>215.000</ele>
      </trkpt>
      <trkpt lat="43.389070000" lon="0.035350000">
        <ele>214.000</ele>
      </trkpt>
      <trkpt lat="43.389080000" lon="0.035340000">
        <ele>214.000</ele>
      </trkpt>
      <trkpt lat="43.389080000" lon="0.035340000">
        <ele>214.000</ele>
      </trkpt>
      <trkpt lat="43.390130000" lon="0.032100000">
        <ele>214.000</ele>
      </trkpt>
      <trkpt lat="43.390360000" lon="0.031370000">
        <ele>213.000</ele>
      </trkpt>
      <trkpt lat="43.390410000" lon="0.031230000">
        <ele>213.000</ele>
      </trkpt>
      <trkpt lat="43.390460000" lon="0.031080000">
        <ele>213.000</ele>
      </trkpt>
      <trkpt lat="43.390840000" lon="0.029960000">
        <ele>213.000</ele>
      </trkpt>
      <trkpt lat="43.391300000" lon="0.028560000">
        <ele>214.000</ele>
      </trkpt>
      <trkpt lat="43.391340000" lon="0.028430000">
        <ele>214.000</ele>
      </trkpt>
      <trkpt lat="43.392070000" lon="0.026190000">
        <ele>215.000</ele>
      </trkpt>
      <trkpt lat="43.392250000" lon="0.025460000">
        <ele>217.000</ele>
      </trkpt>
      <trkpt lat="43.392270000" lon="0.025200000">
        <ele>218.000</ele>
      </trkpt>
      <trkpt lat="43.392310000" lon="0.024710000">
        <ele>219.000</ele>
      </trkpt>
      <trkpt lat="43.392310000" lon="0.024210000">
        <ele>220.000</ele>
      </trkpt>
      <trkpt lat="43.392260000" lon="0.023750000">
        <ele>221.000</ele>
      </trkpt>
      <trkpt lat="43.392180000" lon="0.023300000">
        <ele>222.000</ele>
      </trkpt>
      <trkpt lat="43.392070000" lon="0.022820000">
        <ele>222.000</ele>
      </trkpt>
      <trkpt lat="43.391940000" lon="0.022380000">
        <ele>221.000</ele>
      </trkpt>
      <trkpt lat="43.391540000" lon="0.021060000">
        <ele>220.000</ele>
      </trkpt>
      <trkpt lat="43.391460000" lon="0.020800000">
        <ele>220.000</ele>
      </trkpt>
      <trkpt lat="43.391430000" lon="0.020650000">
        <ele>219.000</ele>
      </trkpt>
      <trkpt lat="43.391050000" lon="0.019420000">
        <ele>219.000</ele>
      </trkpt>
      <trkpt lat="43.390210000" lon="0.016520000">
        <ele>219.000</ele>
      </trkpt>
      <trkpt lat="43.389210000" lon="0.012980000">
        <ele>217.000</ele>
      </trkpt>
      <trkpt lat="43.388750000" lon="0.011450000">
        <ele>217.000</ele>
      </trkpt>
      <trkpt lat="43.388140000" lon="0.009370000">
        <ele>218.000</ele>
      </trkpt>
      <trkpt lat="43.388000000" lon="0.008860000">
        <ele>219.000</ele>
      </trkpt>
      <trkpt lat="43.387740000" lon="0.007990000">
        <ele>219.000</ele>
      </trkpt>
      <trkpt lat="43.387230000" lon="0.006220000">
        <ele>220.000</ele>
      </trkpt>
      <trkpt lat="43.386900000" lon="0.005130000">
        <ele>222.000</ele>
      </trkpt>
      <trkpt lat="43.386420000" lon="0.003450000">
        <ele>223.000</ele>
      </trkpt>
      <trkpt lat="43.385920000" lon="0.001730000">
        <ele>225.000</ele>
      </trkpt>
      <trkpt lat="43.384670000" lon="-0.002530000">
        <ele>227.000</ele>
      </trkpt>
      <trkpt lat="43.383370000" lon="-0.006950000">
        <ele>233.000</ele>
      </trkpt>
      <trkpt lat="43.382660000" lon="-0.009340000">
        <ele>239.000</ele>
      </trkpt>
      <trkpt lat="43.381930000" lon="-0.011890000">
        <ele>246.000</ele>
      </trkpt>
      <trkpt lat="43.381210000" lon="-0.014380000">
        <ele>253.000</ele>
      </trkpt>
      <trkpt lat="43.380970000" lon="-0.015180000">
        <ele>260.000</ele>
      </trkpt>
      <trkpt lat="43.380790000" lon="-0.015590000">
        <ele>265.000</ele>
      </trkpt>
      <trkpt lat="43.380730000" lon="-0.015720000">
        <ele>269.000</ele>
      </trkpt>
      <trkpt lat="43.380470000" lon="-0.016160000">
        <ele>273.000</ele>
      </trkpt>
      <trkpt lat="43.380260000" lon="-0.016580000">
        <ele>276.000</ele>
      </trkpt>
      <trkpt lat="43.380030000" lon="-0.017270000">
        <ele>279.000</ele>
      </trkpt>
      <trkpt lat="43.379820000" lon="-0.017810000">
        <ele>283.000</ele>
      </trkpt>
      <trkpt lat="43.379530000" lon="-0.018410000">
        <ele>287.000</ele>
      </trkpt>
      <trkpt lat="43.379310000" lon="-0.018730000">
        <ele>290.000</ele>
      </trkpt>
      <trkpt lat="43.379070000" lon="-0.019030000">
        <ele>293.000</ele>
      </trkpt>
      <trkpt lat="43.378920000" lon="-0.019170000">
        <ele>296.000</ele>
      </trkpt>
      <trkpt lat="43.378780000" lon="-0.019260000">
        <ele>298.000</ele>
      </trkpt>
      <trkpt lat="43.378590000" lon="-0.019400000">
        <ele>300.000</ele>
      </trkpt>
      <trkpt lat="43.378030000" lon="-0.019660000">
        <ele>303.000</ele>
      </trkpt>
      <trkpt lat="43.377500000" lon="-0.020130000">
        <ele>306.000</ele>
      </trkpt>
      <trkpt lat="43.377000000" lon="-0.020700000">
        <ele>310.000</ele>
      </trkpt>
      <trkpt lat="43.376660000" lon="-0.020990000">
        <ele>313.000</ele>
      </trkpt>
      <trkpt lat="43.376380000" lon="-0.021170000">
        <ele>316.000</ele>
      </trkpt>
      <trkpt lat="43.376080000" lon="-0.021360000">
        <ele>318.000</ele>
      </trkpt>
      <trkpt lat="43.375760000" lon="-0.021590000">
        <ele>321.000</ele>
      </trkpt>
      <trkpt lat="43.375540000" lon="-0.021900000">
        <ele>323.000</ele>
      </trkpt>
      <trkpt lat="43.375410000" lon="-0.022190000">
        <ele>324.000</ele>
      </trkpt>
      <trkpt lat="43.375360000" lon="-0.022330000">
        <ele>325.000</ele>
      </trkpt>
      <trkpt lat="43.375320000" lon="-0.022510000">
        <ele>326.000</ele>
      </trkpt>
      <trkpt lat="43.375240000" lon="-0.023440000">
        <ele>327.000</ele>
      </trkpt>
      <trkpt lat="43.375180000" lon="-0.024150000">
        <ele>328.000</ele>
      </trkpt>
      <trkpt lat="43.375070000" lon="-0.024750000">
        <ele>329.000</ele>
      </trkpt>
      <trkpt lat="43.374890000" lon="-0.025540000">
        <ele>330.000</ele>
      </trkpt>
      <trkpt lat="43.373820000" lon="-0.030080000">
        <ele>333.000</ele>
      </trkpt>
      <trkpt lat="43.373220000" lon="-0.032850000">
        <ele>334.000</ele>
      </trkpt>
      <trkpt lat="43.372710000" lon="-0.035060000">
        <ele>334.000</ele>
      </trkpt>
      <trkpt lat="43.371880000" lon="-0.038640000">
        <ele>333.000</ele>
      </trkpt>
      <trkpt lat="43.371210000" lon="-0.041500000">
        <ele>334.000</ele>
      </trkpt>
      <trkpt lat="43.370910000" lon="-0.042820000">
        <ele>332.000</ele>
      </trkpt>
      <trkpt lat="43.370810000" lon="-0.043370000">
        <ele>329.000</ele>
      </trkpt>
      <trkpt lat="43.370740000" lon="-0.044110000">
        <ele>326.000</ele>
      </trkpt>
      <trkpt lat="43.370670000" lon="-0.045270000">
        <ele>325.000</ele>
      </trkpt>
      <trkpt lat="43.370650000" lon="-0.045650000">
        <ele>324.000</ele>
      </trkpt>
      <trkpt lat="43.370630000" lon="-0.045880000">
        <ele>324.000</ele>
      </trkpt>
      <trkpt lat="43.370620000" lon="-0.045980000">
        <ele>324.000</ele>
      </trkpt>
      <trkpt lat="43.370570000" lon="-0.046440000">
        <ele>325.000</ele>
      </trkpt>
      <trkpt lat="43.370310000" lon="-0.047940000">
        <ele>326.000</ele>
      </trkpt>
      <trkpt lat="43.369940000" lon="-0.050030000">
        <ele>329.000</ele>
      </trkpt>
      <trkpt lat="43.369900000" lon="-0.050390000">
        <ele>332.000</ele>
      </trkpt>
      <trkpt lat="43.369880000" lon="-0.050850000">
        <ele>333.000</ele>
      </trkpt>
      <trkpt lat="43.369880000" lon="-0.051660000">
        <ele>332.000</ele>
      </trkpt>
      <trkpt lat="43.369900000" lon="-0.051980000">
        <ele>332.000</ele>
      </trkpt>
      <trkpt lat="43.369960000" lon="-0.052280000">
        <ele>331.000</ele>
      </trkpt>
      <trkpt lat="43.370100000" lon="-0.052670000">
        <ele>329.000</ele>
      </trkpt>
      <trkpt lat="43.370300000" lon="-0.052970000">
        <ele>328.000</ele>
      </trkpt>
      <trkpt lat="43.370560000" lon="-0.053220000">
        <ele>326.000</ele>
      </trkpt>
      <trkpt lat="43.370920000" lon="-0.053440000">
        <ele>324.000</ele>
      </trkpt>
      <trkpt lat="43.371480000" lon="-0.053570000">
        <ele>321.000</ele>
      </trkpt>
      <trkpt lat="43.371550000" lon="-0.053610000">
        <ele>319.000</ele>
      </trkpt>
      <trkpt lat="43.371830000" lon="-0.053770000">
        <ele>317.000</ele>
      </trkpt>
      <trkpt lat="43.372500000" lon="-0.054170000">
        <ele>313.000</ele>
      </trkpt>
      <trkpt lat="43.373400000" lon="-0.054700000">
        <ele>307.000</ele>
      </trkpt>
      <trkpt lat="43.373640000" lon="-0.054890000">
        <ele>302.000</ele>
      </trkpt>
      <trkpt lat="43.373880000" lon="-0.055130000">
        <ele>297.000</ele>
      </trkpt>
      <trkpt lat="43.374090000" lon="-0.055440000">
        <ele>293.000</ele>
      </trkpt>
      <trkpt lat="43.374280000" lon="-0.055820000">
        <ele>289.000</ele>
      </trkpt>
      <trkpt lat="43.374470000" lon="-0.056320000">
        <ele>284.000</ele>
      </trkpt>
      <trkpt lat="43.374580000" lon="-0.056890000">
        <ele>280.000</ele>
      </trkpt>
      <trkpt lat="43.374600000" lon="-0.057310000">
        <ele>275.000</ele>
      </trkpt>
      <trkpt lat="43.374590000" lon="-0.057730000">
        <ele>271.000</ele>
      </trkpt>
      <trkpt lat="43.374570000" lon="-0.058050000">
        <ele>267.000</ele>
      </trkpt>
      <trkpt lat="43.374500000" lon="-0.058370000">
        <ele>265.000</ele>
      </trkpt>
      <trkpt lat="43.374390000" lon="-0.058760000">
        <ele>264.000</ele>
      </trkpt>
      <trkpt lat="43.374230000" lon="-0.059160000">
        <ele>264.000</ele>
      </trkpt>
      <trkpt lat="43.373820000" lon="-0.059850000">
        <ele>265.000</ele>
      </trkpt>
      <trkpt lat="43.373620000" lon="-0.060150000">
        <ele>266.000</ele>
      </trkpt>
      <trkpt lat="43.373290000" lon="-0.060670000">
        <ele>267.000</ele>
      </trkpt>
      <trkpt lat="43.373090000" lon="-0.061080000">
        <ele>268.000</ele>
      </trkpt>
      <trkpt lat="43.372930000" lon="-0.061540000">
        <ele>270.000</ele>
      </trkpt>
      <trkpt lat="43.372800000" lon="-0.061940000">
        <ele>272.000</ele>
      </trkpt>
      <trkpt lat="43.372640000" lon="-0.062420000">
        <ele>273.000</ele>
      </trkpt>
      <trkpt lat="43.372370000" lon="-0.063150000">
        <ele>274.000</ele>
      </trkpt>
      <trkpt lat="43.372110000" lon="-0.063660000">
        <ele>275.000</ele>
      </trkpt>
      <trkpt lat="43.371990000" lon="-0.063920000">
        <ele>276.000</ele>
      </trkpt>
      <trkpt lat="43.371900000" lon="-0.064200000">
        <ele>277.000</ele>
      </trkpt>
      <trkpt lat="43.371390000" lon="-0.065740000">
        <ele>277.000</ele>
      </trkpt>
      <trkpt lat="43.370650000" lon="-0.067960000">
        <ele>280.000</ele>
      </trkpt>
      <trkpt lat="43.370330000" lon="-0.069020000">
        <ele>283.000</ele>
      </trkpt>
      <trkpt lat="43.370260000" lon="-0.069240000">
        <ele>285.000</ele>
      </trkpt>
      <trkpt lat="43.370170000" lon="-0.069460000">
        <ele>286.000</ele>
      </trkpt>
      <trkpt lat="43.369820000" lon="-0.070130000">
        <ele>285.000</ele>
      </trkpt>
      <trkpt lat="43.369710000" lon="-0.070490000">
        <ele>283.000</ele>
      </trkpt>
      <trkpt lat="43.369650000" lon="-0.070740000">
        <ele>282.000</ele>
      </trkpt>
      <trkpt lat="43.369600000" lon="-0.071050000">
        <ele>281.000</ele>
      </trkpt>
      <trkpt lat="43.369550000" lon="-0.071660000">
        <ele>279.000</ele>
      </trkpt>
      <trkpt lat="43.369480000" lon="-0.072530000">
        <ele>277.000</ele>
      </trkpt>
      <trkpt lat="43.369490000" lon="-0.072790000">
        <ele>276.000</ele>
      </trkpt>
      <trkpt lat="43.369600000" lon="-0.073540000">
        <ele>275.000</ele>
      </trkpt>
      <trkpt lat="43.369620000" lon="-0.073680000">
        <ele>274.000</ele>
      </trkpt>
      <trkpt lat="43.369650000" lon="-0.073860000">
        <ele>274.000</ele>
      </trkpt>
      <trkpt lat="43.369810000" lon="-0.074870000">
        <ele>273.000</ele>
      </trkpt>
      <trkpt lat="43.369960000" lon="-0.076050000">
        <ele>274.000</ele>
      </trkpt>
      <trkpt lat="43.370060000" lon="-0.076450000">
        <ele>275.000</ele>
      </trkpt>
      <trkpt lat="43.370070000" lon="-0.076490000">
        <ele>276.000</ele>
      </trkpt>
      <trkpt lat="43.370380000" lon="-0.077270000">
        <ele>277.000</ele>
      </trkpt>
      <trkpt lat="43.371040000" lon="-0.079180000">
        <ele>283.000</ele>
      </trkpt>
      <trkpt lat="43.371240000" lon="-0.079630000">
        <ele>287.000</ele>
      </trkpt>
      <trkpt lat="43.371470000" lon="-0.080070000">
        <ele>292.000</ele>
      </trkpt>
      <trkpt lat="43.371680000" lon="-0.080380000">
        <ele>295.000</ele>
      </trkpt>
      <trkpt lat="43.371760000" lon="-0.080490000">
        <ele>298.000</ele>
      </trkpt>
      <trkpt lat="43.371860000" lon="-0.080600000">
        <ele>301.000</ele>
      </trkpt>
      <trkpt lat="43.372050000" lon="-0.080800000">
        <ele>303.000</ele>
      </trkpt>
      <trkpt lat="43.372530000" lon="-0.081190000">
        <ele>306.000</ele>
      </trkpt>
      <trkpt lat="43.373420000" lon="-0.082120000">
        <ele>312.000</ele>
      </trkpt>
      <trkpt lat="43.373520000" lon="-0.082280000">
        <ele>316.000</ele>
      </trkpt>
      <trkpt lat="43.373620000" lon="-0.082460000">
        <ele>319.000</ele>
      </trkpt>
      <trkpt lat="43.373670000" lon="-0.082700000">
        <ele>322.000</ele>
      </trkpt>
      <trkpt lat="43.373720000" lon="-0.083020000">
        <ele>324.000</ele>
      </trkpt>
      <trkpt lat="43.373740000" lon="-0.083690000">
        <ele>327.000</ele>
      </trkpt>
      <trkpt lat="43.373790000" lon="-0.084280000">
        <ele>330.000</ele>
      </trkpt>
      <trkpt lat="43.373860000" lon="-0.084540000">
        <ele>332.000</ele>
      </trkpt>
      <trkpt lat="43.375410000" lon="-0.087840000">
        <ele>336.000</ele>
      </trkpt>
      <trkpt lat="43.375580000" lon="-0.088320000">
        <ele>339.000</ele>
      </trkpt>
      <trkpt lat="43.375760000" lon="-0.089180000">
        <ele>341.000</ele>
      </trkpt>
      <trkpt lat="43.375820000" lon="-0.089630000">
        <ele>343.000</ele>
      </trkpt>
      <trkpt lat="43.376050000" lon="-0.091680000">
        <ele>345.000</ele>
      </trkpt>
      <trkpt lat="43.376270000" lon="-0.093790000">
        <ele>345.000</ele>
      </trkpt>
      <trkpt lat="43.376650000" lon="-0.097570000">
        <ele>345.000</ele>
      </trkpt>
      <trkpt lat="43.376710000" lon="-0.098080000">
        <ele>345.000</ele>
      </trkpt>
      <trkpt lat="43.377140000" lon="-0.102220000">
        <ele>347.000</ele>
      </trkpt>
      <trkpt lat="43.377180000" lon="-0.102600000">
        <ele>347.000</ele>
      </trkpt>
      <trkpt lat="43.377200000" lon="-0.103040000">
        <ele>347.000</ele>
      </trkpt>
      <trkpt lat="43.377180000" lon="-0.103210000">
        <ele>347.000</ele>
      </trkpt>
      <trkpt lat="43.377090000" lon="-0.103390000">
        <ele>347.000</ele>
      </trkpt>
      <trkpt lat="43.376960000" lon="-0.103510000">
        <ele>346.000</ele>
      </trkpt>
      <trkpt lat="43.375830000" lon="-0.104190000">
        <ele>344.000</ele>
      </trkpt>
      <trkpt lat="43.375360000" lon="-0.104450000">
        <ele>341.000</ele>
      </trkpt>
      <trkpt lat="43.374930000" lon="-0.104800000">
        <ele>338.000</ele>
      </trkpt>
      <trkpt lat="43.374380000" lon="-0.105600000">
        <ele>335.000</ele>
      </trkpt>
      <trkpt lat="43.374100000" lon="-0.105810000">
        <ele>331.000</ele>
      </trkpt>
      <trkpt lat="43.373740000" lon="-0.105870000">
        <ele>328.000</ele>
      </trkpt>
      <trkpt lat="43.373340000" lon="-0.105640000">
        <ele>324.000</ele>
      </trkpt>
      <trkpt lat="43.373040000" lon="-0.105670000">
        <ele>320.000</ele>
      </trkpt>
      <trkpt lat="43.372890000" lon="-0.105760000">
        <ele>317.000</ele>
      </trkpt>
      <trkpt lat="43.372800000" lon="-0.105870000">
        <ele>315.000</ele>
      </trkpt>
      <trkpt lat="43.372730000" lon="-0.106020000">
        <ele>313.000</ele>
      </trkpt>
      <trkpt lat="43.372690000" lon="-0.106170000">
        <ele>311.000</ele>
      </trkpt>
      <trkpt lat="43.372670000" lon="-0.106320000">
        <ele>310.000</ele>
      </trkpt>
      <trkpt lat="43.372710000" lon="-0.106550000">
        <ele>308.000</ele>
      </trkpt>
      <trkpt lat="43.372820000" lon="-0.106750000">
        <ele>307.000</ele>
      </trkpt>
      <trkpt lat="43.372930000" lon="-0.106900000">
        <ele>305.000</ele>
      </trkpt>
      <trkpt lat="43.373110000" lon="-0.107030000">
        <ele>304.000</ele>
      </trkpt>
      <trkpt lat="43.373440000" lon="-0.107200000">
        <ele>302.000</ele>
      </trkpt>
      <trkpt lat="43.374090000" lon="-0.107430000">
        <ele>299.000</ele>
      </trkpt>
      <trkpt lat="43.374630000" lon="-0.107740000">
        <ele>295.000</ele>
      </trkpt>
      <trkpt lat="43.374830000" lon="-0.107830000">
        <ele>292.000</ele>
      </trkpt>
      <trkpt lat="43.375050000" lon="-0.107840000">
        <ele>289.000</ele>
      </trkpt>
      <trkpt lat="43.375330000" lon="-0.107800000">
        <ele>286.000</ele>
      </trkpt>
      <trkpt lat="43.375860000" lon="-0.107620000">
        <ele>283.000</ele>
      </trkpt>
      <trkpt lat="43.376110000" lon="-0.107620000">
        <ele>279.000</ele>
      </trkpt>
      <trkpt lat="43.376190000" lon="-0.107670000">
        <ele>276.000</ele>
      </trkpt>
      <trkpt lat="43.376280000" lon="-0.107770000">
        <ele>274.000</ele>
      </trkpt>
      <trkpt lat="43.376400000" lon="-0.108000000">
        <ele>271.000</ele>
      </trkpt>
      <trkpt lat="43.376530000" lon="-0.108300000">
        <ele>268.000</ele>
      </trkpt>
      <trkpt lat="43.376610000" lon="-0.108630000">
        <ele>265.000</ele>
      </trkpt>
      <trkpt lat="43.376710000" lon="-0.109020000">
        <ele>261.000</ele>
      </trkpt>
      <trkpt lat="43.376850000" lon="-0.109900000">
        <ele>256.000</ele>
      </trkpt>
      <trkpt lat="43.376880000" lon="-0.110350000">
        <ele>252.000</ele>
      </trkpt>
      <trkpt lat="43.376940000" lon="-0.111390000">
        <ele>248.000</ele>
      </trkpt>
      <trkpt lat="43.376960000" lon="-0.111640000">
        <ele>246.000</ele>
      </trkpt>
      <trkpt lat="43.377090000" lon="-0.113960000">
        <ele>243.000</ele>
      </trkpt>
      <trkpt lat="43.377170000" lon="-0.115330000">
        <ele>241.000</ele>
      </trkpt>
      <trkpt lat="43.377180000" lon="-0.115460000">
        <ele>240.000</ele>
      </trkpt>
      <trkpt lat="43.377410000" lon="-0.119420000">
        <ele>241.000</ele>
      </trkpt>
      <trkpt lat="43.377450000" lon="-0.120010000">
        <ele>242.000</ele>
      </trkpt>
      <trkpt lat="43.377630000" lon="-0.122970000">
        <ele>243.000</ele>
      </trkpt>
      <trkpt lat="43.377630000" lon="-0.122970000">
        <ele>243.000</ele>
      </trkpt>
      <trkpt lat="43.377740000" lon="-0.124820000">
        <ele>245.000</ele>
      </trkpt>
      <trkpt lat="43.377920000" lon="-0.127850000">
        <ele>248.000</ele>
      </trkpt>
      <trkpt lat="43.377980000" lon="-0.128800000">
        <ele>251.000</ele>
      </trkpt>
      <trkpt lat="43.377980000" lon="-0.128910000">
        <ele>254.000</ele>
      </trkpt>
      <trkpt lat="43.378010000" lon="-0.129020000">
        <ele>255.000</ele>
      </trkpt>
      <trkpt lat="43.378020000" lon="-0.129110000">
        <ele>256.000</ele>
      </trkpt>
      <trkpt lat="43.378060000" lon="-0.129210000">
        <ele>257.000</ele>
      </trkpt>
      <trkpt lat="43.378070000" lon="-0.129330000">
        <ele>258.000</ele>
      </trkpt>
      <trkpt lat="43.378070000" lon="-0.129410000">
        <ele>259.000</ele>
      </trkpt>
      <trkpt lat="43.378050000" lon="-0.129510000">
        <ele>259.000</ele>
      </trkpt>
      <trkpt lat="43.378030000" lon="-0.129640000">
        <ele>260.000</ele>
      </trkpt>
      <trkpt lat="43.378010000" lon="-0.129880000">
        <ele>260.000</ele>
      </trkpt>
      <trkpt lat="43.377990000" lon="-0.130060000">
        <ele>261.000</ele>
      </trkpt>
      <trkpt lat="43.377960000" lon="-0.130210000">
        <ele>261.000</ele>
      </trkpt>
      <trkpt lat="43.377870000" lon="-0.130530000">
        <ele>262.000</ele>
      </trkpt>
      <trkpt lat="43.377860000" lon="-0.130560000">
        <ele>263.000</ele>
      </trkpt>
      <trkpt lat="43.377720000" lon="-0.130990000">
        <ele>264.000</ele>
      </trkpt>
      <trkpt lat="43.377660000" lon="-0.131190000">
        <ele>266.000</ele>
      </trkpt>
      <trkpt lat="43.377570000" lon="-0.131500000">
        <ele>268.000</ele>
      </trkpt>
      <trkpt lat="43.377560000" lon="-0.131530000">
        <ele>269.000</ele>
      </trkpt>
      <trkpt lat="43.377540000" lon="-0.131780000">
        <ele>271.000</ele>
      </trkpt>
      <trkpt lat="43.377550000" lon="-0.131970000">
        <ele>272.000</ele>
      </trkpt>
      <trkpt lat="43.377700000" lon="-0.132450000">
        <ele>275.000</ele>
      </trkpt>
      <trkpt lat="43.377880000" lon="-0.133060000">
        <ele>278.000</ele>
      </trkpt>
      <trkpt lat="43.377890000" lon="-0.133070000">
        <ele>280.000</ele>
      </trkpt>
      <trkpt lat="43.378150000" lon="-0.133940000">
        <ele>284.000</ele>
      </trkpt>
      <trkpt lat="43.378200000" lon="-0.134180000">
        <ele>287.000</ele>
      </trkpt>
      <trkpt lat="43.378200000" lon="-0.134430000">
        <ele>289.000</ele>
      </trkpt>
      <trkpt lat="43.378170000" lon="-0.134570000">
        <ele>291.000</ele>
      </trkpt>
      <trkpt lat="43.378110000" lon="-0.134700000">
        <ele>293.000</ele>
      </trkpt>
      <trkpt lat="43.378040000" lon="-0.134840000">
        <ele>295.000</ele>
      </trkpt>
      <trkpt lat="43.377880000" lon="-0.135140000">
        <ele>297.000</ele>
      </trkpt>
      <trkpt lat="43.377840000" lon="-0.135240000">
        <ele>298.000</ele>
      </trkpt>
      <trkpt lat="43.377720000" lon="-0.135540000">
        <ele>300.000</ele>
      </trkpt>
      <trkpt lat="43.377610000" lon="-0.135950000">
        <ele>302.000</ele>
      </trkpt>
      <trkpt lat="43.377570000" lon="-0.136160000">
        <ele>305.000</ele>
      </trkpt>
      <trkpt lat="43.377580000" lon="-0.136760000">
        <ele>309.000</ele>
      </trkpt>
      <trkpt lat="43.377600000" lon="-0.137920000">
        <ele>315.000</ele>
      </trkpt>
      <trkpt lat="43.377620000" lon="-0.138270000">
        <ele>320.000</ele>
      </trkpt>
      <trkpt lat="43.377610000" lon="-0.138550000">
        <ele>324.000</ele>
      </trkpt>
      <trkpt lat="43.377570000" lon="-0.138730000">
        <ele>327.000</ele>
      </trkpt>
      <trkpt lat="43.377520000" lon="-0.138850000">
        <ele>329.000</ele>
      </trkpt>
      <trkpt lat="43.377280000" lon="-0.139180000">
        <ele>331.000</ele>
      </trkpt>
      <trkpt lat="43.377190000" lon="-0.139330000">
        <ele>333.000</ele>
      </trkpt>
      <trkpt lat="43.377160000" lon="-0.139440000">
        <ele>334.000</ele>
      </trkpt>
      <trkpt lat="43.377140000" lon="-0.139600000">
        <ele>335.000</ele>
      </trkpt>
      <trkpt lat="43.377140000" lon="-0.139750000">
        <ele>336.000</ele>
      </trkpt>
      <trkpt lat="43.377320000" lon="-0.140520000">
        <ele>338.000</ele>
      </trkpt>
      <trkpt lat="43.377370000" lon="-0.140870000">
        <ele>339.000</ele>
      </trkpt>
      <trkpt lat="43.377410000" lon="-0.141400000">
        <ele>341.000</ele>
      </trkpt>
      <trkpt lat="43.377440000" lon="-0.141890000">
        <ele>342.000</ele>
      </trkpt>
      <trkpt lat="43.377500000" lon="-0.142680000">
        <ele>344.000</ele>
      </trkpt>
      <trkpt lat="43.377480000" lon="-0.143130000">
        <ele>345.000</ele>
      </trkpt>
      <trkpt lat="43.377460000" lon="-0.143390000">
        <ele>346.000</ele>
      </trkpt>
      <trkpt lat="43.377430000" lon="-0.143520000">
        <ele>346.000</ele>
      </trkpt>
      <trkpt lat="43.377300000" lon="-0.144270000">
        <ele>345.000</ele>
      </trkpt>
      <trkpt lat="43.376900000" lon="-0.146560000">
        <ele>343.000</ele>
      </trkpt>
      <trkpt lat="43.376700000" lon="-0.147790000">
        <ele>342.000</ele>
      </trkpt>
      <trkpt lat="43.376050000" lon="-0.151650000">
        <ele>342.000</ele>
      </trkpt>
      <trkpt lat="43.375450000" lon="-0.155240000">
        <ele>344.000</ele>
      </trkpt>
      <trkpt lat="43.375110000" lon="-0.157320000">
        <ele>345.000</ele>
      </trkpt>
      <trkpt lat="43.374270000" lon="-0.162180000">
        <ele>345.000</ele>
      </trkpt>
      <trkpt lat="43.373410000" lon="-0.167690000">
        <ele>343.000</ele>
      </trkpt>
      <trkpt lat="43.373380000" lon="-0.167840000">
        <ele>341.000</ele>
      </trkpt>
      <trkpt lat="43.372890000" lon="-0.170850000">
        <ele>340.000</ele>
      </trkpt>
      <trkpt lat="43.372470000" lon="-0.173500000">
        <ele>342.000</ele>
      </trkpt>
      <trkpt lat="43.372340000" lon="-0.174110000">
        <ele>342.000</ele>
      </trkpt>
      <trkpt lat="43.372210000" lon="-0.174530000">
        <ele>342.000</ele>
      </trkpt>
      <trkpt lat="43.372050000" lon="-0.174920000">
        <ele>342.000</ele>
      </trkpt>
      <trkpt lat="43.371590000" lon="-0.175960000">
        <ele>342.000</ele>
      </trkpt>
      <trkpt lat="43.371360000" lon="-0.176550000">
        <ele>340.000</ele>
      </trkpt>
      <trkpt lat="43.371180000" lon="-0.177190000">
        <ele>336.000</ele>
      </trkpt>
      <trkpt lat="43.371050000" lon="-0.177710000">
        <ele>333.000</ele>
      </trkpt>
      <trkpt lat="43.370980000" lon="-0.178090000">
        <ele>329.000</ele>
      </trkpt>
      <trkpt lat="43.370770000" lon="-0.180110000">
        <ele>321.000</ele>
      </trkpt>
      <trkpt lat="43.370360000" lon="-0.182180000">
        <ele>319.000</ele>
      </trkpt>
      <trkpt lat="43.370090000" lon="-0.183850000">
        <ele>319.000</ele>
      </trkpt>
      <trkpt lat="43.369970000" lon="-0.184240000">
        <ele>320.000</ele>
      </trkpt>
      <trkpt lat="43.368840000" lon="-0.187330000">
        <ele>325.000</ele>
      </trkpt>
      <trkpt lat="43.368090000" lon="-0.189040000">
        <ele>330.000</ele>
      </trkpt>
      <trkpt lat="43.367730000" lon="-0.189890000">
        <ele>334.000</ele>
      </trkpt>
      <trkpt lat="43.367630000" lon="-0.190190000">
        <ele>337.000</ele>
      </trkpt>
      <trkpt lat="43.367560000" lon="-0.190450000">
        <ele>338.000</ele>
      </trkpt>
      <trkpt lat="43.367490000" lon="-0.190820000">
        <ele>339.000</ele>
      </trkpt>
      <trkpt lat="43.367400000" lon="-0.191540000">
        <ele>338.000</ele>
      </trkpt>
      <trkpt lat="43.367320000" lon="-0.192030000">
        <ele>337.000</ele>
      </trkpt>
      <trkpt lat="43.367230000" lon="-0.192410000">
        <ele>336.000</ele>
      </trkpt>
      <trkpt lat="43.367130000" lon="-0.192710000">
        <ele>335.000</ele>
      </trkpt>
      <trkpt lat="43.367020000" lon="-0.192950000">
        <ele>334.000</ele>
      </trkpt>
      <trkpt lat="43.366910000" lon="-0.193150000">
        <ele>332.000</ele>
      </trkpt>
      <trkpt lat="43.366780000" lon="-0.193300000">
        <ele>330.000</ele>
      </trkpt>
      <trkpt lat="43.366690000" lon="-0.193410000">
        <ele>329.000</ele>
      </trkpt>
      <trkpt lat="43.365820000" lon="-0.194090000">
        <ele>325.000</ele>
      </trkpt>
      <trkpt lat="43.365710000" lon="-0.194190000">
        <ele>322.000</ele>
      </trkpt>
      <trkpt lat="43.365640000" lon="-0.194320000">
        <ele>320.000</ele>
      </trkpt>
      <trkpt lat="43.365610000" lon="-0.194410000">
        <ele>318.000</ele>
      </trkpt>
      <trkpt lat="43.365590000" lon="-0.194540000">
        <ele>316.000</ele>
      </trkpt>
      <trkpt lat="43.365590000" lon="-0.194710000">
        <ele>314.000</ele>
      </trkpt>
      <trkpt lat="43.365610000" lon="-0.195050000">
        <ele>312.000</ele>
      </trkpt>
      <trkpt lat="43.365640000" lon="-0.195880000">
        <ele>309.000</ele>
      </trkpt>
      <trkpt lat="43.365700000" lon="-0.196160000">
        <ele>306.000</ele>
      </trkpt>
      <trkpt lat="43.365800000" lon="-0.196420000">
        <ele>303.000</ele>
      </trkpt>
      <trkpt lat="43.366490000" lon="-0.198030000">
        <ele>297.000</ele>
      </trkpt>
      <trkpt lat="43.366810000" lon="-0.198710000">
        <ele>292.000</ele>
      </trkpt>
      <trkpt lat="43.366900000" lon="-0.198990000">
        <ele>289.000</ele>
      </trkpt>
      <trkpt lat="43.366920000" lon="-0.199060000">
        <ele>287.000</ele>
      </trkpt>
      <trkpt lat="43.366930000" lon="-0.199200000">
        <ele>285.000</ele>
      </trkpt>
      <trkpt lat="43.366920000" lon="-0.199280000">
        <ele>284.000</ele>
      </trkpt>
      <trkpt lat="43.366890000" lon="-0.199390000">
        <ele>283.000</ele>
      </trkpt>
      <trkpt lat="43.366860000" lon="-0.199470000">
        <ele>282.000</ele>
      </trkpt>
      <trkpt lat="43.366830000" lon="-0.199540000">
        <ele>282.000</ele>
      </trkpt>
      <trkpt lat="43.366780000" lon="-0.199600000">
        <ele>282.000</ele>
      </trkpt>
      <trkpt lat="43.366710000" lon="-0.199680000">
        <ele>281.000</ele>
      </trkpt>
      <trkpt lat="43.366090000" lon="-0.200250000">
        <ele>280.000</ele>
      </trkpt>
      <trkpt lat="43.365640000" lon="-0.200670000">
        <ele>279.000</ele>
      </trkpt>
      <trkpt lat="43.365540000" lon="-0.200770000">
        <ele>279.000</ele>
      </trkpt>
      <trkpt lat="43.365450000" lon="-0.200920000">
        <ele>279.000</ele>
      </trkpt>
      <trkpt lat="43.365330000" lon="-0.201150000">
        <ele>279.000</ele>
      </trkpt>
      <trkpt lat="43.365130000" lon="-0.201690000">
        <ele>280.000</ele>
      </trkpt>
      <trkpt lat="43.364960000" lon="-0.202260000">
        <ele>281.000</ele>
      </trkpt>
      <trkpt lat="43.364570000" lon="-0.203900000">
        <ele>283.000</ele>
      </trkpt>
      <trkpt lat="43.364490000" lon="-0.204340000">
        <ele>285.000</ele>
      </trkpt>
      <trkpt lat="43.364480000" lon="-0.204450000">
        <ele>287.000</ele>
      </trkpt>
      <trkpt lat="43.364480000" lon="-0.204670000">
        <ele>288.000</ele>
      </trkpt>
      <trkpt lat="43.364530000" lon="-0.205430000">
        <ele>289.000</ele>
      </trkpt>
      <trkpt lat="43.364560000" lon="-0.206280000">
        <ele>290.000</ele>
      </trkpt>
      <trkpt lat="43.364620000" lon="-0.207070000">
        <ele>292.000</ele>
      </trkpt>
      <trkpt lat="43.364610000" lon="-0.207850000">
        <ele>293.000</ele>
      </trkpt>
      <trkpt lat="43.364610000" lon="-0.208490000">
        <ele>295.000</ele>
      </trkpt>
      <trkpt lat="43.364590000" lon="-0.208760000">
        <ele>296.000</ele>
      </trkpt>
      <trkpt lat="43.364570000" lon="-0.208940000">
        <ele>297.000</ele>
      </trkpt>
      <trkpt lat="43.364530000" lon="-0.209120000">
        <ele>297.000</ele>
      </trkpt>
      <trkpt lat="43.364470000" lon="-0.209310000">
        <ele>298.000</ele>
      </trkpt>
      <trkpt lat="43.364260000" lon="-0.209820000">
        <ele>299.000</ele>
      </trkpt>
      <trkpt lat="43.364180000" lon="-0.210010000">
        <ele>300.000</ele>
      </trkpt>
      <trkpt lat="43.364150000" lon="-0.210090000">
        <ele>300.000</ele>
      </trkpt>
      <trkpt lat="43.364120000" lon="-0.210260000">
        <ele>301.000</ele>
      </trkpt>
      <trkpt lat="43.364090000" lon="-0.210490000">
        <ele>301.000</ele>
      </trkpt>
      <trkpt lat="43.364060000" lon="-0.210780000">
        <ele>301.000</ele>
      </trkpt>
      <trkpt lat="43.364050000" lon="-0.211030000">
        <ele>302.000</ele>
      </trkpt>
      <trkpt lat="43.364060000" lon="-0.211320000">
        <ele>303.000</ele>
      </trkpt>
      <trkpt lat="43.364060000" lon="-0.211650000">
        <ele>303.000</ele>
      </trkpt>
      <trkpt lat="43.364050000" lon="-0.211830000">
        <ele>304.000</ele>
      </trkpt>
      <trkpt lat="43.364020000" lon="-0.211980000">
        <ele>304.000</ele>
      </trkpt>
      <trkpt lat="43.363980000" lon="-0.212100000">
        <ele>304.000</ele>
      </trkpt>
      <trkpt lat="43.363910000" lon="-0.212260000">
        <ele>305.000</ele>
      </trkpt>
      <trkpt lat="43.363410000" lon="-0.213110000">
        <ele>305.000</ele>
      </trkpt>
      <trkpt lat="43.363150000" lon="-0.213570000">
        <ele>305.000</ele>
      </trkpt>
      <trkpt lat="43.362840000" lon="-0.214140000">
        <ele>305.000</ele>
      </trkpt>
      <trkpt lat="43.362720000" lon="-0.214380000">
        <ele>305.000</ele>
      </trkpt>
      <trkpt lat="43.362650000" lon="-0.214560000">
        <ele>305.000</ele>
      </trkpt>
      <trkpt lat="43.362560000" lon="-0.214810000">
        <ele>305.000</ele>
      </trkpt>
      <trkpt lat="43.362160000" lon="-0.215980000">
        <ele>304.000</ele>
      </trkpt>
      <trkpt lat="43.361650000" lon="-0.217410000">
        <ele>304.000</ele>
      </trkpt>
      <trkpt lat="43.361550000" lon="-0.217710000">
        <ele>304.000</ele>
      </trkpt>
      <trkpt lat="43.361510000" lon="-0.217840000">
        <ele>304.000</ele>
      </trkpt>
      <trkpt lat="43.361490000" lon="-0.217950000">
        <ele>304.000</ele>
      </trkpt>
      <trkpt lat="43.361480000" lon="-0.218090000">
        <ele>304.000</ele>
      </trkpt>
      <trkpt lat="43.361450000" lon="-0.218190000">
        <ele>304.000</ele>
      </trkpt>
      <trkpt lat="43.361380000" lon="-0.218410000">
        <ele>304.000</ele>
      </trkpt>
      <trkpt lat="43.361340000" lon="-0.218560000">
        <ele>304.000</ele>
      </trkpt>
      <trkpt lat="43.361240000" lon="-0.218890000">
        <ele>305.000</ele>
      </trkpt>
      <trkpt lat="43.360850000" lon="-0.220100000">
        <ele>305.000</ele>
      </trkpt>
      <trkpt lat="43.360690000" lon="-0.220620000">
        <ele>306.000</ele>
      </trkpt>
      <trkpt lat="43.360400000" lon="-0.221650000">
        <ele>306.000</ele>
      </trkpt>
      <trkpt lat="43.360240000" lon="-0.222200000">
        <ele>307.000</ele>
      </trkpt>
      <trkpt lat="43.360080000" lon="-0.222700000">
        <ele>307.000</ele>
      </trkpt>
      <trkpt lat="43.359950000" lon="-0.223080000">
        <ele>307.000</ele>
      </trkpt>
      <trkpt lat="43.359380000" lon="-0.224900000">
        <ele>306.000</ele>
      </trkpt>
      <trkpt lat="43.359240000" lon="-0.225380000">
        <ele>305.000</ele>
      </trkpt>
      <trkpt lat="43.359170000" lon="-0.225650000">
        <ele>304.000</ele>
      </trkpt>
      <trkpt lat="43.359120000" lon="-0.225930000">
        <ele>304.000</ele>
      </trkpt>
      <trkpt lat="43.359050000" lon="-0.226490000">
        <ele>303.000</ele>
      </trkpt>
      <trkpt lat="43.358930000" lon="-0.227600000">
        <ele>302.000</ele>
      </trkpt>
      <trkpt lat="43.358900000" lon="-0.227830000">
        <ele>301.000</ele>
      </trkpt>
      <trkpt lat="43.358870000" lon="-0.228080000">
        <ele>301.000</ele>
      </trkpt>
      <trkpt lat="43.358810000" lon="-0.228300000">
        <ele>300.000</ele>
      </trkpt>
      <trkpt lat="43.358760000" lon="-0.228450000">
        <ele>299.000</ele>
      </trkpt>
      <trkpt lat="43.358720000" lon="-0.228540000">
        <ele>299.000</ele>
      </trkpt>
      <trkpt lat="43.358520000" lon="-0.228940000">
        <ele>299.000</ele>
      </trkpt>
      <trkpt lat="43.358480000" lon="-0.229040000">
        <ele>298.000</ele>
      </trkpt>
      <trkpt lat="43.358450000" lon="-0.229140000">
        <ele>298.000</ele>
      </trkpt>
      <trkpt lat="43.358430000" lon="-0.229250000">
        <ele>298.000</ele>
      </trkpt>
      <trkpt lat="43.358420000" lon="-0.229390000">
        <ele>298.000</ele>
      </trkpt>
      <trkpt lat="43.358430000" lon="-0.229780000">
        <ele>297.000</ele>
      </trkpt>
      <trkpt lat="43.358450000" lon="-0.230470000">
        <ele>297.000</ele>
      </trkpt>
      <trkpt lat="43.358470000" lon="-0.231070000">
        <ele>297.000</ele>
      </trkpt>
      <trkpt lat="43.358490000" lon="-0.231690000">
        <ele>297.000</ele>
      </trkpt>
      <trkpt lat="43.358510000" lon="-0.232350000">
        <ele>297.000</ele>
      </trkpt>
      <trkpt lat="43.358520000" lon="-0.232510000">
        <ele>298.000</ele>
      </trkpt>
      <trkpt lat="43.358560000" lon="-0.233570000">
        <ele>299.000</ele>
      </trkpt>
      <trkpt lat="43.358620000" lon="-0.234670000">
        <ele>299.000</ele>
      </trkpt>
      <trkpt lat="43.358670000" lon="-0.236160000">
        <ele>299.000</ele>
      </trkpt>
      <trkpt lat="43.358690000" lon="-0.236700000">
        <ele>299.000</ele>
      </trkpt>
      <trkpt lat="43.358690000" lon="-0.236750000">
        <ele>299.000</ele>
      </trkpt>
      <trkpt lat="43.358720000" lon="-0.237350000">
        <ele>299.000</ele>
      </trkpt>
      <trkpt lat="43.358810000" lon="-0.239290000">
        <ele>299.000</ele>
      </trkpt>
      <trkpt lat="43.358850000" lon="-0.240880000">
        <ele>300.000</ele>
      </trkpt>
      <trkpt lat="43.358920000" lon="-0.243310000">
        <ele>300.000</ele>
      </trkpt>
      <trkpt lat="43.358950000" lon="-0.244010000">
        <ele>301.000</ele>
      </trkpt>
      <trkpt lat="43.359030000" lon="-0.244150000">
        <ele>301.000</ele>
      </trkpt>
      <trkpt lat="43.359060000" lon="-0.244210000">
        <ele>301.000</ele>
      </trkpt>
      <trkpt lat="43.359090000" lon="-0.244240000">
        <ele>301.000</ele>
      </trkpt>
      <trkpt lat="43.359120000" lon="-0.244240000">
        <ele>301.000</ele>
      </trkpt>
      <trkpt lat="43.359140000" lon="-0.244250000">
        <ele>301.000</ele>
      </trkpt>
      <trkpt lat="43.359170000" lon="-0.244280000">
        <ele>301.000</ele>
      </trkpt>
      <trkpt lat="43.359190000" lon="-0.244310000">
        <ele>301.000</ele>
      </trkpt>
      <trkpt lat="43.359210000" lon="-0.244360000">
        <ele>301.000</ele>
      </trkpt>
      <trkpt lat="43.359210000" lon="-0.244400000">
        <ele>301.000</ele>
      </trkpt>
      <trkpt lat="43.359210000" lon="-0.244440000">
        <ele>301.000</ele>
      </trkpt>
      <trkpt lat="43.359190000" lon="-0.244480000">
        <ele>301.000</ele>
      </trkpt>
      <trkpt lat="43.359170000" lon="-0.244510000">
        <ele>301.000</ele>
      </trkpt>
      <trkpt lat="43.359140000" lon="-0.244540000">
        <ele>300.000</ele>
      </trkpt>
      <trkpt lat="43.359090000" lon="-0.244660000">
        <ele>300.000</ele>
      </trkpt>
      <trkpt lat="43.359050000" lon="-0.244790000">
        <ele>300.000</ele>
      </trkpt>
      <trkpt lat="43.359040000" lon="-0.244870000">
        <ele>300.000</ele>
      </trkpt>
      <trkpt lat="43.359000000" lon="-0.244980000">
        <ele>300.000</ele>
      </trkpt>
      <trkpt lat="43.358990000" lon="-0.245020000">
        <ele>300.000</ele>
      </trkpt>
      <trkpt lat="43.358920000" lon="-0.245200000">
        <ele>300.000</ele>
      </trkpt>
      <trkpt lat="43.358740000" lon="-0.245610000">
        <ele>300.000</ele>
      </trkpt>
      <trkpt lat="43.358290000" lon="-0.246590000">
        <ele>299.000</ele>
      </trkpt>
      <trkpt lat="43.357880000" lon="-0.247500000">
        <ele>298.000</ele>
      </trkpt>
      <trkpt lat="43.357600000" lon="-0.248110000">
        <ele>296.000</ele>
      </trkpt>
      <trkpt lat="43.357530000" lon="-0.248290000">
        <ele>295.000</ele>
      </trkpt>
      <trkpt lat="43.357460000" lon="-0.248470000">
        <ele>295.000</ele>
      </trkpt>
      <trkpt lat="43.357430000" lon="-0.248590000">
        <ele>294.000</ele>
      </trkpt>
      <trkpt lat="43.357390000" lon="-0.248740000">
        <ele>294.000</ele>
      </trkpt>
      <trkpt lat="43.357360000" lon="-0.248840000">
        <ele>294.000</ele>
      </trkpt>
      <trkpt lat="43.357360000" lon="-0.248960000">
        <ele>294.000</ele>
      </trkpt>
      <trkpt lat="43.357370000" lon="-0.249050000">
        <ele>294.000</ele>
      </trkpt>
      <trkpt lat="43.357380000" lon="-0.249190000">
        <ele>294.000</ele>
      </trkpt>
      <trkpt lat="43.357410000" lon="-0.249340000">
        <ele>294.000</ele>
      </trkpt>
      <trkpt lat="43.357650000" lon="-0.250370000">
        <ele>294.000</ele>
      </trkpt>
      <trkpt lat="43.357690000" lon="-0.250560000">
        <ele>294.000</ele>
      </trkpt>
      <trkpt lat="43.357750000" lon="-0.250770000">
        <ele>294.000</ele>
      </trkpt>
      <trkpt lat="43.357820000" lon="-0.250960000">
        <ele>294.000</ele>
      </trkpt>
      <trkpt lat="43.357870000" lon="-0.251100000">
        <ele>293.000</ele>
      </trkpt>
      <trkpt lat="43.358000000" lon="-0.251440000">
        <ele>293.000</ele>
      </trkpt>
      <trkpt lat="43.358090000" lon="-0.251700000">
        <ele>292.000</ele>
      </trkpt>
      <trkpt lat="43.358110000" lon="-0.251780000">
        <ele>291.000</ele>
      </trkpt>
      <trkpt lat="43.358110000" lon="-0.251880000">
        <ele>291.000</ele>
      </trkpt>
      <trkpt lat="43.358110000" lon="-0.251990000">
        <ele>290.000</ele>
      </trkpt>
      <trkpt lat="43.358100000" lon="-0.252100000">
        <ele>290.000</ele>
      </trkpt>
      <trkpt lat="43.358070000" lon="-0.252190000">
        <ele>290.000</ele>
      </trkpt>
      <trkpt lat="43.358020000" lon="-0.252280000">
        <ele>289.000</ele>
      </trkpt>
      <trkpt lat="43.357960000" lon="-0.252360000">
        <ele>289.000</ele>
      </trkpt>
      <trkpt lat="43.357900000" lon="-0.252430000">
        <ele>288.000</ele>
      </trkpt>
      <trkpt lat="43.357780000" lon="-0.252490000">
        <ele>288.000</ele>
      </trkpt>
      <trkpt lat="43.357640000" lon="-0.252540000">
        <ele>288.000</ele>
      </trkpt>
      <trkpt lat="43.357500000" lon="-0.252560000">
        <ele>287.000</ele>
      </trkpt>
      <trkpt lat="43.357370000" lon="-0.252560000">
        <ele>287.000</ele>
      </trkpt>
      <trkpt lat="43.357230000" lon="-0.252550000">
        <ele>286.000</ele>
      </trkpt>
      <trkpt lat="43.356900000" lon="-0.252500000">
        <ele>285.000</ele>
      </trkpt>
      <trkpt lat="43.356770000" lon="-0.252480000">
        <ele>285.000</ele>
      </trkpt>
      <trkpt lat="43.356590000" lon="-0.252450000">
        <ele>284.000</ele>
      </trkpt>
      <trkpt lat="43.356430000" lon="-0.252430000">
        <ele>284.000</ele>
      </trkpt>
      <trkpt lat="43.356320000" lon="-0.252390000">
        <ele>283.000</ele>
      </trkpt>
      <trkpt lat="43.356230000" lon="-0.252330000">
        <ele>283.000</ele>
      </trkpt>
      <trkpt lat="43.356140000" lon="-0.252250000">
        <ele>282.000</ele>
      </trkpt>
      <trkpt lat="43.355630000" lon="-0.251730000">
        <ele>281.000</ele>
      </trkpt>
      <trkpt lat="43.355500000" lon="-0.251640000">
        <ele>280.000</ele>
      </trkpt>
      <trkpt lat="43.355420000" lon="-0.251600000">
        <ele>280.000</ele>
      </trkpt>
      <trkpt lat="43.355290000" lon="-0.251590000">
        <ele>279.000</ele>
      </trkpt>
      <trkpt lat="43.355170000" lon="-0.251600000">
        <ele>278.000</ele>
      </trkpt>
      <trkpt lat="43.355070000" lon="-0.251630000">
        <ele>277.000</ele>
      </trkpt>
      <trkpt lat="43.354990000" lon="-0.251670000">
        <ele>277.000</ele>
      </trkpt>
      <trkpt lat="43.354920000" lon="-0.251730000">
        <ele>276.000</ele>
      </trkpt>
      <trkpt lat="43.354830000" lon="-0.251840000">
        <ele>275.000</ele>
      </trkpt>
      <trkpt lat="43.354710000" lon="-0.252080000">
        <ele>274.000</ele>
      </trkpt>
      <trkpt lat="43.354490000" lon="-0.252580000">
        <ele>273.000</ele>
      </trkpt>
      <trkpt lat="43.354480000" lon="-0.252600000">
        <ele>272.000</ele>
      </trkpt>
      <trkpt lat="43.354480000" lon="-0.252600000">
        <ele>271.000</ele>
      </trkpt>
      <trkpt lat="43.354410000" lon="-0.252740000">
        <ele>270.000</ele>
      </trkpt>
      <trkpt lat="43.354340000" lon="-0.252840000">
        <ele>269.000</ele>
      </trkpt>
      <trkpt lat="43.354180000" lon="-0.253060000">
        <ele>268.000</ele>
      </trkpt>
      <trkpt lat="43.353990000" lon="-0.253280000">
        <ele>268.000</ele>
      </trkpt>
      <trkpt lat="43.352540000" lon="-0.254940000">
        <ele>272.000</ele>
      </trkpt>
      <trkpt lat="43.351630000" lon="-0.255910000">
        <ele>277.000</ele>
      </trkpt>
      <trkpt lat="43.351210000" lon="-0.256640000">
        <ele>281.000</ele>
      </trkpt>
      <trkpt lat="43.351120000" lon="-0.256790000">
        <ele>284.000</ele>
      </trkpt>
      <trkpt lat="43.351020000" lon="-0.256830000">
        <ele>286.000</ele>
      </trkpt>
      <trkpt lat="43.350910000" lon="-0.256860000">
        <ele>287.000</ele>
      </trkpt>
      <trkpt lat="43.350870000" lon="-0.256800000">
        <ele>287.000</ele>
      </trkpt>
      <trkpt lat="43.350800000" lon="-0.256750000">
        <ele>288.000</ele>
      </trkpt>
      <trkpt lat="43.350720000" lon="-0.256750000">
        <ele>288.000</ele>
      </trkpt>
      <trkpt lat="43.350640000" lon="-0.256790000">
        <ele>288.000</ele>
      </trkpt>
      <trkpt lat="43.350540000" lon="-0.256820000">
        <ele>288.000</ele>
      </trkpt>
      <trkpt lat="43.350440000" lon="-0.256800000">
        <ele>288.000</ele>
      </trkpt>
      <trkpt lat="43.350330000" lon="-0.256750000">
        <ele>288.000</ele>
      </trkpt>
      <trkpt lat="43.350290000" lon="-0.256700000">
        <ele>288.000</ele>
      </trkpt>
      <trkpt lat="43.350250000" lon="-0.256640000">
        <ele>288.000</ele>
      </trkpt>
      <trkpt lat="43.350120000" lon="-0.256410000">
        <ele>288.000</ele>
      </trkpt>
      <trkpt lat="43.350120000" lon="-0.256410000">
        <ele>288.000</ele>
      </trkpt>
      <trkpt lat="43.350090000" lon="-0.256370000">
        <ele>288.000</ele>
      </trkpt>
      <trkpt lat="43.349920000" lon="-0.256080000">
        <ele>287.000</ele>
      </trkpt>
      <trkpt lat="43.349800000" lon="-0.255920000">
        <ele>287.000</ele>
      </trkpt>
      <trkpt lat="43.349690000" lon="-0.255800000">
        <ele>287.000</ele>
      </trkpt>
      <trkpt lat="43.349590000" lon="-0.255710000">
        <ele>287.000</ele>
      </trkpt>
      <trkpt lat="43.349590000" lon="-0.255710000">
        <ele>287.000</ele>
      </trkpt>
      <trkpt lat="43.349560000" lon="-0.255680000">
        <ele>287.000</ele>
      </trkpt>
      <trkpt lat="43.349440000" lon="-0.255590000">
        <ele>287.000</ele>
      </trkpt>
      <trkpt lat="43.349210000" lon="-0.255450000">
        <ele>287.000</ele>
      </trkpt>
      <trkpt lat="43.348930000" lon="-0.255310000">
        <ele>287.000</ele>
      </trkpt>
      <trkpt lat="43.348110000" lon="-0.254930000">
        <ele>287.000</ele>
      </trkpt>
      <trkpt lat="43.347790000" lon="-0.254770000">
        <ele>287.000</ele>
      </trkpt>
      <trkpt lat="43.347300000" lon="-0.254540000">
        <ele>288.000</ele>
      </trkpt>
      <trkpt lat="43.346940000" lon="-0.254370000">
        <ele>288.000</ele>
      </trkpt>
      <trkpt lat="43.346600000" lon="-0.254210000">
        <ele>289.000</ele>
      </trkpt>
      <trkpt lat="43.346570000" lon="-0.254190000">
        <ele>289.000</ele>
      </trkpt>
      <trkpt lat="43.346460000" lon="-0.254130000">
        <ele>289.000</ele>
      </trkpt>
      <trkpt lat="43.346060000" lon="-0.253930000">
        <ele>290.000</ele>
      </trkpt>
      <trkpt lat="43.345750000" lon="-0.253760000">
        <ele>290.000</ele>
      </trkpt>
      <trkpt lat="43.345530000" lon="-0.253620000">
        <ele>291.000</ele>
      </trkpt>
      <trkpt lat="43.345300000" lon="-0.253480000">
        <ele>291.000</ele>
      </trkpt>
      <trkpt lat="43.345040000" lon="-0.253310000">
        <ele>291.000</ele>
      </trkpt>
      <trkpt lat="43.344740000" lon="-0.253100000">
        <ele>292.000</ele>
      </trkpt>
      <trkpt lat="43.344460000" lon="-0.252880000">
        <ele>292.000</ele>
      </trkpt>
      <trkpt lat="43.343720000" lon="-0.252310000">
        <ele>293.000</ele>
      </trkpt>
      <trkpt lat="43.343260000" lon="-0.251960000">
        <ele>294.000</ele>
      </trkpt>
      <trkpt lat="43.342900000" lon="-0.251680000">
        <ele>294.000</ele>
      </trkpt>
      <trkpt lat="43.342490000" lon="-0.251380000">
        <ele>294.000</ele>
      </trkpt>
      <trkpt lat="43.342330000" lon="-0.251260000">
        <ele>295.000</ele>
      </trkpt>
      <trkpt lat="43.342060000" lon="-0.251100000">
        <ele>295.000</ele>
      </trkpt>
      <trkpt lat="43.341890000" lon="-0.251000000">
        <ele>295.000</ele>
      </trkpt>
      <trkpt lat="43.341690000" lon="-0.250920000">
        <ele>295.000</ele>
      </trkpt>
      <trkpt lat="43.341470000" lon="-0.250840000">
        <ele>296.000</ele>
      </trkpt>
      <trkpt lat="43.341300000" lon="-0.250790000">
        <ele>296.000</ele>
      </trkpt>
      <trkpt lat="43.341140000" lon="-0.250770000">
        <ele>296.000</ele>
      </trkpt>
      <trkpt lat="43.340990000" lon="-0.250770000">
        <ele>296.000</ele>
      </trkpt>
      <trkpt lat="43.340810000" lon="-0.250770000">
        <ele>296.000</ele>
      </trkpt>
      <trkpt lat="43.340450000" lon="-0.250790000">
        <ele>297.000</ele>
      </trkpt>
      <trkpt lat="43.340310000" lon="-0.250810000">
        <ele>297.000</ele>
      </trkpt>
      <trkpt lat="43.340110000" lon="-0.250860000">
        <ele>297.000</ele>
      </trkpt>
      <trkpt lat="43.339680000" lon="-0.251040000">
        <ele>297.000</ele>
      </trkpt>
      <trkpt lat="43.339440000" lon="-0.251190000">
        <ele>298.000</ele>
      </trkpt>
      <trkpt lat="43.339180000" lon="-0.251390000">
        <ele>298.000</ele>
      </trkpt>
      <trkpt lat="43.338980000" lon="-0.251680000">
        <ele>298.000</ele>
      </trkpt>
      <trkpt lat="43.338860000" lon="-0.251880000">
        <ele>298.000</ele>
      </trkpt>
      <trkpt lat="43.338860000" lon="-0.251980000">
        <ele>298.000</ele>
      </trkpt>
      <trkpt lat="43.338840000" lon="-0.252070000">
        <ele>298.000</ele>
      </trkpt>
      <trkpt lat="43.338790000" lon="-0.252160000">
        <ele>298.000</ele>
      </trkpt>
      <trkpt lat="43.338730000" lon="-0.252210000">
        <ele>298.000</ele>
      </trkpt>
      <trkpt lat="43.338670000" lon="-0.252230000">
        <ele>298.000</ele>
      </trkpt>
      <trkpt lat="43.338610000" lon="-0.252230000">
        <ele>298.000</ele>
      </trkpt>
      <trkpt lat="43.338420000" lon="-0.252370000">
        <ele>299.000</ele>
      </trkpt>
      <trkpt lat="43.338160000" lon="-0.252730000">
        <ele>299.000</ele>
      </trkpt>
      <trkpt lat="43.338030000" lon="-0.253040000">
        <ele>299.000</ele>
      </trkpt>
      <trkpt lat="43.337920000" lon="-0.253330000">
        <ele>299.000</ele>
      </trkpt>
      <trkpt lat="43.337840000" lon="-0.253600000">
        <ele>300.000</ele>
      </trkpt>
      <trkpt lat="43.337760000" lon="-0.253900000">
        <ele>300.000</ele>
      </trkpt>
      <trkpt lat="43.337700000" lon="-0.254220000">
        <ele>300.000</ele>
      </trkpt>
      <trkpt lat="43.337670000" lon="-0.254470000">
        <ele>300.000</ele>
      </trkpt>
      <trkpt lat="43.337650000" lon="-0.254740000">
        <ele>300.000</ele>
      </trkpt>
      <trkpt lat="43.337630000" lon="-0.255050000">
        <ele>299.000</ele>
      </trkpt>
      <trkpt lat="43.337640000" lon="-0.255330000">
        <ele>299.000</ele>
      </trkpt>
      <trkpt lat="43.337650000" lon="-0.255530000">
        <ele>298.000</ele>
      </trkpt>
      <trkpt lat="43.337660000" lon="-0.255730000">
        <ele>298.000</ele>
      </trkpt>
      <trkpt lat="43.337690000" lon="-0.256010000">
        <ele>297.000</ele>
      </trkpt>
      <trkpt lat="43.337740000" lon="-0.256330000">
        <ele>297.000</ele>
      </trkpt>
      <trkpt lat="43.337810000" lon="-0.256710000">
        <ele>296.000</ele>
      </trkpt>
      <trkpt lat="43.338010000" lon="-0.257770000">
        <ele>296.000</ele>
      </trkpt>
      <trkpt lat="43.338150000" lon="-0.258550000">
        <ele>295.000</ele>
      </trkpt>
      <trkpt lat="43.338270000" lon="-0.259190000">
        <ele>295.000</ele>
      </trkpt>
      <trkpt lat="43.338330000" lon="-0.259550000">
        <ele>296.000</ele>
      </trkpt>
      <trkpt lat="43.338390000" lon="-0.260010000">
        <ele>296.000</ele>
      </trkpt>
      <trkpt lat="43.338410000" lon="-0.260310000">
        <ele>296.000</ele>
      </trkpt>
      <trkpt lat="43.338440000" lon="-0.260680000">
        <ele>296.000</ele>
      </trkpt>
      <trkpt lat="43.338460000" lon="-0.261100000">
        <ele>296.000</ele>
      </trkpt>
      <trkpt lat="43.338470000" lon="-0.261460000">
        <ele>297.000</ele>
      </trkpt>
      <trkpt lat="43.338470000" lon="-0.261700000">
        <ele>297.000</ele>
      </trkpt>
      <trkpt lat="43.338440000" lon="-0.262270000">
        <ele>298.000</ele>
      </trkpt>
      <trkpt lat="43.338380000" lon="-0.263100000">
        <ele>299.000</ele>
      </trkpt>
      <trkpt lat="43.338170000" lon="-0.264320000">
        <ele>301.000</ele>
      </trkpt>
      <trkpt lat="43.337430000" lon="-0.267150000">
        <ele>303.000</ele>
      </trkpt>
      <trkpt lat="43.337320000" lon="-0.267590000">
        <ele>305.000</ele>
      </trkpt>
      <trkpt lat="43.337050000" lon="-0.268660000">
        <ele>308.000</ele>
      </trkpt>
      <trkpt lat="43.336960000" lon="-0.269630000">
        <ele>313.000</ele>
      </trkpt>
      <trkpt lat="43.336970000" lon="-0.270000000">
        <ele>316.000</ele>
      </trkpt>
      <trkpt lat="43.337000000" lon="-0.270300000">
        <ele>319.000</ele>
      </trkpt>
      <trkpt lat="43.337120000" lon="-0.270950000">
        <ele>322.000</ele>
      </trkpt>
      <trkpt lat="43.337270000" lon="-0.271450000">
        <ele>324.000</ele>
      </trkpt>
      <trkpt lat="43.337420000" lon="-0.271970000">
        <ele>327.000</ele>
      </trkpt>
      <trkpt lat="43.337460000" lon="-0.272090000">
        <ele>329.000</ele>
      </trkpt>
      <trkpt lat="43.337510000" lon="-0.272300000">
        <ele>330.000</ele>
      </trkpt>
      <trkpt lat="43.337540000" lon="-0.272540000">
        <ele>331.000</ele>
      </trkpt>
      <trkpt lat="43.337540000" lon="-0.272720000">
        <ele>332.000</ele>
      </trkpt>
      <trkpt lat="43.337520000" lon="-0.272910000">
        <ele>332.000</ele>
      </trkpt>
      <trkpt lat="43.337500000" lon="-0.273070000">
        <ele>333.000</ele>
      </trkpt>
      <trkpt lat="43.337460000" lon="-0.273210000">
        <ele>333.000</ele>
      </trkpt>
      <trkpt lat="43.337400000" lon="-0.273340000">
        <ele>333.000</ele>
      </trkpt>
      <trkpt lat="43.337320000" lon="-0.273480000">
        <ele>333.000</ele>
      </trkpt>
      <trkpt lat="43.337250000" lon="-0.273590000">
        <ele>333.000</ele>
      </trkpt>
      <trkpt lat="43.337130000" lon="-0.273730000">
        <ele>334.000</ele>
      </trkpt>
      <trkpt lat="43.336820000" lon="-0.274030000">
        <ele>334.000</ele>
      </trkpt>
      <trkpt lat="43.336820000" lon="-0.274030000">
        <ele>334.000</ele>
      </trkpt>
      <trkpt lat="43.336740000" lon="-0.274110000">
        <ele>334.000</ele>
      </trkpt>
      <trkpt lat="43.336470000" lon="-0.274390000">
        <ele>334.000</ele>
      </trkpt>
      <trkpt lat="43.336390000" lon="-0.274490000">
        <ele>335.000</ele>
      </trkpt>
      <trkpt lat="43.336330000" lon="-0.274560000">
        <ele>335.000</ele>
      </trkpt>
      <trkpt lat="43.336300000" lon="-0.274600000">
        <ele>335.000</ele>
      </trkpt>
      <trkpt lat="43.336280000" lon="-0.274640000">
        <ele>335.000</ele>
      </trkpt>
      <trkpt lat="43.336270000" lon="-0.274670000">
        <ele>335.000</ele>
      </trkpt>
      <trkpt lat="43.336230000" lon="-0.274760000">
        <ele>335.000</ele>
      </trkpt>
      <trkpt lat="43.336200000" lon="-0.274870000">
        <ele>335.000</ele>
      </trkpt>
      <trkpt lat="43.336180000" lon="-0.274960000">
        <ele>335.000</ele>
      </trkpt>
      <trkpt lat="43.336160000" lon="-0.275050000">
        <ele>335.000</ele>
      </trkpt>
      <trkpt lat="43.336160000" lon="-0.275090000">
        <ele>335.000</ele>
      </trkpt>
      <trkpt lat="43.336150000" lon="-0.275140000">
        <ele>335.000</ele>
      </trkpt>
      <trkpt lat="43.336140000" lon="-0.275230000">
        <ele>335.000</ele>
      </trkpt>
      <trkpt lat="43.336120000" lon="-0.275280000">
        <ele>336.000</ele>
      </trkpt>
      <trkpt lat="43.336100000" lon="-0.275380000">
        <ele>336.000</ele>
      </trkpt>
      <trkpt lat="43.336070000" lon="-0.275400000">
        <ele>336.000</ele>
      </trkpt>
      <trkpt lat="43.336040000" lon="-0.275430000">
        <ele>336.000</ele>
      </trkpt>
      <trkpt lat="43.336020000" lon="-0.275460000">
        <ele>336.000</ele>
      </trkpt>
      <trkpt lat="43.336010000" lon="-0.275500000">
        <ele>336.000</ele>
      </trkpt>
      <trkpt lat="43.336000000" lon="-0.275530000">
        <ele>336.000</ele>
      </trkpt>
      <trkpt lat="43.336000000" lon="-0.275550000">
        <ele>336.000</ele>
      </trkpt>
      <trkpt lat="43.336000000" lon="-0.275590000">
        <ele>336.000</ele>
      </trkpt>
      <trkpt lat="43.336000000" lon="-0.275630000">
        <ele>336.000</ele>
      </trkpt>
      <trkpt lat="43.336020000" lon="-0.275670000">
        <ele>336.000</ele>
      </trkpt>
      <trkpt lat="43.336010000" lon="-0.275740000">
        <ele>336.000</ele>
      </trkpt>
      <trkpt lat="43.335980000" lon="-0.275920000">
        <ele>336.000</ele>
      </trkpt>
      <trkpt lat="43.335860000" lon="-0.276270000">
        <ele>336.000</ele>
      </trkpt>
      <trkpt lat="43.335790000" lon="-0.276580000">
        <ele>336.000</ele>
      </trkpt>
      <trkpt lat="43.335720000" lon="-0.276790000">
        <ele>335.000</ele>
      </trkpt>
      <trkpt lat="43.335660000" lon="-0.276930000">
        <ele>334.000</ele>
      </trkpt>
      <trkpt lat="43.335590000" lon="-0.277060000">
        <ele>333.000</ele>
      </trkpt>
      <trkpt lat="43.335470000" lon="-0.277250000">
        <ele>333.000</ele>
      </trkpt>
      <trkpt lat="43.335470000" lon="-0.277250000">
        <ele>332.000</ele>
      </trkpt>
      <trkpt lat="43.335440000" lon="-0.277300000">
        <ele>331.000</ele>
      </trkpt>
      <trkpt lat="43.335200000" lon="-0.277640000">
        <ele>330.000</ele>
      </trkpt>
      <trkpt lat="43.335060000" lon="-0.277850000">
        <ele>329.000</ele>
      </trkpt>
      <trkpt lat="43.334900000" lon="-0.278050000">
        <ele>327.000</ele>
      </trkpt>
      <trkpt lat="43.334760000" lon="-0.278190000">
        <ele>326.000</ele>
      </trkpt>
      <trkpt lat="43.334620000" lon="-0.278310000">
        <ele>325.000</ele>
      </trkpt>
      <trkpt lat="43.334530000" lon="-0.278360000">
        <ele>324.000</ele>
      </trkpt>
      <trkpt lat="43.334430000" lon="-0.278400000">
        <ele>323.000</ele>
      </trkpt>
      <trkpt lat="43.334250000" lon="-0.278440000">
        <ele>322.000</ele>
      </trkpt>
      <trkpt lat="43.334090000" lon="-0.278440000">
        <ele>321.000</ele>
      </trkpt>
      <trkpt lat="43.333950000" lon="-0.278420000">
        <ele>320.000</ele>
      </trkpt>
      <trkpt lat="43.333800000" lon="-0.278390000">
        <ele>319.000</ele>
      </trkpt>
      <trkpt lat="43.333670000" lon="-0.278360000">
        <ele>318.000</ele>
      </trkpt>
      <trkpt lat="43.333510000" lon="-0.278310000">
        <ele>317.000</ele>
      </trkpt>
      <trkpt lat="43.333350000" lon="-0.278270000">
        <ele>316.000</ele>
      </trkpt>
      <trkpt lat="43.333270000" lon="-0.278230000">
        <ele>315.000</ele>
      </trkpt>
      <trkpt lat="43.333270000" lon="-0.278230000">
        <ele>314.000</ele>
      </trkpt>
      <trkpt lat="43.333230000" lon="-0.278210000">
        <ele>314.000</ele>
      </trkpt>
      <trkpt lat="43.333160000" lon="-0.278180000">
        <ele>313.000</ele>
      </trkpt>
      <trkpt lat="43.333050000" lon="-0.278100000">
        <ele>313.000</ele>
      </trkpt>
      <trkpt lat="43.332350000" lon="-0.277580000">
        <ele>311.000</ele>
      </trkpt>
      <trkpt lat="43.332270000" lon="-0.277520000">
        <ele>309.000</ele>
      </trkpt>
      <trkpt lat="43.331810000" lon="-0.277200000">
        <ele>308.000</ele>
      </trkpt>
      <trkpt lat="43.331630000" lon="-0.277000000">
        <ele>308.000</ele>
      </trkpt>
      <trkpt lat="43.331480000" lon="-0.276790000">
        <ele>307.000</ele>
      </trkpt>
      <trkpt lat="43.331140000" lon="-0.275920000">
        <ele>307.000</ele>
      </trkpt>
      <trkpt lat="43.331090000" lon="-0.275840000">
        <ele>306.000</ele>
      </trkpt>
      <trkpt lat="43.331040000" lon="-0.275770000">
        <ele>306.000</ele>
      </trkpt>
      <trkpt lat="43.330990000" lon="-0.275730000">
        <ele>305.000</ele>
      </trkpt>
      <trkpt lat="43.330940000" lon="-0.275700000">
        <ele>305.000</ele>
      </trkpt>
      <trkpt lat="43.330900000" lon="-0.275690000">
        <ele>304.000</ele>
      </trkpt>
      <trkpt lat="43.330850000" lon="-0.275690000">
        <ele>303.000</ele>
      </trkpt>
      <trkpt lat="43.330780000" lon="-0.275700000">
        <ele>303.000</ele>
      </trkpt>
      <trkpt lat="43.330710000" lon="-0.275730000">
        <ele>302.000</ele>
      </trkpt>
      <trkpt lat="43.330630000" lon="-0.275810000">
        <ele>301.000</ele>
      </trkpt>
      <trkpt lat="43.330600000" lon="-0.275890000">
        <ele>300.000</ele>
      </trkpt>
      <trkpt lat="43.330580000" lon="-0.275970000">
        <ele>300.000</ele>
      </trkpt>
      <trkpt lat="43.330570000" lon="-0.276050000">
        <ele>299.000</ele>
      </trkpt>
      <trkpt lat="43.330570000" lon="-0.276130000">
        <ele>298.000</ele>
      </trkpt>
      <trkpt lat="43.330590000" lon="-0.276300000">
        <ele>297.000</ele>
      </trkpt>
      <trkpt lat="43.330730000" lon="-0.276900000">
        <ele>295.000</ele>
      </trkpt>
      <trkpt lat="43.330780000" lon="-0.277070000">
        <ele>293.000</ele>
      </trkpt>
      <trkpt lat="43.331040000" lon="-0.278090000">
        <ele>288.000</ele>
      </trkpt>
      <trkpt lat="43.331170000" lon="-0.278500000">
        <ele>285.000</ele>
      </trkpt>
      <trkpt lat="43.331310000" lon="-0.278860000">
        <ele>283.000</ele>
      </trkpt>
      <trkpt lat="43.331440000" lon="-0.279190000">
        <ele>281.000</ele>
      </trkpt>
      <trkpt lat="43.331510000" lon="-0.279350000">
        <ele>280.000</ele>
      </trkpt>
      <trkpt lat="43.331510000" lon="-0.279350000">
        <ele>279.000</ele>
      </trkpt>
      <trkpt lat="43.331590000" lon="-0.279510000">
        <ele>278.000</ele>
      </trkpt>
      <trkpt lat="43.332100000" lon="-0.280440000">
        <ele>277.000</ele>
      </trkpt>
      <trkpt lat="43.332270000" lon="-0.280830000">
        <ele>276.000</ele>
      </trkpt>
      <trkpt lat="43.332320000" lon="-0.281270000">
        <ele>274.000</ele>
      </trkpt>
      <trkpt lat="43.332290000" lon="-0.281570000">
        <ele>272.000</ele>
      </trkpt>
      <trkpt lat="43.332160000" lon="-0.281910000">
        <ele>270.000</ele>
      </trkpt>
      <trkpt lat="43.332040000" lon="-0.282100000">
        <ele>268.000</ele>
      </trkpt>
      <trkpt lat="43.331890000" lon="-0.282250000">
        <ele>266.000</ele>
      </trkpt>
      <trkpt lat="43.331660000" lon="-0.282390000">
        <ele>265.000</ele>
      </trkpt>
      <trkpt lat="43.331050000" lon="-0.282740000">
        <ele>262.000</ele>
      </trkpt>
      <trkpt lat="43.330750000" lon="-0.282940000">
        <ele>259.000</ele>
      </trkpt>
      <trkpt lat="43.330570000" lon="-0.283110000">
        <ele>257.000</ele>
      </trkpt>
      <trkpt lat="43.330390000" lon="-0.283310000">
        <ele>255.000</ele>
      </trkpt>
      <trkpt lat="43.330240000" lon="-0.283550000">
        <ele>254.000</ele>
      </trkpt>
      <trkpt lat="43.330090000" lon="-0.283800000">
        <ele>253.000</ele>
      </trkpt>
      <trkpt lat="43.329770000" lon="-0.284440000">
        <ele>251.000</ele>
      </trkpt>
      <trkpt lat="43.329410000" lon="-0.285230000">
        <ele>249.000</ele>
      </trkpt>
      <trkpt lat="43.328920000" lon="-0.286460000">
        <ele>247.000</ele>
      </trkpt>
      <trkpt lat="43.328860000" lon="-0.286600000">
        <ele>246.000</ele>
      </trkpt>
      <trkpt lat="43.328790000" lon="-0.286780000">
        <ele>244.000</ele>
      </trkpt>
      <trkpt lat="43.328030000" lon="-0.288680000">
        <ele>243.000</ele>
      </trkpt>
      <trkpt lat="43.327650000" lon="-0.289460000">
        <ele>242.000</ele>
      </trkpt>
      <trkpt lat="43.327340000" lon="-0.290120000">
        <ele>242.000</ele>
      </trkpt>
      <trkpt lat="43.326720000" lon="-0.291420000">
        <ele>241.000</ele>
      </trkpt>
      <trkpt lat="43.326610000" lon="-0.291650000">
        <ele>241.000</ele>
      </trkpt>
      <trkpt lat="43.326360000" lon="-0.292200000">
        <ele>241.000</ele>
      </trkpt>
      <trkpt lat="43.326240000" lon="-0.292440000">
        <ele>241.000</ele>
      </trkpt>
      <trkpt lat="43.326090000" lon="-0.292760000">
        <ele>241.000</ele>
      </trkpt>
      <trkpt lat="43.324950000" lon="-0.295130000">
        <ele>242.000</ele>
      </trkpt>
      <trkpt lat="43.324510000" lon="-0.296050000">
        <ele>242.000</ele>
      </trkpt>
      <trkpt lat="43.323760000" lon="-0.297600000">
        <ele>242.000</ele>
      </trkpt>
      <trkpt lat="43.323630000" lon="-0.297880000">
        <ele>241.000</ele>
      </trkpt>
      <trkpt lat="43.323480000" lon="-0.298150000">
        <ele>241.000</ele>
      </trkpt>
      <trkpt lat="43.323390000" lon="-0.298310000">
        <ele>241.000</ele>
      </trkpt>
      <trkpt lat="43.323310000" lon="-0.298450000">
        <ele>241.000</ele>
      </trkpt>
      <trkpt lat="43.323250000" lon="-0.298640000">
        <ele>241.000</ele>
      </trkpt>
      <trkpt lat="43.323190000" lon="-0.298740000">
        <ele>240.000</ele>
      </trkpt>
      <trkpt lat="43.323180000" lon="-0.298780000">
        <ele>240.000</ele>
      </trkpt>
      <trkpt lat="43.323170000" lon="-0.298820000">
        <ele>240.000</ele>
      </trkpt>
      <trkpt lat="43.323170000" lon="-0.298860000">
        <ele>240.000</ele>
      </trkpt>
      <trkpt lat="43.323180000" lon="-0.298960000">
        <ele>240.000</ele>
      </trkpt>
      <trkpt lat="43.323200000" lon="-0.299010000">
        <ele>240.000</ele>
      </trkpt>
      <trkpt lat="43.323210000" lon="-0.299060000">
        <ele>240.000</ele>
      </trkpt>
      <trkpt lat="43.323210000" lon="-0.299110000">
        <ele>240.000</ele>
      </trkpt>
      <trkpt lat="43.323210000" lon="-0.299160000">
        <ele>240.000</ele>
      </trkpt>
      <trkpt lat="43.323200000" lon="-0.299210000">
        <ele>240.000</ele>
      </trkpt>
      <trkpt lat="43.323170000" lon="-0.299260000">
        <ele>240.000</ele>
      </trkpt>
      <trkpt lat="43.323140000" lon="-0.299300000">
        <ele>240.000</ele>
      </trkpt>
      <trkpt lat="43.323100000" lon="-0.299330000">
        <ele>239.000</ele>
      </trkpt>
      <trkpt lat="43.323060000" lon="-0.299340000">
        <ele>239.000</ele>
      </trkpt>
      <trkpt lat="43.322980000" lon="-0.299390000">
        <ele>239.000</ele>
      </trkpt>
      <trkpt lat="43.322950000" lon="-0.299420000">
        <ele>239.000</ele>
      </trkpt>
      <trkpt lat="43.322930000" lon="-0.299460000">
        <ele>239.000</ele>
      </trkpt>
      <trkpt lat="43.322760000" lon="-0.299890000">
        <ele>239.000</ele>
      </trkpt>
      <trkpt lat="43.322550000" lon="-0.300360000">
        <ele>239.000</ele>
      </trkpt>
      <trkpt lat="43.322400000" lon="-0.300720000">
        <ele>239.000</ele>
      </trkpt>
      <trkpt lat="43.322160000" lon="-0.301330000">
        <ele>240.000</ele>
      </trkpt>
      <trkpt lat="43.322050000" lon="-0.301620000">
        <ele>240.000</ele>
      </trkpt>
      <trkpt lat="43.321950000" lon="-0.301870000">
        <ele>240.000</ele>
      </trkpt>
      <trkpt lat="43.321840000" lon="-0.302070000">
        <ele>241.000</ele>
      </trkpt>
      <trkpt lat="43.321700000" lon="-0.302320000">
        <ele>241.000</ele>
      </trkpt>
      <trkpt lat="43.321620000" lon="-0.302470000">
        <ele>241.000</ele>
      </trkpt>
      <trkpt lat="43.321570000" lon="-0.302540000">
        <ele>241.000</ele>
      </trkpt>
      <trkpt lat="43.321440000" lon="-0.302730000">
        <ele>241.000</ele>
      </trkpt>
      <trkpt lat="43.321210000" lon="-0.303070000">
        <ele>241.000</ele>
      </trkpt>
      <trkpt lat="43.321160000" lon="-0.303140000">
        <ele>241.000</ele>
      </trkpt>
      <trkpt lat="43.321130000" lon="-0.303180000">
        <ele>241.000</ele>
      </trkpt>
      <trkpt lat="43.321060000" lon="-0.303300000">
        <ele>241.000</ele>
      </trkpt>
      <trkpt lat="43.320880000" lon="-0.303640000">
        <ele>241.000</ele>
      </trkpt>
      <trkpt lat="43.320840000" lon="-0.303720000">
        <ele>241.000</ele>
      </trkpt>
      <trkpt lat="43.320770000" lon="-0.303870000">
        <ele>241.000</ele>
      </trkpt>
      <trkpt lat="43.320650000" lon="-0.304120000">
        <ele>241.000</ele>
      </trkpt>
      <trkpt lat="43.320570000" lon="-0.304290000">
        <ele>241.000</ele>
      </trkpt>
      <trkpt lat="43.320540000" lon="-0.304360000">
        <ele>241.000</ele>
      </trkpt>
      <trkpt lat="43.320450000" lon="-0.304540000">
        <ele>240.000</ele>
      </trkpt>
      <trkpt lat="43.320350000" lon="-0.304750000">
        <ele>240.000</ele>
      </trkpt>
      <trkpt lat="43.320350000" lon="-0.304750000">
        <ele>240.000</ele>
      </trkpt>
      <trkpt lat="43.320290000" lon="-0.304880000">
        <ele>240.000</ele>
      </trkpt>
      <trkpt lat="43.320060000" lon="-0.305350000">
        <ele>240.000</ele>
      </trkpt>
      <trkpt lat="43.320040000" lon="-0.305400000">
        <ele>240.000</ele>
      </trkpt>
      <trkpt lat="43.319960000" lon="-0.305570000">
        <ele>240.000</ele>
      </trkpt>
      <trkpt lat="43.319840000" lon="-0.305800000">
        <ele>240.000</ele>
      </trkpt>
      <trkpt lat="43.319700000" lon="-0.306060000">
        <ele>240.000</ele>
      </trkpt>
      <trkpt lat="43.319500000" lon="-0.306470000">
        <ele>240.000</ele>
      </trkpt>
      <trkpt lat="43.319220000" lon="-0.307100000">
        <ele>239.000</ele>
      </trkpt>
      <trkpt lat="43.319160000" lon="-0.307290000">
        <ele>239.000</ele>
      </trkpt>
      <trkpt lat="43.319150000" lon="-0.307390000">
        <ele>238.000</ele>
      </trkpt>
      <trkpt lat="43.319170000" lon="-0.307440000">
        <ele>238.000</ele>
      </trkpt>
      <trkpt lat="43.319180000" lon="-0.307500000">
        <ele>238.000</ele>
      </trkpt>
      <trkpt lat="43.319180000" lon="-0.307560000">
        <ele>238.000</ele>
      </trkpt>
      <trkpt lat="43.319180000" lon="-0.307620000">
        <ele>238.000</ele>
      </trkpt>
      <trkpt lat="43.319160000" lon="-0.307670000">
        <ele>237.000</ele>
      </trkpt>
      <trkpt lat="43.319140000" lon="-0.307720000">
        <ele>237.000</ele>
      </trkpt>
      <trkpt lat="43.319110000" lon="-0.307770000">
        <ele>237.000</ele>
      </trkpt>
      <trkpt lat="43.319080000" lon="-0.307800000">
        <ele>237.000</ele>
      </trkpt>
      <trkpt lat="43.319040000" lon="-0.307830000">
        <ele>237.000</ele>
      </trkpt>
      <trkpt lat="43.319000000" lon="-0.307840000">
        <ele>237.000</ele>
      </trkpt>
      <trkpt lat="43.318970000" lon="-0.307840000">
        <ele>237.000</ele>
      </trkpt>
      <trkpt lat="43.318940000" lon="-0.307840000">
        <ele>237.000</ele>
      </trkpt>
      <trkpt lat="43.318910000" lon="-0.307830000">
        <ele>236.000</ele>
      </trkpt>
      <trkpt lat="43.318870000" lon="-0.307880000">
        <ele>236.000</ele>
      </trkpt>
      <trkpt lat="43.318820000" lon="-0.307930000">
        <ele>236.000</ele>
      </trkpt>
      <trkpt lat="43.318750000" lon="-0.308050000">
        <ele>236.000</ele>
      </trkpt>
      <trkpt lat="43.318470000" lon="-0.308610000">
        <ele>236.000</ele>
      </trkpt>
      <trkpt lat="43.318280000" lon="-0.309000000">
        <ele>235.000</ele>
      </trkpt>
      <trkpt lat="43.318260000" lon="-0.309050000">
        <ele>235.000</ele>
      </trkpt>
      <trkpt lat="43.318170000" lon="-0.309210000">
        <ele>234.000</ele>
      </trkpt>
      <trkpt lat="43.317990000" lon="-0.309560000">
        <ele>234.000</ele>
      </trkpt>
      <trkpt lat="43.317770000" lon="-0.310010000">
        <ele>233.000</ele>
      </trkpt>
      <trkpt lat="43.317060000" lon="-0.311480000">
        <ele>232.000</ele>
      </trkpt>
      <trkpt lat="43.316990000" lon="-0.311640000">
        <ele>232.000</ele>
      </trkpt>
      <trkpt lat="43.316430000" lon="-0.312790000">
        <ele>232.000</ele>
      </trkpt>
      <trkpt lat="43.316190000" lon="-0.313280000">
        <ele>232.000</ele>
      </trkpt>
      <trkpt lat="43.316170000" lon="-0.313330000">
        <ele>232.000</ele>
      </trkpt>
      <trkpt lat="43.315800000" lon="-0.314110000">
        <ele>232.000</ele>
      </trkpt>
      <trkpt lat="43.315710000" lon="-0.314300000">
        <ele>232.000</ele>
      </trkpt>
      <trkpt lat="43.315690000" lon="-0.314330000">
        <ele>232.000</ele>
      </trkpt>
      <trkpt lat="43.315570000" lon="-0.314590000">
        <ele>232.000</ele>
      </trkpt>
      <trkpt lat="43.315540000" lon="-0.314650000">
        <ele>232.000</ele>
      </trkpt>
      <trkpt lat="43.315490000" lon="-0.314750000">
        <ele>231.000</ele>
      </trkpt>
      <trkpt lat="43.315410000" lon="-0.314930000">
        <ele>231.000</ele>
      </trkpt>
      <trkpt lat="43.315300000" lon="-0.315160000">
        <ele>231.000</ele>
      </trkpt>
      <trkpt lat="43.315200000" lon="-0.315370000">
        <ele>230.000</ele>
      </trkpt>
      <trkpt lat="43.315000000" lon="-0.315760000">
        <ele>229.000</ele>
      </trkpt>
      <trkpt lat="43.314700000" lon="-0.316380000">
        <ele>228.000</ele>
      </trkpt>
      <trkpt lat="43.314640000" lon="-0.316500000">
        <ele>228.000</ele>
      </trkpt>
      <trkpt lat="43.314330000" lon="-0.317140000">
        <ele>227.000</ele>
      </trkpt>
      <trkpt lat="43.314030000" lon="-0.317760000">
        <ele>226.000</ele>
      </trkpt>
      <trkpt lat="43.313560000" lon="-0.318710000">
        <ele>225.000</ele>
      </trkpt>
      <trkpt lat="43.313360000" lon="-0.319140000">
        <ele>225.000</ele>
      </trkpt>
      <trkpt lat="43.312430000" lon="-0.321090000">
        <ele>226.000</ele>
      </trkpt>
      <trkpt lat="43.312020000" lon="-0.321900000">
        <ele>227.000</ele>
      </trkpt>
      <trkpt lat="43.311460000" lon="-0.323110000">
        <ele>227.000</ele>
      </trkpt>
      <trkpt lat="43.311450000" lon="-0.323130000">
        <ele>228.000</ele>
      </trkpt>
      <trkpt lat="43.311430000" lon="-0.323180000">
        <ele>228.000</ele>
      </trkpt>
      <trkpt lat="43.311400000" lon="-0.323230000">
        <ele>228.000</ele>
      </trkpt>
      <trkpt lat="43.311380000" lon="-0.323340000">
        <ele>228.000</ele>
      </trkpt>
      <trkpt lat="43.311390000" lon="-0.323360000">
        <ele>228.000</ele>
      </trkpt>
      <trkpt lat="43.311400000" lon="-0.323390000">
        <ele>228.000</ele>
      </trkpt>
      <trkpt lat="43.311400000" lon="-0.323410000">
        <ele>228.000</ele>
      </trkpt>
      <trkpt lat="43.311420000" lon="-0.323480000">
        <ele>228.000</ele>
      </trkpt>
      <trkpt lat="43.311450000" lon="-0.323570000">
        <ele>228.000</ele>
      </trkpt>
      <trkpt lat="43.311580000" lon="-0.323990000">
        <ele>228.000</ele>
      </trkpt>
      <trkpt lat="43.311680000" lon="-0.324350000">
        <ele>228.000</ele>
      </trkpt>
      <trkpt lat="43.312240000" lon="-0.326440000">
        <ele>228.000</ele>
      </trkpt>
      <trkpt lat="43.312250000" lon="-0.326470000">
        <ele>228.000</ele>
      </trkpt>
      <trkpt lat="43.312260000" lon="-0.326500000">
        <ele>228.000</ele>
      </trkpt>
      <trkpt lat="43.312380000" lon="-0.326930000">
        <ele>228.000</ele>
      </trkpt>
      <trkpt lat="43.312310000" lon="-0.327100000">
        <ele>227.000</ele>
      </trkpt>
      <trkpt lat="43.312240000" lon="-0.327280000">
        <ele>227.000</ele>
      </trkpt>
      <trkpt lat="43.312230000" lon="-0.327320000">
        <ele>227.000</ele>
      </trkpt>
      <trkpt lat="43.312100000" lon="-0.327690000">
        <ele>227.000</ele>
      </trkpt>
      <trkpt lat="43.311680000" lon="-0.328840000">
        <ele>227.000</ele>
      </trkpt>
      <trkpt lat="43.311660000" lon="-0.328890000">
        <ele>227.000</ele>
      </trkpt>
      <trkpt lat="43.311370000" lon="-0.329690000">
        <ele>226.000</ele>
      </trkpt>
      <trkpt lat="43.311190000" lon="-0.330180000">
        <ele>226.000</ele>
      </trkpt>
      <trkpt lat="43.311080000" lon="-0.330490000">
        <ele>226.000</ele>
      </trkpt>
      <trkpt lat="43.311060000" lon="-0.330520000">
        <ele>226.000</ele>
      </trkpt>
      <trkpt lat="43.311010000" lon="-0.330680000">
        <ele>225.000</ele>
      </trkpt>
      <trkpt lat="43.310990000" lon="-0.330740000">
        <ele>225.000</ele>
      </trkpt>
      <trkpt lat="43.310990000" lon="-0.330740000">
        <ele>225.000</ele>
      </trkpt>
      <trkpt lat="43.310930000" lon="-0.330890000">
        <ele>225.000</ele>
      </trkpt>
      <trkpt lat="43.310920000" lon="-0.330920000">
        <ele>225.000</ele>
      </trkpt>
      <trkpt lat="43.310780000" lon="-0.331300000">
        <ele>225.000</ele>
      </trkpt>
      <trkpt lat="43.310730000" lon="-0.331430000">
        <ele>225.000</ele>
      </trkpt>
      <trkpt lat="43.310420000" lon="-0.332280000">
        <ele>224.000</ele>
      </trkpt>
      <trkpt lat="43.310400000" lon="-0.332350000">
        <ele>224.000</ele>
      </trkpt>
      <trkpt lat="43.310350000" lon="-0.332470000">
        <ele>224.000</ele>
      </trkpt>
      <trkpt lat="43.310290000" lon="-0.332650000">
        <ele>224.000</ele>
      </trkpt>
      <trkpt lat="43.310190000" lon="-0.332910000">
        <ele>224.000</ele>
      </trkpt>
      <trkpt lat="43.310140000" lon="-0.333050000">
        <ele>223.000</ele>
      </trkpt>
      <trkpt lat="43.310110000" lon="-0.333140000">
        <ele>223.000</ele>
      </trkpt>
      <trkpt lat="43.310050000" lon="-0.333300000">
        <ele>223.000</ele>
      </trkpt>
      <trkpt lat="43.309920000" lon="-0.333650000">
        <ele>223.000</ele>
      </trkpt>
      <trkpt lat="43.309870000" lon="-0.333810000">
        <ele>223.000</ele>
      </trkpt>
      <trkpt lat="43.309600000" lon="-0.334540000">
        <ele>223.000</ele>
      </trkpt>
      <trkpt lat="43.309570000" lon="-0.334630000">
        <ele>223.000</ele>
      </trkpt>
      <trkpt lat="43.309540000" lon="-0.334710000">
        <ele>223.000</ele>
      </trkpt>
      <trkpt lat="43.309510000" lon="-0.334780000">
        <ele>223.000</ele>
      </trkpt>
      <trkpt lat="43.309330000" lon="-0.335290000">
        <ele>223.000</ele>
      </trkpt>
      <trkpt lat="43.309290000" lon="-0.335390000">
        <ele>223.000</ele>
      </trkpt>
      <trkpt lat="43.308700000" lon="-0.337000000">
        <ele>223.000</ele>
      </trkpt>
      <trkpt lat="43.308630000" lon="-0.337200000">
        <ele>223.000</ele>
      </trkpt>
      <trkpt lat="43.308610000" lon="-0.337250000">
        <ele>223.000</ele>
      </trkpt>
      <trkpt lat="43.308400000" lon="-0.337820000">
        <ele>224.000</ele>
      </trkpt>
      <trkpt lat="43.308330000" lon="-0.338020000">
        <ele>224.000</ele>
      </trkpt>
      <trkpt lat="43.308210000" lon="-0.338340000">
        <ele>224.000</ele>
      </trkpt>
      <trkpt lat="43.308180000" lon="-0.338440000">
        <ele>224.000</ele>
      </trkpt>
      <trkpt lat="43.308160000" lon="-0.338490000">
        <ele>225.000</ele>
      </trkpt>
      <trkpt lat="43.308250000" lon="-0.338580000">
        <ele>225.000</ele>
      </trkpt>
      <trkpt lat="43.308310000" lon="-0.338700000">
        <ele>225.000</ele>
      </trkpt>
      <trkpt lat="43.308340000" lon="-0.338850000">
        <ele>225.000</ele>
      </trkpt>
      <trkpt lat="43.308330000" lon="-0.338990000">
        <ele>225.000</ele>
      </trkpt>
      <trkpt lat="43.308300000" lon="-0.339110000">
        <ele>225.000</ele>
      </trkpt>
      <trkpt lat="43.308250000" lon="-0.339200000">
        <ele>225.000</ele>
      </trkpt>
      <trkpt lat="43.308180000" lon="-0.339280000">
        <ele>225.000</ele>
      </trkpt>
      <trkpt lat="43.308100000" lon="-0.339320000">
        <ele>225.000</ele>
      </trkpt>
      <trkpt lat="43.308150000" lon="-0.339520000">
        <ele>225.000</ele>
      </trkpt>
      <trkpt lat="43.308180000" lon="-0.339620000">
        <ele>225.000</ele>
      </trkpt>
      <trkpt lat="43.308240000" lon="-0.339870000">
        <ele>225.000</ele>
      </trkpt>
      <trkpt lat="43.308320000" lon="-0.340150000">
        <ele>225.000</ele>
      </trkpt>
      <trkpt lat="43.308370000" lon="-0.340300000">
        <ele>225.000</ele>
      </trkpt>
      <trkpt lat="43.308410000" lon="-0.340450000">
        <ele>225.000</ele>
      </trkpt>
      <trkpt lat="43.308560000" lon="-0.341030000">
        <ele>225.000</ele>
      </trkpt>
      <trkpt lat="43.308610000" lon="-0.341200000">
        <ele>225.000</ele>
      </trkpt>
      <trkpt lat="43.308690000" lon="-0.341480000">
        <ele>225.000</ele>
      </trkpt>
      <trkpt lat="43.308800000" lon="-0.341930000">
        <ele>224.000</ele>
      </trkpt>
      <trkpt lat="43.308820000" lon="-0.341990000">
        <ele>224.000</ele>
      </trkpt>
      <trkpt lat="43.308910000" lon="-0.342550000">
        <ele>224.000</ele>
      </trkpt>
      <trkpt lat="43.308960000" lon="-0.342860000">
        <ele>224.000</ele>
      </trkpt>
      <trkpt lat="43.309070000" lon="-0.343480000">
        <ele>223.000</ele>
      </trkpt>
      <trkpt lat="43.309110000" lon="-0.343660000">
        <ele>223.000</ele>
      </trkpt>
      <trkpt lat="43.309130000" lon="-0.343710000">
        <ele>222.000</ele>
      </trkpt>
      <trkpt lat="43.309150000" lon="-0.343780000">
        <ele>222.000</ele>
      </trkpt>
      <trkpt lat="43.309240000" lon="-0.343970000">
        <ele>222.000</ele>
      </trkpt>
      <trkpt lat="43.309250000" lon="-0.344000000">
        <ele>222.000</ele>
      </trkpt>
      <trkpt lat="43.309260000" lon="-0.344020000">
        <ele>222.000</ele>
      </trkpt>
      <trkpt lat="43.309310000" lon="-0.344140000">
        <ele>222.000</ele>
      </trkpt>
      <trkpt lat="43.309370000" lon="-0.344300000">
        <ele>221.000</ele>
      </trkpt>
      <trkpt lat="43.309380000" lon="-0.344340000">
        <ele>221.000</ele>
      </trkpt>
      <trkpt lat="43.309480000" lon="-0.344600000">
        <ele>221.000</ele>
      </trkpt>
      <trkpt lat="43.309890000" lon="-0.345730000">
        <ele>221.000</ele>
      </trkpt>
      <trkpt lat="43.309910000" lon="-0.345790000">
        <ele>221.000</ele>
      </trkpt>
      <trkpt lat="43.310010000" lon="-0.346060000">
        <ele>220.000</ele>
      </trkpt>
      <trkpt lat="43.310030000" lon="-0.346090000">
        <ele>220.000</ele>
      </trkpt>
      <trkpt lat="43.310150000" lon="-0.346420000">
        <ele>220.000</ele>
      </trkpt>
      <trkpt lat="43.310160000" lon="-0.346450000">
        <ele>220.000</ele>
      </trkpt>
      <trkpt lat="43.310190000" lon="-0.346520000">
        <ele>220.000</ele>
      </trkpt>
      <trkpt lat="43.310220000" lon="-0.346610000">
        <ele>220.000</ele>
      </trkpt>
      <trkpt lat="43.310260000" lon="-0.346730000">
        <ele>219.000</ele>
      </trkpt>
      <trkpt lat="43.310280000" lon="-0.346800000">
        <ele>219.000</ele>
      </trkpt>
      <trkpt lat="43.310300000" lon="-0.346850000">
        <ele>219.000</ele>
      </trkpt>
      <trkpt lat="43.310310000" lon="-0.346880000">
        <ele>219.000</ele>
      </trkpt>
      <trkpt lat="43.310360000" lon="-0.347030000">
        <ele>219.000</ele>
      </trkpt>
      <trkpt lat="43.310400000" lon="-0.347170000">
        <ele>219.000</ele>
      </trkpt>
      <trkpt lat="43.310590000" lon="-0.347740000">
        <ele>219.000</ele>
      </trkpt>
      <trkpt lat="43.310700000" lon="-0.348070000">
        <ele>218.000</ele>
      </trkpt>
      <trkpt lat="43.310810000" lon="-0.348960000">
        <ele>218.000</ele>
      </trkpt>
      <trkpt lat="43.310880000" lon="-0.349530000">
        <ele>217.000</ele>
      </trkpt>
      <trkpt lat="43.310900000" lon="-0.349780000">
        <ele>217.000</ele>
      </trkpt>
      <trkpt lat="43.310920000" lon="-0.349870000">
        <ele>218.000</ele>
      </trkpt>
      <trkpt lat="43.310920000" lon="-0.349950000">
        <ele>218.000</ele>
      </trkpt>
      <trkpt lat="43.310970000" lon="-0.350390000">
        <ele>218.000</ele>
      </trkpt>
      <trkpt lat="43.310990000" lon="-0.350800000">
        <ele>218.000</ele>
      </trkpt>
      <trkpt lat="43.310990000" lon="-0.351370000">
        <ele>219.000</ele>
      </trkpt>
      <trkpt lat="43.310990000" lon="-0.351440000">
        <ele>219.000</ele>
      </trkpt>
      <trkpt lat="43.311000000" lon="-0.351480000">
        <ele>219.000</ele>
      </trkpt>
      <trkpt lat="43.311000000" lon="-0.351500000">
        <ele>219.000</ele>
      </trkpt>
      <trkpt lat="43.311000000" lon="-0.351770000">
        <ele>219.000</ele>
      </trkpt>
      <trkpt lat="43.311000000" lon="-0.351950000">
        <ele>219.000</ele>
      </trkpt>
      <trkpt lat="43.311010000" lon="-0.351970000">
        <ele>219.000</ele>
      </trkpt>
      <trkpt lat="43.311010000" lon="-0.352020000">
        <ele>219.000</ele>
      </trkpt>
      <trkpt lat="43.311010000" lon="-0.352220000">
        <ele>219.000</ele>
      </trkpt>
      <trkpt lat="43.311020000" lon="-0.352690000">
        <ele>218.000</ele>
      </trkpt>
      <trkpt lat="43.311100000" lon="-0.353810000">
        <ele>217.000</ele>
      </trkpt>
      <trkpt lat="43.311110000" lon="-0.353850000">
        <ele>217.000</ele>
      </trkpt>
      <trkpt lat="43.311110000" lon="-0.353890000">
        <ele>216.000</ele>
      </trkpt>
      <trkpt lat="43.311110000" lon="-0.353920000">
        <ele>216.000</ele>
      </trkpt>
      <trkpt lat="43.311130000" lon="-0.354080000">
        <ele>216.000</ele>
      </trkpt>
      <trkpt lat="43.311130000" lon="-0.354170000">
        <ele>216.000</ele>
      </trkpt>
      <trkpt lat="43.311150000" lon="-0.354410000">
        <ele>216.000</ele>
      </trkpt>
      <trkpt lat="43.311150000" lon="-0.354450000">
        <ele>216.000</ele>
      </trkpt>
      <trkpt lat="43.311160000" lon="-0.354520000">
        <ele>216.000</ele>
      </trkpt>
      <trkpt lat="43.311160000" lon="-0.354560000">
        <ele>216.000</ele>
      </trkpt>
      <trkpt lat="43.311180000" lon="-0.354890000">
        <ele>216.000</ele>
      </trkpt>
      <trkpt lat="43.311200000" lon="-0.355190000">
        <ele>216.000</ele>
      </trkpt>
      <trkpt lat="43.311220000" lon="-0.355390000">
        <ele>216.000</ele>
      </trkpt>
      <trkpt lat="43.311230000" lon="-0.355520000">
        <ele>216.000</ele>
      </trkpt>
      <trkpt lat="43.311270000" lon="-0.356070000">
        <ele>216.000</ele>
      </trkpt>
      <trkpt lat="43.311280000" lon="-0.356300000">
        <ele>216.000</ele>
      </trkpt>
      <trkpt lat="43.311290000" lon="-0.356340000">
        <ele>216.000</ele>
      </trkpt>
      <trkpt lat="43.311290000" lon="-0.356350000">
        <ele>216.000</ele>
      </trkpt>
      <trkpt lat="43.311290000" lon="-0.356430000">
        <ele>216.000</ele>
      </trkpt>
      <trkpt lat="43.311270000" lon="-0.356650000">
        <ele>216.000</ele>
      </trkpt>
      <trkpt lat="43.311260000" lon="-0.356700000">
        <ele>216.000</ele>
      </trkpt>
      <trkpt lat="43.311200000" lon="-0.357310000">
        <ele>216.000</ele>
      </trkpt>
      <trkpt lat="43.311190000" lon="-0.357390000">
        <ele>216.000</ele>
      </trkpt>
      <trkpt lat="43.311150000" lon="-0.357810000">
        <ele>216.000</ele>
      </trkpt>
      <trkpt lat="43.311160000" lon="-0.357970000">
        <ele>216.000</ele>
      </trkpt>
      <trkpt lat="43.311170000" lon="-0.358110000">
        <ele>216.000</ele>
      </trkpt>
      <trkpt lat="43.311180000" lon="-0.358320000">
        <ele>216.000</ele>
      </trkpt>
      <trkpt lat="43.311190000" lon="-0.358540000">
        <ele>216.000</ele>
      </trkpt>
      <trkpt lat="43.311190000" lon="-0.358540000">
        <ele>216.000</ele>
      </trkpt>
      <trkpt lat="43.311190000" lon="-0.358550000">
        <ele>216.000</ele>
      </trkpt>
      <trkpt lat="43.311200000" lon="-0.358600000">
        <ele>216.000</ele>
      </trkpt>
      <trkpt lat="43.311210000" lon="-0.358730000">
        <ele>216.000</ele>
      </trkpt>
      <trkpt lat="43.311200000" lon="-0.358940000">
        <ele>216.000</ele>
      </trkpt>
      <trkpt lat="43.311200000" lon="-0.359050000">
        <ele>216.000</ele>
      </trkpt>
      <trkpt lat="43.311190000" lon="-0.359370000">
        <ele>216.000</ele>
      </trkpt>
      <trkpt lat="43.311190000" lon="-0.359440000">
        <ele>216.000</ele>
      </trkpt>
      <trkpt lat="43.311190000" lon="-0.359550000">
        <ele>216.000</ele>
      </trkpt>
      <trkpt lat="43.311180000" lon="-0.359710000">
        <ele>216.000</ele>
      </trkpt>
      <trkpt lat="43.311170000" lon="-0.359740000">
        <ele>216.000</ele>
      </trkpt>
      <trkpt lat="43.311160000" lon="-0.359870000">
        <ele>216.000</ele>
      </trkpt>
      <trkpt lat="43.311150000" lon="-0.360100000">
        <ele>216.000</ele>
      </trkpt>
      <trkpt lat="43.311140000" lon="-0.360350000">
        <ele>216.000</ele>
      </trkpt>
      <trkpt lat="43.311130000" lon="-0.360810000">
        <ele>216.000</ele>
      </trkpt>
      <trkpt lat="43.311130000" lon="-0.361020000">
        <ele>216.000</ele>
      </trkpt>
      <trkpt lat="43.311130000" lon="-0.361290000">
        <ele>216.000</ele>
      </trkpt>
      <trkpt lat="43.311140000" lon="-0.361580000">
        <ele>216.000</ele>
      </trkpt>
      <trkpt lat="43.311160000" lon="-0.361930000">
        <ele>215.000</ele>
      </trkpt>
      <trkpt lat="43.311190000" lon="-0.362400000">
        <ele>215.000</ele>
      </trkpt>
      <trkpt lat="43.311190000" lon="-0.362460000">
        <ele>215.000</ele>
      </trkpt>
      <trkpt lat="43.311200000" lon="-0.362610000">
        <ele>215.000</ele>
      </trkpt>
      <trkpt lat="43.311140000" lon="-0.362660000">
        <ele>215.000</ele>
      </trkpt>
      <trkpt lat="43.311100000" lon="-0.362720000">
        <ele>215.000</ele>
      </trkpt>
      <trkpt lat="43.311070000" lon="-0.362790000">
        <ele>215.000</ele>
      </trkpt>
      <trkpt lat="43.311060000" lon="-0.362870000">
        <ele>215.000</ele>
      </trkpt>
      <trkpt lat="43.311060000" lon="-0.362950000">
        <ele>215.000</ele>
      </trkpt>
      <trkpt lat="43.311060000" lon="-0.362990000">
        <ele>215.000</ele>
      </trkpt>
      <trkpt lat="43.311070000" lon="-0.363030000">
        <ele>214.000</ele>
      </trkpt>
      <trkpt lat="43.311080000" lon="-0.363080000">
        <ele>214.000</ele>
      </trkpt>
      <trkpt lat="43.311090000" lon="-0.363090000">
        <ele>214.000</ele>
      </trkpt>
      <trkpt lat="43.311120000" lon="-0.363140000">
        <ele>214.000</ele>
      </trkpt>
      <trkpt lat="43.311170000" lon="-0.363210000">
        <ele>214.000</ele>
      </trkpt>
      <trkpt lat="43.311210000" lon="-0.363310000">
        <ele>214.000</ele>
      </trkpt>
      <trkpt lat="43.311230000" lon="-0.363400000">
        <ele>214.000</ele>
      </trkpt>
      <trkpt lat="43.311240000" lon="-0.363440000">
        <ele>214.000</ele>
      </trkpt>
      <trkpt lat="43.311270000" lon="-0.363760000">
        <ele>214.000</ele>
      </trkpt>
      <trkpt lat="43.311300000" lon="-0.364220000">
        <ele>214.000</ele>
      </trkpt>
      <trkpt lat="43.311310000" lon="-0.364280000">
        <ele>214.000</ele>
      </trkpt>
      <trkpt lat="43.311310000" lon="-0.364340000">
        <ele>214.000</ele>
      </trkpt>
      <trkpt lat="43.311330000" lon="-0.364550000">
        <ele>214.000</ele>
      </trkpt>
      <trkpt lat="43.311340000" lon="-0.364680000">
        <ele>214.000</ele>
      </trkpt>
      <trkpt lat="43.311370000" lon="-0.365120000">
        <ele>214.000</ele>
      </trkpt>
      <trkpt lat="43.311390000" lon="-0.365460000">
        <ele>214.000</ele>
      </trkpt>
      <trkpt lat="43.311390000" lon="-0.365520000">
        <ele>214.000</ele>
      </trkpt>
      <trkpt lat="43.311400000" lon="-0.365650000">
        <ele>214.000</ele>
      </trkpt>
      <trkpt lat="43.311360000" lon="-0.365940000">
        <ele>214.000</ele>
      </trkpt>
      <trkpt lat="43.311340000" lon="-0.365970000">
        <ele>214.000</ele>
      </trkpt>
      <trkpt lat="43.311330000" lon="-0.366000000">
        <ele>214.000</ele>
      </trkpt>
      <trkpt lat="43.311220000" lon="-0.366260000">
        <ele>214.000</ele>
      </trkpt>
      <trkpt lat="43.311170000" lon="-0.366380000">
        <ele>214.000</ele>
      </trkpt>
      <trkpt lat="43.310950000" lon="-0.366880000">
        <ele>214.000</ele>
      </trkpt>
      <trkpt lat="43.310890000" lon="-0.367040000">
        <ele>214.000</ele>
      </trkpt>
      <trkpt lat="43.310730000" lon="-0.367440000">
        <ele>214.000</ele>
      </trkpt>
      <trkpt lat="43.310660000" lon="-0.367610000">
        <ele>214.000</ele>
      </trkpt>
      <trkpt lat="43.310620000" lon="-0.367710000">
        <ele>214.000</ele>
      </trkpt>
      <trkpt lat="43.310580000" lon="-0.367820000">
        <ele>214.000</ele>
      </trkpt>
      <trkpt lat="43.310530000" lon="-0.367920000">
        <ele>214.000</ele>
      </trkpt>
      <trkpt lat="43.310380000" lon="-0.368290000">
        <ele>214.000</ele>
      </trkpt>
      <trkpt lat="43.310300000" lon="-0.368490000">
        <ele>213.000</ele>
      </trkpt>
      <trkpt lat="43.310170000" lon="-0.368800000">
        <ele>213.000</ele>
      </trkpt>
      <trkpt lat="43.310110000" lon="-0.368940000">
        <ele>213.000</ele>
      </trkpt>
      <trkpt lat="43.310100000" lon="-0.368960000">
        <ele>213.000</ele>
      </trkpt>
      <trkpt lat="43.310090000" lon="-0.368990000">
        <ele>213.000</ele>
      </trkpt>
      <trkpt lat="43.310050000" lon="-0.369070000">
        <ele>213.000</ele>
      </trkpt>
      <trkpt lat="43.309980000" lon="-0.369250000">
        <ele>213.000</ele>
      </trkpt>
      <trkpt lat="43.309970000" lon="-0.369270000">
        <ele>213.000</ele>
      </trkpt>
      <trkpt lat="43.309960000" lon="-0.369300000">
        <ele>213.000</ele>
      </trkpt>
      <trkpt lat="43.309850000" lon="-0.369550000">
        <ele>213.000</ele>
      </trkpt>
      <trkpt lat="43.309840000" lon="-0.369570000">
        <ele>213.000</ele>
      </trkpt>
      <trkpt lat="43.309820000" lon="-0.369610000">
        <ele>213.000</ele>
      </trkpt>
      <trkpt lat="43.309760000" lon="-0.369760000">
        <ele>213.000</ele>
      </trkpt>
      <trkpt lat="43.309720000" lon="-0.369840000">
        <ele>213.000</ele>
      </trkpt>
      <trkpt lat="43.309720000" lon="-0.369860000">
        <ele>213.000</ele>
      </trkpt>
      <trkpt lat="43.309700000" lon="-0.369890000">
        <ele>213.000</ele>
      </trkpt>
      <trkpt lat="43.309570000" lon="-0.370210000">
        <ele>213.000</ele>
      </trkpt>
      <trkpt lat="43.309340000" lon="-0.370780000">
        <ele>213.000</ele>
      </trkpt>
      <trkpt lat="43.309270000" lon="-0.370950000">
        <ele>213.000</ele>
      </trkpt>
      <trkpt lat="43.309210000" lon="-0.371130000">
        <ele>213.000</ele>
      </trkpt>
      <trkpt lat="43.309160000" lon="-0.371280000">
        <ele>213.000</ele>
      </trkpt>
      <trkpt lat="43.309150000" lon="-0.371290000">
        <ele>212.000</ele>
      </trkpt>
      <trkpt lat="43.309020000" lon="-0.371660000">
        <ele>212.000</ele>
      </trkpt>
      <trkpt lat="43.308990000" lon="-0.371760000">
        <ele>212.000</ele>
      </trkpt>
      <trkpt lat="43.308810000" lon="-0.372430000">
        <ele>212.000</ele>
      </trkpt>
      <trkpt lat="43.308790000" lon="-0.372510000">
        <ele>211.000</ele>
      </trkpt>
      <trkpt lat="43.308760000" lon="-0.372650000">
        <ele>211.000</ele>
      </trkpt>
      <trkpt lat="43.308680000" lon="-0.372970000">
        <ele>210.000</ele>
      </trkpt>
      <trkpt lat="43.308630000" lon="-0.373190000">
        <ele>210.000</ele>
      </trkpt>
      <trkpt lat="43.308460000" lon="-0.374160000">
        <ele>209.000</ele>
      </trkpt>
      <trkpt lat="43.308440000" lon="-0.374290000">
        <ele>209.000</ele>
      </trkpt>
      <trkpt lat="43.308410000" lon="-0.374450000">
        <ele>208.000</ele>
      </trkpt>
      <trkpt lat="43.308220000" lon="-0.375610000">
        <ele>208.000</ele>
      </trkpt>
      <trkpt lat="43.308190000" lon="-0.375790000">
        <ele>208.000</ele>
      </trkpt>
      <trkpt lat="43.308130000" lon="-0.376300000">
        <ele>208.000</ele>
      </trkpt>
      <trkpt lat="43.308130000" lon="-0.376340000">
        <ele>208.000</ele>
      </trkpt>
      <trkpt lat="43.308120000" lon="-0.376460000">
        <ele>208.000</ele>
      </trkpt>
      <trkpt lat="43.308100000" lon="-0.376610000">
        <ele>208.000</ele>
      </trkpt>
      <trkpt lat="43.308020000" lon="-0.376590000">
        <ele>208.000</ele>
      </trkpt>
      <trkpt lat="43.308000000" lon="-0.376590000">
        <ele>208.000</ele>
      </trkpt>
      <trkpt lat="43.307960000" lon="-0.376580000">
        <ele>209.000</ele>
      </trkpt>
      <trkpt lat="43.307600000" lon="-0.376510000">
        <ele>209.000</ele>
      </trkpt>
      <trkpt lat="43.307480000" lon="-0.376480000">
        <ele>209.000</ele>
      </trkpt>
      <trkpt lat="43.307400000" lon="-0.376470000">
        <ele>209.000</ele>
      </trkpt>
      <trkpt lat="43.307400000" lon="-0.376470000">
        <ele>209.000</ele>
      </trkpt>
      <trkpt lat="43.307310000" lon="-0.376450000">
        <ele>209.000</ele>
      </trkpt>
      <trkpt lat="43.307200000" lon="-0.376430000">
        <ele>209.000</ele>
      </trkpt>
      <trkpt lat="43.307010000" lon="-0.376390000">
        <ele>209.000</ele>
      </trkpt>
      <trkpt lat="43.306900000" lon="-0.376380000">
        <ele>209.000</ele>
      </trkpt>
      <trkpt lat="43.306600000" lon="-0.376320000">
        <ele>209.000</ele>
      </trkpt>
      <trkpt lat="43.306350000" lon="-0.376280000">
        <ele>209.000</ele>
      </trkpt>
      <trkpt lat="43.306110000" lon="-0.376220000">
        <ele>209.000</ele>
      </trkpt>
      <trkpt lat="43.306030000" lon="-0.376200000">
        <ele>209.000</ele>
      </trkpt>
      <trkpt lat="43.305930000" lon="-0.376190000">
        <ele>209.000</ele>
      </trkpt>
      <trkpt lat="43.305820000" lon="-0.376170000">
        <ele>209.000</ele>
      </trkpt>
      <trkpt lat="43.305780000" lon="-0.376160000">
        <ele>209.000</ele>
      </trkpt>
      <trkpt lat="43.305740000" lon="-0.376160000">
        <ele>209.000</ele>
      </trkpt>
      <trkpt lat="43.305710000" lon="-0.376170000">
        <ele>208.000</ele>
      </trkpt>
      <trkpt lat="43.305650000" lon="-0.376220000">
        <ele>208.000</ele>
      </trkpt>
      <trkpt lat="43.305600000" lon="-0.376280000">
        <ele>208.000</ele>
      </trkpt>
      <trkpt lat="43.305590000" lon="-0.376310000">
        <ele>208.000</ele>
      </trkpt>
      <trkpt lat="43.305480000" lon="-0.376340000">
        <ele>208.000</ele>
      </trkpt>
      <trkpt lat="43.305450000" lon="-0.376370000">
        <ele>207.000</ele>
      </trkpt>
      <trkpt lat="43.305420000" lon="-0.376400000">
        <ele>207.000</ele>
      </trkpt>
      <trkpt lat="43.305410000" lon="-0.376410000">
        <ele>207.000</ele>
      </trkpt>
      <trkpt lat="43.305380000" lon="-0.376430000">
        <ele>207.000</ele>
      </trkpt>
      <trkpt lat="43.305350000" lon="-0.376450000">
        <ele>207.000</ele>
      </trkpt>
      <trkpt lat="43.305250000" lon="-0.376550000">
        <ele>207.000</ele>
      </trkpt>
      <trkpt lat="43.305120000" lon="-0.376670000">
        <ele>206.000</ele>
      </trkpt>
      <trkpt lat="43.305000000" lon="-0.376790000">
        <ele>206.000</ele>
      </trkpt>
      <trkpt lat="43.304950000" lon="-0.376840000">
        <ele>206.000</ele>
      </trkpt>
      <trkpt lat="43.304780000" lon="-0.377000000">
        <ele>205.000</ele>
      </trkpt>
      <trkpt lat="43.304600000" lon="-0.377180000">
        <ele>205.000</ele>
      </trkpt>
      <trkpt lat="43.304560000" lon="-0.377220000">
        <ele>204.000</ele>
      </trkpt>
      <trkpt lat="43.304230000" lon="-0.377540000">
        <ele>204.000</ele>
      </trkpt>
      <trkpt lat="43.304140000" lon="-0.377630000">
        <ele>204.000</ele>
      </trkpt>
      <trkpt lat="43.304080000" lon="-0.377690000">
        <ele>204.000</ele>
      </trkpt>
      <trkpt lat="43.303590000" lon="-0.378160000">
        <ele>205.000</ele>
      </trkpt>
      <trkpt lat="43.303540000" lon="-0.378100000">
        <ele>205.000</ele>
      </trkpt>
      <trkpt lat="43.303470000" lon="-0.378050000">
        <ele>206.000</ele>
      </trkpt>
      <trkpt lat="43.303290000" lon="-0.377960000">
        <ele>206.000</ele>
      </trkpt>
      <trkpt lat="43.303220000" lon="-0.377930000">
        <ele>206.000</ele>
      </trkpt>
      <trkpt lat="43.303180000" lon="-0.377910000">
        <ele>206.000</ele>
      </trkpt>
      <trkpt lat="43.303120000" lon="-0.377900000">
        <ele>206.000</ele>
      </trkpt>
      <trkpt lat="43.303050000" lon="-0.377880000">
        <ele>207.000</ele>
      </trkpt>
      <trkpt lat="43.303050000" lon="-0.377880000">
        <ele>207.000</ele>
      </trkpt>
      <trkpt lat="43.302770000" lon="-0.377820000">
        <ele>207.000</ele>
      </trkpt>
      <trkpt lat="43.302710000" lon="-0.377800000">
        <ele>207.000</ele>
      </trkpt>
      <trkpt lat="43.302660000" lon="-0.377790000">
        <ele>207.000</ele>
      </trkpt>
      <trkpt lat="43.302230000" lon="-0.377690000">
        <ele>208.000</ele>
      </trkpt>
      <trkpt lat="43.301800000" lon="-0.377570000">
        <ele>208.000</ele>
      </trkpt>
      <trkpt lat="43.301760000" lon="-0.377560000">
        <ele>208.000</ele>
      </trkpt>
      <trkpt lat="43.301710000" lon="-0.377550000">
        <ele>208.000</ele>
      </trkpt>
      <trkpt lat="43.301070000" lon="-0.377400000">
        <ele>209.000</ele>
      </trkpt>
      <trkpt lat="43.301000000" lon="-0.377390000">
        <ele>209.000</ele>
      </trkpt>
      <trkpt lat="43.300940000" lon="-0.377380000">
        <ele>209.000</ele>
      </trkpt>
      <trkpt lat="43.300420000" lon="-0.377250000">
        <ele>209.000</ele>
      </trkpt>
      <trkpt lat="43.300400000" lon="-0.377240000">
        <ele>208.000</ele>
      </trkpt>
      <trkpt lat="43.300370000" lon="-0.377240000">
        <ele>208.000</ele>
      </trkpt>
      <trkpt lat="43.300370000" lon="-0.377240000">
        <ele>208.000</ele>
      </trkpt>
      <trkpt lat="43.299890000" lon="-0.377110000">
        <ele>207.000</ele>
      </trkpt>
      <trkpt lat="43.299890000" lon="-0.377110000">
        <ele>207.000</ele>
      </trkpt>
      <trkpt lat="43.298620000" lon="-0.376900000">
        <ele>205.000</ele>
      </trkpt>
    </trkseg>
  </trk>
</gpx>
